Gathered number of frames_epoch,Gathered number of frames_step,epoch,lr,step,train_feature_penalty_epoch,train_feature_penalty_step,train_loss_epoch,train_loss_step,train_masked_accuracy_epoch,train_masked_accuracy_step,train_unmasked_accuracy_epoch,train_unmasked_accuracy_step
,5460.0,0,1.6000000186977559e-06,49,,0.221597358584404,,4.35540246963501,,0.07688400149345398,,0.04446542263031006
,5456.0,0,3.2000000373955118e-06,99,,0.24234363436698914,,4.335776329040527,,0.12279456853866577,,0.10559114068746567
,5460.0,0,4.800000169780105e-06,149,,0.3319225609302521,,4.2283406257629395,,0.14054396748542786,,0.12820188701152802
,5340.0,0,6.4000000747910235e-06,199,,0.65006023645401,,4.328065872192383,,0.15198048949241638,,0.14211907982826233
,5436.0,0,7.999999979801942e-06,249,,0.5045701861381531,,3.6280009746551514,,0.16434578597545624,,0.15631011128425598
,5536.0,0,9.60000033956021e-06,299,,0.7059852480888367,,4.203506946563721,,0.17350491881370544,,0.16541215777397156
,5408.0,0,1.1199999789823778e-05,349,,0.5471433997154236,,3.3990354537963867,,0.1836690604686737,,0.1726062297821045
,5468.0,0,1.2800000149582047e-05,399,,0.5862168669700623,,3.7847774028778076,,0.1899840384721756,,0.17493893206119537
,5404.0,0,1.4399999599845614e-05,449,,0.9984011650085449,,3.4446051120758057,,0.1983763873577118,,0.1774580180644989
,5612.0,0,1.5999999959603883e-05,499,,1.1633292436599731,,3.542128801345825,,0.2047598659992218,,0.1791786551475525
,5560.0,0,1.759999940986745e-05,549,,1.4202053546905518,,4.521424770355225,,0.21156741678714752,,0.18058620393276215
,5516.0,0,1.920000067912042e-05,599,,1.2601473331451416,,3.6777637004852295,,0.21798503398895264,,0.18247127532958984
,5400.0,0,2.080000012938399e-05,649,,1.3912945985794067,,3.782029628753662,,0.22370342910289764,,0.18420059978961945
,5468.0,0,2.2399999579647556e-05,699,,1.0533480644226074,,3.0409436225891113,,0.22982850670814514,,0.18601740896701813
,5512.0,0,2.4000000848900527e-05,749,,1.2974106073379517,,3.5099709033966064,,0.2350720912218094,,0.1879366934299469
,5444.0,0,2.5600000299164094e-05,799,,1.5217052698135376,,3.6044180393218994,,0.24041171371936798,,0.1895923614501953
,5468.0,0,2.719999974942766e-05,849,,1.3534713983535767,,3.058756113052368,,0.2455754578113556,,0.19178900122642517
,5516.0,0,2.879999919969123e-05,899,,1.2041590213775635,,3.3168625831604004,,0.2516074776649475,,0.1945374608039856
,5416.0,0,3.04000004689442e-05,949,,2.0435335636138916,,3.770845413208008,,0.2565288841724396,,0.1965806484222412
,5540.0,0,3.199999991920777e-05,999,,1.942494511604309,,3.4622647762298584,,0.26100021600723267,,0.19763611257076263
,5464.0,0,3.360000118846074e-05,1049,,1.1132969856262207,,2.7488768100738525,,0.26570719480514526,,0.19887660443782806
,5364.0,0,3.51999988197349e-05,1099,,1.9146156311035156,,2.9617810249328613,,0.26966893672943115,,0.19960306584835052
,5500.0,0,3.680000008898787e-05,1149,,1.9377385377883911,,3.2425954341888428,,0.2743525207042694,,0.20066481828689575
,5568.0,0,3.840000135824084e-05,1199,,2.13957142829895,,3.153618574142456,,0.27843719720840454,,0.20080162584781647
,5508.0,0,3.9999998989515007e-05,1249,,1.1548619270324707,,2.5919363498687744,,0.2823202908039093,,0.20069435238838196
,5408.0,0,4.160000025876798e-05,1299,,1.1097913980484009,,2.9333608150482178,,0.2858874201774597,,0.20099037885665894
5465.81298828125,,0,,1300,1.0881704092025757,,3.614140748977661,,0.21106348931789398,,0.17070592939853668,
,5440.0,1,4.320000152802095e-05,1349,,1.4222666025161743,,2.9566545486450195,,0.28936487436294556,,0.20069441199302673
,5444.0,1,4.479999915929511e-05,1399,,1.460729956626892,,2.710874080657959,,0.29328709840774536,,0.20018857717514038
,5396.0,1,4.640000042854808e-05,1449,,1.4839762449264526,,2.4221248626708984,,0.29679179191589355,,0.1997128129005432
,5552.0,1,4.8000001697801054e-05,1499,,1.8762824535369873,,3.381636142730713,,0.300143837928772,,0.19878363609313965
,5524.0,1,4.959999932907522e-05,1549,,1.0968595743179321,,2.470665693283081,,0.3036753833293915,,0.19707706570625305
,5392.0,1,5.120000059832819e-05,1599,,1.4985722303390503,,3.1338140964508057,,0.306677907705307,,0.19566941261291504
,5472.0,1,5.279999822960235e-05,1649,,1.1999902725219727,,2.275092124938965,,0.3096848726272583,,0.19460196793079376
,5536.0,1,5.439999949885532e-05,1699,,1.3417478799819946,,2.69716477394104,,0.31260859966278076,,0.19397491216659546
,5584.0,1,5.6000000768108293e-05,1749,,1.136096477508545,,2.2901411056518555,,0.31516164541244507,,0.19281476736068726
,5472.0,1,5.759999839938246e-05,1799,,1.2963535785675049,,2.5555572509765625,,0.3178024888038635,,0.19167965650558472
,5664.0,1,5.919999966863543e-05,1849,,1.6024413108825684,,3.038802146911621,,0.32048869132995605,,0.1906009316444397
,5488.0,1,6.08000009378884e-05,1899,,1.3599801063537598,,2.6834025382995605,,0.32279127836227417,,0.18946339190006256
,5536.0,1,6.240000220714137e-05,1949,,1.4453343152999878,,2.948331832885742,,0.32516321539878845,,0.18823064863681793
,5520.0,1,6.399999983841553e-05,1999,,1.1134625673294067,,2.125180721282959,,0.32715582847595215,,0.18724662065505981
,5508.0,1,6.55999974696897e-05,2049,,1.1127878427505493,,2.9666292667388916,,0.32957136631011963,,0.18601742386817932
,5476.0,1,6.720000237692147e-05,2099,,1.1513570547103882,,2.254249095916748,,0.3318260610103607,,0.1847098469734192
,5480.0,1,6.880000000819564e-05,2149,,1.2521401643753052,,2.697007179260254,,0.33424845337867737,,0.1836949735879898
,5536.0,1,7.03999976394698e-05,2199,,1.2258490324020386,,2.645375967025757,,0.33637839555740356,,0.18267545104026794
,5516.0,1,7.200000254670158e-05,2249,,1.3040975332260132,,2.7121999263763428,,0.3385416269302368,,0.18153950572013855
,5540.0,1,7.360000017797574e-05,2299,,1.0334426164627075,,2.252487897872925,,0.34076687693595886,,0.1804906725883484
,5296.0,1,7.519999780924991e-05,2349,,0.7738691568374634,,2.0108561515808105,,0.34303954243659973,,0.17950624227523804
,5420.0,1,7.680000271648169e-05,2399,,0.9887065887451172,,2.9436564445495605,,0.34505197405815125,,0.17837929725646973
,5444.0,1,7.840000034775585e-05,2449,,1.4934862852096558,,2.732088565826416,,0.3466622829437256,,0.17716754972934723
,5432.0,1,7.999999797903001e-05,2499,,0.7538830041885376,,2.0170230865478516,,0.34862610697746277,,0.17607367038726807
,5476.0,1,8.160000288626179e-05,2549,,1.0113798379898071,,2.276846408843994,,0.3505999743938446,,0.1750210076570511
,5444.0,1,8.320000051753595e-05,2599,,1.2605139017105103,,2.5333845615386963,,0.3524223566055298,,0.17381951212882996
5462.8515625,,1,,2601,1.2348989248275757,,2.6129887104034424,,0.32342931628227234,,0.18819014728069305,
,5416.0,2,8.479999814881012e-05,2649,,1.0514100790023804,,2.12878155708313,,0.3541015088558197,,0.1726679652929306
,5480.0,2,8.64000030560419e-05,2699,,1.3003283739089966,,3.0577774047851562,,0.3557514250278473,,0.1714862734079361
,5428.0,2,8.800000068731606e-05,2749,,1.11906898021698,,2.355081558227539,,0.3576159179210663,,0.17057400941848755
,5320.0,2,8.959999831859022e-05,2799,,0.8107957243919373,,2.428844928741455,,0.35896074771881104,,0.16945880651474
,5356.0,2,9.1200003225822e-05,2849,,0.4415281414985657,,1.492976427078247,,0.36063316464424133,,0.16866955161094666
,5436.0,2,9.280000085709617e-05,2899,,0.6539850831031799,,2.281482219696045,,0.36242249608039856,,0.16749277710914612
,5432.0,2,9.439999848837033e-05,2949,,0.7775887250900269,,1.9799898862838745,,0.364112913608551,,0.1664353758096695
,5496.0,2,9.600000339560211e-05,2999,,0.9318787455558777,,2.831993341445923,,0.36563602089881897,,0.16549015045166016
,5336.0,2,9.760000102687627e-05,3049,,0.8903878927230835,,1.7839875221252441,,0.367123007774353,,0.16470831632614136
,5444.0,2,9.919999865815043e-05,3099,,0.6185458898544312,,1.76747727394104,,0.3687582015991211,,0.1638227105140686
,5488.0,2,9.997241431847215e-05,3149,,0.9209474325180054,,2.086876392364502,,0.3701213002204895,,0.16314320266246796
,5548.0,2,9.99172407318838e-05,3199,,0.48862454295158386,,1.6428980827331543,,0.3715011775493622,,0.162313774228096
,5324.0,2,9.986206714529544e-05,3249,,0.7945562601089478,,1.9346368312835693,,0.37282657623291016,,0.16147299110889435
,5544.0,2,9.980689355870709e-05,3299,,0.8852642178535461,,2.509596824645996,,0.37420764565467834,,0.16058440506458282
,5480.0,2,9.975172724807635e-05,3349,,1.1017704010009766,,2.509237051010132,,0.37551289796829224,,0.15987944602966309
,5400.0,2,9.9696553661488e-05,3399,,0.2627718150615692,,1.2891298532485962,,0.3769006133079529,,0.1591295301914215
,5348.0,2,9.964138007489964e-05,3449,,0.8236363530158997,,2.1842916011810303,,0.3781971037387848,,0.15837742388248444
,5560.0,2,9.958620648831129e-05,3499,,0.715752363204956,,1.906403660774231,,0.3795950412750244,,0.157692551612854
,5364.0,2,9.953103290172294e-05,3549,,0.8091359734535217,,2.206033229827881,,0.38104021549224854,,0.1568705290555954
,5508.0,2,9.947585931513458e-05,3599,,0.7120376825332642,,2.177201747894287,,0.3822518587112427,,0.1563435196876526
,5500.0,2,9.942069300450385e-05,3649,,0.6690552234649658,,2.2570667266845703,,0.3835832476615906,,0.1558254361152649
,5364.0,2,9.93655194179155e-05,3699,,0.6976192593574524,,1.9726914167404175,,0.38487812876701355,,0.15526564419269562
,5436.0,2,9.931034583132714e-05,3749,,0.6902671456336975,,2.149512529373169,,0.38609886169433594,,0.15491825342178345
,5424.0,2,9.925517224473879e-05,3799,,0.590913712978363,,1.8858858346939087,,0.38747870922088623,,0.15447932481765747
,5552.0,2,9.919999865815043e-05,3849,,0.680847704410553,,1.4922304153442383,,0.38861727714538574,,0.15408842265605927
,5540.0,2,9.914482507156208e-05,3899,,0.769668698310852,,2.757477045059204,,0.3897133469581604,,0.15362468361854553
5461.51513671875,,2,,3902,0.8004137277603149,,2.0752010345458984,,0.3724214732646942,,0.16208842396736145,
,5504.0,3,9.908965876093134e-05,3949,,0.7234216928482056,,1.748083472251892,,0.3910033702850342,,0.15308716893196106
,5360.0,3,9.903448517434299e-05,3999,,1.0117125511169434,,2.2966573238372803,,0.39220428466796875,,0.15264886617660522
,5472.0,3,9.897931158775464e-05,4049,,0.7345989942550659,,3.1401526927948,,0.39330410957336426,,0.15225741267204285
,5496.0,3,9.892413800116628e-05,4099,,0.4958999454975128,,1.805154800415039,,0.394585520029068,,0.15171366930007935
,5576.0,3,9.886896441457793e-05,4149,,0.725351095199585,,2.509916305541992,,0.39580073952674866,,0.15117990970611572
,5464.0,3,9.881379082798958e-05,4199,,0.5437175631523132,,1.8061960935592651,,0.3969159722328186,,0.15076763927936554
,5532.0,3,9.875861724140123e-05,4249,,0.5264920592308044,,1.453945517539978,,0.39799734950065613,,0.15048661828041077
,5436.0,3,9.870345093077049e-05,4299,,0.8098618388175964,,2.594935655593872,,0.3990306258201599,,0.1501985788345337
,5412.0,3,9.864827734418213e-05,4349,,0.5546934604644775,,1.9417303800582886,,0.40014755725860596,,0.14979885518550873
,5488.0,3,9.859310375759378e-05,4399,,0.7619089484214783,,1.9845051765441895,,0.401101291179657,,0.14941272139549255
,5480.0,3,9.853793017100543e-05,4449,,0.28474757075309753,,1.4826959371566772,,0.4020923674106598,,0.14904725551605225
,5512.0,3,9.848275658441707e-05,4499,,0.677263081073761,,2.003418207168579,,0.40307626128196716,,0.14873869717121124
,5536.0,3,9.842758299782872e-05,4549,,0.734025239944458,,1.8243021965026855,,0.4041319787502289,,0.14848220348358154
,5468.0,3,9.837241668719798e-05,4599,,0.6930367946624756,,1.8921295404434204,,0.40513134002685547,,0.14817678928375244
,5468.0,3,9.831724310060963e-05,4649,,0.7844674587249756,,1.5626381635665894,,0.4061952531337738,,0.14785605669021606
,5428.0,3,9.826206951402128e-05,4699,,0.48815861344337463,,1.9420056343078613,,0.40721726417541504,,0.14760535955429077
,5428.0,3,9.820689592743292e-05,4749,,0.9256605505943298,,2.6557703018188477,,0.4082275927066803,,0.147272527217865
,5444.0,3,9.815172234084457e-05,4799,,0.546392023563385,,1.8065831661224365,,0.4094160497188568,,0.1469353437423706
,5484.0,3,9.809654875425622e-05,4849,,0.3559720814228058,,1.4288020133972168,,0.41040298342704773,,0.14663928747177124
,5416.0,3,9.804138244362548e-05,4899,,0.3812393844127655,,1.4674152135849,,0.41130852699279785,,0.14636299014091492
,5432.0,3,9.798620885703713e-05,4949,,0.5262934565544128,,1.9571400880813599,,0.41225820779800415,,0.14611263573169708
,5340.0,3,9.793103527044877e-05,4999,,0.5808330178260803,,1.9833730459213257,,0.41307878494262695,,0.1458844244480133
,5448.0,3,9.787586168386042e-05,5049,,0.32908278703689575,,1.7453498840332031,,0.41404467821121216,,0.1456785947084427
,5444.0,3,9.782068809727207e-05,5099,,0.3460882604122162,,1.578681230545044,,0.4149490296840668,,0.14550112187862396
,5468.0,3,9.776551451068372e-05,5149,,0.41398531198501587,,1.828540325164795,,0.41582614183425903,,0.14528821408748627
,5388.0,3,9.771034820005298e-05,5199,,0.6248272657394409,,1.9508520364761353,,0.416706383228302,,0.1450325846672058
5463.822265625,,3,,5203,0.5965784192085266,,1.808517336845398,,0.4040878713130951,,0.1487029641866684,
,5400.0,4,9.765517461346462e-05,5249,,0.5391325354576111,,1.8222156763076782,,0.41762423515319824,,0.14487850666046143
,5408.0,4,9.760000102687627e-05,5299,,0.4118831157684326,,1.478704571723938,,0.4186265468597412,,0.1446656435728073
,5348.0,4,9.754482744028792e-05,5349,,0.3733794689178467,,1.5669646263122559,,0.4195866882801056,,0.14444470405578613
,5572.0,4,9.748965385369956e-05,5399,,0.7231456637382507,,1.8255707025527954,,0.42048874497413635,,0.144354447722435
,5532.0,4,9.743448026711121e-05,5449,,0.6083838939666748,,2.2257425785064697,,0.4213533103466034,,0.14427992701530457
,5564.0,4,9.737931395648047e-05,5499,,0.7452560067176819,,2.051283836364746,,0.4222547113895416,,0.14415588974952698
,5420.0,4,9.732414036989212e-05,5549,,0.47279879450798035,,1.6988962888717651,,0.4230538606643677,,0.14400723576545715
,5400.0,4,9.726896678330377e-05,5599,,0.5791378617286682,,1.437203288078308,,0.42390236258506775,,0.14387673139572144
,5484.0,4,9.721379319671541e-05,5649,,0.4767052233219147,,1.4826617240905762,,0.42474430799484253,,0.14376592636108398
,5428.0,4,9.715861961012706e-05,5699,,0.4085325002670288,,1.4482619762420654,,0.42560237646102905,,0.14362889528274536
,5500.0,4,9.710344602353871e-05,5749,,0.45850250124931335,,1.5475934743881226,,0.42642053961753845,,0.14348477125167847
,5516.0,4,9.704827243695036e-05,5799,,0.15072467923164368,,0.816110372543335,,0.4272598922252655,,0.14334604144096375
,5396.0,4,9.699310612631962e-05,5849,,0.6724357604980469,,1.9546171426773071,,0.4279952645301819,,0.14327995479106903
,5484.0,4,9.693793253973126e-05,5899,,0.5168262124061584,,1.8641000986099243,,0.4288630485534668,,0.1431782990694046
,5468.0,4,9.688275895314291e-05,5949,,0.5152647495269775,,1.5969754457473755,,0.42972081899642944,,0.14311227202415466
,5396.0,4,9.682758536655456e-05,5999,,0.5180780291557312,,1.6369794607162476,,0.43040376901626587,,0.14300493896007538
,5512.0,4,9.67724117799662e-05,6049,,0.4458124339580536,,1.2368582487106323,,0.43116289377212524,,0.14291228353977203
,5452.0,4,9.671723819337785e-05,6099,,0.5847285985946655,,2.1214780807495117,,0.43191978335380554,,0.14285783469676971
,5516.0,4,9.666207188274711e-05,6149,,0.3161506652832031,,1.4452060461044312,,0.43269726634025574,,0.142825186252594
,5564.0,4,9.660689829615876e-05,6199,,0.41536617279052734,,1.4325045347213745,,0.433377742767334,,0.14276331663131714
,5392.0,4,9.655172470957041e-05,6249,,0.5094289183616638,,1.8345823287963867,,0.4340725243091583,,0.14272113144397736
,5468.0,4,9.649655112298205e-05,6299,,0.5947078466415405,,1.8183839321136475,,0.43479451537132263,,0.14262674748897552
,5484.0,4,9.64413775363937e-05,6349,,0.5232863426208496,,1.4462742805480957,,0.4355775713920593,,0.14261558651924133
,5536.0,4,9.638620394980535e-05,6399,,0.3116011619567871,,1.0797576904296875,,0.43626806139945984,,0.14260932803153992
,5580.0,4,9.633103763917461e-05,6449,,0.42939746379852295,,1.3528146743774414,,0.43702778220176697,,0.14252027869224548
,5504.0,4,9.627586405258626e-05,6499,,0.5007302165031433,,1.3091732263565063,,0.43781977891921997,,0.14246898889541626
5460.21728515625,,4,,6504,0.5009570121765137,,1.6404097080230713,,0.42791515588760376,,0.14345866441726685,
,5436.0,5,9.62206904659979e-05,6549,,0.7235286831855774,,1.5212925672531128,,0.43858110904693604,,0.14244826138019562
,5476.0,5,9.616551687940955e-05,6599,,0.4415706396102905,,1.689245581626892,,0.43932995200157166,,0.14241483807563782
,5440.0,5,9.61103432928212e-05,6649,,0.3403758704662323,,1.634834885597229,,0.44000157713890076,,0.14234362542629242
,5456.0,5,9.605516970623285e-05,6699,,0.41735637187957764,,1.3602052927017212,,0.44061288237571716,,0.14236244559288025
,5464.0,5,9.600000339560211e-05,6749,,0.5694069266319275,,1.8339462280273438,,0.441334992647171,,0.14235873520374298
,5448.0,5,9.594482980901375e-05,6799,,0.43943679332733154,,1.6474189758300781,,0.44202980399131775,,0.14234207570552826
,5420.0,5,9.58896562224254e-05,6849,,0.47653713822364807,,1.3863600492477417,,0.44274210929870605,,0.14233854413032532
,5480.0,5,9.583448263583705e-05,6899,,0.7408468127250671,,1.9593819379806519,,0.4433911442756653,,0.1423979103565216
,5408.0,5,9.57793090492487e-05,6949,,0.4654321074485779,,1.694808006286621,,0.4440363645553589,,0.14244085550308228
,5480.0,5,9.572413546266034e-05,6999,,0.4415765702724457,,1.4220267534255981,,0.4447194039821625,,0.14244985580444336
,5452.0,5,9.56689691520296e-05,7049,,0.45688992738723755,,1.4284183979034424,,0.44542282819747925,,0.14249829947948456
,5440.0,5,9.561379556544125e-05,7099,,0.7050961852073669,,2.2731528282165527,,0.44608622789382935,,0.14249113202095032
,5460.0,5,9.55586219788529e-05,7149,,0.4107673764228821,,1.5130879878997803,,0.44680124521255493,,0.1425122618675232
,5336.0,5,9.550344839226454e-05,7199,,0.4323684573173523,,1.7068167924880981,,0.4474184513092041,,0.14256270229816437
,5392.0,5,9.544827480567619e-05,7249,,0.4582805931568146,,1.4854340553283691,,0.448031485080719,,0.14260660111904144
,5412.0,5,9.539310121908784e-05,7299,,0.28414633870124817,,0.9840489625930786,,0.4486824870109558,,0.1426328718662262
,5444.0,5,9.533792763249949e-05,7349,,0.46609780192375183,,1.46458899974823,,0.449288934469223,,0.1426546722650528
,5532.0,5,9.528276132186875e-05,7399,,0.5938563942909241,,1.55006742477417,,0.4498853087425232,,0.1426849067211151
,5452.0,5,9.52275877352804e-05,7449,,0.6242322325706482,,1.685962438583374,,0.4505254626274109,,0.14271697402000427
,5424.0,5,9.517241414869204e-05,7499,,0.37276342511177063,,1.3068125247955322,,0.4511890113353729,,0.14275643229484558
,5320.0,5,9.511724056210369e-05,7549,,0.609927773475647,,1.8963192701339722,,0.4518483579158783,,0.14279167354106903
,5440.0,5,9.506206697551534e-05,7599,,0.44405606389045715,,1.63231360912323,,0.45249414443969727,,0.14284807443618774
,5556.0,5,9.500689338892698e-05,7649,,0.43663448095321655,,1.5126676559448242,,0.45311757922172546,,0.14294500648975372
,5512.0,5,9.495172707829624e-05,7699,,0.7277488708496094,,2.1219983100891113,,0.4536816477775574,,0.1429995894432068
,5376.0,5,9.489655349170789e-05,7749,,0.4562423825263977,,1.1991969347000122,,0.45432808995246887,,0.14303022623062134
,5580.0,5,9.484137990511954e-05,7799,,0.5501430630683899,,1.5753026008605957,,0.4549092948436737,,0.1431114226579666
5460.88232421875,,5,,7805,0.46936720609664917,,1.5479835271835327,,0.44675877690315247,,0.1426154226064682,
,5512.0,6,9.478620631853119e-05,7849,,0.2528289258480072,,1.2055639028549194,,0.45555490255355835,,0.1431998610496521
,5496.0,6,9.473103273194283e-05,7899,,0.4210816025733948,,1.5383607149124146,,0.45614272356033325,,0.14331695437431335
,5472.0,6,9.467585914535448e-05,7949,,0.39330270886421204,,1.1054483652114868,,0.4567238688468933,,0.1433779001235962
,5488.0,6,9.462069283472374e-05,7999,,0.3820253908634186,,1.2408645153045654,,0.45725148916244507,,0.14341653883457184
,5368.0,6,9.456551924813539e-05,8049,,0.3763030767440796,,1.2994132041931152,,0.45784929394721985,,0.1434880644083023
,5464.0,6,9.451034566154703e-05,8099,,0.3569320738315582,,1.3060204982757568,,0.45846226811408997,,0.1435099095106125
,5476.0,6,9.445517207495868e-05,8149,,0.4328611493110657,,1.2169749736785889,,0.4590575695037842,,0.14357171952724457
,5556.0,6,9.439999848837033e-05,8199,,0.5486927032470703,,1.5317285060882568,,0.4596041738986969,,0.14360088109970093
,5440.0,6,9.434482490178198e-05,8249,,0.26181769371032715,,0.9440401196479797,,0.46021491289138794,,0.1436648964881897
,5532.0,6,9.428965859115124e-05,8299,,0.4873889684677124,,1.3921242952346802,,0.4607388377189636,,0.14375247061252594
,5456.0,6,9.423448500456288e-05,8349,,0.48977699875831604,,1.272809386253357,,0.4613323509693146,,0.14380322396755219
,5508.0,6,9.417931141797453e-05,8399,,0.5016523003578186,,1.6855818033218384,,0.46191033720970154,,0.14385047554969788
,5420.0,6,9.412413783138618e-05,8449,,0.43387845158576965,,1.1434309482574463,,0.4624186158180237,,0.14393463730812073
,5456.0,6,9.406896424479783e-05,8499,,0.5495928525924683,,1.7077146768569946,,0.46295005083084106,,0.14404211938381195
,5524.0,6,9.401379065820947e-05,8549,,0.5223627090454102,,1.4851891994476318,,0.46343541145324707,,0.14411115646362305
,5480.0,6,9.395861707162112e-05,8599,,0.5791847705841064,,1.5445332527160645,,0.4639492630958557,,0.14417138695716858
,5404.0,6,9.390345076099038e-05,8649,,0.5524160265922546,,1.2529981136322021,,0.4644433856010437,,0.14422477781772614
,5464.0,6,9.384827717440203e-05,8699,,0.5922226905822754,,1.6596752405166626,,0.4650200307369232,,0.14429163932800293
,5460.0,6,9.379310358781368e-05,8749,,0.4964180290699005,,1.705747127532959,,0.4655603766441345,,0.14434754848480225
,5440.0,6,9.373793000122532e-05,8799,,0.6674372553825378,,1.8739129304885864,,0.46607863903045654,,0.14437100291252136
,5552.0,6,9.368275641463697e-05,8849,,0.44219326972961426,,1.4424365758895874,,0.4665866196155548,,0.14445403218269348
,5508.0,6,9.362758282804862e-05,8899,,0.6410003900527954,,1.291996955871582,,0.4670909345149994,,0.14454026520252228
,5480.0,6,9.357241651741788e-05,8949,,0.49134618043899536,,1.474092721939087,,0.46764901280403137,,0.1446211338043213
,5448.0,6,9.351724293082952e-05,8999,,0.6097226738929749,,1.947730541229248,,0.4681735038757324,,0.14471223950386047
,5520.0,6,9.346206934424117e-05,9049,,0.6024482846260071,,1.5616577863693237,,0.46864423155784607,,0.14475831389427185
,5500.0,6,9.340689575765282e-05,9099,,0.6308912038803101,,2.0693705081939697,,0.46914780139923096,,0.14480818808078766
5464.15771484375,,6,,9106,0.49069929122924805,,1.483577847480774,,0.4624060094356537,,0.14399607479572296,
,5460.0,7,9.335172217106447e-05,9149,,0.4095499515533447,,1.23269522190094,,0.4696490466594696,,0.14485862851142883
,5532.0,7,9.329654858447611e-05,9199,,0.5346381664276123,,1.8443007469177246,,0.4701261818408966,,0.14490051567554474
,5484.0,7,9.324138227384537e-05,9249,,0.37896037101745605,,1.332485556602478,,0.47062185406684875,,0.14495858550071716
,5520.0,7,9.318620868725702e-05,9299,,0.6179048418998718,,1.758505940437317,,0.4711361527442932,,0.1450115144252777
,5400.0,7,9.313103510066867e-05,9349,,0.3925885856151581,,1.2013201713562012,,0.4716390371322632,,0.14512333273887634
,5512.0,7,9.307586151408032e-05,9399,,0.29288986325263977,,0.9709717035293579,,0.47211965918540955,,0.14517834782600403
,5560.0,7,9.302068792749196e-05,9449,,0.3661182224750519,,0.9279439449310303,,0.47255000472068787,,0.14528854191303253
,5376.0,7,9.296551434090361e-05,9499,,0.5425492525100708,,1.5607818365097046,,0.4730373024940491,,0.14536908268928528
,5500.0,7,9.291034803027287e-05,9549,,0.4699245095252991,,1.1501448154449463,,0.4735397696495056,,0.14543269574642181
,5564.0,7,9.285517444368452e-05,9599,,0.40924087166786194,,1.3368202447891235,,0.4739686846733093,,0.1454993635416031
,5404.0,7,9.280000085709617e-05,9649,,0.5651282668113708,,1.2473679780960083,,0.4744189977645874,,0.14555510878562927
,5460.0,7,9.274482727050781e-05,9699,,0.4073411822319031,,1.29141104221344,,0.47484689950942993,,0.145640566945076
,5540.0,7,9.268965368391946e-05,9749,,0.46517568826675415,,1.3313453197479248,,0.47530579566955566,,0.1457129865884781
,5304.0,7,9.26344800973311e-05,9799,,0.46618467569351196,,1.0722129344940186,,0.47576451301574707,,0.1457856446504593
,5476.0,7,9.257931378670037e-05,9849,,0.4195415675640106,,1.1784554719924927,,0.47628724575042725,,0.1458473950624466
,5364.0,7,9.252414020011202e-05,9899,,0.9023547172546387,,1.8511356115341187,,0.47675129771232605,,0.14590108394622803
,5484.0,7,9.246896661352366e-05,9949,,0.44407588243484497,,1.3911690711975098,,0.4771660566329956,,0.14597082138061523
,5488.0,7,9.241379302693531e-05,9999,,0.37308868765830994,,0.8720452785491943,,0.4776321351528168,,0.14601421356201172
,5408.0,7,9.235861944034696e-05,10049,,0.4349641799926758,,1.1080436706542969,,0.4780522584915161,,0.14610326290130615
,5492.0,7,9.23034458537586e-05,10099,,0.6351388096809387,,1.4578540325164795,,0.47851330041885376,,0.14618025720119476
,5404.0,7,9.224827226717025e-05,10149,,0.5352352857589722,,1.1953305006027222,,0.47899627685546875,,0.14621469378471375
,5444.0,7,9.219310595653951e-05,10199,,0.6075153350830078,,1.6394729614257812,,0.4794681668281555,,0.14627119898796082
,5476.0,7,9.213793236995116e-05,10249,,0.3878398835659027,,1.1815710067749023,,0.4798868000507355,,0.1464058756828308
,5476.0,7,9.20827587833628e-05,10299,,0.4714271128177643,,1.395133137702942,,0.4802960455417633,,0.14650307595729828
,5488.0,7,9.202758519677445e-05,10349,,0.6286022067070007,,1.438542127609253,,0.4807056486606598,,0.1465834230184555
,5508.0,7,9.19724116101861e-05,10399,,0.5065736770629883,,1.5657992362976074,,0.4811241030693054,,0.14667007327079773
5465.173828125,,7,,10407,0.531006395816803,,1.429391622543335,,0.4754355847835541,,0.14572706818580627,
,5448.0,8,9.191723802359775e-05,10449,,0.38895756006240845,,1.1911735534667969,,0.4815535247325897,,0.14678746461868286
,5440.0,8,9.186207171296701e-05,10499,,0.7266162633895874,,1.765128493309021,,0.4819489121437073,,0.1468885838985443
,5404.0,8,9.180689812637866e-05,10549,,0.5966500043869019,,1.3299193382263184,,0.48239192366600037,,0.14699359238147736
,5436.0,8,9.17517245397903e-05,10599,,0.6809083223342896,,1.3814845085144043,,0.48279544711112976,,0.147081196308136
,5472.0,8,9.169655095320195e-05,10649,,0.7668064832687378,,1.5095045566558838,,0.4831928014755249,,0.14715084433555603
,5460.0,8,9.16413773666136e-05,10699,,0.4675501585006714,,1.373754858970642,,0.48359209299087524,,0.14722181856632233
,5508.0,8,9.158620378002524e-05,10749,,0.6803684830665588,,1.5558384656906128,,0.48400840163230896,,0.14730127155780792
,5432.0,8,9.15310374693945e-05,10799,,0.7578883767127991,,1.660796046257019,,0.48444050550460815,,0.14736658334732056
,5384.0,8,9.147586388280615e-05,10849,,0.8036776781082153,,1.8138989210128784,,0.4848216772079468,,0.1474485695362091
,5408.0,8,9.14206902962178e-05,10899,,0.5744886994361877,,1.1363282203674316,,0.48522117733955383,,0.147494837641716
,5392.0,8,9.136551670962945e-05,10949,,0.6415915489196777,,1.2813401222229004,,0.485656201839447,,0.14756307005882263
,5460.0,8,9.13103431230411e-05,10999,,0.7442747950553894,,1.520243763923645,,0.4859950840473175,,0.14764992892742157
,5468.0,8,9.125516953645274e-05,11049,,0.7057429552078247,,1.834204077720642,,0.48636823892593384,,0.14775530993938446
,5408.0,8,9.1200003225822e-05,11099,,0.6626187562942505,,1.4856053590774536,,0.48676103353500366,,0.14785373210906982
,5488.0,8,9.114482963923365e-05,11149,,0.8273870348930359,,1.9084138870239258,,0.4871104955673218,,0.14795266091823578
,5424.0,8,9.10896560526453e-05,11199,,0.651238739490509,,1.4794362783432007,,0.48746663331985474,,0.14805404841899872
,5520.0,8,9.103448246605694e-05,11249,,0.6154409646987915,,1.4218182563781738,,0.4878833293914795,,0.14812162518501282
,5528.0,8,9.097930887946859e-05,11299,,0.7882990837097168,,1.887215495109558,,0.48825541138648987,,0.14816288650035858
,5436.0,8,9.092413529288024e-05,11349,,0.7771883010864258,,1.5577349662780762,,0.4886135756969452,,0.14822080731391907
,5432.0,8,9.08689689822495e-05,11399,,0.538996160030365,,1.204456090927124,,0.4889938235282898,,0.14825017750263214
,5536.0,8,9.081379539566115e-05,11449,,0.5846680402755737,,1.503862738609314,,0.4893759787082672,,0.14830949902534485
,5480.0,8,9.075862180907279e-05,11499,,0.5733044147491455,,1.407595157623291,,0.48976263403892517,,0.14837661385536194
,5524.0,8,9.070344822248444e-05,11549,,0.6735418438911438,,1.7438418865203857,,0.49012133479118347,,0.14842790365219116
,5532.0,8,9.064827463589609e-05,11599,,0.5798143148422241,,1.345878005027771,,0.4904783070087433,,0.1484832763671875
,5512.0,8,9.059310104930773e-05,11649,,0.6650149822235107,,1.7260499000549316,,0.4908906817436218,,0.14853833615779877
,5500.0,8,9.053792746271938e-05,11699,,0.7485033869743347,,1.7155205011367798,,0.4912683963775635,,0.14861281216144562
5459.81298828125,,8,,11708,0.6020373702049255,,1.39937424659729,,0.4864441156387329,,0.14776867628097534,
,5436.0,9,9.048276115208864e-05,11749,,0.7180263996124268,,1.4061455726623535,,0.49161669611930847,,0.14868268370628357
,5380.0,9,9.042758756550029e-05,11799,,0.7260531783103943,,1.4955999851226807,,0.491974800825119,,0.14873088896274567
,5488.0,9,9.037241397891194e-05,11849,,0.5921319127082825,,1.271999716758728,,0.4923361837863922,,0.1488010287284851
,5500.0,9,9.031724039232358e-05,11899,,0.6311793327331543,,1.3499515056610107,,0.49269235134124756,,0.14885543286800385
,5384.0,9,9.026206680573523e-05,11949,,0.7839609384536743,,1.5364222526550293,,0.4930303692817688,,0.14889512956142426
,5548.0,9,9.020689321914688e-05,11999,,0.760897696018219,,1.5384304523468018,,0.4933709502220154,,0.1489800661802292
,5404.0,9,9.015172690851614e-05,12049,,0.7322128415107727,,1.6854957342147827,,0.4937397837638855,,0.14907100796699524
,5448.0,9,9.009655332192779e-05,12099,,0.6479186415672302,,1.3682498931884766,,0.4940693974494934,,0.14912620186805725
,5408.0,9,9.004137973533943e-05,12149,,0.6208102703094482,,1.377570390701294,,0.4944099485874176,,0.14919087290763855
,5400.0,9,8.998620614875108e-05,12199,,0.7451702952384949,,1.635325312614441,,0.4947700500488281,,0.14924679696559906
,5500.0,9,8.993103256216273e-05,12249,,0.6519485712051392,,1.393472671508789,,0.4951283931732178,,0.14932605624198914
,5544.0,9,8.987585897557437e-05,12299,,0.3267417252063751,,0.8461618423461914,,0.49547651410102844,,0.14936907589435577
,5492.0,9,8.982069266494364e-05,12349,,0.603299617767334,,1.3137528896331787,,0.49580883979797363,,0.14942149817943573
,5484.0,9,8.976551907835528e-05,12399,,0.8140835762023926,,1.5124906301498413,,0.4961591064929962,,0.14950105547904968
,5504.0,9,8.971034549176693e-05,12449,,0.702085554599762,,1.349587321281433,,0.49648261070251465,,0.14956462383270264
,5440.0,9,8.965517190517858e-05,12499,,0.8432512879371643,,1.4447959661483765,,0.4967992305755615,,0.1496346890926361
,5452.0,9,8.959999831859022e-05,12549,,0.7478035688400269,,1.6488441228866577,,0.4971410036087036,,0.1497012972831726
,5476.0,9,8.954482473200187e-05,12599,,0.6587104797363281,,1.2459652423858643,,0.4974343776702881,,0.14978954195976257
,5448.0,9,8.948965842137113e-05,12649,,0.42614227533340454,,0.8529125452041626,,0.49775660037994385,,0.14986233413219452
,5540.0,9,8.943448483478278e-05,12699,,0.7851612567901611,,1.6886792182922363,,0.49809885025024414,,0.14992766082286835
,5492.0,9,8.937931124819443e-05,12749,,0.6727859377861023,,1.2099127769470215,,0.4984216094017029,,0.14996910095214844
,5444.0,9,8.932413766160607e-05,12799,,0.4678833782672882,,0.9684393405914307,,0.49874716997146606,,0.15003730356693268
,5496.0,9,8.926896407501772e-05,12849,,0.7611082196235657,,1.5565907955169678,,0.4991089105606079,,0.15007415413856506
,5452.0,9,8.921379048842937e-05,12899,,0.8293416500091553,,1.5314581394195557,,0.49943041801452637,,0.15014517307281494
,5512.0,9,8.915862417779863e-05,12949,,0.647419273853302,,1.2726720571517944,,0.4997655153274536,,0.15019510686397552
,5500.0,9,8.910345059121028e-05,12999,,0.8494065403938293,,1.2407636642456055,,0.5000684857368469,,0.15026643872261047
5462.21435546875,,9,,13009,0.6752299070358276,,1.3650836944580078,,0.49588635563850403,,0.14947745203971863,
,5376.0,10,8.904827700462192e-05,13049,,0.6976704597473145,,1.445913553237915,,0.5003917813301086,,0.15032976865768433
,5436.0,10,8.899310341803357e-05,13099,,0.8193745613098145,,1.2917845249176025,,0.5006711483001709,,0.15043920278549194
,5452.0,10,8.893792983144522e-05,13149,,0.6728932857513428,,1.4795829057693481,,0.5009793639183044,,0.15050527453422546
,5476.0,10,8.888275624485686e-05,13199,,0.7941039204597473,,1.5622478723526,,0.5012785792350769,,0.1505734771490097
,5456.0,10,8.882758265826851e-05,13249,,0.8755841851234436,,1.7984379529953003,,0.5015794634819031,,0.15063144266605377
,5500.0,10,8.877241634763777e-05,13299,,1.0224188566207886,,1.2594584226608276,,0.5018851161003113,,0.15068794786930084
,5592.0,10,8.871724276104942e-05,13349,,0.588843584060669,,1.0414408445358276,,0.5021657943725586,,0.15074986219406128
,5476.0,10,8.866206917446107e-05,13399,,0.8199990391731262,,1.5216350555419922,,0.5024673938751221,,0.15079644322395325
,5484.0,10,8.860689558787271e-05,13449,,0.5425693392753601,,1.1898152828216553,,0.5027642846107483,,0.15085792541503906
,5460.0,10,8.855172200128436e-05,13499,,0.6434711813926697,,1.0702458620071411,,0.503061830997467,,0.15090399980545044
,5436.0,10,8.849654841469601e-05,13549,,0.7875404357910156,,1.5812103748321533,,0.5033583641052246,,0.150944322347641
,5444.0,10,8.844138210406527e-05,13599,,1.115234136581421,,1.6344294548034668,,0.5036450028419495,,0.15098169445991516
,5428.0,10,8.838620851747692e-05,13649,,0.6032353043556213,,1.1169931888580322,,0.5039393901824951,,0.15102070569992065
,5452.0,10,8.833103493088856e-05,13699,,1.0846011638641357,,1.8364924192428589,,0.5042409896850586,,0.15107207000255585
,5496.0,10,8.827586134430021e-05,13749,,0.5869550704956055,,1.100476622581482,,0.5045188665390015,,0.15113259851932526
,5464.0,10,8.822068775771186e-05,13799,,1.0605372190475464,,1.944716453552246,,0.5048073530197144,,0.1511877030134201
,5460.0,10,8.81655141711235e-05,13849,,0.7596803307533264,,1.30986487865448,,0.5050845742225647,,0.151250422000885
,5468.0,10,8.811034786049277e-05,13899,,0.7962324619293213,,1.1959702968597412,,0.5053919553756714,,0.15130311250686646
,5480.0,10,8.805517427390441e-05,13949,,0.8902559876441956,,1.3447638750076294,,0.5056623220443726,,0.15135827660560608
,5500.0,10,8.800000068731606e-05,13999,,0.7665030360221863,,1.4645925760269165,,0.5059077739715576,,0.15143027901649475
,5536.0,10,8.794482710072771e-05,14049,,0.7175843119621277,,1.4224772453308105,,0.5062152147293091,,0.15148016810417175
,5400.0,10,8.788965351413935e-05,14099,,1.1265085935592651,,1.608663558959961,,0.5065250992774963,,0.15151414275169373
,5488.0,10,8.7834479927551e-05,14149,,0.6106429696083069,,1.1348129510879517,,0.5068120956420898,,0.15156003832817078
,5380.0,10,8.777931361692026e-05,14199,,0.7500343322753906,,1.2594205141067505,,0.5071063041687012,,0.15158721804618835
,5480.0,10,8.772414003033191e-05,14249,,0.6612051129341125,,1.3553049564361572,,0.5073890686035156,,0.1516660749912262
,5420.0,10,8.766896644374356e-05,14299,,0.6119133234024048,,1.1654435396194458,,0.507697343826294,,0.15168847143650055
5460.85009765625,,10,,14310,0.7509613633155823,,1.3467336893081665,,0.5040501952171326,,0.15106962621212006,
,5500.0,11,8.76137928571552e-05,14349,,0.9924601912498474,,1.3993515968322754,,0.5079679489135742,,0.1517172008752823
,5488.0,11,8.755861927056685e-05,14399,,0.9416499733924866,,1.6657367944717407,,0.5082472562789917,,0.15178345143795013
,5484.0,11,8.75034456839785e-05,14449,,0.620040774345398,,1.0190378427505493,,0.508506715297699,,0.15185168385505676
,5436.0,11,8.744827937334776e-05,14499,,0.5794388055801392,,1.0986701250076294,,0.5087807774543762,,0.15193907916545868
,5460.0,11,8.73931057867594e-05,14549,,0.8782731294631958,,1.2570579051971436,,0.5090636014938354,,0.15201866626739502
,5472.0,11,8.733793220017105e-05,14599,,0.5313628911972046,,1.0820850133895874,,0.5093374252319336,,0.1520923674106598
,5472.0,11,8.72827586135827e-05,14649,,0.7867275476455688,,1.3036797046661377,,0.5096002817153931,,0.15217919647693634
,5396.0,11,8.722758502699435e-05,14699,,0.9188921451568604,,1.3585797548294067,,0.5098142623901367,,0.15225666761398315
,5512.0,11,8.7172411440406e-05,14749,,1.004509687423706,,1.4160244464874268,,0.5100942850112915,,0.1523011028766632
,5456.0,11,8.711723785381764e-05,14799,,0.7137728333473206,,1.2856988906860352,,0.5103799104690552,,0.15233942866325378
,5404.0,11,8.70620715431869e-05,14849,,0.9177672266960144,,1.289323091506958,,0.5106549263000488,,0.15240809321403503
,5456.0,11,8.700689795659855e-05,14899,,0.9461740851402283,,1.6061460971832275,,0.510893702507019,,0.152456134557724
,5484.0,11,8.69517243700102e-05,14949,,0.6079444885253906,,1.2130014896392822,,0.5111566781997681,,0.15250784158706665
,5448.0,11,8.689655078342184e-05,14999,,0.7968195676803589,,1.405543565750122,,0.5113978981971741,,0.15256452560424805
,5496.0,11,8.684137719683349e-05,15049,,1.044647455215454,,1.81338369846344,,0.5116802453994751,,0.15262983739376068
,5484.0,11,8.678620361024514e-05,15099,,0.5518870949745178,,0.9526470303535461,,0.5119352340698242,,0.15268275141716003
,5476.0,11,8.67310372996144e-05,15149,,0.9149652719497681,,1.037473201751709,,0.5121905207633972,,0.1527155339717865
,5400.0,11,8.667586371302605e-05,15199,,0.5468578934669495,,1.2001590728759766,,0.5124326348304749,,0.15275752544403076
,5480.0,11,8.66206901264377e-05,15249,,0.9613180160522461,,1.3317502737045288,,0.5126799941062927,,0.15283507108688354
,5480.0,11,8.656551653984934e-05,15299,,0.7846561074256897,,1.2830778360366821,,0.5129349827766418,,0.1528869867324829
,5440.0,11,8.651034295326099e-05,15349,,0.7146047353744507,,1.1951426267623901,,0.5131721496582031,,0.15295100212097168
,5516.0,11,8.645516936667264e-05,15399,,1.1618002653121948,,1.2203177213668823,,0.5134386420249939,,0.1529938280582428
,5496.0,11,8.64000030560419e-05,15449,,0.7877116799354553,,1.320840835571289,,0.5137021541595459,,0.15304720401763916
,5452.0,11,8.634482946945354e-05,15499,,1.2067406177520752,,1.2114028930664062,,0.5139860510826111,,0.15308085083961487
,5448.0,11,8.628965588286519e-05,15549,,0.6795597672462463,,1.1560513973236084,,0.514229416847229,,0.15312519669532776
,5452.0,11,8.623448229627684e-05,15599,,1.0967131853103638,,1.6484707593917847,,0.5144698619842529,,0.15315526723861694
5462.740234375,,11,,15611,0.8214436173439026,,1.3189595937728882,,0.5112665891647339,,0.15251757204532623,
,5380.0,12,8.617930870968848e-05,15649,,0.677810788154602,,1.1409884691238403,,0.5147276520729065,,0.15320147573947906
,5472.0,12,8.612413512310013e-05,15699,,0.7580626010894775,,1.2125129699707031,,0.5149568319320679,,0.15322750806808472
,5448.0,12,8.606896881246939e-05,15749,,0.8084214329719543,,1.4288990497589111,,0.5151957273483276,,0.1532578468322754
,5388.0,12,8.601379522588104e-05,15799,,0.5790923833847046,,0.735939085483551,,0.515445351600647,,0.1532907485961914
,5468.0,12,8.595862163929269e-05,15849,,0.8523361086845398,,1.4042961597442627,,0.5156857967376709,,0.15332940220832825
,5428.0,12,8.590344805270433e-05,15899,,0.8169175982475281,,1.4424023628234863,,0.5159206390380859,,0.15335097908973694
,5468.0,12,8.584827446611598e-05,15949,,0.9179108142852783,,1.479509711265564,,0.5161678791046143,,0.15340587496757507
,5496.0,12,8.579310087952763e-05,15999,,1.039736270904541,,1.3507698774337769,,0.5164089202880859,,0.1534406840801239
,5448.0,12,8.573793456889689e-05,16049,,0.5991514921188354,,1.000643253326416,,0.5166399478912354,,0.15348558127880096
,5556.0,12,8.568276098230854e-05,16099,,0.5718324184417725,,0.8703397512435913,,0.5168832540512085,,0.1535283327102661
,5432.0,12,8.562758739572018e-05,16149,,0.7615901827812195,,1.1590641736984253,,0.5171232223510742,,0.15356874465942383
,5480.0,12,8.557241380913183e-05,16199,,0.8507549166679382,,1.2087346315383911,,0.5173600912094116,,0.15361005067825317
,5448.0,12,8.551724022254348e-05,16249,,1.0625139474868774,,1.431339979171753,,0.5175778269767761,,0.15365804731845856
,5472.0,12,8.546206663595513e-05,16299,,0.700677216053009,,1.1302623748779297,,0.5178077220916748,,0.1537030190229416
,5504.0,12,8.540689304936677e-05,16349,,1.1598793268203735,,1.3051238059997559,,0.5180323123931885,,0.1537548303604126
,5512.0,12,8.535172673873603e-05,16399,,0.9521313309669495,,1.617495059967041,,0.518261730670929,,0.15381063520908356
,5480.0,12,8.529655315214768e-05,16449,,0.6408977508544922,,0.9131441116333008,,0.5184924602508545,,0.15386146306991577
,5428.0,12,8.524137956555933e-05,16499,,1.1248095035552979,,1.6462242603302002,,0.5187350511550903,,0.15388138592243195
,5504.0,12,8.518620597897097e-05,16549,,1.1225899457931519,,1.8754276037216187,,0.518902063369751,,0.15394455194473267
,5400.0,12,8.513103239238262e-05,16599,,0.8156538605690002,,1.3486138582229614,,0.5191242694854736,,0.15398789942264557
,5504.0,12,8.507585880579427e-05,16649,,0.70625239610672,,1.0673818588256836,,0.5193456411361694,,0.15402066707611084
,5512.0,12,8.502069249516353e-05,16699,,1.0444504022598267,,1.4455288648605347,,0.5195670127868652,,0.15408433973789215
,5456.0,12,8.496551890857518e-05,16749,,1.132969856262207,,1.478001356124878,,0.5197973251342773,,0.1541440188884735
,5444.0,12,8.491034532198682e-05,16799,,0.6663265824317932,,1.164065957069397,,0.5200250148773193,,0.15420399606227875
,5488.0,12,8.485517173539847e-05,16849,,1.0494064092636108,,1.4768162965774536,,0.5202681422233582,,0.15425486862659454
,5460.0,12,8.479999814881012e-05,16899,,1.039973497390747,,1.631277322769165,,0.5204874277114868,,0.15428338944911957
5463.75634765625,,12,,16912,0.8796501755714417,,1.2956514358520508,,0.5176700949668884,,0.1537160575389862,
,5540.0,13,8.474482456222177e-05,16949,,1.2787138223648071,,1.6756402254104614,,0.520682692527771,,0.15433694422245026
,5492.0,13,8.468965825159103e-05,16999,,1.264336347579956,,1.4893953800201416,,0.5209290385246277,,0.15437984466552734
,5472.0,13,8.463448466500267e-05,17049,,0.7212892174720764,,1.2112572193145752,,0.521146833896637,,0.15443192422389984
,5496.0,13,8.457931107841432e-05,17099,,1.2231014966964722,,1.500320315361023,,0.521369218826294,,0.15447933971881866
,5484.0,13,8.452413749182597e-05,17149,,1.0037533044815063,,1.216045618057251,,0.5215972065925598,,0.1545138657093048
,5472.0,13,8.446896390523762e-05,17199,,0.883161723613739,,1.1293271780014038,,0.5217993855476379,,0.15455573797225952
,5540.0,13,8.441379031864926e-05,17249,,0.885555624961853,,1.185569167137146,,0.5219986438751221,,0.15460601449012756
,5468.0,13,8.435862400801852e-05,17299,,1.0591634511947632,,1.1652237176895142,,0.5222050547599792,,0.15465570986270905
,5344.0,13,8.430345042143017e-05,17349,,0.999970555305481,,1.3681581020355225,,0.5224142074584961,,0.15470558404922485
,5528.0,13,8.424827683484182e-05,17399,,0.9170664548873901,,1.3489999771118164,,0.522619366645813,,0.15474656224250793
,5476.0,13,8.419310324825346e-05,17449,,1.1806697845458984,,1.5528929233551025,,0.5228022933006287,,0.1547970473766327
,5492.0,13,8.413792966166511e-05,17499,,0.8284183740615845,,1.2569115161895752,,0.5230039358139038,,0.15483969449996948
,5500.0,13,8.408275607507676e-05,17549,,0.7364170551300049,,1.303752064704895,,0.5231955647468567,,0.15490448474884033
,5424.0,13,8.402758976444602e-05,17599,,1.0434856414794922,,0.8596144318580627,,0.5234116315841675,,0.15495067834854126
,5520.0,13,8.397241617785767e-05,17649,,0.846117377281189,,1.2227537631988525,,0.5236369371414185,,0.1550033539533615
,5384.0,13,8.391724259126931e-05,17699,,0.8274237513542175,,1.3422185182571411,,0.5238169431686401,,0.1550775021314621
,5496.0,13,8.386206900468096e-05,17749,,0.8220598697662354,,1.0804463624954224,,0.5240195393562317,,0.15512177348136902
,5436.0,13,8.380689541809261e-05,17799,,1.188368320465088,,1.4721035957336426,,0.5242243409156799,,0.15517696738243103
,5556.0,13,8.375172183150426e-05,17849,,1.1791115999221802,,1.4228178262710571,,0.5244380831718445,,0.15521571040153503
,5508.0,13,8.36965482449159e-05,17899,,1.0237493515014648,,1.4449406862258911,,0.5246469974517822,,0.15525221824645996
,5404.0,13,8.364138193428516e-05,17949,,1.016783356666565,,1.1930490732192993,,0.5248448848724365,,0.15529784560203552
,5468.0,13,8.358620834769681e-05,17999,,0.8934192061424255,,1.2343454360961914,,0.5250254273414612,,0.15534046292304993
,5456.0,13,8.353103476110846e-05,18049,,1.0698938369750977,,1.3445857763290405,,0.5252305269241333,,0.15535986423492432
,5456.0,13,8.34758611745201e-05,18099,,0.9955182075500488,,1.327804446220398,,0.5254341959953308,,0.15540868043899536
,5424.0,13,8.342068758793175e-05,18149,,0.6908532977104187,,0.9969944357872009,,0.5256592035293579,,0.15543712675571442
,5516.0,13,8.33655140013434e-05,18199,,1.051038384437561,,1.1713920831680298,,0.5258653163909912,,0.15548419952392578
5461.97314453125,,13,,18213,0.9839202165603638,,1.2980057001113892,,0.5233393907546997,,0.1549382358789444,
,5452.0,14,8.331034769071266e-05,18249,,1.0234706401824951,,1.402382493019104,,0.5260657668113708,,0.15551960468292236
,5408.0,14,8.325517410412431e-05,18299,,0.8700506091117859,,1.2638764381408691,,0.5262397527694702,,0.1555543839931488
,5464.0,14,8.320000051753595e-05,18349,,1.1495788097381592,,1.2457960844039917,,0.5264430642127991,,0.15559889376163483
,5524.0,14,8.31448269309476e-05,18399,,0.8673604130744934,,1.1463528871536255,,0.5266156196594238,,0.15565574169158936
,5476.0,14,8.308965334435925e-05,18449,,1.0943554639816284,,1.1174957752227783,,0.5268093347549438,,0.15570533275604248
,5500.0,14,8.30344797577709e-05,18499,,1.1108568906784058,,0.8798608183860779,,0.5270209312438965,,0.1557491570711136
,5464.0,14,8.297931344714016e-05,18549,,1.355797529220581,,1.0550172328948975,,0.5272143483161926,,0.15578672289848328
,5464.0,14,8.29241398605518e-05,18599,,1.058167576789856,,1.0758908987045288,,0.527437686920166,,0.15580298006534576
,5504.0,14,8.286896627396345e-05,18649,,1.0556808710098267,,1.0160062313079834,,0.5276278257369995,,0.15581953525543213
,5340.0,14,8.28137926873751e-05,18699,,0.9988484382629395,,1.3093092441558838,,0.5278302431106567,,0.1558360904455185
,5524.0,14,8.275861910078675e-05,18749,,1.3165568113327026,,1.6040046215057373,,0.5280247926712036,,0.1558624505996704
,5456.0,14,8.270344551419839e-05,18799,,1.2858864068984985,,1.4016926288604736,,0.5282049179077148,,0.1559009850025177
,5396.0,14,8.264827920356765e-05,18849,,1.3161826133728027,,1.7409436702728271,,0.5284042358398438,,0.1559346318244934
,5544.0,14,8.25931056169793e-05,18899,,0.9511567950248718,,1.0930322408676147,,0.5285860300064087,,0.15596109628677368
,5392.0,14,8.253793203039095e-05,18949,,1.1633098125457764,,1.330931305885315,,0.5287648439407349,,0.15599799156188965
,5460.0,14,8.24827584438026e-05,18999,,0.9461044073104858,,1.2449244260787964,,0.528955340385437,,0.1560429334640503
,5508.0,14,8.242758485721424e-05,19049,,1.2623440027236938,,1.3208526372909546,,0.52911776304245,,0.1560896337032318
,5504.0,14,8.237241127062589e-05,19099,,1.1365232467651367,,1.2758722305297852,,0.5293139219284058,,0.15613166987895966
,5492.0,14,8.231724495999515e-05,19149,,1.1657919883728027,,1.7885053157806396,,0.5294776558876038,,0.15616878867149353
,5488.0,14,8.22620713734068e-05,19199,,1.2452727556228638,,1.5527116060256958,,0.5296753644943237,,0.1561947464942932
,5524.0,14,8.220689778681844e-05,19249,,0.7957987189292908,,0.9821670055389404,,0.5298662185668945,,0.15622027218341827
,5484.0,14,8.215172420023009e-05,19299,,1.286908507347107,,1.6143771409988403,,0.5300467014312744,,0.15626081824302673
,5420.0,14,8.209655061364174e-05,19349,,1.1537848711013794,,1.097118616104126,,0.5302413702011108,,0.15628847479820251
,5508.0,14,8.204137702705339e-05,19399,,0.9855442643165588,,1.00026535987854,,0.5304396152496338,,0.1563175618648529
,5464.0,14,8.198620344046503e-05,19449,,0.9696683287620544,,1.0406434535980225,,0.5306077599525452,,0.15633942186832428
,5508.0,14,8.19310371298343e-05,19499,,1.1839665174484253,,1.5367176532745361,,0.5307777523994446,,0.1563701629638672
5460.18212890625,,14,,19514,1.0676510334014893,,1.271834373474121,,0.5284928679466248,,0.15598173439502716,
,5364.0,15,8.187586354324594e-05,19549,,0.8515903949737549,,1.050748586654663,,0.5309509038925171,,0.15640264749526978
,5460.0,15,8.182068995665759e-05,19599,,1.1034979820251465,,1.2928253412246704,,0.5311515927314758,,0.15642130374908447
,5500.0,15,8.176551637006924e-05,19649,,1.1699222326278687,,1.4522695541381836,,0.5313224196434021,,0.15645629167556763
,5512.0,15,8.171034278348088e-05,19699,,1.2495677471160889,,1.2857582569122314,,0.5315089225769043,,0.15648725628852844
,5480.0,15,8.165516919689253e-05,19749,,1.447943091392517,,1.5390926599502563,,0.5317009687423706,,0.15651479363441467
,5492.0,15,8.160000288626179e-05,19799,,0.9123257398605347,,0.8736018538475037,,0.5318763852119446,,0.15653394162654877
,5488.0,15,8.154482929967344e-05,19849,,1.3722914457321167,,1.315514326095581,,0.5320484042167664,,0.15656468272209167
,5472.0,15,8.148965571308509e-05,19899,,1.5374454259872437,,1.7493804693222046,,0.5322146415710449,,0.15659457445144653
,5500.0,15,8.143448212649673e-05,19949,,1.1237902641296387,,1.3175407648086548,,0.5323911309242249,,0.15661652386188507
,5520.0,15,8.137930853990838e-05,19999,,1.214963674545288,,1.088824987411499,,0.5325568318367004,,0.15665273368358612
,5420.0,15,8.132413495332003e-05,20049,,0.9680386781692505,,1.0850067138671875,,0.5327285528182983,,0.15668226778507233
,5452.0,15,8.126896864268929e-05,20099,,1.0703997611999512,,1.1659681797027588,,0.5329191088676453,,0.15669354796409607
,5400.0,15,8.121379505610093e-05,20149,,1.018516182899475,,1.2138276100158691,,0.5331030488014221,,0.15671734511852264
,5464.0,15,8.115862146951258e-05,20199,,1.065387487411499,,1.3372137546539307,,0.5332772731781006,,0.15676170587539673
,5468.0,15,8.110344788292423e-05,20249,,1.0763143301010132,,1.2007579803466797,,0.5334471464157104,,0.15680602192878723
,5500.0,15,8.104827429633588e-05,20299,,1.4898096323013306,,1.3971470594406128,,0.5336135625839233,,0.15684325993061066
,5512.0,15,8.099310070974752e-05,20349,,1.1165924072265625,,1.412730097770691,,0.5337642431259155,,0.15688087046146393
,5508.0,15,8.093793439911678e-05,20399,,1.064281940460205,,1.2776408195495605,,0.5339236855506897,,0.1569088250398636
,5492.0,15,8.088276081252843e-05,20449,,1.3127045631408691,,1.4641444683074951,,0.5340871214866638,,0.15693460404872894
,5456.0,15,8.082758722594008e-05,20499,,1.2385884523391724,,1.167202353477478,,0.5342566967010498,,0.15694603323936462
,5348.0,15,8.077241363935173e-05,20549,,1.0818119049072266,,1.2204135656356812,,0.5344212651252747,,0.15696218609809875
,5524.0,15,8.071724005276337e-05,20599,,1.2358850240707397,,1.108494520187378,,0.534593939781189,,0.15699660778045654
,5464.0,15,8.066206646617502e-05,20649,,1.2748463153839111,,1.3220221996307373,,0.5347626805305481,,0.15702489018440247
,5484.0,15,8.060690015554428e-05,20699,,1.223569393157959,,1.2021186351776123,,0.5349217653274536,,0.15704281628131866
,5428.0,15,8.055172656895593e-05,20749,,1.450937032699585,,1.43265700340271,,0.535078763961792,,0.15707051753997803
,5488.0,15,8.049655298236758e-05,20799,,1.26417875289917,,1.2811241149902344,,0.5352473855018616,,0.1570860594511032
5463.1669921875,,15,,20815,1.1661268472671509,,1.2568713426589966,,0.5331944227218628,,0.15677204728126526,
,5456.0,16,8.044137939577922e-05,20849,,1.11119544506073,,0.9054834246635437,,0.5354138016700745,,0.15710820257663727
,5448.0,16,8.038620580919087e-05,20899,,1.2578504085540771,,1.3281738758087158,,0.535586953163147,,0.15711891651153564
,5448.0,16,8.033103222260252e-05,20949,,1.316950798034668,,1.4333711862564087,,0.5357500910758972,,0.15716063976287842
,5432.0,16,8.027585863601416e-05,20999,,1.0812931060791016,,1.0544646978378296,,0.5359068512916565,,0.15718872845172882
,5544.0,16,8.022069232538342e-05,21049,,0.9835588335990906,,1.1734334230422974,,0.5360727906227112,,0.1572115272283554
,5412.0,16,8.016551873879507e-05,21099,,1.1111177206039429,,1.138993263244629,,0.5362383127212524,,0.15724676847457886
,5464.0,16,8.011034515220672e-05,21149,,1.522207260131836,,1.4467673301696777,,0.536388635635376,,0.15727967023849487
,5512.0,16,8.005517156561837e-05,21199,,1.476763129234314,,1.3697261810302734,,0.5365338325500488,,0.1573026180267334
,5508.0,16,7.999999797903001e-05,21249,,1.4274271726608276,,1.6314579248428345,,0.5366823673248291,,0.15733931958675385
,5432.0,16,7.994482439244166e-05,21299,,1.4100873470306396,,1.3402491807937622,,0.5368413925170898,,0.15736716985702515
,5448.0,16,7.988965808181092e-05,21349,,1.286484718322754,,1.4293423891067505,,0.5370088815689087,,0.1573951244354248
,5440.0,16,7.983448449522257e-05,21399,,1.373323917388916,,1.4888064861297607,,0.5371580123901367,,0.15743029117584229
,5528.0,16,7.977931090863422e-05,21449,,1.478519320487976,,1.0935570001602173,,0.537312924861908,,0.15746666491031647
,5496.0,16,7.972413732204586e-05,21499,,1.0497480630874634,,1.1019763946533203,,0.5374836325645447,,0.15749311447143555
,5448.0,16,7.966896373545751e-05,21549,,0.668524980545044,,0.8132272362709045,,0.5376414656639099,,0.15752357244491577
,5512.0,16,7.961379014886916e-05,21599,,1.3942230939865112,,1.1599104404449463,,0.5378122329711914,,0.15755121409893036
,5500.0,16,7.955862383823842e-05,21649,,0.9492630362510681,,0.9746780395507812,,0.5379639863967896,,0.1575758159160614
,5532.0,16,7.950345025165007e-05,21699,,1.288252830505371,,1.265890121459961,,0.5381150245666504,,0.1575906127691269
,5484.0,16,7.944827666506171e-05,21749,,1.21882164478302,,1.2587847709655762,,0.5382738709449768,,0.15760783851146698
,5480.0,16,7.939310307847336e-05,21799,,1.2749512195587158,,1.181418538093567,,0.538413405418396,,0.1576363444328308
,5480.0,16,7.9337929491885e-05,21849,,1.3428093194961548,,1.0919678211212158,,0.5385743379592896,,0.15764972567558289
,5496.0,16,7.928275590529665e-05,21899,,1.012384295463562,,0.9455613493919373,,0.5387229919433594,,0.15765874087810516
,5492.0,16,7.922758959466591e-05,21949,,1.3669501543045044,,1.2472916841506958,,0.5388831496238708,,0.15767984092235565
,5468.0,16,7.917241600807756e-05,21999,,1.2972174882888794,,1.2533215284347534,,0.5390200614929199,,0.15771055221557617
,5113.0,16,7.911724242148921e-05,22049,,1.3829903602600098,,1.5685175657272339,,0.5391692519187927,,0.15774093568325043
,5520.0,16,7.906206883490086e-05,22099,,1.0145909786224365,,0.9038936495780945,,0.5393176078796387,,0.15778076648712158
5463.06591796875,,16,,22116,1.2482904195785522,,1.2479697465896606,,0.5374471545219421,,0.15747365355491638,
,5432.0,17,7.90068952483125e-05,22149,,0.9804608225822449,,0.9488658905029297,,0.5394649505615234,,0.1578226387500763
,5428.0,17,7.895172166172415e-05,22199,,1.2030562162399292,,0.9673967957496643,,0.5396285057067871,,0.15785622596740723
,5440.0,17,7.889655535109341e-05,22249,,0.8219252824783325,,0.7621099352836609,,0.5397777557373047,,0.15787193179130554
,5480.0,17,7.884138176450506e-05,22299,,1.5249356031417847,,1.3982367515563965,,0.5399231910705566,,0.15791679918766022
,5420.0,17,7.87862081779167e-05,22349,,1.5526412725448608,,1.1099998950958252,,0.5400691032409668,,0.15795369446277618
,5500.0,17,7.873103459132835e-05,22399,,1.2344543933868408,,1.2364387512207031,,0.5402204394340515,,0.15798726677894592
,5428.0,17,7.867586100474e-05,22449,,1.977347731590271,,1.6532456874847412,,0.540377140045166,,0.1580020934343338
,5456.0,17,7.862068741815165e-05,22499,,1.1295915842056274,,0.7024456858634949,,0.5405289530754089,,0.1580175757408142
,5380.0,17,7.85655138315633e-05,22549,,0.8989824652671814,,0.7134467959403992,,0.5406631231307983,,0.1580377221107483
,5472.0,17,7.851034752093256e-05,22599,,1.6806919574737549,,1.6280170679092407,,0.5408072471618652,,0.15807883441448212
,5428.0,17,7.84551739343442e-05,22649,,1.4328495264053345,,1.2705192565917969,,0.5409559011459351,,0.15811650454998016
,5500.0,17,7.840000034775585e-05,22699,,0.8301095962524414,,0.9057095050811768,,0.5411108732223511,,0.158127561211586
,5384.0,17,7.83448267611675e-05,22749,,1.3072844743728638,,1.2200545072555542,,0.5412553548812866,,0.15814374387264252
,5432.0,17,7.828965317457914e-05,22799,,0.9495183229446411,,0.9295968413352966,,0.5413932800292969,,0.15815900266170502
,5472.0,17,7.823447958799079e-05,22849,,1.1104986667633057,,1.2336546182632446,,0.5415433049201965,,0.15817826986312866
,5460.0,17,7.817931327736005e-05,22899,,1.224800944328308,,1.0702753067016602,,0.5416924953460693,,0.15819886326789856
,5440.0,17,7.81241396907717e-05,22949,,1.3978383541107178,,1.2217425107955933,,0.5418524742126465,,0.15821880102157593
,5400.0,17,7.806896610418335e-05,22999,,1.0683941841125488,,1.2396728992462158,,0.5419992208480835,,0.1582397222518921
,5480.0,17,7.801379251759499e-05,23049,,1.3842458724975586,,1.4230643510818481,,0.5421351790428162,,0.15827113389968872
,5460.0,17,7.795861893100664e-05,23099,,1.309561014175415,,1.2942864894866943,,0.5422737002372742,,0.15830589830875397
,5448.0,17,7.790344534441829e-05,23149,,1.2479863166809082,,1.151771903038025,,0.5424152612686157,,0.15833553671836853
,5476.0,17,7.784827903378755e-05,23199,,1.5099080801010132,,1.3981783390045166,,0.5425471067428589,,0.1583692729473114
,5396.0,17,7.77931054471992e-05,23249,,1.5807621479034424,,1.5461167097091675,,0.5426809191703796,,0.158412903547287
,5480.0,17,7.773793186061084e-05,23299,,1.6109461784362793,,1.100350022315979,,0.5428268313407898,,0.15842454135417938
,5472.0,17,7.768275827402249e-05,23349,,1.0191211700439453,,0.9252078533172607,,0.5429691672325134,,0.15844126045703888
,5380.0,17,7.762758468743414e-05,23399,,1.1350103616714478,,1.2276477813720703,,0.5430988073348999,,0.15847310423851013
5460.5732421875,,17,,23417,1.3299685716629028,,1.2305262088775635,,0.5413723587989807,,0.1581718921661377,
,5420.0,18,7.757241110084578e-05,23449,,1.4992605447769165,,1.4078658819198608,,0.5432441234588623,,0.1584896445274353
,5524.0,18,7.751724479021505e-05,23499,,1.2338858842849731,,0.9544222950935364,,0.5433696508407593,,0.1585129350423813
,5472.0,18,7.746207120362669e-05,23549,,1.3483084440231323,,1.3212590217590332,,0.5435048937797546,,0.15853476524353027
,5400.0,18,7.740689761703834e-05,23599,,1.3923972845077515,,1.1040353775024414,,0.5436343550682068,,0.1585538238286972
,5456.0,18,7.735172403044999e-05,23649,,1.4909487962722778,,1.2240105867385864,,0.5437859296798706,,0.1585661768913269
,5512.0,18,7.729655044386163e-05,23699,,1.3147571086883545,,1.0469497442245483,,0.5439264178276062,,0.15858660638332367
,5512.0,18,7.724137685727328e-05,23749,,1.3044328689575195,,1.054606318473816,,0.5440490245819092,,0.15861110389232635
,5476.0,18,7.718620327068493e-05,23799,,1.3090457916259766,,1.2105393409729004,,0.544195294380188,,0.1586408019065857
,5472.0,18,7.713103696005419e-05,23849,,1.3297227621078491,,1.3302136659622192,,0.5443466305732727,,0.15866683423519135
,5424.0,18,7.707586337346584e-05,23899,,1.128606915473938,,0.9714452624320984,,0.5444785356521606,,0.15867729485034943
,5464.0,18,7.702068978687748e-05,23949,,1.414509892463684,,1.2585715055465698,,0.5445984601974487,,0.15870311856269836
,5396.0,18,7.696551620028913e-05,23999,,1.3808649778366089,,1.1873778104782104,,0.5447356700897217,,0.15873746573925018
,5504.0,18,7.691034261370078e-05,24049,,1.185123324394226,,1.203574538230896,,0.5448769330978394,,0.1587628722190857
,5424.0,18,7.685516902711242e-05,24099,,1.279670000076294,,1.1213301420211792,,0.5450208187103271,,0.15879502892494202
,5412.0,18,7.680000271648169e-05,24149,,1.3223291635513306,,1.430215835571289,,0.5451515316963196,,0.15883095562458038
,5468.0,18,7.674482912989333e-05,24199,,1.3965874910354614,,1.035262107849121,,0.5452919602394104,,0.15886084735393524
,5460.0,18,7.668965554330498e-05,24249,,1.2594494819641113,,1.2291672229766846,,0.5454227924346924,,0.15888917446136475
,5476.0,18,7.663448195671663e-05,24299,,1.5399112701416016,,1.3373006582260132,,0.5455466508865356,,0.15890878438949585
,5400.0,18,7.657930837012827e-05,24349,,0.7777901887893677,,0.8221529126167297,,0.5456804037094116,,0.15892700850963593
,5476.0,18,7.652413478353992e-05,24399,,1.3598766326904297,,1.2519196271896362,,0.5458110570907593,,0.15896254777908325
,5552.0,18,7.646896847290918e-05,24449,,1.0048526525497437,,1.040640115737915,,0.5459451079368591,,0.15899281203746796
,5536.0,18,7.641379488632083e-05,24499,,1.2472705841064453,,1.1035511493682861,,0.5460835695266724,,0.159023255109787
,5476.0,18,7.635862129973248e-05,24549,,1.444063663482666,,1.0379165410995483,,0.5462183952331543,,0.15904033184051514
,5508.0,18,7.630344771314412e-05,24599,,1.5925703048706055,,1.357090950012207,,0.5463649034500122,,0.15904757380485535
,5476.0,18,7.624827412655577e-05,24649,,1.2032504081726074,,1.1024839878082275,,0.5464752316474915,,0.1590719223022461
,5448.0,18,7.619310053996742e-05,24699,,1.570078730583191,,1.1141581535339355,,0.5465925931930542,,0.1590934842824936
5463.47119140625,,18,,24718,1.439010739326477,,1.2335065603256226,,0.5449991822242737,,0.1588076651096344,
,5460.0,19,7.613793422933668e-05,24749,,1.1263574361801147,,1.0045253038406372,,0.5467133522033691,,0.15913110971450806
,5472.0,19,7.608276064274833e-05,24799,,0.9601077437400818,,0.7409132719039917,,0.5468398332595825,,0.1591576337814331
,5508.0,19,7.602758705615997e-05,24849,,1.5767282247543335,,1.3899030685424805,,0.5469740629196167,,0.15918521583080292
,5388.0,19,7.597241346957162e-05,24899,,1.423592209815979,,1.3901798725128174,,0.5470829010009766,,0.15921807289123535
,5404.0,19,7.591723988298327e-05,24949,,1.6364963054656982,,1.4537017345428467,,0.5472054481506348,,0.15926048159599304
,5356.0,19,7.586206629639491e-05,24999,,1.6969130039215088,,1.4453072547912598,,0.5473411679267883,,0.15927928686141968
,5524.0,19,7.580689998576418e-05,25049,,1.6383076906204224,,1.2297922372817993,,0.5474711060523987,,0.15929482877254486
,5444.0,19,7.575172639917582e-05,25099,,1.6720623970031738,,1.2363897562026978,,0.547596275806427,,0.15931177139282227
,5476.0,19,7.569655281258747e-05,25149,,1.3649086952209473,,1.2251170873641968,,0.5477195382118225,,0.15934470295906067
,5432.0,19,7.564137922599912e-05,25199,,1.458154559135437,,1.1250907182693481,,0.5478512048721313,,0.15938004851341248
,5504.0,19,7.558620563941076e-05,25249,,1.3989167213439941,,1.0605334043502808,,0.5479758381843567,,0.15941493213176727
,5432.0,19,7.553103205282241e-05,25299,,1.637786865234375,,1.077082633972168,,0.5480996370315552,,0.15944024920463562
,5488.0,19,7.547585846623406e-05,25349,,1.4139187335968018,,0.8672283887863159,,0.5482239723205566,,0.1594674289226532
,5480.0,19,7.542069215560332e-05,25399,,1.505216121673584,,1.2607372999191284,,0.548353374004364,,0.15949608385562897
,5444.0,19,7.536551856901497e-05,25449,,1.569385051727295,,1.0461513996124268,,0.5484784245491028,,0.1595107764005661
,5528.0,19,7.531034498242661e-05,25499,,1.5622544288635254,,1.2869876623153687,,0.5485943555831909,,0.1595398634672165
,5480.0,19,7.525517139583826e-05,25549,,1.6977272033691406,,1.3699666261672974,,0.5487258434295654,,0.15954576432704926
,5476.0,19,7.519999780924991e-05,25599,,1.7027952671051025,,1.0248937606811523,,0.5488520264625549,,0.1595529317855835
,5464.0,19,7.514482422266155e-05,25649,,1.4261181354522705,,1.2635934352874756,,0.5489764213562012,,0.1595613807439804
,5556.0,19,7.508965791203082e-05,25699,,1.163633108139038,,0.8284968137741089,,0.5491120219230652,,0.15956923365592957
,5444.0,19,7.503448432544246e-05,25749,,1.469223976135254,,1.2726472616195679,,0.5492298603057861,,0.15960481762886047
,5448.0,19,7.497931073885411e-05,25799,,1.7478567361831665,,1.6037399768829346,,0.549333393573761,,0.15963256359100342
,5392.0,19,7.492413715226576e-05,25849,,1.4011433124542236,,0.984538197517395,,0.549465000629425,,0.1596287190914154
,5468.0,19,7.48689635656774e-05,25899,,1.661936640739441,,1.2877026796340942,,0.5495823621749878,,0.15965041518211365
,5476.0,19,7.481378997908905e-05,25949,,1.9528422355651855,,1.2844932079315186,,0.5497177839279175,,0.15965570509433746
,5496.0,19,7.475862366845831e-05,25999,,1.1463372707366943,,1.1629899740219116,,0.5498338341712952,,0.1596774458885193
5462.45263671875,,19,,26019,1.5150245428085327,,1.2180628776550293,,0.5483496189117432,,0.15946294367313385,
,5424.0,20,7.470345008186996e-05,26049,,1.3730673789978027,,1.1555029153823853,,0.5499446988105774,,0.15970075130462646
,5480.0,20,7.464827649528161e-05,26099,,1.421371579170227,,1.0788458585739136,,0.5500773191452026,,0.15972024202346802
,5432.0,20,7.459310290869325e-05,26149,,1.7827155590057373,,1.4696048498153687,,0.5501983165740967,,0.15974418818950653
,5500.0,20,7.45379293221049e-05,26199,,1.8390655517578125,,1.3725124597549438,,0.5503267049789429,,0.15976111590862274
,5468.0,20,7.448275573551655e-05,26249,,1.3628162145614624,,1.1610047817230225,,0.5504368543624878,,0.1597772091627121
,5476.0,20,7.442758942488581e-05,26299,,1.8862277269363403,,1.6549289226531982,,0.5505648255348206,,0.15980638563632965
,5440.0,20,7.437241583829746e-05,26349,,1.7081339359283447,,1.3043707609176636,,0.5506911277770996,,0.15982560813426971
,5500.0,20,7.43172422517091e-05,26399,,1.8376867771148682,,1.6355820894241333,,0.5507989525794983,,0.15984925627708435
,5420.0,20,7.426206866512075e-05,26449,,1.4230151176452637,,1.0197032690048218,,0.5509099960327148,,0.1598847210407257
,5392.0,20,7.42068950785324e-05,26499,,1.3292598724365234,,0.9490255117416382,,0.551021933555603,,0.1599096655845642
,5464.0,20,7.415172149194404e-05,26549,,1.8080912828445435,,1.3134620189666748,,0.55113685131073,,0.1599399745464325
,5452.0,20,7.40965551813133e-05,26599,,1.4097669124603271,,1.0863282680511475,,0.5512575507164001,,0.15996208786964417
,5388.0,20,7.404138159472495e-05,26649,,1.9033890962600708,,1.3752492666244507,,0.551361620426178,,0.15998318791389465
,5488.0,20,7.39862080081366e-05,26699,,1.538823127746582,,1.2169078588485718,,0.5514829158782959,,0.16000066697597504
,5500.0,20,7.393103442154825e-05,26749,,1.9617183208465576,,1.270015835762024,,0.5516021251678467,,0.16002264618873596
,5408.0,20,7.38758608349599e-05,26799,,1.435554027557373,,1.2016856670379639,,0.5517182350158691,,0.16004051268100739
,5456.0,20,7.382068724837154e-05,26849,,1.8032375574111938,,1.4774010181427002,,0.5518324971199036,,0.16006219387054443
,5480.0,20,7.376551366178319e-05,26899,,1.758871078491211,,1.2762964963912964,,0.5519531965255737,,0.16008378565311432
,5432.0,20,7.371034735115245e-05,26949,,1.5676406621932983,,1.1805144548416138,,0.5520651340484619,,0.16011232137680054
,5428.0,20,7.36551737645641e-05,26999,,1.2967449426651,,0.9508131742477417,,0.5521800518035889,,0.16013899445533752
,5500.0,20,7.360000017797574e-05,27049,,1.3951932191848755,,0.8445677757263184,,0.5522913932800293,,0.1601737141609192
,5484.0,20,7.354482659138739e-05,27099,,1.6861822605133057,,1.293221354484558,,0.552399754524231,,0.16019660234451294
,5552.0,20,7.348965300479904e-05,27149,,1.7013026475906372,,1.2481317520141602,,0.5525245666503906,,0.16021530330181122
,5440.0,20,7.343447941821069e-05,27199,,1.506958246231079,,0.9929116368293762,,0.5526334047317505,,0.1602456271648407
,5488.0,20,7.337931310757995e-05,27249,,1.8953325748443604,,1.4517905712127686,,0.5527448058128357,,0.16026410460472107
,5552.0,20,7.33241395209916e-05,27299,,1.4736742973327637,,1.1854276657104492,,0.5528529286384583,,0.16026858985424042
5462.97021484375,,20,,27320,1.6025400161743164,,1.2087565660476685,,0.5514928102493286,,0.1600090116262436,
,5508.0,21,7.326896593440324e-05,27349,,2.089017868041992,,1.5796570777893066,,0.5529636144638062,,0.160276859998703
,5440.0,21,7.321379234781489e-05,27399,,1.524119257926941,,0.9171267747879028,,0.5530691742897034,,0.1602901965379715
,5456.0,21,7.315861876122653e-05,27449,,1.9575700759887695,,1.373535394668579,,0.5531909465789795,,0.16030368208885193
,5500.0,21,7.310344517463818e-05,27499,,1.9797163009643555,,1.2461192607879639,,0.5533056259155273,,0.16032826900482178
,5436.0,21,7.304827886400744e-05,27549,,1.4609673023223877,,1.0633560419082642,,0.5534173846244812,,0.16035543382167816
,5476.0,21,7.299310527741909e-05,27599,,1.010839581489563,,0.7579676508903503,,0.5535233616828918,,0.1603744477033615
,5440.0,21,7.293793169083074e-05,27649,,1.575212836265564,,1.0861048698425293,,0.5536285638809204,,0.16040100157260895
,5448.0,21,7.288275810424238e-05,27699,,1.542622685432434,,1.0811246633529663,,0.5537328720092773,,0.160415917634964
,5364.0,21,7.282758451765403e-05,27749,,1.6931005716323853,,1.3196214437484741,,0.553852915763855,,0.16043242812156677
,5420.0,21,7.277241093106568e-05,27799,,1.43172025680542,,1.081307291984558,,0.5539621114730835,,0.16045314073562622
,5464.0,21,7.271724462043494e-05,27849,,1.9794034957885742,,1.2781548500061035,,0.5540741682052612,,0.16047777235507965
,5472.0,21,7.266207103384659e-05,27899,,1.7553622722625732,,1.2763665914535522,,0.5541863441467285,,0.16048692166805267
,5480.0,21,7.260689744725823e-05,27949,,1.8843945264816284,,1.3674921989440918,,0.5542885065078735,,0.16050253808498383
,5400.0,21,7.255172386066988e-05,27999,,1.937830924987793,,1.6432651281356812,,0.5543864369392395,,0.16052621603012085
,5492.0,21,7.249655027408153e-05,28049,,1.5378732681274414,,1.0539613962173462,,0.5544914603233337,,0.16054566204547882
,5436.0,21,7.244137668749318e-05,28099,,1.9224152565002441,,1.363524317741394,,0.5546069145202637,,0.16057088971138
,5404.0,21,7.238621037686244e-05,28149,,2.0609958171844482,,1.4583674669265747,,0.554718554019928,,0.16059482097625732
,5500.0,21,7.233103679027408e-05,28199,,1.6985290050506592,,1.137974739074707,,0.5548187494277954,,0.1606166958808899
,5400.0,21,7.227586320368573e-05,28249,,1.9315999746322632,,1.432751178741455,,0.5549337267875671,,0.16064158082008362
,5524.0,21,7.222068961709738e-05,28299,,1.7303870916366577,,1.3065450191497803,,0.5550324320793152,,0.16066893935203552
,5440.0,21,7.216551603050902e-05,28349,,1.426859736442566,,1.2228373289108276,,0.5551338791847229,,0.1606813222169876
,5396.0,21,7.211034244392067e-05,28399,,1.2999290227890015,,1.0201835632324219,,0.5552358627319336,,0.1607048064470291
,5464.0,21,7.205516885733232e-05,28449,,1.6683639287948608,,1.1861416101455688,,0.555335521697998,,0.16072098910808563
,5456.0,21,7.200000254670158e-05,28499,,2.736297130584717,,1.9009453058242798,,0.5554470419883728,,0.16073539853096008
,5560.0,21,7.194482896011323e-05,28549,,2.0705513954162598,,1.504860281944275,,0.5555533170700073,,0.16075754165649414
,5452.0,21,7.188965537352487e-05,28599,,1.7847999334335327,,1.2531311511993408,,0.5556674003601074,,0.16078045964241028
5461.1240234375,,21,,28621,1.7133172750473022,,1.214975357055664,,0.5544019341468811,,0.16054710745811462,
,5428.0,22,7.183448178693652e-05,28649,,1.4162607192993164,,0.8577683568000793,,0.5557667016983032,,0.16079945862293243
,5532.0,22,7.177930820034817e-05,28699,,1.3935346603393555,,1.094374179840088,,0.5558691024780273,,0.16082794964313507
,5456.0,22,7.172413461375982e-05,28749,,2.087869882583618,,1.5028798580169678,,0.5559787750244141,,0.16083894670009613
,5480.0,22,7.166896830312908e-05,28799,,2.0003228187561035,,1.386138916015625,,0.5560674667358398,,0.16085931658744812
,5544.0,22,7.161379471654072e-05,28849,,2.0465621948242188,,1.365273118019104,,0.5561684370040894,,0.16087044775485992
,5432.0,22,7.155862112995237e-05,28899,,1.6213650703430176,,1.085018515586853,,0.5562585592269897,,0.1608887016773224
,5480.0,22,7.150344754336402e-05,28949,,1.3311083316802979,,0.9768792986869812,,0.5563622713088989,,0.16090509295463562
,5440.0,22,7.144827395677567e-05,28999,,1.6719282865524292,,1.215823769569397,,0.5564625263214111,,0.1609324812889099
,5412.0,22,7.139310037018731e-05,29049,,1.274337649345398,,0.9830179214477539,,0.5565651655197144,,0.16094914078712463
,5552.0,22,7.133793405955657e-05,29099,,1.5885118246078491,,0.8122960329055786,,0.556667685508728,,0.16097179055213928
,5424.0,22,7.128276047296822e-05,29149,,1.616754412651062,,1.338661551475525,,0.5567746758460999,,0.16099189221858978
,5380.0,22,7.122758688637987e-05,29199,,1.8808751106262207,,1.336410641670227,,0.556873619556427,,0.1610080599784851
,5508.0,22,7.117241329979151e-05,29249,,1.9098364114761353,,1.1400330066680908,,0.5569921731948853,,0.16103465855121613
,5380.0,22,7.111723971320316e-05,29299,,1.761470079421997,,1.4341120719909668,,0.5571014285087585,,0.16105037927627563
,5428.0,22,7.106206612661481e-05,29349,,1.6258320808410645,,1.042567253112793,,0.5572060942649841,,0.16106630861759186
,5484.0,22,7.100689981598407e-05,29399,,1.984405755996704,,1.3544923067092896,,0.5573050379753113,,0.1610761284828186
,5496.0,22,7.095172622939572e-05,29449,,1.5071792602539062,,1.0482265949249268,,0.5574119687080383,,0.16109006106853485
,5464.0,22,7.089655264280736e-05,29499,,1.8561609983444214,,1.2663301229476929,,0.557515025138855,,0.16109628975391388
,5448.0,22,7.084137905621901e-05,29549,,2.034240484237671,,1.3414642810821533,,0.5576210021972656,,0.161101296544075
,5416.0,22,7.078620546963066e-05,29599,,1.4565656185150146,,1.018297553062439,,0.5577073097229004,,0.16111598908901215
,5504.0,22,7.07310318830423e-05,29649,,1.4818216562271118,,1.0338143110275269,,0.5578107237815857,,0.16113220155239105
,5464.0,22,7.067586557241157e-05,29699,,1.8774211406707764,,1.2324422597885132,,0.5579104423522949,,0.16114763915538788
,5400.0,22,7.062069198582321e-05,29749,,1.457565188407898,,0.8427984118461609,,0.558007001876831,,0.16115859150886536
,5456.0,22,7.056551839923486e-05,29799,,2.0494260787963867,,1.1869227886199951,,0.5581175088882446,,0.16116678714752197
,5496.0,22,7.051034481264651e-05,29849,,1.523951530456543,,0.974185049533844,,0.5582138895988464,,0.16118383407592773
,5424.0,22,7.045517122605816e-05,29899,,1.8094358444213867,,1.289363145828247,,0.5583032369613647,,0.1612076759338379
5462.68359375,,22,,29922,1.7727571725845337,,1.202370047569275,,0.5571164488792419,,0.16104048490524292,
,5444.0,23,7.03999976394698e-05,29949,,1.7733176946640015,,1.2687171697616577,,0.5584088563919067,,0.16122868657112122
,5480.0,23,7.034482405288145e-05,29999,,2.056246757507324,,1.2199658155441284,,0.5585089325904846,,0.16124141216278076
,5452.0,23,7.028965774225071e-05,30049,,1.9564263820648193,,1.287312626838684,,0.558597207069397,,0.16126440465450287
,5416.0,23,7.023448415566236e-05,30099,,1.818779468536377,,1.0349863767623901,,0.5586945414543152,,0.16127115488052368
,5464.0,23,7.0179310569074e-05,30149,,1.9393994808197021,,0.8167591691017151,,0.5587872266769409,,0.16128422319889069
,5424.0,23,7.012413698248565e-05,30199,,1.7046078443527222,,1.1134822368621826,,0.558885931968689,,0.16129018366336823
,5464.0,23,7.00689633958973e-05,30249,,1.6119201183319092,,1.2151004076004028,,0.558987021446228,,0.16129878163337708
,5468.0,23,7.001378980930895e-05,30299,,1.2975070476531982,,1.0401313304901123,,0.559090256690979,,0.16130372881889343
,5384.0,23,6.995862349867821e-05,30349,,1.951920509338379,,1.2514475584030151,,0.5591913461685181,,0.1613033264875412
,5376.0,23,6.990344991208985e-05,30399,,1.7768936157226562,,1.0952517986297607,,0.5592871904373169,,0.16131898760795593
,5424.0,23,6.98482763255015e-05,30449,,2.496093273162842,,1.4929053783416748,,0.5593897700309753,,0.16133593022823334
,5424.0,23,6.979310273891315e-05,30499,,1.7143959999084473,,1.0569241046905518,,0.5594824552536011,,0.16136151552200317
,5368.0,23,6.97379291523248e-05,30549,,1.7639591693878174,,1.172120213508606,,0.5595756769180298,,0.1613793671131134
,5484.0,23,6.968275556573644e-05,30599,,1.7498372793197632,,1.1831376552581787,,0.5596712827682495,,0.16140180826187134
,5436.0,23,6.96275892551057e-05,30649,,1.4465842247009277,,1.0908892154693604,,0.5597721338272095,,0.16141736507415771
,5492.0,23,6.957241566851735e-05,30699,,2.3373661041259766,,1.2461200952529907,,0.5598707795143127,,0.16143706440925598
,5420.0,23,6.9517242081929e-05,30749,,2.1302733421325684,,1.0583949089050293,,0.5599657297134399,,0.161451518535614
,5356.0,23,6.946206849534065e-05,30799,,1.7891560792922974,,1.0655955076217651,,0.5600557923316956,,0.1614721268415451
,5416.0,23,6.940689490875229e-05,30849,,2.286649465560913,,1.5113089084625244,,0.5601415634155273,,0.16148929297924042
,5516.0,23,6.935172132216394e-05,30899,,2.3716726303100586,,1.3833762407302856,,0.5602375864982605,,0.16150274872779846
,5504.0,23,6.92965550115332e-05,30949,,1.275691032409668,,0.7494662404060364,,0.5603333115577698,,0.1615171730518341
,5456.0,23,6.924138142494485e-05,30999,,1.4190611839294434,,1.0081419944763184,,0.5604271292686462,,0.16153207421302795
,5448.0,23,6.91862078383565e-05,31049,,1.9193135499954224,,1.2756353616714478,,0.5605200529098511,,0.1615424007177353
,5420.0,23,6.913103425176814e-05,31099,,2.251242160797119,,1.503073811531067,,0.560615062713623,,0.16155576705932617
,5460.0,23,6.907586066517979e-05,31149,,2.48395037651062,,1.3804857730865479,,0.5607056021690369,,0.16156522929668427
,5436.0,23,6.902068707859144e-05,31199,,1.8431416749954224,,1.1145803928375244,,0.5608059167861938,,0.16156956553459167
5461.830078125,,23,,31223,1.874370813369751,,1.201245903968811,,0.5596944093704224,,0.16142058372497559,
,5420.0,24,6.89655207679607e-05,31249,,1.610707402229309,,1.01759672164917,,0.5609076023101807,,0.16157135367393494
,5476.0,24,6.891034718137234e-05,31299,,2.016468048095703,,1.227634072303772,,0.5609996318817139,,0.16158193349838257
,5476.0,24,6.885517359478399e-05,31349,,1.654060959815979,,0.9963769912719727,,0.5610941648483276,,0.16159112751483917
,5472.0,24,6.880000000819564e-05,31399,,1.779566764831543,,1.2950773239135742,,0.5611916780471802,,0.1616000533103943
,5452.0,24,6.874482642160729e-05,31449,,1.4787269830703735,,1.0604965686798096,,0.5612863898277283,,0.16161447763442993
,5516.0,24,6.868965283501893e-05,31499,,2.087404727935791,,1.1818088293075562,,0.5613744854927063,,0.16162797808647156
,5492.0,24,6.863447924843058e-05,31549,,1.9640419483184814,,1.2523467540740967,,0.5614509582519531,,0.16165122389793396
,5460.0,24,6.857931293779984e-05,31599,,1.8025325536727905,,1.215597152709961,,0.5615426301956177,,0.16167514026165009
,5456.0,24,6.852413935121149e-05,31649,,2.336893320083618,,1.460425615310669,,0.5616239309310913,,0.1616944670677185
,5452.0,24,6.846896576462314e-05,31699,,1.7650558948516846,,1.1491570472717285,,0.5617185831069946,,0.16171090304851532
,5456.0,24,6.841379217803478e-05,31749,,1.641600489616394,,0.8972107172012329,,0.5618072152137756,,0.16173431277275085
,5496.0,24,6.835861859144643e-05,31799,,1.8091480731964111,,1.0524388551712036,,0.5619058609008789,,0.16174863278865814
,5464.0,24,6.830344500485808e-05,31849,,1.883072018623352,,0.9044119119644165,,0.56201171875,,0.1617601066827774
,5504.0,24,6.824827869422734e-05,31899,,2.270277976989746,,1.4698854684829712,,0.5621042847633362,,0.16178052127361298
,5424.0,24,6.819310510763898e-05,31949,,2.124263286590576,,1.1349323987960815,,0.5622013807296753,,0.161796435713768
,5436.0,24,6.813793152105063e-05,31999,,2.282776355743408,,1.3218748569488525,,0.5622916221618652,,0.16181208193302155
,5424.0,24,6.808275793446228e-05,32049,,1.7079613208770752,,1.0158116817474365,,0.5623764991760254,,0.16182377934455872
,5432.0,24,6.802758434787393e-05,32099,,2.410966157913208,,1.3900376558303833,,0.5624624490737915,,0.16183564066886902
,5456.0,24,6.797241076128557e-05,32149,,1.2496274709701538,,0.6888465285301208,,0.562553882598877,,0.16185235977172852
,5448.0,24,6.791724445065483e-05,32199,,1.5713696479797363,,1.016116976737976,,0.5626384019851685,,0.16186971962451935
,5424.0,24,6.786207086406648e-05,32249,,2.1593844890594482,,1.2257561683654785,,0.5627246499061584,,0.16188526153564453
,5488.0,24,6.780689727747813e-05,32299,,2.0388309955596924,,1.2980268001556396,,0.562811553478241,,0.16190366446971893
,5452.0,24,6.775172369088978e-05,32349,,2.1171557903289795,,1.1929028034210205,,0.5628986954689026,,0.16191665828227997
,5444.0,24,6.769655010430142e-05,32399,,2.371128559112549,,1.3869577646255493,,0.5629807710647583,,0.1619301289319992
,5408.0,24,6.764137651771307e-05,32449,,1.9320626258850098,,1.0648319721221924,,0.5630726218223572,,0.1619391292333603
,5376.0,24,6.758621020708233e-05,32499,,2.291858434677124,,1.3564717769622803,,0.5631680488586426,,0.16195043921470642
5461.14990234375,,24,,32524,1.9628371000289917,,1.186277151107788,,0.5621268153190613,,0.1617870181798935,
,5496.0,25,6.753103662049398e-05,32549,,2.038311004638672,,1.1981154680252075,,0.5632539391517639,,0.16196207702159882
,5396.0,25,6.747586303390563e-05,32599,,2.1120142936706543,,1.3197171688079834,,0.5633377432823181,,0.1619817316532135
,5516.0,25,6.742068944731727e-05,32649,,2.1688451766967773,,1.2039417028427124,,0.5634365677833557,,0.1619974821805954
,5488.0,25,6.736551586072892e-05,32699,,2.1084585189819336,,1.2304158210754395,,0.5635199546813965,,0.16201838850975037
,5416.0,25,6.731034227414057e-05,32749,,2.466350555419922,,1.3666765689849854,,0.5636065602302551,,0.1620337963104248
,5504.0,25,6.725517596350983e-05,32799,,1.8333381414413452,,1.0373077392578125,,0.5636947154998779,,0.1620541661977768
,5488.0,25,6.720000237692147e-05,32849,,1.4316158294677734,,0.8745497465133667,,0.5637809038162231,,0.1620691865682602
,5440.0,25,6.714482879033312e-05,32899,,2.4137609004974365,,1.4199550151824951,,0.5638720989227295,,0.1620844006538391
,5456.0,25,6.708965520374477e-05,32949,,1.6568055152893066,,1.0197436809539795,,0.5639461874961853,,0.16210095584392548
,5488.0,25,6.703448161715642e-05,32999,,1.747566819190979,,1.0743626356124878,,0.5640332698822021,,0.16210892796516418
,5436.0,25,6.697930803056806e-05,33049,,1.7276772260665894,,0.9705271124839783,,0.5641264915466309,,0.16211606562137604
,5532.0,25,6.692413444397971e-05,33099,,2.1512703895568848,,1.0993708372116089,,0.5642082691192627,,0.16213476657867432
,5436.0,25,6.686896813334897e-05,33149,,1.9789942502975464,,1.093291997909546,,0.5642883777618408,,0.16215531527996063
,5424.0,25,6.681379454676062e-05,33199,,2.2510416507720947,,1.0746369361877441,,0.5643795728683472,,0.16217464208602905
,5472.0,25,6.675862096017227e-05,33249,,1.6047940254211426,,0.8204497694969177,,0.56446373462677,,0.1621900498867035
,5396.0,25,6.670344737358391e-05,33299,,2.2819554805755615,,1.4009641408920288,,0.5645568370819092,,0.16219599545001984
,5372.0,25,6.664827378699556e-05,33349,,2.050719976425171,,0.9778794050216675,,0.5646433234214783,,0.1622074693441391
,5456.0,25,6.659310020040721e-05,33399,,2.122706651687622,,1.5882431268692017,,0.5647225975990295,,0.16222038865089417
,5464.0,25,6.653793388977647e-05,33449,,2.0064289569854736,,1.0958590507507324,,0.5647991895675659,,0.16224265098571777
,5404.0,25,6.648276030318812e-05,33499,,1.6230565309524536,,1.004132628440857,,0.5648837089538574,,0.16226540505886078
,5420.0,25,6.642758671659976e-05,33549,,2.5904288291931152,,1.4918941259384155,,0.5649644136428833,,0.16228660941123962
,5456.0,25,6.637241313001141e-05,33599,,1.8617738485336304,,1.0367858409881592,,0.5650448799133301,,0.1623130738735199
,5516.0,25,6.631723954342306e-05,33649,,2.1865415573120117,,1.081645131111145,,0.5651310682296753,,0.1623295098543167
,5444.0,25,6.62620659568347e-05,33699,,2.5543272495269775,,1.2454527616500854,,0.5652198791503906,,0.16235128045082092
,5452.0,25,6.620689964620396e-05,33749,,1.9823271036148071,,1.295710802078247,,0.5653024315834045,,0.1623653769493103
,5432.0,25,6.615172605961561e-05,33799,,1.6809375286102295,,0.9276068806648254,,0.5653807520866394,,0.1623808741569519
5461.21728515625,,25,,33825,2.0589778423309326,,1.1860796213150024,,0.5644134879112244,,0.1621907353401184,
,5388.0,26,6.609655247302726e-05,33849,,2.2036542892456055,,1.2435429096221924,,0.5654613971710205,,0.1623954176902771
,5496.0,26,6.60413788864389e-05,33899,,2.510976791381836,,1.579155445098877,,0.5655399560928345,,0.16241224110126495
,5408.0,26,6.598620529985055e-05,33949,,2.3041908740997314,,1.3648571968078613,,0.5656239986419678,,0.16242916882038116
,5488.0,26,6.59310317132622e-05,33999,,1.441361904144287,,1.0888619422912598,,0.5657053589820862,,0.16244331002235413
,5416.0,26,6.587586540263146e-05,34049,,2.1710617542266846,,1.418009877204895,,0.5657912492752075,,0.16246244311332703
,5484.0,26,6.582069181604311e-05,34099,,2.0254743099212646,,1.1162723302841187,,0.5658719539642334,,0.16248539090156555
,5472.0,26,6.576551822945476e-05,34149,,2.0972440242767334,,1.1774812936782837,,0.5659605264663696,,0.16250115633010864
,5400.0,26,6.57103446428664e-05,34199,,1.890912652015686,,1.0944759845733643,,0.5660493969917297,,0.16251932084560394
,5508.0,26,6.565517105627805e-05,34249,,1.7495571374893188,,0.8760469555854797,,0.5661275386810303,,0.1625373810529709
,5468.0,26,6.55999974696897e-05,34299,,1.7575494050979614,,1.0473048686981201,,0.5662105083465576,,0.16255588829517365
,5400.0,26,6.554483115905896e-05,34349,,1.8204554319381714,,1.0805354118347168,,0.5663041472434998,,0.16256871819496155
,5508.0,26,6.54896575724706e-05,34399,,2.2561731338500977,,1.2767186164855957,,0.5663784742355347,,0.1625891625881195
,5436.0,26,6.543448398588225e-05,34449,,1.7565360069274902,,1.0715761184692383,,0.5664660334587097,,0.1625961810350418
,5452.0,26,6.53793103992939e-05,34499,,2.1721372604370117,,1.2235417366027832,,0.566550612449646,,0.1626092493534088
,5540.0,26,6.532413681270555e-05,34549,,2.8264894485473633,,1.4912159442901611,,0.5666261911392212,,0.1626272201538086
,5452.0,26,6.52689632261172e-05,34599,,1.5036765336990356,,0.7832951545715332,,0.5667146444320679,,0.1626356542110443
,5484.0,26,6.521378963952884e-05,34649,,2.086247444152832,,1.1751933097839355,,0.5667829513549805,,0.16264450550079346
,5536.0,26,6.51586233288981e-05,34699,,2.2332258224487305,,1.3645142316818237,,0.5668718218803406,,0.16264495253562927
,5376.0,26,6.510344974230975e-05,34749,,2.4864728450775146,,1.0877972841262817,,0.566952109336853,,0.1626550257205963
,5372.0,26,6.50482761557214e-05,34799,,2.1267635822296143,,1.1790961027145386,,0.5670303702354431,,0.16266155242919922
,5496.0,26,6.499310256913304e-05,34849,,2.2541086673736572,,1.2610963582992554,,0.5671088695526123,,0.16267427802085876
,5428.0,26,6.493792898254469e-05,34899,,1.9799797534942627,,0.9238895177841187,,0.5671931505203247,,0.16268302500247955
,5464.0,26,6.488275539595634e-05,34949,,2.0655224323272705,,0.9036744236946106,,0.5672727823257446,,0.1626952439546585
,5424.0,26,6.48275890853256e-05,34999,,1.7225106954574585,,1.0861234664916992,,0.567352831363678,,0.16271249949932098
,5476.0,26,6.477241549873725e-05,35049,,2.280324697494507,,1.3319957256317139,,0.5674325227737427,,0.16272343695163727
,5492.0,26,6.471724191214889e-05,35099,,2.343740701675415,,1.2419134378433228,,0.5675033926963806,,0.16273897886276245
5461.03173828125,,26,,35126,2.1440727710723877,,1.1754878759384155,,0.5665801763534546,,0.16260859370231628,
,5460.0,27,6.466206832556054e-05,35149,,2.3802919387817383,,1.2833876609802246,,0.5675773024559021,,0.162756085395813
,5436.0,27,6.460689473897219e-05,35199,,2.2235677242279053,,1.1832399368286133,,0.5676625370979309,,0.1627712845802307
,5564.0,27,6.455172115238383e-05,35249,,2.857060670852661,,1.4652049541473389,,0.5677507519721985,,0.1627856343984604
,5532.0,27,6.44965548417531e-05,35299,,2.2710213661193848,,1.318647027015686,,0.5678317546844482,,0.1628032922744751
,5468.0,27,6.444138125516474e-05,35349,,2.621255874633789,,1.1502312421798706,,0.5679059028625488,,0.16281986236572266
,5480.0,27,6.438620766857639e-05,35399,,2.090980052947998,,1.117740273475647,,0.5679881572723389,,0.16283321380615234
,5468.0,27,6.433103408198804e-05,35449,,1.9070180654525757,,1.0201773643493652,,0.5680670738220215,,0.1628459244966507
,5448.0,27,6.427586049539968e-05,35499,,2.4630913734436035,,1.1489380598068237,,0.5681484937667847,,0.16285952925682068
,5456.0,27,6.422068690881133e-05,35549,,2.4301741123199463,,1.4508403539657593,,0.5682192444801331,,0.16288167238235474
,5520.0,27,6.416552059818059e-05,35599,,2.07855486869812,,1.2265465259552002,,0.5682970285415649,,0.16290459036827087
,5424.0,27,6.411034701159224e-05,35649,,1.9545438289642334,,1.1215269565582275,,0.5683892965316772,,0.16292138397693634
,5468.0,27,6.405517342500389e-05,35699,,2.528865098953247,,1.1628566980361938,,0.5684611797332764,,0.16293618083000183
,5460.0,27,6.399999983841553e-05,35749,,2.522461414337158,,1.312830924987793,,0.5685353875160217,,0.1629493534564972
,5420.0,27,6.394482625182718e-05,35799,,2.112100601196289,,1.121720790863037,,0.5686165690422058,,0.16296425461769104
,5540.0,27,6.388965266523883e-05,35849,,1.981606125831604,,1.0003485679626465,,0.5686867237091064,,0.16298405826091766
,5460.0,27,6.383448635460809e-05,35899,,2.442891836166382,,1.4440218210220337,,0.5687624216079712,,0.16299943625926971
,5384.0,27,6.377931276801974e-05,35949,,1.9440422058105469,,1.035613775253296,,0.568834662437439,,0.16301916539669037
,5468.0,27,6.372413918143138e-05,35999,,2.5912773609161377,,1.342142939567566,,0.5689072012901306,,0.16303300857543945
,5396.0,27,6.366896559484303e-05,36049,,2.24086332321167,,1.2628501653671265,,0.5689877271652222,,0.16305169463157654
,5412.0,27,6.361379200825468e-05,36099,,2.6622748374938965,,1.3259069919586182,,0.569059431552887,,0.16307103633880615
,5456.0,27,6.355861842166632e-05,36149,,1.92681884765625,,0.86185622215271,,0.5691372156143188,,0.16308589279651642
,5480.0,27,6.350344483507797e-05,36199,,1.9522547721862793,,0.9821726679801941,,0.5692105293273926,,0.16309751570224762
,5560.0,27,6.344827852444723e-05,36249,,2.606123685836792,,1.3647968769073486,,0.569290041923523,,0.1631135791540146
,5504.0,27,6.339310493785888e-05,36299,,2.00911808013916,,1.0653128623962402,,0.5693699717521667,,0.16312162578105927
,5464.0,27,6.333793135127053e-05,36349,,1.5417349338531494,,1.055838942527771,,0.5694390535354614,,0.16314220428466797
,5428.0,27,6.328275776468217e-05,36399,,1.8790428638458252,,1.0678144693374634,,0.5695093870162964,,0.16316251456737518
5461.61279296875,,27,,36427,2.220358371734619,,1.1765689849853516,,0.5686500668525696,,0.16298286616802216,
,5488.0,28,6.322758417809382e-05,36449,,2.564476490020752,,1.257403016090393,,0.5695885419845581,,0.16318145394325256
,5464.0,28,6.317241059150547e-05,36499,,2.5385608673095703,,0.9628677368164062,,0.5696669816970825,,0.16319461166858673
,5440.0,28,6.311724428087473e-05,36549,,2.085184335708618,,1.0586624145507812,,0.5697430372238159,,0.16320721805095673
,5456.0,28,6.306207069428638e-05,36599,,1.9433221817016602,,0.7321902513504028,,0.5698054432868958,,0.1632174551486969
,5468.0,28,6.300689710769802e-05,36649,,2.6327483654022217,,1.5357125997543335,,0.5698771476745605,,0.16322961449623108
,5488.0,28,6.295172352110967e-05,36699,,1.6967722177505493,,1.1204092502593994,,0.5699609518051147,,0.1632259339094162
,5460.0,28,6.289654993452132e-05,36749,,1.900181531906128,,0.7981866002082825,,0.5700365304946899,,0.16323429346084595
,5440.0,28,6.284137634793296e-05,36799,,2.332043409347534,,1.2837986946105957,,0.5701075792312622,,0.1632489413022995
,5444.0,28,6.278621003730223e-05,36849,,1.7825855016708374,,0.8679925799369812,,0.5701835751533508,,0.16325743496418
,5456.0,28,6.273103645071387e-05,36899,,2.0646305084228516,,0.9987499117851257,,0.5702536106109619,,0.1632634401321411
,5472.0,28,6.267586286412552e-05,36949,,2.168145179748535,,1.0128997564315796,,0.5703220367431641,,0.16328111290931702
,5404.0,28,6.262068927753717e-05,36999,,2.4329707622528076,,1.2833789587020874,,0.570389986038208,,0.1632988452911377
,5476.0,28,6.256551569094881e-05,37049,,2.1385414600372314,,1.2016959190368652,,0.5704671144485474,,0.16331356763839722
,5448.0,28,6.251034210436046e-05,37099,,1.9869579076766968,,1.1009715795516968,,0.5705470442771912,,0.1633283793926239
,5472.0,28,6.245517579372972e-05,37149,,2.0460517406463623,,1.0712816715240479,,0.570620059967041,,0.16334286332130432
,5484.0,28,6.240000220714137e-05,37199,,2.279453992843628,,1.3415545225143433,,0.570688009262085,,0.163357213139534
,5412.0,28,6.234482862055302e-05,37249,,2.2501778602600098,,1.2947975397109985,,0.5707647204399109,,0.16336894035339355
,5440.0,28,6.228965503396466e-05,37299,,2.5529730319976807,,1.3323523998260498,,0.5708431005477905,,0.16338084638118744
,5468.0,28,6.223448144737631e-05,37349,,2.2932825088500977,,1.0724413394927979,,0.5709211826324463,,0.16339081525802612
,5516.0,28,6.217930786078796e-05,37399,,1.976834774017334,,1.039705514907837,,0.5709925889968872,,0.16341334581375122
,5452.0,28,6.212414155015722e-05,37449,,2.489654302597046,,1.130146861076355,,0.5710604786872864,,0.1634231060743332
,5428.0,28,6.206896796356887e-05,37499,,2.3324697017669678,,1.3311996459960938,,0.5711380243301392,,0.1634317934513092
,5512.0,28,6.201379437698051e-05,37549,,2.107722043991089,,1.0679868459701538,,0.5712010264396667,,0.16344772279262543
,5516.0,28,6.195862079039216e-05,37599,,2.8657119274139404,,1.4613028764724731,,0.5712729692459106,,0.16345982253551483
,5516.0,28,6.190344720380381e-05,37649,,2.6111438274383545,,1.255510926246643,,0.57134610414505,,0.16346843540668488
,5392.0,28,6.184827361721545e-05,37699,,1.8718820810317993,,1.108002781867981,,0.5714111328125,,0.1634877622127533
5458.8359375,,28,,37728,2.2509779930114746,,1.1656219959259033,,0.5705961585044861,,0.16335004568099976,
,5448.0,29,6.17931000306271e-05,37749,,1.9170597791671753,,1.1169527769088745,,0.5714811682701111,,0.1634988933801651
,5440.0,29,6.173793371999636e-05,37799,,2.1348025798797607,,0.9823588132858276,,0.5715603232383728,,0.1635129153728485
,5528.0,29,6.168276013340801e-05,37849,,2.555443286895752,,1.1804386377334595,,0.5716321468353271,,0.1635264903306961
,5420.0,29,6.162758654681966e-05,37899,,1.9481713771820068,,1.1338551044464111,,0.5716975927352905,,0.1635514795780182
,5436.0,29,6.15724129602313e-05,37949,,2.194337844848633,,1.1947845220565796,,0.5717639923095703,,0.16356834769248962
,5472.0,29,6.151723937364295e-05,37999,,1.9078105688095093,,0.9504197239875793,,0.57183438539505,,0.1635863184928894
,5468.0,29,6.14620657870546e-05,38049,,2.0329430103302,,1.0031929016113281,,0.5719027519226074,,0.1635991334915161
,5424.0,29,6.140689947642386e-05,38099,,2.049241542816162,,1.2503153085708618,,0.571968674659729,,0.16360807418823242
,5428.0,29,6.13517258898355e-05,38149,,2.3324198722839355,,1.2227104902267456,,0.572038471698761,,0.16362370550632477
,5468.0,29,6.129655230324715e-05,38199,,2.4770772457122803,,0.9796164035797119,,0.5721087455749512,,0.1636318564414978
,5560.0,29,6.12413787166588e-05,38249,,2.2738256454467773,,0.9401452541351318,,0.5721873641014099,,0.16363763809204102
,5384.0,29,6.118620513007045e-05,38299,,2.565498113632202,,1.17164146900177,,0.5722595453262329,,0.1636521816253662
,5472.0,29,6.11310315434821e-05,38349,,1.8568756580352783,,1.0580122470855713,,0.572320818901062,,0.16366338729858398
,5540.0,29,6.107586523285136e-05,38399,,2.1857516765594482,,1.1065455675125122,,0.5723969340324402,,0.16367092728614807
,5408.0,29,6.1020688008284196e-05,38449,,2.550069808959961,,1.1300235986709595,,0.5724743604660034,,0.16368070244789124
,5496.0,29,6.096551805967465e-05,38499,,2.7490484714508057,,1.4352632761001587,,0.5725442171096802,,0.16369843482971191
,5464.0,29,6.09103444730863e-05,38549,,2.554642915725708,,1.1379525661468506,,0.5726180672645569,,0.16371141374111176
,5468.0,29,6.0855170886497945e-05,38599,,2.144559144973755,,0.7184004187583923,,0.5726912617683411,,0.1637197732925415
,5452.0,29,6.08000009378884e-05,38649,,1.7737375497817993,,1.08181893825531,,0.5727558732032776,,0.1637362837791443
,5416.0,29,6.0744827351300046e-05,38699,,2.666522741317749,,1.3002047538757324,,0.5728271007537842,,0.16374409198760986
,5488.0,29,6.068965376471169e-05,38749,,2.4641709327697754,,1.2330234050750732,,0.5729016661643982,,0.16376027464866638
,5524.0,29,6.063448381610215e-05,38799,,2.5005619525909424,,1.3739063739776611,,0.5729686617851257,,0.16377589106559753
,5424.0,29,6.0579310229513794e-05,38849,,2.8060693740844727,,1.3297910690307617,,0.5730303525924683,,0.16379013657569885
,5512.0,29,6.052413664292544e-05,38899,,2.266965627670288,,1.2318379878997803,,0.573104739189148,,0.16380475461483002
,5508.0,29,6.0468966694315895e-05,38949,,2.99013090133667,,1.2311594486236572,,0.5731704235076904,,0.1638195812702179
,5520.0,29,6.041379310772754e-05,38999,,1.97990882396698,,0.8761014342308044,,0.573241651058197,,0.16383393108844757
5463.451171875,,29,,39029,2.3307712078094482,,1.1588383913040161,,0.5724543333053589,,0.1636943370103836,
,5404.0,30,6.035861952113919e-05,39049,,2.3116583824157715,,1.147695541381836,,0.5733112096786499,,0.16384923458099365
,5428.0,30,6.0303449572529644e-05,39099,,2.7734575271606445,,1.120317816734314,,0.5733804702758789,,0.16385768353939056
,5456.0,30,6.024827598594129e-05,39149,,2.5796279907226562,,1.2203935384750366,,0.5734469890594482,,0.16387173533439636
,5448.0,30,6.019310239935294e-05,39199,,2.136319637298584,,1.0567917823791504,,0.5735181570053101,,0.16388559341430664
,5516.0,30,6.013793245074339e-05,39249,,2.8166942596435547,,1.2792069911956787,,0.5735953450202942,,0.16389483213424683
,5468.0,30,6.008275886415504e-05,39299,,3.158095121383667,,1.323875904083252,,0.5736655592918396,,0.16390293836593628
,5456.0,30,6.0027585277566686e-05,39349,,2.697762966156006,,1.4643120765686035,,0.5737360715866089,,0.1639111042022705
,5420.0,30,5.997241532895714e-05,39399,,2.4489023685455322,,1.302221417427063,,0.5738077163696289,,0.16392916440963745
,5460.0,30,5.991724174236879e-05,39449,,2.7891905307769775,,1.1463779211044312,,0.5738769173622131,,0.16393904387950897
,5496.0,30,5.9862068155780435e-05,39499,,1.7573174238204956,,0.7793513536453247,,0.5739485025405884,,0.16395434737205505
,5492.0,30,5.980689820717089e-05,39549,,2.425954818725586,,1.2095736265182495,,0.5740182995796204,,0.16396647691726685
,5560.0,30,5.9751724620582536e-05,39599,,2.6819474697113037,,1.4768751859664917,,0.574085533618927,,0.16398072242736816
,5504.0,30,5.969655103399418e-05,39649,,2.354871988296509,,1.2212857007980347,,0.5741561055183411,,0.16398760676383972
,5444.0,30,5.964138108538464e-05,39699,,2.486948251724243,,1.1433022022247314,,0.5742330551147461,,0.1639886200428009
,5516.0,30,5.9586207498796284e-05,39749,,2.134705066680908,,1.0865063667297363,,0.5743005275726318,,0.16399751603603363
,5404.0,30,5.953103391220793e-05,39799,,2.739821434020996,,1.2315585613250732,,0.5743660926818848,,0.1640087217092514
,5440.0,30,5.947586032561958e-05,39849,,2.1912384033203125,,1.1088961362838745,,0.5744262337684631,,0.16402116417884827
,5524.0,30,5.942069037701003e-05,39899,,2.028733730316162,,0.9135791063308716,,0.5744935274124146,,0.1640329658985138
,5512.0,30,5.936551679042168e-05,39949,,3.097018241882324,,1.512242317199707,,0.5745543241500854,,0.16404232382774353
,5472.0,30,5.931034320383333e-05,39999,,2.29754638671875,,1.0249160528182983,,0.5746232867240906,,0.16405324637889862
,5464.0,30,5.925517325522378e-05,40049,,2.182781934738159,,1.2390040159225464,,0.5746848583221436,,0.16406941413879395
,5456.0,30,5.919999966863543e-05,40099,,2.5112197399139404,,1.178818941116333,,0.5747478008270264,,0.1640874594449997
,5504.0,30,5.9144826082047075e-05,40149,,3.1301379203796387,,1.5587847232818604,,0.5748026371002197,,0.16410568356513977
,5468.0,30,5.908965613343753e-05,40199,,2.1759767532348633,,0.8047890663146973,,0.5748652219772339,,0.1641216278076172
,5464.0,30,5.9034482546849176e-05,40249,,2.504244327545166,,1.1910587549209595,,0.5749269723892212,,0.16413366794586182
,5416.0,30,5.897930896026082e-05,40299,,2.377016067504883,,1.2121080160140991,,0.5749926567077637,,0.16414597630500793
5460.51904296875,,30,,40330,2.4195759296417236,,1.1512677669525146,,0.5742660760879517,,0.16401554644107819,
,5408.0,31,5.892413901165128e-05,40349,,3.116227626800537,,1.5831447839736938,,0.5750626921653748,,0.16416020691394806
,5376.0,31,5.8868965425062925e-05,40399,,2.2693562507629395,,1.069130539894104,,0.5751251578330994,,0.16417154669761658
,5380.0,31,5.881379183847457e-05,40449,,2.315591335296631,,1.1316410303115845,,0.5751938223838806,,0.1641901433467865
,5488.0,31,5.8758621889865026e-05,40499,,2.2602028846740723,,1.053054928779602,,0.5752527713775635,,0.16420912742614746
,5472.0,31,5.870344830327667e-05,40549,,2.4312593936920166,,1.1181883811950684,,0.5753124952316284,,0.1642206609249115
,5448.0,31,5.864827471668832e-05,40599,,2.177058458328247,,1.1142024993896484,,0.5753774642944336,,0.16423027217388153
,5384.0,31,5.8593104768078774e-05,40649,,2.1310806274414062,,1.1386195421218872,,0.5754409432411194,,0.16424095630645752
,5452.0,31,5.853793118149042e-05,40699,,1.7824561595916748,,0.7692689299583435,,0.5755096673965454,,0.16425280272960663
,5428.0,31,5.848275759490207e-05,40749,,2.5856289863586426,,1.050958514213562,,0.5755792856216431,,0.1642594337463379
,5516.0,31,5.842758764629252e-05,40799,,2.3549442291259766,,0.7197249531745911,,0.5756359696388245,,0.16427692770957947
,5508.0,31,5.837241405970417e-05,40849,,2.2022647857666016,,1.0242003202438354,,0.5757049322128296,,0.1642875224351883
,5504.0,31,5.831724047311582e-05,40899,,2.2261812686920166,,1.003727912902832,,0.5757806301116943,,0.16429242491722107
,5484.0,31,5.826207052450627e-05,40949,,2.4178924560546875,,1.165183186531067,,0.5758471488952637,,0.1642996072769165
,5484.0,31,5.820689693791792e-05,40999,,2.1965625286102295,,1.116829514503479,,0.5759050250053406,,0.1643044650554657
,5500.0,31,5.8151723351329565e-05,41049,,2.452890396118164,,1.233852744102478,,0.5759706497192383,,0.16432064771652222
,5568.0,31,5.809655340272002e-05,41099,,1.7387553453445435,,0.9890199899673462,,0.5760305523872375,,0.16433684527873993
,5440.0,31,5.8041379816131666e-05,41149,,2.600081205368042,,1.0921121835708618,,0.5760939121246338,,0.16434204578399658
,5500.0,31,5.798620622954331e-05,41199,,1.3679800033569336,,0.7728537917137146,,0.576156735420227,,0.16434752941131592
,5428.0,31,5.793103628093377e-05,41249,,2.20066499710083,,0.8063657879829407,,0.576220691204071,,0.16435955464839935
,5484.0,31,5.7875862694345415e-05,41299,,2.644796133041382,,1.1914438009262085,,0.5762829780578613,,0.164373517036438
,5396.0,31,5.782068910775706e-05,41349,,2.228137969970703,,0.8315828442573547,,0.5763432383537292,,0.1643727719783783
,5452.0,31,5.776551552116871e-05,41399,,3.48136830329895,,1.3249708414077759,,0.5764025449752808,,0.16437795758247375
,5448.0,31,5.771034557255916e-05,41449,,2.263284921646118,,1.082535982131958,,0.5764710903167725,,0.164385586977005
,5444.0,31,5.765517198597081e-05,41499,,2.695364475250244,,1.1518362760543823,,0.5765393376350403,,0.1644003689289093
,5460.0,31,5.759999839938246e-05,41549,,2.8875718116760254,,1.5112659931182861,,0.5766064524650574,,0.1644139289855957
,5480.0,31,5.754482845077291e-05,41599,,2.1661651134490967,,0.9668488502502441,,0.5766705274581909,,0.16442689299583435
5459.41748046875,,31,,41631,2.467905044555664,,1.1600220203399658,,0.5759584903717041,,0.1643272042274475,
,5480.0,32,5.748965486418456e-05,41649,,3.095839262008667,,1.3427242040634155,,0.5767331719398499,,0.16443182528018951
,5460.0,32,5.7434481277596205e-05,41699,,2.405832052230835,,0.8782238960266113,,0.5767911076545715,,0.16444741189479828
,5456.0,32,5.737931132898666e-05,41749,,1.9697915315628052,,0.9525167942047119,,0.5768555402755737,,0.16446258127689362
,5492.0,32,5.732413774239831e-05,41799,,2.890352249145508,,1.3029128313064575,,0.5769146084785461,,0.16447874903678894
,5484.0,32,5.7268964155809954e-05,41849,,1.9939641952514648,,0.9490567445755005,,0.5769723057746887,,0.16448523104190826
,5428.0,32,5.721379420720041e-05,41899,,2.749083995819092,,1.4973509311676025,,0.57703697681427,,0.16449221968650818
,5512.0,32,5.7158620620612055e-05,41949,,2.581939220428467,,1.1015040874481201,,0.5771031379699707,,0.1644955724477768
,5424.0,32,5.71034470340237e-05,41999,,2.0462491512298584,,1.1290398836135864,,0.5771679878234863,,0.16450470685958862
,5448.0,32,5.7048277085414156e-05,42049,,2.8344390392303467,,0.9972475171089172,,0.5772320032119751,,0.16451795399188995
,5488.0,32,5.6993103498825803e-05,42099,,2.9165780544281006,,1.5775033235549927,,0.5772871971130371,,0.16453677415847778
,5540.0,32,5.693792991223745e-05,42149,,2.339768409729004,,1.130657434463501,,0.5773504972457886,,0.16454249620437622
,5508.0,32,5.6882759963627905e-05,42199,,2.5838704109191895,,1.351802110671997,,0.5774164199829102,,0.1645476073026657
,5476.0,32,5.682758637703955e-05,42249,,3.381150722503662,,1.5863261222839355,,0.5774877667427063,,0.164555624127388
,5476.0,32,5.67724127904512e-05,42299,,2.623084545135498,,1.1253941059112549,,0.5775439739227295,,0.16456091403961182
,5508.0,32,5.671724284184165e-05,42349,,2.6924052238464355,,1.0135221481323242,,0.5776004791259766,,0.1645703911781311
,5568.0,32,5.66620692552533e-05,42399,,2.2219269275665283,,1.1155492067337036,,0.5776588916778564,,0.16457824409008026
,5484.0,32,5.660689566866495e-05,42449,,2.5950124263763428,,1.2014738321304321,,0.5777134895324707,,0.16459836065769196
,5480.0,32,5.65517257200554e-05,42499,,2.676987409591675,,1.1215509176254272,,0.5777755975723267,,0.1646052449941635
,5532.0,32,5.649655213346705e-05,42549,,2.462369203567505,,1.1957932710647583,,0.5778372883796692,,0.16461552679538727
,5504.0,32,5.6441378546878695e-05,42599,,2.156324863433838,,1.0084387063980103,,0.5779052972793579,,0.16462741792201996
,5484.0,32,5.638620859826915e-05,42649,,2.4057841300964355,,1.0761163234710693,,0.5779674053192139,,0.1646391600370407
,5424.0,32,5.63310350116808e-05,42699,,2.8536224365234375,,1.3768080472946167,,0.5780205130577087,,0.1646508127450943
,5456.0,32,5.6275861425092444e-05,42749,,2.9988343715667725,,1.2193372249603271,,0.5780735611915588,,0.164667546749115
,5412.0,32,5.622068783850409e-05,42799,,2.0027053356170654,,0.7417033910751343,,0.578137993812561,,0.16467833518981934
,5396.0,32,5.6165517889894545e-05,42849,,2.256805181503296,,1.0167031288146973,,0.5782018899917603,,0.16468991339206696
,5484.0,32,5.611034430330619e-05,42899,,2.6216049194335938,,1.2451306581497192,,0.5782610177993774,,0.1647043377161026
5461.73681640625,,32,,42932,2.4934589862823486,,1.1556531190872192,,0.5775945782661438,,0.16459012031555176,
,5404.0,33,5.605517071671784e-05,42949,,2.238577127456665,,0.9786298871040344,,0.5783255100250244,,0.16471673548221588
,5464.0,33,5.6000000768108293e-05,42999,,2.440904140472412,,1.084769368171692,,0.5783835649490356,,0.16472819447517395
,5524.0,33,5.594482718151994e-05,43049,,1.8215588331222534,,0.9819985628128052,,0.5784461498260498,,0.1647341102361679
,5476.0,33,5.588965359493159e-05,43099,,2.387728691101074,,1.0358352661132812,,0.5785011053085327,,0.1647452712059021
,5492.0,33,5.583448364632204e-05,43149,,2.533564567565918,,1.3118135929107666,,0.5785543918609619,,0.16475559771060944
,5496.0,33,5.577931005973369e-05,43199,,2.4067046642303467,,1.0782283544540405,,0.578619122505188,,0.1647665649652481
,5556.0,33,5.5724136473145336e-05,43249,,2.645576238632202,,1.290138602256775,,0.5786736607551575,,0.16477680206298828
,5464.0,33,5.566896652453579e-05,43299,,2.565865993499756,,1.1944847106933594,,0.5787356495857239,,0.1647842675447464
,5512.0,33,5.561379293794744e-05,43349,,2.000166654586792,,0.8985670208930969,,0.5787916779518127,,0.16480284929275513
,5488.0,33,5.5558619351359084e-05,43399,,2.3646419048309326,,1.0008035898208618,,0.5788489580154419,,0.16482186317443848
,5488.0,33,5.550344940274954e-05,43449,,2.7689414024353027,,1.168501377105713,,0.5789000391960144,,0.16482499241828918
,5508.0,33,5.5448275816161186e-05,43499,,2.9169344902038574,,1.3476792573928833,,0.5789605379104614,,0.1648387908935547
,5484.0,33,5.539310222957283e-05,43549,,2.8140478134155273,,1.2575507164001465,,0.5790190696716309,,0.1648530662059784
,5524.0,33,5.533793228096329e-05,43599,,2.3868350982666016,,0.9844919443130493,,0.5790771842002869,,0.16486671566963196
,5400.0,33,5.5282758694374934e-05,43649,,2.9255244731903076,,1.13577139377594,,0.5791401267051697,,0.16488006711006165
,5408.0,33,5.522758510778658e-05,43699,,3.30380916595459,,1.3380517959594727,,0.5792007446289062,,0.16489382088184357
,5408.0,33,5.5172415159177035e-05,43749,,1.9635659456253052,,0.899348258972168,,0.5792622566223145,,0.16490429639816284
,5428.0,33,5.511724157258868e-05,43799,,2.1047568321228027,,0.8732590675354004,,0.5793291926383972,,0.16491791605949402
,5400.0,33,5.506206798600033e-05,43849,,3.025754451751709,,1.2372586727142334,,0.5793961882591248,,0.16492435336112976
,5444.0,33,5.5006898037390783e-05,43899,,2.1231913566589355,,1.109844446182251,,0.579454243183136,,0.16492986679077148
,5516.0,33,5.495172445080243e-05,43949,,3.0482146739959717,,1.3855257034301758,,0.5795116424560547,,0.16494478285312653
,5524.0,33,5.489655086421408e-05,43999,,2.242276906967163,,1.0174064636230469,,0.5795695185661316,,0.16495630145072937
,5488.0,33,5.484138091560453e-05,44049,,3.014472484588623,,1.2394380569458008,,0.5796239376068115,,0.164969801902771
,5488.0,33,5.478620732901618e-05,44099,,2.5461926460266113,,1.2176673412322998,,0.5796878933906555,,0.16497503221035004
,5476.0,33,5.4731033742427826e-05,44149,,3.2283639907836914,,1.543542742729187,,0.5797486901283264,,0.16498622298240662
,5480.0,33,5.467586379381828e-05,44199,,3.029066562652588,,1.442653775215149,,0.5797983407974243,,0.16499866545200348
5460.7978515625,,33,,44233,2.6029891967773438,,1.1505793333053589,,0.5791533589363098,,0.1648833453655243,
,5428.0,34,5.462069020722993e-05,44249,,2.067209005355835,,0.8409873247146606,,0.579856276512146,,0.1650037169456482
,5464.0,34,5.4565516620641574e-05,44299,,2.495692491531372,,1.1691710948944092,,0.5799126625061035,,0.16501623392105103
,5444.0,34,5.451034303405322e-05,44349,,2.38177490234375,,1.072995901107788,,0.5799715518951416,,0.16502687335014343
,5460.0,34,5.4455173085443676e-05,44399,,3.575554609298706,,1.3900878429412842,,0.5800295472145081,,0.16504421830177307
,5452.0,34,5.439999949885532e-05,44449,,2.8340814113616943,,1.2979713678359985,,0.5800923705101013,,0.1650625765323639
,5496.0,34,5.434482591226697e-05,44499,,2.177823066711426,,0.9856671094894409,,0.5801469087600708,,0.16507920622825623
,5552.0,34,5.4289655963657424e-05,44549,,2.330839157104492,,1.1296645402908325,,0.5801980495452881,,0.16510149836540222
,5500.0,34,5.423448237706907e-05,44599,,2.86252760887146,,1.268243670463562,,0.580254077911377,,0.16512005031108856
,5476.0,34,5.417930879048072e-05,44649,,3.080357551574707,,1.261285424232483,,0.5803200006484985,,0.16512537002563477
,5500.0,34,5.412413884187117e-05,44699,,2.6173079013824463,,1.0023677349090576,,0.5803751349449158,,0.16513587534427643
,5444.0,34,5.406896525528282e-05,44749,,2.3555777072906494,,0.8778470754623413,,0.5804295539855957,,0.16515448689460754
,5440.0,34,5.4013791668694466e-05,44799,,2.237762212753296,,1.0448627471923828,,0.5804882049560547,,0.16517288982868195
,5548.0,34,5.395862172008492e-05,44849,,2.784874677658081,,1.169259786605835,,0.5805458426475525,,0.16518980264663696
,5452.0,34,5.390344813349657e-05,44899,,2.557140350341797,,1.301789402961731,,0.5805968642234802,,0.16520994901657104
,5440.0,34,5.3848274546908215e-05,44949,,2.0891966819763184,,0.9285198450088501,,0.5806491374969482,,0.1652267873287201
,5480.0,34,5.379310459829867e-05,44999,,3.280590295791626,,1.2925266027450562,,0.5807029008865356,,0.16524237394332886
,5504.0,34,5.3737931011710316e-05,45049,,2.0994627475738525,,0.8897728323936462,,0.5807656645774841,,0.16525335609912872
,5436.0,34,5.368275742512196e-05,45099,,3.135586738586426,,1.359647274017334,,0.5808191299438477,,0.16526243090629578
,5452.0,34,5.362758747651242e-05,45149,,2.3455402851104736,,1.0566681623458862,,0.5808802843093872,,0.1652742326259613
,5452.0,34,5.3572413889924064e-05,45199,,2.3200275897979736,,1.1135059595108032,,0.5809370875358582,,0.16527988016605377
,5508.0,34,5.351724030333571e-05,45249,,2.6556477546691895,,1.0848373174667358,,0.5809915065765381,,0.1652914583683014
,5456.0,34,5.3462070354726166e-05,45299,,2.8761703968048096,,1.2200438976287842,,0.5810489654541016,,0.16530820727348328
,5464.0,34,5.340689676813781e-05,45349,,2.6955926418304443,,1.1153819561004639,,0.5811079740524292,,0.1653187870979309
,5412.0,34,5.335172318154946e-05,45399,,2.684966564178467,,1.2056885957717896,,0.581169605255127,,0.16532360017299652
,5532.0,34,5.3296553232939914e-05,45449,,2.3203179836273193,,0.9555731415748596,,0.5812253355979919,,0.16533002257347107
,5464.0,34,5.324137964635156e-05,45499,,3.1387646198272705,,1.2683230638504028,,0.5812817811965942,,0.16533806920051575
5464.1337890625,,34,,45534,2.660996437072754,,1.1334412097930908,,0.5806643962860107,,0.16521503031253815,
,5456.0,35,5.318620605976321e-05,45549,,3.098942756652832,,1.4090139865875244,,0.5813332796096802,,0.16534794867038727
,5432.0,35,5.313103611115366e-05,45599,,2.51729416847229,,1.0012390613555908,,0.5813859105110168,,0.16535712778568268
,5468.0,35,5.307586252456531e-05,45649,,3.192798614501953,,1.2704368829727173,,0.5814422965049744,,0.16536569595336914
,5512.0,35,5.3020688937976956e-05,45699,,3.1964614391326904,,1.3723883628845215,,0.5814922451972961,,0.16537703573703766
,5432.0,35,5.296551898936741e-05,45749,,2.0085315704345703,,0.9091352224349976,,0.5815445184707642,,0.16539070010185242
,5468.0,35,5.291034540277906e-05,45799,,3.094003677368164,,1.3601367473602295,,0.5815954208374023,,0.16540561616420746
,5520.0,35,5.2855171816190705e-05,45849,,2.694035768508911,,0.9403133392333984,,0.5816542506217957,,0.16541670262813568
,5452.0,35,5.279999822960235e-05,45899,,2.917598247528076,,1.2387831211090088,,0.5817106366157532,,0.1654253900051117
,5452.0,35,5.2744828280992806e-05,45949,,2.8619096279144287,,1.1131997108459473,,0.5817708373069763,,0.16543689370155334
,5464.0,35,5.268965469440445e-05,45999,,2.724916696548462,,1.0827324390411377,,0.5818236470222473,,0.16545581817626953
,5452.0,35,5.26344811078161e-05,46049,,2.9752845764160156,,1.0884970426559448,,0.5818735361099243,,0.16547229886054993
,5440.0,35,5.2579311159206554e-05,46099,,2.2806992530822754,,1.0622490644454956,,0.581932783126831,,0.16548527777194977
,5396.0,35,5.25241375726182e-05,46149,,2.966140031814575,,1.1373296976089478,,0.5819902420043945,,0.16549530625343323
,5464.0,35,5.246896398602985e-05,46199,,3.0985519886016846,,1.291558861732483,,0.5820426344871521,,0.16550402343273163
,5420.0,35,5.24137940374203e-05,46249,,2.7945644855499268,,1.089225172996521,,0.582095205783844,,0.16551581025123596
,5432.0,35,5.235862045083195e-05,46299,,3.015752077102661,,1.3899037837982178,,0.5821440815925598,,0.16552484035491943
,5476.0,35,5.23034468642436e-05,46349,,3.025864601135254,,1.1532256603240967,,0.5822063684463501,,0.1655314862728119
,5460.0,35,5.224827691563405e-05,46399,,3.1412100791931152,,1.2215124368667603,,0.5822597742080688,,0.16553762555122375
,5484.0,35,5.21931033290457e-05,46449,,2.4849588871002197,,1.076258897781372,,0.582312822341919,,0.16554954648017883
,5476.0,35,5.2137929742457345e-05,46499,,2.0338592529296875,,0.9039687514305115,,0.5823748707771301,,0.16555586457252502
,5440.0,35,5.20827597938478e-05,46549,,3.260576009750366,,1.4923332929611206,,0.5824307203292847,,0.1655649095773697
,5532.0,35,5.2027586207259446e-05,46599,,3.760483503341675,,1.4635870456695557,,0.5824822187423706,,0.1655699908733368
,5508.0,35,5.1972412620671093e-05,46649,,2.1647825241088867,,0.8196192979812622,,0.5825295448303223,,0.16557934880256653
,5388.0,35,5.191724267206155e-05,46699,,2.3528425693511963,,0.9748944044113159,,0.5825805068016052,,0.16558855772018433
,5436.0,35,5.1862069085473195e-05,46749,,2.3338961601257324,,0.8624491691589355,,0.5826398134231567,,0.16559945046901703
,5372.0,35,5.180689549888484e-05,46799,,2.3037664890289307,,0.9185388088226318,,0.5826881527900696,,0.1656089574098587
5462.1259765625,,35,,46835,2.721379518508911,,1.1386277675628662,,0.5821085572242737,,0.1655130386352539,
,5504.0,36,5.1751725550275296e-05,46849,,2.886770009994507,,1.3164490461349487,,0.5827444195747375,,0.16561804711818695
,5456.0,36,5.169655196368694e-05,46899,,2.812875509262085,,1.11655855178833,,0.5827909708023071,,0.1656319499015808
,5364.0,36,5.164137837709859e-05,46949,,2.688215732574463,,1.2510946989059448,,0.5828425884246826,,0.1656462401151657
,5448.0,36,5.1586208428489044e-05,46999,,3.46549129486084,,1.4794833660125732,,0.5828922986984253,,0.16565975546836853
,5388.0,36,5.153103484190069e-05,47049,,1.8322714567184448,,0.5314358472824097,,0.5829487442970276,,0.16567331552505493
,5496.0,36,5.147586125531234e-05,47099,,2.261181354522705,,0.9842283725738525,,0.5830026268959045,,0.16569127142429352
,5420.0,36,5.142069130670279e-05,47149,,2.538275718688965,,1.1290416717529297,,0.5830556154251099,,0.1656998097896576
,5504.0,36,5.136551772011444e-05,47199,,3.187068462371826,,1.2441850900650024,,0.583114743232727,,0.16570760309696198
,5432.0,36,5.131034413352609e-05,47249,,3.1379706859588623,,1.1344385147094727,,0.583164632320404,,0.1657114326953888
,5516.0,36,5.125517418491654e-05,47299,,2.939000368118286,,1.232556939125061,,0.5832139253616333,,0.1657235324382782
,5456.0,36,5.120000059832819e-05,47349,,2.870561361312866,,1.198169231414795,,0.5832682847976685,,0.16572675108909607
,5384.0,36,5.1144827011739835e-05,47399,,2.345630645751953,,0.9115442633628845,,0.5833170413970947,,0.16573861241340637
,5472.0,36,5.108965342515148e-05,47449,,2.7122795581817627,,0.9361279010772705,,0.5833661556243896,,0.16575123369693756
,5452.0,36,5.1034483476541936e-05,47499,,2.2064743041992188,,0.7861390113830566,,0.5834180116653442,,0.16575448215007782
,5472.0,36,5.0979309889953583e-05,47549,,3.092292547225952,,1.230078101158142,,0.583472728729248,,0.16575954854488373
,5436.0,36,5.092413630336523e-05,47599,,2.217285633087158,,1.0732256174087524,,0.5835191607475281,,0.16577032208442688
,5412.0,36,5.0868966354755685e-05,47649,,2.867706060409546,,1.192796230316162,,0.5835732221603394,,0.1657751202583313
,5444.0,36,5.081379276816733e-05,47699,,2.4629111289978027,,1.2213788032531738,,0.5836232304573059,,0.165785551071167
,5480.0,36,5.075861918157898e-05,47749,,3.110717535018921,,1.176714301109314,,0.5836754441261292,,0.1657891720533371
,5492.0,36,5.070344923296943e-05,47799,,2.668684959411621,,1.2691797018051147,,0.5837262272834778,,0.1657966673374176
,5540.0,36,5.064827564638108e-05,47849,,3.0370383262634277,,1.260843276977539,,0.5837771892547607,,0.16579905152320862
,5508.0,36,5.059310205979273e-05,47899,,2.136937141418457,,0.7533483505249023,,0.5838298797607422,,0.16580241918563843
,5416.0,36,5.053793211118318e-05,47949,,2.9014267921447754,,0.9474339485168457,,0.583879828453064,,0.16581237316131592
,5496.0,36,5.048275852459483e-05,47999,,3.5284981727600098,,1.4218710660934448,,0.583940863609314,,0.16581931710243225
,5504.0,36,5.0427584938006476e-05,48049,,2.5636892318725586,,1.018434762954712,,0.5839952230453491,,0.16583621501922607
,5440.0,36,5.037241498939693e-05,48099,,2.329641103744507,,0.9151356816291809,,0.5840505957603455,,0.1658482551574707
5463.63623046875,,36,,48136,2.7338945865631104,,1.1357004642486572,,0.5834891200065613,,0.16576972603797913,
,5452.0,37,5.031724140280858e-05,48149,,2.29144287109375,,0.943321704864502,,0.5841035842895508,,0.16585618257522583
,5448.0,37,5.0262067816220224e-05,48199,,2.7223994731903076,,1.1400548219680786,,0.5841493606567383,,0.1658691167831421
,5476.0,37,5.020689786761068e-05,48249,,3.0742034912109375,,1.1392571926116943,,0.5842019319534302,,0.16588176786899567
,5388.0,37,5.0151724281022325e-05,48299,,2.779388427734375,,1.092940330505371,,0.5842512845993042,,0.16589578986167908
,5480.0,37,5.009655069443397e-05,48349,,2.697427749633789,,1.0119433403015137,,0.5843039155006409,,0.16590876877307892
,5444.0,37,5.0041380745824426e-05,48399,,2.8649191856384277,,1.3294626474380493,,0.584355354309082,,0.16592948138713837
,5532.0,37,4.9986207159236073e-05,48449,,3.34448504447937,,1.3227956295013428,,0.5844043493270874,,0.16594144701957703
,5500.0,37,4.993103357264772e-05,48499,,2.235147714614868,,0.8873320817947388,,0.5844599604606628,,0.16595464944839478
,5372.0,37,4.9875863624038175e-05,48549,,2.9082446098327637,,1.1406437158584595,,0.5845126509666443,,0.16596102714538574
,5420.0,37,4.982069003744982e-05,48599,,2.965938091278076,,1.191329836845398,,0.5845664739608765,,0.1659698337316513
,5416.0,37,4.976551645086147e-05,48649,,3.1487717628479004,,1.2384390830993652,,0.5846132636070251,,0.16597867012023926
,5372.0,37,4.971034650225192e-05,48699,,2.4495413303375244,,1.2935689687728882,,0.5846688151359558,,0.16598229110240936
,5448.0,37,4.965517291566357e-05,48749,,3.352257013320923,,1.239281177520752,,0.5847161412239075,,0.16599424183368683
,5488.0,37,4.959999932907522e-05,48799,,2.7522735595703125,,1.095686435699463,,0.5847696661949158,,0.16599977016448975
,5408.0,37,4.954482938046567e-05,48849,,2.878356695175171,,1.3148552179336548,,0.5848245024681091,,0.16600525379180908
,5448.0,37,4.948965579387732e-05,48899,,3.0140039920806885,,1.156135082244873,,0.5848727822303772,,0.16602058708667755
,5480.0,37,4.9434482207288966e-05,48949,,2.824331521987915,,1.3256173133850098,,0.5849307775497437,,0.1660248190164566
,5504.0,37,4.937930862070061e-05,48999,,2.9261486530303955,,1.095218300819397,,0.5849827527999878,,0.16603288054466248
,5484.0,37,4.932413867209107e-05,49049,,1.898101806640625,,0.7050526738166809,,0.5850305557250977,,0.16604025661945343
,5476.0,37,4.9268965085502714e-05,49099,,3.237941026687622,,1.2109533548355103,,0.5850800275802612,,0.16604584455490112
,5492.0,37,4.921379149891436e-05,49149,,2.7822906970977783,,1.2775168418884277,,0.5851302146911621,,0.16605466604232788
,5472.0,37,4.9158621550304815e-05,49199,,3.175567388534546,,1.3727549314498901,,0.5851792097091675,,0.16606318950653076
,5428.0,37,4.910344796371646e-05,49249,,2.2911126613616943,,0.9598942399024963,,0.5852274894714355,,0.16607634723186493
,5488.0,37,4.904827437712811e-05,49299,,3.4619081020355225,,1.0599133968353271,,0.5852765440940857,,0.16608497500419617
,5488.0,37,4.8993104428518564e-05,49349,,2.6067802906036377,,1.2598997354507446,,0.585319459438324,,0.16610555350780487
,5472.0,37,4.893793084193021e-05,49399,,2.967607259750366,,1.3272552490234375,,0.5853646397590637,,0.16612042486667633
5460.8544921875,,37,,49437,2.79516863822937,,1.130824327468872,,0.5848400592803955,,0.16601882874965668,
,5492.0,38,4.888275725534186e-05,49449,,3.315739631652832,,1.4459229707717896,,0.5854166746139526,,0.16613417863845825
,5416.0,38,4.882758730673231e-05,49499,,2.8471879959106445,,1.2460602521896362,,0.5854700803756714,,0.16614221036434174
,5460.0,38,4.877241372014396e-05,49549,,2.908406972885132,,1.197799563407898,,0.5855224132537842,,0.16615384817123413
,5432.0,38,4.8717240133555606e-05,49599,,3.498455762863159,,1.5117369890213013,,0.5855746269226074,,0.1661663055419922
,5532.0,38,4.866207018494606e-05,49649,,2.948789119720459,,1.3886862993240356,,0.5856253504753113,,0.16617392003536224
,5484.0,38,4.860689659835771e-05,49699,,2.5471243858337402,,1.027833342552185,,0.5856773853302002,,0.16618192195892334
,5512.0,38,4.8551723011769354e-05,49749,,2.9393675327301025,,1.1592671871185303,,0.5857236981391907,,0.16619201004505157
,5460.0,38,4.849655306315981e-05,49799,,2.7073447704315186,,1.1210260391235352,,0.5857732892036438,,0.1662035882472992
,5516.0,38,4.8441379476571456e-05,49849,,2.237938642501831,,0.9502204656600952,,0.5858215093612671,,0.1662106066942215
,5464.0,38,4.83862058899831e-05,49899,,3.3513736724853516,,1.3408833742141724,,0.5858670473098755,,0.16622209548950195
,5436.0,38,4.833103594137356e-05,49949,,2.915060043334961,,1.183200716972351,,0.5859188437461853,,0.1662287414073944
,5408.0,38,4.8275862354785204e-05,49999,,3.0982911586761475,,1.2589256763458252,,0.5859646797180176,,0.16624219715595245
,5460.0,38,4.822068876819685e-05,50049,,2.5028064250946045,,1.1845535039901733,,0.5860135555267334,,0.16625259816646576
,5512.0,38,4.8165518819587305e-05,50099,,2.4658043384552,,1.0871527194976807,,0.5860657691955566,,0.1662622094154358
,5428.0,38,4.811034523299895e-05,50149,,2.9623358249664307,,1.2437715530395508,,0.5861181020736694,,0.16626138985157013
,5432.0,38,4.80551716464106e-05,50199,,3.340263605117798,,1.26187002658844,,0.5861637592315674,,0.16627588868141174
,5460.0,38,4.8000001697801054e-05,50249,,2.2393360137939453,,0.9396434426307678,,0.5862149596214294,,0.1662849336862564
,5488.0,38,4.79448281112127e-05,50299,,2.1372978687286377,,0.7831620573997498,,0.5862647294998169,,0.1662914901971817
,5476.0,38,4.788965452462435e-05,50349,,3.0737123489379883,,0.9878937602043152,,0.5863128900527954,,0.1662936806678772
,5480.0,38,4.78344845760148e-05,50399,,2.914421558380127,,1.2684440612792969,,0.5863596200942993,,0.16630393266677856
,5508.0,38,4.777931098942645e-05,50449,,2.143706798553467,,0.8632606863975525,,0.5864075422286987,,0.16631771624088287
,5468.0,38,4.7724137402838096e-05,50499,,3.3058977127075195,,1.2221742868423462,,0.5864549279212952,,0.16632972657680511
,5432.0,38,4.766896381624974e-05,50549,,3.373669147491455,,1.6275725364685059,,0.5864983201026917,,0.16634228825569153
,5464.0,38,4.76137938676402e-05,50599,,3.3183584213256836,,1.255645513534546,,0.5865398049354553,,0.16635993123054504
,5440.0,38,4.7558620281051844e-05,50649,,2.7212531566619873,,1.099133014678955,,0.5865941047668457,,0.16637304425239563
,5460.0,38,4.750344669446349e-05,50699,,2.8085224628448486,,1.1139756441116333,,0.5866409540176392,,0.16637930274009705
5463.212890625,,38,,50738,2.8436222076416016,,1.1404012441635132,,0.5861369967460632,,0.16627977788448334,
,5504.0,39,4.7448276745853946e-05,50749,,2.5371181964874268,,0.8006743788719177,,0.5866901874542236,,0.16638882458209991
,5428.0,39,4.739310315926559e-05,50799,,2.9594950675964355,,1.2494676113128662,,0.5867414474487305,,0.16639551520347595
,5464.0,39,4.733792957267724e-05,50849,,3.2092952728271484,,1.2701219320297241,,0.5867942571640015,,0.16640782356262207
,5496.0,39,4.7282759624067694e-05,50899,,2.8255910873413086,,0.9501879811286926,,0.5868430137634277,,0.1664162427186966
,5524.0,39,4.722758603747934e-05,50949,,3.029163360595703,,1.2812596559524536,,0.5868864059448242,,0.16642776131629944
,5528.0,39,4.717241245089099e-05,50999,,2.681914806365967,,1.2487865686416626,,0.5869360566139221,,0.16643743216991425
,5492.0,39,4.711724250228144e-05,51049,,2.919919490814209,,1.0966200828552246,,0.5869788527488708,,0.16645121574401855
,5524.0,39,4.706206891569309e-05,51099,,2.793027877807617,,1.1880995035171509,,0.5870290994644165,,0.16646890342235565
,5492.0,39,4.7006895329104736e-05,51149,,2.780463457107544,,1.029259204864502,,0.587080180644989,,0.16648241877555847
,5404.0,39,4.695172538049519e-05,51199,,2.90311336517334,,0.973972499370575,,0.5871243476867676,,0.166497141122818
,5412.0,39,4.689655179390684e-05,51249,,3.4793949127197266,,1.3890255689620972,,0.5871670246124268,,0.16651375591754913
,5452.0,39,4.6841378207318485e-05,51299,,2.8239195346832275,,0.9739092588424683,,0.5872163772583008,,0.1665300726890564
,5504.0,39,4.678620825870894e-05,51349,,2.968240976333618,,1.2460721731185913,,0.5872684121131897,,0.16654235124588013
,5432.0,39,4.6731034672120586e-05,51399,,3.4118776321411133,,1.4706894159317017,,0.5873170495033264,,0.1665583699941635
,5468.0,39,4.667586108553223e-05,51449,,3.1172866821289062,,0.9167723655700684,,0.587361752986908,,0.16657443344593048
,5488.0,39,4.662069113692269e-05,51499,,2.3351247310638428,,0.9248547554016113,,0.5874142646789551,,0.16658265888690948
,5496.0,39,4.6565517550334334e-05,51549,,2.9749255180358887,,1.0202465057373047,,0.5874646306037903,,0.16659493744373322
,5464.0,39,4.651034396374598e-05,51599,,3.215069055557251,,1.261426329612732,,0.587508499622345,,0.16660910844802856
,5480.0,39,4.6455174015136436e-05,51649,,2.8606479167938232,,1.1610503196716309,,0.5875524878501892,,0.16662108898162842
,5500.0,39,4.640000042854808e-05,51699,,2.51737380027771,,0.7574196457862854,,0.5876013040542603,,0.16662858426570892
,5432.0,39,4.634482684195973e-05,51749,,2.4136552810668945,,1.0874091386795044,,0.5876468420028687,,0.16664071381092072
,5492.0,39,4.6289656893350184e-05,51799,,2.176192283630371,,0.9259727001190186,,0.5876927375793457,,0.16665630042552948
,5456.0,39,4.623448330676183e-05,51849,,2.93748140335083,,1.31991708278656,,0.5877432227134705,,0.1666712760925293
,5420.0,39,4.617930972017348e-05,51899,,1.9487546682357788,,0.7310622930526733,,0.5877870321273804,,0.16668875515460968
,5444.0,39,4.6124136133585125e-05,51949,,2.459192991256714,,0.9316211938858032,,0.587836742401123,,0.1666983664035797
,5456.0,39,4.606896618497558e-05,51999,,3.09627103805542,,1.1738957166671753,,0.5878835320472717,,0.16671037673950195
5462.73486328125,,39,,52039,2.8924341201782227,,1.1215742826461792,,0.5873897075653076,,0.16657410562038422,
,5416.0,40,4.6013792598387226e-05,52049,,3.256190061569214,,1.2578504085540771,,0.587925136089325,,0.16672272980213165
,5496.0,40,4.5958619011798874e-05,52099,,3.29414963722229,,1.3088223934173584,,0.5879698991775513,,0.16673530638217926
,5508.0,40,4.590344906318933e-05,52149,,2.400418996810913,,1.1274834871292114,,0.5880092978477478,,0.1667512059211731
,5484.0,40,4.5848275476600975e-05,52199,,3.224289655685425,,1.321637749671936,,0.588050365447998,,0.16676285862922668
,5496.0,40,4.579310189001262e-05,52249,,2.931180477142334,,1.142234206199646,,0.5880997180938721,,0.1667739301919937
,5480.0,40,4.5737931941403076e-05,52299,,2.5585286617279053,,0.8122413754463196,,0.5881505608558655,,0.16678455471992493
,5452.0,40,4.568275835481472e-05,52349,,3.220200777053833,,0.9698069095611572,,0.5881942510604858,,0.16679497063159943
,5444.0,40,4.562758476822637e-05,52399,,2.7294576168060303,,1.17827308177948,,0.5882406234741211,,0.1668081134557724
,5548.0,40,4.5572414819616824e-05,52449,,3.1067371368408203,,1.2046228647232056,,0.588290274143219,,0.16681638360023499
,5452.0,40,4.551724123302847e-05,52499,,3.1770102977752686,,1.3779031038284302,,0.5883389711380005,,0.16682672500610352
,5412.0,40,4.546206764644012e-05,52549,,3.1130011081695557,,1.4944405555725098,,0.588381826877594,,0.16683650016784668
,5512.0,40,4.540689769783057e-05,52599,,2.768000364303589,,1.0683574676513672,,0.5884298086166382,,0.166847825050354
,5464.0,40,4.535172411124222e-05,52649,,3.180488109588623,,1.1196413040161133,,0.5884796380996704,,0.1668568253517151
,5520.0,40,4.529655052465387e-05,52699,,2.8623080253601074,,0.848110556602478,,0.5885276794433594,,0.1668664813041687
,5448.0,40,4.524138057604432e-05,52749,,2.7575883865356445,,0.7815664410591125,,0.5885794758796692,,0.1668776422739029
,5472.0,40,4.518620698945597e-05,52799,,3.4894611835479736,,1.192990779876709,,0.5886261463165283,,0.16689544916152954
,5440.0,40,4.5131033402867615e-05,52849,,2.9312901496887207,,1.1083405017852783,,0.5886683464050293,,0.16690784692764282
,5516.0,40,4.507586345425807e-05,52899,,3.1723055839538574,,1.2124826908111572,,0.5887097716331482,,0.16692155599594116
,5396.0,40,4.5020689867669716e-05,52949,,3.078484535217285,,1.182870626449585,,0.5887550115585327,,0.1669348180294037
,5464.0,40,4.4965516281081364e-05,52999,,3.0017237663269043,,0.8487585186958313,,0.5887966156005859,,0.16694337129592896
,5412.0,40,4.491034633247182e-05,53049,,2.6594290733337402,,0.9745820164680481,,0.588841438293457,,0.16695614159107208
,5488.0,40,4.4855172745883465e-05,53099,,2.9121572971343994,,1.1753088235855103,,0.5888890624046326,,0.16696831583976746
,5456.0,40,4.479999915929511e-05,53149,,3.3397610187530518,,1.2120234966278076,,0.5889343023300171,,0.16698123514652252
,5376.0,40,4.4744829210685566e-05,53199,,2.8244001865386963,,1.234663486480713,,0.5889816284179688,,0.16699570417404175
,5452.0,40,4.468965562409721e-05,53249,,3.5209715366363525,,1.2863805294036865,,0.5890212655067444,,0.16700521111488342
,5476.0,40,4.463448203750886e-05,53299,,2.3179030418395996,,0.9163270592689514,,0.589069664478302,,0.1670181006193161
5461.9609375,,40,,53340,2.8989155292510986,,1.1188030242919922,,0.5885977745056152,,0.1668967753648758,
,5448.0,41,4.4579312088899314e-05,53349,,2.9205777645111084,,1.1647907495498657,,0.5891128778457642,,0.16702693700790405
,5452.0,41,4.452413850231096e-05,53399,,2.972140073776245,,1.16958487033844,,0.5891584157943726,,0.16703149676322937
,5504.0,41,4.446896491572261e-05,53449,,3.6575140953063965,,1.3729643821716309,,0.589206874370575,,0.16703827679157257
,5456.0,41,4.4413791329134256e-05,53499,,2.5670690536499023,,1.164385437965393,,0.5892484188079834,,0.1670430600643158
,5436.0,41,4.435862138052471e-05,53549,,2.611525535583496,,0.9219692349433899,,0.5892938375473022,,0.16705279052257538
,5492.0,41,4.430344779393636e-05,53599,,3.4174728393554688,,1.4279365539550781,,0.5893326997756958,,0.1670655459165573
,5556.0,41,4.4248274207348004e-05,53649,,3.7333052158355713,,1.3671826124191284,,0.5893749594688416,,0.16707535088062286
,5528.0,41,4.419310425873846e-05,53699,,2.511033296585083,,1.030586838722229,,0.5894147157669067,,0.16708393394947052
,5536.0,41,4.4137930672150105e-05,53749,,2.810237407684326,,0.9379472136497498,,0.5894546508789062,,0.16709142923355103
,5460.0,41,4.408275708556175e-05,53799,,3.2162113189697266,,1.0362122058868408,,0.5895026922225952,,0.1670949012041092
,5384.0,41,4.4027587136952206e-05,53849,,3.127527952194214,,1.0182547569274902,,0.589551568031311,,0.1671009063720703
,5400.0,41,4.3972413550363854e-05,53899,,3.557136297225952,,1.188585877418518,,0.5895938277244568,,0.16710828244686127
,5468.0,41,4.39172399637755e-05,53949,,1.9377467632293701,,0.609811007976532,,0.5896366834640503,,0.16711647808551788
,5404.0,41,4.3862070015165955e-05,53999,,2.6449334621429443,,1.1019070148468018,,0.5896826386451721,,0.16712287068367004
,5588.0,41,4.38068964285776e-05,54049,,2.3950769901275635,,0.8130635023117065,,0.5897302031517029,,0.1671288013458252
,5364.0,41,4.375172284198925e-05,54099,,3.4099202156066895,,1.3623532056808472,,0.5897771120071411,,0.16713741421699524
,5500.0,41,4.36965528933797e-05,54149,,2.5337624549865723,,0.8868621587753296,,0.5898176431655884,,0.16715160012245178
,5508.0,41,4.364137930679135e-05,54199,,2.867492437362671,,1.0981993675231934,,0.5898640155792236,,0.16715916991233826
,5444.0,41,4.3586205720203e-05,54249,,2.5596866607666016,,0.9745763540267944,,0.5899083018302917,,0.16716268658638
,5556.0,41,4.353103577159345e-05,54299,,3.3627893924713135,,1.2827774286270142,,0.5899482369422913,,0.16717785596847534
,5476.0,41,4.34758621850051e-05,54349,,2.589083433151245,,0.9003556966781616,,0.5899909138679504,,0.1671857386827469
,5452.0,41,4.3420688598416746e-05,54399,,3.00384521484375,,1.3993268013000488,,0.5900341272354126,,0.16719284653663635
,5448.0,41,4.33655186498072e-05,54449,,3.3090875148773193,,1.281917929649353,,0.5900747179985046,,0.16720537841320038
,5536.0,41,4.331034506321885e-05,54499,,3.113645553588867,,1.4209589958190918,,0.5901226997375488,,0.1672128438949585
,5420.0,41,4.3255171476630494e-05,54549,,3.482961893081665,,1.4204425811767578,,0.590164303779602,,0.16722171008586884
,5392.0,41,4.320000152802095e-05,54599,,3.2967422008514404,,1.2952885627746582,,0.5902097225189209,,0.1672334522008896
5464.126953125,,41,,54641,2.9647200107574463,,1.1183257102966309,,0.5897616744041443,,0.1671505719423294,
,5500.0,42,4.3144827941432595e-05,54649,,2.8394289016723633,,0.9637449383735657,,0.5902540683746338,,0.16724228858947754
,5528.0,42,4.308965435484424e-05,54699,,2.8313653469085693,,0.986386775970459,,0.5903005599975586,,0.16725324094295502
,5508.0,42,4.3034484406234697e-05,54749,,2.9223239421844482,,0.969756007194519,,0.5903451442718506,,0.16725794970989227
,5484.0,42,4.2979310819646344e-05,54799,,2.6039462089538574,,0.8895761370658875,,0.5903910398483276,,0.16726577281951904
,5524.0,42,4.292413723305799e-05,54849,,3.158550977706909,,0.9441990256309509,,0.5904332399368286,,0.1672753393650055
,5472.0,42,4.2868967284448445e-05,54899,,3.3135037422180176,,1.1017602682113647,,0.5904784202575684,,0.16728566586971283
,5472.0,42,4.281379369786009e-05,54949,,3.2663776874542236,,1.1199105978012085,,0.5905202627182007,,0.1672900915145874
,5504.0,42,4.275862011127174e-05,54999,,2.7749459743499756,,1.2041785717010498,,0.5905631184577942,,0.16729696094989777
,5520.0,42,4.2703446524683386e-05,55049,,3.101762533187866,,1.097514271736145,,0.5906038880348206,,0.1673038899898529
,5452.0,42,4.264827657607384e-05,55099,,2.545372724533081,,0.9973261952400208,,0.5906420946121216,,0.16731762886047363
,5420.0,42,4.259310298948549e-05,55149,,2.8549482822418213,,1.1462162733078003,,0.5906871557235718,,0.1673257201910019
,5448.0,42,4.2537929402897134e-05,55199,,3.4152231216430664,,1.1620869636535645,,0.5907316207885742,,0.16733495891094208
,5448.0,42,4.248275945428759e-05,55249,,3.019157886505127,,1.2398604154586792,,0.5907764434814453,,0.16734346747398376
,5444.0,42,4.2427585867699236e-05,55299,,3.075608730316162,,0.9118271470069885,,0.5908232927322388,,0.1673554629087448
,5500.0,42,4.237241228111088e-05,55349,,2.9440319538116455,,1.1362138986587524,,0.5908628106117249,,0.1673658788204193
,5436.0,42,4.231724233250134e-05,55399,,2.346463680267334,,0.8860009908676147,,0.5909028649330139,,0.16737738251686096
,5428.0,42,4.2262068745912984e-05,55449,,3.4000935554504395,,1.2290459871292114,,0.5909399390220642,,0.1673852503299713
,5500.0,42,4.220689515932463e-05,55499,,3.049598455429077,,1.3454596996307373,,0.5909838676452637,,0.16739186644554138
,5376.0,42,4.2151725210715085e-05,55549,,2.8381471633911133,,1.0173029899597168,,0.5910274386405945,,0.16740043461322784
,5472.0,42,4.209655162412673e-05,55599,,3.4893476963043213,,1.2585417032241821,,0.5910714268684387,,0.16741150617599487
,5456.0,42,4.204137803753838e-05,55649,,3.145103931427002,,1.1536771059036255,,0.5911113619804382,,0.16742157936096191
,5448.0,42,4.1986208088928834e-05,55699,,2.2996437549591064,,0.8966938257217407,,0.5911553502082825,,0.16743139922618866
,5416.0,42,4.193103450234048e-05,55749,,3.1308701038360596,,1.302905559539795,,0.5911983251571655,,0.16743865609169006
,5468.0,42,4.187586091575213e-05,55799,,3.0787782669067383,,1.16365385055542,,0.5912415385246277,,0.16744425892829895
,5428.0,42,4.182069096714258e-05,55849,,3.7998769283294678,,1.3014332056045532,,0.591282844543457,,0.16745413839817047
,5384.0,42,4.176551738055423e-05,55899,,3.1058509349823,,1.1137254238128662,,0.5913266539573669,,0.16745486855506897
5461.3212890625,,42,,55942,3.0570452213287354,,1.1180713176727295,,0.5908951759338379,,0.16737805306911469,
,5476.0,43,4.1710343793965876e-05,55949,,2.8603477478027344,,1.0152051448822021,,0.5913697481155396,,0.1674637794494629
,5468.0,43,4.165517384535633e-05,55999,,2.766188859939575,,1.145127534866333,,0.591417133808136,,0.16747137904167175
,5484.0,43,4.160000025876798e-05,56049,,2.789750576019287,,0.9370356202125549,,0.5914551615715027,,0.16748347878456116
,5372.0,43,4.1544826672179624e-05,56099,,3.2057268619537354,,1.208227276802063,,0.5914910435676575,,0.16750028729438782
,5420.0,43,4.148965672357008e-05,56149,,2.882404327392578,,0.9770033359527588,,0.5915414690971375,,0.16750818490982056
,5400.0,43,4.1434483136981726e-05,56199,,3.404473066329956,,1.404895305633545,,0.5915784239768982,,0.16752497851848602
,5520.0,43,4.137930955039337e-05,56249,,2.9751768112182617,,1.0878766775131226,,0.5916208028793335,,0.1675373911857605
,5436.0,43,4.132413960178383e-05,56299,,2.54767107963562,,1.0467098951339722,,0.5916634798049927,,0.16754893958568573
,5476.0,43,4.1268966015195474e-05,56349,,3.7047581672668457,,1.1165755987167358,,0.5917041301727295,,0.16755977272987366
,5548.0,43,4.121379242860712e-05,56399,,2.6181013584136963,,0.7713341116905212,,0.5917454957962036,,0.1675684154033661
,5476.0,43,4.1158622479997575e-05,56449,,3.4398183822631836,,1.1916656494140625,,0.5917894840240479,,0.16757787764072418
,5456.0,43,4.110344889340922e-05,56499,,3.0890631675720215,,1.2145532369613647,,0.5918319821357727,,0.16758772730827332
,5476.0,43,4.104827530682087e-05,56549,,3.235733985900879,,1.2065327167510986,,0.5918711423873901,,0.167597696185112
,5564.0,43,4.0993101720232517e-05,56599,,3.706529140472412,,1.1918749809265137,,0.5919060111045837,,0.16760650277137756
,5540.0,43,4.093793177162297e-05,56649,,2.1784861087799072,,0.8511867523193359,,0.5919438600540161,,0.16761143505573273
,5500.0,43,4.088275818503462e-05,56699,,2.8453173637390137,,0.93547523021698,,0.5919876098632812,,0.16761501133441925
,5464.0,43,4.0827584598446265e-05,56749,,3.057591676712036,,1.3204624652862549,,0.5920311808586121,,0.16762153804302216
,5460.0,43,4.077241464983672e-05,56799,,3.6043241024017334,,1.2076311111450195,,0.5920711755752563,,0.16762807965278625
,5436.0,43,4.0717241063248366e-05,56849,,2.3479952812194824,,0.8638181090354919,,0.5921040773391724,,0.1676366627216339
,5452.0,43,4.066206747666001e-05,56899,,3.1799509525299072,,1.12748122215271,,0.5921485424041748,,0.16764327883720398
,5436.0,43,4.060689752805047e-05,56949,,3.5273666381835938,,1.347628116607666,,0.5921883583068848,,0.16765502095222473
,5472.0,43,4.0551723941462114e-05,56999,,2.832460880279541,,0.9150256514549255,,0.592229425907135,,0.16766616702079773
,5532.0,43,4.049655035487376e-05,57049,,2.863161087036133,,1.0042318105697632,,0.5922732353210449,,0.16767215728759766
,5508.0,43,4.0441380406264216e-05,57099,,2.8593568801879883,,1.0986992120742798,,0.5923128128051758,,0.1676827073097229
,5468.0,43,4.038620681967586e-05,57149,,3.652465343475342,,1.3407877683639526,,0.5923577547073364,,0.1676962524652481
,5476.0,43,4.033103323308751e-05,57199,,3.9467740058898926,,1.1398869752883911,,0.5924012660980225,,0.1677059680223465
5463.4521484375,,43,,57243,3.084425210952759,,1.1181697845458984,,0.591986894607544,,0.1676192581653595,
,5452.0,44,4.0275863284477964e-05,57249,,2.2856812477111816,,0.579887330532074,,0.5924450755119324,,0.16771690547466278
,5468.0,44,4.022068969788961e-05,57299,,3.0513453483581543,,1.1975351572036743,,0.5924803614616394,,0.1677306592464447
,5456.0,44,4.016551611130126e-05,57349,,3.4225330352783203,,1.266261100769043,,0.5925185680389404,,0.16774168610572815
,5500.0,44,4.011034616269171e-05,57399,,3.0854833126068115,,1.21339750289917,,0.5925561785697937,,0.167755126953125
,5456.0,44,4.005517257610336e-05,57449,,2.2241973876953125,,0.8623185753822327,,0.5925995111465454,,0.16776429116725922
,5468.0,44,3.9999998989515007e-05,57499,,1.6753644943237305,,0.8484480977058411,,0.5926464796066284,,0.16777391731739044
,5444.0,44,3.994482904090546e-05,57549,,2.98722243309021,,1.0756728649139404,,0.5926809310913086,,0.16779270768165588
,5420.0,44,3.988965545431711e-05,57599,,3.158503293991089,,0.7530325651168823,,0.5927212238311768,,0.1678074300289154
,5444.0,44,3.9834481867728755e-05,57649,,3.4049644470214844,,1.1409220695495605,,0.5927596688270569,,0.16782164573669434
,5488.0,44,3.977931191911921e-05,57699,,3.26592755317688,,1.0452101230621338,,0.5928042531013489,,0.167831152677536
,5440.0,44,3.9724138332530856e-05,57749,,3.527639865875244,,1.3005341291427612,,0.5928425788879395,,0.16784292459487915
,5460.0,44,3.96689647459425e-05,57799,,2.8285672664642334,,1.2270710468292236,,0.5928835868835449,,0.16785380244255066
,5460.0,44,3.961379479733296e-05,57849,,2.545346736907959,,1.0740774869918823,,0.5929247140884399,,0.1678662747144699
,5448.0,44,3.9558621210744604e-05,57899,,2.7854042053222656,,1.0802010297775269,,0.592969536781311,,0.16787409782409668
,5484.0,44,3.950344762415625e-05,57949,,2.4561538696289062,,0.9622523188591003,,0.5930140018463135,,0.16788433492183685
,5368.0,44,3.9448277675546706e-05,57999,,2.7572972774505615,,1.059970498085022,,0.5930498838424683,,0.16789782047271729
,5352.0,44,3.939310408895835e-05,58049,,3.1802568435668945,,1.1476168632507324,,0.5930906534194946,,0.16790778934955597
,5536.0,44,3.933793050237e-05,58099,,3.2134668827056885,,1.0883378982543945,,0.593133807182312,,0.167918860912323
,5472.0,44,3.928275691578165e-05,58149,,2.5239925384521484,,0.8871142864227295,,0.5931771397590637,,0.16792529821395874
,5504.0,44,3.92275869671721e-05,58199,,3.7658779621124268,,1.4565056562423706,,0.5932174921035767,,0.16793404519557953
,5428.0,44,3.917241338058375e-05,58249,,2.7569313049316406,,1.00545334815979,,0.5932561755180359,,0.16794314980506897
,5496.0,44,3.9117239793995395e-05,58299,,3.7816038131713867,,1.3358112573623657,,0.5932924151420593,,0.16795173287391663
,5452.0,44,3.906206984538585e-05,58349,,3.115384817123413,,1.1067696809768677,,0.5933364629745483,,0.16795475780963898
,5476.0,44,3.9006896258797497e-05,58399,,3.5969560146331787,,1.5299007892608643,,0.5933801531791687,,0.1679636687040329
,5468.0,44,3.8951722672209144e-05,58449,,3.4273359775543213,,1.331120252609253,,0.5934142470359802,,0.16797350347042084
,5464.0,44,3.88965527235996e-05,58499,,2.919499158859253,,1.1050593852996826,,0.5934534072875977,,0.16797827184200287
5462.177734375,,44,,58544,3.0781517028808594,,1.1162855625152588,,0.5930492281913757,,0.1678902506828308,
,5496.0,45,3.8841379137011245e-05,58549,,2.1326656341552734,,0.6517026424407959,,0.5934969186782837,,0.16798122227191925
,5560.0,45,3.878620555042289e-05,58599,,2.956296920776367,,1.1368898153305054,,0.5935359001159668,,0.16798612475395203
,5472.0,45,3.8731035601813346e-05,58649,,3.087404489517212,,1.0875988006591797,,0.5935760140419006,,0.16799397766590118
,5392.0,45,3.867586201522499e-05,58699,,2.940361261367798,,1.0842163562774658,,0.5936173796653748,,0.1680016964673996
,5440.0,45,3.862068842863664e-05,58749,,3.2827670574188232,,1.0970193147659302,,0.5936558246612549,,0.16800916194915771
,5504.0,45,3.8565518480027094e-05,58799,,3.3687832355499268,,1.0301755666732788,,0.5936964154243469,,0.1680181473493576
,5504.0,45,3.851034489343874e-05,58849,,3.5252952575683594,,1.2777445316314697,,0.593738317489624,,0.16802170872688293
,5444.0,45,3.845517130685039e-05,58899,,3.8061575889587402,,1.2729424238204956,,0.5937770009040833,,0.1680295169353485
,5492.0,45,3.840000135824084e-05,58949,,3.4105374813079834,,1.3083059787750244,,0.5938160419464111,,0.16803434491157532
,5432.0,45,3.834482777165249e-05,58999,,3.003943920135498,,1.1149506568908691,,0.5938555002212524,,0.1680409014225006
,5544.0,45,3.828965418506414e-05,59049,,2.942201852798462,,1.127911925315857,,0.5938956141471863,,0.16805237531661987
,5408.0,45,3.823448423645459e-05,59099,,3.3138346672058105,,1.3144909143447876,,0.5939313769340515,,0.1680632084608078
,5480.0,45,3.817931064986624e-05,59149,,3.4471487998962402,,1.2602976560592651,,0.5939668416976929,,0.1680726408958435
,5492.0,45,3.8124137063277885e-05,59199,,3.490130662918091,,1.0787570476531982,,0.5940025448799133,,0.16807734966278076
,5380.0,45,3.806896711466834e-05,59249,,3.7265851497650146,,1.4170572757720947,,0.5940412282943726,,0.16808804869651794
,5508.0,45,3.8013793528079987e-05,59299,,2.7711241245269775,,0.9746415019035339,,0.5940808653831482,,0.16809603571891785
,5432.0,45,3.7958619941491634e-05,59349,,4.147475719451904,,1.5260616540908813,,0.5941165089607239,,0.1681021898984909
,5476.0,45,3.790344999288209e-05,59399,,4.347314834594727,,1.6521174907684326,,0.5941565036773682,,0.16811102628707886
,5460.0,45,3.7848276406293735e-05,59449,,2.9740829467773438,,0.9285334348678589,,0.5941970944404602,,0.16811692714691162
,5476.0,45,3.779310281970538e-05,59499,,2.975172281265259,,1.0406742095947266,,0.5942341685295105,,0.16812565922737122
,5452.0,45,3.773792923311703e-05,59549,,2.175166368484497,,0.796524703502655,,0.5942728519439697,,0.168131023645401
,5416.0,45,3.768275928450748e-05,59599,,3.43735408782959,,1.124840497970581,,0.5943146347999573,,0.1681412011384964
,5476.0,45,3.762758569791913e-05,59649,,3.8480966091156006,,1.1779571771621704,,0.5943535566329956,,0.1681494414806366
,5500.0,45,3.757241211133078e-05,59699,,3.210627794265747,,1.2426013946533203,,0.5943917036056519,,0.16815990209579468
,5388.0,45,3.751724216272123e-05,59749,,2.8417515754699707,,1.0235507488250732,,0.5944281816482544,,0.16817085444927216
,5428.0,45,3.746206857613288e-05,59799,,3.531248092651367,,1.3916478157043457,,0.5944663286209106,,0.168180450797081
5460.86083984375,,45,,59845,3.1115245819091797,,1.1077678203582764,,0.5940873026847839,,0.16810265183448792,
,5424.0,46,3.7406894989544526e-05,59849,,3.018477439880371,,1.1165781021118164,,0.5945026874542236,,0.16818885505199432
,5520.0,46,3.735172504093498e-05,59899,,2.5594115257263184,,0.9213072657585144,,0.5945362448692322,,0.16819918155670166
,5484.0,46,3.729655145434663e-05,59949,,3.3687896728515625,,1.1711143255233765,,0.5945713520050049,,0.1682112067937851
,5452.0,46,3.7241377867758274e-05,59999,,3.3611443042755127,,1.1700388193130493,,0.5946072936058044,,0.1682203710079193
,5420.0,46,3.718620791914873e-05,60049,,2.626633405685425,,1.1366251707077026,,0.5946453809738159,,0.16822731494903564
,5468.0,46,3.7131034332560375e-05,60099,,3.1989409923553467,,0.7995083332061768,,0.5946820974349976,,0.16823145747184753
,5456.0,46,3.707586074597202e-05,60149,,2.8266663551330566,,0.9159018397331238,,0.5947185754776001,,0.16824287176132202
,5436.0,46,3.7020690797362477e-05,60199,,2.9486141204833984,,1.085012435913086,,0.5947597026824951,,0.16825330257415771
,5476.0,46,3.6965517210774124e-05,60249,,3.78118634223938,,1.3935316801071167,,0.5947941541671753,,0.16826364398002625
,5484.0,46,3.691034362418577e-05,60299,,3.068633794784546,,1.0657069683074951,,0.5948309302330017,,0.16827057301998138
,5492.0,46,3.6855173675576225e-05,60349,,3.4135124683380127,,1.1852456331253052,,0.5948691964149475,,0.1682780683040619
,5400.0,46,3.680000008898787e-05,60399,,2.8954408168792725,,1.0560333728790283,,0.5949082374572754,,0.16828539967536926
,5444.0,46,3.674482650239952e-05,60449,,2.8963842391967773,,0.8267862796783447,,0.5949411392211914,,0.1682939976453781
,5524.0,46,3.668965655378997e-05,60499,,3.1170296669006348,,1.136262059211731,,0.5949801802635193,,0.16830024123191833
,5444.0,46,3.663448296720162e-05,60549,,2.5550825595855713,,0.8673340082168579,,0.5950238704681396,,0.16830557584762573
,5432.0,46,3.657930938061327e-05,60599,,3.5725042819976807,,1.2331361770629883,,0.5950573086738586,,0.16831666231155396
,5468.0,46,3.652413943200372e-05,60649,,3.5318071842193604,,1.0920023918151855,,0.5950945615768433,,0.16832546889781952
,5468.0,46,3.646896584541537e-05,60699,,3.1569371223449707,,1.0908679962158203,,0.5951346755027771,,0.1683264821767807
,5424.0,46,3.6413792258827016e-05,60749,,3.0074665546417236,,1.019610047340393,,0.5951809287071228,,0.16832707822322845
,5484.0,46,3.635862231021747e-05,60799,,3.7963125705718994,,1.20799720287323,,0.5952175855636597,,0.16833199560642242
,5476.0,46,3.630344872362912e-05,60849,,3.171525716781616,,0.8931698203086853,,0.5952559113502502,,0.16833776235580444
,5416.0,46,3.6248275137040764e-05,60899,,3.1764090061187744,,0.9907935857772827,,0.5952942967414856,,0.16834303736686707
,5460.0,46,3.619310518843122e-05,60949,,2.8278560638427734,,1.097177505493164,,0.5953325629234314,,0.16835057735443115
,5440.0,46,3.6137931601842865e-05,60999,,3.580246686935425,,1.1743122339248657,,0.5953732132911682,,0.16835787892341614
,5488.0,46,3.608275801525451e-05,61049,,3.001436948776245,,1.0874062776565552,,0.5954127907752991,,0.16836398839950562
,5472.0,46,3.602758442866616e-05,61099,,2.564357280731201,,0.9415245652198792,,0.5954456329345703,,0.16837570071220398
5461.48046875,,46,,61146,3.159106969833374,,1.1096166372299194,,0.5950705409049988,,0.16831724345684052,
,5428.0,47,3.5972414480056614e-05,61149,,3.5530920028686523,,1.4198346138000488,,0.5954869985580444,,0.16838055849075317
,5488.0,47,3.591724089346826e-05,61199,,2.935340404510498,,1.0608662366867065,,0.5955295562744141,,0.1683894395828247
,5400.0,47,3.586206730687991e-05,61249,,2.243377685546875,,0.9657204151153564,,0.5955654978752136,,0.16839836537837982
,5508.0,47,3.580689735827036e-05,61299,,2.6230859756469727,,0.7148787975311279,,0.5956035256385803,,0.16840612888336182
,5428.0,47,3.575172377168201e-05,61349,,3.4648478031158447,,1.2459360361099243,,0.5956377983093262,,0.16841763257980347
,5520.0,47,3.5696550185093656e-05,61399,,3.3831682205200195,,1.1652177572250366,,0.5956704616546631,,0.16842599213123322
,5500.0,47,3.564138023648411e-05,61449,,3.8226468563079834,,1.3835188150405884,,0.5957061648368835,,0.1684313416481018
,5424.0,47,3.558620664989576e-05,61499,,3.287081480026245,,1.1041576862335205,,0.5957416296005249,,0.16843731701374054
,5432.0,47,3.5531033063307405e-05,61549,,2.742445945739746,,0.9304333329200745,,0.5957805514335632,,0.16844427585601807
,5464.0,47,3.547586311469786e-05,61599,,3.7560055255889893,,1.4158604145050049,,0.5958115458488464,,0.16845513880252838
,5492.0,47,3.5420689528109506e-05,61649,,3.055913209915161,,1.009477138519287,,0.5958496332168579,,0.16845853626728058
,5532.0,47,3.536551594152115e-05,61699,,3.3897316455841064,,1.1744129657745361,,0.5958874821662903,,0.16846205294132233
,5436.0,47,3.531034599291161e-05,61749,,2.901035785675049,,0.950497031211853,,0.595923662185669,,0.16847023367881775
,5428.0,47,3.5255172406323254e-05,61799,,2.736036777496338,,0.9935945868492126,,0.5959622263908386,,0.1684761792421341
,5448.0,47,3.51999988197349e-05,61849,,3.004192352294922,,0.956481397151947,,0.5960017442703247,,0.1684834510087967
,5484.0,47,3.5144828871125355e-05,61899,,2.4279139041900635,,0.9190689921379089,,0.5960432291030884,,0.16849052906036377
,5452.0,47,3.5089655284537e-05,61949,,3.6140964031219482,,1.1835792064666748,,0.5960767269134521,,0.16849897801876068
,5424.0,47,3.503448169794865e-05,61999,,3.2542288303375244,,1.3548481464385986,,0.5961174964904785,,0.1685093641281128
,5468.0,47,3.4979311749339104e-05,62049,,2.920024871826172,,1.1490776538848877,,0.5961560010910034,,0.16851690411567688
,5420.0,47,3.492413816275075e-05,62099,,2.6607725620269775,,0.8879455327987671,,0.5961924195289612,,0.16852417588233948
,5420.0,47,3.48689645761624e-05,62149,,3.1389870643615723,,1.0159597396850586,,0.5962269306182861,,0.16853508353233337
,5488.0,47,3.481379462755285e-05,62199,,3.735624313354492,,1.0242286920547485,,0.5962650179862976,,0.1685430258512497
,5448.0,47,3.47586210409645e-05,62249,,2.298417091369629,,0.8099924325942993,,0.5962964296340942,,0.1685546636581421
,5552.0,47,3.4703447454376146e-05,62299,,3.5952229499816895,,1.1595423221588135,,0.5963376760482788,,0.1685621589422226
,5528.0,47,3.46482775057666e-05,62349,,3.437035083770752,,1.3467044830322266,,0.5963677763938904,,0.16857269406318665
,5408.0,47,3.459310391917825e-05,62399,,3.5848827362060547,,1.2623052597045898,,0.5964020490646362,,0.16858191788196564
5460.7724609375,,47,,62447,3.1974735260009766,,1.1084176301956177,,0.596049964427948,,0.16850587725639343,
,5432.0,48,3.4537930332589895e-05,62449,,3.2089223861694336,,1.055415153503418,,0.5964406132698059,,0.1685880720615387
,5452.0,48,3.448276038398035e-05,62499,,3.0445289611816406,,1.1618871688842773,,0.596477746963501,,0.1685960292816162
,5440.0,48,3.4427586797391996e-05,62549,,3.069409132003784,,1.151221513748169,,0.5965147018432617,,0.16860097646713257
,5500.0,48,3.437241321080364e-05,62599,,3.444706916809082,,1.2789490222930908,,0.5965526103973389,,0.16860929131507874
,5432.0,48,3.431723962421529e-05,62649,,2.9896323680877686,,1.0129249095916748,,0.5965909957885742,,0.16861851513385773
,5452.0,48,3.4262069675605744e-05,62699,,3.3683674335479736,,1.0781880617141724,,0.5966269969940186,,0.16862595081329346
,5460.0,48,3.420689608901739e-05,62749,,3.3527047634124756,,1.1529004573822021,,0.5966612696647644,,0.16863012313842773
,5460.0,48,3.415172250242904e-05,62799,,2.704772710800171,,0.9714686274528503,,0.5966970920562744,,0.16863390803337097
,5512.0,48,3.409655255381949e-05,62849,,2.6146810054779053,,0.8329740166664124,,0.5967371463775635,,0.16863957047462463
,5440.0,48,3.404137896723114e-05,62899,,3.0530316829681396,,1.1594581604003906,,0.5967725515365601,,0.16864873468875885
,5492.0,48,3.398620538064279e-05,62949,,3.61193585395813,,1.2057725191116333,,0.5968075394630432,,0.1686563789844513
,5448.0,48,3.393103543203324e-05,62999,,2.988654136657715,,1.1033756732940674,,0.5968374013900757,,0.16866683959960938
,5416.0,48,3.387586184544489e-05,63049,,3.207812786102295,,1.2220691442489624,,0.5968762636184692,,0.16867318749427795
,5452.0,48,3.3820688258856535e-05,63099,,3.42578125,,1.1690568923950195,,0.5969127416610718,,0.16867941617965698
,5392.0,48,3.376551831024699e-05,63149,,2.80049467086792,,1.090107798576355,,0.5969460010528564,,0.16868844628334045
,5472.0,48,3.3710344723658636e-05,63199,,2.488510847091675,,0.8930583000183105,,0.5969821810722351,,0.1686936765909195
,5508.0,48,3.365517113707028e-05,63249,,3.642879009246826,,1.3754457235336304,,0.5970209836959839,,0.16869989037513733
,5404.0,48,3.360000118846074e-05,63299,,3.6077375411987305,,1.3538743257522583,,0.5970553755760193,,0.16870781779289246
,5432.0,48,3.3544827601872385e-05,63349,,2.441513776779175,,0.9108180999755859,,0.5970926880836487,,0.16871656477451324
,5444.0,48,3.348965401528403e-05,63399,,2.0396180152893066,,0.8394579887390137,,0.5971261262893677,,0.1687222719192505
,5372.0,48,3.3434484066674486e-05,63449,,3.0664098262786865,,1.0892469882965088,,0.5971596837043762,,0.16873350739479065
,5496.0,48,3.337931048008613e-05,63499,,3.612809181213379,,1.2907062768936157,,0.5971935987472534,,0.16873954236507416
,5508.0,48,3.332413689349778e-05,63549,,3.0800955295562744,,1.0717006921768188,,0.5972287654876709,,0.16874703764915466
,5404.0,48,3.3268966944888234e-05,63599,,3.029348611831665,,0.9052528738975525,,0.5972623825073242,,0.16875723004341125
,5508.0,48,3.321379335829988e-05,63649,,3.551227331161499,,1.1625646352767944,,0.5972999334335327,,0.16876496374607086
,5516.0,48,3.315861977171153e-05,63699,,2.405400514602661,,0.7550860643386841,,0.597338855266571,,0.16877369582653046
5461.81005859375,,48,,63748,3.231934070587158,,1.1065305471420288,,0.5969960689544678,,0.16870532929897308,
,5436.0,49,3.310344982310198e-05,63749,,2.352587938308716,,0.890818178653717,,0.5973694920539856,,0.16878223419189453
,5432.0,49,3.304827623651363e-05,63799,,2.900381326675415,,0.8545467257499695,,0.5974081158638,,0.16878986358642578
,5408.0,49,3.299310264992528e-05,63849,,3.1878247261047363,,1.0394319295883179,,0.5974421501159668,,0.16879867017269135
,5400.0,49,3.293793270131573e-05,63899,,2.8915278911590576,,1.1713753938674927,,0.5974769592285156,,0.1688109189271927
,5488.0,49,3.288275911472738e-05,63949,,3.9787657260894775,,1.265758991241455,,0.5975111126899719,,0.16881872713565826
,5428.0,49,3.2827585528139025e-05,63999,,3.401359796524048,,1.2220877408981323,,0.5975445508956909,,0.16882511973381042
,5384.0,49,3.277241557952948e-05,64049,,3.658341407775879,,1.2037471532821655,,0.597579300403595,,0.16883467137813568
,5452.0,49,3.2717241992941126e-05,64099,,2.631368637084961,,0.8223484754562378,,0.5976167917251587,,0.16884174942970276
,5420.0,49,3.266206840635277e-05,64149,,3.6308560371398926,,1.26264488697052,,0.597648024559021,,0.16885247826576233
,5436.0,49,3.260689481976442e-05,64199,,3.842879056930542,,1.1986045837402344,,0.597683310508728,,0.16885948181152344
,5432.0,49,3.2551724871154875e-05,64249,,3.3911914825439453,,0.9696133732795715,,0.597719669342041,,0.16886919736862183
,5432.0,49,3.249655128456652e-05,64299,,3.008694648742676,,1.0260100364685059,,0.597754716873169,,0.16887784004211426
,5380.0,49,3.244137769797817e-05,64349,,3.564408779144287,,1.2942514419555664,,0.5977905988693237,,0.16888564825057983
,5440.0,49,3.238620774936862e-05,64399,,2.805854082107544,,1.123699426651001,,0.5978226065635681,,0.1688920259475708
,5512.0,49,3.233103416278027e-05,64449,,3.2399375438690186,,1.1321823596954346,,0.5978543758392334,,0.16890114545822144
,5524.0,49,3.227586057619192e-05,64499,,3.5181686878204346,,1.0747578144073486,,0.5978901982307434,,0.1689082682132721
,5468.0,49,3.222069062758237e-05,64549,,3.1093008518218994,,1.0807158946990967,,0.597925066947937,,0.16891933977603912
,5476.0,49,3.216551704099402e-05,64599,,4.116918563842773,,1.2236523628234863,,0.5979561805725098,,0.16892772912979126
,5492.0,49,3.2110343454405665e-05,64649,,1.3241087198257446,,0.4289552569389343,,0.5979896187782288,,0.16893887519836426
,5528.0,49,3.205517350579612e-05,64699,,3.596061944961548,,1.2752610445022583,,0.5980256199836731,,0.1689463108778
,5424.0,49,3.199999991920777e-05,64749,,3.4820265769958496,,1.4020313024520874,,0.5980614423751831,,0.16895490884780884
,5520.0,49,3.1944826332619414e-05,64799,,3.1225271224975586,,1.072831392288208,,0.5980985760688782,,0.16896063089370728
,5476.0,49,3.188965638400987e-05,64849,,3.001199960708618,,0.9070104360580444,,0.5981347560882568,,0.1689661294221878
,5536.0,49,3.1834482797421515e-05,64899,,4.096427917480469,,1.2390364408493042,,0.5981723070144653,,0.16897204518318176
,5512.0,49,3.177930921083316e-05,64949,,2.4053754806518555,,0.7655008435249329,,0.5982073545455933,,0.16898001730442047
,5480.0,49,3.1724139262223616e-05,64999,,2.844932794570923,,1.094969630241394,,0.5982376337051392,,0.16898691654205322
,5452.0,49,3.166896567563526e-05,65049,,3.244809627532959,,1.0393598079681396,,0.5982707142829895,,0.16899673640727997
5463.56640625,,49,,65049,3.2959086894989014,,1.1048814058303833,,0.5979078412055969,,0.1689169853925705,
,5416.0,50,3.161379208904691e-05,65099,,2.427302360534668,,0.8060891628265381,,0.5983044505119324,,0.16900551319122314
,5492.0,50,3.1558622140437365e-05,65149,,3.188286304473877,,1.1504789590835571,,0.5983372926712036,,0.16901540756225586
,5364.0,50,3.150344855384901e-05,65199,,3.2160933017730713,,1.0698256492614746,,0.5983710289001465,,0.1690223515033722
,5352.0,50,3.144827496726066e-05,65249,,2.8943183422088623,,1.01106595993042,,0.5984046459197998,,0.16903090476989746
,5496.0,50,3.139310501865111e-05,65299,,3.7960703372955322,,1.3983677625656128,,0.5984388589859009,,0.16903793811798096
,5456.0,50,3.133793143206276e-05,65349,,3.4467034339904785,,1.0064729452133179,,0.5984748601913452,,0.16904768347740173
,5468.0,50,3.128275784547441e-05,65399,,2.959400177001953,,0.905931830406189,,0.5985067486763,,0.16905862092971802
,5424.0,50,3.122758789686486e-05,65449,,2.663661241531372,,0.9393452405929565,,0.5985414981842041,,0.169068843126297
,5492.0,50,3.117241431027651e-05,65499,,3.9523370265960693,,1.336429238319397,,0.5985772609710693,,0.16907960176467896
,5384.0,50,3.1117240723688155e-05,65549,,3.1420605182647705,,1.024935007095337,,0.5986106395721436,,0.16908735036849976
,5484.0,50,3.106207077507861e-05,65599,,3.392167091369629,,1.2399896383285522,,0.5986455082893372,,0.16909123957157135
,5516.0,50,3.100689718849026e-05,65649,,2.8032679557800293,,1.0836448669433594,,0.5986822843551636,,0.1690993458032608
,5504.0,50,3.0951723601901904e-05,65699,,2.6417508125305176,,0.9823113679885864,,0.5987110137939453,,0.16910606622695923
,5468.0,50,3.089655001531355e-05,65749,,3.02014422416687,,0.9943949580192566,,0.5987431406974792,,0.16911011934280396
,5512.0,50,3.0841380066704005e-05,65799,,2.987962484359741,,0.980391800403595,,0.598778486251831,,0.16911540925502777
,5420.0,50,3.078620648011565e-05,65849,,3.5020906925201416,,1.248034954071045,,0.5988118648529053,,0.1691219061613083
,5444.0,50,3.07310328935273e-05,65899,,2.7855823040008545,,0.9759752154350281,,0.598844587802887,,0.1691265106201172
,5380.0,50,3.067586294491775e-05,65949,,3.6559717655181885,,1.2793188095092773,,0.5988813638687134,,0.1691334992647171
,5476.0,50,3.06206893583294e-05,65999,,3.5504395961761475,,1.373018741607666,,0.5989117622375488,,0.16914471983909607
,5416.0,50,3.056551577174105e-05,66049,,3.874422311782837,,1.1962801218032837,,0.5989474058151245,,0.16915032267570496
,5472.0,50,3.0510344004142098e-05,66099,,2.5621232986450195,,0.8843477964401245,,0.598981499671936,,0.16915357112884521
,5472.0,50,3.045517223654315e-05,66149,,3.4027771949768066,,1.0033951997756958,,0.599016010761261,,0.16916227340698242
,5436.0,50,3.04000004689442e-05,66199,,3.4800772666931152,,1.213082194328308,,0.5990483164787292,,0.16917496919631958
,5432.0,50,3.0344826882355846e-05,66249,,3.392073154449463,,1.2140458822250366,,0.5990808010101318,,0.16918089985847473
,5500.0,50,3.0289655114756897e-05,66299,,3.4917032718658447,,1.250116229057312,,0.5991158485412598,,0.16919060051441193
,5508.0,50,3.0234483347157948e-05,66349,,3.213811159133911,,0.9109354615211487,,0.5991463661193848,,0.16919921338558197
5456.72998046875,,50,,66350,3.2869396209716797,,1.1000405550003052,,0.5987977385520935,,0.16912485659122467,
,5524.0,51,3.0179309760569595e-05,66399,,4.05049467086792,,1.3171155452728271,,0.5991775393486023,,0.16920943558216095
,5440.0,51,3.0124137992970645e-05,66449,,3.9130115509033203,,1.3697179555892944,,0.5992131233215332,,0.16921579837799072
,5472.0,51,3.0068966225371696e-05,66499,,3.4863314628601074,,1.2950387001037598,,0.5992438793182373,,0.1692247837781906
,5576.0,51,3.0013792638783343e-05,66549,,2.9840481281280518,,1.0693598985671997,,0.5992793440818787,,0.16922877728939056
,5452.0,51,2.9958620871184394e-05,66599,,3.0356874465942383,,0.8393215537071228,,0.5993146896362305,,0.16923609375953674
,5424.0,51,2.9903449103585444e-05,66649,,3.885471820831299,,1.3609883785247803,,0.5993463397026062,,0.16924411058425903
,5448.0,51,2.984827551699709e-05,66699,,3.5531721115112305,,1.1946579217910767,,0.5993788838386536,,0.1692505180835724
,5432.0,51,2.9793103749398142e-05,66749,,3.817626714706421,,1.18630850315094,,0.5994144678115845,,0.1692575216293335
,5456.0,51,2.973793016280979e-05,66799,,2.744205951690674,,0.9693087935447693,,0.5994442701339722,,0.16926530003547668
,5444.0,51,2.968275839521084e-05,66849,,3.569218158721924,,1.06864595413208,,0.5994784235954285,,0.1692735105752945
,5416.0,51,2.962758662761189e-05,66899,,2.452829360961914,,0.9359060525894165,,0.5995092391967773,,0.16928428411483765
,5440.0,51,2.9572413041023538e-05,66949,,3.3626232147216797,,0.8486490249633789,,0.5995481014251709,,0.16928748786449432
,5496.0,51,2.9517241273424588e-05,66999,,3.892948865890503,,0.9305495619773865,,0.5995791554450989,,0.1692955642938614
,5400.0,51,2.946206950582564e-05,67049,,3.8195812702178955,,0.9976982474327087,,0.599614143371582,,0.1693037450313568
,5428.0,51,2.9406895919237286e-05,67099,,3.077899932861328,,0.9449858069419861,,0.599652111530304,,0.16931357979774475
,5388.0,51,2.9351724151638336e-05,67149,,3.1570894718170166,,1.0427223443984985,,0.5996791124343872,,0.16932883858680725
,5428.0,51,2.9296552384039387e-05,67199,,3.217503547668457,,1.1027088165283203,,0.5997116565704346,,0.16933979094028473
,5564.0,51,2.9241378797451034e-05,67249,,3.8890304565429688,,1.0937803983688354,,0.5997422933578491,,0.1693536639213562
,5492.0,51,2.9186207029852085e-05,67299,,2.767909049987793,,0.9733845591545105,,0.5997763872146606,,0.1693655550479889
,5480.0,51,2.9131035262253135e-05,67349,,2.7585322856903076,,0.959859311580658,,0.599807620048523,,0.1693781018257141
,5412.0,51,2.9075861675664783e-05,67399,,3.443103075027466,,1.2093065977096558,,0.599839448928833,,0.1693895161151886
,5480.0,51,2.9020689908065833e-05,67449,,3.504718065261841,,1.1167515516281128,,0.599872350692749,,0.16939611732959747
,5560.0,51,2.8965518140466884e-05,67499,,3.75506854057312,,1.2620704174041748,,0.5999021530151367,,0.1694066971540451
,5516.0,51,2.891034455387853e-05,67549,,3.542980432510376,,1.1898138523101807,,0.5999358892440796,,0.16941478848457336
,5484.0,51,2.885517278627958e-05,67599,,2.9132564067840576,,0.7688319087028503,,0.5999669432640076,,0.16942428052425385
,5448.0,51,2.879999919969123e-05,67649,,3.166527271270752,,0.9843164682388306,,0.600002110004425,,0.16943538188934326
5460.9287109375,,51,,67651,3.319809913635254,,1.0975524187088013,,0.5996647477149963,,0.16933272778987885,
,5492.0,52,2.874482743209228e-05,67699,,3.26802921295166,,0.9644952416419983,,0.6000319719314575,,0.1694427728652954
,5528.0,52,2.868965566449333e-05,67749,,3.2138235569000244,,0.8987717032432556,,0.600064754486084,,0.1694524735212326
,5440.0,52,2.8634482077904977e-05,67799,,2.740605354309082,,0.9419056177139282,,0.6000967621803284,,0.16946355998516083
,5504.0,52,2.8579310310306028e-05,67849,,3.782323122024536,,1.2274284362792969,,0.6001308560371399,,0.16947367787361145
,5460.0,52,2.8524138542707078e-05,67899,,3.5351459980010986,,1.2140270471572876,,0.6001578569412231,,0.16948698461055756
,5500.0,52,2.8468964956118725e-05,67949,,3.279935598373413,,0.8438124060630798,,0.6001889109611511,,0.1694960594177246
,5476.0,52,2.8413793188519776e-05,67999,,2.888012409210205,,1.0605322122573853,,0.600217342376709,,0.16950850188732147
,5460.0,52,2.8358621420920826e-05,68049,,3.7116668224334717,,1.4046192169189453,,0.6002552509307861,,0.16951440274715424
,5436.0,52,2.8303447834332474e-05,68099,,3.619901657104492,,1.2614082098007202,,0.6002897024154663,,0.16952286660671234
,5476.0,52,2.8248276066733524e-05,68149,,2.4495091438293457,,0.8439206480979919,,0.6003189086914062,,0.16953018307685852
,5432.0,52,2.8193104299134575e-05,68199,,3.527543544769287,,1.165899634361267,,0.6003537178039551,,0.16953769326210022
,5400.0,52,2.8137930712546222e-05,68249,,2.9742236137390137,,1.0295754671096802,,0.6003904938697815,,0.16954371333122253
,5428.0,52,2.8082758944947273e-05,68299,,2.45802640914917,,0.9810445308685303,,0.600429356098175,,0.16954553127288818
,5468.0,52,2.802758535835892e-05,68349,,3.4788451194763184,,1.1443908214569092,,0.6004584431648254,,0.16955313086509705
,5496.0,52,2.797241359075997e-05,68399,,2.702873468399048,,0.9882621765136719,,0.6004918217658997,,0.16955935955047607
,5440.0,52,2.791724182316102e-05,68449,,3.1923348903656006,,1.0860353708267212,,0.6005240678787231,,0.16956493258476257
,5468.0,52,2.7862068236572668e-05,68499,,3.3169727325439453,,1.0197657346725464,,0.6005540490150452,,0.16957196593284607
,5496.0,52,2.780689646897372e-05,68549,,3.734835624694824,,1.2282007932662964,,0.6005885601043701,,0.1695750653743744
,5444.0,52,2.775172470137477e-05,68599,,3.180196523666382,,0.9534975290298462,,0.6006180644035339,,0.1695832759141922
,5456.0,52,2.7696551114786416e-05,68649,,2.8259387016296387,,1.1006160974502563,,0.6006518602371216,,0.1695868968963623
,5496.0,52,2.7641379347187467e-05,68699,,4.280464172363281,,1.4182928800582886,,0.6006845235824585,,0.16959001123905182
,5472.0,52,2.7586207579588518e-05,68749,,3.4221315383911133,,1.259857177734375,,0.6007146835327148,,0.16959668695926666
,5464.0,52,2.7531033993000165e-05,68799,,3.147218942642212,,0.995144784450531,,0.6007461547851562,,0.16960301995277405
,5520.0,52,2.7475862225401215e-05,68849,,4.232295036315918,,1.3239327669143677,,0.6007760167121887,,0.16960959136486053
,5420.0,52,2.7420690457802266e-05,68899,,3.1446523666381836,,0.9371657967567444,,0.600807785987854,,0.1696191281080246
,5356.0,52,2.7365516871213913e-05,68949,,3.711711883544922,,1.2803667783737183,,0.6008408069610596,,0.16962747275829315
5462.0791015625,,52,,68952,3.344714879989624,,1.0902518033981323,,0.6005104184150696,,0.16956566274166107,
,5476.0,53,2.7310345103614964e-05,68999,,4.243713855743408,,1.4180020093917847,,0.6008716225624084,,0.16963417828083038
,5424.0,53,2.725517151702661e-05,69049,,3.655329704284668,,1.2397218942642212,,0.6009045839309692,,0.16963966190814972
,5416.0,53,2.719999974942766e-05,69099,,3.9550721645355225,,1.188161015510559,,0.6009388566017151,,0.16964608430862427
,5480.0,53,2.7144827981828712e-05,69149,,3.2517740726470947,,1.048128604888916,,0.6009689569473267,,0.16965419054031372
,5492.0,53,2.708965439524036e-05,69199,,3.1224148273468018,,0.9994614720344543,,0.6010042428970337,,0.16966059803962708
,5396.0,53,2.703448262764141e-05,69249,,3.2606732845306396,,0.922973096370697,,0.6010353565216064,,0.16966810822486877
,5428.0,53,2.697931086004246e-05,69299,,2.9576117992401123,,0.9651517868041992,,0.6010647416114807,,0.16967442631721497
,5540.0,53,2.6924137273454107e-05,69349,,4.253350734710693,,1.356321930885315,,0.6010958552360535,,0.16968271136283875
,5496.0,53,2.6868965505855158e-05,69399,,2.5440592765808105,,0.9420530200004578,,0.6011250615119934,,0.16968891024589539
,5432.0,53,2.681379373825621e-05,69449,,3.134746789932251,,1.1784536838531494,,0.6011576652526855,,0.16969671845436096
,5448.0,53,2.6758620151667856e-05,69499,,3.600088357925415,,1.1555507183074951,,0.6011909246444702,,0.16970400512218475
,5456.0,53,2.6703448384068906e-05,69549,,2.6210243701934814,,0.8957908749580383,,0.6012207269668579,,0.1697155088186264
,5416.0,53,2.6648276616469957e-05,69599,,2.3347105979919434,,0.6391665935516357,,0.6012528538703918,,0.16972264647483826
,5464.0,53,2.6593103029881604e-05,69649,,2.6605896949768066,,0.9297744631767273,,0.601284384727478,,0.1697307527065277
,5492.0,53,2.6537931262282655e-05,69699,,3.8360860347747803,,1.0781975984573364,,0.6013150215148926,,0.16974200308322906
,5464.0,53,2.6482759494683705e-05,69749,,2.941823720932007,,1.0231704711914062,,0.6013418436050415,,0.1697501391172409
,5424.0,53,2.6427585908095352e-05,69799,,3.471031904220581,,1.1622288227081299,,0.601373553276062,,0.16976216435432434
,5508.0,53,2.6372414140496403e-05,69849,,3.3005177974700928,,1.0439465045928955,,0.601405143737793,,0.1697717010974884
,5452.0,53,2.631724055390805e-05,69899,,4.254286766052246,,1.3785450458526611,,0.6014317870140076,,0.1697821021080017
,5496.0,53,2.62620687863091e-05,69949,,3.4553844928741455,,1.0516606569290161,,0.6014610528945923,,0.16979272663593292
,5468.0,53,2.620689701871015e-05,69999,,3.6147983074188232,,1.330645203590393,,0.601492166519165,,0.1698019802570343
,5464.0,53,2.61517234321218e-05,70049,,3.5469911098480225,,1.2285008430480957,,0.6015235185623169,,0.16980774700641632
,5512.0,53,2.609655166452285e-05,70099,,1.895176887512207,,0.6470179557800293,,0.601557731628418,,0.16981405019760132
,5456.0,53,2.60413798969239e-05,70149,,2.9243812561035156,,1.1215174198150635,,0.6015888452529907,,0.16981898248195648
,5412.0,53,2.5986206310335547e-05,70199,,3.9186043739318848,,1.2243289947509766,,0.6016209125518799,,0.16982842981815338
,5424.0,53,2.5931034542736597e-05,70249,,3.4765686988830566,,1.1431628465652466,,0.6016488075256348,,0.16983649134635925
5463.6533203125,,53,,70253,3.3505775928497314,,1.0941600799560547,,0.6013376712799072,,0.16975301504135132,
,5424.0,54,2.5875862775137648e-05,70299,,3.6078827381134033,,1.0554100275039673,,0.6016815304756165,,0.1698448359966278
,5360.0,54,2.5820689188549295e-05,70349,,2.9679219722747803,,0.9180002212524414,,0.601715624332428,,0.16985246539115906
,5468.0,54,2.5765517420950346e-05,70399,,3.278313636779785,,1.0327352285385132,,0.6017506122589111,,0.16985541582107544
,5460.0,54,2.5710345653351396e-05,70449,,3.302124500274658,,1.1820011138916016,,0.6017833948135376,,0.16986030340194702
,5440.0,54,2.5655172066763043e-05,70499,,3.2798938751220703,,0.9442768692970276,,0.6018173694610596,,0.16986572742462158
,5504.0,54,2.5600000299164094e-05,70549,,3.3364956378936768,,1.0073068141937256,,0.6018507480621338,,0.16987155377864838
,5444.0,54,2.554482671257574e-05,70599,,3.080162525177002,,1.035093069076538,,0.6018810272216797,,0.16987797617912292
,5464.0,54,2.5489654944976792e-05,70649,,3.752751350402832,,1.26364266872406,,0.6019106507301331,,0.1698855757713318
,5468.0,54,2.5434483177377842e-05,70699,,3.1141536235809326,,1.0581961870193481,,0.6019421815872192,,0.1698940545320511
,5436.0,54,2.537930959078949e-05,70749,,4.456847190856934,,1.2626947164535522,,0.6019749045372009,,0.1698991358280182
,5444.0,54,2.532413782319054e-05,70799,,4.256533145904541,,1.285186767578125,,0.6020019054412842,,0.16990520060062408
,5384.0,54,2.526896605559159e-05,70849,,3.0953330993652344,,0.9962426424026489,,0.6020303964614868,,0.1699112355709076
,5456.0,54,2.5213792469003238e-05,70899,,3.960218906402588,,1.4249043464660645,,0.6020587682723999,,0.16991713643074036
,5460.0,54,2.515862070140429e-05,70949,,3.465296745300293,,0.9953810572624207,,0.602087140083313,,0.169920414686203
,5528.0,54,2.510344893380534e-05,70999,,3.6154327392578125,,1.0972378253936768,,0.6021206378936768,,0.16992363333702087
,5428.0,54,2.5048275347216986e-05,71049,,2.814981460571289,,0.8596403002738953,,0.6021564602851868,,0.16992789506912231
,5432.0,54,2.4993103579618037e-05,71099,,4.167680263519287,,1.1470428705215454,,0.6021826267242432,,0.1699344366788864
,5464.0,54,2.4937931812019087e-05,71149,,2.7100372314453125,,0.9779824614524841,,0.602210283279419,,0.16994228959083557
,5488.0,54,2.4882758225430734e-05,71199,,4.102987766265869,,1.247571587562561,,0.6022370457649231,,0.16994909942150116
,5468.0,54,2.4827586457831785e-05,71249,,4.024697780609131,,1.4344584941864014,,0.6022655963897705,,0.169958233833313
,5456.0,54,2.4772414690232836e-05,71299,,2.750166654586792,,0.8701194524765015,,0.6022984385490417,,0.1699652075767517
,5456.0,54,2.4717241103644483e-05,71349,,2.527230739593506,,0.8800008296966553,,0.6023314595222473,,0.16996893286705017
,5392.0,54,2.4662069336045533e-05,71399,,3.3385889530181885,,1.199328899383545,,0.6023589372634888,,0.16997426748275757
,5420.0,54,2.460689574945718e-05,71449,,3.979867458343506,,1.5917459726333618,,0.6023873686790466,,0.16997894644737244
,5476.0,54,2.455172398185823e-05,71499,,2.76956844329834,,0.8940682411193848,,0.6024167537689209,,0.1699828952550888
,5380.0,54,2.4496552214259282e-05,71549,,2.858841896057129,,1.1042803525924683,,0.6024466753005981,,0.16998770833015442
5463.83935546875,,54,,71554,3.33935809135437,,1.0900778770446777,,0.6021473407745361,,0.16993947327136993,
,5356.0,55,2.444137862767093e-05,71599,,3.4360511302948,,1.1756261587142944,,0.602474570274353,,0.169998899102211
,5400.0,55,2.438620686007198e-05,71649,,4.189829349517822,,1.1932663917541504,,0.6025022268295288,,0.17000339925289154
,5428.0,55,2.433103509247303e-05,71699,,2.869786024093628,,0.9806830286979675,,0.602531373500824,,0.17001008987426758
,5396.0,55,2.4275861505884677e-05,71749,,3.1698036193847656,,0.9742374420166016,,0.6025611162185669,,0.17001701891422272
,5436.0,55,2.4220689738285728e-05,71799,,2.9453070163726807,,0.8669605851173401,,0.6025960445404053,,0.17002303898334503
,5520.0,55,2.416551797068678e-05,71849,,3.698082208633423,,1.1015220880508423,,0.6026265621185303,,0.17002759873867035
,5452.0,55,2.4110344384098426e-05,71899,,3.772156000137329,,1.1519302129745483,,0.6026504039764404,,0.17003849148750305
,5420.0,55,2.4055172616499476e-05,71949,,3.7431743144989014,,1.0409936904907227,,0.6026816368103027,,0.17004750669002533
,5460.0,55,2.4000000848900527e-05,71999,,3.8169496059417725,,1.1710277795791626,,0.6027137041091919,,0.17005467414855957
,5496.0,55,2.3944827262312174e-05,72049,,3.4987168312072754,,1.0456981658935547,,0.6027428507804871,,0.17006517946720123
,5464.0,55,2.3889655494713224e-05,72099,,3.251384735107422,,1.0584689378738403,,0.6027693748474121,,0.17007552087306976
,5484.0,55,2.383448190812487e-05,72149,,3.230315685272217,,1.0699642896652222,,0.6027994751930237,,0.17008358240127563
,5472.0,55,2.3779310140525922e-05,72199,,3.540487766265869,,1.2637732028961182,,0.6028303503990173,,0.17009329795837402
,5504.0,55,2.3724138372926973e-05,72249,,2.2587809562683105,,0.8163576722145081,,0.6028599143028259,,0.17010276019573212
,5492.0,55,2.366896478633862e-05,72299,,3.896305799484253,,1.2646688222885132,,0.6028908491134644,,0.17010778188705444
,5464.0,55,2.361379301873967e-05,72349,,2.4144012928009033,,0.7160152196884155,,0.6029185056686401,,0.1701146811246872
,5504.0,55,2.355862125114072e-05,72399,,3.05741286277771,,1.0242891311645508,,0.6029496788978577,,0.17012080550193787
,5524.0,55,2.3503447664552368e-05,72449,,3.1922059059143066,,0.8787212371826172,,0.6029804944992065,,0.17012685537338257
,5468.0,55,2.344827589695342e-05,72499,,4.0084991455078125,,1.4878747463226318,,0.603009819984436,,0.170132577419281
,5456.0,55,2.339310412935447e-05,72549,,2.997894287109375,,1.176127314567566,,0.6030421853065491,,0.1701386719942093
,5496.0,55,2.3337930542766117e-05,72599,,3.6044464111328125,,1.136637806892395,,0.6030747294425964,,0.17014403641223907
,5440.0,55,2.3282758775167167e-05,72649,,3.9788010120391846,,1.1158677339553833,,0.603104293346405,,0.17015260457992554
,5416.0,55,2.3227587007568218e-05,72699,,3.0778872966766357,,1.0633275508880615,,0.6031345129013062,,0.17015820741653442
,5496.0,55,2.3172413420979865e-05,72749,,3.015424966812134,,1.0730469226837158,,0.6031633615493774,,0.17016594111919403
,5516.0,55,2.3117241653380916e-05,72799,,3.7368521690368652,,1.1349009275436401,,0.6031928062438965,,0.1701740026473999
,5516.0,55,2.3062068066792563e-05,72849,,2.962575912475586,,0.9417691826820374,,0.6032230854034424,,0.17018328607082367
5462.97021484375,,55,,72855,3.3734395503997803,,1.0918477773666382,,0.6029224395751953,,0.17011240124702454,
,5520.0,56,2.3006896299193613e-05,72899,,3.5241637229919434,,1.1423207521438599,,0.6032479405403137,,0.17019206285476685
,5412.0,56,2.2951724531594664e-05,72949,,3.1302669048309326,,0.9613949656486511,,0.6032732129096985,,0.17020156979560852
,5432.0,56,2.289655094500631e-05,72999,,3.557706594467163,,1.085179328918457,,0.6033031344413757,,0.17021119594573975
,5512.0,56,2.284137917740736e-05,73049,,3.0378735065460205,,1.0105326175689697,,0.6033338308334351,,0.17021773755550385
,5468.0,56,2.2786207409808412e-05,73099,,2.336167812347412,,0.7414678335189819,,0.6033675670623779,,0.1702246516942978
,5488.0,56,2.273103382322006e-05,73149,,3.5799243450164795,,1.2729761600494385,,0.6033933162689209,,0.1702326387166977
,5496.0,56,2.267586205562111e-05,73199,,3.822115421295166,,1.2201935052871704,,0.6034246683120728,,0.17023828625679016
,5444.0,56,2.262069028802216e-05,73249,,3.7951457500457764,,1.352089524269104,,0.6034562587738037,,0.17024335265159607
,5424.0,56,2.2565516701433808e-05,73299,,2.8263847827911377,,0.9887288212776184,,0.6034835577011108,,0.17025195062160492
,5468.0,56,2.2510344933834858e-05,73349,,3.468950033187866,,1.1598680019378662,,0.603513240814209,,0.17026014626026154
,5428.0,56,2.245517316623591e-05,73399,,2.936335802078247,,0.9912891387939453,,0.6035423278808594,,0.17026707530021667
,5448.0,56,2.2399999579647556e-05,73449,,3.2649753093719482,,1.091060996055603,,0.6035694479942322,,0.17027318477630615
,5504.0,56,2.2344827812048607e-05,73499,,3.466438055038452,,1.0701435804367065,,0.6035972833633423,,0.17027728259563446
,5456.0,56,2.2289656044449657e-05,73549,,3.151232957839966,,1.09397554397583,,0.6036269068717957,,0.17028294503688812
,5504.0,56,2.2234482457861304e-05,73599,,3.70609974861145,,1.2660105228424072,,0.6036578416824341,,0.17028865218162537
,5456.0,56,2.2179310690262355e-05,73649,,4.211666584014893,,1.1482328176498413,,0.6036912202835083,,0.17029282450675964
,5488.0,56,2.2124137103674002e-05,73699,,4.071572780609131,,1.2339221239089966,,0.603722333908081,,0.17029771208763123
,5420.0,56,2.2068965336075053e-05,73749,,4.038328170776367,,1.1204321384429932,,0.6037507057189941,,0.1703026294708252
,5508.0,56,2.2013793568476103e-05,73799,,3.3951377868652344,,1.0551029443740845,,0.6037785410881042,,0.17030830681324005
,5500.0,56,2.195861998188775e-05,73849,,3.44331955909729,,1.0812838077545166,,0.603807806968689,,0.17031483352184296
,5472.0,56,2.19034482142888e-05,73899,,3.1143746376037598,,1.0929137468338013,,0.6038382053375244,,0.1703220009803772
,5420.0,56,2.184827644668985e-05,73949,,3.4245147705078125,,1.1412049531936646,,0.6038689613342285,,0.17032930254936218
,5512.0,56,2.17931028601015e-05,73999,,3.487462043762207,,1.2444785833358765,,0.6038964986801147,,0.17033742368221283
,5404.0,56,2.173793109250255e-05,74049,,3.0064873695373535,,1.1461124420166016,,0.6039268374443054,,0.17034375667572021
,5468.0,56,2.16827593249036e-05,74099,,2.7919836044311523,,0.8659828305244446,,0.6039593815803528,,0.17034968733787537
,5508.0,56,2.1627585738315247e-05,74149,,2.932840347290039,,1.0036211013793945,,0.6039910912513733,,0.17035657167434692
5463.03369140625,,56,,74156,3.365959644317627,,1.0869060754776,,0.6036927103996277,,0.1702997386455536,
,5432.0,57,2.1572413970716298e-05,74199,,3.591031312942505,,1.1086885929107666,,0.6040180325508118,,0.17036479711532593
,5504.0,57,2.1517242203117348e-05,74249,,3.599341869354248,,1.1754733324050903,,0.6040472388267517,,0.1703750342130661
,5448.0,57,2.1462068616528995e-05,74299,,3.8544163703918457,,1.2348828315734863,,0.6040742993354797,,0.17038403451442719
,5520.0,57,2.1406896848930046e-05,74349,,3.865541696548462,,1.1344413757324219,,0.6041050553321838,,0.17039351165294647
,5364.0,57,2.1351723262341693e-05,74399,,4.054025650024414,,1.3046510219573975,,0.6041316390037537,,0.17039963603019714
,5464.0,57,2.1296551494742744e-05,74449,,2.9051296710968018,,0.9325426816940308,,0.6041603684425354,,0.17040742933750153
,5524.0,57,2.1241379727143794e-05,74499,,3.4818851947784424,,1.2187321186065674,,0.6041879057884216,,0.17041517794132233
,5528.0,57,2.118620614055544e-05,74549,,2.50403094291687,,0.8001043200492859,,0.6042217016220093,,0.1704161912202835
,5416.0,57,2.1131034372956492e-05,74599,,4.137212753295898,,1.4012898206710815,,0.6042534708976746,,0.1704217791557312
,5464.0,57,2.1075862605357543e-05,74649,,3.4383628368377686,,0.9513375163078308,,0.6042776703834534,,0.1704278290271759
,5432.0,57,2.102068901876919e-05,74699,,3.2748777866363525,,1.1976838111877441,,0.6043034195899963,,0.17043738067150116
,5420.0,57,2.096551725117024e-05,74749,,3.1764540672302246,,0.9588650465011597,,0.6043316125869751,,0.17044556140899658
,5548.0,57,2.091034548357129e-05,74799,,3.063819169998169,,1.0449200868606567,,0.6043586730957031,,0.17045295238494873
,5432.0,57,2.0855171896982938e-05,74849,,2.511897087097168,,0.9452781677246094,,0.6043845415115356,,0.17046312987804413
,5500.0,57,2.080000012938399e-05,74899,,4.4684529304504395,,1.3207818269729614,,0.6044107675552368,,0.17046958208084106
,5424.0,57,2.074482836178504e-05,74949,,2.575129985809326,,0.8497896790504456,,0.6044360995292664,,0.17047826945781708
,5468.0,57,2.0689654775196686e-05,74999,,2.6576147079467773,,0.7759460210800171,,0.6044656038284302,,0.1704826056957245
,5448.0,57,2.0634483007597737e-05,75049,,2.881603956222534,,0.9407284259796143,,0.6044980883598328,,0.17048591375350952
,5504.0,57,2.0579311239998788e-05,75099,,3.3282999992370605,,0.9317617416381836,,0.6045277714729309,,0.17048999667167664
,5496.0,57,2.0524137653410435e-05,75149,,2.9769935607910156,,0.930786669254303,,0.6045573949813843,,0.1704973429441452
,5440.0,57,2.0468965885811485e-05,75199,,3.0551342964172363,,0.9544546604156494,,0.6045832633972168,,0.17050713300704956
,5420.0,57,2.0413792299223132e-05,75249,,3.885103225708008,,1.2169522047042847,,0.6046129465103149,,0.1705123484134674
,5320.0,57,2.0358620531624183e-05,75299,,3.71929931640625,,1.2045542001724243,,0.6046391725540161,,0.17051948606967926
,5488.0,57,2.0303448764025234e-05,75349,,3.522066354751587,,1.1338202953338623,,0.6046726107597351,,0.17052434384822845
,5448.0,57,2.024827517743688e-05,75399,,3.165940761566162,,0.9215649962425232,,0.604703426361084,,0.17053180932998657
,5496.0,57,2.019310340983793e-05,75449,,1.9352121353149414,,0.6736581921577454,,0.6047309637069702,,0.17053954303264618
5464.6396484375,,57,,75457,3.365145444869995,,1.0782079696655273,,0.6044502258300781,,0.17047752439975739,
,5504.0,58,2.0137931642238982e-05,75499,,2.6244659423828125,,0.924629271030426,,0.6047585606575012,,0.17054690420627594
,5460.0,58,2.008275805565063e-05,75549,,3.605848550796509,,1.003246545791626,,0.6047828197479248,,0.17055410146713257
,5476.0,58,2.002758628805168e-05,75599,,4.094964981079102,,1.3897374868392944,,0.6048098206520081,,0.17056326568126678
,5452.0,58,1.997241452045273e-05,75649,,4.351203441619873,,1.2135411500930786,,0.6048396825790405,,0.17056980729103088
,5488.0,58,1.9917240933864377e-05,75699,,3.949098587036133,,1.2314326763153076,,0.6048702597618103,,0.17057839035987854
,5452.0,58,1.9862069166265428e-05,75749,,2.9611399173736572,,1.1278289556503296,,0.6048946380615234,,0.17058545351028442
,5528.0,58,1.980689739866648e-05,75799,,3.1853177547454834,,0.8203322887420654,,0.6049215793609619,,0.17059101164340973
,5452.0,58,1.9751723812078126e-05,75849,,2.374506711959839,,0.6672412753105164,,0.604951798915863,,0.17059780657291412
,5452.0,58,1.9696552044479176e-05,75899,,3.6438004970550537,,1.3017946481704712,,0.6049805283546448,,0.17060501873493195
,5496.0,58,1.9641378457890823e-05,75949,,3.0498714447021484,,1.1097439527511597,,0.6050080060958862,,0.17061260342597961
,5432.0,58,1.9586206690291874e-05,75999,,2.7357239723205566,,0.8443349003791809,,0.6050397157669067,,0.1706186830997467
,5436.0,58,1.9531034922692925e-05,76049,,2.901488780975342,,1.061274528503418,,0.6050654649734497,,0.17062729597091675
,5452.0,58,1.9475861336104572e-05,76099,,4.336442947387695,,1.028326153755188,,0.6050928235054016,,0.17063376307487488
,5520.0,58,1.9420689568505622e-05,76149,,4.0984697341918945,,1.2193498611450195,,0.6051256060600281,,0.17064127326011658
,5480.0,58,1.9365517800906673e-05,76199,,3.743124008178711,,0.9888212084770203,,0.6051504015922546,,0.17065061628818512
,5508.0,58,1.931034421431832e-05,76249,,3.3654282093048096,,1.1995009183883667,,0.6051784157752991,,0.17065627872943878
,5428.0,58,1.925517244671937e-05,76299,,2.8934950828552246,,0.9639720320701599,,0.605209231376648,,0.17066407203674316
,5416.0,58,1.920000067912042e-05,76349,,3.6364850997924805,,1.123668909072876,,0.6052337884902954,,0.17067059874534607
,5456.0,58,1.914482709253207e-05,76399,,2.58644962310791,,0.8096396923065186,,0.6052584648132324,,0.17067894339561462
,5408.0,58,1.908965532493312e-05,76449,,2.613563299179077,,0.9803982973098755,,0.60528963804245,,0.17068393528461456
,5540.0,58,1.903448355733417e-05,76499,,3.832183599472046,,1.3714985847473145,,0.6053162217140198,,0.170692577958107
,5380.0,58,1.8979309970745817e-05,76549,,2.7999467849731445,,0.9983982443809509,,0.6053432822227478,,0.17069479823112488
,5516.0,58,1.8924138203146867e-05,76599,,3.528193235397339,,1.036531925201416,,0.6053711175918579,,0.17070037126541138
,5436.0,58,1.8868964616558515e-05,76649,,3.3785600662231445,,1.179489016532898,,0.6053993701934814,,0.1707068830728531
,5464.0,58,1.8813792848959565e-05,76699,,3.9685192108154297,,1.2550358772277832,,0.6054283976554871,,0.1707119643688202
,5436.0,58,1.8758621081360616e-05,76749,,3.4842591285705566,,1.051021933555603,,0.6054542064666748,,0.1707143783569336
5460.53515625,,58,,76758,3.386543035507202,,1.0809319019317627,,0.605185329914093,,0.17065881192684174,
,5464.0,59,1.8703447494772263e-05,76799,,2.883035182952881,,1.029382348060608,,0.6054832935333252,,0.17071697115898132
,5460.0,59,1.8648275727173313e-05,76849,,3.5174803733825684,,1.1155446767807007,,0.6055116057395935,,0.17072343826293945
,5460.0,59,1.8593103959574364e-05,76899,,3.1652040481567383,,0.9552770853042603,,0.6055375337600708,,0.1707305759191513
,5456.0,59,1.853793037298601e-05,76949,,2.951551914215088,,0.8789891600608826,,0.6055668592453003,,0.1707369089126587
,5308.0,59,1.8482758605387062e-05,76999,,3.0995490550994873,,0.9520450830459595,,0.6055946946144104,,0.1707429587841034
,5472.0,59,1.8427586837788112e-05,77049,,3.6200692653656006,,1.2713215351104736,,0.6056230068206787,,0.1707472801208496
,5488.0,59,1.837241325119976e-05,77099,,3.386065721511841,,1.0536701679229736,,0.6056506633758545,,0.17075541615486145
,5444.0,59,1.831724148360081e-05,77149,,3.7467920780181885,,1.3513329029083252,,0.6056814789772034,,0.17076139152050018
,5404.0,59,1.826206971600186e-05,77199,,2.4326419830322266,,0.8603008389472961,,0.6057112812995911,,0.17076954245567322
,5428.0,59,1.8206896129413508e-05,77249,,2.809788227081299,,0.9237696528434753,,0.605736255645752,,0.17077811062335968
,5488.0,59,1.815172436181456e-05,77299,,2.9430606365203857,,0.9426738619804382,,0.6057629585266113,,0.17078472673892975
,5484.0,59,1.809655259421561e-05,77349,,3.886275291442871,,1.2084225416183472,,0.6057863831520081,,0.17079301178455353
,5396.0,59,1.8041379007627256e-05,77399,,3.1341006755828857,,0.8758213520050049,,0.6058127880096436,,0.1707977056503296
,5456.0,59,1.7986207240028307e-05,77449,,3.5249595642089844,,1.1158441305160522,,0.6058413982391357,,0.17080478370189667
,5420.0,59,1.7931033653439954e-05,77499,,2.7213528156280518,,0.8493860363960266,,0.6058674454689026,,0.17081350088119507
,5448.0,59,1.7875861885841005e-05,77549,,3.868682384490967,,1.280165672302246,,0.6058909893035889,,0.1708211600780487
,5476.0,59,1.7820690118242055e-05,77599,,2.74033260345459,,0.765174925327301,,0.6059167981147766,,0.1708267629146576
,5440.0,59,1.7765516531653702e-05,77649,,3.4114270210266113,,1.137580156326294,,0.6059439182281494,,0.17083273828029633
,5388.0,59,1.7710344764054753e-05,77699,,3.1386797428131104,,0.9043644666671753,,0.60597163438797,,0.1708405315876007
,5468.0,59,1.7655172996455804e-05,77749,,2.754956007003784,,0.9330584406852722,,0.6060057282447815,,0.17084595561027527
,5392.0,59,1.759999940986745e-05,77799,,3.6946496963500977,,1.0217498540878296,,0.6060367226600647,,0.17084839940071106
,5424.0,59,1.75448276422685e-05,77849,,3.7754199504852295,,1.2841341495513916,,0.6060618758201599,,0.1708545684814453
,5444.0,59,1.7489655874669552e-05,77899,,4.07026481628418,,1.2535830736160278,,0.6060901284217834,,0.17086167633533478
,5524.0,59,1.74344822880812e-05,77949,,4.07056188583374,,1.2526545524597168,,0.6061157584190369,,0.17087039351463318
,5504.0,59,1.737931052048225e-05,77999,,4.44134521484375,,1.245666742324829,,0.6061444878578186,,0.17087878286838531
,5484.0,59,1.73241387528833e-05,78049,,3.752939462661743,,1.2106693983078003,,0.6061652898788452,,0.17088764905929565
5462.4326171875,,59,,78059,3.38246750831604,,1.0795588493347168,,0.6059066653251648,,0.17082352936267853,
,5524.0,60,1.7268965166294947e-05,78099,,3.162184000015259,,1.0767967700958252,,0.60619056224823,,0.17089466750621796
,5492.0,60,1.7213793398695998e-05,78149,,3.107665777206421,,1.037086009979248,,0.6062142252922058,,0.1709039807319641
,5376.0,60,1.7158619812107645e-05,78199,,3.3798627853393555,,1.0449059009552002,,0.6062448024749756,,0.17091205716133118
,5536.0,60,1.7103448044508696e-05,78249,,4.307065963745117,,1.2281676530838013,,0.6062681674957275,,0.17092092335224152
,5480.0,60,1.7048276276909746e-05,78299,,3.0718531608581543,,0.9478110671043396,,0.6062983274459839,,0.1709277629852295
,5404.0,60,1.6993102690321393e-05,78349,,3.2516214847564697,,0.8470858931541443,,0.6063248515129089,,0.1709343045949936
,5420.0,60,1.6937930922722444e-05,78399,,3.1222009658813477,,1.0160976648330688,,0.6063563823699951,,0.1709410548210144
,5420.0,60,1.6882759155123495e-05,78449,,3.908782482147217,,1.3727542161941528,,0.6063821315765381,,0.1709490418434143
,5484.0,60,1.682758556853514e-05,78499,,3.4588403701782227,,1.1270817518234253,,0.6064080595970154,,0.17095470428466797
,5452.0,60,1.6772413800936192e-05,78549,,3.5287795066833496,,1.1655457019805908,,0.6064367294311523,,0.17096099257469177
,5452.0,60,1.6717242033337243e-05,78599,,3.060276508331299,,0.9489250779151917,,0.6064630746841431,,0.17096960544586182
,5444.0,60,1.666206844674889e-05,78649,,4.030444145202637,,1.1558218002319336,,0.6064891219139099,,0.17097312211990356
,5496.0,60,1.660689667914994e-05,78699,,3.48183274269104,,1.003188967704773,,0.606516420841217,,0.17098107933998108
,5404.0,60,1.655172491155099e-05,78749,,3.1788742542266846,,1.0287556648254395,,0.6065418720245361,,0.17098787426948547
,5564.0,60,1.649655132496264e-05,78799,,3.260845184326172,,1.2312953472137451,,0.6065657734870911,,0.17099398374557495
,5444.0,60,1.644137955736369e-05,78849,,3.793360710144043,,1.205056071281433,,0.6065901517868042,,0.1710016429424286
,5520.0,60,1.638620778976474e-05,78899,,4.565521240234375,,1.468159556388855,,0.6066179871559143,,0.17100974917411804
,5512.0,60,1.6331034203176387e-05,78949,,3.231257677078247,,0.996292233467102,,0.6066411137580872,,0.17101815342903137
,5440.0,60,1.6275862435577437e-05,78999,,3.509998321533203,,0.9332187175750732,,0.606667160987854,,0.17102503776550293
,5416.0,60,1.6220688848989084e-05,79049,,3.2321524620056152,,0.9328839778900146,,0.6066936254501343,,0.17103183269500732
,5420.0,60,1.6165517081390135e-05,79099,,3.5350232124328613,,1.1935248374938965,,0.6067200899124146,,0.17103862762451172
,5452.0,60,1.6110345313791186e-05,79149,,3.6021416187286377,,1.1633117198944092,,0.6067483425140381,,0.17104390263557434
,5468.0,60,1.6055171727202833e-05,79199,,2.216355085372925,,0.8144951462745667,,0.6067718863487244,,0.1710515022277832
,5424.0,60,1.5999999959603883e-05,79249,,2.952017307281494,,0.8760906457901001,,0.6068018078804016,,0.17105427384376526
,5408.0,60,1.5944828192004934e-05,79299,,3.3952784538269043,,1.0152397155761719,,0.6068257093429565,,0.1710612028837204
,5444.0,60,1.588965460541658e-05,79349,,2.9329612255096436,,0.8899096846580505,,0.6068549752235413,,0.1710658073425293
5461.6396484375,,60,,79360,3.4163200855255127,,1.0878149271011353,,0.6066039800643921,,0.17100778222084045,
,5476.0,61,1.583448283781763e-05,79399,,4.110103130340576,,1.4570865631103516,,0.606877326965332,,0.1710728406906128
,5368.0,61,1.5779311070218682e-05,79449,,3.6781165599823,,1.085747480392456,,0.6069067120552063,,0.17107823491096497
,5480.0,61,1.572413748363033e-05,79499,,3.2072830200195312,,1.1268441677093506,,0.6069324612617493,,0.17108535766601562
,5432.0,61,1.566896571603138e-05,79549,,3.722269058227539,,1.1302776336669922,,0.6069549322128296,,0.1710938662290573
,5388.0,61,1.561379394843243e-05,79599,,3.5445401668548584,,1.0923088788986206,,0.6069833040237427,,0.17109717428684235
,5468.0,61,1.5558620361844078e-05,79649,,3.9508228302001953,,1.1869103908538818,,0.607008695602417,,0.17110353708267212
,5520.0,61,1.550344859424513e-05,79699,,4.1784892082214355,,1.4495424032211304,,0.6070383787155151,,0.1711072027683258
,5504.0,61,1.5448275007656775e-05,79749,,3.5435850620269775,,1.197043538093567,,0.6070623397827148,,0.17111116647720337
,5424.0,61,1.5393103240057826e-05,79799,,3.546250820159912,,1.2336996793746948,,0.6070892214775085,,0.17111316323280334
,5380.0,61,1.5337931472458877e-05,79849,,2.414280652999878,,0.9299307465553284,,0.6071150898933411,,0.17111659049987793
,5432.0,61,1.5282757885870524e-05,79899,,3.5025203227996826,,1.2873599529266357,,0.6071377396583557,,0.17112313210964203
,5488.0,61,1.5227586118271574e-05,79949,,3.998499631881714,,1.2383065223693848,,0.6071621179580688,,0.17113114893436432
,5504.0,61,1.5172413441177923e-05,79999,,3.6596250534057617,,1.0583069324493408,,0.6071892380714417,,0.17113608121871948
,5444.0,61,1.5117241673578974e-05,80049,,3.971294403076172,,1.3239589929580688,,0.6072177886962891,,0.17113929986953735
,5520.0,61,1.5062068996485323e-05,80099,,4.089744567871094,,1.2554682493209839,,0.6072443723678589,,0.1711466908454895
,5512.0,61,1.5006896319391672e-05,80149,,3.486745595932007,,1.1500499248504639,,0.6072689294815063,,0.17115169763565063
,5400.0,61,1.4951724551792722e-05,80199,,3.282715082168579,,1.0872596502304077,,0.6072927117347717,,0.17115798592567444
,5476.0,61,1.4896551874699071e-05,80249,,3.686460256576538,,1.1323460340499878,,0.6073189377784729,,0.17116478085517883
,5472.0,61,1.484137919760542e-05,80299,,3.1386914253234863,,0.9566081762313843,,0.6073477268218994,,0.17116814851760864
,5464.0,61,1.4786206520511769e-05,80349,,3.845667839050293,,1.0384994745254517,,0.60737144947052,,0.17117299139499664
,5420.0,61,1.473103475291282e-05,80399,,3.44710373878479,,0.937695324420929,,0.6073992848396301,,0.17117826640605927
,5460.0,61,1.4675862075819168e-05,80449,,3.7434117794036865,,0.9943708777427673,,0.6074246168136597,,0.17118750512599945
,5476.0,61,1.4620689398725517e-05,80499,,4.136018753051758,,1.0253069400787354,,0.6074506044387817,,0.1711936593055725
,5508.0,61,1.4565517631126568e-05,80549,,4.114677906036377,,1.2605907917022705,,0.6074740886688232,,0.17119920253753662
,5476.0,61,1.4510344954032917e-05,80599,,3.567439317703247,,1.1398310661315918,,0.6074995398521423,,0.1712072491645813
,5416.0,61,1.4455172276939265e-05,80649,,4.083868503570557,,1.1890144348144531,,0.6075248718261719,,0.171212300658226
5462.8955078125,,61,,80661,3.432819128036499,,1.0844557285308838,,0.6072846055030823,,0.1711633801460266,
,5460.0,62,1.4399999599845614e-05,80699,,3.223694086074829,,1.0065687894821167,,0.607548713684082,,0.1712166965007782
,5456.0,62,1.4344827832246665e-05,80749,,3.4888269901275635,,1.0666602849960327,,0.6075730919837952,,0.17122283577919006
,5444.0,62,1.4289655155153014e-05,80799,,3.8010220527648926,,1.264573335647583,,0.6075990200042725,,0.1712276041507721
,5388.0,62,1.4234482478059363e-05,80849,,3.0477476119995117,,0.8819741010665894,,0.607623279094696,,0.1712333709001541
,5408.0,62,1.4179310710460413e-05,80899,,4.651018142700195,,1.104752540588379,,0.607648491859436,,0.17124034464359283
,5496.0,62,1.4124138033366762e-05,80949,,3.7099146842956543,,1.0925081968307495,,0.6076736450195312,,0.171244814991951
,5452.0,62,1.4068965356273111e-05,80999,,3.619706153869629,,1.2385519742965698,,0.607697606086731,,0.17124883830547333
,5468.0,62,1.401379267917946e-05,81049,,3.727200508117676,,1.3228610754013062,,0.6077241897583008,,0.1712515950202942
,5456.0,62,1.395862091158051e-05,81099,,3.2209904193878174,,1.0898789167404175,,0.607750654220581,,0.17125597596168518
,5552.0,62,1.390344823448686e-05,81149,,2.4550399780273438,,0.7585931420326233,,0.6077807545661926,,0.17126089334487915
,5404.0,62,1.3848275557393208e-05,81199,,3.8468973636627197,,1.3844791650772095,,0.6078071594238281,,0.1712651401758194
,5472.0,62,1.3793103789794259e-05,81249,,3.79571533203125,,1.326793909072876,,0.6078344583511353,,0.17127150297164917
,5436.0,62,1.3737931112700608e-05,81299,,3.1671841144561768,,1.0533987283706665,,0.6078649759292603,,0.17127594351768494
,5476.0,62,1.3682758435606956e-05,81349,,3.4740233421325684,,1.1072601079940796,,0.6078916788101196,,0.1712801605463028
,5496.0,62,1.3627585758513305e-05,81399,,2.9840190410614014,,0.99248206615448,,0.6079182624816895,,0.1712857335805893
,5476.0,62,1.3572413990914356e-05,81449,,3.194737672805786,,0.9301141500473022,,0.607943594455719,,0.1712951958179474
,5452.0,62,1.3517241313820705e-05,81499,,3.389448404312134,,1.3124457597732544,,0.6079707145690918,,0.17130064964294434
,5440.0,62,1.3462068636727054e-05,81549,,4.077439785003662,,1.3732588291168213,,0.6079950332641602,,0.17130683362483978
,5464.0,62,1.3406896869128104e-05,81599,,3.948796510696411,,1.189454197883606,,0.6080188751220703,,0.17131417989730835
,5456.0,62,1.3351724192034453e-05,81649,,3.4969162940979004,,1.1241611242294312,,0.6080451607704163,,0.17132097482681274
,5384.0,62,1.3296551514940802e-05,81699,,3.0469915866851807,,0.9355899095535278,,0.6080708503723145,,0.17132773995399475
,5388.0,62,1.3241379747341853e-05,81749,,3.0508201122283936,,0.9542137384414673,,0.6080944538116455,,0.1713351607322693
,5448.0,62,1.3186207070248201e-05,81799,,3.095024585723877,,0.9943171143531799,,0.6081216335296631,,0.17134225368499756
,5496.0,62,1.313103439315455e-05,81849,,3.9885241985321045,,1.154558539390564,,0.608143150806427,,0.17135049402713776
,5492.0,62,1.30758617160609e-05,81899,,4.548535346984863,,1.4997154474258423,,0.6081668734550476,,0.17135819792747498
,5480.0,62,1.302068994846195e-05,81949,,4.027672290802002,,1.2677656412124634,,0.6081929206848145,,0.17136161029338837
5463.8818359375,,62,,81962,3.4357686042785645,,1.0783499479293823,,0.6079543828964233,,0.1713077574968338,
,5424.0,63,1.2965517271368299e-05,81999,,3.1409010887145996,,0.9968001246452332,,0.608217716217041,,0.17136657238006592
,5488.0,63,1.2910344594274648e-05,82049,,3.4446849822998047,,1.053611397743225,,0.608238697052002,,0.1713750660419464
,5448.0,63,1.2855172826675698e-05,82099,,3.935028553009033,,1.2879403829574585,,0.6082614660263062,,0.17138276994228363
,5464.0,63,1.2800000149582047e-05,82149,,3.0665905475616455,,1.06791353225708,,0.6082884073257446,,0.17138831317424774
,5484.0,63,1.2744827472488396e-05,82199,,4.641982555389404,,1.0723621845245361,,0.6083132028579712,,0.17139390110969543
,5432.0,63,1.2689654795394745e-05,82249,,3.6004412174224854,,1.1379189491271973,,0.6083373427391052,,0.17140114307403564
,5468.0,63,1.2634483027795795e-05,82299,,3.5792222023010254,,1.1051818132400513,,0.6083617210388184,,0.17140713334083557
,5496.0,63,1.2579310350702144e-05,82349,,3.198272228240967,,1.0588370561599731,,0.6083894968032837,,0.17141050100326538
,5440.0,63,1.2524137673608493e-05,82399,,3.3446145057678223,,1.03705894947052,,0.6084165573120117,,0.17141380906105042
,5520.0,63,1.2468965906009544e-05,82449,,3.0231950283050537,,1.0209261178970337,,0.6084420084953308,,0.17141929268836975
,5444.0,63,1.2413793228915893e-05,82499,,4.469851493835449,,1.2851793766021729,,0.608467698097229,,0.17142443358898163
,5508.0,63,1.2358620551822241e-05,82549,,3.860147714614868,,1.2596455812454224,,0.6084887981414795,,0.17143093049526215
,5460.0,63,1.230344787472859e-05,82599,,3.8806443214416504,,1.1825594902038574,,0.6085139513015747,,0.17143754661083221
,5376.0,63,1.2248276107129641e-05,82649,,3.297320604324341,,0.9664649367332458,,0.6085383892059326,,0.17144271731376648
,5420.0,63,1.219310343003599e-05,82699,,3.2695159912109375,,0.9155092835426331,,0.6085618734359741,,0.1714499294757843
,5448.0,63,1.2137930752942339e-05,82749,,3.213573455810547,,1.1836156845092773,,0.6085876226425171,,0.17145749926567078
,5436.0,63,1.208275898534339e-05,82799,,3.0984528064727783,,1.1119771003723145,,0.6086122989654541,,0.1714632511138916
,5424.0,63,1.2027586308249738e-05,82849,,3.012495279312134,,0.9254382848739624,,0.6086375117301941,,0.17146746814250946
,5492.0,63,1.1972413631156087e-05,82899,,3.2098236083984375,,0.9818422794342041,,0.6086651086807251,,0.1714698076248169
,5520.0,63,1.1917240954062436e-05,82949,,3.4651832580566406,,1.2133278846740723,,0.6086902618408203,,0.17147433757781982
,5444.0,63,1.1862069186463486e-05,82999,,4.6965179443359375,,1.4325146675109863,,0.6087140440940857,,0.17148038744926453
,5416.0,63,1.1806896509369835e-05,83049,,4.064724445343018,,1.190223217010498,,0.6087386608123779,,0.17148494720458984
,5512.0,63,1.1751723832276184e-05,83099,,2.7559571266174316,,0.9606812000274658,,0.6087650656700134,,0.171489417552948
,5384.0,63,1.1696552064677235e-05,83149,,3.1861014366149902,,0.9119444489479065,,0.6087924838066101,,0.17149405181407928
,5500.0,63,1.1641379387583584e-05,83199,,3.7611989974975586,,0.97144615650177,,0.6088143587112427,,0.1715008020401001
,5496.0,63,1.1586206710489932e-05,83249,,4.032525539398193,,1.3912590742111206,,0.6088401675224304,,0.17150697112083435
5461.59716796875,,63,,83263,3.438817024230957,,1.0723214149475098,,0.6086087226867676,,0.1714632511138916,
,5528.0,64,1.1531034033396281e-05,83299,,3.0158185958862305,,0.9249053597450256,,0.6088639497756958,,0.17151284217834473
,5392.0,64,1.1475862265797332e-05,83349,,3.6230292320251465,,0.7736932039260864,,0.608890950679779,,0.1715192049741745
,5484.0,64,1.142068958870368e-05,83399,,3.118896245956421,,0.868675172328949,,0.6089176535606384,,0.17152337729930878
,5496.0,64,1.136551691161003e-05,83449,,3.4596705436706543,,0.9751395583152771,,0.6089415550231934,,0.1715286523103714
,5472.0,64,1.131034514401108e-05,83499,,3.56487774848938,,1.092697024345398,,0.6089662313461304,,0.17153587937355042
,5472.0,64,1.1255172466917429e-05,83549,,3.564828395843506,,1.0814144611358643,,0.608991265296936,,0.17154183983802795
,5484.0,64,1.1199999789823778e-05,83599,,3.237600803375244,,1.1150298118591309,,0.6090140342712402,,0.17154699563980103
,5464.0,64,1.1144828022224829e-05,83649,,2.8567728996276855,,0.9051899909973145,,0.6090354919433594,,0.17155489325523376
,5532.0,64,1.1089655345131177e-05,83699,,3.42793345451355,,1.0323281288146973,,0.6090608835220337,,0.17155970633029938
,5504.0,64,1.1034482668037526e-05,83749,,3.216733694076538,,1.0602107048034668,,0.6090855598449707,,0.1715657114982605
,5508.0,64,1.0979309990943875e-05,83799,,3.4679341316223145,,1.157153606414795,,0.6091078519821167,,0.17157019674777985
,5440.0,64,1.0924138223344926e-05,83849,,3.1953158378601074,,0.9662538170814514,,0.6091326475143433,,0.171574205160141
,5476.0,64,1.0868965546251275e-05,83899,,4.65113639831543,,1.5246026515960693,,0.609158456325531,,0.171577587723732
,5484.0,64,1.0813792869157623e-05,83949,,3.1612133979797363,,0.9366793036460876,,0.6091843843460083,,0.17158041894435883
,5500.0,64,1.0758621101558674e-05,83999,,3.890652656555176,,1.2167567014694214,,0.6092122197151184,,0.17158398032188416
,5484.0,64,1.0703448424465023e-05,84049,,4.034399509429932,,1.2677675485610962,,0.6092326045036316,,0.17158937454223633
,5420.0,64,1.0648275747371372e-05,84099,,3.213935613632202,,1.0190107822418213,,0.6092592477798462,,0.17159414291381836
,5444.0,64,1.059310307027772e-05,84149,,3.461060047149658,,0.9622220396995544,,0.6092811822891235,,0.17160111665725708
,5468.0,64,1.0537931302678771e-05,84199,,3.496586799621582,,1.0848368406295776,,0.6093025207519531,,0.1716071218252182
,5480.0,64,1.048275862558512e-05,84249,,3.832397699356079,,1.0750436782836914,,0.6093284487724304,,0.17161297798156738
,5456.0,64,1.0427585948491469e-05,84299,,3.6606802940368652,,1.3029900789260864,,0.6093515753746033,,0.17161695659160614
,5484.0,64,1.037241418089252e-05,84349,,3.310527801513672,,1.123483419418335,,0.609376072883606,,0.17162254452705383
,5440.0,64,1.0317241503798869e-05,84399,,3.100273370742798,,1.0016794204711914,,0.609401524066925,,0.17162559926509857
,5480.0,64,1.0262068826705217e-05,84449,,3.3155832290649414,,0.9134780764579773,,0.6094242334365845,,0.1716330647468567
,5460.0,64,1.0206896149611566e-05,84499,,3.579531192779541,,1.0506510734558105,,0.6094461679458618,,0.17164087295532227
,5476.0,64,1.0151724382012617e-05,84549,,2.366926908493042,,0.7973406910896301,,0.6094710230827332,,0.17164865136146545
5463.4912109375,,64,,84564,3.4673044681549072,,1.0740748643875122,,0.6092537045478821,,0.17160330712795258,
,5448.0,65,1.0096551704918966e-05,84599,,3.99186635017395,,1.080820918083191,,0.6094931960105896,,0.1716553419828415
,5412.0,65,1.0041379027825315e-05,84649,,3.719758987426758,,1.2448036670684814,,0.6095157265663147,,0.1716618537902832
,5428.0,65,9.986207260226365e-06,84699,,3.416951894760132,,1.1046643257141113,,0.6095396876335144,,0.17166675627231598
,5508.0,65,9.931034583132714e-06,84749,,3.008945941925049,,1.039498209953308,,0.6095626354217529,,0.17167064547538757
,5460.0,65,9.875861906039063e-06,84799,,3.7793805599212646,,1.1672122478485107,,0.6095848083496094,,0.17167577147483826
,5448.0,65,9.820689228945412e-06,84849,,3.4244415760040283,,1.158455491065979,,0.6096082925796509,,0.17168192565441132
,5412.0,65,9.765517461346462e-06,84899,,3.765714406967163,,1.0960886478424072,,0.6096338629722595,,0.1716863214969635
,5444.0,65,9.710344784252811e-06,84949,,3.359621286392212,,0.9625014066696167,,0.6096555590629578,,0.17168977856636047
,5432.0,65,9.65517210715916e-06,84999,,4.0488715171813965,,1.2834113836288452,,0.6096830368041992,,0.17169363796710968
,5372.0,65,9.60000033956021e-06,85049,,3.2430801391601562,,1.1438777446746826,,0.6097103357315063,,0.17169895768165588
,5460.0,65,9.54482766246656e-06,85099,,3.0293986797332764,,0.9644842743873596,,0.6097354292869568,,0.1717056930065155
,5420.0,65,9.489654985372908e-06,85149,,3.644796133041382,,1.335279941558838,,0.6097584366798401,,0.17171117663383484
,5468.0,65,9.434482308279257e-06,85199,,3.7954251766204834,,1.2434043884277344,,0.6097842454910278,,0.17171654105186462
,5416.0,65,9.379310540680308e-06,85249,,2.85616135597229,,0.9609355330467224,,0.6098062992095947,,0.17172174155712128
,5412.0,65,9.324137863586657e-06,85299,,3.914419412612915,,1.1197935342788696,,0.6098300814628601,,0.1717277318239212
,5444.0,65,9.268965186493006e-06,85349,,2.965527057647705,,0.9295699000358582,,0.6098552942276001,,0.17173314094543457
,5544.0,65,9.213793418894056e-06,85399,,2.691067695617676,,1.0428270101547241,,0.6098772287368774,,0.17173956334590912
,5368.0,65,9.158620741800405e-06,85449,,3.4796435832977295,,0.8815008997917175,,0.6099032163619995,,0.17174455523490906
,5420.0,65,9.103448064706754e-06,85499,,3.2346720695495605,,1.1839934587478638,,0.6099294424057007,,0.1717510223388672
,5416.0,65,9.048276297107805e-06,85549,,3.662468671798706,,1.3279348611831665,,0.6099551916122437,,0.17175549268722534
,5468.0,65,8.993103620014153e-06,85599,,4.659468173980713,,1.8155741691589355,,0.6099792718887329,,0.1717616319656372
,5496.0,65,8.937930942920502e-06,85649,,3.025296211242676,,1.1126680374145508,,0.6100009083747864,,0.1717694103717804
,5480.0,65,8.882758265826851e-06,85699,,2.5197699069976807,,0.8782898187637329,,0.6100254058837891,,0.17177599668502808
,5384.0,65,8.827586498227902e-06,85749,,3.1075615882873535,,1.0984145402908325,,0.6100451350212097,,0.1717786192893982
,5484.0,65,8.77241382113425e-06,85799,,3.8164608478546143,,1.2021710872650146,,0.6100701689720154,,0.17178159952163696
,5544.0,65,8.7172411440406e-06,85849,,3.909540891647339,,1.0993582010269165,,0.6100937128067017,,0.17179110646247864
5461.89990234375,,65,,85865,3.4635732173919678,,1.0713813304901123,,0.6098777055740356,,0.17174476385116577,
,5480.0,66,8.66206937644165e-06,85899,,4.300074577331543,,0.8559902310371399,,0.6101182699203491,,0.17179907858371735
,5440.0,66,8.606896699347999e-06,85949,,4.079832077026367,,1.208892583847046,,0.6101412177085876,,0.17180588841438293
,5488.0,66,8.551724022254348e-06,85999,,3.5315582752227783,,1.1030290126800537,,0.6101636290550232,,0.17181219160556793
,5388.0,66,8.496551345160697e-06,86049,,3.594561815261841,,1.1594641208648682,,0.6101875305175781,,0.17181676626205444
,5528.0,66,8.441379577561747e-06,86099,,3.686901807785034,,1.178684115409851,,0.6102100610733032,,0.17182405292987823
,5492.0,66,8.386206900468096e-06,86149,,3.3690643310546875,,1.1193714141845703,,0.6102322340011597,,0.1718302220106125
,5440.0,66,8.331034223374445e-06,86199,,3.9932968616485596,,1.0254424810409546,,0.6102550625801086,,0.17183712124824524
,5488.0,66,8.275862455775496e-06,86249,,3.773836135864258,,1.1125223636627197,,0.6102798581123352,,0.17184360325336456
,5460.0,66,8.220689778681844e-06,86299,,4.522395610809326,,1.2307318449020386,,0.6103018522262573,,0.17184865474700928
,5496.0,66,8.165517101588193e-06,86349,,3.6125786304473877,,1.0905232429504395,,0.610327422618866,,0.17185360193252563
,5496.0,66,8.110344424494542e-06,86399,,3.7647337913513184,,1.1675457954406738,,0.6103492975234985,,0.17185625433921814
,5468.0,66,8.055172656895593e-06,86449,,4.134647369384766,,1.2877888679504395,,0.6103721857070923,,0.17186278104782104
,5344.0,66,7.999999979801942e-06,86499,,3.4572322368621826,,0.9820415377616882,,0.6103962063789368,,0.17186804115772247
,5528.0,66,7.94482730270829e-06,86549,,4.101396560668945,,1.0510886907577515,,0.6104203462600708,,0.1718713641166687
,5540.0,66,7.889655535109341e-06,86599,,2.358722448348999,,0.6031981110572815,,0.6104417443275452,,0.17187665402889252
,5436.0,66,7.83448285801569e-06,86649,,3.0395052433013916,,0.9994469285011292,,0.6104676127433777,,0.17187920212745667
,5388.0,66,7.779310180922039e-06,86699,,3.1043195724487305,,1.0433827638626099,,0.6104890704154968,,0.17188280820846558
,5472.0,66,7.724137503828388e-06,86749,,3.3968493938446045,,0.8938587307929993,,0.6105135679244995,,0.17188896238803864
,5456.0,66,7.668965736229438e-06,86799,,3.0148990154266357,,0.8792234659194946,,0.6105363965034485,,0.1718965470790863
,5496.0,66,7.613793059135787e-06,86849,,4.075293064117432,,1.1215391159057617,,0.6105610132217407,,0.17190365493297577
,5480.0,66,7.558620836789487e-06,86899,,3.7843775749206543,,1.1802366971969604,,0.6105858087539673,,0.17190879583358765
,5436.0,66,7.503448159695836e-06,86949,,3.77146315574646,,1.1609400510787964,,0.6106089353561401,,0.17191486060619354
,5496.0,66,7.4482759373495355e-06,86999,,2.663536310195923,,0.7787796258926392,,0.6106330156326294,,0.1719202697277069
,5408.0,66,7.393103260255884e-06,87049,,4.385047912597656,,1.3770101070404053,,0.6106563806533813,,0.17192628979682922
,5476.0,66,7.337931037909584e-06,87099,,3.3057644367218018,,1.0501168966293335,,0.6106791496276855,,0.1719348132610321
,5416.0,66,7.282758815563284e-06,87149,,3.6043503284454346,,1.2766897678375244,,0.6107013821601868,,0.17194010317325592
5463.296875,,66,,87166,3.472017765045166,,1.0705938339233398,,0.6104930639266968,,0.17189332842826843,
,5432.0,67,7.227586138469633e-06,87199,,3.9461724758148193,,1.2482337951660156,,0.6107238531112671,,0.17194713652133942
,5392.0,67,7.1724139161233325e-06,87249,,3.179924488067627,,0.9266358613967896,,0.6107502579689026,,0.17195236682891846
,5424.0,67,7.117241239029681e-06,87299,,3.297889471054077,,0.99283367395401,,0.6107758283615112,,0.171956866979599
,5508.0,67,7.062069016683381e-06,87349,,2.060842990875244,,0.7439268827438354,,0.6108008623123169,,0.17196093499660492
,5456.0,67,7.00689633958973e-06,87399,,3.569323778152466,,1.1183348894119263,,0.6108261942863464,,0.17196805775165558
,5512.0,67,6.95172411724343e-06,87449,,3.573432207107544,,0.8942682147026062,,0.61085045337677,,0.17197313904762268
,5508.0,67,6.896551894897129e-06,87499,,3.552992820739746,,0.9929577112197876,,0.6108695864677429,,0.17197956144809723
,5436.0,67,6.841379217803478e-06,87549,,4.552262306213379,,1.3610841035842896,,0.6108898520469666,,0.17198391258716583
,5468.0,67,6.786206995457178e-06,87599,,4.264787197113037,,1.3018662929534912,,0.6109104752540588,,0.1719905436038971
,5492.0,67,6.731034318363527e-06,87649,,3.2748827934265137,,1.0506696701049805,,0.610932469367981,,0.17199884355068207
,5432.0,67,6.675862096017227e-06,87699,,3.425720453262329,,1.046921968460083,,0.6109564304351807,,0.17200538516044617
,5484.0,67,6.620689873670926e-06,87749,,3.688366651535034,,0.9469251036643982,,0.6109801530838013,,0.1720115691423416
,5444.0,67,6.565517196577275e-06,87799,,3.4956085681915283,,1.0940812826156616,,0.6110072135925293,,0.17201605439186096
,5452.0,67,6.510344974230975e-06,87849,,2.8276689052581787,,0.6987277269363403,,0.6110308766365051,,0.17202237248420715
,5500.0,67,6.455172297137324e-06,87899,,2.9739928245544434,,0.8567012548446655,,0.6110540628433228,,0.17202787101268768
,5468.0,67,6.4000000747910235e-06,87949,,4.274651527404785,,1.2488092184066772,,0.6110776662826538,,0.1720345914363861
,5432.0,67,6.344827397697372e-06,87999,,3.716946601867676,,1.1054426431655884,,0.6110987067222595,,0.1720418632030487
,5448.0,67,6.289655175351072e-06,88049,,3.894339084625244,,1.2839676141738892,,0.6111214756965637,,0.17204827070236206
,5456.0,67,6.234482953004772e-06,88099,,3.5500125885009766,,0.9630519151687622,,0.6111452579498291,,0.17205403745174408
,5524.0,67,6.179310275911121e-06,88149,,2.2966678142547607,,0.8093107342720032,,0.611168384552002,,0.1720609813928604
,5452.0,67,6.1241380535648204e-06,88199,,3.5746798515319824,,1.1851836442947388,,0.6111938953399658,,0.17206358909606934
,5468.0,67,6.068965376471169e-06,88249,,2.0890283584594727,,0.6693058013916016,,0.61121666431427,,0.17206978797912598
,5504.0,67,6.013793154124869e-06,88299,,3.805178642272949,,0.999596118927002,,0.6112373471260071,,0.17207597196102142
,5484.0,67,5.958620477031218e-06,88349,,3.2099759578704834,,1.036455750465393,,0.6112601161003113,,0.17208264768123627
,5488.0,67,5.903448254684918e-06,88399,,3.6410863399505615,,1.1562726497650146,,0.6112841367721558,,0.17208942770957947
,5468.0,67,5.848276032338617e-06,88449,,3.84505033493042,,1.2605690956115723,,0.6113053560256958,,0.17209738492965698
5463.58984375,,67,,88467,3.4749033451080322,,1.0714335441589355,,0.6111030578613281,,0.172043576836586,
,5432.0,68,5.793103355244966e-06,88499,,3.729982852935791,,0.9286627769470215,,0.6113242506980896,,0.17210635542869568
,5512.0,68,5.737931132898666e-06,88549,,3.1269731521606445,,1.0766558647155762,,0.61134934425354,,0.17210984230041504
,5452.0,68,5.682758455805015e-06,88599,,3.9517407417297363,,0.9817254543304443,,0.6113728880882263,,0.17211592197418213
,5456.0,68,5.6275862334587146e-06,88649,,2.292276620864868,,0.9054473638534546,,0.6113996505737305,,0.17211946845054626
,5480.0,68,5.572414011112414e-06,88699,,3.6703219413757324,,1.1751867532730103,,0.6114231944084167,,0.17212313413619995
,5408.0,68,5.517241334018763e-06,88749,,3.6519463062286377,,1.03346848487854,,0.6114457845687866,,0.17212828993797302
,5472.0,68,5.462069111672463e-06,88799,,3.078590154647827,,0.8746538162231445,,0.6114672422409058,,0.1721336841583252
,5468.0,68,5.406896434578812e-06,88849,,3.4946742057800293,,0.9984738230705261,,0.6114920377731323,,0.17213791608810425
,5464.0,68,5.3517242122325115e-06,88899,,4.215145587921143,,1.4438832998275757,,0.6115149855613708,,0.17214345932006836
,5540.0,68,5.29655153513886e-06,88949,,2.587578058242798,,0.9849376082420349,,0.6115401983261108,,0.17214830219745636
,5400.0,68,5.24137931279256e-06,88999,,3.554229974746704,,1.050862431526184,,0.6115614175796509,,0.1721569448709488
,5576.0,68,5.18620709044626e-06,89049,,3.981727361679077,,1.0944827795028687,,0.6115809082984924,,0.17216336727142334
,5504.0,68,5.131034413352609e-06,89099,,3.957102060317993,,1.062376618385315,,0.6116046905517578,,0.17216846346855164
,5452.0,68,5.075862191006308e-06,89149,,3.3942461013793945,,0.9077751636505127,,0.6116265058517456,,0.17217373847961426
,5440.0,68,5.020689513912657e-06,89199,,3.099233865737915,,0.9255267381668091,,0.6116460561752319,,0.17218004167079926
,5396.0,68,4.965517291566357e-06,89249,,4.25786018371582,,1.0891491174697876,,0.6116639375686646,,0.17218750715255737
,5452.0,68,4.910344614472706e-06,89299,,3.935882568359375,,1.1956684589385986,,0.6116839051246643,,0.17219270765781403
,5456.0,68,4.855172392126406e-06,89349,,3.2693235874176025,,1.1842018365859985,,0.6117069125175476,,0.17219728231430054
,5508.0,68,4.800000169780105e-06,89399,,3.701652765274048,,1.0849019289016724,,0.6117280721664429,,0.17220504581928253
,5436.0,68,4.744827492686454e-06,89449,,3.3992903232574463,,0.8922556638717651,,0.6117467880249023,,0.17221200466156006
,5452.0,68,4.689655270340154e-06,89499,,3.854973554611206,,1.1146198511123657,,0.6117699146270752,,0.17221838235855103
,5432.0,68,4.634482593246503e-06,89549,,3.5813002586364746,,1.0096365213394165,,0.6117962598800659,,0.1722225695848465
,5528.0,68,4.5793103709002025e-06,89599,,3.5503406524658203,,0.8717807531356812,,0.6118197441101074,,0.17222821712493896
,5448.0,68,4.524138148553902e-06,89649,,3.650357246398926,,1.1370092630386353,,0.6118406057357788,,0.172234445810318
,5472.0,68,4.468965471460251e-06,89699,,2.442051887512207,,0.9226316809654236,,0.6118628978729248,,0.1722411811351776
,5468.0,68,4.413793249113951e-06,89749,,3.337559700012207,,0.9548545479774475,,0.6118868589401245,,0.17224882543087006
5462.4580078125,,68,,89768,3.4759979248046875,,1.0663597583770752,,0.6116955280303955,,0.17219707369804382,
,5500.0,69,4.3586205720203e-06,89799,,3.5844271183013916,,1.04729425907135,,0.611910879611969,,0.17225492000579834
,5468.0,69,4.3034483496739995e-06,89849,,3.617860794067383,,1.0869085788726807,,0.6119347810745239,,0.1722608208656311
,5456.0,69,4.248275672580348e-06,89899,,3.305826425552368,,1.0454717874526978,,0.6119577288627625,,0.17226439714431763
,5424.0,69,4.193103450234048e-06,89949,,2.189037561416626,,0.6169579029083252,,0.6119785308837891,,0.17227031290531158
,5404.0,69,4.137931227887748e-06,89999,,3.620222568511963,,0.9405959844589233,,0.612001895904541,,0.17227518558502197
,5384.0,69,4.082758550794097e-06,90049,,3.837416172027588,,1.2197755575180054,,0.6120222806930542,,0.17228087782859802
,5436.0,69,4.027586328447796e-06,90099,,4.138350486755371,,1.186367392539978,,0.6120412945747375,,0.17228791117668152
,5476.0,69,3.972413651354145e-06,90149,,3.424044609069824,,0.8240343928337097,,0.6120654344558716,,0.1722930669784546
,5488.0,69,3.917241429007845e-06,90199,,2.885946750640869,,0.8667224049568176,,0.6120879650115967,,0.17230066657066345
,5532.0,69,3.862068751914194e-06,90249,,3.136195182800293,,1.0700151920318604,,0.6121081709861755,,0.17230895161628723
,5524.0,69,3.8068965295678936e-06,90299,,4.039749622344971,,1.2131996154785156,,0.612129807472229,,0.17231597006320953
,5440.0,69,3.751724079847918e-06,90349,,4.182402610778809,,1.287675380706787,,0.6121523380279541,,0.1723213493824005
,5464.0,69,3.696551630127942e-06,90399,,3.6208951473236084,,1.2131223678588867,,0.6121755242347717,,0.17232659459114075
,5524.0,69,3.641379407781642e-06,90449,,3.757471799850464,,1.2949330806732178,,0.612195611000061,,0.1723356992006302
,5480.0,69,3.5862069580616662e-06,90499,,3.172933578491211,,0.8888094425201416,,0.6122170686721802,,0.17234082520008087
,5448.0,69,3.5310345083416905e-06,90549,,3.2526090145111084,,0.964098334312439,,0.612237274646759,,0.17234720289707184
,5500.0,69,3.475862058621715e-06,90599,,3.213223457336426,,0.9491455554962158,,0.6122595071792603,,0.17235389351844788
,5348.0,69,3.420689608901739e-06,90649,,3.7982029914855957,,1.0709444284439087,,0.612282931804657,,0.17236068844795227
,5536.0,69,3.3655171591817634e-06,90699,,3.715502977371216,,1.2520713806152344,,0.6123005747795105,,0.1723681092262268
,5448.0,69,3.310344936835463e-06,90749,,3.9128966331481934,,1.261063814163208,,0.6123232841491699,,0.17237421870231628
,5532.0,69,3.2551724871154875e-06,90799,,3.853553533554077,,1.0345896482467651,,0.6123434901237488,,0.17238201200962067
,5412.0,69,3.2000000373955118e-06,90849,,2.415026903152466,,0.7822320461273193,,0.6123647689819336,,0.17238685488700867
,5516.0,69,3.144827587675536e-06,90899,,3.980278253555298,,1.3509881496429443,,0.6123871207237244,,0.17239147424697876
,5428.0,69,3.0896551379555603e-06,90949,,3.940614938735962,,1.2908481359481812,,0.6124106645584106,,0.17239736020565033
,5460.0,69,3.0344826882355846e-06,90999,,2.817474126815796,,0.8158121705055237,,0.612438440322876,,0.17239966988563538
,5504.0,69,2.979310238515609e-06,91049,,2.944502830505371,,0.9954729080200195,,0.6124589443206787,,0.17240366339683533
5461.98095703125,,69,,91069,3.4607603549957275,,1.064945101737976,,0.6122700572013855,,0.1723550260066986,
,5420.0,70,2.9241380161693087e-06,91099,,3.129260778427124,,0.8985209465026855,,0.6124817728996277,,0.17240943014621735
,5452.0,70,2.868965566449333e-06,91149,,3.7392218112945557,,1.316154956817627,,0.6125032901763916,,0.17241604626178741
,5460.0,70,2.8137931167293573e-06,91199,,3.2326574325561523,,0.7917994856834412,,0.6125245094299316,,0.17242281138896942
,5436.0,70,2.7586206670093816e-06,91249,,3.2832744121551514,,1.0437487363815308,,0.6125454902648926,,0.17242896556854248
,5412.0,70,2.703448217289406e-06,91299,,3.524794340133667,,1.1097168922424316,,0.6125681400299072,,0.17243532836437225
,5524.0,70,2.64827576756943e-06,91349,,3.9582173824310303,,1.1516447067260742,,0.6125884056091309,,0.17244069278240204
,5440.0,70,2.59310354522313e-06,91399,,3.5906195640563965,,1.2380030155181885,,0.6126117706298828,,0.17244619131088257
,5400.0,70,2.537931095503154e-06,91449,,3.673077344894409,,1.132399320602417,,0.6126346588134766,,0.17244952917099
,5464.0,70,2.4827586457831785e-06,91499,,4.294959545135498,,1.287922739982605,,0.61266028881073,,0.17245274782180786
,5440.0,70,2.427586196063203e-06,91549,,2.9374310970306396,,1.010797142982483,,0.6126811504364014,,0.1724597066640854
,5400.0,70,2.372413746343227e-06,91599,,3.8899953365325928,,1.293326497077942,,0.6127040982246399,,0.17246419191360474
,5448.0,70,2.3172412966232514e-06,91649,,3.3390049934387207,,1.0897847414016724,,0.612729012966156,,0.17246758937835693
,5496.0,70,2.262069074276951e-06,91699,,3.7019147872924805,,1.1350147724151611,,0.6127521395683289,,0.17247077822685242
,5580.0,70,2.2068966245569754e-06,91749,,3.915253162384033,,1.1211574077606201,,0.6127734184265137,,0.1724758744239807
,5416.0,70,2.1517241748369997e-06,91799,,2.487903356552124,,0.8676720261573792,,0.6127951145172119,,0.1724814772605896
,5472.0,70,2.096551725117024e-06,91849,,3.4927027225494385,,1.1600269079208374,,0.6128168106079102,,0.17248597741127014
,5552.0,70,2.0413792753970483e-06,91899,,3.3242266178131104,,0.9763336181640625,,0.6128369569778442,,0.17249159514904022
,5456.0,70,1.9862068256770726e-06,91949,,3.757962942123413,,1.0559662580490112,,0.6128576993942261,,0.1724967062473297
,5440.0,70,1.931034375957097e-06,91999,,3.7954294681549072,,1.0509202480316162,,0.6128783226013184,,0.17250092327594757
,5436.0,70,1.875862039923959e-06,92049,,3.6949574947357178,,1.2120732069015503,,0.6128982901573181,,0.17250680923461914
,5424.0,70,1.820689703890821e-06,92099,,3.4633631706237793,,1.2114827632904053,,0.6129178404808044,,0.17251208424568176
,5532.0,70,1.7655172541708453e-06,92149,,3.6642510890960693,,1.2048171758651733,,0.6129399538040161,,0.1725185513496399
,5428.0,70,1.7103448044508696e-06,92199,,4.004841327667236,,1.1082160472869873,,0.6129612922668457,,0.1725236475467682
,5472.0,70,1.6551724684177316e-06,92249,,4.541562557220459,,1.4257841110229492,,0.612982451915741,,0.17252998054027557
,5488.0,70,1.6000000186977559e-06,92299,,3.25146222114563,,1.070643424987793,,0.6130027174949646,,0.1725345253944397
,5456.0,70,1.5448275689777802e-06,92349,,3.3367693424224854,,1.0612740516662598,,0.6130238771438599,,0.1725422441959381
5461.43310546875,,70,,92370,3.452486515045166,,1.058081030845642,,0.6128431558609009,,0.17249999940395355,
,5484.0,71,1.4896551192578045e-06,92399,,3.559016227722168,,0.9076966047286987,,0.6130462288856506,,0.17254874110221863
,5460.0,71,1.4344827832246665e-06,92449,,4.206033229827881,,1.0046390295028687,,0.6130644679069519,,0.17255491018295288
,5416.0,71,1.3793103335046908e-06,92499,,4.482169151306152,,1.0901079177856445,,0.6130858063697815,,0.17256028950214386
,5476.0,71,1.324137883784715e-06,92549,,3.737126350402832,,1.056427001953125,,0.6131082773208618,,0.1725671887397766
,5340.0,71,1.268965547751577e-06,92599,,4.907508850097656,,1.3468626737594604,,0.6131293773651123,,0.17257367074489594
,5480.0,71,1.2137930980316014e-06,92649,,3.722517967224121,,1.097386360168457,,0.6131515502929688,,0.17257843911647797
,5424.0,71,1.1586206483116257e-06,92699,,3.260157585144043,,1.068720817565918,,0.6131715774536133,,0.172585129737854
,5420.0,71,1.1034483122784877e-06,92749,,3.603203296661377,,1.045846939086914,,0.6131938695907593,,0.17258942127227783
,5508.0,71,1.048275862558512e-06,92799,,4.095834732055664,,1.0533689260482788,,0.6132161617279053,,0.17259535193443298
,5452.0,71,9.931034128385363e-07,92849,,3.7644832134246826,,1.2205605506896973,,0.6132380366325378,,0.1726001352071762
,5508.0,71,9.379310199619795e-07,92899,,3.204871654510498,,1.0477039813995361,,0.6132571697235107,,0.17260614037513733
,5432.0,71,8.827586270854226e-07,92949,,3.43222713470459,,1.0551841259002686,,0.6132789850234985,,0.17261099815368652
,5384.0,71,8.275862342088658e-07,92999,,3.089740037918091,,0.9782597422599792,,0.6132965087890625,,0.17261862754821777
,5492.0,71,7.724137844888901e-07,93049,,3.5351150035858154,,1.0978748798370361,,0.613316535949707,,0.17262309789657593
,5476.0,71,7.172413916123332e-07,93099,,3.205524444580078,,1.1606212854385376,,0.613336443901062,,0.17262908816337585
,5424.0,71,6.620689418923575e-07,93149,,3.154096841812134,,1.0836118459701538,,0.613358199596405,,0.17263588309288025
,5468.0,71,6.068965490158007e-07,93199,,2.913480520248413,,0.8010224103927612,,0.6133788824081421,,0.1726425141096115
,5512.0,71,5.517241561392439e-07,93249,,3.663384437561035,,1.1104955673217773,,0.6134010553359985,,0.17264798283576965
,5400.0,71,4.965517064192682e-07,93299,,2.56929087638855,,0.8463874459266663,,0.6134214997291565,,0.17265331745147705
,5488.0,71,4.413793135427113e-07,93349,,3.9212865829467773,,1.0930612087249756,,0.613443911075592,,0.17265720665454865
,5424.0,71,3.8620689224444504e-07,93399,,4.025049209594727,,1.299907922744751,,0.6134657859802246,,0.17266233265399933
,5480.0,71,3.3103447094617877e-07,93449,,3.786608934402466,,1.2137271165847778,,0.6134858727455139,,0.17266890406608582
,5480.0,71,2.7586207806962193e-07,93499,,3.5349228382110596,,0.9559282660484314,,0.613507091999054,,0.17267361283302307
,5396.0,71,2.2068965677135566e-07,93549,,4.227451801300049,,1.151853322982788,,0.6135291457176208,,0.17267897725105286
,5480.0,71,1.6551723547308939e-07,93599,,3.3207547664642334,,1.1207029819488525,,0.6135503053665161,,0.17268426716327667
,5476.0,71,1.1034482838567783e-07,93649,,4.029716491699219,,1.3616331815719604,,0.6135720014572144,,0.17268864810466766
5463.03564453125,,71,,93671,3.4935996532440186,,1.0707590579986572,,0.6133951544761658,,0.17264480888843536,
,5484.0,72,5.5172414192838914e-08,93699,,3.3562679290771484,,0.9620213508605957,,0.613593339920044,,0.17269399762153625
,5428.0,72,0.0,93749,,2.9496572017669678,,1.0505547523498535,,0.6136128902435303,,0.17269890010356903
5469.16259765625,,72,,93788,3.4919090270996094,,1.0555188655853271,,0.6136053800582886,,0.17269699275493622,
