Gathered number of frames_epoch,Gathered number of frames_step,epoch,lr,step,train_feature_penalty_epoch,train_feature_penalty_step,train_loss_epoch,train_loss_step,train_masked_accuracy_epoch,train_masked_accuracy_step,train_unmasked_accuracy_epoch,train_unmasked_accuracy_step
,5440.0,0,1.6000000186977559e-06,49,,0.2704768180847168,,5.26377534866333,,0.006090622860938311,,0.005832291673868895
,5472.0,0,3.2000000373955118e-06,99,,0.24240262806415558,,5.245776653289795,,0.008132661692798138,,0.007119324989616871
,5488.0,0,4.800000169780105e-06,149,,0.37035441398620605,,5.118007659912109,,0.010943039320409298,,0.00871432013809681
,5280.0,0,6.4000000747910235e-06,199,,0.4151417315006256,,5.076213359832764,,0.014248927123844624,,0.011729102581739426
,5424.0,0,7.999999979801942e-06,249,,0.6247839331626892,,5.000166893005371,,0.016924872994422913,,0.014183325693011284
,5552.0,0,9.60000033956021e-06,299,,0.7159614562988281,,5.05905818939209,,0.020257841795682907,,0.01707368716597557
,5376.0,0,1.1199999789823778e-05,349,,0.7525181174278259,,4.939852714538574,,0.024215450510382652,,0.019967401400208473
,5456.0,0,1.2800000149582047e-05,399,,0.6626712083816528,,4.617402076721191,,0.027984432876110077,,0.022583480924367905
,5408.0,0,1.4399999599845614e-05,449,,1.062036395072937,,4.987830638885498,,0.03198252245783806,,0.025621989741921425
,5632.0,0,1.5999999959603883e-05,499,,0.9762874841690063,,4.770291328430176,,0.03603607043623924,,0.028615541756153107
,5584.0,0,1.759999940986745e-05,549,,1.2263902425765991,,4.642489910125732,,0.040483616292476654,,0.03150621056556702
,5536.0,0,1.920000067912042e-05,599,,1.1815630197525024,,4.726893901824951,,0.04468495771288872,,0.03429073840379715
,5392.0,0,2.080000012938399e-05,649,,0.8207095265388489,,4.672354698181152,,0.04910583794116974,,0.037142131477594376
,5488.0,0,2.2399999579647556e-05,699,,1.043738603591919,,4.507425308227539,,0.053841784596443176,,0.04019038379192352
,5488.0,0,2.4000000848900527e-05,749,,1.2425156831741333,,4.4366984367370605,,0.058089252561330795,,0.04308490827679634
,5424.0,0,2.5600000299164094e-05,799,,1.1305241584777832,,4.494728088378906,,0.06182291731238365,,0.04523180425167084
,5488.0,0,2.719999974942766e-05,849,,1.4271258115768433,,4.499699592590332,,0.06617158651351929,,0.047935497015714645
,5520.0,0,2.879999919969123e-05,899,,1.3961048126220703,,4.45720100402832,,0.07055802643299103,,0.05071583390235901
,5392.0,0,3.04000004689442e-05,949,,1.3749277591705322,,4.376162052154541,,0.07455531507730484,,0.053015321493148804
,5536.0,0,3.199999991920777e-05,999,,1.5635334253311157,,4.266452789306641,,0.0788966715335846,,0.05521933734416962
,5424.0,0,3.360000118846074e-05,1049,,1.1388568878173828,,4.167060375213623,,0.08291389793157578,,0.05745217949151993
,5328.0,0,3.51999988197349e-05,1099,,1.5592039823532104,,4.383580684661865,,0.08706648647785187,,0.05971980839967728
,5488.0,0,3.680000008898787e-05,1149,,0.9924883842468262,,4.048133373260498,,0.09091608971357346,,0.0618024617433548
,5568.0,0,3.840000135824084e-05,1199,,1.4422471523284912,,3.9533886909484863,,0.09472811967134476,,0.06376120448112488
,5476.0,0,3.9999998989515007e-05,1249,,1.6586390733718872,,4.18354606628418,,0.09833864867687225,,0.06552198529243469
,5368.0,0,4.160000025876798e-05,1299,,1.9433799982070923,,4.209735870361328,,0.10198485851287842,,0.06717412918806076
,5472.0,0,4.320000152802095e-05,1349,,1.3578505516052246,,4.188973426818848,,0.10563556849956512,,0.06872835755348206
,5424.0,0,4.479999915929511e-05,1399,,1.0551422834396362,,3.9746692180633545,,0.10916266590356827,,0.07038535177707672
,5400.0,0,4.640000042854808e-05,1449,,1.441196084022522,,4.0978593826293945,,0.11229044198989868,,0.07160913199186325
,5416.0,0,4.8000001697801054e-05,1499,,1.0085378885269165,,4.100538730621338,,0.11548694223165512,,0.07283897697925568
,5524.0,0,4.959999932907522e-05,1549,,1.1424092054367065,,3.917820692062378,,0.11883817613124847,,0.07420040667057037
,5588.0,0,5.120000059832819e-05,1599,,1.1699039936065674,,3.9671051502227783,,0.12178954482078552,,0.0752362385392189
,5372.0,0,5.279999822960235e-05,1649,,0.6800538897514343,,3.7560431957244873,,0.12495940923690796,,0.07636746019124985
,5396.0,0,5.439999949885532e-05,1699,,1.5000196695327759,,4.153393268585205,,0.12810933589935303,,0.07736630737781525
,5548.0,0,5.6000000768108293e-05,1749,,1.4634476900100708,,3.5291295051574707,,0.1310570240020752,,0.0784282460808754
,5408.0,0,5.759999839938246e-05,1799,,1.5090985298156738,,3.4634344577789307,,0.13396623730659485,,0.07928553223609924
,5488.0,0,5.919999966863543e-05,1849,,1.2180651426315308,,3.9901323318481445,,0.13682666420936584,,0.08027593791484833
,5352.0,0,6.08000009378884e-05,1899,,1.3190996646881104,,3.704519271850586,,0.13953106105327606,,0.08116447180509567
,5412.0,0,6.240000220714137e-05,1949,,1.1558984518051147,,3.8523690700531006,,0.1423945426940918,,0.08198336511850357
,5452.0,0,6.399999983841553e-05,1999,,1.4278908967971802,,4.119603157043457,,0.14499540627002716,,0.08268904685974121
,5436.0,0,6.55999974696897e-05,2049,,1.3248976469039917,,3.8556292057037354,,0.14746403694152832,,0.08333920687437057
,5416.0,0,6.720000237692147e-05,2099,,1.5146446228027344,,3.5145487785339355,,0.15008848905563354,,0.08396703004837036
,5396.0,0,6.880000000819564e-05,2149,,1.2180551290512085,,3.757554531097412,,0.15269796550273895,,0.08468148112297058
,5524.0,0,7.03999976394698e-05,2199,,1.1016221046447754,,3.755380392074585,,0.15495596826076508,,0.08512063324451447
,5508.0,0,7.200000254670158e-05,2249,,1.4398972988128662,,3.8605740070343018,,0.15716610848903656,,0.08569067716598511
,5500.0,0,7.360000017797574e-05,2299,,0.8752353191375732,,3.791165828704834,,0.15939807891845703,,0.08615048974752426
,5388.0,0,7.519999780924991e-05,2349,,1.38211989402771,,3.4512979984283447,,0.16154643893241882,,0.08649876713752747
,5468.0,0,7.680000271648169e-05,2399,,1.0168430805206299,,3.661500930786133,,0.16385963559150696,,0.08688773214817047
,5436.0,0,7.840000034775585e-05,2449,,0.8803746104240417,,3.518695592880249,,0.1658468246459961,,0.08733060210943222
,5396.0,0,7.999999797903001e-05,2499,,1.0657851696014404,,3.4258687496185303,,0.16800954937934875,,0.0877358689904213
5465.28125,,0,,2507,1.0731276273727417,,4.202427387237549,,0.09259167313575745,,0.057337790727615356,
,5424.0,1,8.160000288626179e-05,2549,,1.234619379043579,,3.4825286865234375,,0.17016102373600006,,0.08817069232463837
,5452.0,1,8.320000051753595e-05,2599,,1.0813745260238647,,3.4974477291107178,,0.1722107082605362,,0.08868531137704849
,5504.0,1,8.479999814881012e-05,2649,,0.9277986288070679,,3.208214282989502,,0.17418184876441956,,0.08908884227275848
,5456.0,1,8.64000030560419e-05,2699,,0.8142386078834534,,3.2488698959350586,,0.17612703144550323,,0.08940333127975464
,5504.0,1,8.800000068731606e-05,2749,,1.3772354125976562,,3.319417953491211,,0.17791658639907837,,0.08978933095932007
,5476.0,1,8.959999831859022e-05,2799,,0.8483104705810547,,3.288215160369873,,0.1797381341457367,,0.0901654064655304
,5356.0,1,9.1200003225822e-05,2849,,0.9379892349243164,,2.823852062225342,,0.18169215321540833,,0.09072810411453247
,5428.0,1,9.280000085709617e-05,2899,,0.8164491057395935,,3.1236071586608887,,0.1837846338748932,,0.09117572009563446
,5492.0,1,9.439999848837033e-05,2949,,1.071679949760437,,3.311774492263794,,0.18568527698516846,,0.09152669459581375
,5500.0,1,9.600000339560211e-05,2999,,0.6880449652671814,,3.5057060718536377,,0.18742871284484863,,0.09189730882644653
,5484.0,1,9.760000102687627e-05,3049,,0.42625701427459717,,3.2822163105010986,,0.1892496645450592,,0.09226970374584198
,5552.0,1,9.919999865815043e-05,3099,,0.6015239953994751,,3.157902240753174,,0.19116266071796417,,0.09261900931596756
,5508.0,1,9.997241431847215e-05,3149,,0.413257360458374,,3.2074739933013916,,0.1929839849472046,,0.09302648901939392
,5472.0,1,9.99172407318838e-05,3199,,0.8474771976470947,,3.434244155883789,,0.19470179080963135,,0.0936063826084137
,5424.0,1,9.986206714529544e-05,3249,,0.870739758014679,,3.32003116607666,,0.19644294679164886,,0.09389862418174744
,5412.0,1,9.980689355870709e-05,3299,,0.8339453935623169,,3.476780414581299,,0.19821929931640625,,0.09432031214237213
,5516.0,1,9.975172724807635e-05,3349,,1.2367841005325317,,3.006852626800537,,0.19999998807907104,,0.09474336355924606
,5412.0,1,9.9696553661488e-05,3399,,0.7241737842559814,,2.605025053024292,,0.2016093134880066,,0.09517592936754227
,5480.0,1,9.964138007489964e-05,3449,,0.8388169407844543,,3.0587849617004395,,0.20337001979351044,,0.09553388506174088
,5488.0,1,9.958620648831129e-05,3499,,0.9342007637023926,,3.0679123401641846,,0.20500461757183075,,0.09596100449562073
,5436.0,1,9.953103290172294e-05,3549,,1.1739857196807861,,3.169757604598999,,0.20647092163562775,,0.09632301330566406
,5460.0,1,9.947585931513458e-05,3599,,0.724910318851471,,3.145946502685547,,0.20809301733970642,,0.09687314182519913
,5440.0,1,9.942069300450385e-05,3649,,0.6190786957740784,,3.1941111087799072,,0.20974604785442352,,0.09733051806688309
,5484.0,1,9.93655194179155e-05,3699,,0.7065708041191101,,3.0462968349456787,,0.21133792400360107,,0.09791148453950882
,5460.0,1,9.931034583132714e-05,3749,,1.0242619514465332,,3.0684309005737305,,0.2129552662372589,,0.09837912023067474
,5520.0,1,9.925517224473879e-05,3799,,0.9831808805465698,,2.9667274951934814,,0.21451283991336823,,0.09893952310085297
,5516.0,1,9.919999865815043e-05,3849,,1.0012487173080444,,2.999974250793457,,0.2160460501909256,,0.09951547533273697
,5552.0,1,9.914482507156208e-05,3899,,1.1788015365600586,,3.187838554382324,,0.2176448255777359,,0.10008521378040314
,5496.0,1,9.908965876093134e-05,3949,,0.8745390772819519,,3.204732656478882,,0.21917524933815002,,0.10061205178499222
,5404.0,1,9.903448517434299e-05,3999,,1.100551724433899,,2.936924457550049,,0.22076943516731262,,0.10117920488119125
,5496.0,1,9.897931158775464e-05,4049,,0.7240653038024902,,2.800747871398926,,0.22235670685768127,,0.10167837142944336
,5468.0,1,9.892413800116628e-05,4099,,0.6123011112213135,,2.7277112007141113,,0.22397048771381378,,0.10217940807342529
,5524.0,1,9.886896441457793e-05,4149,,0.7211998105049133,,3.0175490379333496,,0.22550907731056213,,0.10268216580152512
,5404.0,1,9.881379082798958e-05,4199,,1.0557060241699219,,2.827850341796875,,0.22713075578212738,,0.10321561247110367
,5432.0,1,9.875861724140123e-05,4249,,0.8526443243026733,,2.8969485759735107,,0.2286442667245865,,0.10364127159118652
,5460.0,1,9.870345093077049e-05,4299,,0.5758600234985352,,2.6119046211242676,,0.23020042479038239,,0.10415531694889069
,5436.0,1,9.864827734418213e-05,4349,,0.833709180355072,,2.928908586502075,,0.23169860243797302,,0.1047501340508461
,5504.0,1,9.859310375759378e-05,4399,,0.4890773892402649,,2.8875479698181152,,0.23311179876327515,,0.1052815169095993
,5420.0,1,9.853793017100543e-05,4449,,1.2422107458114624,,2.6813321113586426,,0.23458988964557648,,0.10586802661418915
,5444.0,1,9.848275658441707e-05,4499,,0.8292428255081177,,2.6372900009155273,,0.2360435277223587,,0.10653726756572723
,5504.0,1,9.842758299782872e-05,4549,,0.5453636050224304,,2.147752046585083,,0.23750223219394684,,0.10706724226474762
,5404.0,1,9.837241668719798e-05,4599,,0.8296487331390381,,2.410790205001831,,0.23902654647827148,,0.10765020549297333
,5480.0,1,9.831724310060963e-05,4649,,0.44114163517951965,,2.9300568103790283,,0.24040178954601288,,0.10820963978767395
,5248.0,1,9.826206951402128e-05,4699,,0.8938109278678894,,2.7850565910339355,,0.24170377850532532,,0.10871131718158722
,5428.0,1,9.820689592743292e-05,4749,,1.3738991022109985,,2.8370425701141357,,0.2431349754333496,,0.10928444564342499
,5508.0,1,9.815172234084457e-05,4799,,1.084473729133606,,2.6220405101776123,,0.24448175728321075,,0.10980373620986938
,5468.0,1,9.809654875425622e-05,4849,,1.239208459854126,,2.6923017501831055,,0.24581873416900635,,0.11029314994812012
,5356.0,1,9.804138244362548e-05,4899,,0.3769650459289551,,2.625666618347168,,0.24708281457424164,,0.11084550619125366
,5476.0,1,9.798620885703713e-05,4949,,0.6653591990470886,,2.7926435470581055,,0.2484007626771927,,0.11137883365154266
,5472.0,1,9.793103527044877e-05,4999,,0.9161672592163086,,2.644071578979492,,0.24965061247348785,,0.11189781129360199
5462.224609375,,1,,5015,0.8951746225357056,,2.9966907501220703,,0.21216288208961487,,0.09916408360004425,
,5468.0,2,9.787586168386042e-05,5049,,0.935565173625946,,2.653944730758667,,0.2509949803352356,,0.11244317144155502
,5504.0,2,9.782068809727207e-05,5099,,0.8196666836738586,,2.653512477874756,,0.2523394227027893,,0.11300208419561386
,5448.0,2,9.776551451068372e-05,5149,,0.9162459373474121,,2.3539881706237793,,0.25364771485328674,,0.11360569298267365
,5392.0,2,9.771034820005298e-05,5199,,0.6338114142417908,,2.6863794326782227,,0.2549515664577484,,0.11418590694665909
,5424.0,2,9.765517461346462e-05,5249,,0.9152721166610718,,2.371408700942993,,0.2561960220336914,,0.11465471982955933
,5416.0,2,9.760000102687627e-05,5299,,1.1262800693511963,,2.7585394382476807,,0.2574602961540222,,0.11522648483514786
,5452.0,2,9.754482744028792e-05,5349,,0.7924917340278625,,2.3900790214538574,,0.25876885652542114,,0.11572309583425522
,5416.0,2,9.748965385369956e-05,5399,,0.7197372913360596,,2.569620132446289,,0.2600659430027008,,0.11622192710638046
,5540.0,2,9.743448026711121e-05,5449,,1.1919752359390259,,2.65053391456604,,0.2612558603286743,,0.11674487590789795
,5388.0,2,9.737931395648047e-05,5499,,1.0366621017456055,,2.318659543991089,,0.2624889612197876,,0.11727404594421387
,5448.0,2,9.732414036989212e-05,5549,,1.0715739727020264,,2.1221601963043213,,0.26372647285461426,,0.1178133487701416
,5392.0,2,9.726896678330377e-05,5599,,0.8370107412338257,,2.5045840740203857,,0.26498016715049744,,0.11834821850061417
,5504.0,2,9.721379319671541e-05,5649,,0.6751819849014282,,2.27490496635437,,0.26614493131637573,,0.11882969737052917
,5456.0,2,9.715861961012706e-05,5699,,1.1995110511779785,,2.5120060443878174,,0.267345666885376,,0.11931829154491425
,5440.0,2,9.710344602353871e-05,5749,,0.6850986480712891,,2.3036980628967285,,0.26852256059646606,,0.11983619630336761
,5480.0,2,9.704827243695036e-05,5799,,1.2373470067977905,,2.1940324306488037,,0.2697385549545288,,0.12037226557731628
,5452.0,2,9.699310612631962e-05,5849,,0.7600724101066589,,2.1254220008850098,,0.27085453271865845,,0.12089604884386063
,5532.0,2,9.693793253973126e-05,5899,,0.5955126285552979,,2.4083781242370605,,0.272049218416214,,0.12150390446186066
,5544.0,2,9.688275895314291e-05,5949,,0.8523511290550232,,2.1984639167785645,,0.27321577072143555,,0.12203682959079742
,5488.0,2,9.682758536655456e-05,5999,,0.9102015495300293,,2.298196315765381,,0.2743058502674103,,0.12257412821054459
,5340.0,2,9.67724117799662e-05,6049,,1.0739736557006836,,2.266341209411621,,0.27538347244262695,,0.12301182746887207
,5524.0,2,9.671723819337785e-05,6099,,0.6632598042488098,,2.185274362564087,,0.27646368741989136,,0.12360963225364685
,5516.0,2,9.666207188274711e-05,6149,,0.36818715929985046,,2.263658046722412,,0.2775179147720337,,0.12410992383956909
,5484.0,2,9.660689829615876e-05,6199,,0.6610605716705322,,2.4479641914367676,,0.2786235213279724,,0.12458731234073639
,5512.0,2,9.655172470957041e-05,6249,,1.4750518798828125,,2.368608236312866,,0.2796688675880432,,0.125105619430542
,5380.0,2,9.649655112298205e-05,6299,,1.298515796661377,,2.2488460540771484,,0.2807742953300476,,0.1255805641412735
,5368.0,2,9.64413775363937e-05,6349,,1.0354259014129639,,2.7829675674438477,,0.28179311752319336,,0.12606272101402283
,5460.0,2,9.638620394980535e-05,6399,,0.6353585720062256,,2.1001791954040527,,0.28280267119407654,,0.1265466958284378
,5484.0,2,9.633103763917461e-05,6449,,0.972048819065094,,2.5354645252227783,,0.28383952379226685,,0.12699970602989197
,5396.0,2,9.627586405258626e-05,6499,,0.838995099067688,,2.0006251335144043,,0.28487640619277954,,0.1274760365486145
,5468.0,2,9.62206904659979e-05,6549,,0.7988632917404175,,2.369777202606201,,0.28586676716804504,,0.12790828943252563
,5440.0,2,9.616551687940955e-05,6599,,0.6682193279266357,,2.3028087615966797,,0.28687798976898193,,0.1284019947052002
,5416.0,2,9.61103432928212e-05,6649,,0.6787142753601074,,2.1579513549804688,,0.2878021001815796,,0.12887342274188995
,5544.0,2,9.605516970623285e-05,6699,,0.9921489953994751,,2.167161703109741,,0.2887834310531616,,0.12932775914669037
,5448.0,2,9.600000339560211e-05,6749,,0.6114501953125,,2.501779079437256,,0.28974008560180664,,0.12979748845100403
,5476.0,2,9.594482980901375e-05,6799,,0.6361992955207825,,2.52542781829834,,0.2906942367553711,,0.13018548488616943
,5492.0,2,9.58896562224254e-05,6849,,1.1278765201568604,,2.336425542831421,,0.2916536331176758,,0.1305840164422989
,5340.0,2,9.583448263583705e-05,6899,,0.7777592539787292,,2.1969821453094482,,0.2926362454891205,,0.13104376196861267
,5480.0,2,9.57793090492487e-05,6949,,0.9197906851768494,,2.2371811866760254,,0.29353728890419006,,0.13140515983104706
,5520.0,2,9.572413546266034e-05,6999,,0.7087201476097107,,2.3508353233337402,,0.29443663358688354,,0.1317804902791977
,5536.0,2,9.56689691520296e-05,7049,,1.1006726026535034,,1.8841559886932373,,0.29532307386398315,,0.13217991590499878
,5404.0,2,9.561379556544125e-05,7099,,1.103163719177246,,2.2353909015655518,,0.29617688059806824,,0.13261044025421143
,5480.0,2,9.55586219788529e-05,7149,,1.5906306505203247,,2.22489333152771,,0.29708486795425415,,0.13305407762527466
,5572.0,2,9.550344839226454e-05,7199,,0.7117513418197632,,2.0615546703338623,,0.2979975640773773,,0.1334846466779709
,5528.0,2,9.544827480567619e-05,7249,,1.0581971406936646,,2.388988971710205,,0.29886436462402344,,0.13393037021160126
,5444.0,2,9.539310121908784e-05,7299,,1.2486072778701782,,2.1492021083831787,,0.2996615767478943,,0.134346142411232
,5436.0,2,9.533792763249949e-05,7349,,0.9410667419433594,,1.8953393697738647,,0.3005937933921814,,0.13482028245925903
,5352.0,2,9.528276132186875e-05,7399,,0.9669716358184814,,2.251711845397949,,0.3014771044254303,,0.13525104522705078
,5452.0,2,9.52275877352804e-05,7449,,1.3024697303771973,,2.181938648223877,,0.3023431599140167,,0.13566963374614716
,5548.0,2,9.517241414869204e-05,7499,,1.0702875852584839,,2.0411508083343506,,0.30320867896080017,,0.13604985177516937
5461.9462890625,,2,,7523,0.9165253639221191,,2.381507396697998,,0.27901190519332886,,0.12484430521726608,
,5544.0,3,9.511724056210369e-05,7549,,0.6211094856262207,,2.097949743270874,,0.30412787199020386,,0.13649782538414001
,5452.0,3,9.506206697551534e-05,7599,,0.6922606825828552,,2.0349276065826416,,0.3049939274787903,,0.13695122301578522
,5476.0,3,9.500689338892698e-05,7649,,0.7567314505577087,,2.0954654216766357,,0.3058702349662781,,0.13735142350196838
,5568.0,3,9.495172707829624e-05,7699,,1.222316026687622,,2.2190635204315186,,0.3067401647567749,,0.1377164125442505
,5516.0,3,9.489655349170789e-05,7749,,0.6839051246643066,,2.332624912261963,,0.30759721994400024,,0.13814696669578552
,5600.0,3,9.484137990511954e-05,7799,,0.7761841416358948,,2.405691146850586,,0.3084762692451477,,0.13855654001235962
,5548.0,3,9.478620631853119e-05,7849,,0.8129202127456665,,1.8565887212753296,,0.309325635433197,,0.13894906640052795
,5436.0,3,9.473103273194283e-05,7899,,0.8175925016403198,,1.8825273513793945,,0.3101625442504883,,0.1393250972032547
,5464.0,3,9.467585914535448e-05,7949,,0.9223387241363525,,2.403996706008911,,0.3109804391860962,,0.13970902562141418
,5572.0,3,9.462069283472374e-05,7999,,1.0543500185012817,,2.2145943641662598,,0.31182795763015747,,0.14008864760398865
,5592.0,3,9.456551924813539e-05,8049,,0.7728114724159241,,1.7928954362869263,,0.3126718997955322,,0.14044596254825592
,5416.0,3,9.451034566154703e-05,8099,,0.8398573398590088,,2.13334584236145,,0.31345829367637634,,0.14085251092910767
,5464.0,3,9.445517207495868e-05,8149,,0.8533130288124084,,2.0968480110168457,,0.3142450749874115,,0.1412426084280014
,5428.0,3,9.439999848837033e-05,8199,,1.3125938177108765,,1.97078275680542,,0.31500717997550964,,0.141633078455925
,5480.0,3,9.434482490178198e-05,8249,,1.192325234413147,,1.753933072090149,,0.31582432985305786,,0.14203867316246033
,5508.0,3,9.428965859115124e-05,8299,,0.8513698577880859,,2.231572151184082,,0.316586434841156,,0.14241056144237518
,5320.0,3,9.423448500456288e-05,8349,,1.006019115447998,,2.075519561767578,,0.3173826336860657,,0.14283597469329834
,5416.0,3,9.417931141797453e-05,8399,,0.686512291431427,,2.2952895164489746,,0.31810295581817627,,0.14323318004608154
,5400.0,3,9.412413783138618e-05,8449,,0.8747522830963135,,2.2013425827026367,,0.3188410699367523,,0.1436096727848053
,5500.0,3,9.406896424479783e-05,8499,,1.1909540891647339,,2.327932119369507,,0.31960374116897583,,0.14395323395729065
,5352.0,3,9.401379065820947e-05,8549,,0.8956323862075806,,2.1416733264923096,,0.3203854560852051,,0.14429913461208344
,5452.0,3,9.395861707162112e-05,8599,,1.5369720458984375,,2.1023688316345215,,0.3211190700531006,,0.14465393126010895
,5500.0,3,9.390345076099038e-05,8649,,0.5992240309715271,,1.9446762800216675,,0.32184138894081116,,0.14506052434444427
,5384.0,3,9.384827717440203e-05,8699,,1.0073996782302856,,1.901702880859375,,0.3225672245025635,,0.14545178413391113
,5544.0,3,9.379310358781368e-05,8749,,0.9338899850845337,,1.9420446157455444,,0.32332807779312134,,0.14581328630447388
,5488.0,3,9.373793000122532e-05,8799,,0.9714750051498413,,1.961134672164917,,0.3241267204284668,,0.14617203176021576
,5412.0,3,9.368275641463697e-05,8849,,0.925517201423645,,2.147684097290039,,0.32482022047042847,,0.146534264087677
,5452.0,3,9.362758282804862e-05,8899,,0.9259055256843567,,2.137120485305786,,0.32555627822875977,,0.14692839980125427
,5344.0,3,9.357241651741788e-05,8949,,0.9543919563293457,,1.7758300304412842,,0.3262399435043335,,0.1473032683134079
,5424.0,3,9.351724293082952e-05,8999,,1.2490392923355103,,2.119868755340576,,0.3269430994987488,,0.1476822793483734
,5440.0,3,9.346206934424117e-05,9049,,1.1097866296768188,,2.2114901542663574,,0.32764434814453125,,0.14805534482002258
,5452.0,3,9.340689575765282e-05,9099,,0.6170163750648499,,1.8564341068267822,,0.3283073306083679,,0.14843899011611938
,5532.0,3,9.335172217106447e-05,9149,,1.058883786201477,,2.271850109100342,,0.32897138595581055,,0.14885032176971436
,5508.0,3,9.329654858447611e-05,9199,,1.1313834190368652,,2.4756805896759033,,0.3296656906604767,,0.14924295246601105
,5488.0,3,9.324138227384537e-05,9249,,1.2843058109283447,,1.430977463722229,,0.3303599953651428,,0.14964422583580017
,5540.0,3,9.318620868725702e-05,9299,,1.1578789949417114,,1.8417359590530396,,0.3310326635837555,,0.14999797940254211
,5428.0,3,9.313103510066867e-05,9349,,1.1727778911590576,,2.0185184478759766,,0.3317299783229828,,0.1503806710243225
,5300.0,3,9.307586151408032e-05,9399,,1.2720696926116943,,2.176783561706543,,0.33240026235580444,,0.15076270699501038
,5452.0,3,9.302068792749196e-05,9449,,0.8713165521621704,,1.9283796548843384,,0.3331202268600464,,0.1511559933423996
,5452.0,3,9.296551434090361e-05,9499,,0.9373297691345215,,2.0656819343566895,,0.33381184935569763,,0.1515270471572876
,5392.0,3,9.291034803027287e-05,9549,,1.4105184078216553,,2.012753486633301,,0.3344770073890686,,0.15188166499137878
,5424.0,3,9.285517444368452e-05,9599,,0.9090880155563354,,1.9870643615722656,,0.33510252833366394,,0.1521996259689331
,5532.0,3,9.280000085709617e-05,9649,,0.7741596102714539,,1.6121509075164795,,0.33572715520858765,,0.15252681076526642
,5464.0,3,9.274482727050781e-05,9699,,1.2039705514907837,,2.0852065086364746,,0.3364066779613495,,0.152842178940773
,5516.0,3,9.268965368391946e-05,9749,,0.8606924414634705,,1.8662115335464478,,0.33704715967178345,,0.15316404402256012
,5540.0,3,9.26344800973311e-05,9799,,1.0027719736099243,,2.2120213508605957,,0.337706983089447,,0.15351812541484833
,5344.0,3,9.257931378670037e-05,9849,,1.108489990234375,,1.9413237571716309,,0.3383634090423584,,0.15384617447853088
,5436.0,3,9.252414020011202e-05,9899,,0.606239914894104,,2.0113375186920166,,0.33897295594215393,,0.15418103337287903
,5356.0,3,9.246896661352366e-05,9949,,1.1199634075164795,,2.053502082824707,,0.33961623907089233,,0.15451952815055847
,5420.0,3,9.241379302693531e-05,9999,,0.9415109157562256,,2.182278633117676,,0.3402530550956726,,0.15485994517803192
5465.4765625,,3,,10031,0.9615606069564819,,2.100724220275879,,0.3232450485229492,,0.14596949517726898,
,5464.0,4,9.235861944034696e-05,10049,,0.9663780927658081,,2.251643180847168,,0.3408583998680115,,0.15518724918365479
,5476.0,4,9.23034458537586e-05,10099,,0.8358743190765381,,2.1842129230499268,,0.34148624539375305,,0.1555207222700119
,5548.0,4,9.224827226717025e-05,10149,,0.9723173379898071,,2.354066848754883,,0.34211161732673645,,0.1559048444032669
,5500.0,4,9.219310595653951e-05,10199,,1.1554971933364868,,1.9365220069885254,,0.3427431881427765,,0.15626582503318787
,5348.0,4,9.213793236995116e-05,10249,,0.921207070350647,,2.0645060539245605,,0.3433738648891449,,0.1566341370344162
,5500.0,4,9.20827587833628e-05,10299,,1.0475231409072876,,1.8767918348312378,,0.3439967930316925,,0.15698359906673431
,5456.0,4,9.202758519677445e-05,10349,,1.1245450973510742,,2.113004207611084,,0.3446084260940552,,0.1573549062013626
,5488.0,4,9.19724116101861e-05,10399,,1.0644114017486572,,2.0715835094451904,,0.3452252447605133,,0.15769964456558228
,5468.0,4,9.191723802359775e-05,10449,,1.1405138969421387,,2.2032837867736816,,0.3458167612552643,,0.15802928805351257
,5384.0,4,9.186207171296701e-05,10499,,0.8531327843666077,,1.7639150619506836,,0.3464738130569458,,0.15842778980731964
,5372.0,4,9.180689812637866e-05,10549,,0.6943507194519043,,2.194539785385132,,0.3470773994922638,,0.15880444645881653
,5424.0,4,9.17517245397903e-05,10599,,0.9417333602905273,,2.3006324768066406,,0.34765005111694336,,0.15914687514305115
,5492.0,4,9.169655095320195e-05,10649,,1.0362811088562012,,2.0794031620025635,,0.34822630882263184,,0.1595088541507721
,5448.0,4,9.16413773666136e-05,10699,,1.2200990915298462,,1.559322476387024,,0.34884148836135864,,0.15983204543590546
,5396.0,4,9.158620378002524e-05,10749,,1.0480082035064697,,1.764725923538208,,0.34940439462661743,,0.1601375937461853
,5524.0,4,9.15310374693945e-05,10799,,0.7417659163475037,,2.0260400772094727,,0.3499760329723358,,0.160435289144516
,5448.0,4,9.147586388280615e-05,10849,,1.0037102699279785,,1.8094500303268433,,0.3505575358867645,,0.16078799962997437
,5488.0,4,9.14206902962178e-05,10899,,1.2878466844558716,,1.732189416885376,,0.35109585523605347,,0.16111931204795837
,5412.0,4,9.136551670962945e-05,10949,,1.0836741924285889,,2.225633144378662,,0.35165679454803467,,0.16143709421157837
,5520.0,4,9.13103431230411e-05,10999,,1.0970333814620972,,1.4030518531799316,,0.35222306847572327,,0.1617705374956131
,5324.0,4,9.125516953645274e-05,11049,,1.1930826902389526,,1.8055497407913208,,0.352827787399292,,0.16210874915122986
,5504.0,4,9.1200003225822e-05,11099,,0.8596588373184204,,1.8879046440124512,,0.3533594012260437,,0.16242459416389465
,5476.0,4,9.114482963923365e-05,11149,,0.86835116147995,,2.1328299045562744,,0.35390183329582214,,0.16273078322410583
,5464.0,4,9.10896560526453e-05,11199,,0.8460224866867065,,1.8694770336151123,,0.354472279548645,,0.163034588098526
,5404.0,4,9.103448246605694e-05,11249,,0.941223680973053,,2.2323994636535645,,0.3550345003604889,,0.1633651852607727
,5468.0,4,9.097930887946859e-05,11299,,1.00040864944458,,2.334381103515625,,0.35558390617370605,,0.1636871099472046
,5464.0,4,9.092413529288024e-05,11349,,0.6116952300071716,,2.118849515914917,,0.35610711574554443,,0.16398993134498596
,5448.0,4,9.08689689822495e-05,11399,,1.268721580505371,,1.9336638450622559,,0.35664722323417664,,0.16427187621593475
,5412.0,4,9.081379539566115e-05,11449,,0.9055895209312439,,2.1163277626037598,,0.35716602206230164,,0.16455963253974915
,5536.0,4,9.075862180907279e-05,11499,,1.1889995336532593,,1.9159353971481323,,0.3577142655849457,,0.16487380862236023
,5452.0,4,9.070344822248444e-05,11549,,1.2521663904190063,,1.9651148319244385,,0.35824429988861084,,0.16520971059799194
,5412.0,4,9.064827463589609e-05,11599,,1.1293883323669434,,2.0123658180236816,,0.3587907552719116,,0.16553832590579987
,5492.0,4,9.059310104930773e-05,11649,,1.0989582538604736,,1.8125170469284058,,0.35929471254348755,,0.1658410131931305
,5532.0,4,9.053792746271938e-05,11699,,1.7665284872055054,,1.8251663446426392,,0.35980045795440674,,0.16618281602859497
,5456.0,4,9.048276115208864e-05,11749,,1.0000520944595337,,1.9349020719528198,,0.3603150248527527,,0.1665116250514984
,5480.0,4,9.042758756550029e-05,11799,,1.4733728170394897,,1.872982144355774,,0.3607870638370514,,0.16683104634284973
,5372.0,4,9.037241397891194e-05,11849,,0.8339358568191528,,1.9558515548706055,,0.3612774908542633,,0.1671406477689743
,5456.0,4,9.031724039232358e-05,11899,,1.0699334144592285,,1.8552649021148682,,0.3617820143699646,,0.16747741401195526
,5444.0,4,9.026206680573523e-05,11949,,1.3087921142578125,,1.9828176498413086,,0.36230412125587463,,0.1677907556295395
,5424.0,4,9.020689321914688e-05,11999,,1.0247900485992432,,2.0230467319488525,,0.36280104517936707,,0.16810020804405212
,5568.0,4,9.015172690851614e-05,12049,,0.9896267056465149,,1.7273257970809937,,0.3632779121398926,,0.16840830445289612
,5600.0,4,9.009655332192779e-05,12099,,0.5143664479255676,,1.969918131828308,,0.3637447953224182,,0.16871045529842377
,5448.0,4,9.004137973533943e-05,12149,,1.1031367778778076,,1.858431339263916,,0.36421269178390503,,0.16903704404830933
,5464.0,4,8.998620614875108e-05,12199,,1.4986131191253662,,2.003033399581909,,0.36472252011299133,,0.16935019195079803
,5520.0,4,8.993103256216273e-05,12249,,1.5031936168670654,,1.5716228485107422,,0.36521875858306885,,0.16966629028320312
,5580.0,4,8.987585897557437e-05,12299,,1.053615927696228,,1.9824827909469604,,0.3657144010066986,,0.16993480920791626
,5384.0,4,8.982069266494364e-05,12349,,1.1664937734603882,,2.2661828994750977,,0.3661987781524658,,0.17022553086280823
,5468.0,4,8.976551907835528e-05,12399,,0.8431764245033264,,1.6368329524993896,,0.36668768525123596,,0.1705213487148285
,5416.0,4,8.971034549176693e-05,12449,,1.1044113636016846,,1.924038052558899,,0.36717689037323,,0.17082862555980682
,5396.0,4,8.965517190517858e-05,12499,,1.4444525241851807,,1.741858720779419,,0.36768868565559387,,0.1710963249206543
5460.19580078125,,4,,12539,1.1046009063720703,,1.9381693601608276,,0.35505807399749756,,0.16348695755004883,
,5444.0,5,8.959999831859022e-05,12549,,1.378041386604309,,1.897835373878479,,0.36819860339164734,,0.17141148447990417
,5536.0,5,8.954482473200187e-05,12599,,1.1814930438995361,,1.6523820161819458,,0.3687044084072113,,0.1717088222503662
,5532.0,5,8.948965842137113e-05,12649,,1.612900733947754,,1.707616925239563,,0.3691875636577606,,0.17203202843666077
,5408.0,5,8.943448483478278e-05,12699,,1.1827030181884766,,1.9078664779663086,,0.36968994140625,,0.17230919003486633
,5536.0,5,8.937931124819443e-05,12749,,1.9870644807815552,,1.7447493076324463,,0.3701484203338623,,0.17262700200080872
,5468.0,5,8.932413766160607e-05,12799,,1.1866767406463623,,1.7444301843643188,,0.370594322681427,,0.17294040322303772
,5408.0,5,8.926896407501772e-05,12849,,0.928520679473877,,1.6713320016860962,,0.371074378490448,,0.17322950065135956
,5436.0,5,8.921379048842937e-05,12899,,1.2534617185592651,,1.7470766305923462,,0.3715379238128662,,0.17352624237537384
,5484.0,5,8.915862417779863e-05,12949,,1.237659215927124,,1.8720625638961792,,0.37199968099594116,,0.17385736107826233
,5472.0,5,8.910345059121028e-05,12999,,1.3154047727584839,,1.9184867143630981,,0.37245750427246094,,0.17417272925376892
,5388.0,5,8.904827700462192e-05,13049,,1.5205986499786377,,1.7769548892974854,,0.3729206919670105,,0.17451217770576477
,5440.0,5,8.899310341803357e-05,13099,,0.730794370174408,,2.1551480293273926,,0.3733668029308319,,0.17480795085430145
,5412.0,5,8.893792983144522e-05,13149,,0.9858540296554565,,1.7989674806594849,,0.37384235858917236,,0.17511117458343506
,5548.0,5,8.888275624485686e-05,13199,,1.0264390707015991,,1.3362147808074951,,0.37429624795913696,,0.17541423439979553
,5448.0,5,8.882758265826851e-05,13249,,1.324791431427002,,2.008885145187378,,0.37476009130477905,,0.17571666836738586
,5380.0,5,8.877241634763777e-05,13299,,1.2656456232070923,,1.8847544193267822,,0.37521877884864807,,0.1759895235300064
,5420.0,5,8.871724276104942e-05,13349,,1.1889464855194092,,1.9371153116226196,,0.37565669417381287,,0.1762607991695404
,5404.0,5,8.866206917446107e-05,13399,,1.2369248867034912,,1.5577961206436157,,0.3761081397533417,,0.1765555739402771
,5488.0,5,8.860689558787271e-05,13449,,1.2635010480880737,,2.0224626064300537,,0.37655770778656006,,0.1768324077129364
,5480.0,5,8.855172200128436e-05,13499,,0.9346275925636292,,1.6675851345062256,,0.37702035903930664,,0.17711316049098969
,5528.0,5,8.849654841469601e-05,13549,,1.7037235498428345,,1.691166639328003,,0.37744730710983276,,0.1773805469274521
,5436.0,5,8.844138210406527e-05,13599,,1.2001718282699585,,1.7899388074874878,,0.37789952754974365,,0.17768536508083344
,5432.0,5,8.838620851747692e-05,13649,,1.1062259674072266,,2.0550732612609863,,0.3783043622970581,,0.1779448240995407
,5484.0,5,8.833103493088856e-05,13699,,1.2560265064239502,,1.6091177463531494,,0.37874871492385864,,0.17821770906448364
,5492.0,5,8.827586134430021e-05,13749,,1.3077590465545654,,1.794313669204712,,0.37918657064437866,,0.17851349711418152
,5524.0,5,8.822068775771186e-05,13799,,1.2940025329589844,,1.7436859607696533,,0.3795953094959259,,0.17883233726024628
,5520.0,5,8.81655141711235e-05,13849,,1.1198903322219849,,1.7219692468643188,,0.380038321018219,,0.17910799384117126
,5376.0,5,8.811034786049277e-05,13899,,0.905139148235321,,1.6124944686889648,,0.3804440200328827,,0.179398313164711
,5416.0,5,8.805517427390441e-05,13949,,1.4806400537490845,,1.8025786876678467,,0.3808695077896118,,0.17970219254493713
,5532.0,5,8.800000068731606e-05,13999,,1.1889464855194092,,1.9601260423660278,,0.38127174973487854,,0.17998524010181427
,5520.0,5,8.794482710072771e-05,14049,,1.4644314050674438,,2.002091407775879,,0.38169312477111816,,0.1802532970905304
,5428.0,5,8.788965351413935e-05,14099,,1.2890620231628418,,1.7411035299301147,,0.3820955157279968,,0.18056222796440125
,5388.0,5,8.7834479927551e-05,14149,,1.615843415260315,,2.1361610889434814,,0.38246238231658936,,0.18083330988883972
,5392.0,5,8.777931361692026e-05,14199,,1.0707391500473022,,1.5215158462524414,,0.38287103176116943,,0.18112027645111084
,5488.0,5,8.772414003033191e-05,14249,,1.4740707874298096,,1.7993630170822144,,0.38325077295303345,,0.18137384951114655
,5368.0,5,8.766896644374356e-05,14299,,1.4249359369277954,,2.0038115978240967,,0.3836531937122345,,0.18162807822227478
,5460.0,5,8.76137928571552e-05,14349,,1.2829402685165405,,1.4966212511062622,,0.3840422034263611,,0.18186217546463013
,5468.0,5,8.755861927056685e-05,14399,,1.0309890508651733,,2.0994510650634766,,0.38444334268569946,,0.18214362859725952
,5460.0,5,8.75034456839785e-05,14449,,0.9508659839630127,,1.6117295026779175,,0.3848302960395813,,0.18240834772586823
,5464.0,5,8.744827937334776e-05,14499,,1.4316327571868896,,1.6547776460647583,,0.38521265983581543,,0.18267188966274261
,5508.0,5,8.73931057867594e-05,14549,,0.9366000890731812,,2.0555267333984375,,0.3855842351913452,,0.18294665217399597
,5444.0,5,8.733793220017105e-05,14599,,1.2249038219451904,,1.7657101154327393,,0.3859666585922241,,0.18321791291236877
,5440.0,5,8.72827586135827e-05,14649,,1.5236759185791016,,1.980770230293274,,0.3863552212715149,,0.18347713351249695
,5476.0,5,8.722758502699435e-05,14699,,0.9151405096054077,,1.6640639305114746,,0.3867329955101013,,0.18374879658222198
,5560.0,5,8.7172411440406e-05,14749,,1.2117866277694702,,1.7067278623580933,,0.3871270716190338,,0.1840304732322693
,5520.0,5,8.711723785381764e-05,14799,,1.5068038702011108,,1.8524821996688843,,0.38749563694000244,,0.1842944175004959
,5484.0,5,8.70620715431869e-05,14849,,2.001631259918213,,1.80843186378479,,0.3878942131996155,,0.1845676749944687
,5448.0,5,8.700689795659855e-05,14899,,1.4398103952407837,,1.6360052824020386,,0.3882887363433838,,0.18482095003128052
,5356.0,5,8.69517243700102e-05,14949,,0.9680944085121155,,2.074190616607666,,0.3886726498603821,,0.1850467324256897
,5432.0,5,8.689655078342184e-05,14999,,1.4380453824996948,,1.9287811517715454,,0.3890446126461029,,0.1852833777666092
5461.58740234375,,5,,15047,1.2843745946884155,,1.8278298377990723,,0.37926962971687317,,0.1786971241235733,
,5504.0,6,8.684137719683349e-05,15049,,1.274423360824585,,1.9318097829818726,,0.3894277811050415,,0.18550799787044525
,5396.0,6,8.678620361024514e-05,15099,,1.3602691888809204,,1.7622021436691284,,0.3898122310638428,,0.1857852339744568
,5448.0,6,8.67310372996144e-05,15149,,1.0588136911392212,,2.0320565700531006,,0.39019614458084106,,0.18606208264827728
,5456.0,6,8.667586371302605e-05,15199,,1.191317081451416,,1.7798124551773071,,0.39058488607406616,,0.18636372685432434
,5484.0,6,8.66206901264377e-05,15249,,1.5925416946411133,,1.3679906129837036,,0.3909568190574646,,0.18663236498832703
,5492.0,6,8.656551653984934e-05,15299,,1.5105541944503784,,1.62535560131073,,0.39136359095573425,,0.1869020015001297
,5460.0,6,8.651034295326099e-05,15349,,1.7532849311828613,,1.5577994585037231,,0.39174365997314453,,0.1871330738067627
,5480.0,6,8.645516936667264e-05,15399,,1.849397897720337,,1.673040509223938,,0.39213088154792786,,0.18738962709903717
,5472.0,6,8.64000030560419e-05,15449,,1.5262452363967896,,1.9822030067443848,,0.3925010859966278,,0.1876431405544281
,5448.0,6,8.634482946945354e-05,15499,,1.3470162153244019,,1.3600282669067383,,0.392875075340271,,0.18789900839328766
,5504.0,6,8.628965588286519e-05,15549,,1.4257957935333252,,1.935389757156372,,0.39324209094047546,,0.18816745281219482
,5456.0,6,8.623448229627684e-05,15599,,2.203181743621826,,1.6363884210586548,,0.3936135768890381,,0.1884194016456604
,5516.0,6,8.617930870968848e-05,15649,,1.3743975162506104,,1.8953843116760254,,0.39398491382598877,,0.18868055939674377
,5496.0,6,8.612413512310013e-05,15699,,1.7277753353118896,,1.9448062181472778,,0.39434313774108887,,0.1889600157737732
,5536.0,6,8.606896881246939e-05,15749,,0.7831494808197021,,1.8618505001068115,,0.39468270540237427,,0.1892090141773224
,5476.0,6,8.601379522588104e-05,15799,,1.3767194747924805,,1.8937721252441406,,0.3950413167476654,,0.18946197628974915
,5460.0,6,8.595862163929269e-05,15849,,1.728229284286499,,1.5971934795379639,,0.39541202783584595,,0.18971362709999084
,5440.0,6,8.590344805270433e-05,15899,,1.4729993343353271,,1.7762304544448853,,0.39577236771583557,,0.18995897471904755
,5468.0,6,8.584827446611598e-05,15949,,2.012521743774414,,1.7205737829208374,,0.3961270749568939,,0.19018912315368652
,5440.0,6,8.579310087952763e-05,15999,,0.806853711605072,,1.6364341974258423,,0.3964823782444,,0.19042381644248962
,5456.0,6,8.573793456889689e-05,16049,,1.2960127592086792,,1.9803386926651,,0.396808922290802,,0.19065770506858826
,5604.0,6,8.568276098230854e-05,16099,,1.5240075588226318,,1.7178955078125,,0.39717185497283936,,0.19089588522911072
,5468.0,6,8.562758739572018e-05,16149,,1.1873315572738647,,1.3738726377487183,,0.3975181579589844,,0.19114969670772552
,5508.0,6,8.557241380913183e-05,16199,,1.4193886518478394,,2.006868839263916,,0.3978618383407593,,0.19137896597385406
,5400.0,6,8.551724022254348e-05,16249,,1.5525556802749634,,1.6582951545715332,,0.39821669459342957,,0.19161468744277954
,5464.0,6,8.546206663595513e-05,16299,,1.096422791481018,,1.838233232498169,,0.3985576033592224,,0.19183754920959473
,5412.0,6,8.540689304936677e-05,16349,,1.4759306907653809,,1.7155662775039673,,0.3988816440105438,,0.19209402799606323
,5340.0,6,8.535172673873603e-05,16399,,1.2386325597763062,,1.9149622917175293,,0.39921268820762634,,0.19231390953063965
,5360.0,6,8.529655315214768e-05,16449,,1.3023045063018799,,1.8981422185897827,,0.3995536267757416,,0.1925181746482849
,5524.0,6,8.524137956555933e-05,16499,,1.759194254875183,,1.8793737888336182,,0.3999113142490387,,0.19274629652500153
,5528.0,6,8.518620597897097e-05,16549,,1.5171407461166382,,2.037522792816162,,0.40021586418151855,,0.19298335909843445
,5484.0,6,8.513103239238262e-05,16599,,1.3676538467407227,,1.3745074272155762,,0.4005512595176697,,0.1932329386472702
,5516.0,6,8.507585880579427e-05,16649,,1.358672022819519,,1.8591543436050415,,0.4008807837963104,,0.1934491991996765
,5500.0,6,8.502069249516353e-05,16699,,1.826933741569519,,1.5500884056091309,,0.40119966864585876,,0.19367428123950958
,5520.0,6,8.496551890857518e-05,16749,,1.5905859470367432,,1.6073286533355713,,0.4015265703201294,,0.19389554858207703
,5484.0,6,8.491034532198682e-05,16799,,1.4472160339355469,,1.602307677268982,,0.4018445909023285,,0.1941075176000595
,5496.0,6,8.485517173539847e-05,16849,,1.636334776878357,,1.4296401739120483,,0.4021443724632263,,0.19431741535663605
,5496.0,6,8.479999814881012e-05,16899,,1.5757482051849365,,1.8388628959655762,,0.4024523198604584,,0.19452720880508423
,5416.0,6,8.474482456222177e-05,16949,,1.614575982093811,,1.4652178287506104,,0.40277835726737976,,0.19474653899669647
,5452.0,6,8.468965825159103e-05,16999,,1.4412447214126587,,1.1146987676620483,,0.403121680021286,,0.19499266147613525
,5468.0,6,8.463448466500267e-05,17049,,1.3559291362762451,,1.6256657838821411,,0.40344977378845215,,0.19521310925483704
,5476.0,6,8.457931107841432e-05,17099,,1.606547474861145,,1.7379670143127441,,0.4037686884403229,,0.1954403817653656
,5484.0,6,8.452413749182597e-05,17149,,1.4497791528701782,,1.863740086555481,,0.40408092737197876,,0.1956314891576767
,5484.0,6,8.446896390523762e-05,17199,,1.1406980752944946,,1.9913898706436157,,0.4043924808502197,,0.19584333896636963
,5460.0,6,8.441379031864926e-05,17249,,1.5373739004135132,,1.8862791061401367,,0.40471670031547546,,0.19607339799404144
,5496.0,6,8.435862400801852e-05,17299,,1.5191947221755981,,1.7843424081802368,,0.40500420331954956,,0.19628283381462097
,5516.0,6,8.430345042143017e-05,17349,,1.9805744886398315,,1.7614492177963257,,0.40530896186828613,,0.19648699462413788
,5448.0,6,8.424827683484182e-05,17399,,1.501646637916565,,1.6032016277313232,,0.4056398868560791,,0.19671759009361267
,5360.0,6,8.419310324825346e-05,17449,,1.4236401319503784,,1.560433030128479,,0.40596839785575867,,0.1969372183084488
,5468.0,6,8.413792966166511e-05,17499,,1.449116587638855,,1.8077270984649658,,0.40628451108932495,,0.1971685290336609
,5444.0,6,8.408275607507676e-05,17549,,1.9105889797210693,,1.6522002220153809,,0.40659675002098083,,0.19740039110183716
5463.76953125,,6,,17555,1.5283336639404297,,1.7438009977340698,,0.3983844518661499,,0.19172337651252747,
,5464.0,7,8.402758976444602e-05,17599,,1.6039841175079346,,1.6104151010513306,,0.4069499671459198,,0.19761288166046143
,5408.0,7,8.397241617785767e-05,17649,,1.6728854179382324,,2.0366084575653076,,0.4072607457637787,,0.19782200455665588
,5400.0,7,8.391724259126931e-05,17699,,2.309659004211426,,1.2371152639389038,,0.4075751006603241,,0.19801956415176392
,5464.0,7,8.386206900468096e-05,17749,,2.027143955230713,,1.6522090435028076,,0.4078962206840515,,0.19824829697608948
,5464.0,7,8.380689541809261e-05,17799,,1.887778878211975,,1.9232279062271118,,0.4082062840461731,,0.19846639037132263
,5468.0,7,8.375172183150426e-05,17849,,1.5976403951644897,,1.5465337038040161,,0.40852096676826477,,0.1987008899450302
,5500.0,7,8.36965482449159e-05,17899,,1.9303216934204102,,1.8617594242095947,,0.4088296592235565,,0.1989269256591797
,5464.0,7,8.364138193428516e-05,17949,,2.193016767501831,,1.6947722434997559,,0.4091457426548004,,0.1991298496723175
,5456.0,7,8.358620834769681e-05,17999,,2.067687749862671,,1.6391187906265259,,0.4094275236129761,,0.1993362307548523
,5428.0,7,8.353103476110846e-05,18049,,1.8744279146194458,,1.6216741800308228,,0.4097331464290619,,0.1995578110218048
,5452.0,7,8.34758611745201e-05,18099,,2.4568283557891846,,1.3728681802749634,,0.4100269079208374,,0.19976453483104706
,5512.0,7,8.342068758793175e-05,18149,,0.8996758460998535,,1.4861929416656494,,0.41031062602996826,,0.19997724890708923
,5516.0,7,8.33655140013434e-05,18199,,1.7177746295928955,,1.6672213077545166,,0.4105941653251648,,0.2001757025718689
,5336.0,7,8.331034769071266e-05,18249,,1.617141842842102,,1.6060073375701904,,0.4109054207801819,,0.20038893818855286
,5420.0,7,8.325517410412431e-05,18299,,1.7652686834335327,,1.6149992942810059,,0.4112008512020111,,0.20059408247470856
,5472.0,7,8.320000051753595e-05,18349,,2.055075168609619,,1.591904640197754,,0.41148126125335693,,0.2007931023836136
,5508.0,7,8.31448269309476e-05,18399,,1.854087233543396,,1.6193974018096924,,0.411774218082428,,0.20103277266025543
,5432.0,7,8.308965334435925e-05,18449,,2.033104419708252,,1.8272974491119385,,0.4120263457298279,,0.2012394219636917
,5492.0,7,8.30344797577709e-05,18499,,1.8762917518615723,,1.79664146900177,,0.41232338547706604,,0.20145978033542633
,5456.0,7,8.297931344714016e-05,18549,,2.097539186477661,,1.3637433052062988,,0.4125863313674927,,0.20165865123271942
,5452.0,7,8.29241398605518e-05,18599,,1.4696311950683594,,1.7098454236984253,,0.412872314453125,,0.20188136398792267
,5420.0,7,8.286896627396345e-05,18649,,1.3614637851715088,,1.8767600059509277,,0.4131757915019989,,0.20209309458732605
,5436.0,7,8.28137926873751e-05,18699,,1.8380787372589111,,1.9641903638839722,,0.4134863615036011,,0.202283576130867
,5412.0,7,8.275861910078675e-05,18749,,1.3311645984649658,,1.7795369625091553,,0.41376185417175293,,0.20247671008110046
,5460.0,7,8.270344551419839e-05,18799,,1.486572504043579,,2.090968370437622,,0.4140377938747406,,0.2026776671409607
,5460.0,7,8.264827920356765e-05,18849,,1.5826419591903687,,2.0188539028167725,,0.414308100938797,,0.20288227498531342
,5492.0,7,8.25931056169793e-05,18899,,1.6348259449005127,,1.2045327425003052,,0.4145873188972473,,0.2030908316373825
,5508.0,7,8.253793203039095e-05,18949,,1.86927330493927,,1.5388365983963013,,0.4148709774017334,,0.20330028235912323
,5412.0,7,8.24827584438026e-05,18999,,1.6202757358551025,,1.9034885168075562,,0.4151560962200165,,0.20348334312438965
,5452.0,7,8.242758485721424e-05,19049,,1.9580192565917969,,1.3439888954162598,,0.415419340133667,,0.20367738604545593
,5452.0,7,8.237241127062589e-05,19099,,1.7984585762023926,,1.9233578443527222,,0.41570448875427246,,0.20388242602348328
,5584.0,7,8.231724495999515e-05,19149,,2.486232280731201,,1.1688380241394043,,0.4159694015979767,,0.20406784117221832
,5464.0,7,8.22620713734068e-05,19199,,1.7848567962646484,,1.5504542589187622,,0.4162321090698242,,0.20425602793693542
,5468.0,7,8.220689778681844e-05,19249,,1.2748429775238037,,1.49061918258667,,0.41651150584220886,,0.20443254709243774
,5484.0,7,8.215172420023009e-05,19299,,2.245520830154419,,1.0590343475341797,,0.416789710521698,,0.20461738109588623
,5496.0,7,8.209655061364174e-05,19349,,2.0948781967163086,,1.6433302164077759,,0.4170584976673126,,0.20482534170150757
,5404.0,7,8.204137702705339e-05,19399,,1.5852270126342773,,1.5303375720977783,,0.41731175780296326,,0.20505015552043915
,5484.0,7,8.198620344046503e-05,19449,,1.5254790782928467,,1.7843918800354004,,0.4175785779953003,,0.20523828268051147
,5440.0,7,8.19310371298343e-05,19499,,1.592853307723999,,1.9090373516082764,,0.4178317189216614,,0.20543551445007324
,5468.0,7,8.187586354324594e-05,19549,,1.888547420501709,,1.6325465440750122,,0.4181135296821594,,0.20563670992851257
,5500.0,7,8.182068995665759e-05,19599,,1.6223621368408203,,1.4580951929092407,,0.41838398575782776,,0.2058420479297638
,5332.0,7,8.176551637006924e-05,19649,,1.6780593395233154,,2.0550742149353027,,0.41864651441574097,,0.20601531863212585
,5492.0,7,8.171034278348088e-05,19699,,1.7474321126937866,,1.429225206375122,,0.4189227521419525,,0.2062283456325531
,5356.0,7,8.165516919689253e-05,19749,,2.6920711994171143,,1.6149358749389648,,0.41918668150901794,,0.2064240276813507
,5368.0,7,8.160000288626179e-05,19799,,1.8224650621414185,,1.746159553527832,,0.4194578528404236,,0.20659206807613373
,5452.0,7,8.154482929967344e-05,19849,,2.0888476371765137,,1.3712152242660522,,0.41971737146377563,,0.20680361986160278
,5540.0,7,8.148965571308509e-05,19899,,1.6870794296264648,,1.6511077880859375,,0.42000073194503784,,0.2069907784461975
,5512.0,7,8.143448212649673e-05,19949,,1.8805944919586182,,1.9435290098190308,,0.4202398657798767,,0.2071770578622818
,5380.0,7,8.137930853990838e-05,19999,,2.3903801441192627,,1.2985422611236572,,0.4205073416233063,,0.20738667249679565
,5484.0,7,8.132413495332003e-05,20049,,2.178983211517334,,1.8693207502365112,,0.4207566976547241,,0.2075505554676056
5461.90087890625,,7,,20063,1.788425326347351,,1.6969435214996338,,0.413994699716568,,0.2026500403881073,
,5420.0,8,8.126896864268929e-05,20099,,2.412993907928467,,1.6362311840057373,,0.4210255444049835,,0.207723468542099
,5532.0,8,8.121379505610093e-05,20149,,3.1118271350860596,,1.5995513200759888,,0.42128944396972656,,0.20792199671268463
,5492.0,8,8.115862146951258e-05,20199,,1.909885287284851,,1.503859043121338,,0.42155879735946655,,0.20810863375663757
,5492.0,8,8.110344788292423e-05,20249,,1.5309478044509888,,2.0980491638183594,,0.4218181371688843,,0.20829373598098755
,5416.0,8,8.104827429633588e-05,20299,,1.5929545164108276,,2.003710985183716,,0.4220926761627197,,0.2084689438343048
,5380.0,8,8.099310070974752e-05,20349,,1.6987411975860596,,1.914952039718628,,0.42235395312309265,,0.208663210272789
,5464.0,8,8.093793439911678e-05,20399,,1.199218988418579,,2.0013935565948486,,0.422600656747818,,0.20884376764297485
,5532.0,8,8.088276081252843e-05,20449,,2.1741247177124023,,1.34691321849823,,0.4228537678718567,,0.2090134471654892
,5328.0,8,8.082758722594008e-05,20499,,1.6170194149017334,,1.470913290977478,,0.42311418056488037,,0.2091899961233139
,5448.0,8,8.077241363935173e-05,20549,,1.9525805711746216,,1.660197377204895,,0.42338094115257263,,0.2093713879585266
,5540.0,8,8.071724005276337e-05,20599,,1.9217694997787476,,1.7526156902313232,,0.4236481785774231,,0.20954079926013947
,5472.0,8,8.066206646617502e-05,20649,,2.2091429233551025,,1.511642575263977,,0.4238685965538025,,0.2097090482711792
,5456.0,8,8.060690015554428e-05,20699,,2.112222194671631,,1.6523020267486572,,0.42411547899246216,,0.20988883078098297
,5560.0,8,8.055172656895593e-05,20749,,1.9737757444381714,,1.925157904624939,,0.4243454039096832,,0.2100713849067688
,5500.0,8,8.049655298236758e-05,20799,,1.9023691415786743,,1.610877513885498,,0.42459380626678467,,0.21024514734745026
,5468.0,8,8.044137939577922e-05,20849,,1.930304765701294,,1.4988912343978882,,0.4248427748680115,,0.21041379868984222
,5488.0,8,8.038620580919087e-05,20899,,2.0868163108825684,,1.8966480493545532,,0.42506465315818787,,0.21058891713619232
,5456.0,8,8.033103222260252e-05,20949,,2.09389328956604,,1.4929291009902954,,0.42531710863113403,,0.21075470745563507
,5516.0,8,8.027585863601416e-05,20999,,1.9538325071334839,,1.3457585573196411,,0.4255474805831909,,0.21092277765274048
,5360.0,8,8.022069232538342e-05,21049,,1.8771525621414185,,1.7870458364486694,,0.42577841877937317,,0.21109214425086975
,5524.0,8,8.016551873879507e-05,21099,,1.983616590499878,,1.8316346406936646,,0.4260347783565521,,0.211287260055542
,5408.0,8,8.011034515220672e-05,21149,,2.5616188049316406,,1.4475147724151611,,0.42625755071640015,,0.21145635843276978
,5420.0,8,8.005517156561837e-05,21199,,2.3128035068511963,,2.0388553142547607,,0.426487535238266,,0.2116435468196869
,5484.0,8,7.999999797903001e-05,21249,,2.0434298515319824,,1.5832419395446777,,0.4267407953739166,,0.21182823181152344
,5448.0,8,7.994482439244166e-05,21299,,1.895971655845642,,1.343576192855835,,0.4269939661026001,,0.21200859546661377
,5444.0,8,7.988965808181092e-05,21349,,1.9871302843093872,,1.4590469598770142,,0.4272352159023285,,0.21218152344226837
,5436.0,8,7.983448449522257e-05,21399,,1.802214503288269,,1.8320661783218384,,0.42745763063430786,,0.21237298846244812
,5492.0,8,7.977931090863422e-05,21449,,2.4100494384765625,,1.5307142734527588,,0.42767786979675293,,0.21254059672355652
,5488.0,8,7.972413732204586e-05,21499,,2.013336420059204,,1.6122428178787231,,0.4279242157936096,,0.21270403265953064
,5432.0,8,7.966896373545751e-05,21549,,2.2264461517333984,,1.7007898092269897,,0.42815351486206055,,0.21287822723388672
,5560.0,8,7.961379014886916e-05,21599,,2.0204763412475586,,1.5594831705093384,,0.4283863306045532,,0.2130601704120636
,5520.0,8,7.955862383823842e-05,21649,,2.454202175140381,,1.5814120769500732,,0.42859649658203125,,0.21324682235717773
,5576.0,8,7.950345025165007e-05,21699,,1.6291725635528564,,1.8037101030349731,,0.42883428931236267,,0.21342872083187103
,5440.0,8,7.944827666506171e-05,21749,,2.508140802383423,,1.3994992971420288,,0.42906707525253296,,0.2136053740978241
,5400.0,8,7.939310307847336e-05,21799,,1.6156355142593384,,1.6332625150680542,,0.4292834401130676,,0.2137654572725296
,5508.0,8,7.9337929491885e-05,21849,,1.9466277360916138,,1.761736273765564,,0.42951157689094543,,0.2139362394809723
,5428.0,8,7.928275590529665e-05,21899,,2.4693233966827393,,1.204122543334961,,0.4297477900981903,,0.21410809457302094
,5552.0,8,7.922758959466591e-05,21949,,2.456181526184082,,1.4320613145828247,,0.4299888610839844,,0.21427099406719208
,5556.0,8,7.917241600807756e-05,21999,,2.124180555343628,,1.44648015499115,,0.4302223026752472,,0.21443192660808563
,5476.0,8,7.911724242148921e-05,22049,,2.663428544998169,,1.3282239437103271,,0.43044957518577576,,0.21461324393749237
,5524.0,8,7.906206883490086e-05,22099,,1.893387794494629,,1.6555211544036865,,0.43068528175354004,,0.21478620171546936
,5464.0,8,7.90068952483125e-05,22149,,1.9897135496139526,,1.6499392986297607,,0.4309142529964447,,0.21495288610458374
,5436.0,8,7.895172166172415e-05,22199,,1.925675868988037,,1.959530234336853,,0.43112924695014954,,0.21511471271514893
,5480.0,8,7.889655535109341e-05,22249,,1.8585944175720215,,1.8399701118469238,,0.43135446310043335,,0.2152860164642334
,5436.0,8,7.884138176450506e-05,22299,,2.6626381874084473,,1.35916268825531,,0.4315653443336487,,0.21544793248176575
,5428.0,8,7.87862081779167e-05,22349,,2.201566696166992,,1.242838740348816,,0.4318073093891144,,0.21561504900455475
,5524.0,8,7.873103459132835e-05,22399,,2.0836949348449707,,1.1323306560516357,,0.4320347309112549,,0.2157977819442749
,5572.0,8,7.867586100474e-05,22449,,2.4958460330963135,,1.7243685722351074,,0.43224817514419556,,0.21596649289131165
,5380.0,8,7.862068741815165e-05,22499,,2.1335320472717285,,1.6086249351501465,,0.43245506286621094,,0.21612048149108887
,5508.0,8,7.85655138315633e-05,22549,,1.8871952295303345,,1.770922064781189,,0.43268629908561707,,0.21629145741462708
5463.2021484375,,8,,22571,2.0493595600128174,,1.6463205814361572,,0.42700159549713135,,0.21205344796180725,
,5564.0,9,7.851034752093256e-05,22599,,2.107769250869751,,1.6455438137054443,,0.4328766465187073,,0.2164611518383026
,5516.0,9,7.84551739343442e-05,22649,,2.0781590938568115,,1.6763330698013306,,0.43309545516967773,,0.21664121747016907
,5456.0,9,7.840000034775585e-05,22699,,2.335413932800293,,1.351034164428711,,0.43331411480903625,,0.21680840849876404
,5468.0,9,7.83448267611675e-05,22749,,2.2202861309051514,,1.9808001518249512,,0.43352699279785156,,0.21696624159812927
,5444.0,9,7.828965317457914e-05,22799,,2.092573404312134,,1.5872156620025635,,0.43375492095947266,,0.21713392436504364
,5440.0,9,7.823447958799079e-05,22849,,2.0762205123901367,,1.6046158075332642,,0.43397048115730286,,0.21730846166610718
,5396.0,9,7.817931327736005e-05,22899,,2.5025875568389893,,1.7174533605575562,,0.43419352173805237,,0.2174730747938156
,5464.0,9,7.81241396907717e-05,22949,,1.883749008178711,,1.5011628866195679,,0.43439292907714844,,0.217626690864563
,5420.0,9,7.806896610418335e-05,22999,,2.151832103729248,,1.553493618965149,,0.43459025025367737,,0.21777519583702087
,5476.0,9,7.801379251759499e-05,23049,,1.8156088590621948,,1.7505959272384644,,0.4348043203353882,,0.21791581809520721
,5468.0,9,7.795861893100664e-05,23099,,2.4455509185791016,,1.2193728685379028,,0.435039222240448,,0.2180810421705246
,5416.0,9,7.790344534441829e-05,23149,,2.3699533939361572,,1.6514902114868164,,0.43525275588035583,,0.21824711561203003
,5396.0,9,7.784827903378755e-05,23199,,2.72245454788208,,1.4097872972488403,,0.43545857071876526,,0.21840529143810272
,5444.0,9,7.77931054471992e-05,23249,,2.2519125938415527,,1.9489061832427979,,0.4356710910797119,,0.2185649275779724
,5560.0,9,7.773793186061084e-05,23299,,2.177402973175049,,1.5791661739349365,,0.4358938932418823,,0.21871477365493774
,5464.0,9,7.768275827402249e-05,23349,,1.9545605182647705,,1.7084596157073975,,0.43611031770706177,,0.21887223422527313
,5424.0,9,7.762758468743414e-05,23399,,2.2619805335998535,,1.7268115282058716,,0.4363099932670593,,0.21903222799301147
,5432.0,9,7.757241110084578e-05,23449,,1.6568361520767212,,1.8069281578063965,,0.436500608921051,,0.21917816996574402
,5452.0,9,7.751724479021505e-05,23499,,1.7285284996032715,,1.8604408502578735,,0.43671587109565735,,0.21933674812316895
,5524.0,9,7.746207120362669e-05,23549,,2.402198076248169,,1.5721620321273804,,0.4369223713874817,,0.21950502693653107
,5336.0,9,7.740689761703834e-05,23599,,2.4499893188476562,,1.7751145362854004,,0.4371267259120941,,0.2196497917175293
,5412.0,9,7.735172403044999e-05,23649,,2.447017192840576,,1.445811152458191,,0.43733853101730347,,0.21980449557304382
,5456.0,9,7.729655044386163e-05,23699,,1.9921610355377197,,1.7139590978622437,,0.4375486969947815,,0.21995188295841217
,5476.0,9,7.724137685727328e-05,23749,,2.5398287773132324,,1.8340712785720825,,0.4377910792827606,,0.22011977434158325
,5460.0,9,7.718620327068493e-05,23799,,2.1692452430725098,,1.5193240642547607,,0.4379948377609253,,0.2202630341053009
,5456.0,9,7.713103696005419e-05,23849,,2.1727874279022217,,1.5306451320648193,,0.4381948709487915,,0.22042523324489594
,5496.0,9,7.707586337346584e-05,23899,,2.0012528896331787,,1.6190977096557617,,0.43839791417121887,,0.22057583928108215
,5468.0,9,7.702068978687748e-05,23949,,2.0969412326812744,,1.7146259546279907,,0.43859875202178955,,0.22071050107479095
,5444.0,9,7.696551620028913e-05,23999,,1.8594290018081665,,1.8944205045700073,,0.4388000965118408,,0.22087402641773224
,5436.0,9,7.691034261370078e-05,24049,,1.7747433185577393,,1.539429783821106,,0.43898895382881165,,0.22103004157543182
,5460.0,9,7.685516902711242e-05,24099,,2.170886754989624,,1.994400143623352,,0.4391973316669464,,0.22117790579795837
,5512.0,9,7.680000271648169e-05,24149,,2.7104344367980957,,1.3112547397613525,,0.4394058585166931,,0.22134138643741608
,5468.0,9,7.674482912989333e-05,24199,,2.2495458126068115,,1.826817512512207,,0.43960317969322205,,0.2214876413345337
,5428.0,9,7.668965554330498e-05,24249,,2.029815673828125,,1.2301623821258545,,0.4398041367530823,,0.22162258625030518
,5408.0,9,7.663448195671663e-05,24299,,2.149467945098877,,1.9295015335083008,,0.4400045573711395,,0.22175264358520508
,5404.0,9,7.657930837012827e-05,24349,,2.890493869781494,,1.65968656539917,,0.4402090311050415,,0.2218906581401825
,5436.0,9,7.652413478353992e-05,24399,,2.4213192462921143,,1.6124050617218018,,0.4404108226299286,,0.22203989326953888
,5424.0,9,7.646896847290918e-05,24449,,1.4050328731536865,,1.6405749320983887,,0.4405934512615204,,0.22219246625900269
,5396.0,9,7.641379488632083e-05,24499,,2.247518539428711,,1.757811427116394,,0.44078969955444336,,0.22234439849853516
,5520.0,9,7.635862129973248e-05,24549,,1.9000409841537476,,1.7283724546432495,,0.4409821629524231,,0.22247958183288574
,5484.0,9,7.630344771314412e-05,24599,,2.0520100593566895,,1.1164183616638184,,0.44116419553756714,,0.22262021899223328
,5512.0,9,7.624827412655577e-05,24649,,2.2863481044769287,,1.9378658533096313,,0.4413486421108246,,0.22274374961853027
,5464.0,9,7.619310053996742e-05,24699,,2.2230424880981445,,1.4168972969055176,,0.44153597950935364,,0.22290198504924774
,5412.0,9,7.613793422933668e-05,24749,,2.1160850524902344,,1.5065100193023682,,0.4417369067668915,,0.22304704785346985
,5428.0,9,7.608276064274833e-05,24799,,2.6453182697296143,,1.51798415184021,,0.4419381022453308,,0.223187655210495
,5460.0,9,7.602758705615997e-05,24849,,2.3513448238372803,,1.9961726665496826,,0.4421256184577942,,0.2233291119337082
,5504.0,9,7.597241346957162e-05,24899,,2.9945600032806396,,1.7190266847610474,,0.44230058789253235,,0.223485067486763
,5500.0,9,7.591723988298327e-05,24949,,2.219670295715332,,1.72092604637146,,0.4424871802330017,,0.22364665567874908
,5480.0,9,7.586206629639491e-05,24999,,2.5194475650787354,,1.2759040594100952,,0.4426603317260742,,0.22378626465797424
,5448.0,9,7.580689998576418e-05,25049,,1.8199959993362427,,1.5250205993652344,,0.4428420662879944,,0.22392165660858154
5464.3515625,,9,,25079,2.2542316913604736,,1.6186816692352295,,0.43802231550216675,,0.22029846906661987,
,5464.0,10,7.575172639917582e-05,25099,,2.7260258197784424,,1.3214489221572876,,0.4430145025253296,,0.22406639158725739
,5452.0,10,7.569655281258747e-05,25149,,2.184662103652954,,1.9711769819259644,,0.4432026445865631,,0.22421331703662872
,5476.0,10,7.564137922599912e-05,25199,,2.347134590148926,,1.6597185134887695,,0.44339311122894287,,0.22435550391674042
,5412.0,10,7.558620563941076e-05,25249,,1.9382785558700562,,1.5428372621536255,,0.4435770511627197,,0.2245093286037445
,5428.0,10,7.553103205282241e-05,25299,,2.0758516788482666,,1.8028899431228638,,0.44377633929252625,,0.2246667444705963
,5476.0,10,7.547585846623406e-05,25349,,1.9647072553634644,,1.6493505239486694,,0.4439717233181,,0.22480998933315277
,5436.0,10,7.542069215560332e-05,25399,,1.738400936126709,,1.325152039527893,,0.44416022300720215,,0.2249595671892166
,5448.0,10,7.536551856901497e-05,25449,,2.6288368701934814,,1.3206392526626587,,0.4443344473838806,,0.225093275308609
,5444.0,10,7.531034498242661e-05,25499,,2.4568636417388916,,1.4475208520889282,,0.444514662027359,,0.2252146303653717
,5516.0,10,7.525517139583826e-05,25549,,1.8506699800491333,,1.8648815155029297,,0.44468608498573303,,0.22535890340805054
,5436.0,10,7.519999780924991e-05,25599,,2.5328259468078613,,1.606139063835144,,0.4448712468147278,,0.22552061080932617
,5420.0,10,7.514482422266155e-05,25649,,2.421180486679077,,1.6673487424850464,,0.4450564980506897,,0.22564713656902313
,5480.0,10,7.508965791203082e-05,25699,,2.465928316116333,,1.5341285467147827,,0.4452521502971649,,0.22577627003192902
,5416.0,10,7.503448432544246e-05,25749,,2.1841652393341064,,1.7971616983413696,,0.4454266428947449,,0.22590689361095428
,5416.0,10,7.497931073885411e-05,25799,,2.5703001022338867,,1.7796969413757324,,0.4456045925617218,,0.22603727877140045
,5452.0,10,7.492413715226576e-05,25849,,2.8272716999053955,,1.8007659912109375,,0.44578179717063904,,0.22617067396640778
,5420.0,10,7.48689635656774e-05,25899,,3.0842926502227783,,1.4716463088989258,,0.44595372676849365,,0.2263176441192627
,5436.0,10,7.481378997908905e-05,25949,,2.5952422618865967,,1.4945932626724243,,0.44613489508628845,,0.2264518290758133
,5468.0,10,7.475862366845831e-05,25999,,2.188270330429077,,1.6590263843536377,,0.44631507992744446,,0.2265913188457489
,5396.0,10,7.470345008186996e-05,26049,,2.2831947803497314,,1.7463634014129639,,0.4464896619319916,,0.22671855986118317
,5412.0,10,7.464827649528161e-05,26099,,2.5435445308685303,,1.2558280229568481,,0.4466639757156372,,0.2268483191728592
,5472.0,10,7.459310290869325e-05,26149,,2.4275870323181152,,1.8776079416275024,,0.4468386173248291,,0.2269734889268875
,5480.0,10,7.45379293221049e-05,26199,,2.2077767848968506,,1.6742182970046997,,0.44701722264289856,,0.22710800170898438
,5440.0,10,7.448275573551655e-05,26249,,3.023390531539917,,1.0785897970199585,,0.44720545411109924,,0.22725272178649902
,5440.0,10,7.442758942488581e-05,26299,,2.8875091075897217,,1.5303691625595093,,0.4473830759525299,,0.22739045321941376
,5532.0,10,7.437241583829746e-05,26349,,2.401893138885498,,1.742968201637268,,0.44755542278289795,,0.22752295434474945
,5488.0,10,7.43172422517091e-05,26399,,2.072044610977173,,1.4413882493972778,,0.4477267265319824,,0.22763657569885254
,5460.0,10,7.426206866512075e-05,26449,,2.7010343074798584,,1.4872559309005737,,0.4479028880596161,,0.22775688767433167
,5464.0,10,7.42068950785324e-05,26499,,2.7752130031585693,,1.3722906112670898,,0.4480733275413513,,0.227883443236351
,5472.0,10,7.415172149194404e-05,26549,,3.5843427181243896,,1.6830508708953857,,0.4482335150241852,,0.22800692915916443
,5404.0,10,7.40965551813133e-05,26599,,2.08976149559021,,1.8568122386932373,,0.4484071433544159,,0.22812986373901367
,5504.0,10,7.404138159472495e-05,26649,,2.7806859016418457,,1.4582083225250244,,0.4485752582550049,,0.22824929654598236
,5448.0,10,7.39862080081366e-05,26699,,2.2087559700012207,,1.9478363990783691,,0.44875097274780273,,0.22836241126060486
,5488.0,10,7.393103442154825e-05,26749,,2.8262903690338135,,1.5708229541778564,,0.4489327371120453,,0.22848466038703918
,5492.0,10,7.38758608349599e-05,26799,,2.063052177429199,,1.8610286712646484,,0.44912272691726685,,0.22860288619995117
,5520.0,10,7.382068724837154e-05,26849,,2.4867377281188965,,2.0499494075775146,,0.4492926597595215,,0.2287258356809616
,5564.0,10,7.376551366178319e-05,26899,,2.4001657962799072,,1.6013144254684448,,0.44944632053375244,,0.22882673144340515
,5496.0,10,7.371034735115245e-05,26949,,2.7760472297668457,,1.411635160446167,,0.44961822032928467,,0.2289600819349289
,5440.0,10,7.36551737645641e-05,26999,,2.752457857131958,,1.5467778444290161,,0.44978073239326477,,0.22908435761928558
,5524.0,10,7.360000017797574e-05,27049,,2.906008243560791,,1.485554575920105,,0.4499589502811432,,0.22921527922153473
,5524.0,10,7.354482659138739e-05,27099,,3.5278475284576416,,1.4440526962280273,,0.4501309394836426,,0.22934240102767944
,5512.0,10,7.348965300479904e-05,27149,,2.356678009033203,,1.4613679647445679,,0.45030662417411804,,0.2294621765613556
,5508.0,10,7.343447941821069e-05,27199,,2.925631046295166,,1.5082111358642578,,0.4504559636116028,,0.22959676384925842
,5492.0,10,7.337931310757995e-05,27249,,2.690164804458618,,1.4833354949951172,,0.45062127709388733,,0.22972740232944489
,5448.0,10,7.33241395209916e-05,27299,,2.1545422077178955,,1.887839674949646,,0.4507870078086853,,0.2298554927110672
,5460.0,10,7.326896593440324e-05,27349,,3.0016887187957764,,1.2107586860656738,,0.4509459137916565,,0.2299756407737732
,5420.0,10,7.321379234781489e-05,27399,,2.8777616024017334,,1.5658303499221802,,0.4511078894138336,,0.23010873794555664
,5444.0,10,7.315861876122653e-05,27449,,2.4418857097625732,,1.6340032815933228,,0.45128336548805237,,0.23023563623428345
,5512.0,10,7.310344517463818e-05,27499,,2.735161781311035,,1.3486065864562988,,0.45145535469055176,,0.23037146031856537
,5424.0,10,7.304827886400744e-05,27549,,3.2645657062530518,,1.9092928171157837,,0.451608806848526,,0.2305125743150711
5462.78173828125,,10,,27587,2.520911931991577,,1.5970563888549805,,0.4474582374095917,,0.22740164399147034,
,5456.0,11,7.299310527741909e-05,27599,,2.510859727859497,,1.9752171039581299,,0.45178914070129395,,0.2306554913520813
,5420.0,11,7.293793169083074e-05,27649,,2.0200600624084473,,1.601439356803894,,0.4519585371017456,,0.23079153895378113
,5464.0,11,7.288275810424238e-05,27699,,2.377629041671753,,1.805513858795166,,0.45212996006011963,,0.23093174397945404
,5404.0,11,7.282758451765403e-05,27749,,2.847203016281128,,1.2700657844543457,,0.45229899883270264,,0.2310565859079361
,5516.0,11,7.277241093106568e-05,27799,,2.3625919818878174,,1.7983720302581787,,0.4524667263031006,,0.23118755221366882
,5468.0,11,7.271724462043494e-05,27849,,2.7709105014801025,,1.7483412027359009,,0.4526350498199463,,0.23131895065307617
,5496.0,11,7.266207103384659e-05,27899,,2.450732469558716,,1.6840953826904297,,0.4527992606163025,,0.23143193125724792
,5496.0,11,7.260689744725823e-05,27949,,2.9410018920898438,,1.4390045404434204,,0.4529566764831543,,0.23155370354652405
,5536.0,11,7.255172386066988e-05,27999,,2.663090229034424,,1.9922906160354614,,0.4531097114086151,,0.23168997466564178
,5500.0,11,7.249655027408153e-05,28049,,3.2728872299194336,,0.8646484613418579,,0.4532688856124878,,0.23182910680770874
,5484.0,11,7.244137668749318e-05,28099,,2.193610429763794,,1.761897087097168,,0.45343393087387085,,0.23195618391036987
,5504.0,11,7.238621037686244e-05,28149,,3.34784197807312,,1.6329433917999268,,0.453592985868454,,0.23210078477859497
,5452.0,11,7.233103679027408e-05,28199,,3.634335517883301,,1.4113086462020874,,0.45374494791030884,,0.23222124576568604
,5428.0,11,7.227586320368573e-05,28249,,2.2935538291931152,,1.900390625,,0.4539029002189636,,0.23236466944217682
,5412.0,11,7.222068961709738e-05,28299,,3.388289213180542,,1.4776307344436646,,0.4540526568889618,,0.23247653245925903
,5480.0,11,7.216551603050902e-05,28349,,2.9008700847625732,,1.7990562915802002,,0.45421165227890015,,0.23260197043418884
,5488.0,11,7.211034244392067e-05,28399,,4.1240386962890625,,1.1900299787521362,,0.45435720682144165,,0.23274542391300201
,5468.0,11,7.205516885733232e-05,28449,,1.982008934020996,,1.6339232921600342,,0.45450443029403687,,0.2328842580318451
,5500.0,11,7.200000254670158e-05,28499,,2.914613962173462,,1.491424560546875,,0.4546753764152527,,0.23302532732486725
,5508.0,11,7.194482896011323e-05,28549,,2.5751380920410156,,1.6890099048614502,,0.45482438802719116,,0.23316413164138794
,5436.0,11,7.188965537352487e-05,28599,,2.5467851161956787,,1.57035231590271,,0.454973429441452,,0.23330047726631165
,5488.0,11,7.183448178693652e-05,28649,,1.8892234563827515,,1.9321749210357666,,0.4551241099834442,,0.23342761397361755
,5480.0,11,7.177930820034817e-05,28699,,2.83455491065979,,1.5576496124267578,,0.4552763104438782,,0.23356057703495026
,5484.0,11,7.172413461375982e-05,28749,,2.118370294570923,,1.6380631923675537,,0.4554290473461151,,0.23367349803447723
,5460.0,11,7.166896830312908e-05,28799,,2.9235448837280273,,1.5357123613357544,,0.4555736780166626,,0.2337861806154251
,5568.0,11,7.161379471654072e-05,28849,,2.7292089462280273,,1.362997055053711,,0.4557449519634247,,0.23389917612075806
,5456.0,11,7.155862112995237e-05,28899,,2.584242343902588,,1.5254820585250854,,0.45589950680732727,,0.2340320348739624
,5484.0,11,7.150344754336402e-05,28949,,2.566063165664673,,1.4886939525604248,,0.45605334639549255,,0.23414795100688934
,5536.0,11,7.144827395677567e-05,28999,,2.882169485092163,,1.6034992933273315,,0.45620018243789673,,0.23427313566207886
,5452.0,11,7.139310037018731e-05,29049,,2.57845139503479,,1.7384960651397705,,0.45635443925857544,,0.2343929409980774
,5532.0,11,7.133793405955657e-05,29099,,3.1971535682678223,,1.8524515628814697,,0.45650896430015564,,0.2345125824213028
,5336.0,11,7.128276047296822e-05,29149,,3.336402416229248,,1.1933327913284302,,0.45667529106140137,,0.2346276193857193
,5340.0,11,7.122758688637987e-05,29199,,3.4230892658233643,,1.4091500043869019,,0.4568300247192383,,0.2347424477338791
,5440.0,11,7.117241329979151e-05,29249,,2.300659656524658,,1.4970808029174805,,0.4569873809814453,,0.23486095666885376
,5440.0,11,7.111723971320316e-05,29299,,1.9576588869094849,,1.6761314868927002,,0.4571458697319031,,0.2349831610918045
,5428.0,11,7.106206612661481e-05,29349,,2.2763988971710205,,1.5436055660247803,,0.45729249715805054,,0.23511910438537598
,5392.0,11,7.100689981598407e-05,29399,,2.536867141723633,,1.6218202114105225,,0.4574529528617859,,0.2352534383535385
,5492.0,11,7.095172622939572e-05,29449,,2.098865032196045,,2.0541675090789795,,0.45759838819503784,,0.2353721708059311
,5444.0,11,7.089655264280736e-05,29499,,2.978517532348633,,1.4982712268829346,,0.45774582028388977,,0.2354976385831833
,5472.0,11,7.084137905621901e-05,29549,,2.5588021278381348,,1.6360684633255005,,0.4579007625579834,,0.23560889065265656
,5420.0,11,7.078620546963066e-05,29599,,2.7167840003967285,,1.190618634223938,,0.4580502510070801,,0.23573559522628784
,5520.0,11,7.07310318830423e-05,29649,,2.724543809890747,,1.5380058288574219,,0.4581916332244873,,0.23585155606269836
,5480.0,11,7.067586557241157e-05,29699,,2.464970827102661,,1.4951488971710205,,0.4583370089530945,,0.23597560822963715
,5476.0,11,7.062069198582321e-05,29749,,2.7285213470458984,,1.8713653087615967,,0.45848774909973145,,0.23609670996665955
,5504.0,11,7.056551839923486e-05,29799,,2.646733522415161,,1.5076590776443481,,0.45863088965415955,,0.2362176775932312
,5432.0,11,7.051034481264651e-05,29849,,2.607630968093872,,1.722581386566162,,0.45877787470817566,,0.23634301126003265
,5504.0,11,7.045517122605816e-05,29899,,2.9088644981384277,,1.6613372564315796,,0.4589097499847412,,0.2364579439163208
,5420.0,11,7.03999976394698e-05,29949,,2.3953592777252197,,1.7667961120605469,,0.45905593037605286,,0.2365799844264984
,5396.0,11,7.034482405288145e-05,29999,,3.32922101020813,,1.3606263399124146,,0.4591969847679138,,0.23668918013572693
,5476.0,11,7.028965774225071e-05,30049,,3.240335464477539,,1.4840896129608154,,0.4593392312526703,,0.23680910468101501
5462.6357421875,,11,,30095,2.761868953704834,,1.574083685874939,,0.4557141363620758,,0.23384572565555573,
,5504.0,12,7.023448415566236e-05,30099,,2.609351396560669,,1.7125935554504395,,0.45947882533073425,,0.23693476617336273
,5436.0,12,7.0179310569074e-05,30149,,4.402644634246826,,1.5113940238952637,,0.4596286416053772,,0.23706039786338806
,5452.0,12,7.012413698248565e-05,30199,,3.00826358795166,,1.6677571535110474,,0.4597770571708679,,0.23717832565307617
,5456.0,12,7.00689633958973e-05,30249,,4.061871528625488,,1.6473461389541626,,0.4599263370037079,,0.23728784918785095
,5460.0,12,7.001378980930895e-05,30299,,2.9305672645568848,,1.7129614353179932,,0.46007290482521057,,0.23740291595458984
,5476.0,12,6.995862349867821e-05,30349,,2.850374698638916,,1.5127217769622803,,0.4602166414260864,,0.23752082884311676
,5416.0,12,6.990344991208985e-05,30399,,3.3171863555908203,,1.3232773542404175,,0.46035999059677124,,0.2376357913017273
,5388.0,12,6.98482763255015e-05,30449,,2.7468600273132324,,1.6020665168762207,,0.46049195528030396,,0.23774895071983337
,5460.0,12,6.979310273891315e-05,30499,,2.2134640216827393,,1.2265207767486572,,0.4606464207172394,,0.23784798383712769
,5448.0,12,6.97379291523248e-05,30549,,2.991919994354248,,1.5404787063598633,,0.46077677607536316,,0.23796719312667847
,5456.0,12,6.968275556573644e-05,30599,,3.3674848079681396,,1.5267949104309082,,0.46093758940696716,,0.23807857930660248
,5392.0,12,6.96275892551057e-05,30649,,4.235495090484619,,1.419023871421814,,0.4610905051231384,,0.2381962537765503
,5428.0,12,6.957241566851735e-05,30699,,2.7075300216674805,,1.4201679229736328,,0.46123096346855164,,0.23831181228160858
,5444.0,12,6.9517242081929e-05,30749,,3.2024118900299072,,1.2885911464691162,,0.4613773822784424,,0.23843693733215332
,5480.0,12,6.946206849534065e-05,30799,,3.257742404937744,,1.6078550815582275,,0.461521178483963,,0.23853814601898193
,5436.0,12,6.940689490875229e-05,30849,,2.7773683071136475,,1.2261345386505127,,0.461656391620636,,0.2386506199836731
,5500.0,12,6.935172132216394e-05,30899,,5.323392868041992,,1.0695146322250366,,0.4617994427680969,,0.2387663573026657
,5380.0,12,6.92965550115332e-05,30949,,2.6898386478424072,,1.912741780281067,,0.4619360566139221,,0.2388678938150406
,5352.0,12,6.924138142494485e-05,30999,,2.4738519191741943,,1.9253886938095093,,0.46208176016807556,,0.23898975551128387
,5460.0,12,6.91862078383565e-05,31049,,3.9686391353607178,,1.6010774374008179,,0.4622145891189575,,0.23911455273628235
,5448.0,12,6.913103425176814e-05,31099,,3.662153720855713,,1.4399210214614868,,0.46234941482543945,,0.2392307072877884
,5452.0,12,6.907586066517979e-05,31149,,2.8029606342315674,,1.30492103099823,,0.46248430013656616,,0.2393476665019989
,5452.0,12,6.902068707859144e-05,31199,,3.7616302967071533,,1.3090802431106567,,0.46261143684387207,,0.2394641935825348
,5488.0,12,6.89655207679607e-05,31249,,2.9747238159179688,,1.670146107673645,,0.4627435803413391,,0.23960347473621368
,5456.0,12,6.891034718137234e-05,31299,,2.966078519821167,,1.395865559577942,,0.46289968490600586,,0.23972415924072266
,5452.0,12,6.885517359478399e-05,31349,,2.833552360534668,,1.5061355829238892,,0.46302539110183716,,0.23983092606067657
,5480.0,12,6.880000000819564e-05,31399,,3.7197024822235107,,1.407806634902954,,0.4631652534008026,,0.23992100358009338
,5464.0,12,6.874482642160729e-05,31449,,2.656677722930908,,0.9983328580856323,,0.4632965922355652,,0.24002577364444733
,5484.0,12,6.868965283501893e-05,31499,,3.0895302295684814,,1.6128445863723755,,0.4634320139884949,,0.24014180898666382
,5516.0,12,6.863447924843058e-05,31549,,3.346867799758911,,1.1868889331817627,,0.46356332302093506,,0.24024119973182678
,5480.0,12,6.857931293779984e-05,31599,,2.005950450897217,,1.7234547138214111,,0.46368736028671265,,0.2403498739004135
,5432.0,12,6.852413935121149e-05,31649,,2.963320016860962,,1.440435528755188,,0.46381062269210815,,0.24045723676681519
,5412.0,12,6.846896576462314e-05,31699,,3.4368832111358643,,1.2563056945800781,,0.4639352858066559,,0.2405543029308319
,5476.0,12,6.841379217803478e-05,31749,,3.532343864440918,,1.8457578420639038,,0.46407440304756165,,0.24066907167434692
,5512.0,12,6.835861859144643e-05,31799,,2.4345672130584717,,1.3372399806976318,,0.464213103055954,,0.24077296257019043
,5504.0,12,6.830344500485808e-05,31849,,2.7447471618652344,,1.3269124031066895,,0.4643600881099701,,0.24088391661643982
,5476.0,12,6.824827869422734e-05,31899,,3.8826911449432373,,1.0318108797073364,,0.46448877453804016,,0.24100220203399658
,5392.0,12,6.819310510763898e-05,31949,,3.4140565395355225,,1.4709950685501099,,0.46461421251296997,,0.24110954999923706
,5488.0,12,6.813793152105063e-05,31999,,4.3368330001831055,,1.0864030122756958,,0.4647424817085266,,0.24122250080108643
,5484.0,12,6.808275793446228e-05,32049,,2.5767509937286377,,1.8851935863494873,,0.46487337350845337,,0.24132853746414185
,5380.0,12,6.802758434787393e-05,32099,,2.568180561065674,,1.487430453300476,,0.46500128507614136,,0.24143698811531067
,5472.0,12,6.797241076128557e-05,32149,,2.974172830581665,,1.261574387550354,,0.4651235342025757,,0.24154795706272125
,5440.0,12,6.791724445065483e-05,32199,,2.8679182529449463,,1.736663818359375,,0.465252548456192,,0.2416687160730362
,5540.0,12,6.786207086406648e-05,32249,,2.216083288192749,,1.7900458574295044,,0.46538227796554565,,0.24177996814250946
,5492.0,12,6.780689727747813e-05,32299,,3.039658784866333,,1.7191472053527832,,0.46551594138145447,,0.24188938736915588
,5464.0,12,6.775172369088978e-05,32349,,3.167320489883423,,1.5008656978607178,,0.46564269065856934,,0.24198311567306519
,5412.0,12,6.769655010430142e-05,32399,,3.608889102935791,,1.4219672679901123,,0.4657624065876007,,0.2420862317085266
,5440.0,12,6.764137651771307e-05,32449,,2.724377155303955,,1.7875605821609497,,0.46589189767837524,,0.24219243228435516
,5436.0,12,6.758621020708233e-05,32499,,3.4170992374420166,,1.9406511783599854,,0.4660166800022125,,0.24229146540164948
,5436.0,12,6.753103662049398e-05,32549,,2.376214027404785,,1.813393473625183,,0.46616554260253906,,0.2423841506242752
,5460.0,12,6.747586303390563e-05,32599,,2.3737950325012207,,1.7531285285949707,,0.46629995107650757,,0.2424849271774292
5462.29150390625,,12,,32603,3.047518491744995,,1.5591864585876465,,0.46298885345458984,,0.23977629840373993,
,5460.0,13,6.742068944731727e-05,32649,,3.2472763061523438,,1.4939411878585815,,0.4664200246334076,,0.24260061979293823
,5500.0,13,6.736551586072892e-05,32699,,3.678323745727539,,1.4929795265197754,,0.4665524363517761,,0.2427104264497757
,5464.0,13,6.731034227414057e-05,32749,,3.396641254425049,,1.5032776594161987,,0.46667611598968506,,0.24281716346740723
,5480.0,13,6.725517596350983e-05,32799,,3.153095006942749,,1.7435173988342285,,0.46680793166160583,,0.2429136037826538
,5380.0,13,6.720000237692147e-05,32849,,4.65816593170166,,1.4099572896957397,,0.4669192433357239,,0.24301166832447052
,5432.0,13,6.714482879033312e-05,32899,,3.9905030727386475,,1.1883736848831177,,0.4670521914958954,,0.24311859905719757
,5444.0,13,6.708965520374477e-05,32949,,3.535533905029297,,1.1687666177749634,,0.46718090772628784,,0.2432262897491455
,5488.0,13,6.703448161715642e-05,32999,,2.7758593559265137,,1.4086695909500122,,0.4673005938529968,,0.24332371354103088
,5472.0,13,6.697930803056806e-05,33049,,2.2237136363983154,,1.8902682065963745,,0.4674329459667206,,0.24342194199562073
,5468.0,13,6.692413444397971e-05,33099,,2.7688465118408203,,2.01343035697937,,0.4675673544406891,,0.24351364374160767
,5524.0,13,6.686896813334897e-05,33149,,3.3414552211761475,,1.4453226327896118,,0.46769577264785767,,0.24361206591129303
,5376.0,13,6.681379454676062e-05,33199,,2.301703929901123,,1.68747878074646,,0.46781614422798157,,0.24371185898780823
,5520.0,13,6.675862096017227e-05,33249,,2.789149284362793,,1.5231647491455078,,0.46794193983078003,,0.24381741881370544
,5432.0,13,6.670344737358391e-05,33299,,2.904374122619629,,1.8349034786224365,,0.4680684208869934,,0.24391326308250427
,5368.0,13,6.664827378699556e-05,33349,,2.08931827545166,,1.8414627313613892,,0.46819543838500977,,0.24400794506072998
,5424.0,13,6.659310020040721e-05,33399,,3.151118278503418,,1.542181134223938,,0.46832552552223206,,0.2440965622663498
,5416.0,13,6.653793388977647e-05,33449,,2.59480357170105,,1.5560648441314697,,0.46844130754470825,,0.24419504404067993
,5464.0,13,6.648276030318812e-05,33499,,3.368170738220215,,0.9897156953811646,,0.4685644507408142,,0.24426934123039246
,5460.0,13,6.642758671659976e-05,33549,,2.5577495098114014,,1.6733936071395874,,0.46868443489074707,,0.24437476694583893
,5384.0,13,6.637241313001141e-05,33599,,2.5983376502990723,,1.5071995258331299,,0.46880605816841125,,0.24446949362754822
,5472.0,13,6.631723954342306e-05,33649,,3.2695131301879883,,1.367998480796814,,0.46892768144607544,,0.24456968903541565
,5488.0,13,6.62620659568347e-05,33699,,2.8646633625030518,,1.5478767156600952,,0.46904605627059937,,0.24466636776924133
,5512.0,13,6.620689964620396e-05,33749,,3.3038246631622314,,1.4350779056549072,,0.46917539834976196,,0.24475425481796265
,5476.0,13,6.615172605961561e-05,33799,,4.563026428222656,,1.3230112791061401,,0.4693000912666321,,0.24483802914619446
,5492.0,13,6.609655247302726e-05,33849,,2.6780712604522705,,1.7280107736587524,,0.46943017840385437,,0.24494293332099915
,5456.0,13,6.60413788864389e-05,33899,,1.9505531787872314,,1.7325066328048706,,0.46954745054244995,,0.24503400921821594
,5432.0,13,6.598620529985055e-05,33949,,4.054257869720459,,1.4190146923065186,,0.4696708917617798,,0.24512964487075806
,5456.0,13,6.59310317132622e-05,33999,,3.3895857334136963,,1.8013054132461548,,0.46979933977127075,,0.24522656202316284
,5420.0,13,6.587586540263146e-05,34049,,2.4053328037261963,,1.452046275138855,,0.46993598341941833,,0.24532821774482727
,5424.0,13,6.582069181604311e-05,34099,,3.484788417816162,,1.6195188760757446,,0.4700622856616974,,0.24543900787830353
,5516.0,13,6.576551822945476e-05,34149,,3.876936197280884,,1.2725375890731812,,0.47017064690589905,,0.2455383837223053
,5524.0,13,6.57103446428664e-05,34199,,4.498660564422607,,1.556089162826538,,0.4702933728694916,,0.24563606083393097
,5456.0,13,6.565517105627805e-05,34249,,2.6009724140167236,,1.7301816940307617,,0.47041189670562744,,0.24573472142219543
,5512.0,13,6.55999974696897e-05,34299,,2.8763883113861084,,1.709814429283142,,0.4705219864845276,,0.24582552909851074
,5432.0,13,6.554483115905896e-05,34349,,2.4563517570495605,,1.812682032585144,,0.4706493616104126,,0.24592137336730957
,5516.0,13,6.54896575724706e-05,34399,,4.0348052978515625,,1.1744108200073242,,0.4707649350166321,,0.24600914120674133
,5360.0,13,6.543448398588225e-05,34449,,3.5220932960510254,,1.850013017654419,,0.47088557481765747,,0.2461022436618805
,5424.0,13,6.53793103992939e-05,34499,,3.366542339324951,,1.518388271331787,,0.470988392829895,,0.24619358777999878
,5500.0,13,6.532413681270555e-05,34549,,3.5285725593566895,,1.2898293733596802,,0.4711053967475891,,0.24629049003124237
,5436.0,13,6.52689632261172e-05,34599,,3.9763598442077637,,1.0819205045700073,,0.4712287187576294,,0.24637781083583832
,5532.0,13,6.521378963952884e-05,34649,,2.870011568069458,,1.839111566543579,,0.47134026885032654,,0.24646452069282532
,5428.0,13,6.51586233288981e-05,34699,,3.077122211456299,,1.5854787826538086,,0.47146356105804443,,0.24655887484550476
,5512.0,13,6.510344974230975e-05,34749,,3.108957529067993,,1.3425012826919556,,0.4715806841850281,,0.24665462970733643
,5504.0,13,6.50482761557214e-05,34799,,3.7004356384277344,,1.9251313209533691,,0.47169846296310425,,0.24675574898719788
,5388.0,13,6.499310256913304e-05,34849,,3.1411314010620117,,1.3388289213180542,,0.47181975841522217,,0.2468506395816803
,5412.0,13,6.493792898254469e-05,34899,,3.9568843841552734,,1.6808524131774902,,0.47192633152008057,,0.24693739414215088
,5444.0,13,6.488275539595634e-05,34949,,3.471567153930664,,1.496265172958374,,0.4720476567745209,,0.24701952934265137
,5416.0,13,6.48275890853256e-05,34999,,4.02618932723999,,1.7616891860961914,,0.47216010093688965,,0.24712328612804413
,5436.0,13,6.477241549873725e-05,35049,,3.2585549354553223,,1.6672441959381104,,0.47227197885513306,,0.24722027778625488
,5432.0,13,6.471724191214889e-05,35099,,3.3603274822235107,,2.0845627784729004,,0.47238171100616455,,0.24731945991516113
5461.44189453125,,13,,35111,3.2183291912078857,,1.538057565689087,,0.4694322943687439,,0.2449655383825302,
,5484.0,14,6.466206832556054e-05,35149,,3.541278123855591,,1.6063802242279053,,0.47249242663383484,,0.24741557240486145
,5460.0,14,6.460689473897219e-05,35199,,1.8556498289108276,,1.5440140962600708,,0.47260230779647827,,0.24751192331314087
,5388.0,14,6.455172115238383e-05,35249,,3.720940589904785,,1.3175097703933716,,0.4727223515510559,,0.2476123869419098
,5448.0,14,6.44965548417531e-05,35299,,3.411957025527954,,1.2062779664993286,,0.4728333055973053,,0.24771496653556824
,5496.0,14,6.444138125516474e-05,35349,,2.599231719970703,,1.6688108444213867,,0.4729580581188202,,0.2478124350309372
,5492.0,14,6.438620766857639e-05,35399,,3.4860684871673584,,1.234514832496643,,0.4730733633041382,,0.2479012906551361
,5476.0,14,6.433103408198804e-05,35449,,3.736787796020508,,1.0868568420410156,,0.4731851816177368,,0.24800118803977966
,5464.0,14,6.427586049539968e-05,35499,,3.2243528366088867,,1.5511828660964966,,0.47331109642982483,,0.2480991780757904
,5384.0,14,6.422068690881133e-05,35549,,3.5879058837890625,,1.5615012645721436,,0.47342512011528015,,0.24819932878017426
,5488.0,14,6.416552059818059e-05,35599,,3.6426641941070557,,1.4425394535064697,,0.47354453802108765,,0.24830394983291626
,5444.0,14,6.411034701159224e-05,35649,,2.9862709045410156,,1.595714807510376,,0.47364911437034607,,0.24839293956756592
,5424.0,14,6.405517342500389e-05,35699,,1.1962018013000488,,1.843859076499939,,0.47375965118408203,,0.24848061800003052
,5444.0,14,6.399999983841553e-05,35749,,4.858378887176514,,0.9178426265716553,,0.4738622009754181,,0.24858273565769196
,5448.0,14,6.394482625182718e-05,35799,,3.364593982696533,,1.6512095928192139,,0.473965048789978,,0.24868400394916534
,5376.0,14,6.388965266523883e-05,35849,,3.6543426513671875,,1.3720285892486572,,0.4740774631500244,,0.24877920746803284
,5456.0,14,6.383448635460809e-05,35899,,3.2728664875030518,,1.4876409769058228,,0.4741804003715515,,0.24887263774871826
,5384.0,14,6.377931276801974e-05,35949,,3.668444871902466,,1.7143518924713135,,0.4742887020111084,,0.24897634983062744
,5548.0,14,6.372413918143138e-05,35999,,3.1040070056915283,,1.3565666675567627,,0.4744070768356323,,0.24907514452934265
,5428.0,14,6.366896559484303e-05,36049,,4.165787696838379,,1.4265409708023071,,0.47451648116111755,,0.2491718828678131
,5480.0,14,6.361379200825468e-05,36099,,4.128857135772705,,1.4213796854019165,,0.4746260344982147,,0.24927286803722382
,5472.0,14,6.355861842166632e-05,36149,,4.092275619506836,,1.4515941143035889,,0.4747418463230133,,0.24937127530574799
,5384.0,14,6.350344483507797e-05,36199,,3.128897190093994,,1.7359315156936646,,0.474859356880188,,0.24946001172065735
,5452.0,14,6.344827852444723e-05,36249,,3.568598985671997,,1.1687917709350586,,0.4749760031700134,,0.24954311549663544
,5504.0,14,6.339310493785888e-05,36299,,3.0165255069732666,,1.494612216949463,,0.47509878873825073,,0.24963445961475372
,5452.0,14,6.333793135127053e-05,36349,,3.093614101409912,,1.5041821002960205,,0.4752081036567688,,0.24972856044769287
,5404.0,14,6.328275776468217e-05,36399,,3.9800713062286377,,1.4434471130371094,,0.4753239154815674,,0.2498232126235962
,5512.0,14,6.322758417809382e-05,36449,,2.8576858043670654,,1.5436859130859375,,0.4754409193992615,,0.24992260336875916
,5492.0,14,6.317241059150547e-05,36499,,3.493549346923828,,1.5850377082824707,,0.47555625438690186,,0.25001439452171326
,5444.0,14,6.311724428087473e-05,36549,,3.583940267562866,,1.727854609489441,,0.4756556749343872,,0.25011083483695984
,5408.0,14,6.306207069428638e-05,36599,,5.278557777404785,,1.528116226196289,,0.4757730960845947,,0.2501984238624573
,5484.0,14,6.300689710769802e-05,36649,,2.5403780937194824,,1.9864754676818848,,0.47587859630584717,,0.25028544664382935
,5552.0,14,6.295172352110967e-05,36699,,2.636819362640381,,1.4579967260360718,,0.4759816825389862,,0.2503663897514343
,5444.0,14,6.289654993452132e-05,36749,,2.6143081188201904,,1.7901122570037842,,0.47609877586364746,,0.2504504323005676
,5408.0,14,6.284137634793296e-05,36799,,3.4013895988464355,,1.7938930988311768,,0.4762047529220581,,0.25052541494369507
,5504.0,14,6.278621003730223e-05,36849,,3.5531468391418457,,1.696656346321106,,0.4763093888759613,,0.25060808658599854
,5468.0,14,6.273103645071387e-05,36899,,3.1417031288146973,,1.751240849494934,,0.47642040252685547,,0.2506874203681946
,5512.0,14,6.267586286412552e-05,36949,,3.8168394565582275,,1.8775339126586914,,0.47651591897010803,,0.25077420473098755
,5524.0,14,6.262068927753717e-05,36999,,2.530576229095459,,1.8698234558105469,,0.47661659121513367,,0.25085777044296265
,5496.0,14,6.256551569094881e-05,37049,,3.4232118129730225,,1.8414543867111206,,0.4767237603664398,,0.250939279794693
,5424.0,14,6.251034210436046e-05,37099,,3.8426873683929443,,1.3594863414764404,,0.47682899236679077,,0.2510155141353607
,5432.0,14,6.245517579372972e-05,37149,,3.276303291320801,,1.7087498903274536,,0.4769463539123535,,0.2510982155799866
,5476.0,14,6.240000220714137e-05,37199,,4.66649055480957,,1.3513782024383545,,0.47704997658729553,,0.25118428468704224
,5396.0,14,6.234482862055302e-05,37249,,3.9957258701324463,,1.7490663528442383,,0.4771623909473419,,0.2512681484222412
,5448.0,14,6.228965503396466e-05,37299,,3.098836660385132,,1.499549150466919,,0.4772689640522003,,0.2513543963432312
,5460.0,14,6.223448144737631e-05,37349,,3.978742837905884,,1.4319441318511963,,0.47737398743629456,,0.25143593549728394
,5440.0,14,6.217930786078796e-05,37399,,3.200465440750122,,1.6348206996917725,,0.47748705744743347,,0.2515223026275635
,5484.0,14,6.212414155015722e-05,37449,,3.770965814590454,,1.4974896907806396,,0.4775809049606323,,0.2516039311885834
,5520.0,14,6.206896796356887e-05,37499,,3.3864240646362305,,1.6908905506134033,,0.47768890857696533,,0.2516861855983734
,5540.0,14,6.201379437698051e-05,37549,,3.771806001663208,,1.6160401105880737,,0.4777888357639313,,0.25175443291664124
,5536.0,14,6.195862079039216e-05,37599,,4.646495819091797,,1.0685597658157349,,0.47787970304489136,,0.2518273591995239
5460.48681640625,,14,,37619,3.4437334537506104,,1.5253037214279175,,0.475231409072876,,0.2497090846300125,
,5436.0,15,6.190344720380381e-05,37649,,2.0127694606781006,,1.851479411125183,,0.4779811501502991,,0.25191956758499146
,5452.0,15,6.184827361721545e-05,37699,,3.1246509552001953,,1.8601601123809814,,0.47808533906936646,,0.2520020008087158
,5424.0,15,6.17931000306271e-05,37749,,3.420313835144043,,1.4449007511138916,,0.4781932234764099,,0.2520889639854431
,5444.0,15,6.173793371999636e-05,37799,,2.5850019454956055,,1.65811288356781,,0.4782964587211609,,0.2521737813949585
,5476.0,15,6.168276013340801e-05,37849,,2.817427635192871,,1.644959568977356,,0.47840502858161926,,0.25225335359573364
,5476.0,15,6.162758654681966e-05,37899,,3.2177045345306396,,1.7625662088394165,,0.4785043001174927,,0.2523360848426819
,5416.0,15,6.15724129602313e-05,37949,,2.5758512020111084,,1.2959331274032593,,0.47860461473464966,,0.25241005420684814
,5444.0,15,6.151723937364295e-05,37999,,2.7047371864318848,,1.6636557579040527,,0.4787026047706604,,0.2525031268596649
,5476.0,15,6.14620657870546e-05,38049,,3.6385231018066406,,1.259056568145752,,0.47880813479423523,,0.25259292125701904
,5456.0,15,6.140689947642386e-05,38099,,3.115046501159668,,1.5598536729812622,,0.47891056537628174,,0.2526668608188629
,5472.0,15,6.13517258898355e-05,38149,,3.410735845565796,,1.517691969871521,,0.479017436504364,,0.2527428865432739
,5464.0,15,6.129655230324715e-05,38199,,3.0411343574523926,,1.370052695274353,,0.4791143238544464,,0.2528226375579834
,5492.0,15,6.12413787166588e-05,38249,,4.218654155731201,,0.9846675395965576,,0.4792267084121704,,0.252905935049057
,5372.0,15,6.118620513007045e-05,38299,,4.73241662979126,,1.3675085306167603,,0.4793315827846527,,0.25299692153930664
,5472.0,15,6.11310315434821e-05,38349,,4.459658145904541,,1.045597791671753,,0.4794384837150574,,0.25309425592422485
,5488.0,15,6.107586523285136e-05,38399,,4.466601371765137,,1.5691251754760742,,0.4795421063899994,,0.2531847357749939
,5464.0,15,6.1020688008284196e-05,38449,,6.267632007598877,,1.217180848121643,,0.47964489459991455,,0.25327733159065247
,5512.0,15,6.096551805967465e-05,38499,,3.309053659439087,,1.5974972248077393,,0.47973573207855225,,0.25337809324264526
,5352.0,15,6.09103444730863e-05,38549,,2.751556634902954,,1.5321325063705444,,0.4798382520675659,,0.2534681260585785
,5452.0,15,6.0855170886497945e-05,38599,,2.7611677646636963,,1.6362069845199585,,0.4799359440803528,,0.2535523772239685
,5472.0,15,6.08000009378884e-05,38649,,2.624645471572876,,2.043142557144165,,0.48002904653549194,,0.2536374628543854
,5448.0,15,6.0744827351300046e-05,38699,,3.3803725242614746,,1.4695168733596802,,0.48013120889663696,,0.2537187933921814
,5452.0,15,6.068965376471169e-05,38749,,3.4039106369018555,,1.273941159248352,,0.4802289605140686,,0.25381049513816833
,5472.0,15,6.063448381610215e-05,38799,,3.487499237060547,,1.9042476415634155,,0.4803304374217987,,0.25389665365219116
,5372.0,15,6.0579310229513794e-05,38849,,3.3292975425720215,,1.5751572847366333,,0.4804322421550751,,0.2539770007133484
,5408.0,15,6.052413664292544e-05,38899,,3.4119017124176025,,1.402658462524414,,0.48052653670310974,,0.25406959652900696
,5468.0,15,6.0468966694315895e-05,38949,,2.2058708667755127,,1.5994975566864014,,0.4806332588195801,,0.25415050983428955
,5476.0,15,6.041379310772754e-05,38999,,4.231645107269287,,1.3747774362564087,,0.4807335138320923,,0.2542281448841095
,5504.0,15,6.035861952113919e-05,39049,,3.2513396739959717,,1.5646992921829224,,0.480832040309906,,0.25431016087532043
,5428.0,15,6.0303449572529644e-05,39099,,4.712303161621094,,1.1548892259597778,,0.4809252619743347,,0.25438961386680603
,5484.0,15,6.024827598594129e-05,39149,,3.3209328651428223,,1.6007490158081055,,0.48102283477783203,,0.25447094440460205
,5460.0,15,6.019310239935294e-05,39199,,2.928896427154541,,1.647857666015625,,0.4811212420463562,,0.25455471873283386
,5472.0,15,6.013793245074339e-05,39249,,4.528207778930664,,1.128976821899414,,0.48120877146720886,,0.25463637709617615
,5484.0,15,6.008275886415504e-05,39299,,3.8791959285736084,,1.2474929094314575,,0.4813060462474823,,0.25473183393478394
,5456.0,15,6.0027585277566686e-05,39349,,3.943333148956299,,1.8185051679611206,,0.48139506578445435,,0.2548137903213501
,5412.0,15,5.997241532895714e-05,39399,,2.526798963546753,,1.6049327850341797,,0.48149749636650085,,0.2549014985561371
,5432.0,15,5.991724174236879e-05,39449,,4.267472267150879,,1.0892608165740967,,0.4815938472747803,,0.25497570633888245
,5492.0,15,5.9862068155780435e-05,39499,,2.5355453491210938,,1.8668373823165894,,0.48169058561325073,,0.2550557851791382
,5404.0,15,5.980689820717089e-05,39549,,4.306142807006836,,1.1457525491714478,,0.4817836582660675,,0.25513023138046265
,5500.0,15,5.9751724620582536e-05,39599,,2.8095381259918213,,1.5560908317565918,,0.4818798899650574,,0.25521329045295715
,5476.0,15,5.969655103399418e-05,39649,,3.619875192642212,,1.6356275081634521,,0.4819788932800293,,0.2552909255027771
,5500.0,15,5.964138108538464e-05,39699,,3.837125062942505,,1.9534087181091309,,0.4820650517940521,,0.25536876916885376
,5500.0,15,5.9586207498796284e-05,39749,,3.9616174697875977,,1.4151358604431152,,0.4821568429470062,,0.25545209646224976
,5464.0,15,5.953103391220793e-05,39799,,3.717956781387329,,1.5541595220565796,,0.4822564423084259,,0.2555398941040039
,5500.0,15,5.947586032561958e-05,39849,,3.7719204425811768,,1.4111496210098267,,0.4823445677757263,,0.2556152939796448
,5480.0,15,5.942069037701003e-05,39899,,3.5787558555603027,,1.8467457294464111,,0.4824366867542267,,0.25569409132003784
,5524.0,15,5.936551679042168e-05,39949,,4.727727890014648,,1.7127660512924194,,0.48252570629119873,,0.255765825510025
,5404.0,15,5.931034320383333e-05,39999,,4.609206676483154,,1.078752040863037,,0.48261696100234985,,0.255845308303833
,5488.0,15,5.925517325522378e-05,40049,,3.9416615962982178,,1.54256272315979,,0.4827168583869934,,0.2559247314929962
,5460.0,15,5.919999966863543e-05,40099,,3.9264001846313477,,1.1813772916793823,,0.4828123450279236,,0.2559998333454132
5462.67919921875,,15,,40127,3.655529499053955,,1.5102735757827759,,0.48046138882637024,,0.2539963126182556,
,5484.0,16,5.9144826082047075e-05,40149,,4.3060383796691895,,1.3119020462036133,,0.48290935158729553,,0.2560703158378601
,5544.0,16,5.908965613343753e-05,40199,,4.124338626861572,,1.7909103631973267,,0.4830056130886078,,0.25614133477211
,5436.0,16,5.9034482546849176e-05,40249,,4.098726749420166,,1.6566776037216187,,0.48310285806655884,,0.2562202215194702
,5512.0,16,5.897930896026082e-05,40299,,3.1926939487457275,,1.6698030233383179,,0.4831979274749756,,0.2562967538833618
,5416.0,16,5.892413901165128e-05,40349,,4.156327247619629,,1.4595351219177246,,0.48328647017478943,,0.2563740611076355
,5460.0,16,5.8868965425062925e-05,40399,,2.9141156673431396,,1.2839128971099854,,0.48338156938552856,,0.2564517557621002
,5524.0,16,5.881379183847457e-05,40449,,3.952286720275879,,1.2336758375167847,,0.48347538709640503,,0.25654372572898865
,5520.0,16,5.8758621889865026e-05,40499,,3.616741418838501,,1.7937614917755127,,0.4835678040981293,,0.25663334131240845
,5552.0,16,5.870344830327667e-05,40549,,3.5199601650238037,,1.4505620002746582,,0.48366284370422363,,0.2567180097103119
,5452.0,16,5.864827471668832e-05,40599,,3.893352746963501,,1.3169716596603394,,0.48375648260116577,,0.25679418444633484
,5408.0,16,5.8593104768078774e-05,40649,,4.081026077270508,,1.3560187816619873,,0.48384594917297363,,0.2568681836128235
,5468.0,16,5.853793118149042e-05,40699,,3.3556344509124756,,2.034947633743286,,0.4839385747909546,,0.2569499611854553
,5380.0,16,5.848275759490207e-05,40749,,1.9112329483032227,,1.7043792009353638,,0.4840409755706787,,0.25702157616615295
,5384.0,16,5.842758764629252e-05,40799,,4.715613842010498,,1.3983064889907837,,0.48412954807281494,,0.25710007548332214
,5468.0,16,5.837241405970417e-05,40849,,3.786391019821167,,1.6177746057510376,,0.4842187464237213,,0.25718337297439575
,5508.0,16,5.831724047311582e-05,40899,,3.974842071533203,,1.5740941762924194,,0.4843103289604187,,0.25725889205932617
,5392.0,16,5.826207052450627e-05,40949,,5.738528251647949,,1.7274824380874634,,0.48439279198646545,,0.25732988119125366
,5420.0,16,5.820689693791792e-05,40999,,5.174233913421631,,1.5806334018707275,,0.48448625206947327,,0.2573969066143036
,5480.0,16,5.8151723351329565e-05,41049,,4.042100429534912,,1.0549851655960083,,0.4845801591873169,,0.2574794888496399
,5372.0,16,5.809655340272002e-05,41099,,4.0824408531188965,,1.5075942277908325,,0.4846743941307068,,0.25756219029426575
,5484.0,16,5.8041379816131666e-05,41149,,4.436092376708984,,1.3251646757125854,,0.4847602844238281,,0.2576391100883484
,5408.0,16,5.798620622954331e-05,41199,,4.6574811935424805,,1.3977320194244385,,0.48484647274017334,,0.2577248513698578
,5452.0,16,5.793103628093377e-05,41249,,4.5428547859191895,,1.389710783958435,,0.4849397540092468,,0.2578004002571106
,5416.0,16,5.7875862694345415e-05,41299,,3.6619412899017334,,1.4768915176391602,,0.4850431978702545,,0.25787222385406494
,5512.0,16,5.782068910775706e-05,41349,,3.506814956665039,,1.3626420497894287,,0.48513394594192505,,0.25794947147369385
,5428.0,16,5.776551552116871e-05,41399,,4.6297760009765625,,1.2006478309631348,,0.48522311449050903,,0.2580260932445526
,5468.0,16,5.771034557255916e-05,41449,,4.127317905426025,,1.4746618270874023,,0.4853178560733795,,0.25809723138809204
,5436.0,16,5.765517198597081e-05,41499,,4.990461349487305,,0.7995818257331848,,0.4854125380516052,,0.2581624984741211
,5416.0,16,5.759999839938246e-05,41549,,3.746368408203125,,1.6648685932159424,,0.48549866676330566,,0.25824469327926636
,5488.0,16,5.754482845077291e-05,41599,,3.9788331985473633,,1.274354100227356,,0.4855913519859314,,0.2583271563053131
,5392.0,16,5.748965486418456e-05,41649,,3.5947256088256836,,2.0805513858795166,,0.48568445444107056,,0.2584048807621002
,5508.0,16,5.7434481277596205e-05,41699,,3.8172247409820557,,1.4663718938827515,,0.4857686161994934,,0.2584910988807678
,5464.0,16,5.737931132898666e-05,41749,,3.9605765342712402,,1.6587433815002441,,0.4858578145503998,,0.25856971740722656
,5392.0,16,5.732413774239831e-05,41799,,3.969252109527588,,1.491849660873413,,0.4859435260295868,,0.2586479187011719
,5532.0,16,5.7268964155809954e-05,41849,,4.3152241706848145,,1.5030854940414429,,0.48603278398513794,,0.25871971249580383
,5432.0,16,5.721379420720041e-05,41899,,4.306199550628662,,1.5352133512496948,,0.48611584305763245,,0.25879836082458496
,5496.0,16,5.7158620620612055e-05,41949,,3.2349488735198975,,1.5442612171173096,,0.48619571328163147,,0.25887399911880493
,5512.0,16,5.71034470340237e-05,41999,,3.99534273147583,,1.2381908893585205,,0.48628395795822144,,0.25895148515701294
,5496.0,16,5.7048277085414156e-05,42049,,3.127702474594116,,1.8774572610855103,,0.4863658547401428,,0.25902190804481506
,5468.0,16,5.6993103498825803e-05,42099,,2.3828608989715576,,1.778294563293457,,0.4864555597305298,,0.2591039836406708
,5436.0,16,5.693792991223745e-05,42149,,5.033163070678711,,1.1631091833114624,,0.48654231429100037,,0.2591691017150879
,5420.0,16,5.6882759963627905e-05,42199,,3.627744436264038,,1.6478029489517212,,0.48663467168807983,,0.25924086570739746
,5492.0,16,5.682758637703955e-05,42249,,2.9524588584899902,,1.848751187324524,,0.4867285192012787,,0.2593100965023041
,5452.0,16,5.67724127904512e-05,42299,,4.2079596519470215,,1.4999569654464722,,0.4868141710758209,,0.2593812644481659
,5408.0,16,5.671724284184165e-05,42349,,4.650803089141846,,1.4666532278060913,,0.4869031310081482,,0.25945013761520386
,5424.0,16,5.66620692552533e-05,42399,,3.966127395629883,,1.5169644355773926,,0.4870000183582306,,0.25951576232910156
,5452.0,16,5.660689566866495e-05,42449,,4.5712080001831055,,1.2398468255996704,,0.48707929253578186,,0.25959211587905884
,5448.0,16,5.65517257200554e-05,42499,,3.473119020462036,,1.6308798789978027,,0.4871659278869629,,0.2596563696861267
,5492.0,16,5.649655213346705e-05,42549,,3.6875855922698975,,1.5667831897735596,,0.4872484803199768,,0.25973060727119446
,5444.0,16,5.6441378546878695e-05,42599,,5.200593948364258,,1.0369635820388794,,0.4873358905315399,,0.25979456305503845
5461.822265625,,16,,42635,3.888132095336914,,1.4977684020996094,,0.48518308997154236,,0.25799110531806946,
,5496.0,17,5.638620859826915e-05,42649,,4.06728458404541,,1.001315712928772,,0.48742711544036865,,0.2598668336868286
,5536.0,17,5.63310350116808e-05,42699,,3.6733016967773438,,1.3057328462600708,,0.48750558495521545,,0.259937047958374
,5472.0,17,5.6275861425092444e-05,42749,,3.4789412021636963,,1.832675814628601,,0.48758721351623535,,0.26000839471817017
,5504.0,17,5.622068783850409e-05,42799,,3.758884906768799,,1.8873732089996338,,0.4876827001571655,,0.26007720828056335
,5436.0,17,5.6165517889894545e-05,42849,,3.661116600036621,,1.2884745597839355,,0.4877595007419586,,0.2601524889469147
,5452.0,17,5.611034430330619e-05,42899,,5.767205715179443,,1.4349573850631714,,0.4878407120704651,,0.2602267265319824
,5504.0,17,5.605517071671784e-05,42949,,3.6320767402648926,,1.4980870485305786,,0.4879347085952759,,0.26030659675598145
,5412.0,17,5.6000000768108293e-05,42999,,3.425436019897461,,1.504003882408142,,0.4880209267139435,,0.2603861391544342
,5444.0,17,5.594482718151994e-05,43049,,3.6685166358947754,,1.4231793880462646,,0.48810315132141113,,0.2604617476463318
,5400.0,17,5.588965359493159e-05,43099,,2.884833574295044,,1.6222419738769531,,0.48818397521972656,,0.26054099202156067
,5548.0,17,5.583448364632204e-05,43149,,4.344833850860596,,1.8928836584091187,,0.48827221989631653,,0.2606167197227478
,5448.0,17,5.577931005973369e-05,43199,,3.855764865875244,,1.5410370826721191,,0.4883628785610199,,0.2606845498085022
,5400.0,17,5.5724136473145336e-05,43249,,4.294009685516357,,1.4630184173583984,,0.4884513020515442,,0.26074808835983276
,5500.0,17,5.566896652453579e-05,43299,,4.43582820892334,,1.1994991302490234,,0.48853519558906555,,0.26082682609558105
,5372.0,17,5.561379293794744e-05,43349,,4.365638256072998,,1.2782402038574219,,0.4886210560798645,,0.26089686155319214
,5468.0,17,5.5558619351359084e-05,43399,,3.5323126316070557,,1.6696813106536865,,0.48870038986206055,,0.26096367835998535
,5440.0,17,5.550344940274954e-05,43449,,1.8749581575393677,,1.2533068656921387,,0.48878854513168335,,0.2610485553741455
,5496.0,17,5.5448275816161186e-05,43499,,2.283729076385498,,2.0200154781341553,,0.4888751208782196,,0.2611198425292969
,5424.0,17,5.539310222957283e-05,43549,,3.896078109741211,,1.5961077213287354,,0.48896053433418274,,0.2611932158470154
,5448.0,17,5.533793228096329e-05,43599,,6.19882869720459,,1.6088435649871826,,0.48904332518577576,,0.26125866174697876
,5388.0,17,5.5282758694374934e-05,43649,,3.6654152870178223,,1.5678393840789795,,0.48912426829338074,,0.2613278925418854
,5476.0,17,5.522758510778658e-05,43699,,4.073256015777588,,1.5242061614990234,,0.4892035126686096,,0.2613968849182129
,5488.0,17,5.5172415159177035e-05,43749,,3.718257188796997,,1.41804838180542,,0.4892832338809967,,0.26146018505096436
,5492.0,17,5.511724157258868e-05,43799,,4.55775785446167,,1.4439572095870972,,0.4893801510334015,,0.2615317106246948
,5532.0,17,5.506206798600033e-05,43849,,4.377726078033447,,1.5574520826339722,,0.4894578456878662,,0.2615998089313507
,5420.0,17,5.5006898037390783e-05,43899,,4.406089782714844,,1.49391508102417,,0.4895402491092682,,0.26166844367980957
,5432.0,17,5.495172445080243e-05,43949,,4.7674994468688965,,1.6486533880233765,,0.4896392524242401,,0.2617349624633789
,5452.0,17,5.489655086421408e-05,43999,,3.5436348915100098,,1.6360706090927124,,0.48972904682159424,,0.26179835200309753
,5424.0,17,5.484138091560453e-05,44049,,4.305505275726318,,1.524454951286316,,0.48981189727783203,,0.26186007261276245
,5404.0,17,5.478620732901618e-05,44099,,3.793081521987915,,1.2318415641784668,,0.48989367485046387,,0.2619282007217407
,5372.0,17,5.4731033742427826e-05,44149,,3.669250249862671,,1.5202200412750244,,0.4899669885635376,,0.26198887825012207
,5380.0,17,5.467586379381828e-05,44199,,3.8512003421783447,,1.3575682640075684,,0.4900484085083008,,0.2620545029640198
,5456.0,17,5.462069020722993e-05,44249,,4.394330978393555,,1.3800101280212402,,0.49012696743011475,,0.2621196508407593
,5404.0,17,5.4565516620641574e-05,44299,,5.479698181152344,,1.0921941995620728,,0.4902034103870392,,0.262186199426651
,5480.0,17,5.451034303405322e-05,44349,,3.2295727729797363,,1.807599663734436,,0.4902905523777008,,0.26225876808166504
,5484.0,17,5.4455173085443676e-05,44399,,3.488312244415283,,1.6653015613555908,,0.49037081003189087,,0.2623233497142792
,5524.0,17,5.439999949885532e-05,44449,,4.382678031921387,,1.3317642211914062,,0.49046069383621216,,0.26238808035850525
,5388.0,17,5.434482591226697e-05,44499,,3.724257707595825,,1.0863316059112549,,0.4905521869659424,,0.2624582052230835
,5456.0,17,5.4289655963657424e-05,44549,,3.526132583618164,,1.491844654083252,,0.490633100271225,,0.26251867413520813
,5456.0,17,5.423448237706907e-05,44599,,4.018434047698975,,1.886557698249817,,0.4907086491584778,,0.2625812590122223
,5440.0,17,5.417930879048072e-05,44649,,4.584101676940918,,1.5548428297042847,,0.4907868504524231,,0.262647807598114
,5392.0,17,5.412413884187117e-05,44699,,4.114657402038574,,1.3803099393844604,,0.4908551573753357,,0.2627217173576355
,5456.0,17,5.406896525528282e-05,44749,,4.119002819061279,,1.452845573425293,,0.49092555046081543,,0.2627827525138855
,5492.0,17,5.4013791668694466e-05,44799,,5.452361583709717,,1.0902817249298096,,0.49101170897483826,,0.26284483075141907
,5500.0,17,5.395862172008492e-05,44849,,4.81533670425415,,1.182119369506836,,0.49109768867492676,,0.26290830969810486
,5512.0,17,5.390344813349657e-05,44899,,4.462164402008057,,1.3984627723693848,,0.49117547273635864,,0.2629691958427429
,5484.0,17,5.3848274546908215e-05,44949,,4.23962926864624,,1.407796859741211,,0.4912504255771637,,0.2630270719528198
,5412.0,17,5.379310459829867e-05,44999,,5.016051292419434,,1.4259294271469116,,0.49132588505744934,,0.26309487223625183
,5472.0,17,5.3737931011710316e-05,45049,,3.832892417907715,,1.106577754020691,,0.4914078116416931,,0.26315757632255554
,5492.0,17,5.368275742512196e-05,45099,,4.63900899887085,,1.453233242034912,,0.49148160219192505,,0.26322996616363525
5461.208984375,,17,,45143,4.028419017791748,,1.4873039722442627,,0.4895257353782654,,0.26162537932395935,
,5516.0,18,5.362758747651242e-05,45149,,4.896998882293701,,1.3104979991912842,,0.4915643036365509,,0.26329365372657776
,5548.0,18,5.3572413889924064e-05,45199,,3.564237117767334,,1.631147861480713,,0.4916471838951111,,0.26335373520851135
,5484.0,18,5.351724030333571e-05,45249,,3.0436720848083496,,1.769751787185669,,0.4917246103286743,,0.26341596245765686
,5456.0,18,5.3462070354726166e-05,45299,,3.5690464973449707,,1.5172981023788452,,0.4917925000190735,,0.2634850740432739
,5488.0,18,5.340689676813781e-05,45349,,4.2913594245910645,,1.5652425289154053,,0.49186697602272034,,0.26355764269828796
,5492.0,18,5.335172318154946e-05,45399,,5.1351704597473145,,1.1031575202941895,,0.4919355511665344,,0.26361939311027527
,5432.0,18,5.3296553232939914e-05,45449,,4.55031681060791,,1.1022043228149414,,0.4920233488082886,,0.2636772394180298
,5464.0,18,5.324137964635156e-05,45499,,3.4311084747314453,,1.9235142469406128,,0.49210870265960693,,0.2637432813644409
,5480.0,18,5.318620605976321e-05,45549,,4.231644630432129,,1.6376383304595947,,0.4921954870223999,,0.2638130486011505
,5432.0,18,5.313103611115366e-05,45599,,5.443751335144043,,1.0887750387191772,,0.49227094650268555,,0.263881117105484
,5432.0,18,5.307586252456531e-05,45649,,4.584896087646484,,1.2730679512023926,,0.49235063791275024,,0.26394417881965637
,5464.0,18,5.3020688937976956e-05,45699,,4.478734493255615,,1.172589898109436,,0.4924275577068329,,0.26400232315063477
,5552.0,18,5.296551898936741e-05,45749,,2.6383519172668457,,1.774025797843933,,0.4925045669078827,,0.2640730142593384
,5456.0,18,5.291034540277906e-05,45799,,3.611307144165039,,1.53085458278656,,0.4925684332847595,,0.264137327671051
,5512.0,18,5.2855171816190705e-05,45849,,3.3703811168670654,,1.941523790359497,,0.4926522374153137,,0.2642090618610382
,5392.0,18,5.279999822960235e-05,45899,,5.983138561248779,,1.492905616760254,,0.4927275776863098,,0.2642744183540344
,5384.0,18,5.2744828280992806e-05,45949,,3.9763271808624268,,1.202662467956543,,0.4928012490272522,,0.2643342912197113
,5484.0,18,5.268965469440445e-05,45999,,2.898833751678467,,1.640006184577942,,0.4928831458091736,,0.264396607875824
,5552.0,18,5.26344811078161e-05,46049,,4.040506839752197,,1.5546194314956665,,0.49296092987060547,,0.2644611895084381
,5452.0,18,5.2579311159206554e-05,46099,,2.9662768840789795,,1.5502052307128906,,0.4930354952812195,,0.26451805233955383
,5424.0,18,5.25241375726182e-05,46149,,4.193582057952881,,1.433255910873413,,0.4931146800518036,,0.26458725333213806
,5516.0,18,5.246896398602985e-05,46199,,3.7739226818084717,,1.589340090751648,,0.49318283796310425,,0.2646518647670746
,5512.0,18,5.24137940374203e-05,46249,,4.433365821838379,,1.7346911430358887,,0.49326470494270325,,0.26471713185310364
,5472.0,18,5.235862045083195e-05,46299,,4.676718711853027,,1.6767371892929077,,0.493346244096756,,0.26479190587997437
,5396.0,18,5.23034468642436e-05,46349,,3.717120885848999,,1.1203402280807495,,0.4934268295764923,,0.26486754417419434
,5420.0,18,5.224827691563405e-05,46399,,4.438000202178955,,1.3212063312530518,,0.4935048222541809,,0.26492810249328613
,5476.0,18,5.21931033290457e-05,46449,,3.7822487354278564,,1.6985841989517212,,0.4935839772224426,,0.26499709486961365
,5404.0,18,5.2137929742457345e-05,46499,,3.4643373489379883,,1.6445587873458862,,0.493664413690567,,0.2650716006755829
,5432.0,18,5.20827597938478e-05,46549,,3.739744186401367,,1.3482494354248047,,0.4937441945075989,,0.2651435136795044
,5460.0,18,5.2027586207259446e-05,46599,,3.737640857696533,,1.4035624265670776,,0.4938148260116577,,0.2652095556259155
,5464.0,18,5.1972412620671093e-05,46649,,3.5881927013397217,,1.9248753786087036,,0.4938866198062897,,0.2652739882469177
,5500.0,18,5.191724267206155e-05,46699,,5.013482093811035,,1.195790410041809,,0.49396342039108276,,0.26533907651901245
,5476.0,18,5.1862069085473195e-05,46749,,3.2445595264434814,,1.6953282356262207,,0.4940309524536133,,0.2654060125350952
,5492.0,18,5.180689549888484e-05,46799,,4.610496520996094,,1.5168368816375732,,0.4941098690032959,,0.2654753625392914
,5504.0,18,5.1751725550275296e-05,46849,,5.179213523864746,,1.0789114236831665,,0.49418389797210693,,0.2655441164970398
,5432.0,18,5.169655196368694e-05,46899,,5.610806941986084,,1.1200519800186157,,0.4942599833011627,,0.26561176776885986
,5512.0,18,5.164137837709859e-05,46949,,4.892591953277588,,1.2071521282196045,,0.49433404207229614,,0.26567673683166504
,5428.0,18,5.1586208428489044e-05,46999,,4.252870559692383,,1.3989142179489136,,0.4944036304950714,,0.2657371163368225
,5520.0,18,5.153103484190069e-05,47049,,5.138401508331299,,1.737337350845337,,0.49447116255760193,,0.2658020257949829
,5492.0,18,5.147586125531234e-05,47099,,5.496466636657715,,1.184370517730713,,0.494552880525589,,0.26587480306625366
,5412.0,18,5.142069130670279e-05,47149,,4.477101802825928,,1.534835696220398,,0.4946342706680298,,0.26594552397727966
,5424.0,18,5.136551772011444e-05,47199,,3.373457908630371,,1.4442561864852905,,0.49470949172973633,,0.2660103440284729
,5372.0,18,5.131034413352609e-05,47249,,4.558515548706055,,1.4644172191619873,,0.4947788119316101,,0.26608389616012573
,5432.0,18,5.125517418491654e-05,47299,,4.857055187225342,,1.4066029787063599,,0.494841068983078,,0.26614704728126526
,5548.0,18,5.120000059832819e-05,47349,,3.459031581878662,,1.8356194496154785,,0.4949228763580322,,0.26621919870376587
,5376.0,18,5.1144827011739835e-05,47399,,5.665700435638428,,1.6319659948349,,0.49500414729118347,,0.2662818431854248
,5412.0,18,5.108965342515148e-05,47449,,4.058901786804199,,1.4741733074188232,,0.49507400393486023,,0.266340970993042
,5500.0,18,5.1034483476541936e-05,47499,,4.808539867401123,,1.6562161445617676,,0.4951484501361847,,0.2664042115211487
,5508.0,18,5.0979309889953583e-05,47549,,4.056763172149658,,1.017282247543335,,0.4952212870121002,,0.266471803188324
,5424.0,18,5.092413630336523e-05,47599,,3.3654367923736572,,1.7620835304260254,,0.49528923630714417,,0.2665354609489441
,5416.0,18,5.0868966354755685e-05,47649,,3.640860080718994,,1.525899887084961,,0.4953588545322418,,0.2665993571281433
5461.7607421875,,18,,47651,4.165327072143555,,1.475478172302246,,0.4934979975223541,,0.26494455337524414,
,5492.0,19,5.081379276816733e-05,47699,,5.355213165283203,,0.9508068561553955,,0.49543991684913635,,0.2666640877723694
,5468.0,19,5.075861918157898e-05,47749,,5.414793491363525,,1.4533514976501465,,0.49551132321357727,,0.26672688126564026
,5516.0,19,5.070344923296943e-05,47799,,3.2142834663391113,,1.5801855325698853,,0.4955867826938629,,0.26678144931793213
,5452.0,19,5.064827564638108e-05,47849,,4.031881809234619,,1.4881261587142944,,0.49566274881362915,,0.2668434977531433
,5504.0,19,5.059310205979273e-05,47899,,3.9898016452789307,,1.5076689720153809,,0.4957382380962372,,0.26690468192100525
,5472.0,19,5.053793211118318e-05,47949,,4.893878936767578,,1.710019588470459,,0.49580755829811096,,0.26696521043777466
,5524.0,19,5.048275852459483e-05,47999,,5.077895164489746,,1.3928484916687012,,0.4958827793598175,,0.26703304052352905
,5436.0,19,5.0427584938006476e-05,48049,,4.1147990226745605,,1.3772671222686768,,0.4959579110145569,,0.26709747314453125
,5456.0,19,5.037241498939693e-05,48099,,2.760354995727539,,1.824012279510498,,0.4960271120071411,,0.267167329788208
,5456.0,19,5.031724140280858e-05,48149,,4.705837726593018,,1.3703724145889282,,0.49609890580177307,,0.2672382891178131
,5484.0,19,5.0262067816220224e-05,48199,,3.2581536769866943,,1.7369681596755981,,0.4961688816547394,,0.26730436086654663
,5536.0,19,5.020689786761068e-05,48249,,6.252108097076416,,1.4210125207901,,0.49623438715934753,,0.26737290620803833
,5484.0,19,5.0151724281022325e-05,48299,,3.1096956729888916,,1.519921898841858,,0.49630600214004517,,0.2674350142478943
,5488.0,19,5.009655069443397e-05,48349,,4.738080024719238,,1.4753862619400024,,0.4963740110397339,,0.26750239729881287
,5468.0,19,5.0041380745824426e-05,48399,,4.3077168464660645,,1.2507548332214355,,0.4964417815208435,,0.2675640285015106
,5556.0,19,4.9986207159236073e-05,48449,,4.6024298667907715,,1.2336208820343018,,0.49651017785072327,,0.2676268219947815
,5448.0,19,4.993103357264772e-05,48499,,3.1099867820739746,,1.549507975578308,,0.49658045172691345,,0.2676934599876404
,5376.0,19,4.9875863624038175e-05,48549,,5.17643404006958,,1.0186381340026855,,0.49665361642837524,,0.2677525281906128
,5524.0,19,4.982069003744982e-05,48599,,4.3839592933654785,,1.2260053157806396,,0.49672555923461914,,0.2678012549877167
,5480.0,19,4.976551645086147e-05,48649,,4.379077434539795,,1.4882243871688843,,0.49679696559906006,,0.26786598563194275
,5480.0,19,4.971034650225192e-05,48699,,3.577803373336792,,1.3393166065216064,,0.4968710243701935,,0.26792868971824646
,5456.0,19,4.965517291566357e-05,48749,,5.023845195770264,,1.405574917793274,,0.49694180488586426,,0.2680012583732605
,5444.0,19,4.959999932907522e-05,48799,,2.1734702587127686,,1.6538292169570923,,0.49701806902885437,,0.2680615782737732
,5380.0,19,4.954482938046567e-05,48849,,4.793731212615967,,1.1754382848739624,,0.4970906972885132,,0.2681195139884949
,5492.0,19,4.948965579387732e-05,48899,,3.5425400733947754,,1.867183804512024,,0.49715572595596313,,0.2681846618652344
,5540.0,19,4.9434482207288966e-05,48949,,3.705092668533325,,1.7068586349487305,,0.4972213804721832,,0.2682434022426605
,5452.0,19,4.937930862070061e-05,48999,,4.0555338859558105,,1.5940321683883667,,0.49728745222091675,,0.26830482482910156
,5560.0,19,4.932413867209107e-05,49049,,4.991183280944824,,1.7984064817428589,,0.49735844135284424,,0.26836228370666504
,5440.0,19,4.9268965085502714e-05,49099,,3.750847339630127,,1.9625903367996216,,0.4974316358566284,,0.26842284202575684
,5504.0,19,4.921379149891436e-05,49149,,4.175674915313721,,1.8946659564971924,,0.49750232696533203,,0.2684887647628784
,5504.0,19,4.9158621550304815e-05,49199,,4.140870094299316,,1.4870442152023315,,0.49756568670272827,,0.26855388283729553
,5412.0,19,4.910344796371646e-05,49249,,6.382835865020752,,1.163949966430664,,0.4976373612880707,,0.2686234712600708
,5484.0,19,4.904827437712811e-05,49299,,6.574395656585693,,1.4155021905899048,,0.49771207571029663,,0.26868879795074463
,5552.0,19,4.8993104428518564e-05,49349,,4.486968994140625,,1.2106678485870361,,0.4977785646915436,,0.2687477767467499
,5508.0,19,4.893793084193021e-05,49399,,5.831323623657227,,1.375659465789795,,0.49785304069519043,,0.2688116431236267
,5480.0,19,4.888275725534186e-05,49449,,4.975272178649902,,1.2798879146575928,,0.4979214072227478,,0.2688792943954468
,5360.0,19,4.882758730673231e-05,49499,,5.1759490966796875,,1.4682507514953613,,0.4979962408542633,,0.2689371109008789
,5384.0,19,4.877241372014396e-05,49549,,4.608823776245117,,1.4071444272994995,,0.4980665445327759,,0.2689943313598633
,5504.0,19,4.8717240133555606e-05,49599,,5.489545822143555,,1.3913089036941528,,0.4981353282928467,,0.26905179023742676
,5500.0,19,4.866207018494606e-05,49649,,4.0835113525390625,,1.9025624990463257,,0.49820271134376526,,0.2691024839878082
,5472.0,19,4.860689659835771e-05,49699,,3.0701377391815186,,1.6829235553741455,,0.49826860427856445,,0.26915982365608215
,5452.0,19,4.8551723011769354e-05,49749,,4.664835453033447,,1.3027864694595337,,0.49833929538726807,,0.26921647787094116
,5464.0,19,4.849655306315981e-05,49799,,4.000124931335449,,1.4385508298873901,,0.49840542674064636,,0.26927685737609863
,5448.0,19,4.8441379476571456e-05,49849,,5.185798168182373,,0.9473680853843689,,0.4984792172908783,,0.2693271040916443
,5480.0,19,4.83862058899831e-05,49899,,5.308375358581543,,1.6346017122268677,,0.4985552430152893,,0.2693871855735779
,5384.0,19,4.833103594137356e-05,49949,,4.694610118865967,,1.4066033363342285,,0.4986305236816406,,0.26944777369499207
,5508.0,19,4.8275862354785204e-05,49999,,4.371915340423584,,1.6563788652420044,,0.49869704246520996,,0.26952099800109863
,5416.0,19,4.822068876819685e-05,50049,,3.6861870288848877,,1.6899526119232178,,0.49876147508621216,,0.26957985758781433
,5508.0,19,4.8165518819587305e-05,50099,,4.540710926055908,,1.4225132465362549,,0.49882400035858154,,0.2696445882320404
,5452.0,19,4.811034523299895e-05,50149,,4.120048999786377,,1.6416137218475342,,0.4988860785961151,,0.26970651745796204
5463.19091796875,,19,,50159,4.359127044677734,,1.4672306776046753,,0.49716854095458984,,0.26818621158599854,
,5424.0,20,4.80551716464106e-05,50199,,4.750795841217041,,1.4022929668426514,,0.49895423650741577,,0.2697664499282837
,5472.0,20,4.8000001697801054e-05,50249,,2.8110203742980957,,1.5858588218688965,,0.49902012944221497,,0.26982569694519043
,5384.0,20,4.79448281112127e-05,50299,,5.69454288482666,,0.8806699514389038,,0.499085932970047,,0.26988279819488525
,5484.0,20,4.788965452462435e-05,50349,,3.804828643798828,,1.5266835689544678,,0.49914994835853577,,0.26994815468788147
,5432.0,20,4.78344845760148e-05,50399,,5.509894371032715,,1.3946306705474854,,0.49921947717666626,,0.27000489830970764
,5436.0,20,4.777931098942645e-05,50449,,3.0541093349456787,,1.708076000213623,,0.4992905259132385,,0.2700512409210205
,5436.0,20,4.7724137402838096e-05,50499,,4.3222880363464355,,1.367263674736023,,0.49935823678970337,,0.27011752128601074
,5460.0,20,4.766896381624974e-05,50549,,5.2235331535339355,,1.3254197835922241,,0.4994211196899414,,0.2701758146286011
,5492.0,20,4.76137938676402e-05,50599,,4.15821647644043,,1.6546727418899536,,0.4994889497756958,,0.27023717761039734
,5464.0,20,4.7558620281051844e-05,50649,,3.466888666152954,,1.6984487771987915,,0.4995535612106323,,0.27030041813850403
,5496.0,20,4.750344669446349e-05,50699,,3.986382007598877,,1.8461967706680298,,0.4996263384819031,,0.27036309242248535
,5416.0,20,4.7448276745853946e-05,50749,,4.759098052978516,,1.5185097455978394,,0.49969232082366943,,0.2704172730445862
,5472.0,20,4.739310315926559e-05,50799,,3.5295116901397705,,1.8170400857925415,,0.4997522234916687,,0.27047935128211975
,5404.0,20,4.733792957267724e-05,50849,,4.184207439422607,,1.28664231300354,,0.4998261332511902,,0.27054041624069214
,5452.0,20,4.7282759624067694e-05,50899,,6.319782257080078,,0.9722195863723755,,0.4998965859413147,,0.2706003487110138
,5536.0,20,4.722758603747934e-05,50949,,3.979783773422241,,1.7961156368255615,,0.49996548891067505,,0.2706593871116638
,5484.0,20,4.717241245089099e-05,50999,,2.674877166748047,,1.5610904693603516,,0.5000296831130981,,0.2707158327102661
,5456.0,20,4.711724250228144e-05,51049,,4.819782257080078,,1.201473355293274,,0.5000967979431152,,0.2707692086696625
,5464.0,20,4.706206891569309e-05,51099,,5.0380072593688965,,1.5064505338668823,,0.5001688599586487,,0.2708236873149872
,5496.0,20,4.7006895329104736e-05,51149,,4.758820056915283,,1.5813199281692505,,0.5002326965332031,,0.27087700366973877
,5460.0,20,4.695172538049519e-05,51199,,4.531286716461182,,1.188473105430603,,0.5002980828285217,,0.27093756198883057
,5516.0,20,4.689655179390684e-05,51249,,5.023200035095215,,1.2050249576568604,,0.500364363193512,,0.27099496126174927
,5404.0,20,4.6841378207318485e-05,51299,,3.926342725753784,,1.8351950645446777,,0.5004227757453918,,0.27104803919792175
,5488.0,20,4.678620825870894e-05,51349,,4.3914618492126465,,1.7647767066955566,,0.500495433807373,,0.2711047828197479
,5524.0,20,4.6731034672120586e-05,51399,,4.0853800773620605,,1.6019893884658813,,0.5005588531494141,,0.2711629569530487
,5472.0,20,4.667586108553223e-05,51449,,5.013392448425293,,1.6347112655639648,,0.5006253123283386,,0.2712206542491913
,5440.0,20,4.662069113692269e-05,51499,,4.615609645843506,,2.001913547515869,,0.5006915926933289,,0.2712758183479309
,5520.0,20,4.6565517550334334e-05,51549,,4.0460357666015625,,1.6240490674972534,,0.5007429122924805,,0.2713205814361572
,5440.0,20,4.651034396374598e-05,51599,,4.356052398681641,,1.416700005531311,,0.5008069276809692,,0.27137619256973267
,5448.0,20,4.6455174015136436e-05,51649,,3.5529823303222656,,1.548042893409729,,0.5008701086044312,,0.2714313864707947
,5528.0,20,4.640000042854808e-05,51699,,5.102231979370117,,1.2788304090499878,,0.5009344816207886,,0.27149197459220886
,5452.0,20,4.634482684195973e-05,51749,,3.5697760581970215,,1.5588457584381104,,0.5010030269622803,,0.27154913544654846
,5528.0,20,4.6289656893350184e-05,51799,,5.435474395751953,,1.303053855895996,,0.501067042350769,,0.27160581946372986
,5496.0,20,4.623448330676183e-05,51849,,3.7508838176727295,,1.7838307619094849,,0.501129150390625,,0.27166348695755005
,5412.0,20,4.617930972017348e-05,51899,,4.661102294921875,,1.0167465209960938,,0.5011941194534302,,0.27172890305519104
,5480.0,20,4.6124136133585125e-05,51949,,2.4754998683929443,,1.4593015909194946,,0.5012557506561279,,0.2717858552932739
,5392.0,20,4.606896618497558e-05,51999,,3.9448442459106445,,1.187383770942688,,0.5013206005096436,,0.2718394100666046
,5452.0,20,4.6013792598387226e-05,52049,,5.177696704864502,,1.1818697452545166,,0.5013744235038757,,0.2718934416770935
,5440.0,20,4.5958619011798874e-05,52099,,4.759300231933594,,1.1712099313735962,,0.501434326171875,,0.2719496488571167
,5516.0,20,4.590344906318933e-05,52149,,3.56215238571167,,1.4809620380401611,,0.5014996528625488,,0.27200284600257874
,5424.0,20,4.5848275476600975e-05,52199,,3.8708205223083496,,1.6575205326080322,,0.50156170129776,,0.27206310629844666
,5452.0,20,4.579310189001262e-05,52249,,4.666646957397461,,1.6447935104370117,,0.501628041267395,,0.27211683988571167
,5500.0,20,4.5737931941403076e-05,52299,,8.460829734802246,,0.9592025279998779,,0.5016930103302002,,0.2721690237522125
,5440.0,20,4.568275835481472e-05,52349,,5.602428436279297,,1.165771245956421,,0.5017632246017456,,0.2722286581993103
,5448.0,20,4.562758476822637e-05,52399,,5.151421070098877,,1.3412721157073975,,0.5018290877342224,,0.27228403091430664
,5416.0,20,4.5572414819616824e-05,52449,,4.2183942794799805,,1.4892816543579102,,0.5018905997276306,,0.2723411023616791
,5480.0,20,4.551724123302847e-05,52499,,4.403963565826416,,1.5766361951828003,,0.5019581317901611,,0.2723903954029083
,5456.0,20,4.546206764644012e-05,52549,,5.593723297119141,,1.299757719039917,,0.502023458480835,,0.2724502980709076
,5488.0,20,4.540689769783057e-05,52599,,4.754043102264404,,1.4201834201812744,,0.5020862817764282,,0.2724965810775757
,5444.0,20,4.535172411124222e-05,52649,,5.661856651306152,,1.2209616899490356,,0.502148449420929,,0.27254772186279297
5463.32763671875,,20,,52667,4.456193447113037,,1.467131495475769,,0.5005687475204468,,0.27117517590522766,
,5492.0,21,4.529655052465387e-05,52699,,5.212223052978516,,1.408276915550232,,0.5022077560424805,,0.2726040482521057
,5468.0,21,4.524138057604432e-05,52749,,3.785121440887451,,1.5958307981491089,,0.5022794008255005,,0.2726476788520813
,5492.0,21,4.518620698945597e-05,52799,,5.2424750328063965,,1.3962712287902832,,0.5023361444473267,,0.2726954221725464
,5476.0,21,4.5131033402867615e-05,52849,,4.043774127960205,,1.608670711517334,,0.5024001598358154,,0.2727414071559906
,5500.0,21,4.507586345425807e-05,52899,,6.139601707458496,,1.2556736469268799,,0.5024706721305847,,0.2727896273136139
,5472.0,21,4.5020689867669716e-05,52949,,4.5564069747924805,,1.4575539827346802,,0.5025367736816406,,0.272849977016449
,5388.0,21,4.4965516281081364e-05,52999,,3.995532274246216,,1.4817242622375488,,0.5025922656059265,,0.2729029059410095
,5420.0,21,4.491034633247182e-05,53049,,5.290238380432129,,1.190308928489685,,0.5026601552963257,,0.27295634150505066
,5396.0,21,4.4855172745883465e-05,53099,,4.91834831237793,,1.196170449256897,,0.5027201175689697,,0.2730123698711395
,5504.0,21,4.479999915929511e-05,53149,,3.922956705093384,,1.7311804294586182,,0.50278240442276,,0.2730675935745239
,5452.0,21,4.4744829210685566e-05,53199,,4.667041778564453,,1.51973295211792,,0.5028438568115234,,0.2731250822544098
,5476.0,21,4.468965562409721e-05,53249,,4.415712356567383,,1.5333952903747559,,0.5029088854789734,,0.27317991852760315
,5500.0,21,4.463448203750886e-05,53299,,4.6334333419799805,,1.2901525497436523,,0.5029717683792114,,0.2732381820678711
,5508.0,21,4.4579312088899314e-05,53349,,6.227048873901367,,1.0643733739852905,,0.5030399560928345,,0.27329912781715393
,5472.0,21,4.452413850231096e-05,53399,,3.6348676681518555,,1.6249505281448364,,0.503103494644165,,0.27336519956588745
,5444.0,21,4.446896491572261e-05,53449,,6.830087661743164,,1.2148715257644653,,0.503167986869812,,0.2734173536300659
,5512.0,21,4.4413791329134256e-05,53499,,5.369133472442627,,1.4309437274932861,,0.5032275915145874,,0.2734720706939697
,5484.0,21,4.435862138052471e-05,53549,,5.011687755584717,,1.3881163597106934,,0.503287672996521,,0.2735366225242615
,5412.0,21,4.430344779393636e-05,53599,,4.962970733642578,,1.5388761758804321,,0.5033466815948486,,0.2735932469367981
,5404.0,21,4.4248274207348004e-05,53649,,6.558605194091797,,0.8752928376197815,,0.5034070611000061,,0.27364397048950195
,5472.0,21,4.419310425873846e-05,53699,,4.5620222091674805,,1.1285381317138672,,0.5034710168838501,,0.2736946940422058
,5484.0,21,4.4137930672150105e-05,53749,,4.352550506591797,,1.6876933574676514,,0.5035388469696045,,0.27375727891921997
,5432.0,21,4.408275708556175e-05,53799,,5.786873817443848,,1.0720266103744507,,0.5036029815673828,,0.2738145589828491
,5484.0,21,4.4027587136952206e-05,53849,,4.36543083190918,,1.5772536993026733,,0.5036599040031433,,0.2738708257675171
,5468.0,21,4.3972413550363854e-05,53899,,3.0069081783294678,,1.71393620967865,,0.5037266612052917,,0.2739288806915283
,5476.0,21,4.39172399637755e-05,53949,,3.9440462589263916,,1.5820128917694092,,0.5037841200828552,,0.2739868760108948
,5440.0,21,4.3862070015165955e-05,53999,,3.504526376724243,,1.2529220581054688,,0.5038394927978516,,0.2740449607372284
,5424.0,21,4.38068964285776e-05,54049,,3.647026538848877,,1.7146620750427246,,0.5039048790931702,,0.2740914523601532
,5444.0,21,4.375172284198925e-05,54099,,4.689601898193359,,1.8224343061447144,,0.5039602518081665,,0.2741504907608032
,5448.0,21,4.36965528933797e-05,54149,,6.908967018127441,,1.27426016330719,,0.5040231347084045,,0.2742084860801697
,5500.0,21,4.364137930679135e-05,54199,,3.453598976135254,,1.685502290725708,,0.5040895342826843,,0.27426010370254517
,5520.0,21,4.3586205720203e-05,54249,,4.4412736892700195,,1.1451401710510254,,0.5041369199752808,,0.27430540323257446
,5424.0,21,4.353103577159345e-05,54299,,5.905133247375488,,1.341377854347229,,0.5041958093643188,,0.2743610739707947
,5412.0,21,4.34758621850051e-05,54349,,4.554717540740967,,1.6870187520980835,,0.5042562484741211,,0.2744097113609314
,5416.0,21,4.3420688598416746e-05,54399,,4.110610485076904,,1.8144125938415527,,0.5043192505836487,,0.27446043491363525
,5476.0,21,4.33655186498072e-05,54449,,4.074233531951904,,1.399651050567627,,0.5043747425079346,,0.2745116353034973
,5416.0,21,4.331034506321885e-05,54499,,4.854276180267334,,1.4812356233596802,,0.5044348239898682,,0.27456721663475037
,5480.0,21,4.3255171476630494e-05,54549,,4.962521553039551,,1.447627305984497,,0.5044887065887451,,0.27462124824523926
,5460.0,21,4.320000152802095e-05,54599,,3.451388359069824,,1.609463095664978,,0.5045517086982727,,0.2746730148792267
,5416.0,21,4.3144827941432595e-05,54649,,3.4553301334381104,,1.9923806190490723,,0.5046079754829407,,0.27472203969955444
,5344.0,21,4.308965435484424e-05,54699,,5.0709943771362305,,1.459526777267456,,0.5046641826629639,,0.27476683259010315
,5500.0,21,4.3034484406234697e-05,54749,,4.775341033935547,,1.3670213222503662,,0.504726767539978,,0.2748207151889801
,5496.0,21,4.2979310819646344e-05,54799,,5.047537803649902,,1.7326061725616455,,0.5047886371612549,,0.2748742699623108
,5444.0,21,4.292413723305799e-05,54849,,4.326653957366943,,1.7800407409667969,,0.5048494338989258,,0.2749202847480774
,5484.0,21,4.2868967284448445e-05,54899,,2.90472149848938,,1.7325276136398315,,0.5049079656600952,,0.2749708592891693
,5440.0,21,4.281379369786009e-05,54949,,4.458368301391602,,1.5527418851852417,,0.5049642324447632,,0.2750304341316223
,5444.0,21,4.275862011127174e-05,54999,,5.587306022644043,,1.4029276371002197,,0.5050215125083923,,0.275077760219574
,5524.0,21,4.2703446524683386e-05,55049,,4.1642374992370605,,1.7613506317138672,,0.5050707459449768,,0.2751389145851135
,5468.0,21,4.264827657607384e-05,55099,,4.963713645935059,,1.4301693439483643,,0.5051330924034119,,0.2751905918121338
,5368.0,21,4.259310298948549e-05,55149,,5.466179847717285,,1.276513695716858,,0.5051931738853455,,0.27524465322494507
5462.28369140625,,21,,55175,4.56726598739624,,1.461791753768921,,0.5037405490875244,,0.27393653988838196,
,5412.0,22,4.2537929402897134e-05,55199,,4.087182998657227,,1.5298835039138794,,0.505259096622467,,0.2753032445907593
,5468.0,22,4.248275945428759e-05,55249,,4.597713947296143,,1.4563299417495728,,0.5053096413612366,,0.2753554880619049
,5472.0,22,4.2427585867699236e-05,55299,,4.207850456237793,,1.416398048400879,,0.5053675770759583,,0.27540990710258484
,5460.0,22,4.237241228111088e-05,55349,,3.4308242797851562,,1.6017853021621704,,0.5054253935813904,,0.27546432614326477
,5420.0,22,4.231724233250134e-05,55399,,4.431381702423096,,0.9868136644363403,,0.5054835677146912,,0.2755168676376343
,5488.0,22,4.2262068745912984e-05,55449,,5.549320220947266,,0.8444384336471558,,0.5055427551269531,,0.27556413412094116
,5468.0,22,4.220689515932463e-05,55499,,4.832187652587891,,1.3733307123184204,,0.5056018233299255,,0.27562376856803894
,5440.0,22,4.2151725210715085e-05,55549,,4.64456844329834,,1.4275604486465454,,0.5056548714637756,,0.2756752073764801
,5452.0,22,4.209655162412673e-05,55599,,4.571990489959717,,1.5342087745666504,,0.5057232975959778,,0.27572697401046753
,5412.0,22,4.204137803753838e-05,55649,,4.4341044425964355,,1.4640696048736572,,0.5057809948921204,,0.27578234672546387
,5492.0,22,4.1986208088928834e-05,55699,,4.261138916015625,,1.6641415357589722,,0.5058352947235107,,0.275840163230896
,5456.0,22,4.193103450234048e-05,55749,,5.149122714996338,,1.1789151430130005,,0.5058965682983398,,0.27588796615600586
,5480.0,22,4.187586091575213e-05,55799,,4.027796745300293,,1.666925072669983,,0.5059648752212524,,0.2759302854537964
,5444.0,22,4.182069096714258e-05,55849,,6.011984348297119,,1.0714621543884277,,0.5060226321220398,,0.2759774923324585
,5456.0,22,4.176551738055423e-05,55899,,5.541489601135254,,1.1017656326293945,,0.5060863494873047,,0.27603137493133545
,5404.0,22,4.1710343793965876e-05,55949,,3.1906158924102783,,1.4982216358184814,,0.5061451196670532,,0.27608421444892883
,5556.0,22,4.165517384535633e-05,55999,,4.05936336517334,,1.4623687267303467,,0.5062083601951599,,0.27613580226898193
,5436.0,22,4.160000025876798e-05,56049,,4.3885416984558105,,1.4797778129577637,,0.5062655210494995,,0.27618831396102905
,5528.0,22,4.1544826672179624e-05,56099,,6.066737651824951,,1.019323468208313,,0.5063182711601257,,0.2762407660484314
,5496.0,22,4.148965672357008e-05,56149,,5.856911659240723,,1.087920904159546,,0.5063773989677429,,0.27629274129867554
,5484.0,22,4.1434483136981726e-05,56199,,5.96082878112793,,0.9615685343742371,,0.506434440612793,,0.276349812746048
,5464.0,22,4.137930955039337e-05,56249,,4.541522026062012,,1.367087721824646,,0.5064891576766968,,0.27640506625175476
,5376.0,22,4.132413960178383e-05,56299,,2.582860231399536,,1.1856169700622559,,0.5065514445304871,,0.2764562666416168
,5480.0,22,4.1268966015195474e-05,56349,,5.183542728424072,,1.6432125568389893,,0.5066095590591431,,0.27650561928749084
,5376.0,22,4.121379242860712e-05,56399,,5.455828666687012,,1.372558355331421,,0.5066655874252319,,0.2765602469444275
,5416.0,22,4.1158622479997575e-05,56449,,5.5513482093811035,,1.7896746397018433,,0.5067168474197388,,0.27661561965942383
,5500.0,22,4.110344889340922e-05,56499,,4.985222816467285,,1.2212097644805908,,0.5067721009254456,,0.27667200565338135
,5476.0,22,4.104827530682087e-05,56549,,6.2892327308654785,,1.122795581817627,,0.5068299770355225,,0.2767254114151001
,5504.0,22,4.0993101720232517e-05,56599,,4.679760932922363,,1.8584400415420532,,0.5068920254707336,,0.27677538990974426
,5440.0,22,4.093793177162297e-05,56649,,4.999341011047363,,1.2374224662780762,,0.5069482326507568,,0.2768322229385376
,5464.0,22,4.088275818503462e-05,56699,,4.636706829071045,,1.5207282304763794,,0.5070081949234009,,0.2768891453742981
,5476.0,22,4.0827584598446265e-05,56749,,4.437731742858887,,1.3233332633972168,,0.50706547498703,,0.2769337594509125
,5424.0,22,4.077241464983672e-05,56799,,5.819033622741699,,1.1772511005401611,,0.5071254372596741,,0.27698713541030884
,5444.0,22,4.0717241063248366e-05,56849,,4.878777027130127,,1.207797884941101,,0.5071859955787659,,0.2770422101020813
,5468.0,22,4.066206747666001e-05,56899,,5.04336404800415,,1.433249831199646,,0.5072418451309204,,0.2770901024341583
,5428.0,22,4.060689752805047e-05,56949,,6.427916526794434,,1.136245608329773,,0.5072943568229675,,0.2771361172199249
,5468.0,22,4.0551723941462114e-05,56999,,5.183852195739746,,1.1642659902572632,,0.5073525905609131,,0.27718234062194824
,5460.0,22,4.049655035487376e-05,57049,,5.22117280960083,,1.2540007829666138,,0.5074093341827393,,0.27723148465156555
,5496.0,22,4.0441380406264216e-05,57099,,4.559893608093262,,1.5642040967941284,,0.5074669122695923,,0.2772824764251709
,5520.0,22,4.038620681967586e-05,57149,,3.924983024597168,,1.8073049783706665,,0.5075214505195618,,0.27732715010643005
,5456.0,22,4.033103323308751e-05,57199,,3.910355806350708,,1.5365257263183594,,0.5075778961181641,,0.2773694097995758
,5376.0,22,4.0275863284477964e-05,57249,,4.292713165283203,,1.4349147081375122,,0.5076305866241455,,0.2774173319339752
,5472.0,22,4.022068969788961e-05,57299,,3.856531858444214,,1.5051543712615967,,0.5076841711997986,,0.27746957540512085
,5444.0,22,4.016551611130126e-05,57349,,3.2438886165618896,,1.4397473335266113,,0.5077417492866516,,0.27751868963241577
,5456.0,22,4.011034616269171e-05,57399,,4.158988952636719,,1.3960083723068237,,0.5077900886535645,,0.2775716483592987
,5444.0,22,4.005517257610336e-05,57449,,4.646937370300293,,1.4941502809524536,,0.5078452229499817,,0.27762261033058167
,5484.0,22,3.9999998989515007e-05,57499,,5.5259199142456055,,1.5154850482940674,,0.507897138595581,,0.27767691016197205
,5508.0,22,3.994482904090546e-05,57549,,4.772960662841797,,1.6635291576385498,,0.5079536437988281,,0.2777229845523834
,5404.0,22,3.988965545431711e-05,57599,,4.915159225463867,,1.4239075183868408,,0.5080124139785767,,0.2777761220932007
,5484.0,22,3.9834481867728755e-05,57649,,4.316410064697266,,1.483153223991394,,0.5080668926239014,,0.2778259515762329
5462.6728515625,,22,,57683,4.707475662231445,,1.4552768468856812,,0.5067000985145569,,0.27659255266189575,
,5508.0,23,3.977931191911921e-05,57699,,4.9807658195495605,,1.1324819326400757,,0.5081169009208679,,0.2778841555118561
,5452.0,23,3.9724138332530856e-05,57749,,3.4348435401916504,,1.2289437055587769,,0.5081774592399597,,0.2779344320297241
,5484.0,23,3.96689647459425e-05,57799,,6.566850185394287,,1.1071407794952393,,0.5082347393035889,,0.27798333764076233
,5404.0,23,3.961379479733296e-05,57849,,4.704092979431152,,1.2432912588119507,,0.5082813501358032,,0.2780264616012573
,5528.0,23,3.9558621210744604e-05,57899,,3.851853847503662,,1.502073049545288,,0.5083363056182861,,0.2780734896659851
,5432.0,23,3.950344762415625e-05,57949,,6.042889595031738,,1.3468188047409058,,0.5083945989608765,,0.27811169624328613
,5464.0,23,3.9448277675546706e-05,57999,,4.639573097229004,,1.3792306184768677,,0.5084488391876221,,0.27815908193588257
,5472.0,23,3.939310408895835e-05,58049,,4.653409004211426,,1.551788568496704,,0.5085004568099976,,0.27820637822151184
,5480.0,23,3.933793050237e-05,58099,,3.873924970626831,,1.3603187799453735,,0.5085592269897461,,0.27825257182121277
,5448.0,23,3.928275691578165e-05,58149,,3.726489305496216,,1.5523325204849243,,0.5086133480072021,,0.27829185128211975
,5504.0,23,3.92275869671721e-05,58199,,3.6657681465148926,,1.7072513103485107,,0.5086637735366821,,0.2783360481262207
,5504.0,23,3.917241338058375e-05,58249,,4.728083610534668,,1.579596996307373,,0.5087137222290039,,0.27837812900543213
,5504.0,23,3.9117239793995395e-05,58299,,5.468859672546387,,1.21040678024292,,0.5087676048278809,,0.2784293293952942
,5500.0,23,3.906206984538585e-05,58349,,4.137932300567627,,1.677725911140442,,0.5088210105895996,,0.2784757614135742
,5420.0,23,3.9006896258797497e-05,58399,,4.680682182312012,,1.2869149446487427,,0.5088789463043213,,0.27852654457092285
,5424.0,23,3.8951722672209144e-05,58449,,4.801356315612793,,1.2826977968215942,,0.5089372992515564,,0.27857401967048645
,5448.0,23,3.88965527235996e-05,58499,,3.324138879776001,,1.7072224617004395,,0.508991539478302,,0.2786210775375366
,5508.0,23,3.8841379137011245e-05,58549,,4.530065059661865,,1.329933762550354,,0.5090431571006775,,0.2786725163459778
,5408.0,23,3.878620555042289e-05,58599,,4.618546962738037,,1.4558383226394653,,0.5090989470481873,,0.27872025966644287
,5396.0,23,3.8731035601813346e-05,58649,,3.8002171516418457,,1.4277844429016113,,0.5091449022293091,,0.2787706255912781
,5560.0,23,3.867586201522499e-05,58699,,4.722362041473389,,1.4925360679626465,,0.5092012882232666,,0.2788187563419342
,5520.0,23,3.862068842863664e-05,58749,,3.397409677505493,,1.767982006072998,,0.5092552900314331,,0.27886760234832764
,5456.0,23,3.8565518480027094e-05,58799,,4.808324337005615,,1.5435986518859863,,0.5093076229095459,,0.278911828994751
,5436.0,23,3.851034489343874e-05,58849,,5.053069114685059,,1.3128283023834229,,0.5093661546707153,,0.2789554297924042
,5428.0,23,3.845517130685039e-05,58899,,6.463846206665039,,1.113777995109558,,0.5094173550605774,,0.27899810671806335
,5488.0,23,3.840000135824084e-05,58949,,4.116580486297607,,1.5052247047424316,,0.5094740986824036,,0.2790507674217224
,5484.0,23,3.834482777165249e-05,58999,,3.7851126194000244,,1.445879578590393,,0.5095250606536865,,0.279108464717865
,5476.0,23,3.828965418506414e-05,59049,,4.970565319061279,,1.1110574007034302,,0.5095801949501038,,0.27915507555007935
,5448.0,23,3.823448423645459e-05,59099,,6.583453178405762,,1.4540172815322876,,0.5096324682235718,,0.27920427918434143
,5452.0,23,3.817931064986624e-05,59149,,3.4547054767608643,,1.4859027862548828,,0.5096890330314636,,0.2792564332485199
,5412.0,23,3.8124137063277885e-05,59199,,5.029620170593262,,1.380481243133545,,0.5097360014915466,,0.2793031334877014
,5424.0,23,3.806896711466834e-05,59249,,4.191799163818359,,1.840673565864563,,0.509788990020752,,0.27935507893562317
,5480.0,23,3.8013793528079987e-05,59299,,6.819189548492432,,1.2607512474060059,,0.5098389387130737,,0.2794036269187927
,5404.0,23,3.7958619941491634e-05,59349,,4.877013683319092,,1.4906193017959595,,0.5098944902420044,,0.27945634722709656
,5416.0,23,3.790344999288209e-05,59399,,3.5875110626220703,,1.5134936571121216,,0.5099458694458008,,0.2795037627220154
,5404.0,23,3.7848276406293735e-05,59449,,3.3185832500457764,,1.7818723917007446,,0.5099923610687256,,0.27954572439193726
,5500.0,23,3.779310281970538e-05,59499,,5.191421031951904,,1.498149037361145,,0.5100460052490234,,0.27959585189819336
,5436.0,23,3.773792923311703e-05,59549,,5.255701065063477,,1.353995442390442,,0.5100976228713989,,0.2796427011489868
,5408.0,23,3.768275928450748e-05,59599,,4.019750118255615,,1.73271906375885,,0.5101497173309326,,0.2796955704689026
,5520.0,23,3.762758569791913e-05,59649,,3.8132262229919434,,1.5153805017471313,,0.5102005004882812,,0.2797416150569916
,5516.0,23,3.757241211133078e-05,59699,,3.9745306968688965,,1.3848018646240234,,0.5102603435516357,,0.2797890901565552
,5516.0,23,3.751724216272123e-05,59749,,4.2983832359313965,,1.3937841653823853,,0.5103154182434082,,0.27983996272087097
,5444.0,23,3.746206857613288e-05,59799,,4.075235843658447,,1.4192930459976196,,0.5103719234466553,,0.2798929512500763
,5556.0,23,3.7406894989544526e-05,59849,,5.385514736175537,,1.0306507349014282,,0.5104232430458069,,0.27994003891944885
,5476.0,23,3.735172504093498e-05,59899,,4.89259147644043,,1.5355420112609863,,0.5104828476905823,,0.2799904942512512
,5380.0,23,3.729655145434663e-05,59949,,4.521213054656982,,1.3383052349090576,,0.5105341672897339,,0.2800402045249939
,5452.0,23,3.7241377867758274e-05,59999,,4.581492900848389,,1.353592872619629,,0.5105888843536377,,0.28009235858917236
,5472.0,23,3.718620791914873e-05,60049,,5.542332172393799,,1.3208179473876953,,0.5106385946273804,,0.2801430821418762
,5448.0,23,3.7131034332560375e-05,60099,,5.1883955001831055,,1.3059718608856201,,0.510684609413147,,0.28019100427627563
,5504.0,23,3.707586074597202e-05,60149,,4.2055535316467285,,1.5871734619140625,,0.5107359886169434,,0.28023970127105713
5463.71826171875,,23,,60191,4.756626605987549,,1.4365179538726807,,0.509465217590332,,0.27906328439712524,
,5512.0,24,3.7020690797362477e-05,60199,,5.897816181182861,,1.121917724609375,,0.5107806324958801,,0.2802852392196655
,5500.0,24,3.6965517210774124e-05,60249,,5.103259563446045,,1.2857099771499634,,0.5108323693275452,,0.28033140301704407
,5424.0,24,3.691034362418577e-05,60299,,2.6281135082244873,,1.5388193130493164,,0.5108810663223267,,0.2803739905357361
,5376.0,24,3.6855173675576225e-05,60349,,3.364315986633301,,1.414591670036316,,0.5109376907348633,,0.2804234027862549
,5480.0,24,3.680000008898787e-05,60399,,6.023249626159668,,1.1240218877792358,,0.5109925270080566,,0.280473917722702
,5476.0,24,3.674482650239952e-05,60449,,5.542198181152344,,1.5559192895889282,,0.5110452175140381,,0.2805250883102417
,5512.0,24,3.668965655378997e-05,60499,,5.6944403648376465,,0.8516281247138977,,0.5110979080200195,,0.2805778980255127
,5524.0,24,3.663448296720162e-05,60549,,4.96026086807251,,1.328228235244751,,0.5111501216888428,,0.28062674403190613
,5456.0,24,3.657930938061327e-05,60599,,4.827722072601318,,1.42061448097229,,0.5112003087997437,,0.2806774973869324
,5512.0,24,3.652413943200372e-05,60649,,3.972501277923584,,1.6599863767623901,,0.5112587213516235,,0.28072643280029297
,5420.0,24,3.646896584541537e-05,60699,,4.093357563018799,,1.3161710500717163,,0.5113108158111572,,0.28077933192253113
,5512.0,24,3.6413792258827016e-05,60749,,5.546595573425293,,1.391125202178955,,0.511364221572876,,0.2808326482772827
,5580.0,24,3.635862231021747e-05,60799,,4.885680198669434,,1.222126841545105,,0.5114094614982605,,0.2808820307254791
,5500.0,24,3.630344872362912e-05,60849,,5.070723056793213,,1.3488659858703613,,0.511458158493042,,0.28092971444129944
,5480.0,24,3.6248275137040764e-05,60899,,4.833345413208008,,1.3723642826080322,,0.5114997029304504,,0.2809738516807556
,5544.0,24,3.619310518843122e-05,60949,,4.382593154907227,,1.5799777507781982,,0.5115479230880737,,0.2810240685939789
,5472.0,24,3.6137931601842865e-05,60999,,4.1131720542907715,,1.3210556507110596,,0.5115996599197388,,0.28107747435569763
,5508.0,24,3.608275801525451e-05,61049,,7.002105712890625,,1.0835235118865967,,0.511646032333374,,0.28112509846687317
,5460.0,24,3.602758442866616e-05,61099,,4.6517415046691895,,1.3463752269744873,,0.5117005109786987,,0.28116920590400696
,5472.0,24,3.5972414480056614e-05,61149,,4.520943641662598,,1.1702221632003784,,0.5117480754852295,,0.2812158465385437
,5480.0,24,3.591724089346826e-05,61199,,4.2708845138549805,,1.830793023109436,,0.511798620223999,,0.28126394748687744
,5504.0,24,3.586206730687991e-05,61249,,4.36347770690918,,1.4001911878585815,,0.5118473172187805,,0.2813122570514679
,5532.0,24,3.580689735827036e-05,61299,,4.972788333892822,,1.2358218431472778,,0.5118983387947083,,0.2813648581504822
,5544.0,24,3.575172377168201e-05,61349,,4.707423210144043,,1.3539007902145386,,0.5119488835334778,,0.2814125120639801
,5480.0,24,3.5696550185093656e-05,61399,,3.635270357131958,,1.3380634784698486,,0.5119994878768921,,0.28146475553512573
,5380.0,24,3.564138023648411e-05,61449,,5.141534805297852,,1.3234726190567017,,0.5120478272438049,,0.2815154194831848
,5536.0,24,3.558620664989576e-05,61499,,3.3302714824676514,,1.482900857925415,,0.5120996236801147,,0.28156399726867676
,5464.0,24,3.5531033063307405e-05,61549,,4.796467304229736,,1.4259772300720215,,0.5121430158615112,,0.28161564469337463
,5444.0,24,3.547586311469786e-05,61599,,5.102915287017822,,1.3821539878845215,,0.5121964812278748,,0.28165650367736816
,5488.0,24,3.5420689528109506e-05,61649,,6.283262729644775,,1.3599916696548462,,0.5122498273849487,,0.28169727325439453
,5448.0,24,3.536551594152115e-05,61699,,5.768876075744629,,1.6548737287521362,,0.5122984051704407,,0.2817414402961731
,5504.0,24,3.531034599291161e-05,61749,,7.328059673309326,,0.8670769929885864,,0.5123538970947266,,0.2817876935005188
,5456.0,24,3.5255172406323254e-05,61799,,3.903815984725952,,1.6141360998153687,,0.5124042630195618,,0.28183040022850037
,5548.0,24,3.51999988197349e-05,61849,,4.929964542388916,,1.389904499053955,,0.512450635433197,,0.2818785607814789
,5480.0,24,3.5144828871125355e-05,61899,,4.940571308135986,,1.3881624937057495,,0.5125003457069397,,0.2819250226020813
,5388.0,24,3.5089655284537e-05,61949,,4.4742817878723145,,1.3948171138763428,,0.5125490427017212,,0.2819663882255554
,5460.0,24,3.503448169794865e-05,61999,,4.026592254638672,,1.3070108890533447,,0.5126051902770996,,0.28201010823249817
,5432.0,24,3.4979311749339104e-05,62049,,5.101900577545166,,1.5340521335601807,,0.5126535296440125,,0.28206074237823486
,5504.0,24,3.492413816275075e-05,62099,,5.168976783752441,,1.4414523839950562,,0.51270592212677,,0.28210580348968506
,5524.0,24,3.48689645761624e-05,62149,,3.210765838623047,,1.677470088005066,,0.5127602815628052,,0.28214696049690247
,5488.0,24,3.481379462755285e-05,62199,,5.911230087280273,,1.4896339178085327,,0.5128077268600464,,0.28219103813171387
,5460.0,24,3.47586210409645e-05,62249,,4.041732311248779,,1.5212712287902832,,0.5128553509712219,,0.2822321057319641
,5420.0,24,3.4703447454376146e-05,62299,,5.103933334350586,,1.1169410943984985,,0.5129050612449646,,0.2822715640068054
,5484.0,24,3.46482775057666e-05,62349,,4.387207508087158,,1.4783564805984497,,0.5129576325416565,,0.2823232114315033
,5480.0,24,3.459310391917825e-05,62399,,5.552456855773926,,1.4449127912521362,,0.51300448179245,,0.28237050771713257
,5380.0,24,3.4537930332589895e-05,62449,,4.097729206085205,,1.4399248361587524,,0.5130475759506226,,0.2824128270149231
,5476.0,24,3.448276038398035e-05,62499,,4.052117347717285,,1.5661842823028564,,0.5130960941314697,,0.28245729207992554
,5476.0,24,3.4427586797391996e-05,62549,,4.244538307189941,,1.6626967191696167,,0.5131399631500244,,0.2824985384941101
,5420.0,24,3.437241321080364e-05,62599,,4.082254886627197,,1.5660375356674194,,0.5131982564926147,,0.2825482487678528
,5448.0,24,3.431723962421529e-05,62649,,4.548655986785889,,1.6495951414108276,,0.5132466554641724,,0.282595157623291
,5356.0,24,3.4262069675605744e-05,62699,,5.418119430541992,,1.2485651969909668,,0.5132884979248047,,0.28264689445495605
5462.6123046875,,24,,62699,4.84537935256958,,1.4354990720748901,,0.5120589137077332,,0.28149256110191345,
,5368.0,25,3.420689608901739e-05,62749,,4.346436977386475,,1.74089777469635,,0.513342022895813,,0.2826898992061615
,5444.0,25,3.415172250242904e-05,62799,,5.983858108520508,,1.2338835000991821,,0.5133917331695557,,0.2827363610267639
,5512.0,25,3.409655255381949e-05,62849,,3.652667284011841,,1.6518118381500244,,0.5134378671646118,,0.28277504444122314
,5460.0,25,3.404137896723114e-05,62899,,2.5679771900177,,1.000168800354004,,0.513485848903656,,0.2828194200992584
,5444.0,25,3.398620538064279e-05,62949,,5.795584201812744,,1.2341766357421875,,0.5135337114334106,,0.28286516666412354
,5600.0,25,3.393103543203324e-05,62999,,4.841753005981445,,1.848065733909607,,0.5135859251022339,,0.28290504217147827
,5472.0,25,3.387586184544489e-05,63049,,5.606729507446289,,1.5293614864349365,,0.5136347413063049,,0.2829506993293762
,5456.0,25,3.3820688258856535e-05,63099,,4.077872276306152,,1.4841420650482178,,0.5136878490447998,,0.2829957604408264
,5404.0,25,3.376551831024699e-05,63149,,4.238312244415283,,1.3997796773910522,,0.5137354731559753,,0.28303682804107666
,5448.0,25,3.3710344723658636e-05,63199,,4.75730037689209,,1.2308287620544434,,0.5137869715690613,,0.2830762267112732
,5480.0,25,3.365517113707028e-05,63249,,5.312999248504639,,1.4906221628189087,,0.5138368010520935,,0.28312480449676514
,5476.0,25,3.360000118846074e-05,63299,,7.02780818939209,,1.547080397605896,,0.5138829946517944,,0.28316691517829895
,5472.0,25,3.3544827601872385e-05,63349,,4.112123489379883,,1.5600192546844482,,0.5139328241348267,,0.2832109034061432
,5444.0,25,3.348965401528403e-05,63399,,5.209929466247559,,1.4349313974380493,,0.5139832496643066,,0.2832525670528412
,5500.0,25,3.3434484066674486e-05,63449,,5.64088249206543,,1.0890843868255615,,0.5140309929847717,,0.28329235315322876
,5432.0,25,3.337931048008613e-05,63499,,4.1522722244262695,,1.740427017211914,,0.5140761137008667,,0.28333598375320435
,5412.0,25,3.332413689349778e-05,63549,,4.130039215087891,,1.5684893131256104,,0.5141265988349915,,0.28337928652763367
,5460.0,25,3.3268966944888234e-05,63599,,5.029804706573486,,1.295257329940796,,0.5141742825508118,,0.28342586755752563
,5412.0,25,3.321379335829988e-05,63649,,3.8134868144989014,,1.9345476627349854,,0.514216959476471,,0.283467561006546
,5472.0,25,3.315861977171153e-05,63699,,4.595236778259277,,1.5554567575454712,,0.514267086982727,,0.28351303935050964
,5372.0,25,3.310344982310198e-05,63749,,3.5258498191833496,,1.327103853225708,,0.5143113732337952,,0.28355830907821655
,5512.0,25,3.304827623651363e-05,63799,,4.349985599517822,,1.6417444944381714,,0.5143528580665588,,0.2836012840270996
,5428.0,25,3.299310264992528e-05,63849,,3.182734966278076,,1.679006814956665,,0.5143952369689941,,0.28364449739456177
,5448.0,25,3.293793270131573e-05,63899,,4.82965087890625,,1.4318366050720215,,0.5144376754760742,,0.28368422389030457
,5452.0,25,3.288275911472738e-05,63949,,4.193763256072998,,1.5004521608352661,,0.51448655128479,,0.28372910618782043
,5528.0,25,3.2827585528139025e-05,63999,,4.565519332885742,,1.4129254817962646,,0.5145359039306641,,0.28377506136894226
,5484.0,25,3.277241557952948e-05,64049,,3.803112745285034,,1.5267330408096313,,0.5145779252052307,,0.283814013004303
,5524.0,25,3.2717241992941126e-05,64099,,3.527242422103882,,1.6808557510375977,,0.5146316885948181,,0.283862829208374
,5440.0,25,3.266206840635277e-05,64149,,6.078148365020752,,1.234691858291626,,0.5146809220314026,,0.2839103043079376
,5388.0,25,3.260689481976442e-05,64199,,3.0194833278656006,,1.9167762994766235,,0.5147265791893005,,0.28395095467567444
,5368.0,25,3.2551724871154875e-05,64249,,3.8811964988708496,,1.6138763427734375,,0.5147740244865417,,0.2839934229850769
,5452.0,25,3.249655128456652e-05,64299,,6.491835594177246,,1.3459300994873047,,0.514822781085968,,0.2840382158756256
,5516.0,25,3.244137769797817e-05,64349,,2.9716763496398926,,1.2434848546981812,,0.5148704051971436,,0.28408560156822205
,5468.0,25,3.238620774936862e-05,64399,,6.825937271118164,,1.2029753923416138,,0.5149142742156982,,0.28413498401641846
,5536.0,25,3.233103416278027e-05,64449,,4.2364678382873535,,1.472164273262024,,0.514964759349823,,0.2841837406158447
,5432.0,25,3.227586057619192e-05,64499,,6.0188517570495605,,1.3520346879959106,,0.5150130391120911,,0.2842320203781128
,5464.0,25,3.222069062758237e-05,64549,,3.7117888927459717,,1.5798982381820679,,0.515053927898407,,0.2842799425125122
,5436.0,25,3.216551704099402e-05,64599,,5.557984828948975,,1.4191044569015503,,0.5151032209396362,,0.2843230664730072
,5444.0,25,3.2110343454405665e-05,64649,,5.472736835479736,,1.4267151355743408,,0.5151500701904297,,0.28437212109565735
,5512.0,25,3.205517350579612e-05,64699,,4.664586544036865,,1.4463090896606445,,0.5152014493942261,,0.28441375494003296
,5468.0,25,3.199999991920777e-05,64749,,5.687203407287598,,1.3006280660629272,,0.5152519941329956,,0.28446346521377563
,5376.0,25,3.1944826332619414e-05,64799,,5.629676818847656,,1.7481449842453003,,0.5153048634529114,,0.2845073938369751
,5460.0,25,3.188965638400987e-05,64849,,3.1230244636535645,,1.7257957458496094,,0.5153475999832153,,0.2845548391342163
,5452.0,25,3.1834482797421515e-05,64899,,7.148045539855957,,1.0892844200134277,,0.5153928995132446,,0.28459569811820984
,5384.0,25,3.177930921083316e-05,64949,,5.39113712310791,,0.935160756111145,,0.5154361724853516,,0.2846425175666809
,5508.0,25,3.1724139262223616e-05,64999,,3.888244390487671,,1.4557580947875977,,0.5154794454574585,,0.28468388319015503
,5456.0,25,3.166896567563526e-05,65049,,4.79880952835083,,1.564711570739746,,0.5155284404754639,,0.2847256064414978
,5504.0,25,3.161379208904691e-05,65099,,3.4431169033050537,,1.595377802848816,,0.5155791640281677,,0.2847784757614136
,5440.0,25,3.1558622140437365e-05,65149,,4.578428268432617,,1.711944580078125,,0.5156261920928955,,0.28482380509376526
,5456.0,25,3.150344855384901e-05,65199,,3.864647626876831,,1.112876534461975,,0.5156686305999756,,0.28487151861190796
5463.49951171875,,25,,65207,4.907181262969971,,1.435966968536377,,0.5145087242126465,,0.28375381231307983,
,5464.0,26,3.144827496726066e-05,65249,,6.331491470336914,,1.2650965452194214,,0.5157167315483093,,0.2849169373512268
,5492.0,26,3.139310501865111e-05,65299,,4.390633583068848,,1.6801726818084717,,0.5157556533813477,,0.2849652171134949
,5528.0,26,3.133793143206276e-05,65349,,4.514824867248535,,1.58059823513031,,0.5157982110977173,,0.285012811422348
,5448.0,26,3.128275784547441e-05,65399,,3.5753531455993652,,1.7954381704330444,,0.5158460140228271,,0.2850523591041565
,5476.0,26,3.122758789686486e-05,65449,,5.043651103973389,,1.3808192014694214,,0.5158920288085938,,0.28509682416915894
,5400.0,26,3.117241431027651e-05,65499,,5.51890230178833,,1.5103179216384888,,0.51593416929245,,0.28514236211776733
,5532.0,26,3.1117240723688155e-05,65549,,4.5876359939575195,,1.6973023414611816,,0.5159794092178345,,0.28518807888031006
,5432.0,26,3.106207077507861e-05,65599,,5.662513732910156,,1.4855157136917114,,0.5160271525382996,,0.28523194789886475
,5404.0,26,3.100689718849026e-05,65649,,4.4204792976379395,,1.4530224800109863,,0.5160772204399109,,0.2852727770805359
,5476.0,26,3.0951723601901904e-05,65699,,5.156269550323486,,1.3540678024291992,,0.5161242485046387,,0.28531983494758606
,5428.0,26,3.089655001531355e-05,65749,,4.769253730773926,,1.3052339553833008,,0.5161669254302979,,0.28536099195480347
,5528.0,26,3.0841380066704005e-05,65799,,5.635497570037842,,1.122728705406189,,0.5162090063095093,,0.2853972911834717
,5448.0,26,3.078620648011565e-05,65849,,6.970674514770508,,1.3420697450637817,,0.5162469148635864,,0.2854408621788025
,5520.0,26,3.07310328935273e-05,65899,,6.495851039886475,,1.2861721515655518,,0.5162874460220337,,0.2854856252670288
,5452.0,26,3.067586294491775e-05,65949,,3.869985580444336,,1.539949893951416,,0.5163341164588928,,0.2855294346809387
,5524.0,26,3.06206893583294e-05,65999,,5.325329780578613,,1.3178123235702515,,0.5163750648498535,,0.28556638956069946
,5432.0,26,3.056551577174105e-05,66049,,4.669848442077637,,1.3851757049560547,,0.5164161920547485,,0.2856074273586273
,5512.0,26,3.0510344004142098e-05,66099,,6.42310094833374,,1.3335645198822021,,0.5164647698402405,,0.28564825654029846
,5472.0,26,3.045517223654315e-05,66149,,5.326496601104736,,1.1968311071395874,,0.5165101289749146,,0.28568798303604126
,5388.0,26,3.04000004689442e-05,66199,,3.8443634510040283,,1.9350124597549438,,0.5165574550628662,,0.2857259213924408
,5432.0,26,3.0344826882355846e-05,66249,,5.459293365478516,,1.4015660285949707,,0.5166056156158447,,0.28576308488845825
,5416.0,26,3.0289655114756897e-05,66299,,5.4039154052734375,,1.2057020664215088,,0.5166538953781128,,0.28580406308174133
,5420.0,26,3.0234483347157948e-05,66349,,4.5164008140563965,,0.931108295917511,,0.5166960954666138,,0.2858434021472931
,5484.0,26,3.0179309760569595e-05,66399,,3.6810858249664307,,1.514929175376892,,0.5167416334152222,,0.2858874201774597
,5452.0,26,3.0124137992970645e-05,66449,,4.310650825500488,,1.4077733755111694,,0.5167896747589111,,0.28592798113822937
,5528.0,26,3.0068966225371696e-05,66499,,4.704557418823242,,1.4800740480422974,,0.5168381333351135,,0.2859717607498169
,5520.0,26,3.0013792638783343e-05,66549,,4.98820686340332,,1.4791505336761475,,0.5168780088424683,,0.2860136926174164
,5516.0,26,2.9958620871184394e-05,66599,,3.876945734024048,,1.6675164699554443,,0.5169184803962708,,0.2860531806945801
,5504.0,26,2.9903449103585444e-05,66649,,4.179204940795898,,0.9294614195823669,,0.5169609785079956,,0.2860947847366333
,5524.0,26,2.984827551699709e-05,66699,,4.512927055358887,,1.4601428508758545,,0.5170044898986816,,0.2861368954181671
,5452.0,26,2.9793103749398142e-05,66749,,4.057236194610596,,1.338279366493225,,0.5170502662658691,,0.2861754596233368
,5512.0,26,2.973793016280979e-05,66799,,5.423582553863525,,1.3028336763381958,,0.5170942544937134,,0.28622034192085266
,5532.0,26,2.968275839521084e-05,66849,,5.523245334625244,,1.8630048036575317,,0.5171462297439575,,0.28626328706741333
,5432.0,26,2.962758662761189e-05,66899,,4.698193550109863,,1.4682483673095703,,0.5171926617622375,,0.286306232213974
,5496.0,26,2.9572413041023538e-05,66949,,5.387050628662109,,1.409055233001709,,0.5172420740127563,,0.2863534092903137
,5380.0,26,2.9517241273424588e-05,66999,,4.6053266525268555,,1.7037416696548462,,0.5172836780548096,,0.28639259934425354
,5424.0,26,2.946206950582564e-05,67049,,4.987303733825684,,1.46224045753479,,0.5173318386077881,,0.2864346504211426
,5520.0,26,2.9406895919237286e-05,67099,,4.312748432159424,,1.432215690612793,,0.5173762440681458,,0.2864733934402466
,5416.0,26,2.9351724151638336e-05,67149,,5.5546770095825195,,1.8386123180389404,,0.5174195766448975,,0.2865104079246521
,5392.0,26,2.9296552384039387e-05,67199,,3.9398460388183594,,1.6000027656555176,,0.5174651145935059,,0.2865481376647949
,5504.0,26,2.9241378797451034e-05,67249,,4.04889440536499,,1.6533993482589722,,0.5175125002861023,,0.2865859270095825
,5528.0,26,2.9186207029852085e-05,67299,,5.395326137542725,,1.155036211013794,,0.5175593495368958,,0.2866289019584656
,5544.0,26,2.9131035262253135e-05,67349,,5.8710551261901855,,1.9373810291290283,,0.5175994038581848,,0.28667062520980835
,5384.0,26,2.9075861675664783e-05,67399,,4.463062286376953,,1.7320892810821533,,0.5176388025283813,,0.2867111265659332
,5428.0,26,2.9020689908065833e-05,67449,,4.890641689300537,,1.5497184991836548,,0.517682671546936,,0.2867524027824402
,5508.0,26,2.8965518140466884e-05,67499,,4.56852912902832,,1.6248266696929932,,0.5177251100540161,,0.2867920696735382
,5468.0,26,2.891034455387853e-05,67549,,3.2371628284454346,,1.0024728775024414,,0.5177738666534424,,0.2868340015411377
,5484.0,26,2.885517278627958e-05,67599,,3.767171621322632,,1.588688850402832,,0.5178190469741821,,0.28687795996665955
,5460.0,26,2.879999919969123e-05,67649,,4.028258323669434,,1.631699562072754,,0.5178607702255249,,0.2869248390197754
,5500.0,26,2.874482743209228e-05,67699,,5.629025459289551,,1.1334832906723022,,0.5179073810577393,,0.2869628071784973
5462.4765625,,26,,67715,4.942859649658203,,1.428036093711853,,0.5168112516403198,,0.2859475612640381,
,5520.0,27,2.868965566449333e-05,67749,,4.267061233520508,,1.5183554887771606,,0.5179523229598999,,0.2870047092437744
,5436.0,27,2.8634482077904977e-05,67799,,6.970136642456055,,1.4793368577957153,,0.5179914236068726,,0.287047415971756
,5484.0,27,2.8579310310306028e-05,67849,,5.149927139282227,,1.619549036026001,,0.5180313587188721,,0.2870863080024719
,5396.0,27,2.8524138542707078e-05,67899,,4.599236011505127,,1.2068595886230469,,0.5180777311325073,,0.2871241569519043
,5416.0,27,2.8468964956118725e-05,67949,,4.5320868492126465,,1.6417202949523926,,0.5181221961975098,,0.28716158866882324
,5536.0,27,2.8413793188519776e-05,67999,,3.7315542697906494,,1.4335051774978638,,0.5181664824485779,,0.2872031331062317
,5356.0,27,2.8358621420920826e-05,68049,,6.7336249351501465,,1.02756667137146,,0.518216073513031,,0.2872459888458252
,5520.0,27,2.8303447834332474e-05,68099,,4.0331854820251465,,1.530705451965332,,0.5182555913925171,,0.2872890830039978
,5484.0,27,2.8248276066733524e-05,68149,,3.900268316268921,,1.4409458637237549,,0.5182949304580688,,0.28732508420944214
,5492.0,27,2.8193104299134575e-05,68199,,4.202085971832275,,1.718808889389038,,0.5183408260345459,,0.28736260533332825
,5484.0,27,2.8137930712546222e-05,68249,,3.6688122749328613,,1.472801923751831,,0.5183849930763245,,0.2874024510383606
,5476.0,27,2.8082758944947273e-05,68299,,3.6658401489257812,,1.732762336730957,,0.5184243321418762,,0.28744417428970337
,5496.0,27,2.802758535835892e-05,68349,,4.615786552429199,,1.5997061729431152,,0.5184690356254578,,0.2874898612499237
,5472.0,27,2.797241359075997e-05,68399,,4.049814701080322,,1.5958842039108276,,0.5185098648071289,,0.2875320017337799
,5464.0,27,2.791724182316102e-05,68449,,5.047749996185303,,1.484649896621704,,0.5185509920120239,,0.28757166862487793
,5484.0,27,2.7862068236572668e-05,68499,,4.010889053344727,,1.348456859588623,,0.5185885429382324,,0.2876099646091461
,5476.0,27,2.780689646897372e-05,68549,,5.081113815307617,,1.6041477918624878,,0.5186322331428528,,0.28765320777893066
,5452.0,27,2.775172470137477e-05,68599,,6.155188083648682,,1.5293991565704346,,0.518680214881897,,0.2876926362514496
,5460.0,27,2.7696551114786416e-05,68649,,4.861083507537842,,1.797329068183899,,0.5187246203422546,,0.28773707151412964
,5452.0,27,2.7641379347187467e-05,68699,,5.023313045501709,,1.5007950067520142,,0.5187670588493347,,0.2877753973007202
,5436.0,27,2.7586207579588518e-05,68749,,5.681949615478516,,1.1601598262786865,,0.518807053565979,,0.2878192663192749
,5452.0,27,2.7531033993000165e-05,68799,,5.352893829345703,,1.5553607940673828,,0.5188502073287964,,0.28785836696624756
,5460.0,27,2.7475862225401215e-05,68849,,5.851417064666748,,1.5520083904266357,,0.5188968181610107,,0.28789669275283813
,5436.0,27,2.7420690457802266e-05,68899,,5.14255952835083,,1.2550283670425415,,0.5189409852027893,,0.2879360318183899
,5424.0,27,2.7365516871213913e-05,68949,,6.726332664489746,,0.9811758995056152,,0.5189806222915649,,0.2879761755466461
,5472.0,27,2.7310345103614964e-05,68999,,4.20454740524292,,1.938466191291809,,0.5190207958221436,,0.28801363706588745
,5444.0,27,2.725517151702661e-05,69049,,6.003953456878662,,1.1241205930709839,,0.5190669298171997,,0.2880532145500183
,5460.0,27,2.719999974942766e-05,69099,,4.5637383460998535,,1.848779559135437,,0.5191061496734619,,0.28809404373168945
,5424.0,27,2.7144827981828712e-05,69149,,8.584739685058594,,0.8248707056045532,,0.5191522836685181,,0.28812938928604126
,5548.0,27,2.708965439524036e-05,69199,,4.022963523864746,,1.490172266960144,,0.5191937685012817,,0.2881665825843811
,5476.0,27,2.703448262764141e-05,69249,,4.062137603759766,,1.3974679708480835,,0.5192382335662842,,0.28820401430130005
,5432.0,27,2.697931086004246e-05,69299,,4.275392055511475,,1.756035327911377,,0.5192803740501404,,0.28824302554130554
,5448.0,27,2.6924137273454107e-05,69349,,3.9525671005249023,,1.5286071300506592,,0.5193195343017578,,0.28828009963035583
,5476.0,27,2.6868965505855158e-05,69399,,5.069337844848633,,1.3084126710891724,,0.519359290599823,,0.28831571340560913
,5468.0,27,2.681379373825621e-05,69449,,3.5739572048187256,,1.5501426458358765,,0.5194026231765747,,0.28835493326187134
,5404.0,27,2.6758620151667856e-05,69499,,6.121279716491699,,1.4750113487243652,,0.5194451808929443,,0.28839489817619324
,5492.0,27,2.6703448384068906e-05,69549,,3.9990789890289307,,1.670422077178955,,0.5194871425628662,,0.288438618183136
,5508.0,27,2.6648276616469957e-05,69599,,4.9854631423950195,,1.3576593399047852,,0.5195261836051941,,0.28847822546958923
,5440.0,27,2.6593103029881604e-05,69649,,5.123683929443359,,1.23994779586792,,0.5195657014846802,,0.2885236144065857
,5488.0,27,2.6537931262282655e-05,69699,,5.080940246582031,,1.4818782806396484,,0.5196068286895752,,0.2885633111000061
,5428.0,27,2.6482759494683705e-05,69749,,5.2151780128479,,0.9695237874984741,,0.5196458101272583,,0.2886025607585907
,5400.0,27,2.6427585908095352e-05,69799,,5.451401710510254,,1.6963138580322266,,0.5196878910064697,,0.288641095161438
,5468.0,27,2.6372414140496403e-05,69849,,6.211573600769043,,1.1064753532409668,,0.5197283625602722,,0.28867781162261963
,5448.0,27,2.631724055390805e-05,69899,,5.318768501281738,,1.448124647140503,,0.5197707414627075,,0.2887113690376282
,5468.0,27,2.62620687863091e-05,69949,,5.245955944061279,,0.9277148842811584,,0.5198125243186951,,0.288752019405365
,5472.0,27,2.620689701871015e-05,69999,,3.89501953125,,1.356203317642212,,0.519852876663208,,0.2887963056564331
,5420.0,27,2.61517234321218e-05,70049,,5.9104814529418945,,0.874352753162384,,0.519897997379303,,0.28883394598960876
,5492.0,27,2.609655166452285e-05,70099,,4.194478511810303,,1.431384801864624,,0.5199365615844727,,0.28887513279914856
,5384.0,27,2.60413798969239e-05,70149,,6.174711227416992,,1.2998219728469849,,0.5199829339981079,,0.2889188230037689
,5468.0,27,2.5986206310335547e-05,70199,,5.779416561126709,,1.0579414367675781,,0.5200290083885193,,0.2889553904533386
5460.30615234375,,27,,70223,4.9789323806762695,,1.418952226638794,,0.5190045833587646,,0.28798896074295044,
,5500.0,28,2.5931034542736597e-05,70249,,5.431612014770508,,1.5946601629257202,,0.5200690627098083,,0.2889938950538635
,5468.0,28,2.5875862775137648e-05,70299,,4.9769368171691895,,1.384163498878479,,0.5201134085655212,,0.28902894258499146
,5488.0,28,2.5820689188549295e-05,70349,,5.736270904541016,,1.5589498281478882,,0.5201512575149536,,0.2890655994415283
,5480.0,28,2.5765517420950346e-05,70399,,3.584388256072998,,1.7294797897338867,,0.5201953649520874,,0.28909993171691895
,5456.0,28,2.5710345653351396e-05,70449,,4.727702617645264,,1.405279517173767,,0.5202360153198242,,0.2891353666782379
,5428.0,28,2.5655172066763043e-05,70499,,6.069694519042969,,1.7603631019592285,,0.5202735662460327,,0.28917744755744934
,5452.0,28,2.5600000299164094e-05,70549,,4.200272560119629,,1.6274343729019165,,0.5203148126602173,,0.2892168462276459
,5548.0,28,2.554482671257574e-05,70599,,5.479245185852051,,1.5024818181991577,,0.5203539729118347,,0.28925246000289917
,5416.0,28,2.5489654944976792e-05,70649,,7.692704200744629,,1.2049483060836792,,0.5204035639762878,,0.2893016040325165
,5532.0,28,2.5434483177377842e-05,70699,,3.649998903274536,,1.8076108694076538,,0.5204476714134216,,0.2893487215042114
,5492.0,28,2.537930959078949e-05,70749,,7.776640892028809,,1.055680751800537,,0.5204883813858032,,0.2893894612789154
,5404.0,28,2.532413782319054e-05,70799,,4.086920261383057,,1.4336833953857422,,0.5205330848693848,,0.2894299030303955
,5512.0,28,2.526896605559159e-05,70849,,4.789190292358398,,1.5319561958312988,,0.5205824375152588,,0.28947168588638306
,5432.0,28,2.5213792469003238e-05,70899,,5.163415431976318,,1.0916049480438232,,0.5206243395805359,,0.289513498544693
,5468.0,28,2.515862070140429e-05,70949,,3.1625163555145264,,1.4934463500976562,,0.5206630229949951,,0.28955164551734924
,5460.0,28,2.510344893380534e-05,70999,,3.7673354148864746,,1.581430435180664,,0.5206998586654663,,0.2895909547805786
,5436.0,28,2.5048275347216986e-05,71049,,6.965648174285889,,0.907334566116333,,0.5207410454750061,,0.28962981700897217
,5456.0,28,2.4993103579618037e-05,71099,,7.101230621337891,,1.363648533821106,,0.520782470703125,,0.28967535495758057
,5484.0,28,2.4937931812019087e-05,71149,,5.1738200187683105,,1.2965551614761353,,0.5208249688148499,,0.2897180914878845
,5468.0,28,2.4882758225430734e-05,71199,,6.114901542663574,,1.3709933757781982,,0.5208629965782166,,0.28975507616996765
,5500.0,28,2.4827586457831785e-05,71249,,5.237133026123047,,1.182647943496704,,0.520902693271637,,0.28979066014289856
,5508.0,28,2.4772414690232836e-05,71299,,5.151411056518555,,1.4834730625152588,,0.5209428668022156,,0.28983187675476074
,5528.0,28,2.4717241103644483e-05,71349,,4.0396857261657715,,1.3970980644226074,,0.5209826231002808,,0.28986939787864685
,5452.0,28,2.4662069336045533e-05,71399,,4.78570556640625,,1.7389037609100342,,0.5210211873054504,,0.2899083197116852
,5492.0,28,2.460689574945718e-05,71449,,4.276785373687744,,1.7920126914978027,,0.5210630893707275,,0.2899554371833801
,5476.0,28,2.455172398185823e-05,71499,,6.143918991088867,,1.0563747882843018,,0.5210949778556824,,0.28998851776123047
,5428.0,28,2.4496552214259282e-05,71549,,5.598862171173096,,1.1769453287124634,,0.5211414694786072,,0.29002413153648376
,5400.0,28,2.444137862767093e-05,71599,,5.831391334533691,,1.4788472652435303,,0.5211744904518127,,0.2900605797767639
,5500.0,28,2.438620686007198e-05,71649,,5.885263442993164,,1.5957869291305542,,0.5212158560752869,,0.2901058793067932
,5516.0,28,2.433103509247303e-05,71699,,4.371110439300537,,1.3155007362365723,,0.5212504863739014,,0.29014483094215393
,5432.0,28,2.4275861505884677e-05,71749,,4.955172061920166,,1.6729490756988525,,0.5212862491607666,,0.29018405079841614
,5480.0,28,2.4220689738285728e-05,71799,,6.959502220153809,,1.664669394493103,,0.521323025226593,,0.2902192771434784
,5496.0,28,2.416551797068678e-05,71849,,3.848146915435791,,1.5211774110794067,,0.5213639736175537,,0.2902582883834839
,5452.0,28,2.4110344384098426e-05,71899,,5.561963081359863,,1.1881673336029053,,0.521408200263977,,0.29029378294944763
,5516.0,28,2.4055172616499476e-05,71949,,3.8622899055480957,,1.2645847797393799,,0.5214473605155945,,0.290334552526474
,5484.0,28,2.4000000848900527e-05,71999,,5.315948486328125,,1.2300083637237549,,0.5214899182319641,,0.2903728485107422
,5448.0,28,2.3944827262312174e-05,72049,,4.587423324584961,,1.5120749473571777,,0.5215324759483337,,0.29041510820388794
,5504.0,28,2.3889655494713224e-05,72099,,3.867736339569092,,1.4443005323410034,,0.521578848361969,,0.2904520630836487
,5416.0,28,2.383448190812487e-05,72149,,4.556521415710449,,1.525608777999878,,0.5216166377067566,,0.2904907166957855
,5516.0,28,2.3779310140525922e-05,72199,,5.29847526550293,,1.315284013748169,,0.5216606259346008,,0.29053401947021484
,5400.0,28,2.3724138372926973e-05,72249,,5.6924920082092285,,1.451743245124817,,0.521702766418457,,0.290569543838501
,5480.0,28,2.366896478633862e-05,72299,,5.681239604949951,,1.1259015798568726,,0.5217406749725342,,0.2906033396720886
,5536.0,28,2.361379301873967e-05,72349,,4.904507637023926,,1.6592434644699097,,0.5217759013175964,,0.29064321517944336
,5352.0,28,2.355862125114072e-05,72399,,4.183230400085449,,1.3670257329940796,,0.5218121409416199,,0.2906821370124817
,5416.0,28,2.3503447664552368e-05,72449,,4.020674705505371,,1.5734015703201294,,0.5218499898910522,,0.2907181978225708
,5428.0,28,2.344827589695342e-05,72499,,5.177233695983887,,1.8099098205566406,,0.5218933820724487,,0.29075905680656433
,5528.0,28,2.339310412935447e-05,72549,,4.418102264404297,,1.3316130638122559,,0.5219319462776184,,0.2908000946044922
,5492.0,28,2.3337930542766117e-05,72599,,5.613245010375977,,1.5887094736099243,,0.5219656825065613,,0.2908378839492798
,5536.0,28,2.3282758775167167e-05,72649,,3.965939998626709,,1.5546764135360718,,0.5220082402229309,,0.2908778488636017
,5420.0,28,2.3227587007568218e-05,72699,,6.336137294769287,,1.2493606805801392,,0.5220445990562439,,0.2909197211265564
5462.6748046875,,28,,72731,5.008049011230469,,1.415687084197998,,0.521087646484375,,0.28996986150741577,
,5492.0,29,2.3172413420979865e-05,72749,,2.5934572219848633,,1.822037696838379,,0.5220834612846375,,0.2909544110298157
,5480.0,29,2.3117241653380916e-05,72799,,4.9527058601379395,,1.6468119621276855,,0.5221225023269653,,0.2909916341304779
,5496.0,29,2.3062068066792563e-05,72849,,3.3575258255004883,,1.826836109161377,,0.5221603512763977,,0.2910308837890625
,5392.0,29,2.3006896299193613e-05,72899,,4.611211776733398,,1.3783748149871826,,0.5222009420394897,,0.29107439517974854
,5504.0,29,2.2951724531594664e-05,72949,,4.101011276245117,,1.3754204511642456,,0.522242546081543,,0.29111191630363464
,5416.0,29,2.289655094500631e-05,72999,,3.881840229034424,,1.575848937034607,,0.5222822427749634,,0.2911456823348999
,5400.0,29,2.284137917740736e-05,73049,,4.571460247039795,,1.3586530685424805,,0.5223181247711182,,0.2911882996559143
,5508.0,29,2.2786207409808412e-05,73099,,4.931326389312744,,1.59166419506073,,0.5223502516746521,,0.29122447967529297
,5456.0,29,2.273103382322006e-05,73149,,4.5404253005981445,,1.6446342468261719,,0.5223888158798218,,0.29126399755477905
,5368.0,29,2.267586205562111e-05,73199,,3.988696575164795,,1.311241865158081,,0.522430956363678,,0.29130399227142334
,5440.0,29,2.262069028802216e-05,73249,,6.06386661529541,,1.2358026504516602,,0.5224645137786865,,0.2913416922092438
,5480.0,29,2.2565516701433808e-05,73299,,5.122091770172119,,1.2436105012893677,,0.5225043296813965,,0.29138097167015076
,5456.0,29,2.2510344933834858e-05,73349,,4.660232067108154,,1.763344645500183,,0.522538959980011,,0.29141610860824585
,5496.0,29,2.245517316623591e-05,73399,,4.810181617736816,,1.686519980430603,,0.5225774049758911,,0.2914518117904663
,5428.0,29,2.2399999579647556e-05,73449,,6.175772666931152,,1.3466819524765015,,0.5226231813430786,,0.29149144887924194
,5428.0,29,2.2344827812048607e-05,73499,,5.097111701965332,,1.460228681564331,,0.5226598381996155,,0.29152870178222656
,5452.0,29,2.2289656044449657e-05,73549,,4.2145094871521,,1.1181668043136597,,0.5226995944976807,,0.29156428575515747
,5428.0,29,2.2234482457861304e-05,73599,,4.387665748596191,,1.3976762294769287,,0.5227353572845459,,0.2915966212749481
,5416.0,29,2.2179310690262355e-05,73649,,6.163949489593506,,1.702689290046692,,0.5227727890014648,,0.2916388511657715
,5456.0,29,2.2124137103674002e-05,73699,,3.3842029571533203,,1.9299850463867188,,0.5228110551834106,,0.2916785478591919
,5472.0,29,2.2068965336075053e-05,73749,,4.79602575302124,,1.4222584962844849,,0.5228430032730103,,0.2917187213897705
,5456.0,29,2.2013793568476103e-05,73799,,5.772604942321777,,1.409583330154419,,0.5228835344314575,,0.29176151752471924
,5484.0,29,2.195861998188775e-05,73849,,6.352169990539551,,1.38460111618042,,0.5229217410087585,,0.2918035387992859
,5440.0,29,2.19034482142888e-05,73899,,5.776031494140625,,1.1572849750518799,,0.5229586362838745,,0.2918397784233093
,5480.0,29,2.184827644668985e-05,73949,,4.856905460357666,,1.598801612854004,,0.5230019092559814,,0.29187533259391785
,5476.0,29,2.17931028601015e-05,73999,,5.208706378936768,,1.586946964263916,,0.5230399370193481,,0.29190975427627563
,5504.0,29,2.173793109250255e-05,74049,,6.4391584396362305,,1.0478360652923584,,0.5230785608291626,,0.2919439971446991
,5456.0,29,2.16827593249036e-05,74099,,5.766515254974365,,1.2463191747665405,,0.5231154561042786,,0.2919774353504181
,5436.0,29,2.1627585738315247e-05,74149,,6.462599277496338,,1.0711803436279297,,0.5231466889381409,,0.29201745986938477
,5528.0,29,2.1572413970716298e-05,74199,,5.314197540283203,,1.8304779529571533,,0.5231878757476807,,0.2920529842376709
,5484.0,29,2.1517242203117348e-05,74249,,5.654953479766846,,1.2831940650939941,,0.5232282876968384,,0.2920875549316406
,5476.0,29,2.1462068616528995e-05,74299,,4.073634147644043,,1.154317855834961,,0.523269772529602,,0.29212403297424316
,5444.0,29,2.1406896848930046e-05,74349,,2.654157876968384,,1.7198219299316406,,0.523309588432312,,0.2921660244464874
,5416.0,29,2.1351723262341693e-05,74399,,3.775359869003296,,1.4471324682235718,,0.5233448147773743,,0.2921994924545288
,5408.0,29,2.1296551494742744e-05,74449,,5.040042877197266,,1.7095143795013428,,0.5233800411224365,,0.29223477840423584
,5476.0,29,2.1241379727143794e-05,74499,,5.008296489715576,,1.7288987636566162,,0.5234220027923584,,0.29226672649383545
,5552.0,29,2.118620614055544e-05,74549,,3.9961938858032227,,1.4323234558105469,,0.5234642624855042,,0.292297899723053
,5520.0,29,2.1131034372956492e-05,74599,,4.35789680480957,,1.4751893281936646,,0.5235039591789246,,0.2923392951488495
,5472.0,29,2.1075862605357543e-05,74649,,4.132181167602539,,1.5433754920959473,,0.5235350728034973,,0.2923756241798401
,5512.0,29,2.102068901876919e-05,74699,,5.78577995300293,,1.7490330934524536,,0.5235695838928223,,0.2924134433269501
,5440.0,29,2.096551725117024e-05,74749,,6.382816314697266,,1.0848259925842285,,0.523608386516571,,0.29244858026504517
,5440.0,29,2.091034548357129e-05,74799,,4.671369552612305,,1.5847026109695435,,0.5236510634422302,,0.2924827039241791
,5408.0,29,2.0855171896982938e-05,74849,,4.165507793426514,,1.534735918045044,,0.5236914157867432,,0.2925206422805786
,5472.0,29,2.080000012938399e-05,74899,,4.800999164581299,,1.6346122026443481,,0.5237288475036621,,0.29255643486976624
,5460.0,29,2.074482836178504e-05,74949,,4.727950096130371,,1.619704246520996,,0.5237641334533691,,0.29259172081947327
,5460.0,29,2.0689654775196686e-05,74999,,4.022374153137207,,1.6498644351959229,,0.5238021612167358,,0.2926238775253296
,5528.0,29,2.0634483007597737e-05,75049,,5.052104473114014,,1.3812932968139648,,0.5238490700721741,,0.29265815019607544
,5464.0,29,2.0579311239998788e-05,75099,,4.678781032562256,,1.53887939453125,,0.5238858461380005,,0.2926974892616272
,5424.0,29,2.0524137653410435e-05,75149,,4.777510643005371,,1.5034235715866089,,0.5239254832267761,,0.2927359342575073
,5480.0,29,2.0468965885811485e-05,75199,,5.5029401779174805,,1.211951494216919,,0.5239561796188354,,0.2927701771259308
5462.50830078125,,29,,75239,5.084054946899414,,1.415832281112671,,0.5230425000190735,,0.29189324378967285,
,5420.0,30,2.0413792299223132e-05,75249,,5.894908428192139,,1.2132844924926758,,0.5239868760108948,,0.29280805587768555
,5528.0,30,2.0358620531624183e-05,75299,,5.0838117599487305,,1.024158239364624,,0.524024248123169,,0.2928461730480194
,5452.0,30,2.0303448764025234e-05,75349,,4.720678806304932,,1.6142613887786865,,0.5240638256072998,,0.29288241267204285
,5500.0,30,2.024827517743688e-05,75399,,5.391994953155518,,1.6160444021224976,,0.5241013765335083,,0.29291749000549316
,5432.0,30,2.019310340983793e-05,75449,,6.206855297088623,,1.6314425468444824,,0.5241377353668213,,0.2929525673389435
,5548.0,30,2.0137931642238982e-05,75499,,5.254057884216309,,1.5843560695648193,,0.5241790413856506,,0.29298651218414307
,5368.0,30,2.008275805565063e-05,75549,,4.685925483703613,,1.2074493169784546,,0.5242182612419128,,0.2930213510990143
,5560.0,30,2.002758628805168e-05,75599,,5.6312689781188965,,1.4671717882156372,,0.5242563486099243,,0.29305627942085266
,5468.0,30,1.997241452045273e-05,75649,,5.136781692504883,,1.421852469444275,,0.5242919325828552,,0.29309165477752686
,5492.0,30,1.9917240933864377e-05,75699,,7.199147701263428,,0.8554642796516418,,0.5243309736251831,,0.29312843084335327
,5468.0,30,1.9862069166265428e-05,75749,,5.264708042144775,,1.142870545387268,,0.5243690609931946,,0.29316434264183044
,5500.0,30,1.980689739866648e-05,75799,,6.715505599975586,,1.092293620109558,,0.5244041681289673,,0.29320403933525085
,5492.0,30,1.9751723812078126e-05,75849,,4.753118515014648,,1.3350236415863037,,0.5244407653808594,,0.29323887825012207
,5408.0,30,1.9696552044479176e-05,75899,,6.483809471130371,,1.0003161430358887,,0.5244794487953186,,0.2932724952697754
,5448.0,30,1.9641378457890823e-05,75949,,5.830728054046631,,1.2379937171936035,,0.5245146751403809,,0.29331013560295105
,5360.0,30,1.9586206690291874e-05,75999,,4.519275188446045,,1.4846391677856445,,0.5245541334152222,,0.2933492958545685
,5544.0,30,1.9531034922692925e-05,76049,,5.239645957946777,,1.3568847179412842,,0.524591863155365,,0.29338884353637695
,5472.0,30,1.9475861336104572e-05,76099,,4.531492710113525,,1.6795893907546997,,0.5246276259422302,,0.2934238612651825
,5428.0,30,1.9420689568505622e-05,76149,,6.2081217765808105,,1.0923583507537842,,0.5246662497520447,,0.29345911741256714
,5460.0,30,1.9365517800906673e-05,76199,,5.117018222808838,,1.6685421466827393,,0.5247005224227905,,0.29349422454833984
,5400.0,30,1.931034421431832e-05,76249,,5.114228248596191,,1.5928915739059448,,0.5247395038604736,,0.2935325801372528
,5380.0,30,1.925517244671937e-05,76299,,4.638516426086426,,1.634088397026062,,0.5247803926467896,,0.2935692071914673
,5500.0,30,1.920000067912042e-05,76349,,4.217591762542725,,1.5411325693130493,,0.5248217582702637,,0.29360783100128174
,5440.0,30,1.914482709253207e-05,76399,,3.86680006980896,,1.3078523874282837,,0.5248644351959229,,0.2936443090438843
,5436.0,30,1.908965532493312e-05,76449,,6.068117618560791,,1.4855165481567383,,0.5249028205871582,,0.29367968440055847
,5392.0,30,1.903448355733417e-05,76499,,5.0442585945129395,,1.508561134338379,,0.5249350070953369,,0.29371294379234314
,5376.0,30,1.8979309970745817e-05,76549,,5.752849102020264,,1.2695640325546265,,0.5249700546264648,,0.2937425374984741
,5440.0,30,1.8924138203146867e-05,76599,,3.4822967052459717,,1.5253077745437622,,0.525006890296936,,0.293780118227005
,5476.0,30,1.8868964616558515e-05,76649,,4.444570541381836,,1.3339190483093262,,0.5250389575958252,,0.2938154339790344
,5480.0,30,1.8813792848959565e-05,76699,,5.612086772918701,,1.4310674667358398,,0.5250744819641113,,0.293851375579834
,5404.0,30,1.8758621081360616e-05,76749,,5.328012466430664,,1.2209573984146118,,0.5251146554946899,,0.29389089345932007
,5460.0,30,1.8703447494772263e-05,76799,,5.085954189300537,,1.1249401569366455,,0.5251489877700806,,0.29392385482788086
,5472.0,30,1.8648275727173313e-05,76849,,6.483702659606934,,1.1122952699661255,,0.5251868367195129,,0.29395514726638794
,5436.0,30,1.8593103959574364e-05,76899,,5.209161281585693,,1.5682638883590698,,0.525220513343811,,0.29399198293685913
,5400.0,30,1.853793037298601e-05,76949,,4.614880561828613,,1.7116410732269287,,0.5252550840377808,,0.2940292954444885
,5408.0,30,1.8482758605387062e-05,76999,,3.505910634994507,,1.6447153091430664,,0.5252895355224609,,0.2940693795681
,5444.0,30,1.8427586837788112e-05,77049,,4.903252601623535,,1.8616691827774048,,0.5253256559371948,,0.2941068112850189
,5412.0,30,1.837241325119976e-05,77099,,5.265009880065918,,1.6093717813491821,,0.5253598690032959,,0.2941431403160095
,5468.0,30,1.831724148360081e-05,77149,,3.956758975982666,,1.7579596042633057,,0.525391697883606,,0.2941751778125763
,5516.0,30,1.826206971600186e-05,77199,,4.071688652038574,,1.3641432523727417,,0.5254298448562622,,0.29420971870422363
,5372.0,30,1.8206896129413508e-05,77249,,6.135383129119873,,1.3837796449661255,,0.5254639387130737,,0.29424363374710083
,5464.0,30,1.815172436181456e-05,77299,,3.337782621383667,,1.6201292276382446,,0.5254967212677002,,0.29427570104599
,5404.0,30,1.809655259421561e-05,77349,,5.562698841094971,,1.183692455291748,,0.5255364179611206,,0.2943122088909149
,5456.0,30,1.8041379007627256e-05,77399,,4.86424446105957,,1.5861241817474365,,0.5255678296089172,,0.2943457365036011
,5480.0,30,1.7986207240028307e-05,77449,,5.133030414581299,,1.2732250690460205,,0.5256039500236511,,0.29437923431396484
,5452.0,30,1.7931033653439954e-05,77499,,4.7001519203186035,,1.285714864730835,,0.5256447792053223,,0.294414222240448
,5436.0,30,1.7875861885841005e-05,77549,,4.805737495422363,,1.7543374300003052,,0.5256760716438293,,0.2944483458995819
,5480.0,30,1.7820690118242055e-05,77599,,4.427977561950684,,1.554540991783142,,0.5257145166397095,,0.2944841980934143
,5440.0,30,1.7765516531653702e-05,77649,,4.875227928161621,,1.6276273727416992,,0.5257445573806763,,0.2945215106010437
,5420.0,30,1.7710344764054753e-05,77699,,3.376049757003784,,1.523140549659729,,0.5257800817489624,,0.29455146193504333
5460.84912109375,,30,,77747,5.122929096221924,,1.4065419435501099,,0.5249272584915161,,0.2937093675136566,
,5460.0,31,1.7655172996455804e-05,77749,,5.776566505432129,,1.494773030281067,,0.5258128643035889,,0.29458311200141907
,5500.0,31,1.759999940986745e-05,77799,,4.876848220825195,,1.072820782661438,,0.5258469581604004,,0.29461032152175903
,5512.0,31,1.75448276422685e-05,77849,,5.018953323364258,,1.30292546749115,,0.5258800387382507,,0.2946407198905945
,5480.0,31,1.7489655874669552e-05,77899,,5.005639553070068,,1.5835553407669067,,0.5259147882461548,,0.2946736812591553
,5452.0,31,1.74344822880812e-05,77949,,6.840328216552734,,0.9568036198616028,,0.5259475111961365,,0.29471084475517273
,5528.0,31,1.737931052048225e-05,77999,,3.7035670280456543,,1.8798531293869019,,0.5259845852851868,,0.29474449157714844
,5496.0,31,1.73241387528833e-05,78049,,3.5236241817474365,,1.8468984365463257,,0.5260196924209595,,0.29477235674858093
,5436.0,31,1.7268965166294947e-05,78099,,3.4941811561584473,,1.4097728729248047,,0.5260499715805054,,0.2948099374771118
,5484.0,31,1.7213793398695998e-05,78149,,5.410027980804443,,1.3187021017074585,,0.5260825753211975,,0.2948400378227234
,5428.0,31,1.7158619812107645e-05,78199,,4.551103591918945,,1.386548638343811,,0.5261190533638,,0.2948753833770752
,5484.0,31,1.7103448044508696e-05,78249,,5.832736492156982,,1.3870600461959839,,0.5261555314064026,,0.2949102520942688
,5440.0,31,1.7048276276909746e-05,78299,,5.157214641571045,,1.1168149709701538,,0.5261936187744141,,0.2949433922767639
,5420.0,31,1.6993102690321393e-05,78349,,5.787982940673828,,1.3588073253631592,,0.5262316465377808,,0.2949790060520172
,5504.0,31,1.6937930922722444e-05,78399,,5.70389461517334,,1.3689932823181152,,0.5262640714645386,,0.29501426219940186
,5492.0,31,1.6882759155123495e-05,78449,,4.095837593078613,,1.6460152864456177,,0.5263011455535889,,0.2950524091720581
,5540.0,31,1.682758556853514e-05,78499,,6.425865650177002,,1.227413296699524,,0.5263369083404541,,0.29508858919143677
,5532.0,31,1.6772413800936192e-05,78549,,3.973715305328369,,1.6016600131988525,,0.5263748168945312,,0.29512351751327515
,5480.0,31,1.6717242033337243e-05,78599,,5.436108112335205,,1.5532808303833008,,0.526409924030304,,0.29515963792800903
,5552.0,31,1.666206844674889e-05,78649,,3.347482204437256,,1.890434741973877,,0.5264428853988647,,0.2951955199241638
,5460.0,31,1.660689667914994e-05,78699,,4.45165491104126,,1.670846700668335,,0.5264736413955688,,0.29522961378097534
,5504.0,31,1.655172491155099e-05,78749,,6.498106479644775,,1.049717903137207,,0.5265086889266968,,0.2952655851840973
,5524.0,31,1.649655132496264e-05,78799,,3.2565929889678955,,1.9661030769348145,,0.5265427827835083,,0.2952975630760193
,5456.0,31,1.644137955736369e-05,78849,,5.252739429473877,,1.5910271406173706,,0.5265744924545288,,0.29532739520072937
,5436.0,31,1.638620778976474e-05,78899,,5.089500427246094,,1.5142886638641357,,0.5266086459159851,,0.29536014795303345
,5464.0,31,1.6331034203176387e-05,78949,,4.846232891082764,,1.2791073322296143,,0.5266419649124146,,0.2953936457633972
,5436.0,31,1.6275862435577437e-05,78999,,4.872613906860352,,1.5301767587661743,,0.5266751050949097,,0.29542648792266846
,5444.0,31,1.6220688848989084e-05,79049,,6.180390357971191,,1.41758131980896,,0.5267149209976196,,0.2954598367214203
,5500.0,31,1.6165517081390135e-05,79099,,5.347784042358398,,0.7887374758720398,,0.5267518758773804,,0.29549217224121094
,5520.0,31,1.6110345313791186e-05,79149,,5.735546588897705,,1.1285520792007446,,0.5267889499664307,,0.29552921652793884
,5488.0,31,1.6055171727202833e-05,79199,,5.860708236694336,,1.0682499408721924,,0.5268234014511108,,0.29556018114089966
,5440.0,31,1.5999999959603883e-05,79249,,3.0864193439483643,,1.846916913986206,,0.5268592238426208,,0.29559823870658875
,5420.0,31,1.5944828192004934e-05,79299,,7.9051666259765625,,1.080680012702942,,0.5268930196762085,,0.29563093185424805
,5452.0,31,1.588965460541658e-05,79349,,4.748499393463135,,1.5563398599624634,,0.5269303321838379,,0.2956704795360565
,5500.0,31,1.583448283781763e-05,79399,,6.125090599060059,,1.2496247291564941,,0.5269699096679688,,0.29570668935775757
,5524.0,31,1.5779311070218682e-05,79449,,4.6027631759643555,,1.4707633256912231,,0.5270031690597534,,0.2957412004470825
,5448.0,31,1.572413748363033e-05,79499,,6.211679458618164,,1.0125731229782104,,0.5270366668701172,,0.29577720165252686
,5484.0,31,1.566896571603138e-05,79549,,5.8764190673828125,,0.9228894114494324,,0.5270693898200989,,0.2958122193813324
,5496.0,31,1.561379394843243e-05,79599,,5.499466419219971,,1.7437509298324585,,0.5271062254905701,,0.29584676027297974
,5448.0,31,1.5558620361844078e-05,79649,,5.750380516052246,,1.2524107694625854,,0.5271448493003845,,0.29588353633880615
,5484.0,31,1.550344859424513e-05,79699,,3.8684659004211426,,1.6921443939208984,,0.5271785259246826,,0.29591819643974304
,5480.0,31,1.5448275007656775e-05,79749,,4.702465057373047,,1.8020195960998535,,0.5272098779678345,,0.2959527373313904
,5496.0,31,1.5393103240057826e-05,79799,,4.522714138031006,,1.3639949560165405,,0.5272457003593445,,0.29598596692085266
,5564.0,31,1.5337931472458877e-05,79849,,6.81728982925415,,1.1585971117019653,,0.527277946472168,,0.29601967334747314
,5504.0,31,1.5282757885870524e-05,79899,,5.020074367523193,,1.1263444423675537,,0.5273150205612183,,0.29605215787887573
,5468.0,31,1.5227586118271574e-05,79949,,3.4018869400024414,,0.9491150379180908,,0.5273426175117493,,0.29608792066574097
,5488.0,31,1.5172413441177923e-05,79999,,6.963855266571045,,0.961423933506012,,0.527381181716919,,0.2961244583129883
,5480.0,31,1.5117241673578974e-05,80049,,6.987722873687744,,1.173710584640503,,0.5274149775505066,,0.29615965485572815
,5488.0,31,1.5062068996485323e-05,80099,,4.044505596160889,,1.7884974479675293,,0.5274463295936584,,0.29619044065475464
,5432.0,31,1.5006896319391672e-05,80149,,4.898336887359619,,1.0414048433303833,,0.5274800658226013,,0.2962251305580139
,5524.0,31,1.4951724551792722e-05,80199,,4.547211647033691,,1.5604909658432007,,0.5275128483772278,,0.2962568700313568
,5408.0,31,1.4896551874699071e-05,80249,,5.379833221435547,,0.926174521446228,,0.5275507569313049,,0.2962903082370758
5462.61865234375,,31,,80255,5.136361122131348,,1.4005405902862549,,0.5266982913017273,,0.2954404950141907,
,5500.0,32,1.484137919760542e-05,80299,,4.860137462615967,,1.6519277095794678,,0.5275850296020508,,0.2963223159313202
,5436.0,32,1.4786206520511769e-05,80349,,5.169607162475586,,1.1716115474700928,,0.5276184678077698,,0.2963593900203705
,5476.0,32,1.473103475291282e-05,80399,,3.837758779525757,,1.6044212579727173,,0.5276508331298828,,0.2963966429233551
,5476.0,32,1.4675862075819168e-05,80449,,8.113645553588867,,1.0710307359695435,,0.5276879072189331,,0.2964278757572174
,5472.0,32,1.4620689398725517e-05,80499,,4.469630718231201,,1.4446083307266235,,0.5277224779129028,,0.29645952582359314
,5432.0,32,1.4565517631126568e-05,80549,,5.580205917358398,,1.2883293628692627,,0.5277543067932129,,0.29648932814598083
,5512.0,32,1.4510344954032917e-05,80599,,5.247949123382568,,1.4848213195800781,,0.5277872681617737,,0.2965257465839386
,5464.0,32,1.4455172276939265e-05,80649,,3.9084370136260986,,1.5574989318847656,,0.5278187990188599,,0.29655906558036804
,5464.0,32,1.4399999599845614e-05,80699,,6.302516460418701,,1.5235154628753662,,0.5278511047363281,,0.2965940833091736
,5440.0,32,1.4344827832246665e-05,80749,,4.788173198699951,,1.9738972187042236,,0.5278794765472412,,0.2966275215148926
,5500.0,32,1.4289655155153014e-05,80799,,5.230538845062256,,1.511635184288025,,0.5279130339622498,,0.2966564893722534
,5456.0,32,1.4234482478059363e-05,80849,,3.1254677772521973,,1.9491057395935059,,0.5279474854469299,,0.2966918349266052
,5464.0,32,1.4179310710460413e-05,80899,,4.186890125274658,,1.6764940023422241,,0.5279855728149414,,0.29672664403915405
,5432.0,32,1.4124138033366762e-05,80949,,4.635042667388916,,1.5313836336135864,,0.5280224680900574,,0.2967587113380432
,5488.0,32,1.4068965356273111e-05,80999,,4.692663669586182,,1.1834481954574585,,0.5280531644821167,,0.29679471254348755
,5516.0,32,1.401379267917946e-05,81049,,4.396971225738525,,1.3545266389846802,,0.5280872583389282,,0.29683035612106323
,5480.0,32,1.395862091158051e-05,81099,,5.231924533843994,,1.6551138162612915,,0.528120219707489,,0.29686418175697327
,5416.0,32,1.390344823448686e-05,81149,,6.383846282958984,,0.8449804186820984,,0.5281548500061035,,0.29689210653305054
,5452.0,32,1.3848275557393208e-05,81199,,6.327786445617676,,1.319708228111267,,0.528192400932312,,0.29692342877388
,5452.0,32,1.3793103789794259e-05,81249,,6.4359307289123535,,1.8771297931671143,,0.5282261967658997,,0.2969605624675751
,5456.0,32,1.3737931112700608e-05,81299,,6.196431636810303,,1.105998158454895,,0.5282635688781738,,0.2969900369644165
,5424.0,32,1.3682758435606956e-05,81349,,6.774658203125,,1.2226102352142334,,0.5282972455024719,,0.2970271408557892
,4385.0,32,1.3627585758513305e-05,81399,,6.1391682624816895,,1.1386839151382446,,0.5283312201499939,,0.29706263542175293
,5436.0,32,1.3572413990914356e-05,81449,,4.7869110107421875,,1.4537428617477417,,0.5283602476119995,,0.2971011996269226
,5448.0,32,1.3517241313820705e-05,81499,,5.466758728027344,,1.3601735830307007,,0.5283944606781006,,0.2971368432044983
,5500.0,32,1.3462068636727054e-05,81549,,4.525210380554199,,1.8566670417785645,,0.5284284949302673,,0.2971721589565277
,5444.0,32,1.3406896869128104e-05,81599,,2.8460164070129395,,1.6307543516159058,,0.5284578800201416,,0.2972021996974945
,5504.0,32,1.3351724192034453e-05,81649,,4.614241123199463,,1.392121434211731,,0.5284940004348755,,0.2972327172756195
,5464.0,32,1.3296551514940802e-05,81699,,4.131198406219482,,1.7351912260055542,,0.5285241007804871,,0.2972676753997803
,5456.0,32,1.3241379747341853e-05,81749,,6.395907402038574,,0.99298095703125,,0.528557300567627,,0.29729926586151123
,5472.0,32,1.3186207070248201e-05,81799,,5.4618239402771,,1.490809679031372,,0.5285848379135132,,0.29732921719551086
,5440.0,32,1.313103439315455e-05,81849,,6.129086017608643,,1.2272306680679321,,0.5286198854446411,,0.2973659932613373
,5432.0,32,1.30758617160609e-05,81899,,4.755013942718506,,1.3746684789657593,,0.5286551713943481,,0.29739516973495483
,5412.0,32,1.302068994846195e-05,81949,,4.204540252685547,,1.4235888719558716,,0.5286847949028015,,0.2974259853363037
,5452.0,32,1.2965517271368299e-05,81999,,4.271772384643555,,1.6574127674102783,,0.5287153124809265,,0.2974582016468048
,5456.0,32,1.2910344594274648e-05,82049,,3.5114498138427734,,1.7076157331466675,,0.5287473201751709,,0.29748809337615967
,5520.0,32,1.2855172826675698e-05,82099,,4.619236946105957,,1.8730813264846802,,0.5287812948226929,,0.29751917719841003
,5460.0,32,1.2800000149582047e-05,82149,,8.194886207580566,,1.0030500888824463,,0.5288142561912537,,0.2975539565086365
,5496.0,32,1.2744827472488396e-05,82199,,5.623641490936279,,1.5325576066970825,,0.5288442373275757,,0.29758548736572266
,5520.0,32,1.2689654795394745e-05,82249,,4.24889612197876,,1.413279414176941,,0.5288704633712769,,0.29761800169944763
,5464.0,32,1.2634483027795795e-05,82299,,3.91117262840271,,1.6446782350540161,,0.5289037823677063,,0.2976532280445099
,5440.0,32,1.2579310350702144e-05,82349,,5.085874080657959,,1.4542855024337769,,0.5289388298988342,,0.29768645763397217
,5472.0,32,1.2524137673608493e-05,82399,,5.445489406585693,,1.6288996934890747,,0.5289720296859741,,0.29772019386291504
,5448.0,32,1.2468965906009544e-05,82449,,4.226451873779297,,1.2857469320297241,,0.5290077924728394,,0.29775097966194153
,5440.0,32,1.2413793228915893e-05,82499,,5.185466766357422,,1.6729068756103516,,0.5290389060974121,,0.2977830469608307
,5468.0,32,1.2358620551822241e-05,82549,,6.268047332763672,,1.3383030891418457,,0.5290756225585938,,0.29781314730644226
,5412.0,32,1.230344787472859e-05,82599,,4.437609672546387,,1.579168438911438,,0.5291097164154053,,0.29784315824508667
,5420.0,32,1.2248276107129641e-05,82649,,4.003571510314941,,1.7205290794372559,,0.5291434526443481,,0.29787477850914
,5500.0,32,1.219310343003599e-05,82699,,4.229334831237793,,1.4640254974365234,,0.5291803479194641,,0.2979072630405426
,5504.0,32,1.2137930752942339e-05,82749,,5.6558637619018555,,1.3435466289520264,,0.5292081832885742,,0.2979350686073303
5461.880859375,,32,,82763,5.127938270568848,,1.399361491203308,,0.5284050107002258,,0.2971389591693878,
,5444.0,33,1.208275898534339e-05,82799,,4.528810977935791,,1.8474138975143433,,0.5292388200759888,,0.2979700565338135
,5448.0,33,1.2027586308249738e-05,82849,,5.114964962005615,,1.454314947128296,,0.5292692184448242,,0.2980000674724579
,5416.0,33,1.1972413631156087e-05,82899,,5.471391677856445,,1.0322142839431763,,0.5293042063713074,,0.2980257570743561
,5452.0,33,1.1917240954062436e-05,82949,,4.832956314086914,,1.1080272197723389,,0.5293360352516174,,0.29805848002433777
,5448.0,33,1.1862069186463486e-05,82999,,5.884253025054932,,1.2582265138626099,,0.5293682217597961,,0.2980906367301941
,5452.0,33,1.1806896509369835e-05,83049,,6.47981595993042,,1.239449381828308,,0.5294044613838196,,0.29811984300613403
,5476.0,33,1.1751723832276184e-05,83099,,4.925662040710449,,1.5161677598953247,,0.5294365882873535,,0.298149049282074
,5424.0,33,1.1696552064677235e-05,83149,,3.3660197257995605,,1.2056915760040283,,0.5294723510742188,,0.2981839179992676
,5420.0,33,1.1641379387583584e-05,83199,,3.959202527999878,,1.3802449703216553,,0.5295049548149109,,0.2982157766819
,5476.0,33,1.1586206710489932e-05,83249,,5.928451061248779,,1.231750726699829,,0.5295336246490479,,0.2982475757598877
,5528.0,33,1.1531034033396281e-05,83299,,6.850376605987549,,1.8702853918075562,,0.5295687317848206,,0.298278272151947
,5556.0,33,1.1475862265797332e-05,83349,,6.359221935272217,,1.39786696434021,,0.5296000242233276,,0.2983105480670929
,5480.0,33,1.142068958870368e-05,83399,,4.998592376708984,,1.6126948595046997,,0.5296320915222168,,0.29834073781967163
,5408.0,33,1.136551691161003e-05,83449,,5.560884952545166,,1.4501991271972656,,0.5296674370765686,,0.2983717918395996
,5436.0,33,1.131034514401108e-05,83499,,4.551222324371338,,1.2173486948013306,,0.5296971797943115,,0.29840171337127686
,5504.0,33,1.1255172466917429e-05,83549,,4.379659652709961,,1.9683306217193604,,0.5297291278839111,,0.29843267798423767
,5444.0,33,1.1199999789823778e-05,83599,,5.530666351318359,,1.1754742860794067,,0.5297589302062988,,0.2984655499458313
,5420.0,33,1.1144828022224829e-05,83649,,6.0201520919799805,,1.0935755968093872,,0.5297907590866089,,0.2984963655471802
,5504.0,33,1.1089655345131177e-05,83699,,7.057257652282715,,1.0970630645751953,,0.5298247337341309,,0.2985241413116455
,5504.0,33,1.1034482668037526e-05,83749,,5.500864028930664,,1.2612696886062622,,0.5298516154289246,,0.29855313897132874
,5416.0,33,1.0979309990943875e-05,83799,,5.373071193695068,,1.4653347730636597,,0.5298861265182495,,0.2985838055610657
,5480.0,33,1.0924138223344926e-05,83849,,3.9248087406158447,,1.3029429912567139,,0.5299145579338074,,0.29860877990722656
,5484.0,33,1.0868965546251275e-05,83899,,4.431529998779297,,1.3742804527282715,,0.5299444794654846,,0.2986416518688202
,5496.0,33,1.0813792869157623e-05,83949,,2.9495656490325928,,1.6761319637298584,,0.5299762487411499,,0.2986745536327362
,5496.0,33,1.0758621101558674e-05,83999,,5.4818949699401855,,1.5804258584976196,,0.5300127267837524,,0.2987075448036194
,5536.0,33,1.0703448424465023e-05,84049,,4.894041538238525,,1.3014928102493286,,0.5300450325012207,,0.2987406253814697
,5436.0,33,1.0648275747371372e-05,84099,,7.080714702606201,,1.1977224349975586,,0.5300769209861755,,0.2987777888774872
,5488.0,33,1.059310307027772e-05,84149,,4.066380977630615,,1.7899348735809326,,0.5301102995872498,,0.29880666732788086
,5476.0,33,1.0537931302678771e-05,84199,,7.010199069976807,,1.2281092405319214,,0.5301429033279419,,0.298841655254364
,5512.0,33,1.048275862558512e-05,84249,,6.163168907165527,,1.2548078298568726,,0.5301766395568848,,0.298878937959671
,5456.0,33,1.0427585948491469e-05,84299,,5.423893451690674,,1.1294963359832764,,0.5302053689956665,,0.29891350865364075
,5472.0,33,1.037241418089252e-05,84349,,4.892470836639404,,1.1049124002456665,,0.5302391052246094,,0.29894036054611206
,5448.0,33,1.0317241503798869e-05,84399,,4.502492427825928,,1.948630690574646,,0.530266523361206,,0.2989727556705475
,5396.0,33,1.0262068826705217e-05,84449,,5.190710067749023,,1.5372387170791626,,0.5302975177764893,,0.29900121688842773
,5476.0,33,1.0206896149611566e-05,84499,,4.824760437011719,,1.4601224660873413,,0.5303323864936829,,0.2990325093269348
,5444.0,33,1.0151724382012617e-05,84549,,5.665460109710693,,1.5173746347427368,,0.5303654670715332,,0.2990614175796509
,5432.0,33,1.0096551704918966e-05,84599,,5.955420970916748,,1.0703175067901611,,0.530403733253479,,0.29909539222717285
,5464.0,33,1.0041379027825315e-05,84649,,4.684780120849609,,1.4095617532730103,,0.5304332375526428,,0.2991204261779785
,5460.0,33,9.986207260226365e-06,84699,,5.513113498687744,,1.370077133178711,,0.5304628610610962,,0.2991500198841095
,5500.0,33,9.931034583132714e-06,84749,,5.7392778396606445,,1.2353088855743408,,0.530492901802063,,0.29918497800827026
,5460.0,33,9.875861906039063e-06,84799,,4.0334086418151855,,1.4444278478622437,,0.5305237174034119,,0.2992178201675415
,5468.0,33,9.820689228945412e-06,84849,,4.932579040527344,,1.167104721069336,,0.5305570960044861,,0.299253910779953
,5476.0,33,9.765517461346462e-06,84899,,5.130457401275635,,1.630544662475586,,0.5305854678153992,,0.29928717017173767
,5424.0,33,9.710344784252811e-06,84949,,4.637482643127441,,1.3750085830688477,,0.5306146144866943,,0.29932162165641785
,5460.0,33,9.65517210715916e-06,84999,,5.692013263702393,,1.3178343772888184,,0.5306492447853088,,0.2993501126766205
,5420.0,33,9.60000033956021e-06,85049,,4.820566654205322,,1.6647359132766724,,0.5306758880615234,,0.2993847131729126
,5464.0,33,9.54482766246656e-06,85099,,5.8194580078125,,1.3536078929901123,,0.5307029485702515,,0.29941874742507935
,5440.0,33,9.489654985372908e-06,85149,,4.862545967102051,,1.5868816375732422,,0.5307365655899048,,0.299451619386673
,5444.0,33,9.434482308279257e-06,85199,,4.622310638427734,,1.2239481210708618,,0.530765950679779,,0.29948005080223083
,5440.0,33,9.379310540680308e-06,85249,,6.5338006019592285,,0.8101406097412109,,0.5307899713516235,,0.29951012134552
5464.5107421875,,33,,85271,5.135443687438965,,1.3943719863891602,,0.530036449432373,,0.29873591661453247,
,5484.0,34,9.324137863586657e-06,85299,,4.5136494636535645,,1.5593011379241943,,0.5308198928833008,,0.2995387315750122
,5448.0,34,9.268965186493006e-06,85349,,6.401280879974365,,0.9184304475784302,,0.5308493375778198,,0.29957103729248047
,5480.0,34,9.213793418894056e-06,85399,,5.228505611419678,,1.4580254554748535,,0.5308817028999329,,0.2996063232421875
,5524.0,34,9.158620741800405e-06,85449,,4.107701301574707,,1.3738032579421997,,0.5309133529663086,,0.29963791370391846
,5468.0,34,9.103448064706754e-06,85499,,5.55325174331665,,1.598273754119873,,0.5309481620788574,,0.29966557025909424
,5460.0,34,9.048276297107805e-06,85549,,5.321142673492432,,1.3876346349716187,,0.5309748649597168,,0.29969608783721924
,5324.0,34,8.993103620014153e-06,85599,,4.154483318328857,,1.7912184000015259,,0.5310060977935791,,0.29972755908966064
,5416.0,34,8.937930942920502e-06,85649,,4.730498790740967,,1.212229609489441,,0.531038761138916,,0.2997591495513916
,5536.0,34,8.882758265826851e-06,85699,,4.089274883270264,,1.4913685321807861,,0.5310611724853516,,0.299789160490036
,5456.0,34,8.827586498227902e-06,85749,,5.6347479820251465,,1.4121133089065552,,0.5310914516448975,,0.29981741309165955
,5472.0,34,8.77241382113425e-06,85799,,4.311718463897705,,1.491017460823059,,0.531118631362915,,0.29984891414642334
,5536.0,34,8.7172411440406e-06,85849,,4.566864013671875,,1.3268084526062012,,0.5311472415924072,,0.299878865480423
,5432.0,34,8.66206937644165e-06,85899,,5.0932698249816895,,1.2057639360427856,,0.5311807990074158,,0.29990532994270325
,5416.0,34,8.606896699347999e-06,85949,,5.272676467895508,,1.1588077545166016,,0.5312104821205139,,0.299929678440094
,5464.0,34,8.551724022254348e-06,85999,,5.007086277008057,,1.2452998161315918,,0.5312402844429016,,0.2999599575996399
,5472.0,34,8.496551345160697e-06,86049,,6.0078864097595215,,1.228966236114502,,0.5312713980674744,,0.2999837398529053
,5488.0,34,8.441379577561747e-06,86099,,6.198479652404785,,1.3738759756088257,,0.5313056111335754,,0.3000141978263855
,5488.0,34,8.386206900468096e-06,86149,,6.4068379402160645,,1.0723044872283936,,0.5313389301300049,,0.30004096031188965
,5448.0,34,8.331034223374445e-06,86199,,3.7972161769866943,,1.590633511543274,,0.5313729643821716,,0.3000677525997162
,5512.0,34,8.275862455775496e-06,86249,,4.1952009201049805,,1.4971309900283813,,0.5314039587974548,,0.30009573698043823
,5500.0,34,8.220689778681844e-06,86299,,3.724823236465454,,1.35087251663208,,0.5314370393753052,,0.3001241385936737
,5372.0,34,8.165517101588193e-06,86349,,5.124607086181641,,1.7399312257766724,,0.531467854976654,,0.3001609146595001
,5536.0,34,8.110344424494542e-06,86399,,4.487161159515381,,1.7658311128616333,,0.5315002202987671,,0.30019161105155945
,5476.0,34,8.055172656895593e-06,86449,,5.083770751953125,,1.2924673557281494,,0.5315313935279846,,0.30022263526916504
,5408.0,34,7.999999979801942e-06,86499,,6.413313388824463,,1.1711336374282837,,0.531566858291626,,0.30025142431259155
,5344.0,34,7.94482730270829e-06,86549,,4.353926181793213,,1.4741476774215698,,0.5316015481948853,,0.3002811074256897
,5432.0,34,7.889655535109341e-06,86599,,3.6278278827667236,,1.8745501041412354,,0.5316312909126282,,0.3003174066543579
,5348.0,34,7.83448285801569e-06,86649,,4.8911519050598145,,1.1744633913040161,,0.531657874584198,,0.30034875869750977
,5452.0,34,7.779310180922039e-06,86699,,4.739124298095703,,1.2512425184249878,,0.5316883325576782,,0.30037957429885864
,5404.0,34,7.724137503828388e-06,86749,,4.923690319061279,,1.5695581436157227,,0.5317161679267883,,0.3004099428653717
,5480.0,34,7.668965736229438e-06,86799,,5.849268913269043,,1.144087553024292,,0.5317461490631104,,0.30043739080429077
,5500.0,34,7.613793059135787e-06,86849,,4.266197681427002,,1.6894699335098267,,0.5317753553390503,,0.3004692792892456
,5392.0,34,7.558620836789487e-06,86899,,4.622189521789551,,1.3658359050750732,,0.531808078289032,,0.3005039095878601
,5476.0,34,7.503448159695836e-06,86949,,5.92455530166626,,1.362148642539978,,0.5318374037742615,,0.30053794384002686
,5452.0,34,7.4482759373495355e-06,86999,,4.80958366394043,,1.2323904037475586,,0.531863808631897,,0.3005675673484802
,5468.0,34,7.393103260255884e-06,87049,,6.028922080993652,,1.2877447605133057,,0.5318911671638489,,0.3006003499031067
,5516.0,34,7.337931037909584e-06,87099,,6.634121417999268,,1.2884066104888916,,0.5319238901138306,,0.3006318211555481
,5452.0,34,7.282758815563284e-06,87149,,5.592934608459473,,1.4417062997817993,,0.531954824924469,,0.300661563873291
,5520.0,34,7.227586138469633e-06,87199,,3.8940961360931396,,1.2953606843948364,,0.531982958316803,,0.3006927967071533
,5420.0,34,7.1724139161233325e-06,87249,,5.027175426483154,,1.4147697687149048,,0.5320132374763489,,0.3007223904132843
,5484.0,34,7.117241239029681e-06,87299,,6.607715129852295,,1.1029348373413086,,0.5320424437522888,,0.3007538914680481
,5432.0,34,7.062069016683381e-06,87349,,5.823736667633057,,1.5968949794769287,,0.5320717692375183,,0.3007843792438507
,5440.0,34,7.00689633958973e-06,87399,,5.481152057647705,,1.2753429412841797,,0.5320996642112732,,0.3008140027523041
,5364.0,34,6.95172411724343e-06,87449,,5.444587230682373,,1.2317675352096558,,0.532131552696228,,0.3008415400981903
,5440.0,34,6.896551894897129e-06,87499,,4.829142093658447,,1.467213749885559,,0.5321614146232605,,0.300868421792984
,5416.0,34,6.841379217803478e-06,87549,,3.3124773502349854,,1.4640529155731201,,0.5321884155273438,,0.3008970022201538
,5456.0,34,6.786206995457178e-06,87599,,5.3339056968688965,,1.55657160282135,,0.532219409942627,,0.30092960596084595
,5400.0,34,6.731034318363527e-06,87649,,3.769991397857666,,1.5188958644866943,,0.5322526693344116,,0.3009566366672516
,5444.0,34,6.675862096017227e-06,87699,,5.621847629547119,,1.0759787559509277,,0.5322820544242859,,0.3009850084781647
,5424.0,34,6.620689873670926e-06,87749,,5.625862121582031,,1.3826607465744019,,0.5323108434677124,,0.3010134994983673
5462.63037109375,,34,,87779,5.166434288024902,,1.390716791152954,,0.5315843224525452,,0.30028608441352844,
,5464.0,35,6.565517196577275e-06,87799,,4.298877239227295,,1.6155146360397339,,0.5323401093482971,,0.3010455071926117
,5444.0,35,6.510344974230975e-06,87849,,4.302272796630859,,1.2857517004013062,,0.5323733687400818,,0.30107659101486206
,5460.0,35,6.455172297137324e-06,87899,,6.661474704742432,,1.7721452713012695,,0.5324052572250366,,0.3011074662208557
,5496.0,35,6.4000000747910235e-06,87949,,4.313754081726074,,1.6485581398010254,,0.5324351787567139,,0.30113857984542847
,5488.0,35,6.344827397697372e-06,87999,,7.1874775886535645,,0.8955304622650146,,0.532465934753418,,0.30116623640060425
,5452.0,35,6.289655175351072e-06,88049,,5.394521236419678,,1.8122092485427856,,0.5324998497962952,,0.30119597911834717
,5492.0,35,6.234482953004772e-06,88099,,5.870846271514893,,1.114255428314209,,0.5325290560722351,,0.3012233078479767
,5412.0,35,6.179310275911121e-06,88149,,5.880838394165039,,1.3191169500350952,,0.5325546860694885,,0.30125129222869873
,5468.0,35,6.1241380535648204e-06,88199,,5.70681619644165,,1.7646186351776123,,0.5325825214385986,,0.30127987265586853
,5412.0,35,6.068965376471169e-06,88249,,4.166443824768066,,1.7518888711929321,,0.5326108336448669,,0.3013094961643219
,5460.0,35,6.013793154124869e-06,88299,,5.109094142913818,,0.9286783337593079,,0.5326383113861084,,0.30133822560310364
,5484.0,35,5.958620477031218e-06,88349,,5.380585670471191,,1.361011028289795,,0.5326710343360901,,0.30136850476264954
,5468.0,35,5.903448254684918e-06,88399,,4.331900119781494,,1.6269084215164185,,0.5327017903327942,,0.3013976514339447
,5496.0,35,5.848276032338617e-06,88449,,5.011611461639404,,1.3895268440246582,,0.5327339172363281,,0.30142492055892944
,5500.0,35,5.793103355244966e-06,88499,,5.505514621734619,,1.3066983222961426,,0.532766580581665,,0.3014530539512634
,5496.0,35,5.737931132898666e-06,88549,,4.060464859008789,,1.5475423336029053,,0.532793402671814,,0.30148303508758545
,5500.0,35,5.682758455805015e-06,88599,,6.382394790649414,,0.8234683275222778,,0.5328255891799927,,0.30151551961898804
,5476.0,35,5.6275862334587146e-06,88649,,7.64166784286499,,1.7884607315063477,,0.5328564047813416,,0.3015426695346832
,5480.0,35,5.572414011112414e-06,88699,,6.646264553070068,,1.3222837448120117,,0.5328816771507263,,0.3015700876712799
,5472.0,35,5.517241334018763e-06,88749,,6.86290979385376,,1.487783432006836,,0.5329083204269409,,0.3016031086444855
,5452.0,35,5.462069111672463e-06,88799,,5.267265319824219,,1.7269915342330933,,0.5329368114471436,,0.30163121223449707
,5436.0,35,5.406896434578812e-06,88849,,4.356551170349121,,1.6060539484024048,,0.5329681634902954,,0.30165866017341614
,5452.0,35,5.3517242122325115e-06,88899,,4.948880195617676,,1.4761098623275757,,0.5329960584640503,,0.3016892075538635
,5448.0,35,5.29655153513886e-06,88949,,6.115695476531982,,1.0759018659591675,,0.5330215692520142,,0.30171623826026917
,5544.0,35,5.24137931279256e-06,88999,,6.368885040283203,,1.022435188293457,,0.5330550074577332,,0.3017476499080658
,5416.0,35,5.18620709044626e-06,89049,,6.22820520401001,,1.1017857789993286,,0.533083438873291,,0.30177655816078186
,5424.0,35,5.131034413352609e-06,89099,,4.233974456787109,,1.2464622259140015,,0.5331131219863892,,0.301805704832077
,5484.0,35,5.075862191006308e-06,89149,,4.064406394958496,,1.8998594284057617,,0.5331418514251709,,0.3018389046192169
,5488.0,35,5.020689513912657e-06,89199,,3.0689778327941895,,1.6914533376693726,,0.5331714153289795,,0.30186727643013
,5456.0,35,4.965517291566357e-06,89249,,5.5278167724609375,,1.5914137363433838,,0.5332003235816956,,0.30189886689186096
,5520.0,35,4.910344614472706e-06,89299,,4.31851053237915,,1.4541029930114746,,0.533230721950531,,0.30192485451698303
,5520.0,35,4.855172392126406e-06,89349,,4.363066673278809,,1.4304325580596924,,0.5332614183425903,,0.30195215344429016
,5548.0,35,4.800000169780105e-06,89399,,4.7730326652526855,,1.4213000535964966,,0.5332921743392944,,0.3019821047782898
,5448.0,35,4.744827492686454e-06,89449,,4.698797225952148,,1.5270768404006958,,0.5333186388015747,,0.30201366543769836
,5424.0,35,4.689655270340154e-06,89499,,7.110967636108398,,0.8295751810073853,,0.5333511829376221,,0.30203989148139954
,5376.0,35,4.634482593246503e-06,89549,,4.798755168914795,,1.430229663848877,,0.5333811044692993,,0.3020637631416321
,5432.0,35,4.5793103709002025e-06,89599,,4.832281589508057,,1.616471529006958,,0.533407986164093,,0.30209237337112427
,5448.0,35,4.524138148553902e-06,89649,,4.676682472229004,,1.1097228527069092,,0.5334354639053345,,0.30211949348449707
,5384.0,35,4.468965471460251e-06,89699,,4.907325267791748,,1.6332504749298096,,0.533459484577179,,0.30215057730674744
,5516.0,35,4.413793249113951e-06,89749,,5.1124725341796875,,1.2740135192871094,,0.5334892272949219,,0.30218273401260376
,5472.0,35,4.3586205720203e-06,89799,,6.379292964935303,,1.3125691413879395,,0.5335179567337036,,0.3022145628929138
,5488.0,35,4.3034483496739995e-06,89849,,5.661850452423096,,1.4027090072631836,,0.5335540175437927,,0.302243709564209
,5444.0,35,4.248275672580348e-06,89899,,6.014920234680176,,1.2160146236419678,,0.5335818529129028,,0.30226704478263855
,5424.0,35,4.193103450234048e-06,89949,,7.485607624053955,,1.0802901983261108,,0.5336083769798279,,0.30229735374450684
,5344.0,35,4.137931227887748e-06,89999,,5.561924934387207,,1.4775762557983398,,0.5336371064186096,,0.3023253381252289
,5456.0,35,4.082758550794097e-06,90049,,6.538949489593506,,1.5086424350738525,,0.5336649417877197,,0.30235543847084045
,5540.0,35,4.027586328447796e-06,90099,,5.491259574890137,,1.160204291343689,,0.5336931943893433,,0.30238473415374756
,5420.0,35,3.972413651354145e-06,90149,,5.682033538818359,,1.1649240255355835,,0.5337203145027161,,0.30241262912750244
,5360.0,35,3.917241429007845e-06,90199,,4.988828182220459,,1.3955326080322266,,0.5337439179420471,,0.30244553089141846
,5428.0,35,3.862068751914194e-06,90249,,5.0975847244262695,,1.0921010971069336,,0.5337672829627991,,0.30247652530670166
5461.26611328125,,35,,90287,5.093263626098633,,1.3896154165267944,,0.5330855846405029,,0.30177435278892517,
,5500.0,36,3.8068965295678936e-06,90299,,5.86395263671875,,1.1113592386245728,,0.5337936282157898,,0.3025015592575073
,5468.0,36,3.751724079847918e-06,90349,,5.780913829803467,,1.3613338470458984,,0.5338261127471924,,0.302531361579895
,5468.0,36,3.696551630127942e-06,90399,,5.194910049438477,,1.2632886171340942,,0.5338574051856995,,0.30256298184394836
,5444.0,36,3.641379407781642e-06,90449,,5.445252895355225,,1.1058725118637085,,0.5338846445083618,,0.30259275436401367
,5420.0,36,3.5862069580616662e-06,90499,,5.680695533752441,,1.12905752658844,,0.5339099168777466,,0.3026176393032074
,5416.0,36,3.5310345083416905e-06,90549,,4.4289093017578125,,1.6088860034942627,,0.533940315246582,,0.3026489019393921
,5516.0,36,3.475862058621715e-06,90599,,5.944928169250488,,1.6384341716766357,,0.533966064453125,,0.30267733335494995
,5504.0,36,3.420689608901739e-06,90649,,5.486723899841309,,1.3968825340270996,,0.5339980125427246,,0.3027071952819824
,5472.0,36,3.3655171591817634e-06,90699,,3.7070693969726562,,1.4020781517028809,,0.5340263247489929,,0.30273449420928955
,5448.0,36,3.310344936835463e-06,90749,,6.949113845825195,,1.4127471446990967,,0.5340549945831299,,0.30276474356651306
,5464.0,36,3.2551724871154875e-06,90799,,4.34000301361084,,1.5539591312408447,,0.5340887308120728,,0.30279067158699036
,5500.0,36,3.2000000373955118e-06,90849,,7.26736307144165,,0.9178838133811951,,0.5341202020645142,,0.30282163619995117
,5440.0,36,3.144827587675536e-06,90899,,3.3607282638549805,,1.4676333665847778,,0.5341476202011108,,0.30285051465034485
,5416.0,36,3.0896551379555603e-06,90949,,5.980748176574707,,1.2930158376693726,,0.5341761112213135,,0.3028794527053833
,5432.0,36,3.0344826882355846e-06,90999,,5.05811882019043,,1.3574767112731934,,0.5342016220092773,,0.3029085397720337
,5524.0,36,2.979310238515609e-06,91049,,5.447579860687256,,0.910978376865387,,0.5342344641685486,,0.30293717980384827
,5472.0,36,2.9241380161693087e-06,91099,,2.3320038318634033,,1.7363543510437012,,0.5342613458633423,,0.302965372800827
,5432.0,36,2.868965566449333e-06,91149,,5.979146957397461,,1.3491425514221191,,0.5342930555343628,,0.30299094319343567
,5484.0,36,2.8137931167293573e-06,91199,,4.840972900390625,,1.4081960916519165,,0.5343213677406311,,0.3030190169811249
,5400.0,36,2.7586206670093816e-06,91249,,4.923983573913574,,1.3913617134094238,,0.5343482494354248,,0.30304792523384094
,5480.0,36,2.703448217289406e-06,91299,,5.60025691986084,,1.1227869987487793,,0.5343748927116394,,0.30307573080062866
,5528.0,36,2.64827576756943e-06,91349,,4.16324520111084,,1.6562402248382568,,0.5344046354293823,,0.30310752987861633
,5484.0,36,2.59310354522313e-06,91399,,4.332136631011963,,1.7325469255447388,,0.5344340801239014,,0.30313700437545776
,5492.0,36,2.537931095503154e-06,91449,,5.5139479637146,,1.446656346321106,,0.5344632267951965,,0.3031657934188843
,5500.0,36,2.4827586457831785e-06,91499,,5.832489490509033,,1.576945185661316,,0.5344914793968201,,0.3031943440437317
,5404.0,36,2.427586196063203e-06,91549,,3.6403746604919434,,1.7446136474609375,,0.5345203280448914,,0.3032228946685791
,5476.0,36,2.372413746343227e-06,91599,,3.420367956161499,,1.429916501045227,,0.5345432162284851,,0.3032481074333191
,5448.0,36,2.3172412966232514e-06,91649,,5.154794216156006,,1.3872575759887695,,0.5345761179924011,,0.30327197909355164
,5444.0,36,2.262069074276951e-06,91699,,4.399651050567627,,1.6248029470443726,,0.5346016883850098,,0.3033018112182617
,5520.0,36,2.2068966245569754e-06,91749,,5.3558349609375,,1.24689781665802,,0.5346264243125916,,0.30332571268081665
,5480.0,36,2.1517241748369997e-06,91799,,5.836450576782227,,1.07135808467865,,0.5346528887748718,,0.30335262417793274
,5468.0,36,2.096551725117024e-06,91849,,4.317079544067383,,1.5374835729599,,0.5346784591674805,,0.30337923765182495
,5412.0,36,2.0413792753970483e-06,91899,,4.563562870025635,,1.5889726877212524,,0.5347066521644592,,0.303405225276947
,5448.0,36,1.9862068256770726e-06,91949,,4.867933750152588,,1.287821888923645,,0.5347341299057007,,0.3034348487854004
,5564.0,36,1.931034375957097e-06,91999,,6.911911964416504,,1.4349693059921265,,0.5347636342048645,,0.30346032977104187
,5376.0,36,1.875862039923959e-06,92049,,4.875061511993408,,1.6633294820785522,,0.5347922444343567,,0.3034898638725281
,5480.0,36,1.820689703890821e-06,92099,,4.92498254776001,,1.5589935779571533,,0.5348183512687683,,0.3035213053226471
,5480.0,36,1.7655172541708453e-06,92149,,5.875766754150391,,1.5408682823181152,,0.5348460078239441,,0.3035455644130707
,5496.0,36,1.7103448044508696e-06,92199,,5.759469032287598,,1.321677565574646,,0.5348727703094482,,0.3035755455493927
,5456.0,36,1.6551724684177316e-06,92249,,5.493549823760986,,1.3162853717803955,,0.5349031090736389,,0.30360645055770874
,5488.0,36,1.6000000186977559e-06,92299,,4.589725971221924,,1.5238796472549438,,0.5349280834197998,,0.30364009737968445
,5488.0,36,1.5448275689777802e-06,92349,,3.6985607147216797,,1.8354554176330566,,0.5349552631378174,,0.3036666810512543
,5516.0,36,1.4896551192578045e-06,92399,,5.141487121582031,,1.1692465543746948,,0.5349821448326111,,0.30369192361831665
,5432.0,36,1.4344827832246665e-06,92449,,5.477696418762207,,1.530554175376892,,0.5350041389465332,,0.3037208318710327
,5404.0,36,1.3793103335046908e-06,92499,,4.044976234436035,,1.5530071258544922,,0.535030722618103,,0.30375364422798157
,5388.0,36,1.324137883784715e-06,92549,,4.596157073974609,,1.5857315063476562,,0.5350576639175415,,0.3037816882133484
,5436.0,36,1.268965547751577e-06,92599,,6.021748065948486,,0.8962922692298889,,0.5350843667984009,,0.30380815267562866
,5488.0,36,1.2137930980316014e-06,92649,,4.989095687866211,,0.9171597957611084,,0.5351126790046692,,0.30383357405662537
,5428.0,36,1.1586206483116257e-06,92699,,4.475727558135986,,1.5303075313568115,,0.5351380705833435,,0.30385974049568176
,5448.0,36,1.1034483122784877e-06,92749,,5.663956165313721,,1.4401675462722778,,0.5351632833480835,,0.3038901388645172
5463.1044921875,,36,,92795,5.103951454162598,,1.3885349035263062,,0.5345173478126526,,0.30321791768074036,
,5504.0,37,1.048275862558512e-06,92799,,6.012076377868652,,0.9729520082473755,,0.5351918339729309,,0.30391478538513184
,5428.0,37,9.931034128385363e-07,92849,,4.019365310668945,,1.7909847497940063,,0.5352191925048828,,0.3039422035217285
,5452.0,37,9.379310199619795e-07,92899,,6.259605407714844,,1.2885658740997314,,0.5352461934089661,,0.3039667010307312
,5452.0,37,8.827586270854226e-07,92949,,5.586737155914307,,1.229953646659851,,0.5352729558944702,,0.30399543046951294
,5456.0,37,8.275862342088658e-07,92999,,6.618653774261475,,1.2687206268310547,,0.5352990627288818,,0.30402350425720215
,5440.0,37,7.724137844888901e-07,93049,,5.116775035858154,,0.9931426644325256,,0.5353313088417053,,0.30404967069625854
,5476.0,37,7.172413916123332e-07,93099,,4.747844219207764,,1.3564400672912598,,0.5353559255599976,,0.30407655239105225
,5408.0,37,6.620689418923575e-07,93149,,3.049149513244629,,1.752624273300171,,0.5353793501853943,,0.3041016757488251
,5532.0,37,6.068965490158007e-07,93199,,4.936454772949219,,1.6155258417129517,,0.5354031920433044,,0.3041282296180725
,5384.0,37,5.517241561392439e-07,93249,,4.974362850189209,,1.5872364044189453,,0.5354284048080444,,0.30415940284729004
,5468.0,37,4.965517064192682e-07,93299,,3.9785289764404297,,1.5044620037078857,,0.5354576706886292,,0.30418673157691956
,5444.0,37,4.413793135427113e-07,93349,,5.562548637390137,,1.1731642484664917,,0.5354841947555542,,0.3042115867137909
,5544.0,37,3.8620689224444504e-07,93399,,6.256204128265381,,0.9932423233985901,,0.5355119705200195,,0.3042405843734741
,5500.0,37,3.3103447094617877e-07,93449,,5.366163730621338,,1.2717787027359009,,0.5355381965637207,,0.3042657971382141
,5404.0,37,2.7586207806962193e-07,93499,,5.528806686401367,,1.5356241464614868,,0.535564124584198,,0.3042939007282257
,5428.0,37,2.2068965677135566e-07,93549,,3.4787330627441406,,1.817402720451355,,0.5355891585350037,,0.30432024598121643
,5404.0,37,1.6551723547308939e-07,93599,,7.390089988708496,,1.4271665811538696,,0.5356126427650452,,0.3043443262577057
,5440.0,37,1.1034482838567783e-07,93649,,3.9898457527160645,,1.8395202159881592,,0.535643458366394,,0.3043702244758606
,5496.0,37,5.5172414192838914e-08,93699,,6.169588565826416,,1.2034376859664917,,0.5356703400611877,,0.3044009804725647
,5512.0,37,0.0,93749,,4.692293167114258,,1.3218750953674316,,0.5357028245925903,,0.3044286370277405
5462.2998046875,,37,,93786,5.099277973175049,,1.3842324018478394,,0.5354884266853333,,0.3041994273662567,
