Gathered number of frames_epoch,Gathered number of frames_step,epoch,lr,step,train_feature_penalty_epoch,train_feature_penalty_step,train_loss_epoch,train_loss_step,train_masked_accuracy_epoch,train_masked_accuracy_step,train_unmasked_accuracy_epoch,train_unmasked_accuracy_step
,5440.0,0,8.000000093488779e-07,49,,0.2715509533882141,,5.12200403213501,,0.00611615227535367,,0.004904687404632568
,5472.0,0,1.6000000186977559e-06,99,,0.23792052268981934,,5.280013561248779,,0.04238908365368843,,0.027645111083984375
,5488.0,0,2.4000000848900527e-06,149,,0.31565606594085693,,4.765680313110352,,0.058714743703603745,,0.048967935144901276
,5280.0,0,3.2000000373955118e-06,199,,0.26638978719711304,,4.595864295959473,,0.0690956562757492,,0.06505648791790009
,5424.0,0,3.999999989900971e-06,249,,0.3518882989883423,,4.659794807434082,,0.07839681953191757,,0.07780797779560089
,5552.0,0,4.800000169780105e-06,299,,0.3944651484489441,,4.491663932800293,,0.08840257674455643,,0.08802734315395355
,5376.0,0,5.599999894911889e-06,349,,0.4352550208568573,,4.4928107261657715,,0.0973447635769844,,0.09567531943321228
,5456.0,0,6.4000000747910235e-06,399,,0.384941041469574,,4.324424743652344,,0.10308195650577545,,0.10114758461713791
,5408.0,0,7.199999799922807e-06,449,,0.6015408635139465,,4.922484397888184,,0.10947789996862411,,0.10738405585289001
,5632.0,0,7.999999979801942e-06,499,,0.5466816425323486,,4.370250225067139,,0.11415044963359833,,0.11169937998056412
,5584.0,0,8.799999704933725e-06,549,,0.6498537659645081,,4.384122848510742,,0.11890138685703278,,0.1160641685128212
,5536.0,0,9.60000033956021e-06,599,,0.5632185339927673,,4.160257816314697,,0.12374641001224518,,0.12051595747470856
,5392.0,0,1.0400000064691994e-05,649,,0.4366362988948822,,4.642275333404541,,0.12824641168117523,,0.12408814579248428
,5488.0,0,1.1199999789823778e-05,699,,0.6064121723175049,,3.982818365097046,,0.13286806643009186,,0.1277918666601181
,5488.0,0,1.2000000424450263e-05,749,,0.685912549495697,,3.8063344955444336,,0.13684408366680145,,0.1307978481054306
,5424.0,0,1.2800000149582047e-05,799,,0.5904167890548706,,3.920966863632202,,0.14002326130867004,,0.13298410177230835
,5488.0,0,1.359999987471383e-05,849,,0.7606579661369324,,4.374834060668945,,0.14388476312160492,,0.13573507964611053
,5520.0,0,1.4399999599845614e-05,899,,0.7683320641517639,,3.7480320930480957,,0.14756527543067932,,0.1380128413438797
,5392.0,0,1.52000002344721e-05,949,,0.8221543431282043,,4.134195804595947,,0.15054047107696533,,0.13941016793251038
,5536.0,0,1.5999999959603883e-05,999,,0.9099019765853882,,3.785923957824707,,0.15332752466201782,,0.1411191076040268
,5424.0,0,1.680000059423037e-05,1049,,0.8941094279289246,,4.471390724182129,,0.1565622240304947,,0.14313656091690063
,5328.0,0,1.759999940986745e-05,1099,,0.917911171913147,,4.155139446258545,,0.15950146317481995,,0.14483726024627686
,5488.0,0,1.8400000044493936e-05,1149,,0.7509296536445618,,4.199747085571289,,0.16211102902889252,,0.14599888026714325
,5568.0,0,1.920000067912042e-05,1199,,1.0928088426589966,,4.542710781097412,,0.1647198349237442,,0.14721645414829254
,5476.0,0,1.9999999494757503e-05,1249,,1.0982786417007446,,4.14561128616333,,0.16648989915847778,,0.14785845577716827
,5368.0,0,2.080000012938399e-05,1299,,1.2268892526626587,,4.189815521240234,,0.16932496428489685,,0.1497144103050232
,5472.0,0,2.1600000764010474e-05,1349,,0.9806559085845947,,4.084898948669434,,0.17206113040447235,,0.15143950283527374
,5424.0,0,2.2399999579647556e-05,1399,,0.9901195168495178,,4.0191192626953125,,0.17471066117286682,,0.15309327840805054
,5400.0,0,2.320000021427404e-05,1449,,1.1403224468231201,,4.330613136291504,,0.17712363600730896,,0.15451325476169586
,5416.0,0,2.4000000848900527e-05,1499,,0.8836855292320251,,3.7783217430114746,,0.1796097606420517,,0.155823215842247
,5524.0,0,2.479999966453761e-05,1549,,1.2076464891433716,,3.827826738357544,,0.18188974261283875,,0.15729659795761108
,5588.0,0,2.5600000299164094e-05,1599,,1.0400727987289429,,4.17230749130249,,0.1840628981590271,,0.15850569307804108
,5372.0,0,2.6399999114801176e-05,1649,,0.7726304531097412,,3.6022186279296875,,0.18663647770881653,,0.16001646220684052
,5396.0,0,2.719999974942766e-05,1699,,1.3073807954788208,,3.9691896438598633,,0.18846498429775238,,0.1609206646680832
,5548.0,0,2.8000000384054147e-05,1749,,1.2204444408416748,,3.2515950202941895,,0.19030505418777466,,0.16157184541225433
,5408.0,0,2.879999919969123e-05,1799,,1.2527637481689453,,3.4771246910095215,,0.19229230284690857,,0.16239750385284424
,5488.0,0,2.9599999834317714e-05,1849,,1.1115968227386475,,3.537963390350342,,0.19413191080093384,,0.16298165917396545
,5352.0,0,3.04000004689442e-05,1899,,1.1662837266921997,,4.2851762771606445,,0.19599968194961548,,0.16371393203735352
,5412.0,0,3.1200001103570685e-05,1949,,1.001153826713562,,4.143985748291016,,0.19802622497081757,,0.16471955180168152
,5452.0,0,3.199999991920777e-05,1999,,1.3181169033050537,,3.848088502883911,,0.20005281269550323,,0.16565021872520447
,5436.0,0,3.279999873484485e-05,2049,,1.2726566791534424,,3.9495625495910645,,0.20172074437141418,,0.16627712547779083
,5416.0,0,3.360000118846074e-05,2099,,1.4733619689941406,,3.4896044731140137,,0.20353969931602478,,0.16692864894866943
,5396.0,0,3.440000000409782e-05,2149,,1.3644667863845825,,4.010385513305664,,0.20547208189964294,,0.1676853597164154
,5524.0,0,3.51999988197349e-05,2199,,1.094003677368164,,3.8691346645355225,,0.2071562260389328,,0.16818921267986298
,5508.0,0,3.600000127335079e-05,2249,,1.3345564603805542,,4.056264877319336,,0.2087373435497284,,0.1688547432422638
,5500.0,0,3.680000008898787e-05,2299,,1.0244543552398682,,3.86881685256958,,0.2105436623096466,,0.16925933957099915
,5388.0,0,3.7599998904624954e-05,2349,,1.4147188663482666,,3.5915074348449707,,0.2123546004295349,,0.16942934691905975
,5468.0,0,3.840000135824084e-05,2399,,0.9926855564117432,,3.4378795623779297,,0.21391630172729492,,0.16936318576335907
,5436.0,0,3.9200000173877925e-05,2449,,0.8988127112388611,,3.431894540786743,,0.21580170094966888,,0.16960358619689941
,5396.0,0,3.9999998989515007e-05,2499,,1.106945276260376,,3.681756019592285,,0.21745876967906952,,0.17007069289684296
5465.28125,,0,,2507,0.8524338006973267,,4.032933712005615,,0.15476500988006592,,0.1350807100534439,
,5424.0,1,4.0800001443130895e-05,2549,,1.1606969833374023,,3.129362106323242,,0.21909797191619873,,0.17005273699760437
,5452.0,1,4.160000025876798e-05,2599,,1.0185378789901733,,3.0985283851623535,,0.22065803408622742,,0.17014609277248383
,5504.0,1,4.239999907440506e-05,2649,,1.1645280122756958,,3.464777708053589,,0.2222556173801422,,0.1701001226902008
,5456.0,1,4.320000152802095e-05,2699,,0.9069488048553467,,3.3283541202545166,,0.22392737865447998,,0.17022128403186798
,5504.0,1,4.400000034365803e-05,2749,,1.170715093612671,,3.6927082538604736,,0.22553743422031403,,0.1702459156513214
,5476.0,1,4.479999915929511e-05,2799,,0.9624060988426208,,2.876293659210205,,0.22727572917938232,,0.17018111050128937
,5356.0,1,4.5600001612911e-05,2849,,1.0973893404006958,,3.5894875526428223,,0.22876574099063873,,0.17011003196239471
,5428.0,1,4.640000042854808e-05,2899,,1.1177979707717896,,3.229402542114258,,0.23033609986305237,,0.16981762647628784
,5492.0,1,4.7199999244185165e-05,2949,,1.1592094898223877,,3.1696441173553467,,0.23185887932777405,,0.16944816708564758
,5500.0,1,4.8000001697801054e-05,2999,,0.8721969127655029,,3.2103166580200195,,0.23313358426094055,,0.16885903477668762
,5484.0,1,4.8800000513438135e-05,3049,,0.41358229517936707,,2.3337419033050537,,0.2345009446144104,,0.1683996319770813
,5552.0,1,4.959999932907522e-05,3099,,0.8615848422050476,,3.1974966526031494,,0.23590105772018433,,0.1680193692445755
,5508.0,1,5.0400001782691106e-05,3149,,0.5744831562042236,,2.493884563446045,,0.23738716542720795,,0.16789484024047852
,5472.0,1,5.120000059832819e-05,3199,,0.9219250082969666,,3.139413833618164,,0.238637775182724,,0.16733533143997192
,5424.0,1,5.199999941396527e-05,3249,,0.8556583523750305,,3.261552095413208,,0.24024271965026855,,0.16697677969932556
,5412.0,1,5.279999822960235e-05,3299,,1.037761926651001,,3.3814690113067627,,0.2415924370288849,,0.1665498912334442
,5516.0,1,5.360000068321824e-05,3349,,1.0595048666000366,,3.3461921215057373,,0.2428501844406128,,0.16602101922035217
,5412.0,1,5.439999949885532e-05,3399,,0.8579416871070862,,3.1919972896575928,,0.24388393759727478,,0.1654207557439804
,5480.0,1,5.5199998314492404e-05,3449,,0.7757559418678284,,2.81575608253479,,0.24507634341716766,,0.16497467458248138
,5488.0,1,5.6000000768108293e-05,3499,,0.9591831564903259,,3.773514747619629,,0.246414452791214,,0.16434070467948914
,5436.0,1,5.6799999583745375e-05,3549,,0.9991752505302429,,3.490206480026245,,0.24771006405353546,,0.1637512594461441
,5460.0,1,5.759999839938246e-05,3599,,0.8544668555259705,,3.27148175239563,,0.2490253746509552,,0.16309864819049835
,5440.0,1,5.8400000852998346e-05,3649,,0.7453087568283081,,3.3478000164031982,,0.2500801086425781,,0.16258671879768372
,5484.0,1,5.919999966863543e-05,3699,,0.6969131827354431,,2.8174171447753906,,0.2511429190635681,,0.1619148850440979
,5460.0,1,5.999999848427251e-05,3749,,0.8504071831703186,,3.3757543563842773,,0.25217556953430176,,0.16129016876220703
,5520.0,1,6.08000009378884e-05,3799,,0.9991840124130249,,2.8567216396331787,,0.25334981083869934,,0.1607644408941269
,5516.0,1,6.160000339150429e-05,3849,,0.8931591510772705,,3.683591365814209,,0.2543971538543701,,0.16022662818431854
,5552.0,1,6.240000220714137e-05,3899,,1.0386070013046265,,3.392195224761963,,0.25546321272850037,,0.1597273349761963
,5496.0,1,6.320000102277845e-05,3949,,0.9999485015869141,,3.3764679431915283,,0.256595641374588,,0.15919102728366852
,5404.0,1,6.399999983841553e-05,3999,,1.0155155658721924,,2.9934918880462646,,0.25759589672088623,,0.15866324305534363
,5496.0,1,6.479999865405262e-05,4049,,0.701985239982605,,2.8366076946258545,,0.2585085332393646,,0.1580430269241333
,5468.0,1,6.55999974696897e-05,4099,,0.6818897724151611,,3.0510201454162598,,0.25935423374176025,,0.1574498414993286
,5524.0,1,6.640000356128439e-05,4149,,0.662818193435669,,3.4039011001586914,,0.26022982597351074,,0.15689313411712646
,5404.0,1,6.720000237692147e-05,4199,,1.0333086252212524,,2.833097457885742,,0.26123228669166565,,0.1563037633895874
,5432.0,1,6.800000119255856e-05,4249,,0.8808603882789612,,3.1400976181030273,,0.26217812299728394,,0.15566499531269073
,5460.0,1,6.880000000819564e-05,4299,,0.48998159170150757,,2.9721524715423584,,0.2631169855594635,,0.15503337979316711
,5436.0,1,6.959999882383272e-05,4349,,0.7916504144668579,,2.949512004852295,,0.26423758268356323,,0.15438497066497803
,5504.0,1,7.03999976394698e-05,4399,,0.528117835521698,,2.265166759490967,,0.265033483505249,,0.15367451310157776
,5420.0,1,7.119999645510688e-05,4449,,0.9109528064727783,,2.8569347858428955,,0.26589900255203247,,0.1531422734260559
,5444.0,1,7.200000254670158e-05,4499,,0.603607177734375,,2.570042848587036,,0.26678112149238586,,0.15246284008026123
,5504.0,1,7.280000136233866e-05,4549,,0.4956022799015045,,2.27156138420105,,0.26783832907676697,,0.15181750059127808
,5404.0,1,7.360000017797574e-05,4599,,0.6316483020782471,,3.2163422107696533,,0.26882079243659973,,0.1512950211763382
,5480.0,1,7.439999899361283e-05,4649,,0.3632677495479584,,2.417583465576172,,0.2697303593158722,,0.15067967772483826
,5248.0,1,7.519999780924991e-05,4699,,0.6438131928443909,,2.6926393508911133,,0.27069348096847534,,0.14999744296073914
,5428.0,1,7.599999662488699e-05,4749,,0.7660595774650574,,3.4878766536712646,,0.2716255187988281,,0.14948248863220215
,5508.0,1,7.680000271648169e-05,4799,,0.7608912587165833,,3.3386738300323486,,0.27236825227737427,,0.14903216063976288
,5468.0,1,7.760000153211877e-05,4849,,0.9102463722229004,,2.981566905975342,,0.2733207046985626,,0.1484297215938568
,5356.0,1,7.840000034775585e-05,4899,,0.2877759635448456,,2.1661875247955322,,0.2739505171775818,,0.14782202243804932
,5476.0,1,7.919999916339293e-05,4949,,0.5717359185218811,,3.0525193214416504,,0.2748592495918274,,0.147293359041214
,5472.0,1,7.999999797903001e-05,4999,,0.6345087885856628,,3.389742851257324,,0.27561163902282715,,0.146828293800354
5462.224609375,,1,,5015,0.8488416075706482,,3.1992857456207275,,0.25054192543029785,,0.1605532318353653,
,5468.0,2,8.07999967946671e-05,5049,,0.5836206078529358,,3.2804481983184814,,0.27650490403175354,,0.14625824987888336
,5504.0,2,8.160000288626179e-05,5099,,0.5923667550086975,,2.4959733486175537,,0.27733114361763,,0.14576882123947144
,5448.0,2,8.240000170189887e-05,5149,,0.7260341048240662,,3.705259084701538,,0.27812978625297546,,0.14529478549957275
,5392.0,2,8.320000051753595e-05,5199,,0.47375163435935974,,2.5615808963775635,,0.2789262533187866,,0.14482559263706207
,5424.0,2,8.399999933317304e-05,5249,,0.6562831997871399,,2.1941494941711426,,0.27976587414741516,,0.14436973631381989
,5416.0,2,8.479999814881012e-05,5299,,0.6952478885650635,,3.6459903717041016,,0.2805864214897156,,0.14384733140468597
,5452.0,2,8.55999969644472e-05,5349,,0.6210190653800964,,2.4121994972229004,,0.28144586086273193,,0.14324401319026947
,5416.0,2,8.64000030560419e-05,5399,,0.5333822965621948,,3.1048173904418945,,0.2822114825248718,,0.1427432894706726
,5540.0,2,8.720000187167898e-05,5449,,0.671687662601471,,2.94800066947937,,0.2829255759716034,,0.14222221076488495
,5388.0,2,8.800000068731606e-05,5499,,0.6942514181137085,,2.785364866256714,,0.2836872935295105,,0.14181077480316162
,5448.0,2,8.879999950295314e-05,5549,,0.5887089371681213,,3.0113120079040527,,0.28437626361846924,,0.14148393273353577
,5392.0,2,8.959999831859022e-05,5599,,0.4784695506095886,,2.350024700164795,,0.2851620316505432,,0.1412169635295868
,5504.0,2,9.03999971342273e-05,5649,,0.6038050651550293,,2.543034076690674,,0.2857785224914551,,0.14085453748703003
,5456.0,2,9.1200003225822e-05,5699,,0.6797953248023987,,2.927483320236206,,0.2863766551017761,,0.14047472178936005
,5440.0,2,9.200000204145908e-05,5749,,0.5507345199584961,,3.683131217956543,,0.287183552980423,,0.14005814492702484
,5480.0,2,9.280000085709617e-05,5799,,0.746071994304657,,2.2361462116241455,,0.28794002532958984,,0.13969990611076355
,5452.0,2,9.359999967273325e-05,5849,,0.5585397481918335,,2.9935812950134277,,0.28867289423942566,,0.13935720920562744
,5532.0,2,9.439999848837033e-05,5899,,0.39977607131004333,,2.3719561100006104,,0.2893175482749939,,0.1389872431755066
,5544.0,2,9.519999730400741e-05,5949,,0.4720684587955475,,3.1225552558898926,,0.29002055525779724,,0.13863947987556458
,5488.0,2,9.600000339560211e-05,5999,,0.5560954809188843,,2.722090721130371,,0.29069089889526367,,0.13833680748939514
,5340.0,2,9.680000221123919e-05,6049,,0.7236713171005249,,3.1454520225524902,,0.2913059890270233,,0.13804848492145538
,5524.0,2,9.760000102687627e-05,6099,,0.6407929062843323,,2.756526470184326,,0.29191896319389343,,0.13769732415676117
,5516.0,2,9.839999984251335e-05,6149,,0.2473011612892151,,1.9838529825210571,,0.2926011085510254,,0.13730764389038086
,5484.0,2,9.919999865815043e-05,6199,,0.4413105249404907,,2.5723676681518555,,0.29326629638671875,,0.13693247735500336
,5512.0,2,9.999999747378752e-05,6249,,0.7184046506881714,,3.141962766647339,,0.29391446709632874,,0.13658559322357178
,5380.0,2,9.997241431847215e-05,6299,,0.6224724650382996,,3.0703065395355225,,0.29456013441085815,,0.13621218502521515
,5368.0,2,9.994483116315678e-05,6349,,0.3978729546070099,,2.464329481124878,,0.2951861023902893,,0.13592085242271423
,5460.0,2,9.99172407318838e-05,6399,,0.351754754781723,,2.7827281951904297,,0.2958414554595947,,0.13545773923397064
,5484.0,2,9.988965757656842e-05,6449,,0.4776981472969055,,3.6630711555480957,,0.2963986098766327,,0.13502146303653717
,5396.0,2,9.986206714529544e-05,6499,,0.4382597804069519,,2.1128339767456055,,0.2969108819961548,,0.1346782147884369
,5468.0,2,9.983448398998007e-05,6549,,0.3900301158428192,,2.765282392501831,,0.2974490821361542,,0.1343582272529602
,5440.0,2,9.980689355870709e-05,6599,,0.33495548367500305,,2.0272743701934814,,0.29804620146751404,,0.13406789302825928
,5416.0,2,9.977931040339172e-05,6649,,0.4566020965576172,,3.013516664505005,,0.29846957325935364,,0.13362601399421692
,5544.0,2,9.975172724807635e-05,6699,,0.5466143488883972,,2.17122483253479,,0.2990855574607849,,0.1333186775445938
,5448.0,2,9.972413681680337e-05,6749,,0.31753769516944885,,2.0681874752044678,,0.29973286390304565,,0.13297517597675323
,5476.0,2,9.9696553661488e-05,6799,,0.3461589813232422,,1.651756763458252,,0.3003684878349304,,0.13263899087905884
,5492.0,2,9.966896323021501e-05,6849,,0.5999385714530945,,2.3276729583740234,,0.3009583353996277,,0.13232393562793732
,5340.0,2,9.964138007489964e-05,6899,,0.4531802237033844,,2.518221378326416,,0.30163079500198364,,0.13208383321762085
,5480.0,2,9.961378964362666e-05,6949,,0.4231729209423065,,3.0167388916015625,,0.30230891704559326,,0.1317557394504547
,5520.0,2,9.958620648831129e-05,6999,,0.4071653485298157,,2.4373536109924316,,0.3029513359069824,,0.13140131533145905
,5536.0,2,9.955862333299592e-05,7049,,0.48265478014945984,,2.644270896911621,,0.3034614324569702,,0.13112495839595795
,5404.0,2,9.953103290172294e-05,7099,,0.508867621421814,,2.835521697998047,,0.30401676893234253,,0.1308545023202896
,5480.0,2,9.950344974640757e-05,7149,,0.5621457099914551,,2.9934935569763184,,0.3046693801879883,,0.130599707365036
,5572.0,2,9.947585931513458e-05,7199,,0.2721177637577057,,3.2381083965301514,,0.3052002787590027,,0.13033351302146912
,5528.0,2,9.944827615981922e-05,7249,,0.44985535740852356,,2.6380343437194824,,0.3057066798210144,,0.12998956441879272
,5444.0,2,9.942069300450385e-05,7299,,0.529946506023407,,2.498497247695923,,0.30619633197784424,,0.1296606957912445
,5436.0,2,9.939310257323086e-05,7349,,0.4023512005805969,,2.131815195083618,,0.30681151151657104,,0.12933984398841858
,5352.0,2,9.93655194179155e-05,7399,,0.4289945662021637,,2.61750864982605,,0.3073337972164154,,0.12908108532428741
,5452.0,2,9.933792898664251e-05,7449,,0.4795761704444885,,2.900949716567993,,0.3078628480434418,,0.12884443998336792
,5548.0,2,9.931034583132714e-05,7499,,0.43345725536346436,,2.5865046977996826,,0.3083333373069763,,0.1286042183637619
5461.9462890625,,2,,7523,0.5212345123291016,,2.6989524364471436,,0.29353511333465576,,0.13664615154266357,
,5544.0,3,9.928275540005416e-05,7549,,0.2918432056903839,,1.913399338722229,,0.30890992283821106,,0.12840506434440613
,5452.0,3,9.925517224473879e-05,7599,,0.33252593874931335,,2.5116169452667236,,0.30942684412002563,,0.12819337844848633
,5476.0,3,9.922758908942342e-05,7649,,0.3260498642921448,,2.1412465572357178,,0.309975802898407,,0.127955362200737
,5568.0,3,9.919999865815043e-05,7699,,0.4488212466239929,,2.4482316970825195,,0.31058812141418457,,0.12769396603107452
,5516.0,3,9.917241550283507e-05,7749,,0.2746550440788269,,2.248521327972412,,0.31113412976264954,,0.12748362123966217
,5600.0,3,9.914482507156208e-05,7799,,0.32882484793663025,,2.416377067565918,,0.311706006526947,,0.1272754967212677
,5548.0,3,9.911724191624671e-05,7849,,0.29408106207847595,,1.515454888343811,,0.3122398257255554,,0.12702445685863495
,5436.0,3,9.908965876093134e-05,7899,,0.33741235733032227,,2.2409167289733887,,0.31284299492836,,0.12682925164699554
,5464.0,3,9.906206832965836e-05,7949,,0.4198649525642395,,2.3951401710510254,,0.31340429186820984,,0.12663045525550842
,5572.0,3,9.903448517434299e-05,7999,,0.40970438718795776,,2.5814051628112793,,0.31393733620643616,,0.12642833590507507
,5592.0,3,9.900689474307e-05,8049,,0.314123272895813,,2.4644856452941895,,0.31436389684677124,,0.12612822651863098
,5416.0,3,9.897931158775464e-05,8099,,0.35170483589172363,,1.924401879310608,,0.3148159384727478,,0.12588272988796234
,5464.0,3,9.895172115648165e-05,8149,,0.4231181740760803,,1.8159433603286743,,0.31530746817588806,,0.12566815316677094
,5428.0,3,9.892413800116628e-05,8199,,0.5238195657730103,,3.0734095573425293,,0.31575778126716614,,0.12546052038669586
,5480.0,3,9.889655484585091e-05,8249,,0.4679517447948456,,2.821958065032959,,0.31624123454093933,,0.12530522048473358
,5508.0,3,9.886896441457793e-05,8299,,0.33083376288414,,3.2906901836395264,,0.31673741340637207,,0.12503695487976074
,5320.0,3,9.884138125926256e-05,8349,,0.37199753522872925,,1.853489875793457,,0.31731268763542175,,0.12482832372188568
,5416.0,3,9.881379082798958e-05,8399,,0.37250855565071106,,1.8736987113952637,,0.3178233802318573,,0.12460824847221375
,5400.0,3,9.878620767267421e-05,8449,,0.3358047306537628,,2.7614643573760986,,0.3182843029499054,,0.12438488006591797
,5500.0,3,9.875861724140123e-05,8499,,0.3695041537284851,,3.128810405731201,,0.31883877515792847,,0.12419439852237701
,5352.0,3,9.873103408608586e-05,8549,,0.4365781545639038,,2.363340377807617,,0.31938934326171875,,0.12400465458631516
,5452.0,3,9.870345093077049e-05,8599,,0.5073884129524231,,2.458284854888916,,0.31983211636543274,,0.1238018125295639
,5500.0,3,9.86758604994975e-05,8649,,0.2491864114999771,,2.061652421951294,,0.3203144669532776,,0.12359452247619629
,5384.0,3,9.864827734418213e-05,8699,,0.45230913162231445,,2.557110071182251,,0.3208310902118683,,0.12336815893650055
,5544.0,3,9.862068691290915e-05,8749,,0.37175893783569336,,2.6440234184265137,,0.3213738203048706,,0.12316128611564636
,5488.0,3,9.859310375759378e-05,8799,,0.3855314552783966,,2.846412181854248,,0.322001188993454,,0.12298092246055603
,5412.0,3,9.856552060227841e-05,8849,,0.35705164074897766,,2.2979822158813477,,0.32251155376434326,,0.12278193980455399
,5452.0,3,9.853793017100543e-05,8899,,0.2852327525615692,,2.543322801589966,,0.32296088337898254,,0.12259304523468018
,5344.0,3,9.851034701569006e-05,8949,,0.3279942572116852,,2.5939781665802,,0.3234415054321289,,0.12239741533994675
,5424.0,3,9.848275658441707e-05,8999,,0.35349738597869873,,2.639409065246582,,0.3239397406578064,,0.12220244109630585
,5440.0,3,9.84551734291017e-05,9049,,0.3443846106529236,,2.5778696537017822,,0.3245067894458771,,0.12199881672859192
,5452.0,3,9.842758299782872e-05,9099,,0.325926274061203,,2.3204967975616455,,0.3249014914035797,,0.12182638049125671
,5532.0,3,9.839999984251335e-05,9149,,0.42381131649017334,,2.2720510959625244,,0.32546570897102356,,0.12167925387620926
,5508.0,3,9.837241668719798e-05,9199,,0.3924504220485687,,3.2415504455566406,,0.32592371106147766,,0.12151451408863068
,5488.0,3,9.8344826255925e-05,9249,,0.35855093598365784,,2.358262538909912,,0.32633882761001587,,0.1213715672492981
,5540.0,3,9.831724310060963e-05,9299,,0.2880571186542511,,2.3191885948181152,,0.3268187344074249,,0.1212407574057579
,5428.0,3,9.828965266933665e-05,9349,,0.36196231842041016,,2.7092769145965576,,0.3272373378276825,,0.1211094781756401
,5300.0,3,9.826206951402128e-05,9399,,0.4335305094718933,,2.610224962234497,,0.3276482820510864,,0.1209506094455719
,5452.0,3,9.823448635870591e-05,9449,,0.44316399097442627,,2.3573501110076904,,0.328077107667923,,0.12071946263313293
,5452.0,3,9.820689592743292e-05,9499,,0.30603551864624023,,2.016077756881714,,0.32859835028648376,,0.12056325376033783
,5392.0,3,9.817931277211756e-05,9549,,0.4367799758911133,,2.247638702392578,,0.3290161192417145,,0.120381198823452
,5424.0,3,9.815172234084457e-05,9599,,0.35141292214393616,,2.226511240005493,,0.3295801281929016,,0.12020842730998993
,5532.0,3,9.81241391855292e-05,9649,,0.2805177569389343,,1.3237714767456055,,0.33008697628974915,,0.12007557600736618
,5464.0,3,9.809654875425622e-05,9699,,0.4340416491031647,,1.8857020139694214,,0.33055606484413147,,0.11995373666286469
,5516.0,3,9.806896559894085e-05,9749,,0.2841881215572357,,2.2680208683013916,,0.3309531807899475,,0.11984442174434662
,5540.0,3,9.804138244362548e-05,9799,,0.4301420748233795,,2.297330379486084,,0.33139359951019287,,0.11966191232204437
,5344.0,3,9.80137920123525e-05,9849,,0.38763555884361267,,3.2213292121887207,,0.33180007338523865,,0.11952679604291916
,5436.0,3,9.798620885703713e-05,9899,,0.24673610925674438,,1.8179996013641357,,0.33228862285614014,,0.11937080323696136
,5356.0,3,9.795861842576414e-05,9949,,0.3471391201019287,,2.2961976528167725,,0.33273959159851074,,0.11923204362392426
,5420.0,3,9.793103527044877e-05,9999,,0.2949524521827698,,2.351745128631592,,0.3332006633281708,,0.1191176325082779
5465.4765625,,3,,10031,0.3755332827568054,,2.3587148189544678,,0.3215083181858063,,0.12332415580749512,
,5464.0,4,9.790344483917579e-05,10049,,0.3316962420940399,,2.5663304328918457,,0.33362877368927,,0.11890800297260284
,5476.0,4,9.787586168386042e-05,10099,,0.30316609144210815,,2.7460691928863525,,0.3341052234172821,,0.11869420856237411
,5548.0,4,9.784827852854505e-05,10149,,0.3172871172428131,,2.3438401222229004,,0.3345540463924408,,0.1185888797044754
,5500.0,4,9.782068809727207e-05,10199,,0.36192968487739563,,2.288438081741333,,0.3349747955799103,,0.11846143752336502
,5348.0,4,9.77931049419567e-05,10249,,0.324677973985672,,2.1916372776031494,,0.3354678452014923,,0.11833398044109344
,5500.0,4,9.776551451068372e-05,10299,,0.29423224925994873,,2.5947344303131104,,0.33598506450653076,,0.11820486932992935
,5456.0,4,9.773793135536835e-05,10349,,0.4078126847743988,,2.2767436504364014,,0.33637475967407227,,0.11804823577404022
,5488.0,4,9.771034820005298e-05,10399,,0.3544546961784363,,2.210204839706421,,0.3368246853351593,,0.11786982417106628
,5468.0,4,9.768275776877999e-05,10449,,0.42301854491233826,,2.119892120361328,,0.33725690841674805,,0.11770103126764297
,5384.0,4,9.765517461346462e-05,10499,,0.24303331971168518,,2.20943284034729,,0.33775365352630615,,0.11754253506660461
,5372.0,4,9.762758418219164e-05,10549,,0.25239911675453186,,1.8046754598617554,,0.3382108211517334,,0.11735445261001587
,5424.0,4,9.760000102687627e-05,10599,,0.3317662179470062,,2.0415961742401123,,0.33865079283714294,,0.11718253046274185
,5492.0,4,9.757241059560329e-05,10649,,0.393973171710968,,1.979231834411621,,0.3390577435493469,,0.11706875264644623
,5448.0,4,9.754482744028792e-05,10699,,0.31124043464660645,,2.495059013366699,,0.3395741283893585,,0.11696245521306992
,5396.0,4,9.751724428497255e-05,10749,,0.38127556443214417,,2.631117105484009,,0.3399824798107147,,0.11681739240884781
,5524.0,4,9.748965385369956e-05,10799,,0.3023051619529724,,1.635864496231079,,0.3404419720172882,,0.11667962372303009
,5448.0,4,9.74620706983842e-05,10849,,0.3353724181652069,,2.025832414627075,,0.3408796191215515,,0.11650687456130981
,5488.0,4,9.743448026711121e-05,10899,,0.2715526521205902,,2.789792776107788,,0.34137988090515137,,0.11637197434902191
,5412.0,4,9.740689711179584e-05,10949,,0.357321172952652,,2.445152759552002,,0.3418160080909729,,0.11623825132846832
,5520.0,4,9.737931395648047e-05,10999,,0.3432438373565674,,1.4318572282791138,,0.3422658145427704,,0.11610147356987
,5324.0,4,9.735172352520749e-05,11049,,0.41388073563575745,,2.6250219345092773,,0.3426499664783478,,0.11602094024419785
,5504.0,4,9.732414036989212e-05,11099,,0.2469797283411026,,1.8450044393539429,,0.3431017994880676,,0.11586643010377884
,5476.0,4,9.729654993861914e-05,11149,,0.30288583040237427,,2.849149465560913,,0.34353283047676086,,0.11574343591928482
,5464.0,4,9.726896678330377e-05,11199,,0.27787381410598755,,2.25578236579895,,0.3439270555973053,,0.11564641445875168
,5404.0,4,9.724137635203078e-05,11249,,0.3001118004322052,,2.220460891723633,,0.344290167093277,,0.11554469168186188
,5468.0,4,9.721379319671541e-05,11299,,0.3008842468261719,,2.0671467781066895,,0.3446964919567108,,0.11543620377779007
,5464.0,4,9.718621004140005e-05,11349,,0.22879265248775482,,1.284287452697754,,0.34508752822875977,,0.11532969772815704
,5448.0,4,9.715861961012706e-05,11399,,0.3514247238636017,,2.054297685623169,,0.3454599976539612,,0.11520003527402878
,5412.0,4,9.713103645481169e-05,11449,,0.2910415232181549,,1.8998616933822632,,0.3458801209926605,,0.11506179720163345
,5536.0,4,9.710344602353871e-05,11499,,0.4518936276435852,,1.928979754447937,,0.3462528586387634,,0.11493335664272308
,5452.0,4,9.707586286822334e-05,11549,,0.36327269673347473,,2.5288448333740234,,0.34664779901504517,,0.11486394703388214
,5412.0,4,9.704827243695036e-05,11599,,0.347697377204895,,2.0949721336364746,,0.3470410108566284,,0.11476986110210419
,5492.0,4,9.702068928163499e-05,11649,,0.37500232458114624,,2.137883424758911,,0.3474493622779846,,0.11466476321220398
,5532.0,4,9.699310612631962e-05,11699,,0.43204885721206665,,2.1376309394836426,,0.3478131592273712,,0.11458289623260498
,5456.0,4,9.696551569504663e-05,11749,,0.2923264503479004,,2.0662155151367188,,0.34819668531417847,,0.11449770629405975
,5480.0,4,9.693793253973126e-05,11799,,0.43504083156585693,,2.40213942527771,,0.3485957980155945,,0.11437913030385971
,5372.0,4,9.691034210845828e-05,11849,,0.29403895139694214,,1.9463863372802734,,0.34898966550827026,,0.11426353454589844
,5456.0,4,9.688275895314291e-05,11899,,0.321051687002182,,2.029094696044922,,0.3493739664554596,,0.11418196558952332
,5444.0,4,9.685517579782754e-05,11949,,0.360588937997818,,2.151695489883423,,0.34971198439598083,,0.11410850286483765
,5424.0,4,9.682758536655456e-05,11999,,0.2811345160007477,,1.8430862426757812,,0.3500887155532837,,0.11400189995765686
,5568.0,4,9.680000221123919e-05,12049,,0.29147475957870483,,2.207911968231201,,0.35050129890441895,,0.11390354484319687
,5600.0,4,9.67724117799662e-05,12099,,0.18494828045368195,,1.4126087427139282,,0.350925475358963,,0.1138077899813652
,5448.0,4,9.674482862465084e-05,12149,,0.4028858542442322,,2.0008084774017334,,0.3513169288635254,,0.11371909081935883
,5464.0,4,9.671723819337785e-05,12199,,0.4511614739894867,,2.445202112197876,,0.35171079635620117,,0.11363864690065384
,5520.0,4,9.668965503806248e-05,12249,,0.4069066047668457,,2.1929688453674316,,0.35209760069847107,,0.11357392370700836
,5580.0,4,9.666207188274711e-05,12299,,0.3039179742336273,,2.1860454082489014,,0.35247716307640076,,0.1134764701128006
,5384.0,4,9.663448145147413e-05,12349,,0.3182393014431,,2.266242265701294,,0.3529265820980072,,0.11336815357208252
,5468.0,4,9.660689829615876e-05,12399,,0.24441751837730408,,1.5731967687606812,,0.35331377387046814,,0.11326040327548981
,5416.0,4,9.657930786488578e-05,12449,,0.3081943690776825,,1.72087824344635,,0.3536387085914612,,0.11320063471794128
,5396.0,4,9.655172470957041e-05,12499,,0.49067622423171997,,2.3151779174804688,,0.35399842262268066,,0.11315102130174637
5460.19580078125,,4,,12539,0.3365258276462555,,2.1376471519470215,,0.34432169795036316,,0.11565353721380234,
,5444.0,5,9.652414155425504e-05,12549,,0.3461498022079468,,1.938806414604187,,0.35439056158065796,,0.11308199167251587
,5536.0,5,9.649655112298205e-05,12599,,0.3304329812526703,,1.6215847730636597,,0.3548240661621094,,0.11300518363714218
,5532.0,5,9.646896796766669e-05,12649,,0.4041599631309509,,1.8859575986862183,,0.3551848530769348,,0.11291031539440155
,5408.0,5,9.64413775363937e-05,12699,,0.27139103412628174,,1.8886953592300415,,0.3555602431297302,,0.11277572810649872
,5536.0,5,9.641379438107833e-05,12749,,0.32419461011886597,,1.6368968486785889,,0.35593849420547485,,0.11266958713531494
,5468.0,5,9.638620394980535e-05,12799,,0.3181976079940796,,2.050706386566162,,0.35634085536003113,,0.11259019374847412
,5408.0,5,9.635862079448998e-05,12849,,0.1981106400489807,,1.9366123676300049,,0.3566933572292328,,0.11248572915792465
,5436.0,5,9.633103763917461e-05,12899,,0.3547421991825104,,1.8158174753189087,,0.3570749759674072,,0.11238984763622284
,5484.0,5,9.630344720790163e-05,12949,,0.3171810507774353,,2.510300397872925,,0.35746753215789795,,0.11230167001485825
,5472.0,5,9.627586405258626e-05,12999,,0.321410208940506,,2.3320181369781494,,0.35786595940589905,,0.11220140755176544
,5388.0,5,9.624827362131327e-05,13049,,0.41005662083625793,,1.8603515625,,0.3581952452659607,,0.11209505796432495
,5440.0,5,9.62206904659979e-05,13099,,0.22714625298976898,,1.3923829793930054,,0.3585720658302307,,0.11201620101928711
,5412.0,5,9.619310003472492e-05,13149,,0.2523680627346039,,2.0583808422088623,,0.3589515686035156,,0.1119031012058258
,5548.0,5,9.616551687940955e-05,13199,,0.2985656261444092,,1.9034569263458252,,0.3592987358570099,,0.11181987822055817
,5448.0,5,9.613793372409418e-05,13249,,0.370059072971344,,2.1029090881347656,,0.35960066318511963,,0.1117321252822876
,5380.0,5,9.61103432928212e-05,13299,,0.30375149846076965,,2.3329010009765625,,0.3599715232849121,,0.11166706681251526
,5420.0,5,9.608276013750583e-05,13349,,0.27294307947158813,,1.5716134309768677,,0.360378623008728,,0.11155387759208679
,5404.0,5,9.605516970623285e-05,13399,,0.28182971477508545,,2.0414199829101562,,0.3607262969017029,,0.11147115379571915
,5488.0,5,9.602758655091748e-05,13449,,0.3014899492263794,,1.8542242050170898,,0.36110422015190125,,0.11137676239013672
,5480.0,5,9.600000339560211e-05,13499,,0.22259800136089325,,1.5736351013183594,,0.3614548146724701,,0.1112886518239975
,5528.0,5,9.597241296432912e-05,13549,,0.37565353512763977,,2.0020556449890137,,0.36181655526161194,,0.11119634658098221
,5436.0,5,9.594482980901375e-05,13599,,0.2878689169883728,,2.0876376628875732,,0.36218827962875366,,0.1111159473657608
,5432.0,5,9.591723937774077e-05,13649,,0.25072401762008667,,1.9865063428878784,,0.3625629246234894,,0.11103040724992752
,5484.0,5,9.58896562224254e-05,13699,,0.4468202292919159,,2.416823387145996,,0.36285510659217834,,0.11096058785915375
,5492.0,5,9.586206579115242e-05,13749,,0.28886234760284424,,2.0802464485168457,,0.3632248044013977,,0.11089597642421722
,5524.0,5,9.583448263583705e-05,13799,,0.3441808521747589,,1.574752688407898,,0.3635917007923126,,0.11081040650606155
,5520.0,5,9.580689948052168e-05,13849,,0.31564536690711975,,1.3801020383834839,,0.36393725872039795,,0.11067350208759308
,5376.0,5,9.57793090492487e-05,13899,,0.20908236503601074,,1.608494758605957,,0.36428022384643555,,0.11059816926717758
,5416.0,5,9.575172589393333e-05,13949,,0.38791000843048096,,1.885630488395691,,0.36459794640541077,,0.1105213388800621
,5532.0,5,9.572413546266034e-05,13999,,0.2653532028198242,,1.7867252826690674,,0.3649212121963501,,0.11044885218143463
,5520.0,5,9.569655230734497e-05,14049,,0.3180930018424988,,2.0609724521636963,,0.3652438521385193,,0.1103767603635788
,5428.0,5,9.56689691520296e-05,14099,,0.3054100275039673,,2.2968785762786865,,0.3655932545661926,,0.11031849682331085
,5388.0,5,9.564137872075662e-05,14149,,0.34514185786247253,,2.496663808822632,,0.36590754985809326,,0.11024458706378937
,5392.0,5,9.561379556544125e-05,14199,,0.2839164137840271,,1.9088128805160522,,0.36623573303222656,,0.11013004928827286
,5488.0,5,9.558620513416827e-05,14249,,0.32329094409942627,,1.8220914602279663,,0.3665968179702759,,0.11001822352409363
,5368.0,5,9.55586219788529e-05,14299,,0.2996189594268799,,1.8302578926086426,,0.36697742342948914,,0.1099110096693039
,5460.0,5,9.553103154757991e-05,14349,,0.26860567927360535,,1.4090591669082642,,0.36728325486183167,,0.10981278866529465
,5468.0,5,9.550344839226454e-05,14399,,0.24726587533950806,,1.5644954442977905,,0.36761435866355896,,0.10972119867801666
,5460.0,5,9.547586523694918e-05,14449,,0.23767949640750885,,2.2313125133514404,,0.36796098947525024,,0.10963666439056396
,5464.0,5,9.544827480567619e-05,14499,,0.3459806740283966,,1.6881415843963623,,0.36831289529800415,,0.10955061763525009
,5508.0,5,9.542069165036082e-05,14549,,0.24081265926361084,,1.8348824977874756,,0.3686648905277252,,0.10947582870721817
,5444.0,5,9.539310121908784e-05,14599,,0.29693692922592163,,1.5810575485229492,,0.36894381046295166,,0.10939337313175201
,5440.0,5,9.536551806377247e-05,14649,,0.3279736638069153,,1.8167893886566162,,0.36931082606315613,,0.10930544137954712
,5476.0,5,9.533792763249949e-05,14699,,0.2593225836753845,,1.5448970794677734,,0.3696500062942505,,0.10921381413936615
,5560.0,5,9.531034447718412e-05,14749,,0.2874815762042999,,1.5426025390625,,0.3699900507926941,,0.10911979526281357
,5520.0,5,9.528276132186875e-05,14799,,0.2884426712989807,,2.0302271842956543,,0.37034985423088074,,0.1090543270111084
,5484.0,5,9.525517089059576e-05,14849,,0.30357348918914795,,1.7651515007019043,,0.3706956207752228,,0.1089690700173378
,5448.0,5,9.52275877352804e-05,14899,,0.387433260679245,,1.7037714719772339,,0.3710257411003113,,0.10889621078968048
,5356.0,5,9.519999730400741e-05,14949,,0.25903570652008057,,1.5710068941116333,,0.37134498357772827,,0.10880836844444275
,5432.0,5,9.517241414869204e-05,14999,,0.3013046085834503,,1.4197754859924316,,0.37165364623069763,,0.10870256274938583
5461.58740234375,,5,,15047,0.31216394901275635,,1.9836941957473755,,0.36340445280075073,,0.11081347614526749,
,5504.0,6,9.514483099337667e-05,15049,,0.27875739336013794,,1.8051434755325317,,0.37199604511260986,,0.10864659398794174
,5396.0,6,9.511724056210369e-05,15099,,0.3358360230922699,,1.6640690565109253,,0.3722926080226898,,0.10857705771923065
,5448.0,6,9.508965740678832e-05,15149,,0.2647955119609833,,1.6568610668182373,,0.3726571500301361,,0.10853639990091324
,5456.0,6,9.506206697551534e-05,15199,,0.25972694158554077,,1.4485821723937988,,0.37299594283103943,,0.10847310721874237
,5484.0,6,9.503448382019997e-05,15249,,0.3082827627658844,,2.6296324729919434,,0.37337106466293335,,0.10839889943599701
,5492.0,6,9.500689338892698e-05,15299,,0.28094521164894104,,2.0363824367523193,,0.37369537353515625,,0.10833431035280228
,5460.0,6,9.497931023361161e-05,15349,,0.34448179602622986,,1.7554601430892944,,0.37405264377593994,,0.1082628145813942
,5480.0,6,9.495172707829624e-05,15399,,0.3293035924434662,,2.3019092082977295,,0.3743760287761688,,0.10819648206233978
,5472.0,6,9.492413664702326e-05,15449,,0.31692439317703247,,1.7874855995178223,,0.37465327978134155,,0.10810777544975281
,5448.0,6,9.489655349170789e-05,15499,,0.3163471221923828,,1.611771583557129,,0.37500110268592834,,0.10806749761104584
,5504.0,6,9.486896306043491e-05,15549,,0.3066551089286804,,1.250874400138855,,0.37531140446662903,,0.10800974071025848
,5456.0,6,9.484137990511954e-05,15599,,0.38590285181999207,,2.4019224643707275,,0.37563467025756836,,0.10796649754047394
,5516.0,6,9.481378947384655e-05,15649,,0.2916155159473419,,1.4367660284042358,,0.3759523630142212,,0.10789332538843155
,5496.0,6,9.478620631853119e-05,15699,,0.2811411917209625,,2.2443714141845703,,0.37627363204956055,,0.10784406960010529
,5536.0,6,9.475862316321582e-05,15749,,0.18647737801074982,,1.014703392982483,,0.37660276889801025,,0.10779713094234467
,5476.0,6,9.473103273194283e-05,15799,,0.33016616106033325,,1.9272385835647583,,0.3769197165966034,,0.10774852335453033
,5460.0,6,9.470344957662746e-05,15849,,0.34765225648880005,,2.0263023376464844,,0.3772515654563904,,0.10767073184251785
,5440.0,6,9.467585914535448e-05,15899,,0.296633243560791,,2.2375595569610596,,0.37757039070129395,,0.10762181878089905
,5468.0,6,9.464827599003911e-05,15949,,0.3467717468738556,,1.9934860467910767,,0.3779062330722809,,0.1075810045003891
,5440.0,6,9.462069283472374e-05,15999,,0.2116919755935669,,1.1040767431259155,,0.3782183825969696,,0.10750620067119598
,5456.0,6,9.459310240345076e-05,16049,,0.26912933588027954,,1.8398994207382202,,0.37850630283355713,,0.1074281632900238
,5604.0,6,9.456551924813539e-05,16099,,0.30245241522789,,1.8600895404815674,,0.37884899973869324,,0.10739848017692566
,5468.0,6,9.45379288168624e-05,16149,,0.253338098526001,,1.602213978767395,,0.37912517786026,,0.10735241323709488
,5508.0,6,9.451034566154703e-05,16199,,0.29181843996047974,,1.8190500736236572,,0.37944722175598145,,0.10730191320180893
,5400.0,6,9.448275523027405e-05,16249,,0.3343107998371124,,1.814521312713623,,0.379727303981781,,0.10724173486232758
,5464.0,6,9.445517207495868e-05,16299,,0.24285542964935303,,1.435012936592102,,0.3800402581691742,,0.10718013346195221
,5412.0,6,9.442758891964331e-05,16349,,0.3430492579936981,,1.3321707248687744,,0.3803403377532959,,0.10711038112640381
,5340.0,6,9.439999848837033e-05,16399,,0.28479644656181335,,1.7141776084899902,,0.380648136138916,,0.1070518046617508
,5360.0,6,9.437241533305496e-05,16449,,0.28733158111572266,,2.1609461307525635,,0.38095587491989136,,0.10699084401130676
,5524.0,6,9.434482490178198e-05,16499,,0.33040010929107666,,1.8900823593139648,,0.3812418580055237,,0.10693240165710449
,5528.0,6,9.431724174646661e-05,16549,,0.29905182123184204,,1.5076727867126465,,0.3815596401691437,,0.10690562427043915
,5484.0,6,9.428965859115124e-05,16599,,0.28715434670448303,,1.5242390632629395,,0.3818177878856659,,0.10687695443630219
,5516.0,6,9.426206815987825e-05,16649,,0.287323921918869,,2.0618529319763184,,0.38210663199424744,,0.10682395100593567
,5500.0,6,9.423448500456288e-05,16699,,0.32549723982810974,,2.173346996307373,,0.382404088973999,,0.10677172243595123
,5520.0,6,9.42068945732899e-05,16749,,0.29516565799713135,,1.54118812084198,,0.3827056586742401,,0.1067315936088562
,5484.0,6,9.417931141797453e-05,16799,,0.2834901809692383,,1.404401183128357,,0.3830154538154602,,0.10670389980077744
,5496.0,6,9.415172098670155e-05,16849,,0.25714007019996643,,1.7161953449249268,,0.38331565260887146,,0.10664408653974533
,5496.0,6,9.412413783138618e-05,16899,,0.30595603585243225,,1.9997156858444214,,0.38363075256347656,,0.10660142451524734
,5416.0,6,9.409655467607081e-05,16949,,0.28245705366134644,,1.820465087890625,,0.38392752408981323,,0.10655083507299423
,5452.0,6,9.406896424479783e-05,16999,,0.33293113112449646,,2.030970335006714,,0.3842216730117798,,0.10650920122861862
,5468.0,6,9.404138108948246e-05,17049,,0.314322292804718,,1.74050772190094,,0.38453102111816406,,0.10644444823265076
,5476.0,6,9.401379065820947e-05,17099,,0.2745910882949829,,2.0552778244018555,,0.3848135471343994,,0.1064237654209137
,5484.0,6,9.39862075028941e-05,17149,,0.287604421377182,,1.4843878746032715,,0.3851253390312195,,0.10637322068214417
,5484.0,6,9.395861707162112e-05,17199,,0.23796239495277405,,1.4218424558639526,,0.38543131947517395,,0.10634109377861023
,5460.0,6,9.393103391630575e-05,17249,,0.265023797750473,,1.9487876892089844,,0.38569849729537964,,0.10629850625991821
,5496.0,6,9.390345076099038e-05,17299,,0.3190191090106964,,1.6219627857208252,,0.38598763942718506,,0.10625237971544266
,5516.0,6,9.38758603297174e-05,17349,,0.3270183503627777,,2.2067389488220215,,0.38625210523605347,,0.1061946228146553
,5448.0,6,9.384827717440203e-05,17399,,0.29548370838165283,,1.587540626525879,,0.38646939396858215,,0.10614992678165436
,5360.0,6,9.382068674312904e-05,17449,,0.26145845651626587,,1.5566432476043701,,0.3867366313934326,,0.10609108209609985
,5468.0,6,9.379310358781368e-05,17499,,0.275763601064682,,1.503739833831787,,0.38697320222854614,,0.10605469346046448
,5444.0,6,9.37655204324983e-05,17549,,0.2996852397918701,,2.302259683609009,,0.3872348368167877,,0.10600555688142776
5463.76953125,,6,,17555,0.3019491136074066,,1.8728631734848022,,0.37994304299354553,,0.10723312944173813,
,5464.0,7,9.373793000122532e-05,17599,,0.29044076800346375,,2.291325330734253,,0.38754457235336304,,0.10595469176769257
,5408.0,7,9.371034684590995e-05,17649,,0.3198552131652832,,1.5599596500396729,,0.3878430128097534,,0.10591202974319458
,5400.0,7,9.368275641463697e-05,17699,,0.3112446367740631,,1.9884498119354248,,0.388158917427063,,0.10588660836219788
,5464.0,7,9.36551732593216e-05,17749,,0.2944527566432953,,2.068173885345459,,0.3884529173374176,,0.1058669462800026
,5464.0,7,9.362758282804862e-05,17799,,0.30404290556907654,,1.7029752731323242,,0.3887680172920227,,0.10583563148975372
,5468.0,7,9.359999967273325e-05,17849,,0.2696738541126251,,2.144166946411133,,0.3890264928340912,,0.10578791052103043
,5500.0,7,9.357241651741788e-05,17899,,0.32279202342033386,,2.187011241912842,,0.38929736614227295,,0.10576767474412918
,5464.0,7,9.35448260861449e-05,17949,,0.35400068759918213,,1.970370888710022,,0.3895834684371948,,0.10573958605527878
,5456.0,7,9.351724293082952e-05,17999,,0.28731876611709595,,2.2672317028045654,,0.3898618221282959,,0.1056903600692749
,5428.0,7,9.348965249955654e-05,18049,,0.3341662585735321,,1.7106373310089111,,0.3901173770427704,,0.10563428699970245
,5452.0,7,9.346206934424117e-05,18099,,0.31040123105049133,,1.9389228820800781,,0.39038652181625366,,0.10560878366231918
,5512.0,7,9.34344861889258e-05,18149,,0.15927156805992126,,1.0528903007507324,,0.3906828463077545,,0.1055452898144722
,5516.0,7,9.340689575765282e-05,18199,,0.2803914546966553,,1.350055456161499,,0.390973836183548,,0.10548222064971924
,5336.0,7,9.337931260233745e-05,18249,,0.25011101365089417,,1.7504079341888428,,0.39120805263519287,,0.10544565320014954
,5420.0,7,9.335172217106447e-05,18299,,0.343696266412735,,2.073328733444214,,0.3915204107761383,,0.10542082786560059
,5472.0,7,9.33241390157491e-05,18349,,0.3636494576931,,1.4453332424163818,,0.3917910158634186,,0.10537758469581604
,5508.0,7,9.329654858447611e-05,18399,,0.29355233907699585,,2.200500011444092,,0.39204874634742737,,0.10532832890748978
,5432.0,7,9.326896542916074e-05,18449,,0.37132272124290466,,1.832987666130066,,0.39230620861053467,,0.10526759922504425
,5492.0,7,9.324138227384537e-05,18499,,0.280683696269989,,2.214799165725708,,0.39255768060684204,,0.10522489249706268
,5456.0,7,9.321379184257239e-05,18549,,0.32873988151550293,,2.2288289070129395,,0.392852783203125,,0.10517760366201401
,5452.0,7,9.318620868725702e-05,18599,,0.23611213266849518,,1.6760317087173462,,0.393138587474823,,0.10514863580465317
,5420.0,7,9.315861825598404e-05,18649,,0.23117348551750183,,1.425734281539917,,0.39338019490242004,,0.10511668771505356
,5436.0,7,9.313103510066867e-05,18699,,0.3649994730949402,,1.6537647247314453,,0.39362800121307373,,0.10508506000041962
,5412.0,7,9.310344466939569e-05,18749,,0.23580634593963623,,1.2995911836624146,,0.3938990831375122,,0.10505692660808563
,5460.0,7,9.307586151408032e-05,18799,,0.28326085209846497,,1.849791407585144,,0.3941631615161896,,0.10501754283905029
,5460.0,7,9.304827835876495e-05,18849,,0.2771623730659485,,1.9745326042175293,,0.3943997025489807,,0.10498533397912979
,5492.0,7,9.302068792749196e-05,18899,,0.2873877286911011,,1.7418571710586548,,0.3946417272090912,,0.10494668781757355
,5508.0,7,9.29931047721766e-05,18949,,0.3476478159427643,,1.7016915082931519,,0.3949374854564667,,0.10491161048412323
,5412.0,7,9.296551434090361e-05,18999,,0.2794996500015259,,1.9601860046386719,,0.3951692283153534,,0.10487855970859528
,5452.0,7,9.293793118558824e-05,19049,,0.28037652373313904,,1.8949216604232788,,0.39543581008911133,,0.10485324263572693
,5452.0,7,9.291034803027287e-05,19099,,0.3398899435997009,,1.9316576719284058,,0.3956263065338135,,0.10483166575431824
,5584.0,7,9.288275759899989e-05,19149,,0.3415188789367676,,1.2503206729888916,,0.39589810371398926,,0.10480492562055588
,5464.0,7,9.285517444368452e-05,19199,,0.30680233240127563,,1.1926579475402832,,0.3961644470691681,,0.10477373003959656
,5468.0,7,9.282758401241153e-05,19249,,0.20759989321231842,,1.2948822975158691,,0.3964272737503052,,0.1047375276684761
,5484.0,7,9.280000085709617e-05,19299,,0.26459863781929016,,1.232515573501587,,0.39670446515083313,,0.10470947623252869
,5496.0,7,9.277241042582318e-05,19349,,0.3201178312301636,,1.8894137144088745,,0.3969687521457672,,0.10468184947967529
,5404.0,7,9.274482727050781e-05,19399,,0.2450467348098755,,1.6841703653335571,,0.3972409665584564,,0.10466499626636505
,5484.0,7,9.271724411519244e-05,19449,,0.27686670422554016,,1.931430459022522,,0.3975370228290558,,0.10465428233146667
,5440.0,7,9.268965368391946e-05,19499,,0.2625780701637268,,1.5657685995101929,,0.39777249097824097,,0.10465160757303238
,5468.0,7,9.266207052860409e-05,19549,,0.2936391830444336,,1.631179928779602,,0.39803388714790344,,0.10463836789131165
,5500.0,7,9.26344800973311e-05,19599,,0.21682287752628326,,1.8063017129898071,,0.3983120024204254,,0.10463623702526093
,5332.0,7,9.260689694201574e-05,19649,,0.3234487473964691,,1.9596459865570068,,0.39858007431030273,,0.10460145026445389
,5492.0,7,9.257931378670037e-05,19699,,0.28005337715148926,,1.9262984991073608,,0.39878588914871216,,0.10457385331392288
,5356.0,7,9.255172335542738e-05,19749,,0.29745247960090637,,2.4914557933807373,,0.39902693033218384,,0.10454123467206955
,5368.0,7,9.252414020011202e-05,19799,,0.3148515224456787,,1.7334038019180298,,0.39930322766304016,,0.10449890792369843
,5452.0,7,9.249654976883903e-05,19849,,0.28683337569236755,,1.9605515003204346,,0.3995284140110016,,0.1044822633266449
,5540.0,7,9.246896661352366e-05,19899,,0.2831619679927826,,1.4341962337493896,,0.3997875452041626,,0.10446690768003464
,5512.0,7,9.244137618225068e-05,19949,,0.31581947207450867,,1.975785493850708,,0.3999870717525482,,0.10445473343133926
,5380.0,7,9.241379302693531e-05,19999,,0.2978089153766632,,1.8196638822555542,,0.40023404359817505,,0.10443515330553055
,5484.0,7,9.238620987161994e-05,20049,,0.3207537829875946,,2.1105494499206543,,0.4004482626914978,,0.10441018640995026
5461.90087890625,,7,,20063,0.293283075094223,,1.7899965047836304,,0.39413490891456604,,0.10509634763002396,
,5420.0,8,9.235861944034696e-05,20099,,0.3396856486797333,,1.9381413459777832,,0.40068185329437256,,0.1043911725282669
,5532.0,8,9.233103628503159e-05,20149,,0.4194710850715637,,2.0114805698394775,,0.40095239877700806,,0.1043899804353714
,5492.0,8,9.23034458537586e-05,20199,,0.3066805303096771,,2.0941290855407715,,0.401236891746521,,0.10437747091054916
,5492.0,8,9.227586269844323e-05,20249,,0.29301291704177856,,1.3608490228652954,,0.4015096127986908,,0.10434455424547195
,5416.0,8,9.224827226717025e-05,20299,,0.2563740909099579,,1.7955198287963867,,0.40176311135292053,,0.10432010143995285
,5380.0,8,9.222068911185488e-05,20349,,0.2626185715198517,,1.2627968788146973,,0.40203049778938293,,0.10429594665765762
,5464.0,8,9.219310595653951e-05,20399,,0.16912934184074402,,1.5924904346466064,,0.4022964835166931,,0.10427044332027435
,5532.0,8,9.216551552526653e-05,20449,,0.3013453483581543,,1.426040530204773,,0.4025525748729706,,0.10423480719327927
,5328.0,8,9.213793236995116e-05,20499,,0.26221251487731934,,1.6480506658554077,,0.40281134843826294,,0.10420756787061691
,5448.0,8,9.211034193867818e-05,20549,,0.26607242226600647,,1.758294939994812,,0.4030827283859253,,0.10419721901416779
,5540.0,8,9.20827587833628e-05,20599,,0.266690731048584,,2.1316120624542236,,0.40334731340408325,,0.10417765378952026
,5472.0,8,9.205517562804744e-05,20649,,0.2590665817260742,,1.866665005683899,,0.40358173847198486,,0.1041586697101593
,5456.0,8,9.202758519677445e-05,20699,,0.28998157382011414,,1.8225982189178467,,0.40383458137512207,,0.10412575304508209
,5560.0,8,9.200000204145908e-05,20749,,0.3400075137615204,,1.6411222219467163,,0.40410810708999634,,0.10409153997898102
,5500.0,8,9.19724116101861e-05,20799,,0.28856170177459717,,1.5441073179244995,,0.40432673692703247,,0.10407204926013947
,5468.0,8,9.194482845487073e-05,20849,,0.22004428505897522,,1.542555570602417,,0.4045567214488983,,0.10406216979026794
,5488.0,8,9.191723802359775e-05,20899,,0.2685825228691101,,1.8841696977615356,,0.4047640860080719,,0.10405776649713516
,5456.0,8,9.188965486828238e-05,20949,,0.28562819957733154,,1.5571435689926147,,0.4050472676753998,,0.10405564308166504
,5516.0,8,9.186207171296701e-05,20999,,0.31456249952316284,,1.830629587173462,,0.4053165316581726,,0.10405158996582031
,5360.0,8,9.183448128169402e-05,21049,,0.2902684211730957,,1.6013424396514893,,0.4055565595626831,,0.10404440015554428
,5524.0,8,9.180689812637866e-05,21099,,0.31304630637168884,,1.6200592517852783,,0.40576958656311035,,0.10402596741914749
,5408.0,8,9.177930769510567e-05,21149,,0.38890448212623596,,2.2528364658355713,,0.4059823453426361,,0.10400370508432388
,5420.0,8,9.17517245397903e-05,21199,,0.3493666350841522,,1.776147723197937,,0.40623584389686584,,0.1039743423461914
,5484.0,8,9.172414138447493e-05,21249,,0.2982245981693268,,1.680317759513855,,0.40643882751464844,,0.10396544635295868
,5448.0,8,9.169655095320195e-05,21299,,0.25121089816093445,,1.4556419849395752,,0.40666308999061584,,0.10394950956106186
,5444.0,8,9.166896779788658e-05,21349,,0.2446116805076599,,1.7661024332046509,,0.4068719744682312,,0.10392656922340393
,5436.0,8,9.16413773666136e-05,21399,,0.2520909905433655,,2.06162166595459,,0.4071064889431,,0.10391554236412048
,5492.0,8,9.161379421129823e-05,21449,,0.29107895493507385,,1.4706332683563232,,0.40731093287467957,,0.10388781130313873
,5488.0,8,9.158620378002524e-05,21499,,0.296537309885025,,1.705277919769287,,0.40752336382865906,,0.10386254638433456
,5432.0,8,9.155862062470987e-05,21549,,0.31905898451805115,,1.471343994140625,,0.4077695310115814,,0.10384487360715866
,5560.0,8,9.15310374693945e-05,21599,,0.26215317845344543,,1.6110705137252808,,0.40802693367004395,,0.10382697731256485
,5520.0,8,9.150344703812152e-05,21649,,0.3066154420375824,,2.1765105724334717,,0.40822625160217285,,0.10381090641021729
,5576.0,8,9.147586388280615e-05,21699,,0.24282921850681305,,1.5827611684799194,,0.4084482789039612,,0.10379058867692947
,5440.0,8,9.144827345153317e-05,21749,,0.28906211256980896,,2.1092629432678223,,0.4086554944515228,,0.10377885401248932
,5400.0,8,9.14206902962178e-05,21799,,0.23980320990085602,,1.3901212215423584,,0.40888017416000366,,0.10376664996147156
,5508.0,8,9.139309986494482e-05,21849,,0.3049611449241638,,1.649354338645935,,0.40910622477531433,,0.1037498340010643
,5428.0,8,9.136551670962945e-05,21899,,0.29634132981300354,,1.489332914352417,,0.4093424677848816,,0.10375130921602249
,5552.0,8,9.133793355431408e-05,21949,,0.2546038031578064,,1.7817268371582031,,0.4095717668533325,,0.10373319685459137
,5556.0,8,9.13103431230411e-05,21999,,0.2611633837223053,,1.5552136898040771,,0.4098164439201355,,0.10371033102273941
,5476.0,8,9.128275996772572e-05,22049,,0.2638488709926605,,1.9291459321975708,,0.41003578901290894,,0.10369095206260681
,5524.0,8,9.125516953645274e-05,22099,,0.2944958209991455,,1.4389543533325195,,0.41026100516319275,,0.10368971526622772
,5464.0,8,9.122758638113737e-05,22149,,0.3145540654659271,,1.420135259628296,,0.4104584753513336,,0.10367540270090103
,5436.0,8,9.1200003225822e-05,22199,,0.2801130414009094,,1.776660680770874,,0.4106740653514862,,0.10366442799568176
,5480.0,8,9.117241279454902e-05,22249,,0.30631598830223083,,1.5604709386825562,,0.4108811914920807,,0.10365351289510727
,5436.0,8,9.114482963923365e-05,22299,,0.28199583292007446,,1.9115674495697021,,0.4111247658729553,,0.1036364957690239
,5428.0,8,9.111723920796067e-05,22349,,0.2438024878501892,,1.5225129127502441,,0.41133707761764526,,0.10362424701452255
,5524.0,8,9.10896560526453e-05,22399,,0.22608357667922974,,1.6088998317718506,,0.4115729331970215,,0.10360143333673477
,5572.0,8,9.106206562137231e-05,22449,,0.3490700125694275,,1.6117268800735474,,0.41182342171669006,,0.10359563678503036
,5380.0,8,9.103448246605694e-05,22499,,0.3188054859638214,,1.558458924293518,,0.4120576083660126,,0.1035728007555008
,5508.0,8,9.100689931074157e-05,22549,,0.29307377338409424,,1.513867974281311,,0.412283331155777,,0.10355645418167114
5463.2021484375,,8,,22571,0.2900409996509552,,1.7186602354049683,,0.40665167570114136,,0.10394802689552307,
,5564.0,9,9.097930887946859e-05,22599,,0.3134405314922333,,1.6990646123886108,,0.41249656677246094,,0.10353000462055206
,5516.0,9,9.095172572415322e-05,22649,,0.3283618986606598,,1.406325340270996,,0.4127621054649353,,0.10352759063243866
,5456.0,9,9.092413529288024e-05,22699,,0.3203027844429016,,1.4944936037063599,,0.41300973296165466,,0.1035330519080162
,5468.0,9,9.089655213756487e-05,22749,,0.31942903995513916,,1.683180809020996,,0.41319769620895386,,0.10351213812828064
,5444.0,9,9.08689689822495e-05,22799,,0.3015630841255188,,1.8157166242599487,,0.4134178161621094,,0.10351662337779999
,5440.0,9,9.084137855097651e-05,22849,,0.265707790851593,,2.00019907951355,,0.41363680362701416,,0.10351741313934326
,5396.0,9,9.081379539566115e-05,22899,,0.3151334822177887,,1.7003728151321411,,0.41387346386909485,,0.10351525992155075
,5464.0,9,9.078620496438816e-05,22949,,0.274427205324173,,1.2837837934494019,,0.4140646457672119,,0.10349088162183762
,5420.0,9,9.075862180907279e-05,22999,,0.29396185278892517,,1.7410963773727417,,0.4142947196960449,,0.10348454117774963
,5476.0,9,9.073103137779981e-05,23049,,0.30245229601860046,,1.5667738914489746,,0.41451770067214966,,0.10348117351531982
,5468.0,9,9.070344822248444e-05,23099,,0.2982881963253021,,1.6000254154205322,,0.4147535562515259,,0.10350212454795837
,5416.0,9,9.067586506716907e-05,23149,,0.3608819544315338,,1.9088627099990845,,0.4149843454360962,,0.10349167883396149
,5396.0,9,9.064827463589609e-05,23199,,0.29494792222976685,,1.943738579750061,,0.41513779759407043,,0.1034805104136467
,5444.0,9,9.062069148058072e-05,23249,,0.3081687092781067,,1.663620948791504,,0.4153537452220917,,0.10344891250133514
,5560.0,9,9.059310104930773e-05,23299,,0.2942746579647064,,1.7137130498886108,,0.4155852198600769,,0.10343685001134872
,5464.0,9,9.056551789399236e-05,23349,,0.2852207124233246,,1.5033628940582275,,0.41582179069519043,,0.10342010855674744
,5424.0,9,9.053792746271938e-05,23399,,0.31509506702423096,,2.1459450721740723,,0.41602808237075806,,0.10342638194561005
,5432.0,9,9.051034430740401e-05,23449,,0.2780262529850006,,1.343355655670166,,0.4162478446960449,,0.1033957451581955
,5452.0,9,9.048276115208864e-05,23499,,0.2579629123210907,,1.613939881324768,,0.4164562225341797,,0.10338395833969116
,5524.0,9,9.045517072081566e-05,23549,,0.30231550335884094,,1.8197681903839111,,0.4166630208492279,,0.10337306559085846
,5336.0,9,9.042758756550029e-05,23599,,0.33539241552352905,,1.941021203994751,,0.41690298914909363,,0.10335271060466766
,5412.0,9,9.03999971342273e-05,23649,,0.3042742609977722,,1.7391566038131714,,0.4170936644077301,,0.10333853960037231
,5456.0,9,9.037241397891194e-05,23699,,0.28753817081451416,,1.721022129058838,,0.4172784686088562,,0.10331153869628906
,5476.0,9,9.034483082359657e-05,23749,,0.3634900450706482,,1.927796721458435,,0.41750168800354004,,0.10330615937709808
,5460.0,9,9.031724039232358e-05,23799,,0.29513198137283325,,1.2754305601119995,,0.4177068769931793,,0.1032848060131073
,5456.0,9,9.028965723700821e-05,23849,,0.2821807861328125,,1.5417298078536987,,0.4179266095161438,,0.10328006744384766
,5496.0,9,9.026206680573523e-05,23899,,0.250397652387619,,1.641776442527771,,0.41815635561943054,,0.10327322781085968
,5468.0,9,9.023448365041986e-05,23949,,0.2891000509262085,,1.8694486618041992,,0.41836977005004883,,0.10325273126363754
,5444.0,9,9.020689321914688e-05,23999,,0.28274160623550415,,1.2120012044906616,,0.4185870587825775,,0.10324015468358994
,5436.0,9,9.017931006383151e-05,24049,,0.31741368770599365,,1.3240773677825928,,0.4188021421432495,,0.10323270410299301
,5460.0,9,9.015172690851614e-05,24099,,0.3206864893436432,,1.7808213233947754,,0.41900789737701416,,0.10321732610464096
,5512.0,9,9.012413647724316e-05,24149,,0.30926257371902466,,1.45694100856781,,0.4192311763763428,,0.10320484638214111
,5468.0,9,9.009655332192779e-05,24199,,0.33945566415786743,,1.5751450061798096,,0.4194117784500122,,0.10319139063358307
,5428.0,9,9.00689628906548e-05,24249,,0.24672040343284607,,1.2591753005981445,,0.41962647438049316,,0.10316503047943115
,5408.0,9,9.004137973533943e-05,24299,,0.3889651298522949,,1.269094705581665,,0.41985204815864563,,0.10314164310693741
,5404.0,9,9.001379658002406e-05,24349,,0.31798455119132996,,1.9106489419937134,,0.4200677275657654,,0.1031055822968483
,5436.0,9,8.998620614875108e-05,24399,,0.37262871861457825,,1.5888121128082275,,0.4202748239040375,,0.10308033972978592
,5424.0,9,8.995862299343571e-05,24449,,0.20932236313819885,,1.1851978302001953,,0.4204449951648712,,0.10306165367364883
,5396.0,9,8.993103256216273e-05,24499,,0.2928859293460846,,1.6904079914093018,,0.4206492006778717,,0.10305030643939972
,5520.0,9,8.990344940684736e-05,24549,,0.2859366834163666,,1.3657960891723633,,0.420867919921875,,0.10302958637475967
,5484.0,9,8.987585897557437e-05,24599,,0.3213224709033966,,1.06887948513031,,0.42108073830604553,,0.1030169427394867
,5512.0,9,8.9848275820259e-05,24649,,0.24261854588985443,,1.651273488998413,,0.42126160860061646,,0.10301399976015091
,5464.0,9,8.982069266494364e-05,24699,,0.3030814230442047,,1.532908320426941,,0.4214596748352051,,0.10301125794649124
,5412.0,9,8.979310223367065e-05,24749,,0.31969156861305237,,1.4711560010910034,,0.4216492176055908,,0.10300292819738388
,5428.0,9,8.976551907835528e-05,24799,,0.2966568171977997,,1.621076226234436,,0.42184507846832275,,0.10299648344516754
,5460.0,9,8.97379286470823e-05,24849,,0.3466942012310028,,1.562940001487732,,0.4220620393753052,,0.10299599915742874
,5504.0,9,8.971034549176693e-05,24899,,0.3254415988922119,,1.5170518159866333,,0.42228585481643677,,0.10299177467823029
,5500.0,9,8.968275506049395e-05,24949,,0.32498571276664734,,1.558063268661499,,0.42248764634132385,,0.10298798233270645
,5480.0,9,8.965517190517858e-05,24999,,0.29323744773864746,,1.1886836290359497,,0.4226711690425873,,0.10297057032585144
,5448.0,9,8.962758874986321e-05,25049,,0.24842210114002228,,1.2623693943023682,,0.4228706359863281,,0.10295498371124268
5464.3515625,,9,,25079,0.2993083894252777,,1.6552269458770752,,0.4178112745285034,,0.10327309370040894,
,5464.0,10,8.959999831859022e-05,25099,,0.28918492794036865,,1.4538747072219849,,0.42305710911750793,,0.10294675827026367
,5452.0,10,8.957241516327485e-05,25149,,0.30194151401519775,,1.4623178243637085,,0.4232736825942993,,0.10294435173273087
,5476.0,10,8.954482473200187e-05,25199,,0.33525651693344116,,1.2735795974731445,,0.4234732389450073,,0.10294400900602341
,5412.0,10,8.95172415766865e-05,25249,,0.2956463396549225,,1.6155991554260254,,0.4236755967140198,,0.10293887555599213
,5428.0,10,8.948965842137113e-05,25299,,0.2837124466896057,,1.6506738662719727,,0.42385977506637573,,0.10294704884290695
,5476.0,10,8.946206799009815e-05,25349,,0.2524898648262024,,1.654660940170288,,0.4240725338459015,,0.10295260697603226
,5436.0,10,8.943448483478278e-05,25399,,0.25421202182769775,,1.1316211223602295,,0.4242873191833496,,0.10295045375823975
,5448.0,10,8.94068944035098e-05,25449,,0.31417331099510193,,1.9715280532836914,,0.424490749835968,,0.1029328778386116
,5444.0,10,8.937931124819443e-05,25499,,0.3085710406303406,,1.4536939859390259,,0.42470717430114746,,0.10291485488414764
,5516.0,10,8.935172081692144e-05,25549,,0.2879476249217987,,1.4962077140808105,,0.4249217212200165,,0.1029069721698761
,5436.0,10,8.932413766160607e-05,25599,,0.34420961141586304,,1.5860122442245483,,0.42510461807250977,,0.10289613902568817
,5420.0,10,8.92965545062907e-05,25649,,0.28800228238105774,,2.0148305892944336,,0.42530521750450134,,0.10288049280643463
,5480.0,10,8.926896407501772e-05,25699,,0.34380364418029785,,1.3308751583099365,,0.42552313208580017,,0.1028662919998169
,5416.0,10,8.924138091970235e-05,25749,,0.29131779074668884,,1.8229610919952393,,0.4257321357727051,,0.10285575687885284
,5416.0,10,8.921379048842937e-05,25799,,0.31621378660202026,,1.6164358854293823,,0.42593687772750854,,0.10284129530191422
,5452.0,10,8.9186207333114e-05,25849,,0.32179054617881775,,1.4818443059921265,,0.42616724967956543,,0.1028214544057846
,5420.0,10,8.915862417779863e-05,25899,,0.389734148979187,,1.9861398935317993,,0.4263761639595032,,0.10280877351760864
,5436.0,10,8.913103374652565e-05,25949,,0.2886730134487152,,1.450083613395691,,0.4265209436416626,,0.10281100869178772
,5468.0,10,8.910345059121028e-05,25999,,0.2976827621459961,,1.7350457906723022,,0.4267366826534271,,0.10279889404773712
,5396.0,10,8.907586015993729e-05,26049,,0.29650062322616577,,1.4498350620269775,,0.4269291162490845,,0.10278424620628357
,5412.0,10,8.904827700462192e-05,26099,,0.266711950302124,,1.5558114051818848,,0.42710405588150024,,0.10277542471885681
,5472.0,10,8.902068657334894e-05,26149,,0.3003263771533966,,2.0541112422943115,,0.42727622389793396,,0.10276029258966446
,5480.0,10,8.899310341803357e-05,26199,,0.2872881591320038,,1.5637327432632446,,0.42747366428375244,,0.10274351388216019
,5440.0,10,8.89655202627182e-05,26249,,0.336940735578537,,1.5925017595291138,,0.42767423391342163,,0.1027330830693245
,5440.0,10,8.893792983144522e-05,26299,,0.34339937567710876,,1.9060964584350586,,0.427871435880661,,0.10271896421909332
,5532.0,10,8.891034667612985e-05,26349,,0.31959161162376404,,1.3360154628753662,,0.4280881881713867,,0.10270841419696808
,5488.0,10,8.888275624485686e-05,26399,,0.33297955989837646,,1.3293291330337524,,0.42829322814941406,,0.1026892215013504
,5460.0,10,8.88551730895415e-05,26449,,0.34319671988487244,,1.3957397937774658,,0.42849305272102356,,0.10267548263072968
,5464.0,10,8.882758265826851e-05,26499,,0.2974034249782562,,1.469659447669983,,0.4286944270133972,,0.10266786813735962
,5472.0,10,8.879999950295314e-05,26549,,0.45801985263824463,,1.7695703506469727,,0.42890211939811707,,0.10266070067882538
,5404.0,10,8.877241634763777e-05,26599,,0.3218884766101837,,1.6110718250274658,,0.42910119891166687,,0.1026502177119255
,5504.0,10,8.874482591636479e-05,26649,,0.3114829957485199,,1.8996577262878418,,0.4292792081832886,,0.10263673961162567
,5448.0,10,8.871724276104942e-05,26699,,0.2875843048095703,,1.7852509021759033,,0.4294652044773102,,0.10263282060623169
,5488.0,10,8.868965232977644e-05,26749,,0.3849027454853058,,1.6133941411972046,,0.4296466112136841,,0.10262805223464966
,5492.0,10,8.866206917446107e-05,26799,,0.28778696060180664,,1.6300252676010132,,0.42984527349472046,,0.10262071341276169
,5520.0,10,8.86344860191457e-05,26849,,0.3209274411201477,,2.2042791843414307,,0.4300268590450287,,0.10261774063110352
,5564.0,10,8.860689558787271e-05,26899,,0.31945279240608215,,1.5194460153579712,,0.4302075505256653,,0.10260843485593796
,5496.0,10,8.857931243255734e-05,26949,,0.3159273862838745,,1.8536310195922852,,0.43036720156669617,,0.10260394215583801
,5440.0,10,8.855172200128436e-05,26999,,0.33547550439834595,,1.8236931562423706,,0.4305623769760132,,0.1025872603058815
,5524.0,10,8.852413884596899e-05,27049,,0.28080856800079346,,1.6101515293121338,,0.43075743317604065,,0.10258994996547699
,5524.0,10,8.849654841469601e-05,27099,,0.41057854890823364,,1.7795360088348389,,0.43091851472854614,,0.10257922112941742
,5512.0,10,8.846896525938064e-05,27149,,0.2870389223098755,,1.614781379699707,,0.4311249256134033,,0.10257209837436676
,5508.0,10,8.844138210406527e-05,27199,,0.3629334270954132,,1.559134840965271,,0.4313201606273651,,0.10257251560688019
,5492.0,10,8.841379167279229e-05,27249,,0.28955206274986267,,1.8174383640289307,,0.4314922094345093,,0.10258075594902039
,5448.0,10,8.838620851747692e-05,27299,,0.3074079751968384,,1.8219938278198242,,0.4316547214984894,,0.10257123410701752
,5460.0,10,8.835861808620393e-05,27349,,0.28358039259910583,,1.9953688383102417,,0.431845486164093,,0.10256439447402954
,5420.0,10,8.833103493088856e-05,27399,,0.3397345244884491,,1.4802753925323486,,0.43204110860824585,,0.1025533378124237
,5444.0,10,8.83034517755732e-05,27449,,0.3148207366466522,,1.7025976181030273,,0.43225428462028503,,0.10253468155860901
,5512.0,10,8.827586134430021e-05,27499,,0.27736788988113403,,1.9338984489440918,,0.4324391484260559,,0.10253184288740158
,5424.0,10,8.824827818898484e-05,27549,,0.377727746963501,,2.1532034873962402,,0.4326356053352356,,0.10254178941249847
5462.78173828125,,10,,27587,0.3099361062049866,,1.6118977069854736,,0.42798763513565063,,0.10273363441228867,
,5456.0,11,8.822068775771186e-05,27599,,0.3219878077507019,,1.6123576164245605,,0.43282487988471985,,0.10253233462572098
,5420.0,11,8.819310460239649e-05,27649,,0.26095500588417053,,1.4919099807739258,,0.4330335259437561,,0.10253754258155823
,5464.0,11,8.81655141711235e-05,27699,,0.3749135434627533,,1.3351433277130127,,0.4332515299320221,,0.10254640877246857
,5404.0,11,8.813793101580814e-05,27749,,0.293792188167572,,1.8432561159133911,,0.4334568381309509,,0.10255710780620575
,5516.0,11,8.811034786049277e-05,27799,,0.2989140748977661,,1.4206745624542236,,0.4336669445037842,,0.10255008935928345
,5468.0,11,8.808275742921978e-05,27849,,0.3560784161090851,,1.584708571434021,,0.4338696002960205,,0.10255344212055206
,5496.0,11,8.805517427390441e-05,27899,,0.28547215461730957,,1.4868299961090088,,0.43407291173934937,,0.10254887491464615
,5496.0,11,8.802758384263143e-05,27949,,0.3661039471626282,,1.599368929862976,,0.434245765209198,,0.10254589468240738
,5536.0,11,8.800000068731606e-05,27999,,0.325176477432251,,1.9978418350219727,,0.43442121148109436,,0.10254139453172684
,5500.0,11,8.797241025604308e-05,28049,,0.31392261385917664,,1.2420905828475952,,0.43462297320365906,,0.10254093259572983
,5484.0,11,8.794482710072771e-05,28099,,0.3743530809879303,,1.2666159868240356,,0.4347843825817108,,0.10254359245300293
,5504.0,11,8.791724394541234e-05,28149,,0.26081085205078125,,1.4735609292984009,,0.434975802898407,,0.10255138576030731
,5452.0,11,8.788965351413935e-05,28199,,0.32270899415016174,,1.6962283849716187,,0.43516501784324646,,0.10255172848701477
,5428.0,11,8.786207035882398e-05,28249,,0.3319794237613678,,1.5038096904754639,,0.43535178899765015,,0.10254964232444763
,5412.0,11,8.7834479927551e-05,28299,,0.3709287941455841,,1.2525142431259155,,0.43555760383605957,,0.10254290699958801
,5480.0,11,8.780689677223563e-05,28349,,0.31728431582450867,,1.8848114013671875,,0.43573522567749023,,0.10253050178289413
,5488.0,11,8.777931361692026e-05,28399,,0.34897178411483765,,2.3222012519836426,,0.43589919805526733,,0.1025402769446373
,5468.0,11,8.775172318564728e-05,28449,,0.2461618185043335,,1.1359641551971436,,0.4360976815223694,,0.1025443822145462
,5500.0,11,8.772414003033191e-05,28499,,0.36282408237457275,,1.6211804151535034,,0.43628254532814026,,0.10254693031311035
,5508.0,11,8.769654959905893e-05,28549,,0.35877689719200134,,1.4697911739349365,,0.4364592432975769,,0.1025458425283432
,5436.0,11,8.766896644374356e-05,28599,,0.31873974204063416,,1.7820311784744263,,0.4366316497325897,,0.10254964977502823
,5488.0,11,8.764137601247057e-05,28649,,0.32075631618499756,,1.208742380142212,,0.4367959499359131,,0.10255364328622818
,5480.0,11,8.76137928571552e-05,28699,,0.34249356389045715,,1.9056388139724731,,0.43695068359375,,0.10255895555019379
,5484.0,11,8.758620970183983e-05,28749,,0.28618472814559937,,1.3575972318649292,,0.4371417462825775,,0.10255160927772522
,5460.0,11,8.755861927056685e-05,28799,,0.3071022033691406,,1.738664984703064,,0.43730610609054565,,0.10256411135196686
,5568.0,11,8.753103611525148e-05,28849,,0.2655734419822693,,1.538666844367981,,0.4374805986881256,,0.10257290303707123
,5456.0,11,8.75034456839785e-05,28899,,0.2921997010707855,,1.8310093879699707,,0.43766897916793823,,0.10258274525403976
,5484.0,11,8.747586252866313e-05,28949,,0.27470505237579346,,1.5769582986831665,,0.4378463327884674,,0.10258223116397858
,5536.0,11,8.744827937334776e-05,28999,,0.33309876918792725,,1.8849629163742065,,0.43803226947784424,,0.10257592797279358
,5452.0,11,8.742068894207478e-05,29049,,0.3427146077156067,,1.4914761781692505,,0.43821293115615845,,0.10256971418857574
,5532.0,11,8.73931057867594e-05,29099,,0.32965296506881714,,1.7990673780441284,,0.4384016990661621,,0.10256192088127136
,5336.0,11,8.736551535548642e-05,29149,,0.31371280550956726,,2.0765509605407715,,0.4385826289653778,,0.1025649905204773
,5340.0,11,8.733793220017105e-05,29199,,0.38613343238830566,,1.3960973024368286,,0.4387575387954712,,0.10257352143526077
,5440.0,11,8.731034176889807e-05,29249,,0.32757338881492615,,1.000841736793518,,0.43893197178840637,,0.10257413983345032
,5440.0,11,8.72827586135827e-05,29299,,0.2420378476381302,,1.2796995639801025,,0.43910932540893555,,0.10256937146186829
,5428.0,11,8.725517545826733e-05,29349,,0.31005340814590454,,1.2499635219573975,,0.4392699599266052,,0.10255953669548035
,5392.0,11,8.722758502699435e-05,29399,,0.345771849155426,,1.4760938882827759,,0.43943315744400024,,0.10255146771669388
,5492.0,11,8.720000187167898e-05,29449,,0.3240484297275543,,1.2333195209503174,,0.4395958483219147,,0.10255032777786255
,5444.0,11,8.7172411440406e-05,29499,,0.35206180810928345,,1.290859580039978,,0.4397817850112915,,0.10254663228988647
,5472.0,11,8.714482828509063e-05,29549,,0.29930368065834045,,1.5499998331069946,,0.43997058272361755,,0.10254335403442383
,5420.0,11,8.711723785381764e-05,29599,,0.2617349922657013,,1.9029216766357422,,0.44014614820480347,,0.10254837572574615
,5520.0,11,8.708965469850227e-05,29649,,0.38404572010040283,,1.5580722093582153,,0.4403334856033325,,0.10255713760852814
,5480.0,11,8.70620715431869e-05,29699,,0.31820088624954224,,1.330134630203247,,0.4405043423175812,,0.102566659450531
,5476.0,11,8.703448111191392e-05,29749,,0.3699313700199127,,1.7285031080245972,,0.4406788945198059,,0.10258106142282486
,5504.0,11,8.700689795659855e-05,29799,,0.2937144637107849,,1.8763997554779053,,0.44085612893104553,,0.10259480774402618
,5432.0,11,8.697930752532557e-05,29849,,0.35892534255981445,,2.182462692260742,,0.4410373568534851,,0.10259483754634857
,5504.0,11,8.69517243700102e-05,29899,,0.3065001964569092,,1.7296676635742188,,0.44122275710105896,,0.1025981605052948
,5420.0,11,8.692414121469483e-05,29949,,0.3725724518299103,,1.4035487174987793,,0.4413904547691345,,0.10259554535150528
,5396.0,11,8.689655078342184e-05,29999,,0.33271515369415283,,1.4823217391967773,,0.44158732891082764,,0.10260332375764847
,5476.0,11,8.686896762810647e-05,30049,,0.2883206307888031,,1.994274377822876,,0.44175654649734497,,0.1025991290807724
5462.6357421875,,11,,30095,0.31970536708831787,,1.5550910234451294,,0.4374580383300781,,0.10256288945674896,
,5504.0,12,8.684137719683349e-05,30099,,0.4139781594276428,,0.9287391304969788,,0.44193005561828613,,0.10260435938835144
,5436.0,12,8.681379404151812e-05,30149,,0.3968101143836975,,1.797452449798584,,0.4421232342720032,,0.10261408239603043
,5452.0,12,8.678620361024514e-05,30199,,0.3092741072177887,,1.52748703956604,,0.4422949552536011,,0.10261692851781845
,5456.0,12,8.675862045492977e-05,30249,,0.36269986629486084,,2.1364171504974365,,0.4424712061882019,,0.10262127220630646
,5460.0,12,8.67310372996144e-05,30299,,0.3810204565525055,,1.6236127614974976,,0.4426642954349518,,0.10263020545244217
,5476.0,12,8.670344686834142e-05,30349,,0.3577921986579895,,1.3700186014175415,,0.4428615868091583,,0.10263553261756897
,5416.0,12,8.667586371302605e-05,30399,,0.3255147933959961,,1.6794763803482056,,0.44302746653556824,,0.10264423489570618
,5388.0,12,8.664827328175306e-05,30449,,0.3083380460739136,,1.4953871965408325,,0.44320476055145264,,0.10265649110078812
,5460.0,12,8.66206901264377e-05,30499,,0.2798827886581421,,1.0219347476959229,,0.44338279962539673,,0.10265777260065079
,5448.0,12,8.659310697112232e-05,30549,,0.32083752751350403,,1.4037470817565918,,0.4435524046421051,,0.10268023610115051
,5456.0,12,8.656551653984934e-05,30599,,0.37888142466545105,,1.819525122642517,,0.4437437653541565,,0.10269424319267273
,5392.0,12,8.653793338453397e-05,30649,,0.4169539213180542,,1.7028920650482178,,0.44391393661499023,,0.10270927846431732
,5428.0,12,8.651034295326099e-05,30699,,0.32298514246940613,,1.2167154550552368,,0.44408419728279114,,0.10272267460823059
,5444.0,12,8.648275979794562e-05,30749,,0.29910358786582947,,2.0756723880767822,,0.4442635178565979,,0.10273714363574982
,5480.0,12,8.645516936667264e-05,30799,,0.35056331753730774,,1.4828845262527466,,0.44442811608314514,,0.10273159295320511
,5436.0,12,8.642758621135727e-05,30849,,0.27995163202285767,,1.4432092905044556,,0.44460901618003845,,0.10272970050573349
,5500.0,12,8.64000030560419e-05,30899,,0.4170430302619934,,1.8475205898284912,,0.44479766488075256,,0.10273599624633789
,5380.0,12,8.637241262476891e-05,30949,,0.30062341690063477,,1.6281962394714355,,0.4449690878391266,,0.10273059457540512
,5352.0,12,8.634482946945354e-05,30999,,0.3327890634536743,,1.441139817237854,,0.44515740871429443,,0.10274069011211395
,5460.0,12,8.631723903818056e-05,31049,,0.4341610372066498,,1.5563687086105347,,0.44534167647361755,,0.1027381643652916
,5448.0,12,8.628965588286519e-05,31099,,0.39390918612480164,,1.3928356170654297,,0.44550880789756775,,0.10273154079914093
,5452.0,12,8.626206545159221e-05,31149,,0.3765031695365906,,1.583565592765808,,0.4456653296947479,,0.10273207724094391
,5452.0,12,8.623448229627684e-05,31199,,0.363574743270874,,1.7923420667648315,,0.4458158612251282,,0.10273666679859161
,5488.0,12,8.620689914096147e-05,31249,,0.3672705888748169,,1.5261927843093872,,0.4459896683692932,,0.10273513942956924
,5456.0,12,8.617930870968848e-05,31299,,0.30021634697914124,,1.6396158933639526,,0.4461483359336853,,0.10273045301437378
,5452.0,12,8.615172555437312e-05,31349,,0.3103756904602051,,1.3525054454803467,,0.4463112950325012,,0.10273154824972153
,5480.0,12,8.612413512310013e-05,31399,,0.35847291350364685,,1.6107698678970337,,0.4464735984802246,,0.10273347795009613
,5464.0,12,8.609655196778476e-05,31449,,0.3272172510623932,,1.1777327060699463,,0.44662460684776306,,0.10273178666830063
,5484.0,12,8.606896881246939e-05,31499,,0.2879224121570587,,1.5082045793533325,,0.4467735290527344,,0.10273522883653641
,5516.0,12,8.604137838119641e-05,31549,,0.37276214361190796,,1.5753382444381714,,0.44693470001220703,,0.10274923592805862
,5480.0,12,8.601379522588104e-05,31599,,0.27624669671058655,,1.2868069410324097,,0.44710054993629456,,0.10276006162166595
,5432.0,12,8.598620479460806e-05,31649,,0.32268035411834717,,1.2788174152374268,,0.44727274775505066,,0.10276982933282852
,5412.0,12,8.595862163929269e-05,31699,,0.32064682245254517,,1.393450140953064,,0.44744542241096497,,0.10277515649795532
,5476.0,12,8.59310312080197e-05,31749,,0.3371090292930603,,1.8787575960159302,,0.4475939869880676,,0.10278743505477905
,5512.0,12,8.590344805270433e-05,31799,,0.2936614453792572,,1.2221721410751343,,0.4477559030056,,0.102801613509655
,5504.0,12,8.587586489738896e-05,31849,,0.3236529231071472,,2.0774827003479004,,0.4479146897792816,,0.10281112045049667
,5476.0,12,8.584827446611598e-05,31899,,0.31027474999427795,,2.0547497272491455,,0.4480851888656616,,0.10281982272863388
,5392.0,12,8.582069131080061e-05,31949,,0.30023112893104553,,1.7775671482086182,,0.44823867082595825,,0.10282716155052185
,5488.0,12,8.579310087952763e-05,31999,,0.3404671847820282,,1.8009110689163208,,0.44840776920318604,,0.1028379574418068
,5484.0,12,8.576551772421226e-05,32049,,0.31331661343574524,,1.6698576211929321,,0.44856125116348267,,0.10284099727869034
,5380.0,12,8.573793456889689e-05,32099,,0.3356884717941284,,1.474923014640808,,0.4487190842628479,,0.10284686088562012
,5472.0,12,8.57103441376239e-05,32149,,0.31802669167518616,,1.3432687520980835,,0.4488700330257416,,0.10285483300685883
,5440.0,12,8.568276098230854e-05,32199,,0.3947601616382599,,1.3719266653060913,,0.4490247070789337,,0.10285700112581253
,5540.0,12,8.565517055103555e-05,32249,,0.2956051826477051,,1.2056745290756226,,0.44917765259742737,,0.10285650193691254
,5492.0,12,8.562758739572018e-05,32299,,0.33217287063598633,,1.6635888814926147,,0.44935107231140137,,0.1028568297624588
,5464.0,12,8.55999969644472e-05,32349,,0.3615507483482361,,1.3985810279846191,,0.44952455163002014,,0.10285797715187073
,5412.0,12,8.557241380913183e-05,32399,,0.3373093008995056,,1.551614761352539,,0.4496932923793793,,0.10286282002925873
,5440.0,12,8.554483065381646e-05,32449,,0.27301228046417236,,1.4086576700210571,,0.4498521685600281,,0.10287366807460785
,5436.0,12,8.551724022254348e-05,32499,,0.3559415936470032,,1.9977641105651855,,0.4499994218349457,,0.10287977010011673
,5436.0,12,8.548965706722811e-05,32549,,0.29720380902290344,,1.329015851020813,,0.4501788318157196,,0.10288780927658081
,5460.0,12,8.546206663595513e-05,32599,,0.37393221259117126,,1.1862982511520386,,0.4503409266471863,,0.1028866171836853
5462.29150390625,,12,,32603,0.3333199918270111,,1.514709711074829,,0.44625380635261536,,0.10275830328464508,
,5460.0,13,8.543448348063976e-05,32649,,0.32544663548469543,,1.580570101737976,,0.45050057768821716,,0.10289940237998962
,5500.0,13,8.540689304936677e-05,32699,,0.36566150188446045,,1.6924159526824951,,0.4506572484970093,,0.10292366147041321
,5464.0,13,8.53793098940514e-05,32749,,0.3310116231441498,,2.1578452587127686,,0.4508221447467804,,0.1029367595911026
,5480.0,13,8.535172673873603e-05,32799,,0.38080069422721863,,1.2956658601760864,,0.4509713053703308,,0.1029510572552681
,5380.0,13,8.532413630746305e-05,32849,,0.5019470453262329,,1.7151743173599243,,0.4511425197124481,,0.10297244787216187
,5432.0,13,8.529655315214768e-05,32899,,0.3069949150085449,,1.2819565534591675,,0.4513028860092163,,0.1029827669262886
,5444.0,13,8.52689627208747e-05,32949,,0.3497447371482849,,1.6039974689483643,,0.4514648914337158,,0.10298386216163635
,5488.0,13,8.524137956555933e-05,32999,,0.30847838521003723,,1.1254208087921143,,0.45162373781204224,,0.10299566388130188
,5472.0,13,8.521379641024396e-05,33049,,0.28049400448799133,,1.1888624429702759,,0.4517894983291626,,0.10300812125205994
,5468.0,13,8.518620597897097e-05,33099,,0.3566816747188568,,1.4571075439453125,,0.45196351408958435,,0.10301055014133453
,5524.0,13,8.51586228236556e-05,33149,,0.38181737065315247,,1.3311972618103027,,0.45213958621025085,,0.10301776230335236
,5376.0,13,8.513103239238262e-05,33199,,0.34819334745407104,,1.2561320066452026,,0.45230668783187866,,0.10302300751209259
,5520.0,13,8.510344923706725e-05,33249,,0.3110559284687042,,1.098102331161499,,0.45248669385910034,,0.10303928703069687
,5432.0,13,8.507585880579427e-05,33299,,0.35220974683761597,,1.6823921203613281,,0.45264601707458496,,0.10304109752178192
,5368.0,13,8.50482756504789e-05,33349,,0.33004194498062134,,1.1353588104248047,,0.45280593633651733,,0.1030457392334938
,5424.0,13,8.502069249516353e-05,33399,,0.3531317412853241,,1.5196735858917236,,0.45299050211906433,,0.10305629670619965
,5416.0,13,8.499310206389055e-05,33449,,0.2916838228702545,,1.3397527933120728,,0.4531197249889374,,0.10306606441736221
,5464.0,13,8.496551890857518e-05,33499,,0.3062840700149536,,1.2295589447021484,,0.4532567858695984,,0.10306492447853088
,5460.0,13,8.49379284773022e-05,33549,,0.2669462263584137,,1.6731449365615845,,0.4534095227718353,,0.10307714343070984
,5384.0,13,8.491034532198682e-05,33599,,0.26127228140830994,,1.30473792552948,,0.4535693824291229,,0.10309872031211853
,5472.0,13,8.488276216667145e-05,33649,,0.3475397229194641,,1.4822936058044434,,0.45370712876319885,,0.10311321914196014
,5488.0,13,8.485517173539847e-05,33699,,0.3453438878059387,,1.2926899194717407,,0.45386093854904175,,0.1031225174665451
,5512.0,13,8.48275885800831e-05,33749,,0.2931201457977295,,1.4806180000305176,,0.45403966307640076,,0.10313676297664642
,5476.0,13,8.479999814881012e-05,33799,,0.36805832386016846,,1.4797260761260986,,0.4542025327682495,,0.10314822942018509
,5492.0,13,8.477241499349475e-05,33849,,0.31743839383125305,,1.5070608854293823,,0.45435798168182373,,0.10316134989261627
,5456.0,13,8.474482456222177e-05,33899,,0.2407265603542328,,1.0048907995224,,0.4545050263404846,,0.10317332297563553
,5432.0,13,8.47172414069064e-05,33949,,0.3549889624118805,,1.7185962200164795,,0.45466315746307373,,0.10318896919488907
,5456.0,13,8.468965825159103e-05,33999,,0.3400745093822479,,1.779671311378479,,0.4548182189464569,,0.10319840162992477
,5420.0,13,8.466206782031804e-05,34049,,0.28645777702331543,,1.1053779125213623,,0.4549635946750641,,0.103202685713768
,5424.0,13,8.463448466500267e-05,34099,,0.36550194025039673,,1.556246042251587,,0.4551279544830322,,0.10320591926574707
,5516.0,13,8.460689423372969e-05,34149,,0.3185476064682007,,1.8502479791641235,,0.455295205116272,,0.10322007536888123
,5524.0,13,8.457931107841432e-05,34199,,0.3729233741760254,,1.7729731798171997,,0.4554583430290222,,0.10323682427406311
,5456.0,13,8.455172064714134e-05,34249,,0.3524848222732544,,1.3037304878234863,,0.4556305706501007,,0.10326133668422699
,5512.0,13,8.452413749182597e-05,34299,,0.34811294078826904,,1.4317777156829834,,0.45578664541244507,,0.10328403115272522
,5432.0,13,8.44965543365106e-05,34349,,0.2865239381790161,,1.1208802461624146,,0.45593732595443726,,0.10330384969711304
,5516.0,13,8.446896390523762e-05,34399,,0.37593773007392883,,2.130164861679077,,0.4560829699039459,,0.10330851376056671
,5360.0,13,8.444138074992225e-05,34449,,0.41885343194007874,,1.4117392301559448,,0.4562237560749054,,0.10330972075462341
,5424.0,13,8.441379031864926e-05,34499,,0.31123608350753784,,1.6064608097076416,,0.4563544690608978,,0.10330881178379059
,5500.0,13,8.438620716333389e-05,34549,,0.2983414828777313,,1.2725799083709717,,0.4564928412437439,,0.10331754386425018
,5436.0,13,8.435862400801852e-05,34599,,0.36936935782432556,,1.3852900266647339,,0.45665210485458374,,0.10332618653774261
,5532.0,13,8.433103357674554e-05,34649,,0.4259745478630066,,1.3087555170059204,,0.4567950963973999,,0.1033310517668724
,5428.0,13,8.430345042143017e-05,34699,,0.3652273118495941,,1.3442283868789673,,0.45694494247436523,,0.10333535075187683
,5512.0,13,8.427585999015719e-05,34749,,0.31102269887924194,,1.4204169511795044,,0.45708951354026794,,0.1033330038189888
,5504.0,13,8.424827683484182e-05,34799,,0.38606441020965576,,1.5910255908966064,,0.45725002884864807,,0.10334372520446777
,5388.0,13,8.422068640356883e-05,34849,,0.36957696080207825,,1.2294412851333618,,0.4573917090892792,,0.10334920138120651
,5412.0,13,8.419310324825346e-05,34899,,0.4725900888442993,,1.5364223718643188,,0.4575362801551819,,0.10336194187402725
,5444.0,13,8.41655200929381e-05,34949,,0.3916563391685486,,1.4863897562026978,,0.45766717195510864,,0.10335773974657059
,5416.0,13,8.413792966166511e-05,34999,,0.3996078073978424,,2.145693302154541,,0.45779910683631897,,0.10336719453334808
,5436.0,13,8.411034650634974e-05,35049,,0.3769204914569855,,1.6212990283966064,,0.4579446613788605,,0.10337270796298981
,5432.0,13,8.408275607507676e-05,35099,,0.3583374619483948,,2.209027051925659,,0.4580826759338379,,0.10338698327541351
5461.44189453125,,13,,35111,0.3431622385978699,,1.4814479351043701,,0.4543529450893402,,0.10316426306962967,
,5484.0,14,8.405517291976139e-05,35149,,0.4103863835334778,,1.583872675895691,,0.4582056999206543,,0.10339316725730896
,5460.0,14,8.402758976444602e-05,35199,,0.27871543169021606,,1.11378014087677,,0.4583691954612732,,0.10340318828821182
,5388.0,14,8.399999933317304e-05,35249,,0.3196338415145874,,1.475382924079895,,0.4585304856300354,,0.10342271625995636
,5448.0,14,8.397241617785767e-05,35299,,0.31591442227363586,,1.2770739793777466,,0.4586980640888214,,0.10344216227531433
,5496.0,14,8.394482574658468e-05,35349,,0.28582432866096497,,1.349380373954773,,0.45884808897972107,,0.10345084965229034
,5492.0,14,8.391724259126931e-05,35399,,0.3195953071117401,,1.3538745641708374,,0.4590041935443878,,0.10346176475286484
,5476.0,14,8.388965215999633e-05,35449,,0.30489596724510193,,1.6700537204742432,,0.4591650068759918,,0.10347919166088104
,5464.0,14,8.386206900468096e-05,35499,,0.3363293707370758,,1.6529887914657593,,0.4593118131160736,,0.10348048061132431
,5384.0,14,8.383448584936559e-05,35549,,0.4011596441268921,,1.5397896766662598,,0.4594748616218567,,0.10348466783761978
,5488.0,14,8.380689541809261e-05,35599,,0.32339975237846375,,1.2661712169647217,,0.4596310257911682,,0.10349017381668091
,5444.0,14,8.377931226277724e-05,35649,,0.3535885214805603,,1.0404062271118164,,0.4598029553890228,,0.10349470376968384
,5424.0,14,8.375172183150426e-05,35699,,0.23931102454662323,,0.7621471881866455,,0.45995548367500305,,0.10349392890930176
,5444.0,14,8.372413867618889e-05,35749,,0.27460169792175293,,1.4944862127304077,,0.4600973427295685,,0.10349740833044052
,5448.0,14,8.36965482449159e-05,35799,,0.31883445382118225,,1.8100460767745972,,0.4602472186088562,,0.10351183265447617
,5376.0,14,8.366896508960053e-05,35849,,0.38531556725502014,,1.178741216659546,,0.46040308475494385,,0.10352817177772522
,5456.0,14,8.364138193428516e-05,35899,,0.3613453209400177,,1.5418500900268555,,0.4605376124382019,,0.10354100167751312
,5384.0,14,8.361379150301218e-05,35949,,0.35452184081077576,,1.8067373037338257,,0.46067678928375244,,0.10355991870164871
,5548.0,14,8.358620834769681e-05,35999,,0.40179577469825745,,1.0263458490371704,,0.46082690358161926,,0.10357894003391266
,5428.0,14,8.355861791642383e-05,36049,,0.36918148398399353,,1.584862470626831,,0.46097904443740845,,0.10359262675046921
,5480.0,14,8.353103476110846e-05,36099,,0.45022544264793396,,1.5337073802947998,,0.4611225128173828,,0.10360726714134216
,5472.0,14,8.350345160579309e-05,36149,,0.4246353507041931,,1.296877145767212,,0.4612792730331421,,0.10362543165683746
,5384.0,14,8.34758611745201e-05,36199,,0.4220370054244995,,1.4449094533920288,,0.46144047379493713,,0.10363142192363739
,5452.0,14,8.344827801920474e-05,36249,,0.30226752161979675,,1.3223745822906494,,0.46157771348953247,,0.10364796966314316
,5504.0,14,8.342068758793175e-05,36299,,0.325009286403656,,1.3778479099273682,,0.4617224633693695,,0.10366150736808777
,5452.0,14,8.339310443261638e-05,36349,,0.31495386362075806,,1.236339807510376,,0.46186643838882446,,0.10366246104240417
,5404.0,14,8.33655140013434e-05,36399,,0.37449735403060913,,1.6224278211593628,,0.4620119035243988,,0.10367385298013687
,5512.0,14,8.333793084602803e-05,36449,,0.2951279580593109,,1.2091560363769531,,0.4621572494506836,,0.10368531942367554
,5492.0,14,8.331034769071266e-05,36499,,0.34922513365745544,,1.4322549104690552,,0.4623115062713623,,0.10369084030389786
,5444.0,14,8.328275725943968e-05,36549,,0.35956165194511414,,1.806134581565857,,0.4624578058719635,,0.10368717461824417
,5408.0,14,8.325517410412431e-05,36599,,0.4534737169742584,,1.581312894821167,,0.4625980854034424,,0.10368712246417999
,5484.0,14,8.322758367285132e-05,36649,,0.3789793848991394,,1.3488186597824097,,0.4627433717250824,,0.10369008034467697
,5552.0,14,8.320000051753595e-05,36699,,0.3009406328201294,,1.325578212738037,,0.46287769079208374,,0.10369090735912323
,5444.0,14,8.317241736222059e-05,36749,,0.36322757601737976,,1.220788598060608,,0.4630279541015625,,0.10369820147752762
,5408.0,14,8.31448269309476e-05,36799,,0.31655940413475037,,1.88871431350708,,0.46315696835517883,,0.1037055179476738
,5504.0,14,8.311724377563223e-05,36849,,0.373515248298645,,1.4159709215164185,,0.46329647302627563,,0.10372348874807358
,5468.0,14,8.308965334435925e-05,36899,,0.4365648627281189,,1.6786777973175049,,0.4634670913219452,,0.10374385863542557
,5512.0,14,8.306207018904388e-05,36949,,0.3971327245235443,,2.180791139602661,,0.46360379457473755,,0.10376352071762085
,5524.0,14,8.30344797577709e-05,36999,,0.35358789563179016,,1.4104316234588623,,0.4637463092803955,,0.10378348082304001
,5496.0,14,8.300689660245553e-05,37049,,0.40391698479652405,,1.4285972118377686,,0.46388930082321167,,0.1037944108247757
,5424.0,14,8.297931344714016e-05,37099,,0.3635386526584625,,1.2761694192886353,,0.46403470635414124,,0.10379806905984879
,5432.0,14,8.295172301586717e-05,37149,,0.435263454914093,,1.3042360544204712,,0.46418067812919617,,0.10380883514881134
,5476.0,14,8.29241398605518e-05,37199,,0.473757266998291,,1.6395645141601562,,0.4643208980560303,,0.10380831360816956
,5396.0,14,8.289654942927882e-05,37249,,0.4145340919494629,,1.6045159101486206,,0.4644663333892822,,0.10382650047540665
,5448.0,14,8.286896627396345e-05,37299,,0.43081554770469666,,1.2515331506729126,,0.46461784839630127,,0.10384752601385117
,5460.0,14,8.284137584269047e-05,37349,,0.3847290873527527,,1.6176574230194092,,0.4647650718688965,,0.1038714200258255
,5440.0,14,8.28137926873751e-05,37399,,0.3551850914955139,,1.3340717554092407,,0.4648889899253845,,0.10387585312128067
,5484.0,14,8.278620953205973e-05,37449,,0.3467366099357605,,1.5701851844787598,,0.4650244116783142,,0.10388598591089249
,5520.0,14,8.275861910078675e-05,37499,,0.3333587050437927,,1.6690136194229126,,0.4651583135128021,,0.1038970947265625
,5540.0,14,8.273103594547138e-05,37549,,0.3892631530761719,,1.8830506801605225,,0.4653080701828003,,0.10390443354845047
,5536.0,14,8.270344551419839e-05,37599,,0.3933502435684204,,1.3452463150024414,,0.46544450521469116,,0.10391511023044586
5460.48681640625,,14,,37619,0.36190733313560486,,1.4303127527236938,,0.4618925452232361,,0.10365314781665802,
,5436.0,15,8.267586235888302e-05,37649,,0.3185044229030609,,1.0943843126296997,,0.46558281779289246,,0.1039341539144516
,5452.0,15,8.264827920356765e-05,37699,,0.3955075442790985,,1.5988601446151733,,0.4657222330570221,,0.10394246876239777
,5424.0,15,8.262068877229467e-05,37749,,0.3459695875644684,,1.0393770933151245,,0.4658661484718323,,0.10395517945289612
,5444.0,15,8.25931056169793e-05,37799,,0.3097904324531555,,1.2229691743850708,,0.46601545810699463,,0.10396460443735123
,5476.0,15,8.256551518570632e-05,37849,,0.3577367067337036,,1.1403878927230835,,0.4661805033683777,,0.10398250818252563
,5476.0,15,8.253793203039095e-05,37899,,0.421530544757843,,1.5026600360870361,,0.4663360118865967,,0.10399676859378815
,5416.0,15,8.251034159911796e-05,37949,,0.36550238728523254,,0.9324895739555359,,0.4664739966392517,,0.10400915890932083
,5444.0,15,8.24827584438026e-05,37999,,0.31770044565200806,,1.13710355758667,,0.4666201174259186,,0.10402563959360123
,5476.0,15,8.245517528848723e-05,38049,,0.3123977780342102,,0.7154588103294373,,0.4667668640613556,,0.10403730720281601
,5456.0,15,8.242758485721424e-05,38099,,0.4250209331512451,,0.8899785876274109,,0.46691906452178955,,0.10404203832149506
,5472.0,15,8.240000170189887e-05,38149,,0.36999478936195374,,1.5385576486587524,,0.46706366539001465,,0.10404729843139648
,5464.0,15,8.237241127062589e-05,38199,,0.368804395198822,,1.0586557388305664,,0.4671972095966339,,0.10405176132917404
,5492.0,15,8.234482811531052e-05,38249,,0.29915350675582886,,1.7303868532180786,,0.4673570394515991,,0.10405923426151276
,5372.0,15,8.231724495999515e-05,38299,,0.3901230990886688,,1.6582326889038086,,0.46747633814811707,,0.10406254976987839
,5472.0,15,8.228965452872217e-05,38349,,0.3424522578716278,,1.4865517616271973,,0.4676092267036438,,0.10407469421625137
,5488.0,15,8.22620713734068e-05,38399,,0.3666633367538452,,1.6294000148773193,,0.4677562713623047,,0.10409305989742279
,5464.0,15,8.223448094213381e-05,38449,,0.5647730231285095,,1.6820768117904663,,0.4678995609283447,,0.10411004722118378
,5512.0,15,8.220689778681844e-05,38499,,0.35931000113487244,,1.1764544248580933,,0.4680485427379608,,0.10413837432861328
,5352.0,15,8.217930735554546e-05,38549,,0.32855698466300964,,1.0159261226654053,,0.46818459033966064,,0.10415171086788177
,5452.0,15,8.215172420023009e-05,38599,,0.41356706619262695,,1.2274497747421265,,0.46832892298698425,,0.1041610985994339
,5472.0,15,8.212414104491472e-05,38649,,0.34629398584365845,,1.5129879713058472,,0.4684520959854126,,0.10418035089969635
,5448.0,15,8.209655061364174e-05,38699,,0.37764614820480347,,1.2279877662658691,,0.4685939848423004,,0.10418707877397537
,5452.0,15,8.206896745832637e-05,38749,,0.38805750012397766,,1.2635838985443115,,0.46872806549072266,,0.10419243574142456
,5472.0,15,8.204137702705339e-05,38799,,0.36765003204345703,,1.407645583152771,,0.46887096762657166,,0.10419940948486328
,5372.0,15,8.201379387173802e-05,38849,,0.39634397625923157,,1.4821622371673584,,0.4690096378326416,,0.10420513153076172
,5408.0,15,8.198620344046503e-05,38899,,0.4877544641494751,,1.0908913612365723,,0.46914637088775635,,0.10421480983495712
,5468.0,15,8.195862028514966e-05,38949,,0.3346835672855377,,1.1729086637496948,,0.4692803919315338,,0.10422651469707489
,5476.0,15,8.19310371298343e-05,38999,,0.35884058475494385,,1.3278701305389404,,0.4694337248802185,,0.10424379259347916
,5504.0,15,8.190344669856131e-05,39049,,0.3886953890323639,,1.4237786531448364,,0.46957629919052124,,0.1042468324303627
,5428.0,15,8.187586354324594e-05,39099,,0.41083648800849915,,1.4921735525131226,,0.4697096347808838,,0.10425404459238052
,5484.0,15,8.184827311197296e-05,39149,,0.37733539938926697,,1.5391521453857422,,0.4698323607444763,,0.10426649451255798
,5460.0,15,8.182068995665759e-05,39199,,0.373788446187973,,1.2505186796188354,,0.4699503779411316,,0.10427544265985489
,5472.0,15,8.179310680134222e-05,39249,,0.29070597887039185,,1.4074397087097168,,0.47008082270622253,,0.10428233444690704
,5484.0,15,8.176551637006924e-05,39299,,0.3839663863182068,,1.278967261314392,,0.4702170491218567,,0.1043037623167038
,5456.0,15,8.173793321475387e-05,39349,,0.3872367739677429,,1.5900728702545166,,0.4703410267829895,,0.10431134700775146
,5412.0,15,8.171034278348088e-05,39399,,0.3235851228237152,,1.1157934665679932,,0.4704815149307251,,0.10432767868041992
,5432.0,15,8.168275962816551e-05,39449,,0.3260835111141205,,1.250616192817688,,0.47060638666152954,,0.10433734953403473
,5492.0,15,8.165516919689253e-05,39499,,0.3047436475753784,,0.9856053590774536,,0.47074252367019653,,0.10434536635875702
,5404.0,15,8.162758604157716e-05,39549,,0.3482959270477295,,1.2776124477386475,,0.4708750545978546,,0.10435061901807785
,5500.0,15,8.160000288626179e-05,39599,,0.3348320722579956,,1.1600890159606934,,0.4710058867931366,,0.1043584793806076
,5476.0,15,8.157241245498881e-05,39649,,0.37692514061927795,,1.4323631525039673,,0.47114115953445435,,0.10436557978391647
,5500.0,15,8.154482929967344e-05,39699,,0.4152528941631317,,1.8269983530044556,,0.47126835584640503,,0.104372039437294
,5500.0,15,8.151723886840045e-05,39749,,0.32052889466285706,,1.5328294038772583,,0.47139501571655273,,0.10438456386327744
,5464.0,15,8.148965571308509e-05,39799,,0.39317721128463745,,1.459791660308838,,0.47152310609817505,,0.10439994931221008
,5500.0,15,8.146207255776972e-05,39849,,0.30488452315330505,,1.3372904062271118,,0.47166013717651367,,0.10440731048583984
,5480.0,15,8.143448212649673e-05,39899,,0.42305123805999756,,1.5709885358810425,,0.4717993140220642,,0.10441827028989792
,5524.0,15,8.140689897118136e-05,39949,,0.5066318511962891,,1.5941215753555298,,0.47192907333374023,,0.10441742837429047
,5404.0,15,8.137930853990838e-05,39999,,0.44789645075798035,,1.2844294309616089,,0.4720644950866699,,0.10442523658275604
,5488.0,15,8.135172538459301e-05,40049,,0.3881852328777313,,1.6131908893585205,,0.4721994698047638,,0.10444321483373642
,5460.0,15,8.132413495332003e-05,40099,,0.42847517132759094,,0.9468223452568054,,0.47233906388282776,,0.1044667586684227
5462.67919921875,,15,,40127,0.38413840532302856,,1.4085180759429932,,0.4690435826778412,,0.10420729219913483,
,5484.0,16,8.129655179800466e-05,40149,,0.49678903818130493,,1.0442392826080322,,0.4724663496017456,,0.10448450595140457
,5544.0,16,8.126896864268929e-05,40199,,0.43765193223953247,,1.7262810468673706,,0.47258836030960083,,0.10450107604265213
,5436.0,16,8.12413782114163e-05,40249,,0.3526514172554016,,1.795118808746338,,0.4727182984352112,,0.10451162606477737
,5512.0,16,8.121379505610093e-05,40299,,0.31646832823753357,,1.3297746181488037,,0.47285139560699463,,0.1045236587524414
,5416.0,16,8.118620462482795e-05,40349,,0.3575502336025238,,1.5877461433410645,,0.47299474477767944,,0.10453589260578156
,5460.0,16,8.115862146951258e-05,40399,,0.259761780500412,,1.1631228923797607,,0.4731195867061615,,0.10454979538917542
,5524.0,16,8.11310310382396e-05,40449,,0.36034831404685974,,1.284432053565979,,0.47324228286743164,,0.10456384718418121
,5520.0,16,8.110344788292423e-05,40499,,0.39054441452026367,,1.4540950059890747,,0.47337985038757324,,0.10457366704940796
,5552.0,16,8.107586472760886e-05,40549,,0.3337187170982361,,1.478609561920166,,0.47352248430252075,,0.10458701848983765
,5452.0,16,8.104827429633588e-05,40599,,0.37789657711982727,,1.3964509963989258,,0.47367265820503235,,0.10460754483938217
,5408.0,16,8.10206911410205e-05,40649,,0.3766166567802429,,1.3390734195709229,,0.4738079011440277,,0.10462944209575653
,5468.0,16,8.099310070974752e-05,40699,,0.37168097496032715,,1.4086862802505493,,0.4739375412464142,,0.10465233772993088
,5380.0,16,8.096551755443215e-05,40749,,0.2598819434642792,,0.8689929842948914,,0.47407522797584534,,0.10466387122869492
,5384.0,16,8.093793439911678e-05,40799,,0.42323818802833557,,1.3595530986785889,,0.47421392798423767,,0.1046740710735321
,5468.0,16,8.09103439678438e-05,40849,,0.4253579378128052,,1.5211282968521118,,0.47435516119003296,,0.10469168424606323
,5508.0,16,8.088276081252843e-05,40899,,0.41212227940559387,,1.6766067743301392,,0.4744929373264313,,0.10471118986606598
,5392.0,16,8.085517038125545e-05,40949,,0.4946180582046509,,1.9969747066497803,,0.4746268093585968,,0.10472372174263
,5420.0,16,8.082758722594008e-05,40999,,0.45980870723724365,,1.7405991554260254,,0.47475650906562805,,0.10473593324422836
,5480.0,16,8.07999967946671e-05,41049,,0.35836777091026306,,1.2535737752914429,,0.4748802185058594,,0.1047491729259491
,5372.0,16,8.077241363935173e-05,41099,,0.4165136516094208,,1.3204679489135742,,0.4750020503997803,,0.1047666072845459
,5484.0,16,8.074483048403636e-05,41149,,0.2856703996658325,,1.3747963905334473,,0.4751279354095459,,0.10477767884731293
,5408.0,16,8.071724005276337e-05,41199,,0.4094184935092926,,1.5851749181747437,,0.47526711225509644,,0.10479007661342621
,5452.0,16,8.0689656897448e-05,41249,,0.3905891180038452,,1.6728371381759644,,0.4754040241241455,,0.10480661690235138
,5416.0,16,8.066206646617502e-05,41299,,0.37555739283561707,,1.3539553880691528,,0.47554174065589905,,0.10482136905193329
,5512.0,16,8.063448331085965e-05,41349,,0.36651092767715454,,0.9721817970275879,,0.47566187381744385,,0.10483368486166
,5428.0,16,8.060690015554428e-05,41399,,0.3797268271446228,,1.801362156867981,,0.47579139471054077,,0.1048416942358017
,5468.0,16,8.05793097242713e-05,41449,,0.363477498292923,,1.333865761756897,,0.47591742873191833,,0.10485418885946274
,5436.0,16,8.055172656895593e-05,41499,,0.3274249732494354,,1.3541460037231445,,0.47605106234550476,,0.10487024486064911
,5416.0,16,8.052413613768294e-05,41549,,0.4132740795612335,,1.4096412658691406,,0.47617775201797485,,0.10488641262054443
,5488.0,16,8.049655298236758e-05,41599,,0.37355709075927734,,1.1401790380477905,,0.4763081669807434,,0.10489797592163086
,5392.0,16,8.046896255109459e-05,41649,,0.4630952775478363,,1.5497334003448486,,0.4764350354671478,,0.1049080565571785
,5508.0,16,8.044137939577922e-05,41699,,0.3694629669189453,,1.1650044918060303,,0.4765561521053314,,0.10491696000099182
,5464.0,16,8.041379624046385e-05,41749,,0.432355672121048,,1.573378086090088,,0.47667351365089417,,0.10492457449436188
,5392.0,16,8.038620580919087e-05,41799,,0.5419357419013977,,1.1788084506988525,,0.47679466009140015,,0.10493941605091095
,5532.0,16,8.03586226538755e-05,41849,,0.4244910776615143,,1.3807448148727417,,0.4769282042980194,,0.10495904088020325
,5432.0,16,8.033103222260252e-05,41899,,0.3838565945625305,,1.5625474452972412,,0.47704625129699707,,0.1049741581082344
,5496.0,16,8.030344906728715e-05,41949,,0.3523211181163788,,1.182802438735962,,0.47717005014419556,,0.10497930645942688
,5512.0,16,8.027585863601416e-05,41999,,0.4552212059497833,,1.4369175434112549,,0.4772888123989105,,0.1049996018409729
,5496.0,16,8.02482754806988e-05,42049,,0.45635631680488586,,1.2301640510559082,,0.47742557525634766,,0.10500989854335785
,5468.0,16,8.022069232538342e-05,42099,,0.35919520258903503,,0.9529155492782593,,0.4775536358356476,,0.1050257533788681
,5436.0,16,8.019310189411044e-05,42149,,0.4135911464691162,,1.2700356245040894,,0.4776914715766907,,0.10503295063972473
,5420.0,16,8.016551873879507e-05,42199,,0.4363315999507904,,1.4155855178833008,,0.4778200089931488,,0.10504714399576187
,5492.0,16,8.013792830752209e-05,42249,,0.45394742488861084,,1.3408911228179932,,0.47794273495674133,,0.10505947470664978
,5452.0,16,8.011034515220672e-05,42299,,0.4252389669418335,,1.6054368019104004,,0.4780746400356293,,0.10507483780384064
,5408.0,16,8.008276199689135e-05,42349,,0.47503361105918884,,1.2320377826690674,,0.47820720076560974,,0.10508885234594345
,5424.0,16,8.005517156561837e-05,42399,,0.3771311044692993,,1.5122029781341553,,0.4783264398574829,,0.10510154068470001
,5452.0,16,8.0027588410303e-05,42449,,0.363584965467453,,1.2961628437042236,,0.47844529151916504,,0.10511623322963715
,5448.0,16,7.999999797903001e-05,42499,,0.45214787125587463,,1.5950723886489868,,0.4785657227039337,,0.10512751340866089
,5492.0,16,7.997241482371464e-05,42549,,0.4340095520019531,,1.4530006647109985,,0.4786972105503082,,0.10514630377292633
,5444.0,16,7.994482439244166e-05,42599,,0.45971471071243286,,1.5872997045516968,,0.4788217544555664,,0.1051577627658844
5461.822265625,,16,,42635,0.39952385425567627,,1.378484845161438,,0.475720077753067,,0.10483299940824509,
,5496.0,17,7.991724123712629e-05,42649,,0.4204939603805542,,0.9217623472213745,,0.47894757986068726,,0.1051643043756485
,5536.0,17,7.988965808181092e-05,42699,,0.36674052476882935,,1.2429829835891724,,0.4790797829627991,,0.10517371445894241
,5472.0,17,7.986206765053794e-05,42749,,0.4216131865978241,,1.4791077375411987,,0.4792056381702423,,0.10517872124910355
,5504.0,17,7.983448449522257e-05,42799,,0.5218294858932495,,1.6433814764022827,,0.47933924198150635,,0.1051846444606781
,5436.0,17,7.980689406394958e-05,42849,,0.362930566072464,,1.6050310134887695,,0.4794621169567108,,0.10519112646579742
,5452.0,17,7.977931090863422e-05,42899,,0.4020977020263672,,1.3273887634277344,,0.47959133982658386,,0.10520174354314804
,5504.0,17,7.975172775331885e-05,42949,,0.35531002283096313,,1.2950313091278076,,0.47972363233566284,,0.10520857572555542
,5412.0,17,7.972413732204586e-05,42999,,0.3537881076335907,,1.1722705364227295,,0.47983869910240173,,0.1052214652299881
,5444.0,17,7.96965541667305e-05,43049,,0.4100465774536133,,1.1328877210617065,,0.47996270656585693,,0.1052316352725029
,5400.0,17,7.966896373545751e-05,43099,,0.40329813957214355,,1.2219884395599365,,0.4800836741924286,,0.10524371266365051
,5548.0,17,7.964138058014214e-05,43149,,0.4200552999973297,,1.7276819944381714,,0.48021790385246277,,0.10525523871183395
,5448.0,17,7.961379014886916e-05,43199,,0.3927498459815979,,1.4974757432937622,,0.480351984500885,,0.10526810586452484
,5400.0,17,7.958620699355379e-05,43249,,0.3947170376777649,,1.4115469455718994,,0.4804855287075043,,0.10527944564819336
,5500.0,17,7.955862383823842e-05,43299,,0.3955960273742676,,1.40538489818573,,0.48060905933380127,,0.10529905557632446
,5372.0,17,7.953103340696543e-05,43349,,0.485912024974823,,1.1534538269042969,,0.4807400703430176,,0.10531018674373627
,5468.0,17,7.950345025165007e-05,43399,,0.49175480008125305,,1.3211309909820557,,0.48086583614349365,,0.10531662404537201
,5440.0,17,7.947585982037708e-05,43449,,0.2075306475162506,,0.7307060360908508,,0.4809739291667938,,0.105324387550354
,5496.0,17,7.944827666506171e-05,43499,,0.4299096167087555,,1.1963222026824951,,0.48109859228134155,,0.10533292591571808
,5424.0,17,7.942068623378873e-05,43549,,0.38109496235847473,,1.4066678285598755,,0.48121607303619385,,0.10533984005451202
,5448.0,17,7.939310307847336e-05,43599,,0.38513731956481934,,1.7835990190505981,,0.4813425540924072,,0.1053469181060791
,5388.0,17,7.936551992315799e-05,43649,,0.41217780113220215,,1.389155626296997,,0.4814782440662384,,0.10535652935504913
,5476.0,17,7.9337929491885e-05,43699,,0.3794102966785431,,1.5320379734039307,,0.48160964250564575,,0.10536342859268188
,5488.0,17,7.931034633656964e-05,43749,,0.3954162299633026,,1.0663481950759888,,0.4817394018173218,,0.10537585616111755
,5492.0,17,7.928275590529665e-05,43799,,0.488416850566864,,1.4752402305603027,,0.4818538427352905,,0.1053822711110115
,5532.0,17,7.925517274998128e-05,43849,,0.4777996242046356,,1.2858282327651978,,0.4819583296775818,,0.10538864135742188
,5420.0,17,7.922758959466591e-05,43899,,0.38832423090934753,,1.5729643106460571,,0.4820769131183624,,0.10539782792329788
,5432.0,17,7.919999916339293e-05,43949,,0.5442960262298584,,1.4767117500305176,,0.48220300674438477,,0.10540705919265747
,5452.0,17,7.917241600807756e-05,43999,,0.41533607244491577,,1.2041062116622925,,0.48232245445251465,,0.10541670024394989
,5424.0,17,7.914482557680458e-05,44049,,0.44337227940559387,,1.2149139642715454,,0.48244595527648926,,0.10543316602706909
,5404.0,17,7.911724242148921e-05,44099,,0.30199384689331055,,1.1406463384628296,,0.4825746715068817,,0.10545170307159424
,5372.0,17,7.908965199021623e-05,44149,,0.39017269015312195,,1.456148624420166,,0.4826991558074951,,0.10546518862247467
,5380.0,17,7.906206883490086e-05,44199,,0.3674595355987549,,1.4005533456802368,,0.4828220307826996,,0.105476513504982
,5456.0,17,7.903448567958549e-05,44249,,0.4478992819786072,,1.3934723138809204,,0.48294147849082947,,0.10548507422208786
,5404.0,17,7.90068952483125e-05,44299,,0.436517596244812,,1.1474288702011108,,0.4830509424209595,,0.10549094527959824
,5480.0,17,7.897931209299713e-05,44349,,0.4576318860054016,,1.410658359527588,,0.48316460847854614,,0.10550427436828613
,5484.0,17,7.895172166172415e-05,44399,,0.4197536110877991,,1.634390115737915,,0.4832756519317627,,0.10551687330007553
,5524.0,17,7.892413850640878e-05,44449,,0.3941710889339447,,1.4732011556625366,,0.48340219259262085,,0.10552828013896942
,5388.0,17,7.889655535109341e-05,44499,,0.5099670886993408,,0.6857672929763794,,0.4835292100906372,,0.10554332286119461
,5456.0,17,7.886896491982043e-05,44549,,0.4712056815624237,,1.3320039510726929,,0.48365309834480286,,0.10555476695299149
,5456.0,17,7.884138176450506e-05,44599,,0.4952477216720581,,1.6836456060409546,,0.48377686738967896,,0.10556580871343613
,5440.0,17,7.881379133323207e-05,44649,,0.4661549925804138,,1.5436593294143677,,0.4838920831680298,,0.1055816262960434
,5392.0,17,7.87862081779167e-05,44699,,0.3549535870552063,,1.411037802696228,,0.4840049743652344,,0.10559602826833725
,5456.0,17,7.875861774664372e-05,44749,,0.397506445646286,,1.3678215742111206,,0.484123170375824,,0.10560423880815506
,5492.0,17,7.873103459132835e-05,44799,,0.43104875087738037,,1.4130860567092896,,0.4842289984226227,,0.10561041533946991
,5500.0,17,7.870345143601298e-05,44849,,0.4614620804786682,,1.4832556247711182,,0.48433834314346313,,0.1056213527917862
,5512.0,17,7.867586100474e-05,44899,,0.45350220799446106,,1.418034553527832,,0.4844534695148468,,0.10563879460096359
,5484.0,17,7.864827784942463e-05,44949,,0.4459974467754364,,1.433106541633606,,0.484578013420105,,0.1056540310382843
,5412.0,17,7.862068741815165e-05,44999,,0.43256181478500366,,1.4651463031768799,,0.48469626903533936,,0.10567249357700348
,5472.0,17,7.859310426283628e-05,45049,,0.441211462020874,,0.7110148668289185,,0.4848158359527588,,0.10568711906671524
,5492.0,17,7.85655138315633e-05,45099,,0.4864169657230377,,1.4961657524108887,,0.4849225878715515,,0.1057005226612091
5461.208984375,,17,,45143,0.42619597911834717,,1.3513102531433105,,0.48204511404037476,,0.1054171770811081,
,5516.0,18,7.853793067624792e-05,45149,,0.4700815677642822,,1.4093576669692993,,0.4850415885448456,,0.10570725798606873
,5548.0,18,7.851034752093256e-05,45199,,0.5023048520088196,,1.3022164106369019,,0.48516595363616943,,0.10572183132171631
,5484.0,18,7.848275708965957e-05,45249,,0.46512308716773987,,1.2667887210845947,,0.48528340458869934,,0.10573367774486542
,5456.0,18,7.84551739343442e-05,45299,,0.4849982261657715,,1.146248459815979,,0.4853968024253845,,0.1057526022195816
,5488.0,18,7.842758350307122e-05,45349,,0.4929887652397156,,1.3617697954177856,,0.48551425337791443,,0.10576629638671875
,5492.0,18,7.840000034775585e-05,45399,,0.5178501009941101,,1.214847445487976,,0.4856310486793518,,0.10576868057250977
,5432.0,18,7.837241719244048e-05,45449,,0.43286004662513733,,1.045457124710083,,0.485755980014801,,0.10577423870563507
,5464.0,18,7.83448267611675e-05,45499,,0.45686036348342896,,1.7033705711364746,,0.4858771562576294,,0.10578277707099915
,5480.0,18,7.831724360585213e-05,45549,,0.5213959217071533,,1.5488080978393555,,0.48599773645401,,0.10579332709312439
,5432.0,18,7.828965317457914e-05,45599,,0.5182633996009827,,1.2046761512756348,,0.48611754179000854,,0.10581003129482269
,5432.0,18,7.826207001926377e-05,45649,,0.45421555638313293,,1.1737221479415894,,0.48623812198638916,,0.10582327842712402
,5464.0,18,7.823447958799079e-05,45699,,0.38610824942588806,,1.2456154823303223,,0.4863632321357727,,0.10583794116973877
,5552.0,18,7.820689643267542e-05,45749,,0.48699522018432617,,1.2970170974731445,,0.48648500442504883,,0.10584977269172668
,5456.0,18,7.817931327736005e-05,45799,,0.40899375081062317,,1.2181525230407715,,0.48660415410995483,,0.10586035996675491
,5512.0,18,7.815172284608707e-05,45849,,0.49213048815727234,,1.3296735286712646,,0.4867018461227417,,0.10587508976459503
,5392.0,18,7.81241396907717e-05,45899,,0.5898056030273438,,1.4319846630096436,,0.4868079423904419,,0.10588932782411575
,5384.0,18,7.809654925949872e-05,45949,,0.33634495735168457,,1.1461760997772217,,0.4869215488433838,,0.10590455681085587
,5484.0,18,7.806896610418335e-05,45999,,0.3913240432739258,,1.5122891664505005,,0.4870385527610779,,0.10591662675142288
,5552.0,18,7.804137567291036e-05,46049,,0.470092236995697,,1.3572593927383423,,0.4871620237827301,,0.10593400150537491
,5452.0,18,7.801379251759499e-05,46099,,0.3279403746128082,,1.1091219186782837,,0.48727965354919434,,0.10594214498996735
,5424.0,18,7.798620936227962e-05,46149,,0.4487855136394501,,1.4379525184631348,,0.4873996078968048,,0.1059538796544075
,5516.0,18,7.795861893100664e-05,46199,,0.48963531851768494,,1.7366234064102173,,0.4875109791755676,,0.10596653819084167
,5512.0,18,7.793103577569127e-05,46249,,0.5687594413757324,,1.4370982646942139,,0.4876306653022766,,0.1059739887714386
,5472.0,18,7.790344534441829e-05,46299,,0.463474303483963,,1.6564793586730957,,0.48774391412734985,,0.10598157346248627
,5396.0,18,7.787586218910292e-05,46349,,0.371990829706192,,0.9275660514831543,,0.48786503076553345,,0.10599997639656067
,5420.0,18,7.784827903378755e-05,46399,,0.42365944385528564,,1.4875699281692505,,0.4879817068576813,,0.10601626336574554
,5476.0,18,7.782068860251456e-05,46449,,0.45233672857284546,,1.5456373691558838,,0.4880928695201874,,0.10602998733520508
,5404.0,18,7.77931054471992e-05,46499,,0.4807465970516205,,1.2253094911575317,,0.488214373588562,,0.10604478418827057
,5432.0,18,7.776551501592621e-05,46549,,0.40531179308891296,,1.3032004833221436,,0.4883233308792114,,0.10605069249868393
,5460.0,18,7.773793186061084e-05,46599,,0.5729798078536987,,1.5629490613937378,,0.48843497037887573,,0.10605549812316895
,5464.0,18,7.771034142933786e-05,46649,,0.4756927192211151,,1.6256436109542847,,0.4885560870170593,,0.10606415569782257
,5500.0,18,7.768275827402249e-05,46699,,0.4040336012840271,,1.0396546125411987,,0.488681823015213,,0.106074258685112
,5476.0,18,7.765517511870712e-05,46749,,0.49753108620643616,,1.4790617227554321,,0.4887903928756714,,0.10608160495758057
,5492.0,18,7.762758468743414e-05,46799,,0.46223729848861694,,1.6292262077331543,,0.48890072107315063,,0.10609139502048492
,5504.0,18,7.760000153211877e-05,46849,,0.4329516887664795,,1.3482518196105957,,0.48901546001434326,,0.10609979182481766
,5432.0,18,7.757241110084578e-05,46899,,0.5006282925605774,,1.58572518825531,,0.4891338646411896,,0.10610727965831757
,5512.0,18,7.754482794553041e-05,46949,,0.4171193540096283,,1.1408027410507202,,0.48924052715301514,,0.10611260682344437
,5428.0,18,7.751724479021505e-05,46999,,0.4687989354133606,,1.294411063194275,,0.48935478925704956,,0.10612636804580688
,5520.0,18,7.748965435894206e-05,47049,,0.48696523904800415,,1.5263690948486328,,0.48945266008377075,,0.1061396673321724
,5492.0,18,7.746207120362669e-05,47099,,0.5183876156806946,,1.1484063863754272,,0.4895644187927246,,0.10615672171115875
,5412.0,18,7.743448077235371e-05,47149,,0.48837295174598694,,1.6507320404052734,,0.4896734356880188,,0.1061699241399765
,5424.0,18,7.740689761703834e-05,47199,,0.32543715834617615,,1.2755146026611328,,0.4897875189781189,,0.1061815395951271
,5372.0,18,7.737930718576536e-05,47249,,0.5150386691093445,,1.5283998250961304,,0.48990094661712646,,0.1061960831284523
,5432.0,18,7.735172403044999e-05,47299,,0.47957944869995117,,1.317223310470581,,0.49001261591911316,,0.10620447248220444
,5548.0,18,7.732414087513462e-05,47349,,0.5026945471763611,,1.1799705028533936,,0.4901218116283417,,0.10621880739927292
,5376.0,18,7.729655044386163e-05,47399,,0.5739429593086243,,1.4679287672042847,,0.4902385473251343,,0.10623012483119965
,5412.0,18,7.726896728854626e-05,47449,,0.47262242436408997,,1.4598332643508911,,0.49034497141838074,,0.10624107718467712
,5500.0,18,7.724137685727328e-05,47499,,0.5604450106620789,,1.7583669424057007,,0.4904540777206421,,0.10626135021448135
,5508.0,18,7.721379370195791e-05,47549,,0.420915424823761,,1.0635749101638794,,0.4905621111392975,,0.10627621412277222
,5424.0,18,7.718620327068493e-05,47599,,0.4652096927165985,,0.9995906352996826,,0.490671843290329,,0.1062910258769989
,5416.0,18,7.715862011536956e-05,47649,,0.42261314392089844,,1.297659993171692,,0.4907871186733246,,0.1063058152794838
5461.7607421875,,18,,47651,0.4591881334781647,,1.3338325023651123,,0.48796650767326355,,0.10600495338439941,
,5492.0,19,7.713103696005419e-05,47699,,0.4553602337837219,,1.5043102502822876,,0.49090316891670227,,0.1063254326581955
,5468.0,19,7.71034465287812e-05,47749,,0.4234200716018677,,1.8318750858306885,,0.49102142453193665,,0.10633836686611176
,5516.0,19,7.707586337346584e-05,47799,,0.4607991576194763,,1.4361815452575684,,0.491140216588974,,0.1063539907336235
,5452.0,19,7.704827294219285e-05,47849,,0.4834263324737549,,1.2401669025421143,,0.49126124382019043,,0.10637282580137253
,5504.0,19,7.702068978687748e-05,47899,,0.5160015821456909,,1.3440767526626587,,0.4913768470287323,,0.1063891276717186
,5472.0,19,7.699310663156211e-05,47949,,0.5101421475410461,,1.46017587184906,,0.4914884865283966,,0.1064022034406662
,5524.0,19,7.696551620028913e-05,47999,,0.44546639919281006,,1.564648985862732,,0.49159765243530273,,0.10641798377037048
,5436.0,19,7.693793304497376e-05,48049,,0.5505947470664978,,1.1683961153030396,,0.491718590259552,,0.10643067955970764
,5456.0,19,7.691034261370078e-05,48099,,0.5112051963806152,,1.2156260013580322,,0.4918368458747864,,0.10644828528165817
,5456.0,19,7.688275945838541e-05,48149,,0.5036643743515015,,1.1327779293060303,,0.49194610118865967,,0.10647033900022507
,5484.0,19,7.685516902711242e-05,48199,,0.45091143250465393,,1.2213152647018433,,0.49205482006073,,0.10648371279239655
,5536.0,19,7.682758587179706e-05,48249,,0.4462158679962158,,1.5711190700531006,,0.4921655058860779,,0.10649333894252777
,5484.0,19,7.680000271648169e-05,48299,,0.4218883216381073,,0.9720337390899658,,0.49227526783943176,,0.10650678724050522
,5488.0,19,7.67724122852087e-05,48349,,0.5284591913223267,,1.3314485549926758,,0.492387056350708,,0.10651767998933792
,5468.0,19,7.674482912989333e-05,48399,,0.41784894466400146,,1.3241890668869019,,0.49250084161758423,,0.10652780532836914
,5556.0,19,7.671723869862035e-05,48449,,0.47003790736198425,,1.4419658184051514,,0.4926110804080963,,0.10654217004776001
,5448.0,19,7.668965554330498e-05,48499,,0.3723950982093811,,1.2917242050170898,,0.49271637201309204,,0.10655934363603592
,5376.0,19,7.666207238798961e-05,48549,,0.39579927921295166,,1.3404937982559204,,0.4928221106529236,,0.10657257586717606
,5524.0,19,7.663448195671663e-05,48599,,0.504549503326416,,1.4704524278640747,,0.4929322600364685,,0.10658443719148636
,5480.0,19,7.660689880140126e-05,48649,,0.5053600668907166,,1.7953461408615112,,0.49303215742111206,,0.10660410672426224
,5480.0,19,7.657930837012827e-05,48699,,0.38200613856315613,,1.228688359260559,,0.49313411116600037,,0.10661910474300385
,5456.0,19,7.65517252148129e-05,48749,,0.53087317943573,,1.5931891202926636,,0.49323999881744385,,0.10663751512765884
,5444.0,19,7.652413478353992e-05,48799,,0.42634427547454834,,0.96821528673172,,0.4933597445487976,,0.10665173828601837
,5380.0,19,7.649655162822455e-05,48849,,0.44910797476768494,,1.3606840372085571,,0.4934796690940857,,0.10666907578706741
,5492.0,19,7.646896847290918e-05,48899,,0.5247057676315308,,1.481075406074524,,0.49358099699020386,,0.1066819280385971
,5540.0,19,7.64413780416362e-05,48949,,0.5601711273193359,,1.1532819271087646,,0.49368757009506226,,0.10670147836208344
,5452.0,19,7.641379488632083e-05,48999,,0.4970201849937439,,1.3762503862380981,,0.49379298090934753,,0.10671920329332352
,5560.0,19,7.638620445504785e-05,49049,,0.4545978605747223,,2.0507307052612305,,0.4939045310020447,,0.10673193633556366
,5440.0,19,7.635862129973248e-05,49099,,0.5087171196937561,,1.5689783096313477,,0.49401646852493286,,0.10674721002578735
,5504.0,19,7.633103086845949e-05,49149,,0.5094848275184631,,1.5229740142822266,,0.4941217005252838,,0.10676570236682892
,5504.0,19,7.630344771314412e-05,49199,,0.45715630054473877,,1.2373771667480469,,0.49422600865364075,,0.10678935050964355
,5412.0,19,7.627586455782875e-05,49249,,0.5237516164779663,,1.6970754861831665,,0.4943324327468872,,0.10681558400392532
,5484.0,19,7.624827412655577e-05,49299,,0.5682053565979004,,1.4988480806350708,,0.49443185329437256,,0.10682859271764755
,5552.0,19,7.62206909712404e-05,49349,,0.5857287645339966,,1.1913013458251953,,0.49453842639923096,,0.106839619576931
,5508.0,19,7.619310053996742e-05,49399,,0.48796340823173523,,2.021080493927002,,0.49463528394699097,,0.10684917122125626
,5480.0,19,7.616551738465205e-05,49449,,0.44156351685523987,,1.1048369407653809,,0.49473410844802856,,0.10685623437166214
,5360.0,19,7.613793422933668e-05,49499,,0.5869059562683105,,1.4154902696609497,,0.4948311448097229,,0.10686702281236649
,5384.0,19,7.61103437980637e-05,49549,,0.46759453415870667,,1.4445619583129883,,0.49493348598480225,,0.10687433183193207
,5504.0,19,7.608276064274833e-05,49599,,0.5698844790458679,,1.3241550922393799,,0.49503836035728455,,0.1068868488073349
,5500.0,19,7.605517021147534e-05,49649,,0.4999667704105377,,1.5306912660598755,,0.4951488673686981,,0.10690014064311981
,5472.0,19,7.602758705615997e-05,49699,,0.447659432888031,,1.461739420890808,,0.49525153636932373,,0.1069096103310585
,5452.0,19,7.599999662488699e-05,49749,,0.44356077909469604,,1.3196359872817993,,0.49536600708961487,,0.10692126303911209
,5464.0,19,7.597241346957162e-05,49799,,0.5052562952041626,,1.2198597192764282,,0.4954708516597748,,0.10693297535181046
,5448.0,19,7.594483031425625e-05,49849,,0.44591155648231506,,1.559116244316101,,0.4955732524394989,,0.10694296658039093
,5480.0,19,7.591723988298327e-05,49899,,0.43299517035484314,,1.5671969652175903,,0.4956849217414856,,0.10695739090442657
,5384.0,19,7.58896567276679e-05,49949,,0.4377944767475128,,1.1380658149719238,,0.4957902431488037,,0.10697092115879059
,5508.0,19,7.586206629639491e-05,49999,,0.4862835109233856,,1.8430194854736328,,0.49588853120803833,,0.10698430240154266
,5416.0,19,7.583448314107955e-05,50049,,0.5200060606002808,,1.3457920551300049,,0.49599510431289673,,0.10699529200792313
,5508.0,19,7.580689998576418e-05,50099,,0.4571181833744049,,1.2667046785354614,,0.4961051344871521,,0.10700739920139313
,5452.0,19,7.577930955449119e-05,50149,,0.4843931496143341,,1.272286057472229,,0.49620920419692993,,0.10702210664749146
5463.19091796875,,19,,50159,0.49018558859825134,,1.307019591331482,,0.4935778081417084,,0.10668587684631348,
,5424.0,20,7.575172639917582e-05,50199,,0.45652562379837036,,1.39305579662323,,0.49631768465042114,,0.10703849792480469
,5472.0,20,7.572413596790284e-05,50249,,0.4571020007133484,,0.9706934094429016,,0.49642735719680786,,0.10705821961164474
,5384.0,20,7.569655281258747e-05,50299,,0.4365624487400055,,1.3166074752807617,,0.4965367913246155,,0.1070748120546341
,5484.0,20,7.566896238131449e-05,50349,,0.49954134225845337,,1.1910797357559204,,0.49664217233657837,,0.10709237307310104
,5432.0,20,7.564137922599912e-05,50399,,0.5493772029876709,,1.5721160173416138,,0.49674519896507263,,0.10710456967353821
,5436.0,20,7.561379607068375e-05,50449,,0.5252626538276672,,1.2241806983947754,,0.49685943126678467,,0.10711780190467834
,5436.0,20,7.558620563941076e-05,50499,,0.4482743740081787,,1.337729573249817,,0.49695885181427,,0.10713513940572739
,5460.0,20,7.55586224840954e-05,50549,,0.4749164879322052,,1.423143982887268,,0.49707216024398804,,0.10714703798294067
,5492.0,20,7.553103205282241e-05,50599,,0.5983155369758606,,1.3491301536560059,,0.49717986583709717,,0.10715507715940475
,5464.0,20,7.550344889750704e-05,50649,,0.5141143798828125,,1.4288175106048584,,0.49728742241859436,,0.10716470330953598
,5496.0,20,7.547585846623406e-05,50699,,0.5476294755935669,,1.792725682258606,,0.497393935918808,,0.10717591643333435
,5416.0,20,7.544827531091869e-05,50749,,0.405118465423584,,1.3794113397598267,,0.4975011944770813,,0.10719103366136551
,5472.0,20,7.542069215560332e-05,50799,,0.5157276391983032,,1.3013206720352173,,0.49760526418685913,,0.10720575600862503
,5404.0,20,7.539310172433034e-05,50849,,0.4576529264450073,,0.9728084802627563,,0.4977101683616638,,0.1072177067399025
,5452.0,20,7.536551856901497e-05,50899,,0.5093708038330078,,1.0597381591796875,,0.4978192448616028,,0.10722638666629791
,5536.0,20,7.533792813774198e-05,50949,,0.5170263051986694,,1.6352441310882568,,0.4979197680950165,,0.1072329506278038
,5484.0,20,7.531034498242661e-05,50999,,0.45610275864601135,,0.7811719179153442,,0.49802637100219727,,0.10724302381277084
,5456.0,20,7.528276182711124e-05,51049,,0.539201557636261,,1.057133674621582,,0.4981381893157959,,0.10725954174995422
,5464.0,20,7.525517139583826e-05,51099,,0.49916592240333557,,1.4409675598144531,,0.4982505440711975,,0.10727718472480774
,5496.0,20,7.522758824052289e-05,51149,,0.47214314341545105,,1.4717243909835815,,0.49836140871047974,,0.10729265958070755
,5460.0,20,7.519999780924991e-05,51199,,0.47170960903167725,,1.2556849718093872,,0.49846431612968445,,0.10730332881212234
,5516.0,20,7.517241465393454e-05,51249,,0.5084470510482788,,1.1479053497314453,,0.49857431650161743,,0.10731805860996246
,5404.0,20,7.514482422266155e-05,51299,,0.5009931921958923,,1.4530431032180786,,0.49867430329322815,,0.10733743757009506
,5488.0,20,7.511724106734619e-05,51349,,0.4850970208644867,,1.434409737586975,,0.49877652525901794,,0.10735659301280975
,5524.0,20,7.508965791203082e-05,51399,,0.5650085806846619,,1.263999104499817,,0.4988684058189392,,0.1073710173368454
,5472.0,20,7.506206748075783e-05,51449,,0.6433858275413513,,1.3108593225479126,,0.49895763397216797,,0.10738648474216461
,5440.0,20,7.503448432544246e-05,51499,,0.7286958694458008,,1.6959798336029053,,0.4990619421005249,,0.10740020126104355
,5520.0,20,7.500689389416948e-05,51549,,0.6164058446884155,,1.3092995882034302,,0.49916717410087585,,0.10740773379802704
,5440.0,20,7.497931073885411e-05,51599,,0.46369868516921997,,1.2501329183578491,,0.4992682933807373,,0.10741950571537018
,5448.0,20,7.495172758353874e-05,51649,,0.47766560316085815,,1.2855154275894165,,0.49936485290527344,,0.10743061453104019
,5528.0,20,7.492413715226576e-05,51699,,0.47072169184684753,,1.4659779071807861,,0.4994635581970215,,0.10744669288396835
,5452.0,20,7.489655399695039e-05,51749,,0.5142621994018555,,1.1954668760299683,,0.4995620846748352,,0.10746026039123535
,5528.0,20,7.48689635656774e-05,51799,,0.5237941741943359,,1.3413136005401611,,0.49966979026794434,,0.10747542232275009
,5496.0,20,7.484138041036204e-05,51849,,0.6111683249473572,,1.4162193536758423,,0.4997667968273163,,0.10749448090791702
,5412.0,20,7.481378997908905e-05,51899,,0.4836902618408203,,0.8988061547279358,,0.49986758828163147,,0.10751264542341232
,5480.0,20,7.478620682377368e-05,51949,,0.4476378262042999,,1.0487581491470337,,0.49996793270111084,,0.10752741992473602
,5392.0,20,7.475862366845831e-05,51999,,0.45560604333877563,,0.7525876760482788,,0.5000731945037842,,0.10753907263278961
,5452.0,20,7.473103323718533e-05,52049,,0.4890866279602051,,1.3368011713027954,,0.5001723766326904,,0.10755063593387604
,5440.0,20,7.470345008186996e-05,52099,,0.563261866569519,,1.2376760244369507,,0.5002737641334534,,0.10756165534257889
,5516.0,20,7.467585965059698e-05,52149,,0.5424715876579285,,0.8878112435340881,,0.5003751516342163,,0.10757190734148026
,5424.0,20,7.464827649528161e-05,52199,,0.5046895742416382,,1.1066452264785767,,0.500467836856842,,0.10758962482213974
,5452.0,20,7.462068606400862e-05,52249,,0.5686370134353638,,1.141379714012146,,0.5005565881729126,,0.10760805010795593
,5500.0,20,7.459310290869325e-05,52299,,0.5746872425079346,,1.3242243528366089,,0.5006545186042786,,0.10762028396129608
,5440.0,20,7.456551975337788e-05,52349,,0.49039724469184875,,1.3731892108917236,,0.5007603764533997,,0.10763261467218399
,5448.0,20,7.45379293221049e-05,52399,,0.5350860953330994,,1.7233145236968994,,0.500863790512085,,0.10764304548501968
,5416.0,20,7.451034616678953e-05,52449,,0.556213915348053,,1.2257590293884277,,0.5009673833847046,,0.10765080153942108
,5480.0,20,7.448275573551655e-05,52499,,0.5776067972183228,,1.292977213859558,,0.5010679960250854,,0.10766273736953735
,5456.0,20,7.445517258020118e-05,52549,,0.5250517725944519,,1.6654744148254395,,0.501166820526123,,0.10767997801303864
,5488.0,20,7.442758942488581e-05,52599,,0.5596813559532166,,1.3902064561843872,,0.5012605786323547,,0.10769002139568329
,5444.0,20,7.439999899361283e-05,52649,,0.5238178968429565,,1.2297879457473755,,0.5013567209243774,,0.10770303010940552
5463.32763671875,,20,,52667,0.5129101872444153,,1.2974342107772827,,0.4988754987716675,,0.1073748990893364,
,5492.0,21,7.437241583829746e-05,52699,,0.6069723963737488,,1.389926791191101,,0.5014554262161255,,0.10771498084068298
,5468.0,21,7.434482540702447e-05,52749,,0.4867170751094818,,1.1713818311691284,,0.5015615224838257,,0.1077285036444664
,5492.0,21,7.43172422517091e-05,52799,,0.5519303679466248,,1.4308818578720093,,0.5016608834266663,,0.10773947089910507
,5476.0,21,7.428965182043612e-05,52849,,0.5113661289215088,,1.2753273248672485,,0.5017543435096741,,0.10774702578783035
,5500.0,21,7.426206866512075e-05,52899,,0.47131824493408203,,1.4160534143447876,,0.5018653869628906,,0.1077553778886795
,5472.0,21,7.423448550980538e-05,52949,,0.536933183670044,,1.1226787567138672,,0.5019656419754028,,0.10776899009943008
,5388.0,21,7.42068950785324e-05,52999,,0.5201955437660217,,1.1019389629364014,,0.5020694732666016,,0.10778087377548218
,5420.0,21,7.417931192321703e-05,53049,,0.5375288128852844,,1.329720139503479,,0.5021700859069824,,0.1077892854809761
,5396.0,21,7.415172149194404e-05,53099,,0.42735838890075684,,1.2169147729873657,,0.5022644996643066,,0.10779895633459091
,5504.0,21,7.412413833662868e-05,53149,,0.5330730080604553,,1.2514744997024536,,0.5023666024208069,,0.10780453681945801
,5452.0,21,7.40965551813133e-05,53199,,0.5155394673347473,,1.3361135721206665,,0.5024625658988953,,0.10782168805599213
,5476.0,21,7.406896475004032e-05,53249,,0.5203878283500671,,1.1506216526031494,,0.5025643110275269,,0.10783392935991287
,5500.0,21,7.404138159472495e-05,53299,,0.4245259165763855,,0.9541828036308289,,0.5026640892028809,,0.1078452542424202
,5508.0,21,7.401379116345197e-05,53349,,0.558269202709198,,1.2407622337341309,,0.5027608871459961,,0.10785729438066483
,5472.0,21,7.39862080081366e-05,53399,,0.499937504529953,,1.164048194885254,,0.5028457641601562,,0.1078709065914154
,5444.0,21,7.395861757686362e-05,53449,,0.5649530291557312,,1.4172022342681885,,0.502945601940155,,0.10788159817457199
,5512.0,21,7.393103442154825e-05,53499,,0.6454706192016602,,1.1042711734771729,,0.503044605255127,,0.1078987717628479
,5484.0,21,7.390345126623288e-05,53549,,0.6164299845695496,,1.2870771884918213,,0.5031424760818481,,0.10791165381669998
,5412.0,21,7.38758608349599e-05,53599,,0.5914899706840515,,1.3740153312683105,,0.5032399296760559,,0.10792729258537292
,5404.0,21,7.384827767964453e-05,53649,,0.6025062799453735,,1.2501332759857178,,0.5033329129219055,,0.10793862491846085
,5472.0,21,7.382068724837154e-05,53699,,0.4891956150531769,,1.1467803716659546,,0.5034364461898804,,0.10795312374830246
,5484.0,21,7.379310409305617e-05,53749,,0.5583876967430115,,1.4583189487457275,,0.5035420656204224,,0.10797048360109329
,5432.0,21,7.376551366178319e-05,53799,,0.5036924481391907,,1.2381844520568848,,0.5036361217498779,,0.10798795521259308
,5484.0,21,7.373793050646782e-05,53849,,0.5892641544342041,,1.2864735126495361,,0.5037360787391663,,0.10799939930438995
,5468.0,21,7.371034735115245e-05,53899,,0.5704631805419922,,1.2809861898422241,,0.5038353204727173,,0.1080174669623375
,5476.0,21,7.368275691987947e-05,53949,,0.5127807259559631,,1.3615257740020752,,0.5039281249046326,,0.10803386569023132
,5440.0,21,7.36551737645641e-05,53999,,0.4884302020072937,,0.9002898931503296,,0.5040174722671509,,0.10804985463619232
,5424.0,21,7.362758333329111e-05,54049,,0.5020443797111511,,1.1021016836166382,,0.5041216015815735,,0.10806535929441452
,5444.0,21,7.360000017797574e-05,54099,,0.6146395802497864,,1.1042488813400269,,0.5042065382003784,,0.10808122903108597
,5448.0,21,7.357241702266037e-05,54149,,0.6208093762397766,,1.255505084991455,,0.5043026208877563,,0.10810228437185287
,5500.0,21,7.354482659138739e-05,54199,,0.6184097528457642,,1.6036733388900757,,0.5043874382972717,,0.10812003910541534
,5520.0,21,7.351724343607202e-05,54249,,0.3799806833267212,,0.9535136222839355,,0.5044815540313721,,0.10813308507204056
,5424.0,21,7.348965300479904e-05,54299,,0.5675431489944458,,1.196785807609558,,0.5045775771141052,,0.1081489846110344
,5412.0,21,7.346206984948367e-05,54349,,0.4801118075847626,,1.3403195142745972,,0.5046781897544861,,0.10816054791212082
,5416.0,21,7.343447941821069e-05,54399,,0.565089225769043,,1.3582831621170044,,0.5047755837440491,,0.1081741452217102
,5476.0,21,7.340689626289532e-05,54449,,0.596417248249054,,1.2795995473861694,,0.5048642158508301,,0.1081860214471817
,5416.0,21,7.337931310757995e-05,54499,,0.47173064947128296,,1.7761391401290894,,0.5049629807472229,,0.10820237547159195
,5480.0,21,7.335172267630696e-05,54549,,0.5659111738204956,,1.541928768157959,,0.5050668120384216,,0.1082158237695694
,5460.0,21,7.33241395209916e-05,54599,,0.5221438407897949,,1.128745436668396,,0.5051633715629578,,0.10822666436433792
,5416.0,21,7.329654908971861e-05,54649,,0.6168662309646606,,1.3719866275787354,,0.5052627921104431,,0.10823682695627213
,5344.0,21,7.326896593440324e-05,54699,,0.5974855422973633,,1.5958994626998901,,0.5053532123565674,,0.10824909061193466
,5500.0,21,7.324138277908787e-05,54749,,0.6300246119499207,,1.3006086349487305,,0.5054468512535095,,0.10825922340154648
,5496.0,21,7.321379234781489e-05,54799,,0.606913149356842,,1.5100147724151611,,0.5055408477783203,,0.10827016830444336
,5444.0,21,7.318620919249952e-05,54849,,0.6114817261695862,,1.6199132204055786,,0.5056346654891968,,0.1082821637392044
,5484.0,21,7.315861876122653e-05,54899,,0.45278283953666687,,1.2850676774978638,,0.5057288408279419,,0.10829390585422516
,5440.0,21,7.313103560591117e-05,54949,,0.47665491700172424,,1.4366580247879028,,0.5058168172836304,,0.10830732434988022
,5444.0,21,7.310344517463818e-05,54999,,0.6432296633720398,,1.2553051710128784,,0.505910336971283,,0.10831525176763535
,5524.0,21,7.307586201932281e-05,55049,,0.5360438227653503,,1.376369595527649,,0.5060007572174072,,0.10832992196083069
,5468.0,21,7.304827886400744e-05,55099,,0.5672205090522766,,1.2880282402038574,,0.5060940980911255,,0.10834553092718124
,5368.0,21,7.302068843273446e-05,55149,,0.6711523532867432,,1.4272360801696777,,0.506190299987793,,0.10835666954517365
5462.28369140625,,21,,55175,0.5397692322731018,,1.2757010459899902,,0.5038642883300781,,0.10803180187940598,
,5412.0,22,7.299310527741909e-05,55199,,0.5476111173629761,,1.2116700410842896,,0.5062844157218933,,0.10837126523256302
,5468.0,22,7.29655148461461e-05,55249,,0.4579465389251709,,1.462721586227417,,0.5063799619674683,,0.1083860993385315
,5472.0,22,7.293793169083074e-05,55299,,0.4990236163139343,,1.139376163482666,,0.5064717531204224,,0.1084032878279686
,5460.0,22,7.291034125955775e-05,55349,,0.5510055422782898,,1.2343751192092896,,0.5065670609474182,,0.1084165945649147
,5420.0,22,7.288275810424238e-05,55399,,0.4607090353965759,,1.1216148138046265,,0.5066652297973633,,0.10843146592378616
,5488.0,22,7.285517494892702e-05,55449,,0.5854445695877075,,1.146263837814331,,0.5067669153213501,,0.1084456667304039
,5468.0,22,7.282758451765403e-05,55499,,0.5525685548782349,,1.1482014656066895,,0.5068660378456116,,0.10846144706010818
,5440.0,22,7.280000136233866e-05,55549,,0.4616437554359436,,1.3196202516555786,,0.5069584846496582,,0.10847105830907822
,5452.0,22,7.277241093106568e-05,55599,,0.573528528213501,,1.4194153547286987,,0.5070503950119019,,0.10848042368888855
,5412.0,22,7.274482777575031e-05,55649,,0.4939367175102234,,0.9634433388710022,,0.5071436762809753,,0.10849349200725555
,5492.0,22,7.271724462043494e-05,55699,,0.6280695199966431,,1.3383609056472778,,0.507226288318634,,0.10850577056407928
,5456.0,22,7.268965418916196e-05,55749,,0.5010645985603333,,1.1026625633239746,,0.5073161721229553,,0.10851603746414185
,5480.0,22,7.266207103384659e-05,55799,,0.5526843667030334,,1.3398598432540894,,0.5074228048324585,,0.10852835327386856
,5444.0,22,7.26344806025736e-05,55849,,0.5122032761573792,,1.3617322444915771,,0.5075145363807678,,0.10853937268257141
,5456.0,22,7.260689744725823e-05,55899,,0.5586939454078674,,1.1271330118179321,,0.5076128244400024,,0.10854999721050262
,5404.0,22,7.257930701598525e-05,55949,,0.48160842061042786,,0.9538024067878723,,0.5077090859413147,,0.10856235772371292
,5556.0,22,7.255172386066988e-05,55999,,0.49243485927581787,,1.213104248046875,,0.5077985525131226,,0.10857630521059036
,5436.0,22,7.252414070535451e-05,56049,,0.5105259418487549,,1.2640382051467896,,0.5078872442245483,,0.10859248787164688
,5528.0,22,7.249655027408153e-05,56099,,0.5440438389778137,,0.902938187122345,,0.507978618144989,,0.10860832780599594
,5496.0,22,7.246896711876616e-05,56149,,0.5386450290679932,,1.281744360923767,,0.5080686807632446,,0.10862290114164352
,5484.0,22,7.244137668749318e-05,56199,,0.5555022954940796,,1.2579842805862427,,0.5081579089164734,,0.10863633453845978
,5464.0,22,7.24137935321778e-05,56249,,0.6083158850669861,,1.438374400138855,,0.5082485675811768,,0.10864854604005814
,5376.0,22,7.238621037686244e-05,56299,,0.4028404951095581,,0.874973714351654,,0.50834059715271,,0.108659528195858
,5480.0,22,7.235861994558945e-05,56349,,0.6211462020874023,,1.7159101963043213,,0.5084361433982849,,0.10866573452949524
,5376.0,22,7.233103679027408e-05,56399,,0.5894412398338318,,1.0721728801727295,,0.5085261464118958,,0.10867933183908463
,5416.0,22,7.23034463590011e-05,56449,,0.5784679651260376,,1.6622570753097534,,0.5086160898208618,,0.10869427025318146
,5500.0,22,7.227586320368573e-05,56499,,0.5109779834747314,,1.1899064779281616,,0.5087071657180786,,0.1087096706032753
,5476.0,22,7.224827277241275e-05,56549,,0.5937618613243103,,1.2241655588150024,,0.50880366563797,,0.10872709006071091
,5504.0,22,7.222068961709738e-05,56599,,0.6021553874015808,,1.4045770168304443,,0.5088986158370972,,0.10873882472515106
,5440.0,22,7.219310646178201e-05,56649,,0.46690309047698975,,1.1176190376281738,,0.5089919567108154,,0.10875168442726135
,5464.0,22,7.216551603050902e-05,56699,,0.6984236836433411,,1.3836286067962646,,0.5090845227241516,,0.10877075791358948
,5476.0,22,7.213793287519366e-05,56749,,0.556637704372406,,1.1549270153045654,,0.5091789364814758,,0.10878318548202515
,5424.0,22,7.211034244392067e-05,56799,,0.4670545160770416,,1.1772695779800415,,0.5092744827270508,,0.10879690200090408
,5444.0,22,7.20827592886053e-05,56849,,0.5524758696556091,,1.0223932266235352,,0.5093666315078735,,0.1088130995631218
,5468.0,22,7.205516885733232e-05,56899,,0.6032410860061646,,1.367417573928833,,0.5094562768936157,,0.10882844775915146
,5428.0,22,7.202758570201695e-05,56949,,0.5789235830307007,,1.4407691955566406,,0.5095568895339966,,0.10883994400501251
,5468.0,22,7.200000254670158e-05,56999,,0.6363175511360168,,1.0935966968536377,,0.5096535086631775,,0.10885265469551086
,5460.0,22,7.19724121154286e-05,57049,,0.4951745867729187,,1.06389319896698,,0.5097482204437256,,0.10886780917644501
,5496.0,22,7.194482896011323e-05,57099,,0.6033151149749756,,1.533922553062439,,0.5098378658294678,,0.10888183116912842
,5520.0,22,7.191723852884024e-05,57149,,0.6109588742256165,,1.481889009475708,,0.5099344849586487,,0.1088944673538208
,5456.0,22,7.188965537352487e-05,57199,,0.5672435164451599,,1.2412235736846924,,0.5100256204605103,,0.10890460014343262
,5376.0,22,7.18620722182095e-05,57249,,0.5553181767463684,,1.251089334487915,,0.5101181864738464,,0.10892117768526077
,5472.0,22,7.183448178693652e-05,57299,,0.588080883026123,,1.3181484937667847,,0.5102041363716125,,0.10893421620130539
,5444.0,22,7.180689863162115e-05,57349,,0.45938822627067566,,1.0626208782196045,,0.5102919936180115,,0.10894821584224701
,5456.0,22,7.177930820034817e-05,57399,,0.5435958504676819,,1.2888758182525635,,0.5103764533996582,,0.10895967483520508
,5444.0,22,7.17517250450328e-05,57449,,0.6170477867126465,,1.0370434522628784,,0.5104629993438721,,0.10897070169448853
,5484.0,22,7.172413461375982e-05,57499,,0.5923100709915161,,1.412314534187317,,0.5105530023574829,,0.10898518562316895
,5508.0,22,7.169655145844445e-05,57549,,0.5931800603866577,,1.2768056392669678,,0.5106401443481445,,0.10899173468351364
,5404.0,22,7.166896830312908e-05,57599,,0.5149241089820862,,1.1232175827026367,,0.5107281804084778,,0.10900497436523438
,5484.0,22,7.16413778718561e-05,57649,,0.5549386143684387,,1.3124573230743408,,0.51081383228302,,0.10901618748903275
5462.6728515625,,22,,57683,0.5639738440513611,,1.2635070085525513,,0.5085976719856262,,0.10870077461004257,
,5508.0,23,7.161379471654072e-05,57699,,0.43673163652420044,,1.1218461990356445,,0.5108984708786011,,0.1090315654873848
,5452.0,23,7.158620428526774e-05,57749,,0.4683911204338074,,1.136031150817871,,0.5109883546829224,,0.10904981195926666
,5484.0,23,7.155862112995237e-05,57799,,0.5708329081535339,,1.310585379600525,,0.5110799670219421,,0.1090656965970993
,5404.0,23,7.1531037974637e-05,57849,,0.4995171129703522,,1.3865282535552979,,0.5111702084541321,,0.1090766042470932
,5528.0,23,7.150344754336402e-05,57899,,0.5128539204597473,,1.286989450454712,,0.5112562775611877,,0.10909271240234375
,5432.0,23,7.147586438804865e-05,57949,,0.5742732882499695,,1.3489938974380493,,0.5113574266433716,,0.10910530388355255
,5464.0,23,7.144827395677567e-05,57999,,0.6221534013748169,,1.088829517364502,,0.5114415884017944,,0.10911734402179718
,5472.0,23,7.14206908014603e-05,58049,,0.6164715886116028,,1.2075457572937012,,0.5115301609039307,,0.10912716388702393
,5480.0,23,7.139310037018731e-05,58099,,0.4863261282444,,1.0763447284698486,,0.5116215944290161,,0.10914211720228195
,5448.0,23,7.136551721487194e-05,58149,,0.5444185733795166,,1.0639581680297852,,0.5117147564888,,0.1091524288058281
,5504.0,23,7.133793405955657e-05,58199,,0.44594019651412964,,1.1094595193862915,,0.5117946267127991,,0.10916227102279663
,5504.0,23,7.131034362828359e-05,58249,,0.5815667510032654,,1.3588814735412598,,0.5118798017501831,,0.10917236655950546
,5504.0,23,7.128276047296822e-05,58299,,0.544780969619751,,1.4478920698165894,,0.5119691491127014,,0.10918581485748291
,5500.0,23,7.125517004169524e-05,58349,,0.6299160122871399,,1.4207353591918945,,0.51206374168396,,0.10919453203678131
,5420.0,23,7.122758688637987e-05,58399,,0.59917813539505,,1.3057429790496826,,0.5121572017669678,,0.1092066541314125
,5424.0,23,7.119999645510688e-05,58449,,0.5679389834403992,,1.3016506433486938,,0.5122383832931519,,0.10921473801136017
,5448.0,23,7.117241329979151e-05,58499,,0.6344536542892456,,1.360207200050354,,0.512326717376709,,0.10922741144895554
,5508.0,23,7.114483014447615e-05,58549,,0.47881028056144714,,1.483411431312561,,0.5124125480651855,,0.10924141108989716
,5408.0,23,7.111723971320316e-05,58599,,0.5464393496513367,,1.2737408876419067,,0.5125030279159546,,0.10925547778606415
,5396.0,23,7.108965655788779e-05,58649,,0.6507670283317566,,1.2167673110961914,,0.5125930905342102,,0.10927173495292664
,5560.0,23,7.106206612661481e-05,58699,,0.5660944581031799,,1.1647751331329346,,0.5126811265945435,,0.10928795486688614
,5520.0,23,7.103448297129944e-05,58749,,0.5255349278450012,,1.1625221967697144,,0.5127657651901245,,0.10929776728153229
,5456.0,23,7.100689981598407e-05,58799,,0.5642589330673218,,1.2301509380340576,,0.5128549337387085,,0.10931187868118286
,5436.0,23,7.097930938471109e-05,58849,,0.6051496267318726,,1.04645836353302,,0.5129427909851074,,0.10932150483131409
,5428.0,23,7.095172622939572e-05,58899,,0.6518367528915405,,1.378806710243225,,0.5130323171615601,,0.10933098942041397
,5488.0,23,7.092413579812273e-05,58949,,0.5985952019691467,,1.1060595512390137,,0.5131186246871948,,0.10934054106473923
,5484.0,23,7.089655264280736e-05,58999,,0.5190812349319458,,1.0402138233184814,,0.5132118463516235,,0.10936133563518524
,5476.0,23,7.086896221153438e-05,59049,,0.5301949381828308,,1.400203824043274,,0.5133054256439209,,0.10937374830245972
,5448.0,23,7.084137905621901e-05,59099,,0.663195788860321,,1.2499818801879883,,0.513395369052887,,0.10938899219036102
,5452.0,23,7.081379590090364e-05,59149,,0.6182599067687988,,0.9846355319023132,,0.51348477602005,,0.10940295457839966
,5412.0,23,7.078620546963066e-05,59199,,0.48051995038986206,,1.21482515335083,,0.513567328453064,,0.10941274464130402
,5424.0,23,7.075862231431529e-05,59249,,0.6479048728942871,,1.5286502838134766,,0.5136442184448242,,0.10942602157592773
,5480.0,23,7.07310318830423e-05,59299,,0.6644783020019531,,1.3530532121658325,,0.5137271881103516,,0.10944447666406631
,5404.0,23,7.070344872772694e-05,59349,,0.7437993288040161,,1.3347816467285156,,0.5138178467750549,,0.109463632106781
,5416.0,23,7.067586557241157e-05,59399,,0.6081812977790833,,1.102786660194397,,0.513897716999054,,0.10947480797767639
,5404.0,23,7.064827514113858e-05,59449,,0.6252526640892029,,1.19126296043396,,0.5139778852462769,,0.10948556661605835
,5500.0,23,7.062069198582321e-05,59499,,0.6150721907615662,,1.339739441871643,,0.5140618681907654,,0.1094970777630806
,5436.0,23,7.059310155455023e-05,59549,,0.532757580280304,,1.253266453742981,,0.5141466856002808,,0.10950787365436554
,5408.0,23,7.056551839923486e-05,59599,,0.5428645610809326,,1.3109779357910156,,0.5142332315444946,,0.10952040553092957
,5520.0,23,7.053792796796188e-05,59649,,0.6181591153144836,,1.202038288116455,,0.5143166184425354,,0.10953053832054138
,5516.0,23,7.051034481264651e-05,59699,,0.5855510234832764,,1.198233962059021,,0.5143909454345703,,0.10953658819198608
,5516.0,23,7.048276165733114e-05,59749,,0.6132727861404419,,1.0699121952056885,,0.5144693851470947,,0.10954408347606659
,5444.0,23,7.045517122605816e-05,59799,,0.5803264379501343,,1.1819146871566772,,0.51456218957901,,0.109554722905159
,5556.0,23,7.042758807074279e-05,59849,,0.6929575800895691,,0.8101385235786438,,0.5146462917327881,,0.10956451296806335
,5476.0,23,7.03999976394698e-05,59899,,0.6432488560676575,,1.0514339208602905,,0.5147379636764526,,0.10957597941160202
,5380.0,23,7.037241448415443e-05,59949,,0.5736446380615234,,1.1706544160842896,,0.5148282051086426,,0.10958888381719589
,5452.0,23,7.034482405288145e-05,59999,,0.6652626395225525,,1.2780795097351074,,0.5149151086807251,,0.10960627347230911
,5472.0,23,7.031724089756608e-05,60049,,0.6388523578643799,,1.2218185663223267,,0.5149953961372375,,0.10961629450321198
,5448.0,23,7.028965774225071e-05,60099,,0.5671085715293884,,1.287198543548584,,0.5150733590126038,,0.10962143540382385
,5504.0,23,7.026206731097773e-05,60149,,0.575215220451355,,1.2873328924179077,,0.5151593685150146,,0.10963174700737
5463.71826171875,,23,,60191,0.59677654504776,,1.2416599988937378,,0.5130958557128906,,0.10934825241565704,
,5512.0,24,7.023448415566236e-05,60199,,0.6421316266059875,,1.28261137008667,,0.5152498483657837,,0.10964415967464447
,5500.0,24,7.020689372438937e-05,60249,,0.5311861038208008,,1.143027424812317,,0.5153419971466064,,0.10965687781572342
,5424.0,24,7.0179310569074e-05,60299,,0.5100895166397095,,0.943398118019104,,0.5154260993003845,,0.10966949164867401
,5376.0,24,7.015172741375864e-05,60349,,0.5479588508605957,,0.9911600947380066,,0.5155043005943298,,0.10968170315027237
,5480.0,24,7.012413698248565e-05,60399,,0.6840106844902039,,1.1716058254241943,,0.5155866146087646,,0.10969237238168716
,5476.0,24,7.009655382717028e-05,60449,,0.6474164724349976,,1.2311503887176514,,0.5156688094139099,,0.10970267653465271
,5512.0,24,7.00689633958973e-05,60499,,0.7068842649459839,,0.9286134839057922,,0.5157529711723328,,0.10971693694591522
,5524.0,24,7.004138024058193e-05,60549,,0.6533909440040588,,1.2686165571212769,,0.5158443450927734,,0.10973432660102844
,5456.0,24,7.001378980930895e-05,60599,,0.6012159585952759,,1.257917881011963,,0.5159214735031128,,0.10975038260221481
,5512.0,24,6.998620665399358e-05,60649,,0.5564977526664734,,1.4375754594802856,,0.5160098671913147,,0.10976588726043701
,5420.0,24,6.995862349867821e-05,60699,,0.6782642006874084,,1.0324478149414062,,0.5160939693450928,,0.1097794622182846
,5512.0,24,6.993103306740522e-05,60749,,0.5878996849060059,,1.481378197669983,,0.5161789059638977,,0.10979396104812622
,5580.0,24,6.990344991208985e-05,60799,,0.552677571773529,,0.9221420288085938,,0.5162683129310608,,0.10980526357889175
,5500.0,24,6.987585948081687e-05,60849,,0.5519734621047974,,0.97757887840271,,0.516359806060791,,0.1098172664642334
,5480.0,24,6.98482763255015e-05,60899,,0.5530500411987305,,1.292947769165039,,0.5164390206336975,,0.10982979089021683
,5544.0,24,6.982069317018613e-05,60949,,0.6351701021194458,,1.255776047706604,,0.5165215134620667,,0.10984217375516891
,5472.0,24,6.979310273891315e-05,60999,,0.46918728947639465,,1.0582637786865234,,0.5165985226631165,,0.10985308140516281
,5508.0,24,6.976551958359778e-05,61049,,0.6421469449996948,,1.2425408363342285,,0.5166747570037842,,0.10986284911632538
,5460.0,24,6.97379291523248e-05,61099,,0.6409735083580017,,1.3036803007125854,,0.5167651176452637,,0.10987242311239243
,5472.0,24,6.971034599700943e-05,61149,,0.5316124558448792,,0.9571564197540283,,0.5168445110321045,,0.10988108813762665
,5480.0,24,6.968275556573644e-05,61199,,0.7103672027587891,,0.9950743317604065,,0.5169336199760437,,0.10989195108413696
,5504.0,24,6.965517241042107e-05,61249,,0.5193672180175781,,0.88441401720047,,0.5170204043388367,,0.10990292578935623
,5532.0,24,6.96275892551057e-05,61299,,0.713470995426178,,1.187442421913147,,0.5171040296554565,,0.10991601645946503
,5544.0,24,6.959999882383272e-05,61349,,0.6021062731742859,,1.0703057050704956,,0.5171786546707153,,0.10992744565010071
,5480.0,24,6.957241566851735e-05,61399,,0.5406107902526855,,1.2002034187316895,,0.5172500610351562,,0.10994154214859009
,5380.0,24,6.954482523724437e-05,61449,,0.603162407875061,,0.9662160873413086,,0.5173266530036926,,0.10995317995548248
,5536.0,24,6.9517242081929e-05,61499,,0.591215968132019,,1.151472806930542,,0.5174079537391663,,0.10996320843696594
,5464.0,24,6.948965165065601e-05,61549,,0.576958179473877,,1.2611173391342163,,0.5174893140792847,,0.10996894538402557
,5444.0,24,6.946206849534065e-05,61599,,0.6575016379356384,,1.189789891242981,,0.5175647735595703,,0.10997579991817474
,5488.0,24,6.943448534002528e-05,61649,,0.7193641066551208,,1.1811362504959106,,0.5176500082015991,,0.1099887564778328
,5448.0,24,6.940689490875229e-05,61699,,0.6563726663589478,,1.6811167001724243,,0.5177361965179443,,0.1100025549530983
,5504.0,24,6.937931175343692e-05,61749,,0.6395166516304016,,1.1441925764083862,,0.517818033695221,,0.11001722514629364
,5456.0,24,6.935172132216394e-05,61799,,0.42219802737236023,,1.0317091941833496,,0.517905592918396,,0.11002857983112335
,5548.0,24,6.932413816684857e-05,61849,,0.609160304069519,,1.0149054527282715,,0.517985999584198,,0.11004257202148438
,5480.0,24,6.92965550115332e-05,61899,,0.6601848602294922,,1.2366070747375488,,0.5180647373199463,,0.11005581170320511
,5388.0,24,6.926896458026022e-05,61949,,0.721332311630249,,1.0910886526107788,,0.5181430578231812,,0.11006499826908112
,5460.0,24,6.924138142494485e-05,61999,,0.45477941632270813,,1.1324198246002197,,0.5182266235351562,,0.11007116734981537
,5432.0,24,6.921379099367186e-05,62049,,0.6404533386230469,,1.3966343402862549,,0.5183067917823792,,0.11007872223854065
,5504.0,24,6.91862078383565e-05,62099,,0.7747482061386108,,1.1194896697998047,,0.5183870196342468,,0.11008786410093307
,5524.0,24,6.915861740708351e-05,62149,,0.5600276589393616,,0.9857586026191711,,0.5184668898582458,,0.11009649187326431
,5488.0,24,6.913103425176814e-05,62199,,0.6753508448600769,,1.1118581295013428,,0.5185478329658508,,0.11010612547397614
,5460.0,24,6.910345109645277e-05,62249,,0.5771325826644897,,1.2217435836791992,,0.5186296105384827,,0.11011489480733871
,5420.0,24,6.907586066517979e-05,62299,,0.5605757832527161,,1.1399314403533936,,0.5187194347381592,,0.11012695729732513
,5484.0,24,6.904827750986442e-05,62349,,0.5499433875083923,,1.374768614768982,,0.5187990665435791,,0.11013942956924438
,5480.0,24,6.902068707859144e-05,62399,,0.5807682275772095,,1.386417269706726,,0.5188823342323303,,0.1101517379283905
,5380.0,24,6.899310392327607e-05,62449,,0.6686602830886841,,1.1250982284545898,,0.5189656019210815,,0.11015968024730682
,5476.0,24,6.89655207679607e-05,62499,,0.6803925633430481,,1.2416578531265259,,0.5190532803535461,,0.1101691722869873
,5476.0,24,6.893793033668771e-05,62549,,0.5439070463180542,,1.5554912090301514,,0.5191239714622498,,0.11017238348722458
,5420.0,24,6.891034718137234e-05,62599,,0.6493597030639648,,1.1297190189361572,,0.5192051529884338,,0.11018417775630951
,5448.0,24,6.888275675009936e-05,62649,,0.6758636236190796,,1.448039174079895,,0.5192862153053284,,0.11019553244113922
,5356.0,24,6.885517359478399e-05,62699,,0.6357360482215881,,0.9695239067077637,,0.5193649530410767,,0.1102084219455719
5462.6123046875,,24,,62699,0.6191867589950562,,1.2320877313613892,,0.5173323154449463,,0.10994454473257065,
,5368.0,25,6.882758316351101e-05,62749,,0.6143593192100525,,1.2970199584960938,,0.5194474458694458,,0.11021777987480164
,5444.0,25,6.880000000819564e-05,62799,,0.6774848699569702,,1.2594696283340454,,0.5195215940475464,,0.11023040860891342
,5512.0,25,6.877241685288027e-05,62849,,0.678709089756012,,1.1764286756515503,,0.5195983052253723,,0.11024315655231476
,5460.0,25,6.874482642160729e-05,62899,,0.34176790714263916,,0.6047612428665161,,0.5196774005889893,,0.1102556437253952
,5444.0,25,6.871724326629192e-05,62949,,0.6052983999252319,,1.4199022054672241,,0.5197591781616211,,0.11026935279369354
,5600.0,25,6.868965283501893e-05,62999,,0.6592718362808228,,1.5321816205978394,,0.5198377966880798,,0.1102791279554367
,5472.0,25,6.866206967970356e-05,63049,,0.6565408110618591,,1.0294923782348633,,0.5199217796325684,,0.1102944165468216
,5456.0,25,6.863447924843058e-05,63099,,0.599766731262207,,1.1426764726638794,,0.5200069546699524,,0.1103106290102005
,5404.0,25,6.860689609311521e-05,63149,,0.6499586701393127,,1.0226167440414429,,0.5200830101966858,,0.1103210300207138
,5448.0,25,6.857931293779984e-05,63199,,0.6644863486289978,,0.7138453722000122,,0.5201677083969116,,0.11033500730991364
,5480.0,25,6.855172250652686e-05,63249,,0.7190669775009155,,1.2383103370666504,,0.52024245262146,,0.11035272479057312
,5476.0,25,6.852413935121149e-05,63299,,0.6728047132492065,,1.5231581926345825,,0.5203202366828918,,0.11036967486143112
,5472.0,25,6.84965489199385e-05,63349,,0.638322651386261,,1.230170726776123,,0.520403265953064,,0.11038418114185333
,5444.0,25,6.846896576462314e-05,63399,,0.6634640097618103,,1.3209236860275269,,0.5204778909683228,,0.11039534211158752
,5500.0,25,6.844138260930777e-05,63449,,0.6874006986618042,,1.039131760597229,,0.5205588340759277,,0.11040693521499634
,5432.0,25,6.841379217803478e-05,63499,,0.7342216968536377,,1.3363498449325562,,0.5206366181373596,,0.11041946709156036
,5412.0,25,6.838620902271941e-05,63549,,0.6611267924308777,,1.3486018180847168,,0.5207214951515198,,0.11043445765972137
,5460.0,25,6.835861859144643e-05,63599,,0.6060602068901062,,0.8489738702774048,,0.5208057165145874,,0.11045181751251221
,5412.0,25,6.833103543613106e-05,63649,,0.6264451146125793,,1.3684771060943604,,0.5208839178085327,,0.11046156287193298
,5472.0,25,6.830344500485808e-05,63699,,0.5832095146179199,,1.650492787361145,,0.5209619402885437,,0.11047682166099548
,5372.0,25,6.827586184954271e-05,63749,,0.4797683358192444,,1.1339651346206665,,0.5210435390472412,,0.11049377173185349
,5512.0,25,6.824827869422734e-05,63799,,0.6742914915084839,,1.2410608530044556,,0.521127462387085,,0.11050580441951752
,5428.0,25,6.822068826295435e-05,63849,,0.6497875452041626,,1.214453101158142,,0.5212075710296631,,0.11051690578460693
,5448.0,25,6.819310510763898e-05,63899,,0.6262878179550171,,1.5138360261917114,,0.5212793946266174,,0.11052331328392029
,5452.0,25,6.8165514676366e-05,63949,,0.707607090473175,,0.9124754071235657,,0.5213620066642761,,0.11053839325904846
,5528.0,25,6.813793152105063e-05,63999,,0.6344536542892456,,1.2137653827667236,,0.5214395523071289,,0.11055229604244232
,5484.0,25,6.811034836573526e-05,64049,,0.7023953199386597,,0.9578752517700195,,0.5215111970901489,,0.11056384444236755
,5524.0,25,6.808275793446228e-05,64099,,0.5913719534873962,,1.2215361595153809,,0.5215874910354614,,0.11057647317647934
,5440.0,25,6.805517477914691e-05,64149,,0.7728458046913147,,1.1610009670257568,,0.5216639041900635,,0.11059152334928513
,5388.0,25,6.802758434787393e-05,64199,,0.6692803502082825,,1.1678868532180786,,0.5217461585998535,,0.11060643196105957
,5368.0,25,6.800000119255856e-05,64249,,0.723929226398468,,1.4875209331512451,,0.5218279361724854,,0.11062238365411758
,5452.0,25,6.797241076128557e-05,64299,,0.7521904110908508,,1.118515968322754,,0.5219091176986694,,0.11063297837972641
,5516.0,25,6.79448276059702e-05,64349,,0.42095786333084106,,0.8378544449806213,,0.5219853520393372,,0.11064392328262329
,5468.0,25,6.791724445065483e-05,64399,,0.7215369343757629,,1.562570333480835,,0.5220476388931274,,0.11065583676099777
,5536.0,25,6.788965401938185e-05,64449,,0.6413840055465698,,1.2697043418884277,,0.5221226811408997,,0.11067115515470505
,5432.0,25,6.786207086406648e-05,64499,,0.6839188933372498,,1.4214756488800049,,0.5222031474113464,,0.11068616062402725
,5464.0,25,6.78344804327935e-05,64549,,0.6491147875785828,,1.0202107429504395,,0.5222752690315247,,0.11069981753826141
,5436.0,25,6.780689727747813e-05,64599,,0.734103798866272,,1.0960650444030762,,0.522354781627655,,0.1107180118560791
,5444.0,25,6.777930684620515e-05,64649,,0.6052535772323608,,1.4172130823135376,,0.5224305987358093,,0.11073030531406403
,5512.0,25,6.775172369088978e-05,64699,,0.5826185345649719,,1.2181620597839355,,0.522512674331665,,0.1107405573129654
,5468.0,25,6.77241405355744e-05,64749,,0.6948241591453552,,1.2804380655288696,,0.5225940942764282,,0.11076051741838455
,5376.0,25,6.769655010430142e-05,64799,,0.7273555994033813,,1.6367052793502808,,0.5226718187332153,,0.11077514290809631
,5460.0,25,6.766896694898605e-05,64849,,0.689251720905304,,1.2852503061294556,,0.5227506756782532,,0.1107875257730484
,5452.0,25,6.764137651771307e-05,64899,,0.7750269174575806,,1.2412875890731812,,0.5228197574615479,,0.11079788208007812
,5384.0,25,6.76137933623977e-05,64949,,0.7490182518959045,,1.0505499839782715,,0.5228943824768066,,0.11081268638372421
,5508.0,25,6.758621020708233e-05,64999,,0.7396484613418579,,0.9202218651771545,,0.5229744911193848,,0.11082533746957779
,5456.0,25,6.755861977580935e-05,65049,,0.7043331265449524,,1.49150812625885,,0.5230535268783569,,0.11083488166332245
,5504.0,25,6.753103662049398e-05,65099,,0.6673635840415955,,0.8799446821212769,,0.5231268405914307,,0.11084729433059692
,5440.0,25,6.7503446189221e-05,65149,,0.7583062648773193,,1.499868631362915,,0.5232053995132446,,0.11085807532072067
,5456.0,25,6.747586303390563e-05,65199,,0.6035827994346619,,1.0288606882095337,,0.5232828855514526,,0.11087073385715485
5463.49951171875,,25,,65207,0.6596161127090454,,1.2196499109268188,,0.5213621854782104,,0.11054447293281555,
,5464.0,26,6.744827260263264e-05,65249,,0.6112616062164307,,1.1889647245407104,,0.5233628153800964,,0.11088474094867706
,5492.0,26,6.742068944731727e-05,65299,,0.6948758959770203,,1.5530778169631958,,0.5234367847442627,,0.11089735478162766
,5528.0,26,6.73931062920019e-05,65349,,0.7793434262275696,,1.043463110923767,,0.523511528968811,,0.11091002821922302
,5448.0,26,6.736551586072892e-05,65399,,0.7317317128181458,,1.2113906145095825,,0.5235902667045593,,0.11092536151409149
,5476.0,26,6.733793270541355e-05,65449,,0.6886928081512451,,1.2607778310775757,,0.5236684083938599,,0.11094118654727936
,5400.0,26,6.731034227414057e-05,65499,,0.729411780834198,,1.2065863609313965,,0.5237408876419067,,0.11095520853996277
,5532.0,26,6.72827591188252e-05,65549,,0.7009657025337219,,1.1107475757598877,,0.5238189697265625,,0.11097189784049988
,5432.0,26,6.725517596350983e-05,65599,,0.6815497875213623,,1.4209585189819336,,0.5238938331604004,,0.11098647117614746
,5404.0,26,6.722758553223684e-05,65649,,0.5710420608520508,,1.2587813138961792,,0.5239753127098083,,0.11100359261035919
,5476.0,26,6.720000237692147e-05,65699,,0.6506577134132385,,1.1130632162094116,,0.5240441560745239,,0.1110154539346695
,5428.0,26,6.717241194564849e-05,65749,,0.7984672784805298,,0.9955049157142639,,0.5241194367408752,,0.11102645099163055
,5528.0,26,6.714482879033312e-05,65799,,0.6290993094444275,,0.9431255459785461,,0.5242011547088623,,0.11103931814432144
,5448.0,26,6.711723835906014e-05,65849,,0.6829074025154114,,1.1333235502243042,,0.5242762565612793,,0.11105342954397202
,5520.0,26,6.708965520374477e-05,65899,,0.7313041687011719,,1.402637004852295,,0.5243471264839172,,0.11106997728347778
,5452.0,26,6.70620720484294e-05,65949,,0.6295117139816284,,1.1431238651275635,,0.5244253277778625,,0.1110856682062149
,5524.0,26,6.703448161715642e-05,65999,,0.7039084434509277,,1.3654053211212158,,0.52449631690979,,0.11109614372253418
,5432.0,26,6.700689846184105e-05,66049,,0.4788276255130768,,1.317912220954895,,0.5245672464370728,,0.11110753566026688
,5512.0,26,6.697930803056806e-05,66099,,0.7061367630958557,,1.5764613151550293,,0.5246472358703613,,0.11112365126609802
,5472.0,26,6.69517248752527e-05,66149,,0.6659389734268188,,0.8108567595481873,,0.5247150659561157,,0.11113207787275314
,5388.0,26,6.692413444397971e-05,66199,,0.684525728225708,,1.230840802192688,,0.5247875452041626,,0.11114180833101273
,5432.0,26,6.689655128866434e-05,66249,,0.658856213092804,,1.0685017108917236,,0.5248619318008423,,0.11115005612373352
,5416.0,26,6.686896813334897e-05,66299,,0.6746395826339722,,1.256644368171692,,0.5249375104904175,,0.11116591095924377
,5420.0,26,6.684137770207599e-05,66349,,0.6280233860015869,,0.7299759387969971,,0.5250074863433838,,0.11117663979530334
,5484.0,26,6.681379454676062e-05,66399,,0.6706892251968384,,0.9234163761138916,,0.5250848531723022,,0.1111922562122345
,5452.0,26,6.678620411548764e-05,66449,,0.6143239140510559,,1.2252997159957886,,0.5251673460006714,,0.11120790988206863
,5528.0,26,6.675862096017227e-05,66499,,0.823576033115387,,0.9248021841049194,,0.5252388715744019,,0.11122111231088638
,5520.0,26,6.67310378048569e-05,66549,,0.7010706663131714,,1.4162732362747192,,0.5253086686134338,,0.11123143136501312
,5516.0,26,6.670344737358391e-05,66599,,0.751414954662323,,1.1242817640304565,,0.5253775119781494,,0.11124838143587112
,5504.0,26,6.667586421826854e-05,66649,,0.513624370098114,,0.7279471158981323,,0.525444507598877,,0.11126376688480377
,5524.0,26,6.664827378699556e-05,66699,,0.6261170506477356,,1.2134708166122437,,0.5255171060562134,,0.11127914488315582
,5452.0,26,6.662069063168019e-05,66749,,0.6159801483154297,,1.2021845579147339,,0.5255976915359497,,0.11129453033208847
,5512.0,26,6.659310020040721e-05,66799,,0.7910422682762146,,1.2221826314926147,,0.5256677865982056,,0.11131102591753006
,5532.0,26,6.656551704509184e-05,66849,,0.7349523901939392,,1.5105034112930298,,0.5257455706596375,,0.11132946610450745
,5432.0,26,6.653793388977647e-05,66899,,0.6369224190711975,,1.2215075492858887,,0.5258233547210693,,0.11134583503007889
,5496.0,26,6.651034345850348e-05,66949,,0.7257665395736694,,1.5643644332885742,,0.5258974432945251,,0.11136778444051743
,5380.0,26,6.648276030318812e-05,66999,,0.6464734673500061,,1.3743956089019775,,0.5259701013565063,,0.1113814115524292
,5424.0,26,6.645516987191513e-05,67049,,0.6706323027610779,,1.1076509952545166,,0.5260425806045532,,0.11139829456806183
,5520.0,26,6.642758671659976e-05,67099,,0.6179855465888977,,1.0949738025665283,,0.5261127948760986,,0.11141236126422882
,5416.0,26,6.640000356128439e-05,67149,,0.8260775208473206,,1.3154423236846924,,0.5261898040771484,,0.1114286258816719
,5392.0,26,6.637241313001141e-05,67199,,0.7451075315475464,,1.225240707397461,,0.5262675285339355,,0.11144229024648666
,5504.0,26,6.634482997469604e-05,67249,,0.7754778861999512,,1.1448336839675903,,0.5263476967811584,,0.11145496368408203
,5528.0,26,6.631723954342306e-05,67299,,0.677976667881012,,1.082688570022583,,0.5264235138893127,,0.11147145926952362
,5544.0,26,6.628965638810769e-05,67349,,0.9117871522903442,,1.5698702335357666,,0.5264930725097656,,0.11148656904697418
,5384.0,26,6.62620659568347e-05,67399,,0.7758451700210571,,1.325235366821289,,0.5265626907348633,,0.11149875074625015
,5428.0,26,6.623448280151933e-05,67449,,0.6777946352958679,,1.2823641300201416,,0.5266331434249878,,0.11151023954153061
,5508.0,26,6.620689964620396e-05,67499,,0.6376784443855286,,1.1986244916915894,,0.5267054438591003,,0.11152005195617676
,5468.0,26,6.617930921493098e-05,67549,,0.41237953305244446,,0.7088727355003357,,0.5267820358276367,,0.1115303784608841
,5484.0,26,6.615172605961561e-05,67599,,0.6712257862091064,,1.1982839107513428,,0.5268519520759583,,0.11154018342494965
,5460.0,26,6.612413562834263e-05,67649,,0.7227900624275208,,1.1297551393508911,,0.5269267559051514,,0.1115533858537674
,5500.0,26,6.609655247302726e-05,67699,,0.6653872728347778,,1.2244259119033813,,0.5270036458969116,,0.11156542599201202
5462.4765625,,26,,67715,0.6883593201637268,,1.208670735359192,,0.5251868963241577,,0.11122641712427139,
,5520.0,27,6.606896204175428e-05,67749,,0.7104676365852356,,1.3251750469207764,,0.5270748138427734,,0.11157653480768204
,5436.0,27,6.60413788864389e-05,67799,,0.8361453413963318,,1.3160099983215332,,0.5271429419517517,,0.11158856749534607
,5484.0,27,6.601379573112354e-05,67849,,0.7195557355880737,,1.396714210510254,,0.5272178649902344,,0.11159564554691315
,5396.0,27,6.598620529985055e-05,67899,,0.8720521926879883,,0.7239323854446411,,0.5272924304008484,,0.1116015836596489
,5416.0,27,6.595862214453518e-05,67949,,0.7745506763458252,,1.21845281124115,,0.5273714661598206,,0.11161012947559357
,5536.0,27,6.59310317132622e-05,67999,,0.529789924621582,,0.8322432041168213,,0.5274442434310913,,0.11161758005619049
,5356.0,27,6.590344855794683e-05,68049,,0.7353397011756897,,1.1926099061965942,,0.5275170803070068,,0.11162789165973663
,5520.0,27,6.587586540263146e-05,68099,,0.6669028997421265,,1.1983373165130615,,0.5275858044624329,,0.11163674294948578
,5484.0,27,6.584827497135848e-05,68149,,0.6829043030738831,,1.0664570331573486,,0.5276591181755066,,0.11164580285549164
,5492.0,27,6.582069181604311e-05,68199,,0.7783041596412659,,1.3956079483032227,,0.5277309417724609,,0.11165443062782288
,5484.0,27,6.579310138477013e-05,68249,,0.7222716808319092,,1.1067802906036377,,0.5277950763702393,,0.11165999621152878
,5476.0,27,6.576551822945476e-05,68299,,0.675707221031189,,1.3763395547866821,,0.5278666019439697,,0.11166587471961975
,5496.0,27,6.573792779818177e-05,68349,,0.7065709829330444,,1.3416821956634521,,0.5279403328895569,,0.11167491227388382
,5472.0,27,6.57103446428664e-05,68399,,0.6611108183860779,,1.516039252281189,,0.5280061960220337,,0.11168864369392395
,5464.0,27,6.568276148755103e-05,68449,,0.6931312084197998,,1.2913647890090942,,0.5280749201774597,,0.11170031130313873
,5484.0,27,6.565517105627805e-05,68499,,0.5650116801261902,,0.9302651882171631,,0.5281460285186768,,0.1117037758231163
,5476.0,27,6.562758790096268e-05,68549,,0.6937986612319946,,1.4991563558578491,,0.5282203555107117,,0.1117120012640953
,5452.0,27,6.55999974696897e-05,68599,,0.7143283486366272,,1.2267485857009888,,0.5282929539680481,,0.11172496527433395
,5460.0,27,6.557241431437433e-05,68649,,0.6088364124298096,,1.625626564025879,,0.528355062007904,,0.11173620820045471
,5452.0,27,6.554483115905896e-05,68699,,0.7870352864265442,,1.1557034254074097,,0.5284283757209778,,0.11174468696117401
,5436.0,27,6.551724072778597e-05,68749,,0.7706955075263977,,1.2696658372879028,,0.5285024642944336,,0.11175645142793655
,5452.0,27,6.54896575724706e-05,68799,,0.7749584913253784,,1.1941266059875488,,0.5285789966583252,,0.11176427453756332
,5460.0,27,6.546206714119762e-05,68849,,0.7259377241134644,,1.468482494354248,,0.5286549925804138,,0.11177746206521988
,5436.0,27,6.543448398588225e-05,68899,,0.7462160587310791,,1.1328154802322388,,0.52872633934021,,0.11179067939519882
,5424.0,27,6.540689355460927e-05,68949,,0.7919530272483826,,1.0849188566207886,,0.5287927389144897,,0.11180057376623154
,5472.0,27,6.53793103992939e-05,68999,,0.7732416987419128,,1.5747394561767578,,0.5288655757904053,,0.11180955171585083
,5444.0,27,6.535172724397853e-05,69049,,0.7675940990447998,,1.0288867950439453,,0.5289388298988342,,0.11182500422000885
,5460.0,27,6.532413681270555e-05,69099,,0.9629353284835815,,1.5774950981140137,,0.5290105938911438,,0.11183842271566391
,5424.0,27,6.529655365739018e-05,69149,,0.810545027256012,,0.9691587090492249,,0.529086709022522,,0.11185362190008163
,5548.0,27,6.52689632261172e-05,69199,,0.6915850639343262,,1.2618728876113892,,0.5291568636894226,,0.11186593025922775
,5476.0,27,6.524138007080182e-05,69249,,0.6433320045471191,,1.0666753053665161,,0.5292248725891113,,0.11187374591827393
,5432.0,27,6.521378963952884e-05,69299,,0.7540515065193176,,1.2129517793655396,,0.5293002128601074,,0.11188509315252304
,5448.0,27,6.518620648421347e-05,69349,,0.7594291567802429,,1.070294737815857,,0.5293700695037842,,0.11189419031143188
,5476.0,27,6.51586233288981e-05,69399,,0.7074518203735352,,1.3240880966186523,,0.5294350385665894,,0.11190233379602432
,5468.0,27,6.513103289762512e-05,69449,,0.6805298328399658,,1.091846227645874,,0.5295088291168213,,0.11191500723361969
,5404.0,27,6.510344974230975e-05,69499,,0.6498281359672546,,1.470738172531128,,0.529579222202301,,0.11192899942398071
,5492.0,27,6.507585931103677e-05,69549,,0.7917389869689941,,1.205627679824829,,0.5296502113342285,,0.11194084584712982
,5508.0,27,6.50482761557214e-05,69599,,0.7422525882720947,,1.1122201681137085,,0.5297188758850098,,0.11195032298564911
,5440.0,27,6.502069300040603e-05,69649,,0.6560952663421631,,0.9433565735816956,,0.5297874808311462,,0.11196282505989075
,5488.0,27,6.499310256913304e-05,69699,,0.7498360872268677,,1.3198230266571045,,0.5298574566841125,,0.11197157949209213
,5428.0,27,6.496551941381767e-05,69749,,0.628422737121582,,0.9438954591751099,,0.5299273729324341,,0.11197909712791443
,5400.0,27,6.493792898254469e-05,69799,,0.8170351386070251,,1.308095932006836,,0.5299912691116333,,0.11198651790618896
,5468.0,27,6.491034582722932e-05,69849,,0.7012624144554138,,1.248923659324646,,0.5300600528717041,,0.11199373751878738
,5448.0,27,6.488275539595634e-05,69899,,0.6561136841773987,,1.2995939254760742,,0.5301284790039062,,0.11199973523616791
,5468.0,27,6.485517224064097e-05,69949,,0.6693000793457031,,0.9547986388206482,,0.530192494392395,,0.11201096326112747
,5472.0,27,6.48275890853256e-05,69999,,0.5772714018821716,,1.0566515922546387,,0.5302593111991882,,0.11202067136764526
,5420.0,27,6.479999865405262e-05,70049,,0.6371157765388489,,1.1044024229049683,,0.5303289890289307,,0.11203020811080933
,5492.0,27,6.477241549873725e-05,70099,,0.5956965684890747,,1.0536075830459595,,0.5303948521614075,,0.11203961074352264
,5384.0,27,6.474482506746426e-05,70149,,0.7577818632125854,,1.2560681104660034,,0.5304693579673767,,0.11205468326807022
,5468.0,27,6.471724191214889e-05,70199,,0.7541430592536926,,0.7735614776611328,,0.530539333820343,,0.11206704378128052
5460.30615234375,,27,,70223,0.7176414728164673,,1.2025171518325806,,0.5288307666778564,,0.11181475967168808,
,5500.0,28,6.468965875683352e-05,70249,,0.6919450163841248,,1.2602434158325195,,0.5306055545806885,,0.11207478493452072
,5468.0,28,6.466206832556054e-05,70299,,0.6362587809562683,,1.2755732536315918,,0.5306771397590637,,0.1120840460062027
,5488.0,28,6.463448517024517e-05,70349,,0.7366448640823364,,1.617112398147583,,0.5307466983795166,,0.11209365725517273
,5480.0,28,6.460689473897219e-05,70399,,0.7387184500694275,,1.227226734161377,,0.5308217406272888,,0.11210339516401291
,5456.0,28,6.457931158365682e-05,70449,,0.6625155806541443,,1.02680242061615,,0.5308910012245178,,0.1121126264333725
,5428.0,28,6.455172115238383e-05,70499,,0.7028030157089233,,1.6150379180908203,,0.5309593081474304,,0.11212838441133499
,5452.0,28,6.452413799706846e-05,70549,,0.7622889876365662,,1.135650873184204,,0.5310274362564087,,0.11213991045951843
,5548.0,28,6.44965548417531e-05,70599,,0.6928478479385376,,1.1141761541366577,,0.5311014652252197,,0.11215098947286606
,5416.0,28,6.446896441048011e-05,70649,,0.8091092705726624,,1.3843883275985718,,0.5311698317527771,,0.11216916143894196
,5532.0,28,6.444138125516474e-05,70699,,0.6727269887924194,,1.1310445070266724,,0.5312439203262329,,0.11218176037073135
,5492.0,28,6.441379082389176e-05,70749,,0.740888237953186,,1.2882035970687866,,0.5313113331794739,,0.11219201982021332
,5404.0,28,6.438620766857639e-05,70799,,0.6231708526611328,,1.0826877355575562,,0.5313860774040222,,0.11220201849937439
,5512.0,28,6.43586172373034e-05,70849,,0.7501490712165833,,1.4579956531524658,,0.531455397605896,,0.1122155636548996
,5432.0,28,6.433103408198804e-05,70899,,0.6713093519210815,,1.0476648807525635,,0.5315247774124146,,0.11223213374614716
,5468.0,28,6.430345092667267e-05,70949,,0.6371078491210938,,0.9327374696731567,,0.5315924286842346,,0.11224449425935745
,5460.0,28,6.427586049539968e-05,70999,,0.7935027480125427,,1.1831326484680176,,0.5316566824913025,,0.11225364357233047
,5436.0,28,6.424827734008431e-05,71049,,0.7208370566368103,,1.0301947593688965,,0.5317259430885315,,0.11226572841405869
,5456.0,28,6.422068690881133e-05,71099,,0.8856788277626038,,1.1811963319778442,,0.531794548034668,,0.11228273808956146
,5484.0,28,6.419310375349596e-05,71149,,0.7985714077949524,,1.1809109449386597,,0.5318590402603149,,0.11229033768177032
,5468.0,28,6.416552059818059e-05,71199,,0.9614363312721252,,1.325303077697754,,0.5319262146949768,,0.11230041086673737
,5500.0,28,6.413793016690761e-05,71249,,0.7081660628318787,,1.2930573225021362,,0.5320003032684326,,0.11231037229299545
,5508.0,28,6.411034701159224e-05,71299,,0.884191632270813,,1.1148602962493896,,0.5320694446563721,,0.1123230904340744
,5528.0,28,6.408275658031926e-05,71349,,0.7321574687957764,,0.9887261986732483,,0.5321364402770996,,0.112339086830616
,5452.0,28,6.405517342500389e-05,71399,,0.745439887046814,,1.311635971069336,,0.5322076082229614,,0.11235322803258896
,5492.0,28,6.40275829937309e-05,71449,,0.8283222317695618,,1.2832376956939697,,0.5322744250297546,,0.11236928403377533
,5476.0,28,6.399999983841553e-05,71499,,0.6956574320793152,,1.0418944358825684,,0.5323410630226135,,0.11237682402133942
,5428.0,28,6.397241668310016e-05,71549,,0.7221546769142151,,1.3578459024429321,,0.5324167013168335,,0.11238598078489304
,5400.0,28,6.394482625182718e-05,71599,,0.7420157790184021,,0.9666659832000732,,0.5324776768684387,,0.11239547282457352
,5500.0,28,6.391724309651181e-05,71649,,0.753307044506073,,1.266632318496704,,0.5325446724891663,,0.11241050809621811
,5516.0,28,6.388965266523883e-05,71699,,0.6180782914161682,,0.8893815875053406,,0.53260737657547,,0.11241813004016876
,5432.0,28,6.386206950992346e-05,71749,,0.6774218678474426,,1.4595967531204224,,0.5326728820800781,,0.11242835223674774
,5480.0,28,6.383448635460809e-05,71799,,0.9926647543907166,,1.3148164749145508,,0.5327395796775818,,0.11243634670972824
,5496.0,28,6.38068959233351e-05,71849,,0.6616628766059875,,0.9937660694122314,,0.5328073501586914,,0.11244421452283859
,5452.0,28,6.377931276801974e-05,71899,,0.6731506586074829,,1.0554884672164917,,0.532880961894989,,0.11245262622833252
,5516.0,28,6.375172233674675e-05,71949,,0.7068008780479431,,0.9727251529693604,,0.5329513549804688,,0.11246316134929657
,5484.0,28,6.372413918143138e-05,71999,,0.5912715196609497,,1.1401286125183105,,0.5330203771591187,,0.11247463524341583
,5448.0,28,6.36965487501584e-05,72049,,0.7647740244865417,,1.164454460144043,,0.5330862402915955,,0.11248677223920822
,5504.0,28,6.366896559484303e-05,72099,,0.606299638748169,,1.0799460411071777,,0.5331551432609558,,0.1124950647354126
,5416.0,28,6.364138243952766e-05,72149,,0.7628504633903503,,1.2419430017471313,,0.5332200527191162,,0.11250285059213638
,5516.0,28,6.361379200825468e-05,72199,,0.6570895314216614,,1.0825096368789673,,0.533285915851593,,0.11251193284988403
,5400.0,28,6.358620885293931e-05,72249,,0.7937703132629395,,1.277783989906311,,0.5333521366119385,,0.1125190258026123
,5480.0,28,6.355861842166632e-05,72299,,0.7665457725524902,,1.146122694015503,,0.533420979976654,,0.11252912878990173
,5536.0,28,6.353103526635095e-05,72349,,0.8193634152412415,,1.4651670455932617,,0.5334841012954712,,0.11253572255373001
,5352.0,28,6.350344483507797e-05,72399,,0.6342775821685791,,1.0115681886672974,,0.5335512161254883,,0.11254353076219559
,5416.0,28,6.34758616797626e-05,72449,,0.6721033453941345,,1.11799156665802,,0.5336191654205322,,0.11254867911338806
,5428.0,28,6.344827852444723e-05,72499,,0.8288555145263672,,1.3120745420455933,,0.5336865186691284,,0.1125568151473999
,5528.0,28,6.342068809317425e-05,72549,,0.6319829821586609,,1.0807133913040161,,0.5337523221969604,,0.11256623268127441
,5492.0,28,6.339310493785888e-05,72599,,0.9412950277328491,,1.2191040515899658,,0.5338160991668701,,0.11257444322109222
,5536.0,28,6.33655145065859e-05,72649,,0.7780570387840271,,1.0149481296539307,,0.5338855981826782,,0.11258386820554733
,5420.0,28,6.333793135127053e-05,72699,,0.8061172366142273,,1.3832846879959106,,0.5339463353157043,,0.11259009689092636
5462.6748046875,,28,,72731,0.7419946789741516,,1.185888648033142,,0.5323156118392944,,0.1123562753200531,
,5492.0,29,6.331034819595516e-05,72749,,0.694004237651825,,0.930631160736084,,0.5340105295181274,,0.11259463429450989
,5480.0,29,6.328275776468217e-05,72799,,0.8177399039268494,,1.436570167541504,,0.5340775847434998,,0.11260479688644409
,5496.0,29,6.32551746093668e-05,72849,,0.7972217798233032,,1.0869319438934326,,0.5341482162475586,,0.11261601746082306
,5392.0,29,6.322758417809382e-05,72899,,0.7624055743217468,,1.15512216091156,,0.5342171788215637,,0.11262623220682144
,5504.0,29,6.320000102277845e-05,72949,,0.661117672920227,,1.087724208831787,,0.5342841148376465,,0.11263827234506607
,5416.0,29,6.317241059150547e-05,72999,,0.6383756995201111,,1.1739157438278198,,0.5343539714813232,,0.11265067011117935
,5400.0,29,6.31448274361901e-05,73049,,0.6390619277954102,,1.1085015535354614,,0.5344208478927612,,0.11266615986824036
,5508.0,29,6.311724428087473e-05,73099,,0.7220063805580139,,1.25749933719635,,0.5344862937927246,,0.11267513036727905
,5456.0,29,6.308965384960175e-05,73149,,0.696403443813324,,1.2619937658309937,,0.5345558524131775,,0.11268936842679977
,5368.0,29,6.306207069428638e-05,73199,,0.6363860368728638,,0.8384156227111816,,0.5346212387084961,,0.11270249634981155
,5440.0,29,6.303448026301339e-05,73249,,0.7288286685943604,,1.3677399158477783,,0.5346903204917908,,0.1127137541770935
,5480.0,29,6.300689710769802e-05,73299,,0.7583432793617249,,0.9093093872070312,,0.534754753112793,,0.11272331327199936
,5456.0,29,6.297931395238265e-05,73349,,0.8368722796440125,,1.450931191444397,,0.5348243117332458,,0.11273646354675293
,5496.0,29,6.295172352110967e-05,73399,,0.852230429649353,,1.5262643098831177,,0.5348889827728271,,0.11274653673171997
,5428.0,29,6.29241403657943e-05,73449,,0.7203900218009949,,1.4163084030151367,,0.5349543690681458,,0.11275886744260788
,5428.0,29,6.289654993452132e-05,73499,,0.8588303327560425,,1.4833132028579712,,0.5350197553634644,,0.11277240514755249
,5452.0,29,6.286896677920595e-05,73549,,0.5731609463691711,,0.8592170476913452,,0.5350834131240845,,0.1127864420413971
,5428.0,29,6.284137634793296e-05,73599,,0.6679503917694092,,1.0690797567367554,,0.535147488117218,,0.11279365420341492
,5416.0,29,6.28137931926176e-05,73649,,0.7523122429847717,,1.7936828136444092,,0.5352120399475098,,0.11280527710914612
,5456.0,29,6.278621003730223e-05,73699,,0.7945544123649597,,1.116292119026184,,0.5352748036384583,,0.11281687021255493
,5472.0,29,6.275861960602924e-05,73749,,0.7996243834495544,,1.344568133354187,,0.5353344678878784,,0.11282800137996674
,5456.0,29,6.273103645071387e-05,73799,,0.8283949494361877,,1.176379919052124,,0.5353994965553284,,0.11284354329109192
,5484.0,29,6.270344601944089e-05,73849,,1.0091840028762817,,1.031935691833496,,0.5354644060134888,,0.11285801231861115
,5440.0,29,6.267586286412552e-05,73899,,0.7695327401161194,,1.1192388534545898,,0.535530149936676,,0.1128711923956871
,5480.0,29,6.264827243285254e-05,73949,,0.8171862363815308,,1.3321435451507568,,0.5355967283248901,,0.11288602650165558
,5476.0,29,6.262068927753717e-05,73999,,0.801800012588501,,1.5554240942001343,,0.5356618762016296,,0.11289893835783005
,5504.0,29,6.25931061222218e-05,74049,,0.843899667263031,,1.1593878269195557,,0.5357274413108826,,0.11290986090898514
,5456.0,29,6.256551569094881e-05,74099,,0.7728813886642456,,1.163535475730896,,0.535794734954834,,0.11291904002428055
,5436.0,29,6.253793253563344e-05,74149,,0.7603639960289001,,1.029942512512207,,0.5358551740646362,,0.11292926222085953
,5528.0,29,6.251034210436046e-05,74199,,0.8146165013313293,,1.559387445449829,,0.5359206795692444,,0.11294006556272507
,5484.0,29,6.248275894904509e-05,74249,,0.7776253819465637,,1.3051878213882446,,0.5359870195388794,,0.1129520833492279
,5476.0,29,6.245517579372972e-05,74299,,0.6092675924301147,,1.036695957183838,,0.5360515117645264,,0.11296269297599792
,5444.0,29,6.242758536245674e-05,74349,,0.6562123894691467,,0.8926330208778381,,0.5361120104789734,,0.11297310143709183
,5416.0,29,6.240000220714137e-05,74399,,0.5909406542778015,,0.9296530485153198,,0.5361786484718323,,0.11298003047704697
,5408.0,29,6.237241177586839e-05,74449,,0.8840963840484619,,1.139564871788025,,0.5362435579299927,,0.11299186944961548
,5476.0,29,6.234482862055302e-05,74499,,0.8631265163421631,,1.327551007270813,,0.536310613155365,,0.11300259828567505
,5552.0,29,6.231723818928003e-05,74549,,0.751262366771698,,1.0827401876449585,,0.5363781452178955,,0.11301232129335403
,5520.0,29,6.228965503396466e-05,74599,,0.7131557464599609,,0.9706750512123108,,0.5364446640014648,,0.11302465945482254
,5472.0,29,6.22620718786493e-05,74649,,0.7534457445144653,,1.137649416923523,,0.53650963306427,,0.11303312331438065
,5512.0,29,6.223448144737631e-05,74699,,0.9755392670631409,,1.2587130069732666,,0.5365706086158752,,0.11304362118244171
,5440.0,29,6.220689829206094e-05,74749,,0.6706231236457825,,0.9909945726394653,,0.5366337895393372,,0.11305394023656845
,5440.0,29,6.217930786078796e-05,74799,,0.8730242848396301,,1.322615385055542,,0.5367066860198975,,0.11306591331958771
,5408.0,29,6.215172470547259e-05,74849,,0.7361825704574585,,0.9013910293579102,,0.536766529083252,,0.11307796090841293
,5472.0,29,6.212414155015722e-05,74899,,0.7907130718231201,,1.1039397716522217,,0.5368318557739258,,0.11308546364307404
,5460.0,29,6.209655111888424e-05,74949,,0.7941771149635315,,1.307443618774414,,0.536893904209137,,0.11309259384870529
,5460.0,29,6.206896796356887e-05,74999,,0.7732435464859009,,1.041487455368042,,0.5369634628295898,,0.11310331523418427
,5528.0,29,6.204137753229588e-05,75049,,0.8500938415527344,,1.1056890487670898,,0.5370301008224487,,0.11311718076467514
,5464.0,29,6.201379437698051e-05,75099,,0.8322181105613708,,1.3033803701400757,,0.5370908975601196,,0.11312682181596756
,5424.0,29,6.198620394570753e-05,75149,,0.8635485172271729,,1.3416489362716675,,0.5371493101119995,,0.11313703656196594
,5480.0,29,6.195862079039216e-05,75199,,0.8117787837982178,,1.0234456062316895,,0.5372108817100525,,0.11314558982849121
5462.50830078125,,29,,75239,0.7629932165145874,,1.179089069366455,,0.5356560945510864,,0.11288494616746902,
,5420.0,30,6.193103763507679e-05,75249,,0.7702496647834778,,1.0326669216156006,,0.5372663736343384,,0.1131543517112732
,5528.0,30,6.190344720380381e-05,75299,,0.7104999423027039,,0.8490936756134033,,0.5373276472091675,,0.11316167563199997
,5452.0,30,6.187586404848844e-05,75349,,0.7994534969329834,,1.3732408285140991,,0.537389874458313,,0.11317020654678345
,5500.0,30,6.184827361721545e-05,75399,,0.8327275514602661,,1.335824728012085,,0.5374559164047241,,0.11317957192659378
,5432.0,30,6.182069046190009e-05,75449,,0.8883426785469055,,1.4636622667312622,,0.5375189781188965,,0.1131875216960907
,5548.0,30,6.17931000306271e-05,75499,,0.9089889526367188,,1.1193163394927979,,0.5375871658325195,,0.11319615691900253
,5368.0,30,6.176551687531173e-05,75549,,0.6622883677482605,,0.9512811899185181,,0.5376489758491516,,0.11320429295301437
,5560.0,30,6.173793371999636e-05,75599,,0.7815862894058228,,1.6425811052322388,,0.537716269493103,,0.11321365833282471
,5468.0,30,6.171034328872338e-05,75649,,0.7755556702613831,,1.061341404914856,,0.5377805829048157,,0.1132260113954544
,5492.0,30,6.168276013340801e-05,75699,,0.8016914129257202,,1.1623051166534424,,0.5378433465957642,,0.11323763430118561
,5468.0,30,6.165516970213503e-05,75749,,0.6967272162437439,,0.7951404452323914,,0.537908673286438,,0.1132485419511795
,5500.0,30,6.162758654681966e-05,75799,,0.7908053398132324,,1.251166820526123,,0.5379688143730164,,0.11325995624065399
,5492.0,30,6.160000339150429e-05,75849,,0.614456832408905,,0.9360224008560181,,0.5380350351333618,,0.11326909810304642
,5408.0,30,6.15724129602313e-05,75899,,0.6616293787956238,,1.199591040611267,,0.5380976796150208,,0.11328127980232239
,5448.0,30,6.154482980491593e-05,75949,,0.7588422298431396,,1.2276604175567627,,0.53815758228302,,0.11329543590545654
,5360.0,30,6.151723937364295e-05,75999,,0.7648611664772034,,1.5556299686431885,,0.5382175445556641,,0.1133115366101265
,5544.0,30,6.148965621832758e-05,76049,,0.8659763336181641,,1.0808231830596924,,0.5382804870605469,,0.11332365870475769
,5472.0,30,6.14620657870546e-05,76099,,0.8140628933906555,,1.4477523565292358,,0.5383414626121521,,0.11333386600017548
,5428.0,30,6.143448263173923e-05,76149,,0.7718547582626343,,1.1364467144012451,,0.5384010076522827,,0.11334443837404251
,5460.0,30,6.140689947642386e-05,76199,,0.9333338141441345,,1.4445265531539917,,0.538460373878479,,0.11335590481758118
,5400.0,30,6.137930904515088e-05,76249,,0.8132437467575073,,1.2102793455123901,,0.5385271906852722,,0.11337265372276306
,5380.0,30,6.13517258898355e-05,76299,,0.7908302545547485,,1.2810680866241455,,0.538591742515564,,0.11338739842176437
,5500.0,30,6.132413545856252e-05,76349,,0.7752673625946045,,0.8756452202796936,,0.5386518836021423,,0.11339928209781647
,5440.0,30,6.129655230324715e-05,76399,,0.612692654132843,,0.9583615660667419,,0.5387194752693176,,0.1134105771780014
,5436.0,30,6.126896914793178e-05,76449,,0.7300071120262146,,1.4912701845169067,,0.5387802124023438,,0.11341911554336548
,5392.0,30,6.12413787166588e-05,76499,,0.7339288592338562,,1.370226263999939,,0.5388439893722534,,0.11342867463827133
,5376.0,30,6.121379556134343e-05,76549,,0.790385365486145,,1.0253652334213257,,0.5389095544815063,,0.11343739181756973
,5440.0,30,6.118620513007045e-05,76599,,0.7017459869384766,,0.8614793419837952,,0.5389710068702698,,0.11345013976097107
,5476.0,30,6.115862197475508e-05,76649,,0.7968184351921082,,0.9848875999450684,,0.539034366607666,,0.11345923691987991
,5480.0,30,6.11310315434821e-05,76699,,0.6651673316955566,,1.1852103471755981,,0.5390928983688354,,0.11346738040447235
,5404.0,30,6.110344838816673e-05,76749,,0.7501794695854187,,0.9089373350143433,,0.5391595363616943,,0.1134805753827095
,5460.0,30,6.107586523285136e-05,76799,,0.6473066210746765,,0.9395518898963928,,0.5392245650291443,,0.11348751932382584
,5472.0,30,6.104827480157837e-05,76849,,0.7682471871376038,,1.0461788177490234,,0.5392880439758301,,0.11349506676197052
,5436.0,30,6.1020688008284196e-05,76899,,1.043387532234192,,1.361067771911621,,0.5393539667129517,,0.11350563168525696
,5400.0,30,6.099310485296883e-05,76949,,0.9686891436576843,,1.1088532209396362,,0.5394167900085449,,0.11351726204156876
,5408.0,30,6.096551805967465e-05,76999,,0.8240636587142944,,1.185148000717163,,0.5394740104675293,,0.1135278269648552
,5444.0,30,6.0937931266380474e-05,77049,,0.8173253536224365,,1.1186649799346924,,0.5395298600196838,,0.11354035884141922
,5412.0,30,6.09103444730863e-05,77099,,0.8572748899459839,,1.1405153274536133,,0.5395877361297607,,0.11354903876781464
,5468.0,30,6.088275767979212e-05,77149,,0.7690011858940125,,1.3133704662322998,,0.539646565914154,,0.11355727165937424
,5516.0,30,6.0855170886497945e-05,77199,,0.6252056360244751,,0.9441165328025818,,0.5397104620933533,,0.11356755346059799
,5372.0,30,6.0827587731182575e-05,77249,,0.8674939870834351,,1.3827362060546875,,0.5397727489471436,,0.11357669532299042
,5464.0,30,6.08000009378884e-05,77299,,0.7439373731613159,,1.035913348197937,,0.5398318767547607,,0.11358405649662018
,5404.0,30,6.077241414459422e-05,77349,,0.9273550510406494,,0.9887130260467529,,0.5398944616317749,,0.11359181255102158
,5456.0,30,6.0744827351300046e-05,77399,,0.7375392913818359,,1.066999912261963,,0.5399543046951294,,0.11359743773937225
,5480.0,30,6.071724055800587e-05,77449,,0.8759915232658386,,1.0634487867355347,,0.5400142669677734,,0.11360514163970947
,5452.0,30,6.068965376471169e-05,77499,,0.8720229864120483,,0.9906684756278992,,0.5400765538215637,,0.11361538618803024
,5436.0,30,6.0662070609396324e-05,77549,,0.9453274011611938,,1.6865010261535645,,0.5401347875595093,,0.11362618207931519
,5480.0,30,6.063448381610215e-05,77599,,0.7732614874839783,,1.131957769393921,,0.5401935577392578,,0.11363682150840759
,5440.0,30,6.060689702280797e-05,77649,,0.8608486652374268,,1.3966796398162842,,0.5402536392211914,,0.11364895105361938
,5420.0,30,6.0579310229513794e-05,77699,,0.790611982345581,,1.0068576335906982,,0.5403165817260742,,0.11365802586078644
5460.84912109375,,30,,77747,0.7993863224983215,,1.1687421798706055,,0.538844883441925,,0.11341775208711624,
,5460.0,31,6.055172343621962e-05,77749,,0.8444817662239075,,1.050962209701538,,0.5403772592544556,,0.11366820335388184
,5500.0,31,6.052413664292544e-05,77799,,0.6974658966064453,,1.0308488607406616,,0.5404418110847473,,0.11367399245500565
,5512.0,31,6.049655348761007e-05,77849,,0.788722038269043,,1.0968749523162842,,0.5405007600784302,,0.11368165910243988
,5480.0,31,6.0468966694315895e-05,77899,,0.8708040118217468,,1.6285954713821411,,0.540558934211731,,0.11368954181671143
,5452.0,31,6.044137990102172e-05,77949,,0.7874032258987427,,1.1732052564620972,,0.5406133532524109,,0.11369975656270981
,5528.0,31,6.041379310772754e-05,77999,,0.7578980326652527,,1.3898512125015259,,0.5406749248504639,,0.11371111869812012
,5496.0,31,6.0386206314433366e-05,78049,,0.8903367519378662,,1.4092410802841187,,0.5407370924949646,,0.11372039467096329
,5436.0,31,6.035861952113919e-05,78099,,0.7274041175842285,,0.7078962326049805,,0.5407919883728027,,0.11373091489076614
,5484.0,31,6.033103272784501e-05,78149,,0.7748367786407471,,1.1076252460479736,,0.5408538579940796,,0.11374242603778839
,5428.0,31,6.0303449572529644e-05,78199,,0.8656627535820007,,1.062220573425293,,0.5409110188484192,,0.11375103890895844
,5484.0,31,6.027586277923547e-05,78249,,0.8313088417053223,,1.2367408275604248,,0.5409754514694214,,0.11376101523637772
,5440.0,31,6.024827598594129e-05,78299,,0.7738991379737854,,0.9550607800483704,,0.5410342216491699,,0.11376966536045074
,5420.0,31,6.0220689192647114e-05,78349,,0.7905882000923157,,1.3312050104141235,,0.541092038154602,,0.11377960443496704
,5504.0,31,6.019310239935294e-05,78399,,0.8195662498474121,,1.303269624710083,,0.5411502122879028,,0.1137874573469162
,5492.0,31,6.016551560605876e-05,78449,,0.711060643196106,,1.0044097900390625,,0.5412103533744812,,0.11379632353782654
,5540.0,31,6.013793245074339e-05,78499,,0.7946102023124695,,1.129494309425354,,0.5412710905075073,,0.11380615830421448
,5532.0,31,6.0110345657449216e-05,78549,,0.820540726184845,,1.004421353340149,,0.54133141040802,,0.11381349712610245
,5480.0,31,6.008275886415504e-05,78599,,0.8922998905181885,,1.3769431114196777,,0.5413914918899536,,0.11382432281970978
,5552.0,31,6.005517207086086e-05,78649,,0.7423698902130127,,1.195074200630188,,0.5414500832557678,,0.11383318901062012
,5460.0,31,6.0027585277566686e-05,78699,,0.7657676339149475,,1.308661937713623,,0.5415055751800537,,0.11384120583534241
,5504.0,31,5.999999848427251e-05,78749,,0.8457725048065186,,1.0761550664901733,,0.5415681600570679,,0.11385009437799454
,5524.0,31,5.997241532895714e-05,78799,,0.8267098665237427,,1.2834495306015015,,0.5416305065155029,,0.11386115103960037
,5456.0,31,5.9944828535662964e-05,78849,,0.9145333766937256,,1.4463473558425903,,0.5416940450668335,,0.11387181282043457
,5436.0,31,5.991724174236879e-05,78899,,0.7783685922622681,,1.249786376953125,,0.5417534708976746,,0.11387832462787628
,5464.0,31,5.988965494907461e-05,78949,,0.6956126093864441,,1.126335620880127,,0.5418118834495544,,0.11388462036848068
,5436.0,31,5.9862068155780435e-05,78999,,0.8445945382118225,,1.2105038166046143,,0.5418736934661865,,0.11389389634132385
,5444.0,31,5.983448136248626e-05,79049,,0.6874269247055054,,1.2931663990020752,,0.5419378876686096,,0.11390518397092819
,5500.0,31,5.980689820717089e-05,79099,,0.7437918782234192,,0.9874740242958069,,0.5420018434524536,,0.11391909420490265
,5520.0,31,5.977931141387671e-05,79149,,0.7556548118591309,,1.276530146598816,,0.5420602560043335,,0.11393186450004578
,5488.0,31,5.9751724620582536e-05,79199,,0.7825057506561279,,1.050184726715088,,0.5421245098114014,,0.11394450068473816
,5440.0,31,5.972413782728836e-05,79249,,0.751406729221344,,1.034332275390625,,0.5421817302703857,,0.11395694315433502
,5420.0,31,5.969655103399418e-05,79299,,0.9523299932479858,,1.0081989765167236,,0.5422442555427551,,0.1139669418334961
,5452.0,31,5.9668964240700006e-05,79349,,0.8752651214599609,,1.1396316289901733,,0.5423051118850708,,0.11398196965456009
,5500.0,31,5.964138108538464e-05,79399,,0.8063215613365173,,1.3078745603561401,,0.542367160320282,,0.1139933317899704
,5524.0,31,5.961379429209046e-05,79449,,0.8126338720321655,,0.9828328490257263,,0.5424247980117798,,0.114005908370018
,5448.0,31,5.9586207498796284e-05,79499,,0.842217743396759,,0.8868244290351868,,0.5424822568893433,,0.1140184998512268
,5484.0,31,5.955862070550211e-05,79549,,0.7779040932655334,,0.9470419883728027,,0.542538046836853,,0.11402913928031921
,5496.0,31,5.953103391220793e-05,79599,,0.8210009336471558,,1.3988252878189087,,0.5425976514816284,,0.11404047161340714
,5448.0,31,5.9503447118913755e-05,79649,,0.8699173927307129,,1.0807998180389404,,0.542658805847168,,0.11405163258314133
,5484.0,31,5.947586032561958e-05,79699,,0.6956918835639954,,1.0155805349349976,,0.5427183508872986,,0.11406328529119492
,5480.0,31,5.944827717030421e-05,79749,,0.9367390871047974,,1.4461719989776611,,0.5427728891372681,,0.11407288908958435
,5496.0,31,5.942069037701003e-05,79799,,0.8387579321861267,,0.9124042987823486,,0.542833149433136,,0.11408089846372604
,5564.0,31,5.9393103583715856e-05,79849,,0.8457036018371582,,1.0804944038391113,,0.5428906679153442,,0.11408765614032745
,5504.0,31,5.936551679042168e-05,79899,,0.7916436791419983,,0.8273073434829712,,0.5429518222808838,,0.114096499979496
,5468.0,31,5.93379299971275e-05,79949,,0.8833390474319458,,0.764337420463562,,0.5430060625076294,,0.11410488933324814
,5488.0,31,5.931034320383333e-05,79999,,1.0051524639129639,,0.9483234286308289,,0.5430710911750793,,0.11411556601524353
,5480.0,31,5.928276004851796e-05,80049,,0.9578381776809692,,1.0797585248947144,,0.5431345701217651,,0.11412527412176132
,5488.0,31,5.925517325522378e-05,80099,,0.861274003982544,,1.3573622703552246,,0.5431958436965942,,0.11413322389125824
,5432.0,31,5.9227586461929604e-05,80149,,0.7868410348892212,,0.623196542263031,,0.5432524681091309,,0.11414264887571335
,5524.0,31,5.919999966863543e-05,80199,,0.8627756237983704,,1.0314924716949463,,0.5433138608932495,,0.11415228247642517
,5408.0,31,5.917241287534125e-05,80249,,0.7247544527053833,,0.8811904788017273,,0.543374240398407,,0.11416290700435638
5462.61865234375,,31,,80255,0.8231574296951294,,1.1633012294769287,,0.5418916940689087,,0.11391317844390869,
,5500.0,32,5.9144826082047075e-05,80299,,0.9001080989837646,,1.414067268371582,,0.5434346199035645,,0.11417113989591599
,5436.0,32,5.9117242926731706e-05,80349,,0.8033162355422974,,0.9583953022956848,,0.5434888601303101,,0.11417706310749054
,5476.0,32,5.908965613343753e-05,80399,,0.8830999732017517,,1.3178801536560059,,0.5435465574264526,,0.1141866147518158
,5476.0,32,5.906206934014335e-05,80449,,0.8918753266334534,,1.1884303092956543,,0.543609619140625,,0.11419355869293213
,5472.0,32,5.9034482546849176e-05,80499,,0.833692729473114,,1.3299041986465454,,0.5436711311340332,,0.11420061439275742
,5432.0,32,5.9006895753555e-05,80549,,0.8542640209197998,,1.065255880355835,,0.5437292456626892,,0.11420894414186478
,5512.0,32,5.897930896026082e-05,80599,,0.8064730167388916,,1.1813989877700806,,0.5437844395637512,,0.11422102153301239
,5464.0,32,5.8951725804945454e-05,80649,,0.8416271209716797,,0.9306596517562866,,0.5438446998596191,,0.11423583328723907
,5464.0,32,5.892413901165128e-05,80699,,0.9660329818725586,,1.430181860923767,,0.5438997745513916,,0.11424608528614044
,5440.0,32,5.88965522183571e-05,80749,,0.8138417601585388,,1.677629828453064,,0.5439527034759521,,0.11425386369228363
,5500.0,32,5.8868965425062925e-05,80799,,0.78937828540802,,1.2527762651443481,,0.5440133213996887,,0.11426202952861786
,5456.0,32,5.884137863176875e-05,80849,,0.7127859592437744,,1.1053826808929443,,0.5440677404403687,,0.11427155882120132
,5464.0,32,5.881379183847457e-05,80899,,0.7970330119132996,,1.075732707977295,,0.5441251993179321,,0.11428233981132507
,5432.0,32,5.87862086831592e-05,80949,,1.0043879747390747,,1.2158966064453125,,0.544184684753418,,0.11429079622030258
,5488.0,32,5.8758621889865026e-05,80999,,0.9668067693710327,,0.9969117045402527,,0.5442401170730591,,0.11430159211158752
,5516.0,32,5.873103509657085e-05,81049,,0.8542230725288391,,0.8492264747619629,,0.5442984104156494,,0.1143110990524292
,5480.0,32,5.870344830327667e-05,81099,,0.8440169095993042,,1.4011454582214355,,0.5443549156188965,,0.11432121694087982
,5416.0,32,5.8675861509982497e-05,81149,,0.8702400922775269,,1.1829757690429688,,0.5444146394729614,,0.11433035880327225
,5452.0,32,5.864827471668832e-05,81199,,0.9628276824951172,,1.139237880706787,,0.5444779396057129,,0.11434347182512283
,5452.0,32,5.8620687923394144e-05,81249,,0.9539965987205505,,1.7532951831817627,,0.5445374250411987,,0.11435389518737793
,5456.0,32,5.8593104768078774e-05,81299,,0.9181420207023621,,1.1591334342956543,,0.5446021556854248,,0.11436532437801361
,5424.0,32,5.85655179747846e-05,81349,,1.0048999786376953,,0.9737797379493713,,0.5446566343307495,,0.11437693238258362
,4385.0,32,5.853793118149042e-05,81399,,0.9882324934005737,,1.2010027170181274,,0.5447132587432861,,0.11438623070716858
,5436.0,32,5.8510344388196245e-05,81449,,0.6885935068130493,,1.163489580154419,,0.5447713136672974,,0.11439871788024902
,5448.0,32,5.848275759490207e-05,81499,,0.7742764353752136,,0.9490472078323364,,0.5448289513587952,,0.1144091784954071
,5500.0,32,5.845517080160789e-05,81549,,0.9847334027290344,,1.5060288906097412,,0.5448861122131348,,0.1144234836101532
,5444.0,32,5.842758764629252e-05,81599,,0.6661434769630432,,0.9273809194564819,,0.5449413657188416,,0.11443393677473068
,5504.0,32,5.8400000852998346e-05,81649,,0.8043961524963379,,1.0429409742355347,,0.545002281665802,,0.11444311589002609
,5464.0,32,5.837241405970417e-05,81699,,1.0116374492645264,,1.4274210929870605,,0.5450557470321655,,0.1144527792930603
,5456.0,32,5.834482726640999e-05,81749,,0.8408994674682617,,0.8995357751846313,,0.5451146960258484,,0.1144639104604721
,5472.0,32,5.831724047311582e-05,81799,,0.9210516810417175,,1.1692537069320679,,0.5451704859733582,,0.11446946114301682
,5440.0,32,5.828965367982164e-05,81849,,0.9055164456367493,,1.1998589038848877,,0.5452290773391724,,0.1144803911447525
,5432.0,32,5.826207052450627e-05,81899,,1.0294581651687622,,1.1013579368591309,,0.5452903509140015,,0.11448873579502106
,5412.0,32,5.8234483731212094e-05,81949,,0.9346270561218262,,0.9888296723365784,,0.5453461408615112,,0.11449901014566422
,5452.0,32,5.820689693791792e-05,81999,,0.6829788684844971,,1.3046119213104248,,0.5454007387161255,,0.11450829356908798
,5456.0,32,5.817931014462374e-05,82049,,0.7320894598960876,,1.2220230102539062,,0.5454555749893188,,0.11451445519924164
,5520.0,32,5.8151723351329565e-05,82099,,0.902987539768219,,1.7015365362167358,,0.5455162525177002,,0.11452239751815796
,5460.0,32,5.812413655803539e-05,82149,,0.9306542873382568,,1.056270718574524,,0.5455722212791443,,0.11453443765640259
,5496.0,32,5.809655340272002e-05,82199,,1.026070237159729,,1.1723240613937378,,0.545629620552063,,0.11454594880342484
,5520.0,32,5.806896660942584e-05,82249,,0.6877655386924744,,1.4213651418685913,,0.5456790924072266,,0.11455467343330383
,5464.0,32,5.8041379816131666e-05,82299,,0.861772894859314,,1.189841866493225,,0.5457378029823303,,0.11456558108329773
,5440.0,32,5.801379302283749e-05,82349,,0.8205856084823608,,1.1313363313674927,,0.5457960367202759,,0.11457455158233643
,5472.0,32,5.798620622954331e-05,82399,,0.9540684223175049,,1.5396777391433716,,0.5458496809005737,,0.11458505690097809
,5448.0,32,5.795861943624914e-05,82449,,0.6888898611068726,,0.8392285704612732,,0.5459108948707581,,0.11459623277187347
,5440.0,32,5.793103628093377e-05,82499,,0.8735226988792419,,1.356841802597046,,0.5459673404693604,,0.1146043986082077
,5468.0,32,5.790344948763959e-05,82549,,1.0130972862243652,,1.3519861698150635,,0.5460250973701477,,0.11461120843887329
,5412.0,32,5.7875862694345415e-05,82599,,0.8524314165115356,,1.1700549125671387,,0.5460854172706604,,0.11461923271417618
,5420.0,32,5.784827590105124e-05,82649,,0.8358802199363708,,1.1486378908157349,,0.5461403727531433,,0.11463086307048798
,5500.0,32,5.782068910775706e-05,82699,,0.7348840236663818,,1.2862964868545532,,0.5461969971656799,,0.11464016139507294
,5504.0,32,5.7793102314462885e-05,82749,,0.9894498586654663,,1.2351456880569458,,0.5462509393692017,,0.11464840918779373
5461.880859375,,32,,82763,0.8538709282875061,,1.15447199344635,,0.5448468327522278,,0.11441033333539963,
,5444.0,33,5.776551552116871e-05,82799,,0.9650043845176697,,1.3557978868484497,,0.5463021993637085,,0.11466166377067566
,5448.0,33,5.773793236585334e-05,82849,,0.8091952800750732,,1.5191844701766968,,0.5463560819625854,,0.11467209458351135
,5416.0,33,5.771034557255916e-05,82899,,0.822597086429596,,0.9493856430053711,,0.5464169979095459,,0.11468152701854706
,5452.0,33,5.7682758779264987e-05,82949,,0.6445277333259583,,0.9691131114959717,,0.5464732646942139,,0.11469265073537827
,5448.0,33,5.765517198597081e-05,82999,,0.7388685941696167,,1.541741967201233,,0.5465299487113953,,0.11470431089401245
,5452.0,33,5.7627585192676634e-05,83049,,1.0194437503814697,,1.2677944898605347,,0.5465831756591797,,0.11471143364906311
,5476.0,33,5.759999839938246e-05,83099,,0.9695001244544983,,1.3209561109542847,,0.5466427803039551,,0.11472013592720032
,5424.0,33,5.757241524406709e-05,83149,,0.6968491673469543,,0.7808984518051147,,0.5467014312744141,,0.11473093181848526
,5420.0,33,5.754482845077291e-05,83199,,0.7727048397064209,,1.1018377542495728,,0.5467545390129089,,0.11473962664604187
,5476.0,33,5.7517241657478735e-05,83249,,0.969285786151886,,1.1000072956085205,,0.5468053817749023,,0.11474975943565369
,5528.0,33,5.748965486418456e-05,83299,,0.9839128255844116,,1.743016242980957,,0.5468636155128479,,0.11475960910320282
,5556.0,33,5.746206807089038e-05,83349,,0.9179061651229858,,1.1791002750396729,,0.5469207763671875,,0.11477164924144745
,5480.0,33,5.7434481277596205e-05,83399,,0.9714102745056152,,1.5454139709472656,,0.5469821095466614,,0.11478326469659805
,5408.0,33,5.7406898122280836e-05,83449,,0.9669551253318787,,1.23263418674469,,0.5470441579818726,,0.11479344964027405
,5436.0,33,5.737931132898666e-05,83499,,0.7735848426818848,,0.5403288006782532,,0.5470987558364868,,0.11480183154344559
,5504.0,33,5.735172453569248e-05,83549,,1.0304765701293945,,1.639411211013794,,0.5471546649932861,,0.11481061577796936
,5444.0,33,5.732413774239831e-05,83599,,0.849255383014679,,1.1502968072891235,,0.5472096800804138,,0.11481989920139313
,5420.0,33,5.729655094910413e-05,83649,,1.0324043035507202,,0.857358992099762,,0.5472642779350281,,0.11482952535152435
,5504.0,33,5.7268964155809954e-05,83699,,1.1085119247436523,,1.1545130014419556,,0.5473257303237915,,0.11483681201934814
,5504.0,33,5.7241381000494584e-05,83749,,0.8826739192008972,,0.9086857438087463,,0.5473809838294983,,0.11484460532665253
,5416.0,33,5.721379420720041e-05,83799,,0.9078811407089233,,1.337131381034851,,0.5474346280097961,,0.11485739797353745
,5480.0,33,5.718620741390623e-05,83849,,0.974956750869751,,0.8153528571128845,,0.5474925637245178,,0.11486341804265976
,5484.0,33,5.7158620620612055e-05,83899,,0.9280368089675903,,1.1683655977249146,,0.5475492477416992,,0.11487334221601486
,5496.0,33,5.713103382731788e-05,83949,,0.8040502071380615,,1.0404413938522339,,0.5476054549217224,,0.11488260328769684
,5496.0,33,5.71034470340237e-05,83999,,0.9038766622543335,,1.4736177921295166,,0.5476624369621277,,0.11489161849021912
,5536.0,33,5.707586387870833e-05,84049,,0.8802964091300964,,0.9050899744033813,,0.5477190017700195,,0.11490017920732498
,5436.0,33,5.7048277085414156e-05,84099,,1.1119121313095093,,1.1437623500823975,,0.547770619392395,,0.11490945518016815
,5488.0,33,5.702069029211998e-05,84149,,0.8753941059112549,,1.2166324853897095,,0.5478276610374451,,0.11491742730140686
,5476.0,33,5.6993103498825803e-05,84199,,0.919864296913147,,1.0395959615707397,,0.5478808283805847,,0.11492878198623657
,5512.0,33,5.696551670553163e-05,84249,,0.9376866817474365,,1.067622423171997,,0.5479398965835571,,0.11494021862745285
,5456.0,33,5.693792991223745e-05,84299,,0.7689653635025024,,0.8528304100036621,,0.5479934215545654,,0.11494971066713333
,5472.0,33,5.6910343118943274e-05,84349,,0.8773874044418335,,0.7950239181518555,,0.5480523109436035,,0.11495795100927353
,5448.0,33,5.6882759963627905e-05,84399,,1.0404914617538452,,1.403910756111145,,0.5481042861938477,,0.11496701836585999
,5396.0,33,5.685517317033373e-05,84449,,0.8729404807090759,,1.3089852333068848,,0.5481616258621216,,0.11497485637664795
,5476.0,33,5.682758637703955e-05,84499,,0.7161039113998413,,1.0970561504364014,,0.5482199192047119,,0.1149837076663971
,5444.0,33,5.6799999583745375e-05,84549,,0.9917262196540833,,1.5167242288589478,,0.5482779145240784,,0.11499336361885071
,5432.0,33,5.67724127904512e-05,84599,,0.9621641635894775,,1.0600141286849976,,0.5483330488204956,,0.11500348150730133
,5464.0,33,5.674482599715702e-05,84649,,0.8310540914535522,,1.1707600355148315,,0.5483890771865845,,0.11500604450702667
,5460.0,33,5.671724284184165e-05,84699,,0.93364417552948,,1.08696448802948,,0.548444390296936,,0.11501173675060272
,5500.0,33,5.6689656048547477e-05,84749,,0.8843292593955994,,0.9024167060852051,,0.5484957695007324,,0.11501926928758621
,5460.0,33,5.66620692552533e-05,84799,,0.7479813694953918,,0.9115350246429443,,0.5485512018203735,,0.11502877622842789
,5468.0,33,5.6634482461959124e-05,84849,,0.7282246947288513,,0.9207857847213745,,0.5486074686050415,,0.11503805220127106
,5476.0,33,5.660689566866495e-05,84899,,0.9931836128234863,,1.4265649318695068,,0.5486548542976379,,0.1150442510843277
,5424.0,33,5.657930887537077e-05,84949,,0.8504547476768494,,0.9694653749465942,,0.5487063527107239,,0.11505228281021118
,5460.0,33,5.65517257200554e-05,84999,,1.076016902923584,,0.6953413486480713,,0.5487641096115112,,0.11506110429763794
,5420.0,33,5.6524138926761225e-05,85049,,0.9382034540176392,,1.0418691635131836,,0.5488155484199524,,0.11507254838943481
,5464.0,33,5.649655213346705e-05,85099,,0.8925377726554871,,1.23806893825531,,0.5488685965538025,,0.11508357524871826
,5440.0,33,5.646896534017287e-05,85149,,0.8602871298789978,,1.4735623598098755,,0.5489221811294556,,0.11508843302726746
,5444.0,33,5.6441378546878695e-05,85199,,0.7784550189971924,,0.955921471118927,,0.5489741563796997,,0.11509211361408234
,5440.0,33,5.641379175358452e-05,85249,,0.8804712891578674,,0.9947087168693542,,0.5490241646766663,,0.11509953439235687
5464.5107421875,,33,,85271,0.8785403370857239,,1.142252802848816,,0.5476873517036438,,0.11489386856555939,
,5484.0,34,5.638620859826915e-05,85299,,0.9674220681190491,,1.1573057174682617,,0.5490759015083313,,0.1151074767112732
,5448.0,34,5.635862180497497e-05,85349,,0.8856157064437866,,1.1314777135849,,0.549127459526062,,0.11511371284723282
,5480.0,34,5.63310350116808e-05,85399,,1.0260692834854126,,1.124517798423767,,0.5491804480552673,,0.11512398719787598
,5524.0,34,5.630344821838662e-05,85449,,0.9054731726646423,,0.9894942045211792,,0.5492352247238159,,0.11513210088014603
,5468.0,34,5.6275861425092444e-05,85499,,0.9327234029769897,,1.4010494947433472,,0.5492910146713257,,0.11513956636190414
,5460.0,34,5.624827463179827e-05,85549,,0.9021869897842407,,1.0649770498275757,,0.5493419170379639,,0.11514684557914734
,5324.0,34,5.622068783850409e-05,85599,,1.1110011339187622,,1.3326634168624878,,0.5493954420089722,,0.11515878140926361
,5416.0,34,5.619310468318872e-05,85649,,0.8084230422973633,,0.9810883402824402,,0.5494498014450073,,0.11516816914081573
,5536.0,34,5.6165517889894545e-05,85699,,0.9113412499427795,,1.281465768814087,,0.549497127532959,,0.11517314612865448
,5456.0,34,5.613793109660037e-05,85749,,0.9915443658828735,,1.1120219230651855,,0.5495500564575195,,0.11517872661352158
,5472.0,34,5.611034430330619e-05,85799,,0.7104551196098328,,1.2282779216766357,,0.5495972037315369,,0.11518755555152893
,5536.0,34,5.6082757510012016e-05,85849,,0.8350144624710083,,0.9580171704292297,,0.5496447086334229,,0.11519511789083481
,5432.0,34,5.605517071671784e-05,85899,,0.9259126782417297,,1.0231837034225464,,0.5497018098831177,,0.1152006983757019
,5416.0,34,5.602758756140247e-05,85949,,0.7640214562416077,,0.9792277812957764,,0.5497573614120483,,0.11520776152610779
,5464.0,34,5.6000000768108293e-05,85999,,1.0035150051116943,,1.177210807800293,,0.5498102307319641,,0.11521494388580322
,5472.0,34,5.597241397481412e-05,86049,,0.9678138494491577,,0.9956537485122681,,0.5498671531677246,,0.11521834135055542
,5488.0,34,5.594482718151994e-05,86099,,0.9636605381965637,,0.9614722728729248,,0.5499248504638672,,0.11522737890481949
,5488.0,34,5.5917240388225764e-05,86149,,0.9078623056411743,,1.378184199333191,,0.5499804019927979,,0.11523795127868652
,5448.0,34,5.588965359493159e-05,86199,,0.8724826574325562,,1.072946310043335,,0.5500360131263733,,0.11524219065904617
,5512.0,34,5.586207043961622e-05,86249,,0.9079492092132568,,1.2618820667266846,,0.5500915050506592,,0.11525052040815353
,5500.0,34,5.583448364632204e-05,86299,,0.8162950873374939,,1.0426255464553833,,0.5501483678817749,,0.11525721102952957
,5372.0,34,5.5806896853027865e-05,86349,,1.1246145963668823,,1.3663533926010132,,0.5502029657363892,,0.1152687594294548
,5536.0,34,5.577931005973369e-05,86399,,0.9612032771110535,,1.3743947744369507,,0.5502592921257019,,0.11527872830629349
,5476.0,34,5.575172326643951e-05,86449,,1.0181739330291748,,1.107643723487854,,0.5503143668174744,,0.11528734862804413
,5408.0,34,5.5724136473145336e-05,86499,,0.9506886005401611,,1.247106671333313,,0.5503690242767334,,0.11529596894979477
,5344.0,34,5.5696553317829967e-05,86549,,0.6960912942886353,,0.9412716031074524,,0.5504236221313477,,0.11530508100986481
,5432.0,34,5.566896652453579e-05,86599,,0.8926935195922852,,1.1990574598312378,,0.5504758358001709,,0.11531563848257065
,5348.0,34,5.5641379731241614e-05,86649,,0.8131059408187866,,0.8984435200691223,,0.5505256056785583,,0.11532531678676605
,5452.0,34,5.561379293794744e-05,86699,,0.9880746603012085,,1.033501148223877,,0.5505790114402771,,0.11533583700656891
,5404.0,34,5.558620614465326e-05,86749,,0.9406333565711975,,1.2761510610580444,,0.5506269931793213,,0.11534770578145981
,5480.0,34,5.5558619351359084e-05,86799,,1.0249141454696655,,1.110848307609558,,0.5506787896156311,,0.11535799503326416
,5500.0,34,5.5531036196043715e-05,86849,,0.891360342502594,,1.142067313194275,,0.5507317185401917,,0.11536921560764313
,5392.0,34,5.550344940274954e-05,86899,,0.9933686256408691,,1.0550154447555542,,0.550783634185791,,0.11538015305995941
,5476.0,34,5.547586260945536e-05,86949,,1.0328444242477417,,1.1809054613113403,,0.5508357286453247,,0.11539326608181
,5452.0,34,5.5448275816161186e-05,86999,,0.921117901802063,,1.1810176372528076,,0.5508878231048584,,0.11540313810110092
,5468.0,34,5.542068902286701e-05,87049,,0.8561019897460938,,1.3507357835769653,,0.5509401559829712,,0.11541490256786346
,5516.0,34,5.539310222957283e-05,87099,,1.1752938032150269,,1.333265781402588,,0.5509934425354004,,0.11542557924985886
,5452.0,34,5.5365515436278656e-05,87149,,1.037557601928711,,1.2489968538284302,,0.5510468482971191,,0.11543531715869904
,5520.0,34,5.533793228096329e-05,87199,,0.7860625386238098,,0.7164625525474548,,0.5510984063148499,,0.11544083803892136
,5420.0,34,5.531034548766911e-05,87249,,0.9983688592910767,,1.0219427347183228,,0.5511513948440552,,0.11545132100582123
,5484.0,34,5.5282758694374934e-05,87299,,0.933351457118988,,1.2397962808609009,,0.5512036085128784,,0.11546392738819122
,5432.0,34,5.525517190108076e-05,87349,,0.9563264846801758,,1.391658902168274,,0.5512557029724121,,0.11547316610813141
,5440.0,34,5.522758510778658e-05,87399,,0.8777725100517273,,0.9142189621925354,,0.5513083338737488,,0.11548402905464172
,5364.0,34,5.5199998314492404e-05,87449,,0.7792155742645264,,1.1611541509628296,,0.5513591766357422,,0.11548923701047897
,5440.0,34,5.5172415159177035e-05,87499,,0.7871155738830566,,1.3726248741149902,,0.5514110326766968,,0.11549528688192368
,5416.0,34,5.514482836588286e-05,87549,,0.8723272681236267,,0.9057505130767822,,0.5514641404151917,,0.11550232768058777
,5456.0,34,5.511724157258868e-05,87599,,0.8879033923149109,,1.5145131349563599,,0.5515158772468567,,0.11551116406917572
,5400.0,34,5.5089654779294506e-05,87649,,0.9279242753982544,,1.1933585405349731,,0.5515719652175903,,0.11551736295223236
,5444.0,34,5.506206798600033e-05,87699,,0.841368556022644,,1.2255759239196777,,0.5516237020492554,,0.11552736908197403
,5424.0,34,5.503448119270615e-05,87749,,1.017548680305481,,1.2925981283187866,,0.5516723394393921,,0.11553304642438889
5462.63037109375,,34,,87779,0.9107887744903564,,1.1410820484161377,,0.5503956079483032,,0.1153174415230751,
,5464.0,35,5.5006898037390783e-05,87799,,0.8570199608802795,,1.2871973514556885,,0.551723062992096,,0.11554278433322906
,5444.0,35,5.497931124409661e-05,87849,,0.8921637535095215,,1.2770836353302002,,0.5517774224281311,,0.11555269360542297
,5460.0,35,5.495172445080243e-05,87899,,0.9818848371505737,,1.6086268424987793,,0.5518330335617065,,0.11556334048509598
,5496.0,35,5.4924137657508254e-05,87949,,0.8798314332962036,,1.3674284219741821,,0.5518852472305298,,0.11557307839393616
,5488.0,35,5.489655086421408e-05,87999,,0.9082607626914978,,0.9207344651222229,,0.5519351959228516,,0.11557944864034653
,5452.0,35,5.48689640709199e-05,88049,,0.9188282489776611,,1.6067874431610107,,0.5519872903823853,,0.11558670550584793
,5492.0,35,5.484138091560453e-05,88099,,0.8817432522773743,,1.2106870412826538,,0.552035927772522,,0.11559317260980606
,5412.0,35,5.4813794122310355e-05,88149,,0.8594487905502319,,0.9930416345596313,,0.552085816860199,,0.11560028046369553
,5468.0,35,5.478620732901618e-05,88199,,1.0280060768127441,,1.4822639226913452,,0.5521407127380371,,0.11560885608196259
,5412.0,35,5.4758620535722e-05,88249,,0.8600360155105591,,1.3938319683074951,,0.5521901845932007,,0.1156187579035759
,5460.0,35,5.4731033742427826e-05,88299,,0.7604957222938538,,0.7849570512771606,,0.5522406101226807,,0.11562661081552505
,5484.0,35,5.470344694913365e-05,88349,,0.956901490688324,,1.218910813331604,,0.552294135093689,,0.11563766002655029
,5468.0,35,5.467586379381828e-05,88399,,0.9951930642127991,,1.2474696636199951,,0.5523457527160645,,0.11564963310956955
,5496.0,35,5.4648277000524104e-05,88449,,0.9857677221298218,,1.1317287683486938,,0.5523957014083862,,0.11565931886434555
,5500.0,35,5.462069020722993e-05,88499,,1.018768548965454,,1.1962424516677856,,0.5524479150772095,,0.11567042768001556
,5496.0,35,5.459310341393575e-05,88549,,0.9236762523651123,,1.260378122329712,,0.552498459815979,,0.11568224430084229
,5500.0,35,5.4565516620641574e-05,88599,,0.8070998787879944,,0.9393083453178406,,0.5525519251823425,,0.11569521576166153
,5476.0,35,5.45379298273474e-05,88649,,1.1061092615127563,,1.6063759326934814,,0.5526001453399658,,0.11570289731025696
,5480.0,35,5.451034303405322e-05,88699,,1.1464965343475342,,1.1188609600067139,,0.552651047706604,,0.11571115255355835
,5472.0,35,5.448275987873785e-05,88749,,1.0534181594848633,,1.4431047439575195,,0.5526992678642273,,0.11572255194187164
,5452.0,35,5.4455173085443676e-05,88799,,0.9806124567985535,,1.571583867073059,,0.5527483820915222,,0.11572927236557007
,5436.0,35,5.44275862921495e-05,88849,,0.8467750549316406,,1.2168916463851929,,0.5528014898300171,,0.11573813110589981
,5452.0,35,5.439999949885532e-05,88899,,0.9375444054603577,,1.3771867752075195,,0.5528504848480225,,0.11574715375900269
,5448.0,35,5.4372412705561146e-05,88949,,1.14496648311615,,0.6234357357025146,,0.5528963208198547,,0.11575432121753693
,5544.0,35,5.434482591226697e-05,88999,,0.9220353960990906,,0.7807445526123047,,0.5529466867446899,,0.11576274037361145
,5416.0,35,5.43172427569516e-05,89049,,0.9746183753013611,,0.9375829696655273,,0.5529991984367371,,0.11577145755290985
,5424.0,35,5.4289655963657424e-05,89099,,0.8996507525444031,,1.0484976768493652,,0.5530529618263245,,0.11578156054019928
,5484.0,35,5.426206917036325e-05,89149,,0.9546493291854858,,1.286841630935669,,0.5530997514724731,,0.11579076945781708
,5488.0,35,5.423448237706907e-05,89199,,0.9526621103286743,,0.9245274662971497,,0.5531469583511353,,0.11579969525337219
,5456.0,35,5.4206895583774894e-05,89249,,0.9568580389022827,,1.2448774576187134,,0.5531963109970093,,0.11581112444400787
,5520.0,35,5.417930879048072e-05,89299,,0.9484347105026245,,0.9760401248931885,,0.5532448887825012,,0.11582183092832565
,5520.0,35,5.415172563516535e-05,89349,,0.8856234550476074,,1.1087321043014526,,0.5532948970794678,,0.1158304214477539
,5548.0,35,5.412413884187117e-05,89399,,0.9453882575035095,,1.2074759006500244,,0.5533475279808044,,0.11584089696407318
,5448.0,35,5.4096552048576996e-05,89449,,0.9493758678436279,,1.2340590953826904,,0.5533944368362427,,0.11584986746311188
,5424.0,35,5.406896525528282e-05,89499,,0.9510877132415771,,0.9608219861984253,,0.5534480214118958,,0.1158580556511879
,5376.0,35,5.404137846198864e-05,89549,,1.0469111204147339,,1.2956916093826294,,0.5535011291503906,,0.11586470901966095
,5432.0,35,5.4013791668694466e-05,89599,,0.9469364285469055,,1.0408848524093628,,0.5535512566566467,,0.11587069183588028
,5448.0,35,5.39862085133791e-05,89649,,0.8154038190841675,,0.8111556172370911,,0.5536017417907715,,0.1158781424164772
,5384.0,35,5.395862172008492e-05,89699,,0.9814510345458984,,1.2372311353683472,,0.5536448955535889,,0.11588290333747864
,5516.0,35,5.3931034926790744e-05,89749,,0.870678186416626,,1.0427244901657104,,0.5536925792694092,,0.1158941239118576
,5472.0,35,5.390344813349657e-05,89799,,0.9861786365509033,,1.3023767471313477,,0.5537415742874146,,0.115903839468956
,5488.0,35,5.387586134020239e-05,89849,,0.9110410213470459,,1.5416772365570068,,0.5537955164909363,,0.11591099947690964
,5444.0,35,5.3848274546908215e-05,89899,,0.8149140477180481,,1.1572227478027344,,0.553848147392273,,0.1159164160490036
,5424.0,35,5.3820691391592845e-05,89949,,0.8976632952690125,,1.0313665866851807,,0.5539010763168335,,0.11592567712068558
,5344.0,35,5.379310459829867e-05,89999,,0.8748884201049805,,1.2344385385513306,,0.5539525747299194,,0.11593607068061829
,5456.0,35,5.376551780500449e-05,90049,,0.9431822896003723,,1.1652778387069702,,0.5540031790733337,,0.1159462034702301
,5540.0,35,5.3737931011710316e-05,90099,,1.0494481325149536,,0.8527378439903259,,0.5540540814399719,,0.1159583255648613
,5420.0,35,5.371034421841614e-05,90149,,1.0166404247283936,,0.7460190057754517,,0.5541014075279236,,0.11596427857875824
,5360.0,35,5.368275742512196e-05,90199,,0.8159777522087097,,1.1992390155792236,,0.5541514158248901,,0.11597396433353424
,5428.0,35,5.3655170631827787e-05,90249,,0.9143428206443787,,0.799930989742279,,0.5541995763778687,,0.11598330736160278
5461.26611328125,,35,,90287,0.9229221343994141,,1.130563497543335,,0.5529941320419312,,0.11577000468969345,
,5500.0,36,5.362758747651242e-05,90299,,0.9853325486183167,,0.9437006711959839,,0.5542466640472412,,0.1159873828291893
,5468.0,36,5.360000068321824e-05,90349,,0.8793957233428955,,1.2719885110855103,,0.5542957782745361,,0.11599221080541611
,5468.0,36,5.3572413889924064e-05,90399,,0.8791259527206421,,0.9932215213775635,,0.5543457269668579,,0.11600106954574585
,5444.0,36,5.354482709662989e-05,90449,,1.048282504081726,,1.135148525238037,,0.5543925166130066,,0.11600696295499802
,5420.0,36,5.351724030333571e-05,90499,,0.9209381341934204,,0.9978250861167908,,0.5544431209564209,,0.11601152271032333
,5416.0,36,5.3489653510041535e-05,90549,,1.0219584703445435,,1.1212109327316284,,0.5544940233230591,,0.11602112650871277
,5516.0,36,5.3462070354726166e-05,90599,,1.0693875551223755,,1.294285774230957,,0.5545433759689331,,0.11602955311536789
,5504.0,36,5.343448356143199e-05,90649,,0.8443760275840759,,1.3517014980316162,,0.5545946359634399,,0.1160406619310379
,5472.0,36,5.340689676813781e-05,90699,,0.8455071449279785,,0.9704940319061279,,0.5546447038650513,,0.11604833602905273
,5448.0,36,5.3379309974843636e-05,90749,,1.198110818862915,,1.2096929550170898,,0.5546956062316895,,0.1160568818449974
,5464.0,36,5.335172318154946e-05,90799,,0.9370211362838745,,1.282800316810608,,0.5547452569007874,,0.11606444418430328
,5500.0,36,5.332413638825528e-05,90849,,1.0188229084014893,,1.2788058519363403,,0.5547940731048584,,0.1160724014043808
,5440.0,36,5.3296553232939914e-05,90899,,0.7870794534683228,,1.0184030532836914,,0.5548444390296936,,0.11608212441205978
,5416.0,36,5.326896643964574e-05,90949,,0.9365009665489197,,1.1592472791671753,,0.5548954606056213,,0.11609077453613281
,5432.0,36,5.324137964635156e-05,90999,,0.9593403339385986,,1.043561577796936,,0.5549399852752686,,0.11609698832035065
,5524.0,36,5.3213792853057384e-05,91049,,0.9049853086471558,,0.9464902281761169,,0.5549923181533813,,0.11610640585422516
,5472.0,36,5.318620605976321e-05,91099,,0.8013173937797546,,0.7846328020095825,,0.5550410747528076,,0.11611288785934448
,5432.0,36,5.315861926646903e-05,91149,,1.0778111219406128,,1.036442518234253,,0.5550923943519592,,0.11611970514059067
,5484.0,36,5.313103611115366e-05,91199,,1.0211002826690674,,1.0198925733566284,,0.5551385879516602,,0.11612843722105026
,5400.0,36,5.3103449317859486e-05,91249,,1.0522404909133911,,1.1440602540969849,,0.5551885962486267,,0.1161356195807457
,5480.0,36,5.307586252456531e-05,91299,,1.0449236631393433,,1.0202199220657349,,0.5552348494529724,,0.11614183336496353
,5528.0,36,5.304827573127113e-05,91349,,1.0928449630737305,,1.1958487033843994,,0.5552845001220703,,0.11615198850631714
,5484.0,36,5.3020688937976956e-05,91399,,1.0015685558319092,,1.1497355699539185,,0.5553330183029175,,0.11616043746471405
,5492.0,36,5.299310214468278e-05,91449,,0.8167970180511475,,1.206813931465149,,0.5553807616233826,,0.11616654694080353
,5500.0,36,5.296551898936741e-05,91499,,0.9360162615776062,,1.446866512298584,,0.5554306507110596,,0.1161731407046318
,5404.0,36,5.2937932196073234e-05,91549,,0.9319365620613098,,0.9543679356575012,,0.5554826855659485,,0.11618107557296753
,5476.0,36,5.291034540277906e-05,91599,,0.7633213996887207,,1.1485905647277832,,0.5555317997932434,,0.11618800461292267
,5448.0,36,5.288275860948488e-05,91649,,0.9123631715774536,,1.2704753875732422,,0.5555828213691711,,0.11619386076927185
,5444.0,36,5.2855171816190705e-05,91699,,0.9231256246566772,,1.4733837842941284,,0.5556323528289795,,0.11620121449232101
,5520.0,36,5.282758502289653e-05,91749,,1.0211857557296753,,1.2091517448425293,,0.5556800961494446,,0.1162068322300911
,5480.0,36,5.279999822960235e-05,91799,,0.9798873662948608,,1.0779002904891968,,0.5557255744934082,,0.11621516942977905
,5468.0,36,5.277241507428698e-05,91849,,1.035379409790039,,1.1153802871704102,,0.5557728409767151,,0.1162203848361969
,5412.0,36,5.2744828280992806e-05,91899,,0.8675408363342285,,1.2305353879928589,,0.5558240413665771,,0.11622584611177444
,5448.0,36,5.271724148769863e-05,91949,,0.9170493483543396,,1.1283739805221558,,0.5558691620826721,,0.11623309552669525
,5564.0,36,5.268965469440445e-05,91999,,1.1278350353240967,,1.2782325744628906,,0.5559197664260864,,0.11623845249414444
,5376.0,36,5.2662067901110277e-05,92049,,1.0086299180984497,,0.9770607948303223,,0.5559700131416321,,0.11624447256326675
,5480.0,36,5.26344811078161e-05,92099,,0.9298322200775146,,1.3248989582061768,,0.5560169816017151,,0.1162489801645279
,5480.0,36,5.260689795250073e-05,92149,,1.0081932544708252,,1.0617179870605469,,0.5560706853866577,,0.11625684797763824
,5496.0,36,5.2579311159206554e-05,92199,,1.0817406177520752,,1.1990647315979004,,0.5561115741729736,,0.11626437306404114
,5456.0,36,5.255172436591238e-05,92249,,1.0030580759048462,,0.7877909541130066,,0.5561623573303223,,0.116272933781147
,5488.0,36,5.25241375726182e-05,92299,,0.8596910834312439,,1.1112223863601685,,0.5562107563018799,,0.11628192663192749
,5488.0,36,5.2496550779324025e-05,92349,,0.9381877183914185,,1.2670015096664429,,0.5562625527381897,,0.11628920584917068
,5516.0,36,5.246896398602985e-05,92399,,0.993188738822937,,0.9587307572364807,,0.5563121438026428,,0.11629919707775116
,5432.0,36,5.244138083071448e-05,92449,,1.0646789073944092,,1.3388729095458984,,0.556355893611908,,0.11630506813526154
,5404.0,36,5.24137940374203e-05,92499,,0.9414303302764893,,1.0351115465164185,,0.5564031004905701,,0.11631349474191666
,5388.0,36,5.2386207244126126e-05,92549,,0.9846870303153992,,1.0946741104125977,,0.5564541816711426,,0.11632287502288818
,5436.0,36,5.235862045083195e-05,92599,,1.0403800010681152,,0.996697723865509,,0.5565052032470703,,0.11633151769638062
,5488.0,36,5.233103365753777e-05,92649,,0.9460382461547852,,0.686971127986908,,0.5565528869628906,,0.1163366436958313
,5428.0,36,5.23034468642436e-05,92699,,0.9906193614006042,,1.0188112258911133,,0.5565990209579468,,0.1163429468870163
,5448.0,36,5.227586370892823e-05,92749,,1.1202113628387451,,1.015529751777649,,0.5566426515579224,,0.11634961515665054
5463.1044921875,,36,,92795,0.9547808170318604,,1.1242473125457764,,0.555484414100647,,0.11617671698331833,
,5504.0,37,5.224827691563405e-05,92799,,0.8523042798042297,,1.083788514137268,,0.5566935539245605,,0.11635663360357285
,5428.0,37,5.2220690122339875e-05,92849,,1.0730961561203003,,1.2898507118225098,,0.5567423105239868,,0.11636468768119812
,5452.0,37,5.21931033290457e-05,92899,,0.983860433101654,,1.0590664148330688,,0.5567945837974548,,0.11637271195650101
,5452.0,37,5.216551653575152e-05,92949,,0.9711641073226929,,1.0310204029083252,,0.5568411946296692,,0.11637993156909943
,5456.0,37,5.2137929742457345e-05,92999,,1.1086071729660034,,1.1345757246017456,,0.5568933486938477,,0.11638928949832916
,5440.0,37,5.2110346587141976e-05,93049,,0.9645735621452332,,0.7922592759132385,,0.5569459199905396,,0.1163957491517067
,5476.0,37,5.20827597938478e-05,93099,,0.8806401491165161,,1.0512913465499878,,0.5569902658462524,,0.11640044301748276
,5408.0,37,5.205517300055362e-05,93149,,0.8738129138946533,,1.0123475790023804,,0.5570367574691772,,0.11640691012144089
,5532.0,37,5.2027586207259446e-05,93199,,1.149200677871704,,1.1352394819259644,,0.557083249092102,,0.11641472578048706
,5384.0,37,5.199999941396527e-05,93249,,0.94502854347229,,1.2369498014450073,,0.5571269989013672,,0.11642028391361237
,5468.0,37,5.1972412620671093e-05,93299,,1.0486892461776733,,1.0512707233428955,,0.5571764707565308,,0.1164277046918869
,5444.0,37,5.194482582737692e-05,93349,,1.0248218774795532,,0.7716816067695618,,0.5572208166122437,,0.11643386632204056
,5544.0,37,5.191724267206155e-05,93399,,1.1436806917190552,,1.130483627319336,,0.5572680234909058,,0.11644124984741211
,5500.0,37,5.188965587876737e-05,93449,,0.8302018642425537,,1.22783625125885,,0.5573149919509888,,0.11644719541072845
,5404.0,37,5.1862069085473195e-05,93499,,1.0921725034713745,,1.3722349405288696,,0.5573645830154419,,0.11645586043596268
,5428.0,37,5.183448229217902e-05,93549,,0.7985031008720398,,1.2166531085968018,,0.5574119091033936,,0.11646495759487152
,5404.0,37,5.180689549888484e-05,93599,,1.2904679775238037,,1.1600266695022583,,0.5574624538421631,,0.11647233366966248
,5440.0,37,5.1779308705590665e-05,93649,,1.0614230632781982,,1.3034701347351074,,0.5575132369995117,,0.116480253636837
,5496.0,37,5.1751725550275296e-05,93699,,0.9842151999473572,,0.9342250227928162,,0.5575575828552246,,0.11648918688297272
,5512.0,37,5.172413875698112e-05,93749,,1.061816692352295,,1.1958560943603516,,0.5576058030128479,,0.11649765074253082
,5516.0,37,5.169655196368694e-05,93799,,0.9148916602134705,,1.0264989137649536,,0.5576553344726562,,0.1165056899189949
,5448.0,37,5.1668965170392767e-05,93849,,0.8738270998001099,,1.0102789402008057,,0.5577056407928467,,0.11651190370321274
,5528.0,37,5.164137837709859e-05,93899,,0.995083212852478,,1.2540594339370728,,0.55774986743927,,0.11651939898729324
,5552.0,37,5.1613791583804414e-05,93949,,0.8030437231063843,,0.876872718334198,,0.557797372341156,,0.11652418226003647
,5392.0,37,5.1586208428489044e-05,93999,,0.9295752048492432,,0.8519337177276611,,0.5578423738479614,,0.11653164029121399
,5456.0,37,5.155862163519487e-05,94049,,0.961941659450531,,0.9860618710517883,,0.5578896403312683,,0.11653342843055725
,5444.0,37,5.153103484190069e-05,94099,,0.9772316813468933,,1.3392064571380615,,0.5579348802566528,,0.11654011905193329
,5496.0,37,5.1503448048606515e-05,94149,,0.901935875415802,,1.1836895942687988,,0.5579811930656433,,0.11654601246118546
,5404.0,37,5.147586125531234e-05,94199,,0.9400513768196106,,1.130411982536316,,0.5580287575721741,,0.11655531078577042
,5432.0,37,5.144827446201816e-05,94249,,0.9145300984382629,,0.8260766863822937,,0.5580731630325317,,0.11655975878238678
,5432.0,37,5.142069130670279e-05,94299,,0.9586194753646851,,1.2550793886184692,,0.5581197142601013,,0.11656747758388519
,5460.0,37,5.1393104513408616e-05,94349,,1.1414761543273926,,0.845439612865448,,0.5581662654876709,,0.11657699942588806
,5476.0,37,5.136551772011444e-05,94399,,1.161528468132019,,1.2437553405761719,,0.5582128167152405,,0.11658225208520889
,5520.0,37,5.133793092682026e-05,94449,,0.9921652674674988,,1.0007076263427734,,0.5582602024078369,,0.11658933758735657
,5452.0,37,5.131034413352609e-05,94499,,0.8839695453643799,,1.3187141418457031,,0.5583092570304871,,0.11659596860408783
,5368.0,37,5.128275734023191e-05,94549,,0.969199538230896,,1.0685323476791382,,0.5583553314208984,,0.11660292744636536
,5488.0,37,5.125517418491654e-05,94599,,0.9797443747520447,,1.211519479751587,,0.5584040880203247,,0.11660775542259216
,5456.0,37,5.1227587391622365e-05,94649,,0.9734988808631897,,1.4793332815170288,,0.5584487915039062,,0.11661487072706223
,5476.0,37,5.120000059832819e-05,94699,,1.0430012941360474,,1.323817491531372,,0.5584939122200012,,0.11662161350250244
,5488.0,37,5.117241380503401e-05,94749,,0.8646678924560547,,0.9824945330619812,,0.558538556098938,,0.1166280210018158
,5476.0,37,5.1144827011739835e-05,94799,,0.91949063539505,,1.061290979385376,,0.5585867166519165,,0.11663763225078583
,5456.0,37,5.111724021844566e-05,94849,,1.0843546390533447,,1.4121389389038086,,0.5586331486701965,,0.11664596199989319
,5504.0,37,5.108965342515148e-05,94899,,1.0561600923538208,,1.2664494514465332,,0.5586810111999512,,0.11665341258049011
,5528.0,37,5.106207026983611e-05,94949,,1.0236403942108154,,1.1566238403320312,,0.558726966381073,,0.11666245758533478
,5480.0,37,5.1034483476541936e-05,94999,,0.955714762210846,,1.1878890991210938,,0.5587679147720337,,0.11666926741600037
,5548.0,37,5.100689668324776e-05,95049,,0.904617965221405,,1.050689935684204,,0.5588133335113525,,0.11667825281620026
,5388.0,37,5.0979309889953583e-05,95099,,0.9830694794654846,,0.9636302590370178,,0.5588602423667908,,0.11668609827756882
,5512.0,37,5.095172309665941e-05,95149,,1.0654183626174927,,1.3350317478179932,,0.5589091181755066,,0.1166946291923523
,5484.0,37,5.092413630336523e-05,95199,,0.9461794495582581,,0.985927939414978,,0.5589599609375,,0.11670052260160446
,5488.0,37,5.089655314804986e-05,95249,,1.038556456565857,,1.368503212928772,,0.5590072870254517,,0.11670772731304169
,5444.0,37,5.0868966354755685e-05,95299,,0.9739636778831482,,0.7060161828994751,,0.559053897857666,,0.11671409010887146
5464.96630859375,,37,,95303,0.9773847460746765,,1.125285267829895,,0.5578969717025757,,0.11653797328472137,
,5532.0,38,5.084137956146151e-05,95349,,0.848201334476471,,0.853795051574707,,0.5590977668762207,,0.11672176420688629
,5432.0,38,5.081379276816733e-05,95399,,1.1528276205062866,,0.6337723731994629,,0.5591440200805664,,0.11672757565975189
,5412.0,38,5.0786205974873155e-05,95449,,0.9105585813522339,,1.280462384223938,,0.5591933727264404,,0.11673269420862198
,5488.0,38,5.075861918157898e-05,95499,,0.9253473281860352,,1.5416337251663208,,0.55923992395401,,0.11673972010612488
,5496.0,38,5.073103602626361e-05,95549,,0.8980571031570435,,1.1729040145874023,,0.5592864751815796,,0.11674681305885315
,5396.0,38,5.070344923296943e-05,95599,,1.0850502252578735,,1.079349160194397,,0.5593324899673462,,0.11675465106964111
,5472.0,38,5.0675862439675257e-05,95649,,0.8680067658424377,,1.1010639667510986,,0.5593816637992859,,0.11676293611526489
,5452.0,38,5.064827564638108e-05,95699,,1.0185463428497314,,0.9417171478271484,,0.559429407119751,,0.11677089333534241
,5424.0,38,5.0620688853086904e-05,95749,,0.9549874067306519,,1.426140308380127,,0.5594711303710938,,0.11677534878253937
,5472.0,38,5.059310205979273e-05,95799,,1.138226866722107,,0.8860382437705994,,0.5595128536224365,,0.11678077280521393
,5492.0,38,5.056551890447736e-05,95849,,1.0579533576965332,,1.366976261138916,,0.5595630407333374,,0.11678805947303772
,5436.0,38,5.053793211118318e-05,95899,,0.9288759827613831,,1.2501856088638306,,0.5596035122871399,,0.11679375171661377
,5448.0,38,5.0510345317889005e-05,95949,,0.9643721580505371,,1.0624867677688599,,0.5596433281898499,,0.11680028587579727
,5456.0,38,5.048275852459483e-05,95999,,0.9783426523208618,,1.2244300842285156,,0.5596897602081299,,0.11680738627910614
,5416.0,38,5.045517173130065e-05,96049,,0.9746261835098267,,1.0575571060180664,,0.559737503528595,,0.11681552231311798
,5448.0,38,5.0427584938006476e-05,96099,,0.9920790195465088,,1.7040247917175293,,0.5597851276397705,,0.1168253943324089
,5444.0,38,5.0400001782691106e-05,96149,,1.0069798231124878,,0.8403825163841248,,0.55982506275177,,0.11683262884616852
,5540.0,38,5.037241498939693e-05,96199,,0.818192720413208,,0.8718520402908325,,0.5598683953285217,,0.11684086918830872
,5440.0,38,5.034482819610275e-05,96249,,0.8859385251998901,,1.1394555568695068,,0.5599169731140137,,0.11685112863779068
,5488.0,38,5.031724140280858e-05,96299,,0.9129601716995239,,1.0137429237365723,,0.5599638819694519,,0.11685841530561447
,5468.0,38,5.02896546095144e-05,96349,,1.0695629119873047,,1.2230584621429443,,0.5600107908248901,,0.11686498671770096
,5540.0,38,5.0262067816220224e-05,96399,,1.002758264541626,,1.2267427444458008,,0.5600566864013672,,0.11687362194061279
,5448.0,38,5.023448102292605e-05,96449,,0.939355731010437,,1.101791262626648,,0.560105562210083,,0.11688245832920074
,5480.0,38,5.020689786761068e-05,96499,,0.9000089764595032,,1.1439242362976074,,0.5601553916931152,,0.11689214408397675
,5448.0,38,5.01793110743165e-05,96549,,1.006646990776062,,1.2909154891967773,,0.5602016448974609,,0.1169014573097229
,5448.0,38,5.0151724281022325e-05,96599,,0.9172666072845459,,0.9926899671554565,,0.5602482557296753,,0.11690858751535416
,5448.0,38,5.012413748772815e-05,96649,,0.7919077277183533,,0.9469780325889587,,0.5602917671203613,,0.11691682040691376
,5488.0,38,5.009655069443397e-05,96699,,0.8601886630058289,,0.7124242186546326,,0.5603418946266174,,0.11692632734775543
,5444.0,38,5.0068963901139796e-05,96749,,1.0919537544250488,,1.0551602840423584,,0.5603882670402527,,0.11693105101585388
,5468.0,38,5.0041380745824426e-05,96799,,1.0623719692230225,,1.2584996223449707,,0.5604314208030701,,0.11693817377090454
,5488.0,38,5.001379395253025e-05,96849,,1.1037890911102295,,1.6610294580459595,,0.5604743957519531,,0.11694756150245667
,5536.0,38,4.9986207159236073e-05,96899,,1.0356802940368652,,1.1718640327453613,,0.5605195164680481,,0.11695533990859985
,5496.0,38,4.99586203659419e-05,96949,,0.8275913596153259,,0.9482394456863403,,0.5605650544166565,,0.11696328967809677
,5452.0,38,4.993103357264772e-05,96999,,0.9053269624710083,,1.087212085723877,,0.5606080293655396,,0.11697216331958771
,5452.0,38,4.9903446779353544e-05,97049,,0.8983224034309387,,0.9565457701683044,,0.5606504678726196,,0.11697977781295776
,5464.0,38,4.9875863624038175e-05,97099,,0.7918433547019958,,1.2944833040237427,,0.560697615146637,,0.11698701232671738
,5436.0,38,4.9848276830744e-05,97149,,1.0573344230651855,,1.3255057334899902,,0.5607423782348633,,0.11699292063713074
,5408.0,38,4.982069003744982e-05,97199,,0.8178455233573914,,0.6860558986663818,,0.5607904195785522,,0.11700206249952316
,5496.0,38,4.9793103244155645e-05,97249,,0.9345386624336243,,0.8145129084587097,,0.5608357191085815,,0.11701143532991409
,5524.0,38,4.976551645086147e-05,97299,,1.0086915493011475,,1.117301344871521,,0.5608820915222168,,0.11701828986406326
,5420.0,38,4.973792965756729e-05,97349,,1.0587466955184937,,1.3884488344192505,,0.5609253644943237,,0.11702384054660797
,5484.0,38,4.971034650225192e-05,97399,,1.1399823427200317,,1.179164171218872,,0.5609692335128784,,0.11703184247016907
,5436.0,38,4.968275970895775e-05,97449,,1.0327893495559692,,1.28915536403656,,0.5610127449035645,,0.11703943461179733
,5484.0,38,4.965517291566357e-05,97499,,1.0260173082351685,,1.1524572372436523,,0.561058759689331,,0.11704833060503006
,5488.0,38,4.9627586122369394e-05,97549,,0.9209105968475342,,1.261332631111145,,0.561105489730835,,0.11705475300550461
,5444.0,38,4.959999932907522e-05,97599,,0.9868975281715393,,0.925708532333374,,0.5611502528190613,,0.11706054955720901
,5416.0,38,4.957241253578104e-05,97649,,0.9683335423469543,,1.2221025228500366,,0.5611972212791443,,0.11706802994012833
,5328.0,38,4.954482938046567e-05,97699,,1.2166621685028076,,1.1122887134552002,,0.5612416863441467,,0.11707653105258942
,5440.0,38,4.9517242587171495e-05,97749,,1.2448749542236328,,1.3346476554870605,,0.5612868070602417,,0.11708275973796844
,5536.0,38,4.948965579387732e-05,97799,,0.9902769923210144,,0.9868074655532837,,0.561330258846283,,0.11708822101354599
5461.74609375,,38,,97811,0.9977712631225586,,1.1143519878387451,,0.5602183938026428,,0.11690368503332138,
,5440.0,39,4.946206900058314e-05,97849,,0.9186943173408508,,1.0014506578445435,,0.5613720417022705,,0.11709381639957428
,5456.0,39,4.9434482207288966e-05,97899,,1.229501485824585,,1.5009360313415527,,0.5614144802093506,,0.11710354685783386
,5440.0,39,4.940689541399479e-05,97949,,1.224919319152832,,1.0667331218719482,,0.5614575743675232,,0.11711344122886658
,5400.0,39,4.937930862070061e-05,97999,,1.0213428735733032,,1.3758529424667358,,0.561497688293457,,0.11711986362934113
,5472.0,39,4.935172546538524e-05,98049,,1.1502200365066528,,1.2898170948028564,,0.5615383982658386,,0.11712656915187836
,5488.0,39,4.932413867209107e-05,98099,,0.8476300239562988,,0.733468234539032,,0.561583399772644,,0.11713198572397232
,5428.0,39,4.929655187879689e-05,98149,,0.9997035264968872,,1.224341869354248,,0.5616272687911987,,0.11713807284832001
,5492.0,39,4.9268965085502714e-05,98199,,1.0975091457366943,,1.5161234140396118,,0.5616769790649414,,0.11714710295200348
,5488.0,39,4.924137829220854e-05,98249,,0.897789716720581,,1.1720298528671265,,0.5617186427116394,,0.11715513467788696
,5460.0,39,4.921379149891436e-05,98299,,0.8576763868331909,,1.1327061653137207,,0.5617638230323792,,0.11716203391551971
,5416.0,39,4.918620834359899e-05,98349,,0.9941514134407043,,0.995370626449585,,0.56180739402771,,0.11716973781585693
,5448.0,39,4.9158621550304815e-05,98399,,1.2063430547714233,,0.9102851748466492,,0.5618544220924377,,0.11717607825994492
,5436.0,39,4.913103475701064e-05,98449,,1.0544323921203613,,0.7709791660308838,,0.5619013905525208,,0.11718568205833435
,5500.0,39,4.910344796371646e-05,98499,,1.0727897882461548,,1.0267646312713623,,0.5619481801986694,,0.11719346791505814
,5404.0,39,4.9075861170422286e-05,98549,,1.002481460571289,,1.2845548391342163,,0.5619956254959106,,0.1171976625919342
,5396.0,39,4.904827437712811e-05,98599,,0.9455955624580383,,0.8181391954421997,,0.5620402693748474,,0.11720187962055206
,5504.0,39,4.902069122181274e-05,98649,,1.3289703130722046,,1.2933547496795654,,0.5620852708816528,,0.11720754206180573
,5492.0,39,4.8993104428518564e-05,98699,,0.8602153062820435,,0.9979901909828186,,0.562130868434906,,0.11721229553222656
,5456.0,39,4.896551763522439e-05,98749,,1.0180166959762573,,0.9835959672927856,,0.562175452709198,,0.11721820384263992
,5520.0,39,4.893793084193021e-05,98799,,1.0078591108322144,,0.9636175632476807,,0.5622198581695557,,0.11722812056541443
,5460.0,39,4.8910344048636034e-05,98849,,1.1625349521636963,,1.0426604747772217,,0.5622643828392029,,0.1172354519367218
,5448.0,39,4.888275725534186e-05,98899,,1.0269544124603271,,1.337368369102478,,0.5623113512992859,,0.11724339425563812
,5512.0,39,4.885517410002649e-05,98949,,1.2612195014953613,,1.4929786920547485,,0.5623525381088257,,0.11724955588579178
,5484.0,39,4.882758730673231e-05,98999,,1.2780861854553223,,1.4244054555892944,,0.5623967051506042,,0.11725569516420364
,5408.0,39,4.8800000513438135e-05,99049,,0.8528279066085815,,1.1521484851837158,,0.5624414086341858,,0.11726276576519012
,5452.0,39,4.877241372014396e-05,99099,,1.069095253944397,,1.1478581428527832,,0.5624861121177673,,0.11727045476436615
,5428.0,39,4.874482692684978e-05,99149,,1.0938903093338013,,1.6867313385009766,,0.5625289678573608,,0.11727644503116608
,5448.0,39,4.8717240133555606e-05,99199,,0.7232089638710022,,0.9043892025947571,,0.5625708103179932,,0.1172826737165451
,5424.0,39,4.868965697824024e-05,99249,,1.0506449937820435,,0.8061760067939758,,0.5626147389411926,,0.11728857457637787
,5440.0,39,4.866207018494606e-05,99299,,0.8650767207145691,,1.2671239376068115,,0.5626588463783264,,0.1172955110669136
,5500.0,39,4.8634483391651884e-05,99349,,0.8808429837226868,,1.0394291877746582,,0.5627079606056213,,0.11730270087718964
,5492.0,39,4.860689659835771e-05,99399,,0.9815221428871155,,1.1680762767791748,,0.5627535581588745,,0.11730854213237762
,5412.0,39,4.857930980506353e-05,99449,,1.021113634109497,,1.2141833305358887,,0.5627956390380859,,0.11731420457363129
,5512.0,39,4.8551723011769354e-05,99499,,0.8817644715309143,,0.9966776967048645,,0.5628384351730347,,0.11731851100921631
,5508.0,39,4.852413621847518e-05,99549,,1.107999324798584,,1.149665355682373,,0.5628805756568909,,0.11732368171215057
,5416.0,39,4.849655306315981e-05,99599,,1.0314383506774902,,1.3478097915649414,,0.5629250407218933,,0.11732964217662811
,5468.0,39,4.846896626986563e-05,99649,,1.1292006969451904,,1.3109468221664429,,0.5629631876945496,,0.11733701825141907
,5484.0,39,4.8441379476571456e-05,99699,,1.2718734741210938,,0.8624547123908997,,0.5630059242248535,,0.11734466254711151
,5544.0,39,4.841379268327728e-05,99749,,1.0934234857559204,,0.9472221732139587,,0.5630514621734619,,0.1173534095287323
,5384.0,39,4.83862058899831e-05,99799,,0.9926234483718872,,1.1383196115493774,,0.5630916953086853,,0.11735996603965759
,5468.0,39,4.8358619096688926e-05,99849,,0.9886119961738586,,1.0600676536560059,,0.563130259513855,,0.11736654490232468
,5440.0,39,4.833103594137356e-05,99899,,0.7575686573982239,,0.8867269158363342,,0.5631780624389648,,0.11737332493066788
,5464.0,39,4.830344914807938e-05,99949,,1.168707013130188,,1.1515769958496094,,0.5632248520851135,,0.11738091707229614
,5388.0,39,4.8275862354785204e-05,99999,,1.0373119115829468,,1.1939566135406494,,0.5632685422897339,,0.11738833785057068
,5544.0,39,4.824827556149103e-05,100049,,1.02794349193573,,1.1569503545761108,,0.5633096694946289,,0.11739569902420044
,5516.0,39,4.822068876819685e-05,100099,,1.04031503200531,,1.3365747928619385,,0.5633510947227478,,0.11740322411060333
,5424.0,39,4.8193101974902675e-05,100149,,0.9522299766540527,,1.2729130983352661,,0.5633930563926697,,0.11740875989198685
,5492.0,39,4.8165518819587305e-05,100199,,1.125330924987793,,0.9600554704666138,,0.563439130783081,,0.11741570383310318
,5396.0,39,4.813793202629313e-05,100249,,1.1566393375396729,,1.4234938621520996,,0.5634830594062805,,0.11742179095745087
,5424.0,39,4.811034523299895e-05,100299,,0.9961549043655396,,0.979080855846405,,0.5635296702384949,,0.11742852628231049
5462.39599609375,,39,,100319,1.0225677490234375,,1.1080899238586426,,0.5624617338180542,,0.11726616322994232,
,5428.0,40,4.8082758439704776e-05,100349,,0.8737726807594299,,0.9261245727539062,,0.563572108745575,,0.11743751913309097
,5488.0,40,4.80551716464106e-05,100399,,0.9378918409347534,,1.5570257902145386,,0.5636163353919983,,0.11744736135005951
,5432.0,40,4.802758485311642e-05,100449,,0.9519543051719666,,1.2570652961730957,,0.5636611580848694,,0.117454394698143
,5472.0,40,4.8000001697801054e-05,100499,,0.9651390910148621,,0.9420952200889587,,0.5637089610099792,,0.11746059358119965
,5472.0,40,4.797241490450688e-05,100549,,1.2082023620605469,,1.209365963935852,,0.5637567639350891,,0.11746695637702942
,5480.0,40,4.79448281112127e-05,100599,,0.9868855476379395,,1.1953758001327515,,0.5637988448143005,,0.11747348308563232
,5428.0,40,4.7917241317918524e-05,100649,,0.9687338471412659,,1.6627246141433716,,0.5638413429260254,,0.11747948825359344
,5512.0,40,4.788965452462435e-05,100699,,1.0003610849380493,,1.18901789188385,,0.5638846158981323,,0.11748778820037842
,5476.0,40,4.786206773133017e-05,100749,,1.0493632555007935,,1.1781730651855469,,0.5639273524284363,,0.11749675869941711
,5508.0,40,4.78344845760148e-05,100799,,1.1806854009628296,,1.260590672492981,,0.5639704465866089,,0.1175035834312439
,5408.0,40,4.7806897782720625e-05,100849,,1.1114715337753296,,1.2290087938308716,,0.56401526927948,,0.11751067638397217
,5468.0,40,4.777931098942645e-05,100899,,1.04879629611969,,0.9536150097846985,,0.564055323600769,,0.11751852184534073
,5408.0,40,4.775172419613227e-05,100949,,1.0934538841247559,,0.8973847031593323,,0.56410151720047,,0.11752504110336304
,5472.0,40,4.7724137402838096e-05,100999,,0.9107868671417236,,1.1790257692337036,,0.5641434192657471,,0.11753338575363159
,5480.0,40,4.769655060954392e-05,101049,,1.029584288597107,,1.238355278968811,,0.5641896724700928,,0.11753999441862106
,5496.0,40,4.766896381624974e-05,101099,,0.9343600869178772,,0.7439514398574829,,0.5642340183258057,,0.11754556745290756
,5580.0,40,4.7641380660934374e-05,101149,,1.0474209785461426,,1.011590838432312,,0.5642789006233215,,0.11755374819040298
,5412.0,40,4.76137938676402e-05,101199,,1.0504127740859985,,1.1514978408813477,,0.5643235445022583,,0.1175604835152626
,5424.0,40,4.758620707434602e-05,101249,,1.051434874534607,,1.2115943431854248,,0.5643661022186279,,0.11756753921508789
,5404.0,40,4.7558620281051844e-05,101299,,1.0819040536880493,,1.197756052017212,,0.5644081830978394,,0.11757485568523407
,5460.0,40,4.753103348775767e-05,101349,,0.9706462621688843,,0.8610221147537231,,0.5644536018371582,,0.11758160591125488
,5440.0,40,4.750344669446349e-05,101399,,1.0567818880081177,,1.375787377357483,,0.5644932985305786,,0.11758871376514435
,5436.0,40,4.747586353914812e-05,101449,,0.9860168099403381,,1.217258095741272,,0.5645366311073303,,0.11759486794471741
,5556.0,40,4.7448276745853946e-05,101499,,1.138198733329773,,1.376542329788208,,0.5645784139633179,,0.11760260909795761
,5436.0,40,4.742068995255977e-05,101549,,1.0463752746582031,,0.9493251442909241,,0.5646222829818726,,0.11761118471622467
,5428.0,40,4.739310315926559e-05,101599,,1.1501177549362183,,1.0852079391479492,,0.5646620988845825,,0.11761876195669174
,5476.0,40,4.7365516365971416e-05,101649,,1.1513367891311646,,1.127373456954956,,0.5647031664848328,,0.11762543767690659
,5504.0,40,4.733792957267724e-05,101699,,1.0795341730117798,,1.0050780773162842,,0.5647473335266113,,0.11763352900743484
,5488.0,40,4.731034641736187e-05,101749,,0.9321309924125671,,1.0008463859558105,,0.5647916197776794,,0.11764021217823029
,5504.0,40,4.7282759624067694e-05,101799,,0.9473191499710083,,1.2351009845733643,,0.5648316144943237,,0.1176464855670929
,5504.0,40,4.725517283077352e-05,101849,,1.158295750617981,,1.165952444076538,,0.5648741722106934,,0.11765380948781967
,5488.0,40,4.722758603747934e-05,101899,,1.0252723693847656,,0.7926487922668457,,0.5649186968803406,,0.11765957623720169
,5468.0,40,4.7199999244185165e-05,101949,,1.1353334188461304,,1.1557977199554443,,0.5649595260620117,,0.11766568571329117
,5352.0,40,4.717241245089099e-05,101999,,1.063190221786499,,1.3040863275527954,,0.5650013089179993,,0.11767377704381943
,5528.0,40,4.714482929557562e-05,102049,,1.0404655933380127,,1.1729583740234375,,0.5650416016578674,,0.11767952144145966
,5492.0,40,4.711724250228144e-05,102099,,1.1272164583206177,,0.8102195858955383,,0.56508469581604,,0.117686428129673
,5520.0,40,4.7089655708987266e-05,102149,,1.180307149887085,,0.9429032206535339,,0.5651255249977112,,0.11769682168960571
,5468.0,40,4.706206891569309e-05,102199,,1.2151391506195068,,1.146436095237732,,0.5651645064353943,,0.11770235002040863
,5512.0,40,4.703448212239891e-05,102249,,1.016884207725525,,1.2092705965042114,,0.5652090311050415,,0.11770764738321304
,5464.0,40,4.7006895329104736e-05,102299,,0.9421751499176025,,0.9587294459342957,,0.5652490258216858,,0.11771560460329056
,5488.0,40,4.697930853581056e-05,102349,,1.1588236093521118,,1.0025943517684937,,0.5652905702590942,,0.1177210584282875
,5512.0,40,4.695172538049519e-05,102399,,1.0409148931503296,,1.393869161605835,,0.5653330683708191,,0.11772692948579788
,5480.0,40,4.6924138587201014e-05,102449,,1.0088051557540894,,1.171558141708374,,0.5653733611106873,,0.11773323267698288
,5448.0,40,4.689655179390684e-05,102499,,1.0049432516098022,,0.9792279005050659,,0.5654139518737793,,0.11773987114429474
,5464.0,40,4.686896500061266e-05,102549,,1.3483935594558716,,1.1666771173477173,,0.56545490026474,,0.11774682998657227
,5504.0,40,4.6841378207318485e-05,102599,,0.8659812211990356,,1.0393939018249512,,0.5654965043067932,,0.1177515983581543
,5476.0,40,4.681379141402431e-05,102649,,1.0388157367706299,,1.107103705406189,,0.5655380487442017,,0.11775936931371689
,5480.0,40,4.678620825870894e-05,102699,,1.125191569328308,,1.2946913242340088,,0.5655804872512817,,0.11776713281869888
,5492.0,40,4.675862146541476e-05,102749,,1.2146505117416382,,1.273755669593811,,0.5656200647354126,,0.11777547746896744
,5432.0,40,4.6731034672120586e-05,102799,,1.20548415184021,,1.586487889289856,,0.5656620264053345,,0.11778324097394943
5461.4091796875,,40,,102827,1.0494953393936157,,1.1036790609359741,,0.5646465420722961,,0.11761500686407089,
,5464.0,41,4.670344787882641e-05,102849,,1.0822889804840088,,0.917678952217102,,0.5657042860984802,,0.11778976023197174
,5448.0,41,4.667586108553223e-05,102899,,0.8463181257247925,,1.237821340560913,,0.565746545791626,,0.11779717355966568
,5540.0,41,4.664827429223806e-05,102949,,1.228551983833313,,1.4259593486785889,,0.565789520740509,,0.1178039088845253
,5416.0,41,4.662069113692269e-05,102999,,1.0850855112075806,,1.3575530052185059,,0.5658313632011414,,0.1178121566772461
,5496.0,41,4.659310434362851e-05,103049,,1.2333025932312012,,1.237504243850708,,0.5658722519874573,,0.11781816184520721
,5552.0,41,4.6565517550334334e-05,103099,,1.1106338500976562,,1.0161890983581543,,0.5659123063087463,,0.11782431602478027
,5416.0,41,4.653793075704016e-05,103149,,1.2052446603775024,,1.308623194694519,,0.5659554600715637,,0.1178283840417862
,5448.0,41,4.651034396374598e-05,103199,,1.05632483959198,,1.190382719039917,,0.5659986734390259,,0.11783494055271149
,5456.0,41,4.6482757170451805e-05,103249,,0.9239639639854431,,1.1890740394592285,,0.5660384893417358,,0.11784135550260544
,5456.0,41,4.6455174015136436e-05,103299,,1.1932334899902344,,1.6773093938827515,,0.5660759210586548,,0.11784778535366058
,5484.0,41,4.642758722184226e-05,103349,,1.0943626165390015,,1.3046687841415405,,0.5661182999610901,,0.11785440891981125
,5460.0,41,4.640000042854808e-05,103399,,1.0899955034255981,,1.2614821195602417,,0.566157341003418,,0.11786201596260071
,5472.0,41,4.6372413635253906e-05,103449,,0.9152126908302307,,0.9603164792060852,,0.5662021636962891,,0.1178693175315857
,5444.0,41,4.634482684195973e-05,103499,,1.2585656642913818,,0.8338382840156555,,0.5662447214126587,,0.11787746846675873
,5408.0,41,4.631724004866555e-05,103549,,1.0933105945587158,,1.002594232559204,,0.566286563873291,,0.11788123846054077
,5416.0,41,4.6289656893350184e-05,103599,,1.041805386543274,,1.081628680229187,,0.5663230419158936,,0.1178879588842392
,5472.0,41,4.626207010005601e-05,103649,,1.0810643434524536,,0.7184693217277527,,0.5663635730743408,,0.11789547652006149
,5456.0,41,4.623448330676183e-05,103699,,0.983902096748352,,1.1647099256515503,,0.5664090514183044,,0.11790324747562408
,5452.0,41,4.6206896513467655e-05,103749,,1.1786525249481201,,0.9558389186859131,,0.5664512515068054,,0.11791003495454788
,5400.0,41,4.617930972017348e-05,103799,,1.033996820449829,,1.0557670593261719,,0.5664939284324646,,0.11791714280843735
,5456.0,41,4.61517229268793e-05,103849,,1.1562607288360596,,1.0387413501739502,,0.5665353536605835,,0.11792556941509247
,5428.0,41,4.6124136133585125e-05,103899,,1.2172211408615112,,1.084330677986145,,0.5665726661682129,,0.117932990193367
,5452.0,41,4.6096552978269756e-05,103949,,1.1665095090866089,,1.5143914222717285,,0.5666079521179199,,0.11793822050094604
,5464.0,41,4.606896618497558e-05,103999,,0.9682908058166504,,1.1869513988494873,,0.5666472315788269,,0.117945097386837
,5480.0,41,4.60413793916814e-05,104049,,0.8765613436698914,,0.9628794193267822,,0.5666923522949219,,0.11795253306627274
,5488.0,41,4.6013792598387226e-05,104099,,1.0157546997070312,,0.8506035804748535,,0.5667331218719482,,0.11796113103628159
,5496.0,41,4.598620580509305e-05,104149,,1.083715796470642,,1.3774783611297607,,0.566773533821106,,0.11796913295984268
,5368.0,41,4.5958619011798874e-05,104199,,1.3350623846054077,,1.1640857458114624,,0.5668128132820129,,0.11797086149454117
,5448.0,41,4.5931035856483504e-05,104249,,1.1844857931137085,,1.1289269924163818,,0.5668534636497498,,0.11797656863927841
,5504.0,41,4.590344906318933e-05,104299,,0.8745026588439941,,0.9684928059577942,,0.5668967962265015,,0.1179846003651619
,5476.0,41,4.587586226989515e-05,104349,,1.1008036136627197,,1.1486815214157104,,0.5669397115707397,,0.11799057573080063
,5472.0,41,4.5848275476600975e-05,104399,,0.99160236120224,,0.9497224688529968,,0.5669825077056885,,0.11799784004688263
,5480.0,41,4.58206886833068e-05,104449,,1.079400897026062,,1.0345083475112915,,0.567024290561676,,0.11800415813922882
,5500.0,41,4.579310189001262e-05,104499,,1.2093958854675293,,0.8757152557373047,,0.5670672059059143,,0.11800962686538696
,5480.0,41,4.576551873469725e-05,104549,,1.1635620594024658,,0.9469932913780212,,0.5671067833900452,,0.118015818297863
,5488.0,41,4.5737931941403076e-05,104599,,1.0418739318847656,,1.1245688199996948,,0.567149817943573,,0.11802154034376144
,5516.0,41,4.57103451481089e-05,104649,,1.0885422229766846,,1.358674168586731,,0.5671934485435486,,0.11802933365106583
,5436.0,41,4.568275835481472e-05,104699,,0.8332151770591736,,1.0838592052459717,,0.567233145236969,,0.11803756654262543
,5504.0,41,4.565517156152055e-05,104749,,0.92718905210495,,0.9936606287956238,,0.5672741532325745,,0.11804380267858505
,5412.0,41,4.562758476822637e-05,104799,,1.118695855140686,,1.2366873025894165,,0.567317008972168,,0.11805165559053421
,5480.0,41,4.5600001612911e-05,104849,,1.4577596187591553,,1.1116586923599243,,0.5673587322235107,,0.11805836111307144
,5436.0,41,4.5572414819616824e-05,104899,,0.8860436081886292,,0.8078029155731201,,0.5673973560333252,,0.118063785135746
,5452.0,41,4.554482802632265e-05,104949,,0.914434552192688,,0.9740189909934998,,0.5674400925636292,,0.11807136237621307
,5540.0,41,4.551724123302847e-05,104999,,1.0631905794143677,,1.1942282915115356,,0.5674800872802734,,0.11807955801486969
,5424.0,41,4.5489654439734295e-05,105049,,1.2418150901794434,,1.0006178617477417,,0.5675196647644043,,0.11808594316244125
,5412.0,41,4.546206764644012e-05,105099,,1.2198313474655151,,1.1191765069961548,,0.567560076713562,,0.11809055507183075
,5504.0,41,4.543448449112475e-05,105149,,1.2268208265304565,,1.1134909391403198,,0.5675989389419556,,0.11809275299310684
,5464.0,41,4.540689769783057e-05,105199,,1.2861146926879883,,1.1560388803482056,,0.5676390528678894,,0.1180972009897232
,5520.0,41,4.5379310904536396e-05,105249,,1.0090250968933105,,1.2221800088882446,,0.5676804780960083,,0.11810256540775299
,5436.0,41,4.535172411124222e-05,105299,,0.8348867297172546,,0.9677608609199524,,0.5677189826965332,,0.11810833215713501
5462.158203125,,41,,105335,1.05661940574646,,1.1019155979156494,,0.5667356252670288,,0.1179569810628891,
,5516.0,42,4.532413731794804e-05,105349,,1.2120057344436646,,1.1653354167938232,,0.5677585601806641,,0.11811725050210953
,5412.0,42,4.529655052465387e-05,105399,,1.0251115560531616,,1.019534707069397,,0.5677982568740845,,0.11812447011470795
,5428.0,42,4.526896373135969e-05,105449,,0.9274409413337708,,1.3890272378921509,,0.5678390860557556,,0.1181311383843422
,5452.0,42,4.524138057604432e-05,105499,,1.1786681413650513,,0.99883633852005,,0.5678783059120178,,0.1181393563747406
,5524.0,42,4.5213793782750145e-05,105549,,1.2177988290786743,,1.6918017864227295,,0.5679159164428711,,0.1181463822722435
,5460.0,42,4.518620698945597e-05,105599,,1.1219615936279297,,0.9779473543167114,,0.5679543018341064,,0.11815360188484192
,5520.0,42,4.515862019616179e-05,105649,,0.9104579091072083,,1.1622856855392456,,0.5679967403411865,,0.11816121637821198
,5460.0,42,4.5131033402867615e-05,105699,,0.9775736331939697,,1.1232019662857056,,0.5680394172668457,,0.11816969513893127
,5432.0,42,4.510344660957344e-05,105749,,1.0139657258987427,,0.8313367962837219,,0.568078339099884,,0.11817805469036102
,5508.0,42,4.507586345425807e-05,105799,,1.314825177192688,,1.2199293375015259,,0.5681148767471313,,0.11818518489599228
,5460.0,42,4.504827666096389e-05,105849,,1.082776665687561,,1.0708777904510498,,0.5681578516960144,,0.11819419264793396
,5532.0,42,4.5020689867669716e-05,105899,,1.1013814210891724,,0.8820530772209167,,0.5681995153427124,,0.11820352077484131
,5456.0,42,4.499310307437554e-05,105949,,0.9356963634490967,,1.0128265619277954,,0.5682373046875,,0.11821037530899048
,5392.0,42,4.4965516281081364e-05,105999,,1.106659173965454,,0.9685544371604919,,0.5682768821716309,,0.11821722239255905
,5448.0,42,4.493792948778719e-05,106049,,0.951763927936554,,0.8957761526107788,,0.5683150887489319,,0.11822196841239929
,5444.0,42,4.491034633247182e-05,106099,,1.1177549362182617,,0.9807168245315552,,0.5683574676513672,,0.11822965741157532
,5444.0,42,4.488275953917764e-05,106149,,0.7631863951683044,,0.736362099647522,,0.5683969259262085,,0.11823711544275284
,5392.0,42,4.4855172745883465e-05,106199,,0.9113098382949829,,1.1116554737091064,,0.5684370994567871,,0.11824415624141693
,5408.0,42,4.482758595258929e-05,106249,,0.9931104183197021,,0.901626706123352,,0.5684753060340881,,0.11824877560138702
,5452.0,42,4.479999915929511e-05,106299,,1.0101232528686523,,1.0482234954833984,,0.5685121417045593,,0.1182544156908989
,5496.0,42,4.4772412366000935e-05,106349,,0.7963813543319702,,1.0337563753128052,,0.568547785282135,,0.11826121807098389
,5376.0,42,4.4744829210685566e-05,106399,,1.0442763566970825,,0.99473637342453,,0.5685891509056091,,0.11826866865158081
,5508.0,42,4.471724241739139e-05,106449,,0.9461751580238342,,1.0880768299102783,,0.5686287879943848,,0.11827675253152847
,5456.0,42,4.468965562409721e-05,106499,,1.0994280576705933,,0.9296549558639526,,0.5686665773391724,,0.11828397959470749
,5456.0,42,4.466206883080304e-05,106549,,1.1813527345657349,,1.2660349607467651,,0.5687097907066345,,0.1182907372713089
,5516.0,42,4.463448203750886e-05,106599,,1.2600101232528687,,0.8306571841239929,,0.568749189376831,,0.11829596757888794
,5540.0,42,4.4606895244214684e-05,106649,,1.0652751922607422,,1.125290036201477,,0.5687903165817261,,0.11830396205186844
,5380.0,42,4.4579312088899314e-05,106699,,1.2112040519714355,,0.86524498462677,,0.5688335299491882,,0.11831125617027283
,5464.0,42,4.455172529560514e-05,106749,,1.304842472076416,,1.1997584104537964,,0.5688753128051758,,0.11831862479448318
,5464.0,42,4.452413850231096e-05,106799,,1.0789742469787598,,1.2847779989242554,,0.5689160823822021,,0.11832643300294876
,5464.0,42,4.4496551709016785e-05,106849,,1.0178719758987427,,1.1865551471710205,,0.5689551830291748,,0.11833211779594421
,5420.0,42,4.446896491572261e-05,106899,,1.1382644176483154,,1.2178059816360474,,0.5689928531646729,,0.11833654344081879
,5372.0,42,4.444137812242843e-05,106949,,0.9971656203269958,,0.8673256039619446,,0.5690315365791321,,0.11834448575973511
,5516.0,42,4.4413791329134256e-05,106999,,1.3320294618606567,,0.729914665222168,,0.5690708160400391,,0.1183520257472992
,5460.0,42,4.4386208173818886e-05,107049,,1.1344201564788818,,1.3587708473205566,,0.5691103339195251,,0.11836038529872894
,5448.0,42,4.435862138052471e-05,107099,,0.9625366926193237,,0.8567031025886536,,0.5691490173339844,,0.11836543679237366
,5452.0,42,4.433103458723053e-05,107149,,1.1649339199066162,,1.045017957687378,,0.5691878795623779,,0.11837112903594971
,5512.0,42,4.430344779393636e-05,107199,,1.256629228591919,,1.2874088287353516,,0.5692281126976013,,0.11837933212518692
,5384.0,42,4.427586100064218e-05,107249,,1.097461223602295,,1.3171006441116333,,0.5692687630653381,,0.11838308721780777
,5472.0,42,4.4248274207348004e-05,107299,,1.1974462270736694,,1.252168893814087,,0.5693076252937317,,0.11839038133621216
,5448.0,42,4.4220691052032635e-05,107349,,1.1492048501968384,,1.029254674911499,,0.5693471431732178,,0.11839984357357025
,5528.0,42,4.419310425873846e-05,107399,,1.0199882984161377,,1.2193514108657837,,0.5693877339363098,,0.11840736865997314
,5472.0,42,4.416551746544428e-05,107449,,1.1907066106796265,,1.2327940464019775,,0.5694244503974915,,0.11841291189193726
,5440.0,42,4.4137930672150105e-05,107499,,1.2041040658950806,,0.9400426149368286,,0.5694657564163208,,0.11841869354248047
,5512.0,42,4.411034387885593e-05,107549,,1.1156721115112305,,1.135594129562378,,0.5695070028305054,,0.11842283606529236
,5460.0,42,4.408275708556175e-05,107599,,1.0876320600509644,,1.0008684396743774,,0.569546639919281,,0.11842738837003708
,5500.0,42,4.405517393024638e-05,107649,,1.047617793083191,,0.9442875385284424,,0.569584846496582,,0.11843174695968628
,5496.0,42,4.4027587136952206e-05,107699,,1.0654243230819702,,1.170941948890686,,0.5696273446083069,,0.11843696981668472
,5480.0,42,4.400000034365803e-05,107749,,1.1009571552276611,,1.1716232299804688,,0.5696673393249512,,0.11844325810670853
,5520.0,42,4.3972413550363854e-05,107799,,1.061823844909668,,0.8471512794494629,,0.5697062611579895,,0.11844804137945175
5464.05029296875,,42,,107843,1.0955402851104736,,1.1006556749343872,,0.5687590837478638,,0.118296779692173,
,5408.0,43,4.394482675706968e-05,107849,,1.1232575178146362,,1.2384949922561646,,0.5697454810142517,,0.11845360696315765
,5508.0,43,4.39172399637755e-05,107899,,1.1796659231185913,,1.345409631729126,,0.5697839260101318,,0.11845932900905609
,5460.0,43,4.388965680846013e-05,107949,,1.1772106885910034,,0.949274480342865,,0.5698242783546448,,0.11846543848514557
,5416.0,43,4.3862070015165955e-05,107999,,1.2536430358886719,,1.6657123565673828,,0.5698626041412354,,0.11847032606601715
,5412.0,43,4.383448322187178e-05,108049,,1.0998975038528442,,1.1329529285430908,,0.5699023008346558,,0.11847522854804993
,5524.0,43,4.38068964285776e-05,108099,,1.295338749885559,,1.2694724798202515,,0.5699394941329956,,0.11847896873950958
,5464.0,43,4.3779309635283425e-05,108149,,1.325012445449829,,1.3260420560836792,,0.5699757933616638,,0.11848631501197815
,5432.0,43,4.375172284198925e-05,108199,,1.2053440809249878,,0.8892038464546204,,0.5700175166130066,,0.11849366128444672
,5484.0,43,4.372413968667388e-05,108249,,0.9769408106803894,,0.9033944606781006,,0.5700547695159912,,0.11850026249885559
,5428.0,43,4.36965528933797e-05,108299,,1.1362167596817017,,1.1887891292572021,,0.5700932145118713,,0.11850586533546448
,5364.0,43,4.366896610008553e-05,108349,,1.0663292407989502,,0.8923200368881226,,0.5701313614845276,,0.11851182579994202
,5472.0,43,4.364137930679135e-05,108399,,1.0416457653045654,,1.3957363367080688,,0.57016921043396,,0.11851710081100464
,5404.0,43,4.3613792513497174e-05,108449,,0.8243052959442139,,0.8313696980476379,,0.570205807685852,,0.11852140724658966
,5416.0,43,4.3586205720203e-05,108499,,1.124153971672058,,0.9600348472595215,,0.5702481269836426,,0.11852864921092987
,5452.0,43,4.355861892690882e-05,108549,,1.0406057834625244,,1.0582983493804932,,0.5702886581420898,,0.1185338944196701
,5416.0,43,4.353103577159345e-05,108599,,1.1929470300674438,,1.0888371467590332,,0.5703259706497192,,0.11853937804698944
,5460.0,43,4.3503448978299275e-05,108649,,0.7441331744194031,,0.963707447052002,,0.5703638792037964,,0.11854565143585205
,5432.0,43,4.34758621850051e-05,108699,,0.8847725987434387,,0.9259881377220154,,0.5703986883163452,,0.11855131387710571
,5568.0,43,4.344827539171092e-05,108749,,0.8923696875572205,,0.8224654197692871,,0.5704382061958313,,0.11855790764093399
,5476.0,43,4.3420688598416746e-05,108799,,1.086419701576233,,1.2790659666061401,,0.5704798102378845,,0.11856438219547272
,5516.0,43,4.339310180512257e-05,108849,,1.023293375968933,,1.0151749849319458,,0.5705192685127258,,0.11857151985168457
,5440.0,43,4.33655186498072e-05,108899,,1.2169383764266968,,1.3840442895889282,,0.570559561252594,,0.1185762882232666
,5452.0,43,4.333793185651302e-05,108949,,1.2524718046188354,,1.053338646888733,,0.5705980062484741,,0.11858232319355011
,5464.0,43,4.331034506321885e-05,108999,,1.3479547500610352,,1.2751259803771973,,0.5706368684768677,,0.11858923733234406
,5488.0,43,4.328275826992467e-05,109049,,1.0273246765136719,,0.9361191391944885,,0.5706768035888672,,0.11859624087810516
,5488.0,43,4.3255171476630494e-05,109099,,1.3266652822494507,,1.4079313278198242,,0.5707172155380249,,0.1186034306883812
,5472.0,43,4.322758468333632e-05,109149,,1.0503188371658325,,0.9973627924919128,,0.5707554817199707,,0.11860809475183487
,5500.0,43,4.320000152802095e-05,109199,,1.1243836879730225,,1.2669328451156616,,0.5707954168319702,,0.11861427873373032
,5496.0,43,4.317241473472677e-05,109249,,1.194550633430481,,1.176945686340332,,0.5708325505256653,,0.11862168461084366
,5500.0,43,4.3144827941432595e-05,109299,,1.0354797840118408,,1.1686582565307617,,0.5708706378936768,,0.11862889677286148
,5416.0,43,4.311724114813842e-05,109349,,1.0049853324890137,,0.7594462633132935,,0.570907711982727,,0.11863623559474945
,5468.0,43,4.308965435484424e-05,109399,,1.0886293649673462,,0.9588140845298767,,0.5709498524665833,,0.11864141374826431
,5448.0,43,4.3062067561550066e-05,109449,,1.3502899408340454,,1.0477453470230103,,0.570989727973938,,0.1186482310295105
,5472.0,43,4.3034484406234697e-05,109499,,1.3154667615890503,,0.9561917185783386,,0.5710291266441345,,0.11865495145320892
,5436.0,43,4.300689761294052e-05,109549,,1.1578198671340942,,1.0270277261734009,,0.5710704922676086,,0.11866182088851929
,5492.0,43,4.2979310819646344e-05,109599,,1.1430214643478394,,1.096947193145752,,0.5711073875427246,,0.11866817623376846
,5492.0,43,4.295172402635217e-05,109649,,0.9557017087936401,,1.1711235046386719,,0.5711418390274048,,0.11867381632328033
,5516.0,43,4.292413723305799e-05,109699,,1.5083386898040771,,1.2763381004333496,,0.5711832046508789,,0.11868211627006531
,5452.0,43,4.2896550439763814e-05,109749,,1.128713607788086,,1.0183848142623901,,0.5712189078330994,,0.11869000643491745
,5400.0,43,4.2868967284448445e-05,109799,,0.9364029169082642,,0.847527265548706,,0.5712598562240601,,0.11869634687900543
,5500.0,43,4.284138049115427e-05,109849,,1.2031859159469604,,1.2414826154708862,,0.5712995529174805,,0.11870287358760834
,5488.0,43,4.281379369786009e-05,109899,,1.0399298667907715,,0.9109375476837158,,0.5713379383087158,,0.11870957165956497
,5400.0,43,4.2786206904565915e-05,109949,,0.745665967464447,,0.9398928880691528,,0.5713751912117004,,0.11871522665023804
,5448.0,43,4.275862011127174e-05,109999,,0.9579853415489197,,1.0625933408737183,,0.5714141726493835,,0.11871993541717529
,5412.0,43,4.273103331797756e-05,110049,,1.1469719409942627,,1.5472790002822876,,0.5714558959007263,,0.11872300505638123
,5520.0,43,4.2703446524683386e-05,110099,,0.9623377323150635,,1.119442105293274,,0.5714917778968811,,0.11872635036706924
,5520.0,43,4.267586336936802e-05,110149,,1.2964991331100464,,1.147316813468933,,0.5715274214744568,,0.11873038113117218
,5404.0,43,4.264827657607384e-05,110199,,1.0244075059890747,,0.6926911473274231,,0.5715650320053101,,0.1187337264418602
,5416.0,43,4.2620689782779664e-05,110249,,1.1265161037445068,,1.4644733667373657,,0.5716044902801514,,0.11873739212751389
,5412.0,43,4.259310298948549e-05,110299,,1.0884920358657837,,1.1146973371505737,,0.5716415643692017,,0.11874067038297653
,5404.0,43,4.256551619619131e-05,110349,,0.9617754220962524,,0.7302370071411133,,0.5716783404350281,,0.11874476820230484
5461.470703125,,43,,110351,1.1103160381317139,,1.0923528671264648,,0.570728063583374,,0.11860685795545578,
,5464.0,44,4.2537929402897134e-05,110399,,0.9968448281288147,,1.09236478805542,,0.5717174410820007,,0.1187489777803421
,5448.0,44,4.2510346247581765e-05,110449,,1.0554310083389282,,1.206815242767334,,0.5717551708221436,,0.11875159293413162
,5508.0,44,4.248275945428759e-05,110499,,1.322324275970459,,1.2094006538391113,,0.5717921853065491,,0.1187579408288002
,5440.0,44,4.245517266099341e-05,110549,,1.0982719659805298,,1.2203859090805054,,0.5718297958374023,,0.1187635213136673
,5576.0,44,4.2427585867699236e-05,110599,,1.0898982286453247,,1.1512413024902344,,0.5718683004379272,,0.1187693178653717
,5484.0,44,4.239999907440506e-05,110649,,1.241220474243164,,1.0654292106628418,,0.5719058513641357,,0.11877454072237015
,5516.0,44,4.237241228111088e-05,110699,,0.8468366861343384,,0.6300098299980164,,0.5719426870346069,,0.11878001689910889
,5456.0,44,4.2344829125795513e-05,110749,,0.9766674637794495,,0.9389708042144775,,0.5719818472862244,,0.118785560131073
,5484.0,44,4.231724233250134e-05,110799,,1.1469358205795288,,1.0702458620071411,,0.5720212459564209,,0.11879095435142517
,5440.0,44,4.228965553920716e-05,110849,,1.20883047580719,,0.9723179936408997,,0.5720574855804443,,0.11879792809486389
,5536.0,44,4.2262068745912984e-05,110899,,1.0730032920837402,,0.9892607927322388,,0.5720973014831543,,0.118804432451725
,5448.0,44,4.223448195261881e-05,110949,,0.9849416613578796,,1.0610707998275757,,0.5721360445022583,,0.11881276220083237
,5460.0,44,4.220689515932463e-05,110999,,1.2544457912445068,,0.9952816963195801,,0.5721723437309265,,0.11881883442401886
,5440.0,44,4.217931200400926e-05,111049,,0.8769219517707825,,0.961118757724762,,0.5722103118896484,,0.11882661283016205
,5412.0,44,4.2151725210715085e-05,111099,,1.1192106008529663,,1.0491372346878052,,0.5722477436065674,,0.11883291602134705
,5520.0,44,4.212413841742091e-05,111149,,1.1332757472991943,,1.0011117458343506,,0.572283923625946,,0.11883986741304398
,5500.0,44,4.209655162412673e-05,111199,,1.2145018577575684,,0.9137102961540222,,0.5723223686218262,,0.11884528398513794
,5484.0,44,4.2068964830832556e-05,111249,,1.0788878202438354,,1.2265918254852295,,0.5723600387573242,,0.11885374784469604
,5500.0,44,4.204137803753838e-05,111299,,1.21866774559021,,1.07720947265625,,0.5724003314971924,,0.11886037886142731
,5524.0,44,4.201379488222301e-05,111349,,1.1295870542526245,,1.2224375009536743,,0.5724343657493591,,0.1188654899597168
,5428.0,44,4.1986208088928834e-05,111399,,0.9487642049789429,,0.9081869721412659,,0.5724741220474243,,0.11887165904045105
,5488.0,44,4.195862129563466e-05,111449,,0.9530608057975769,,1.416761040687561,,0.5725125670433044,,0.1188809722661972
,5504.0,44,4.193103450234048e-05,111499,,1.1404567956924438,,1.1033644676208496,,0.5725488662719727,,0.1188867837190628
,5464.0,44,4.1903447709046304e-05,111549,,1.1398152112960815,,0.9658470153808594,,0.5725862383842468,,0.11889371275901794
,5492.0,44,4.187586091575213e-05,111599,,1.1625488996505737,,0.9533752202987671,,0.5726218819618225,,0.11890129745006561
,5476.0,44,4.184827412245795e-05,111649,,1.290650725364685,,1.471816897392273,,0.5726600289344788,,0.1189059466123581
,5456.0,44,4.182069096714258e-05,111699,,1.1329011917114258,,1.2264553308486938,,0.5726971626281738,,0.11891205608844757
,5496.0,44,4.1793104173848405e-05,111749,,0.9970106482505798,,0.9315697550773621,,0.5727363228797913,,0.11891503632068634
,5432.0,44,4.176551738055423e-05,111799,,1.0347768068313599,,0.7477744221687317,,0.5727757811546326,,0.1189192682504654
,5552.0,44,4.173793058726005e-05,111849,,1.0817835330963135,,1.1071614027023315,,0.5728150606155396,,0.11892599612474442
,5492.0,44,4.1710343793965876e-05,111899,,1.2384109497070312,,1.2280747890472412,,0.5728558301925659,,0.11893180757761002
,5476.0,44,4.16827570006717e-05,111949,,1.1144832372665405,,1.1979604959487915,,0.5728948712348938,,0.11893932521343231
,5516.0,44,4.165517384535633e-05,111999,,1.2256723642349243,,0.8201572895050049,,0.572930634021759,,0.11894627660512924
,5472.0,44,4.1627587052062154e-05,112049,,1.1654781103134155,,1.3573627471923828,,0.5729658603668213,,0.11895174533128738
,5460.0,44,4.160000025876798e-05,112099,,1.1932311058044434,,1.2889797687530518,,0.5730053186416626,,0.11895550787448883
,5476.0,44,4.15724134654738e-05,112149,,0.9929808974266052,,0.8230543732643127,,0.5730428695678711,,0.11896023154258728
,5432.0,44,4.1544826672179624e-05,112199,,1.077534794807434,,1.0381110906600952,,0.5730786919593811,,0.11896567791700363
,5468.0,44,4.151723987888545e-05,112249,,1.015385389328003,,0.709080696105957,,0.5731151700019836,,0.1189701110124588
,5388.0,44,4.148965672357008e-05,112299,,1.2391239404678345,,1.3367382287979126,,0.5731499195098877,,0.11897401511669159
,5528.0,44,4.14620699302759e-05,112349,,1.257903814315796,,1.1498924493789673,,0.5731886029243469,,0.11898378282785416
,5516.0,44,4.1434483136981726e-05,112399,,1.0586552619934082,,1.092352032661438,,0.5732259750366211,,0.11899200826883316
,5416.0,44,4.140689634368755e-05,112449,,1.0691081285476685,,1.029106855392456,,0.5732609033584595,,0.11899688839912415
,5452.0,44,4.137930955039337e-05,112499,,0.8045507669448853,,0.994494616985321,,0.5732955932617188,,0.11899986863136292
,5448.0,44,4.1351722757099196e-05,112549,,1.1612496376037598,,1.0008454322814941,,0.573331892490387,,0.11900553107261658
,5476.0,44,4.132413960178383e-05,112599,,1.0924420356750488,,1.0844523906707764,,0.5733689069747925,,0.11901100724935532
,5448.0,44,4.129655280848965e-05,112649,,0.9885018467903137,,0.9839558005332947,,0.5734039545059204,,0.11901646852493286
,5416.0,44,4.1268966015195474e-05,112699,,1.2958680391311646,,1.0402008295059204,,0.5734419226646423,,0.11902053654193878
,5532.0,44,4.12413792219013e-05,112749,,1.2926404476165771,,1.2751048803329468,,0.5734808444976807,,0.11902647465467453
,5424.0,44,4.121379242860712e-05,112799,,1.166243076324463,,0.6956639289855957,,0.5735169053077698,,0.11903385818004608
,5388.0,44,4.1186205635312945e-05,112849,,1.5297521352767944,,0.9314026832580566,,0.5735527276992798,,0.11903785169124603
5460.53125,,44,,112859,1.130851149559021,,1.086001992225647,,0.5726417303085327,,0.11889723688364029,
,5484.0,45,4.1158622479997575e-05,112899,,1.1408495903015137,,1.1226062774658203,,0.5735906958580017,,0.11904065310955048
,5476.0,45,4.11310356867034e-05,112949,,1.4122973680496216,,0.8405739068984985,,0.5736265182495117,,0.11904245615005493
,5440.0,45,4.110344889340922e-05,112999,,1.1514766216278076,,0.9774607419967651,,0.5736631751060486,,0.1190468966960907
,5444.0,45,4.1075862100115046e-05,113049,,1.0743242502212524,,1.0387933254241943,,0.5736993551254272,,0.1190543919801712
,5444.0,45,4.104827530682087e-05,113099,,1.3266634941101074,,1.1851112842559814,,0.5737361907958984,,0.11905986070632935
,5484.0,45,4.102068851352669e-05,113149,,1.2588574886322021,,1.3346788883209229,,0.5737723112106323,,0.11906588077545166
,5440.0,45,4.0993101720232517e-05,113199,,1.1885435581207275,,1.3757110834121704,,0.5738099813461304,,0.11907307803630829
,5380.0,45,4.096551856491715e-05,113249,,0.9422491192817688,,0.9720697999000549,,0.5738451480865479,,0.11907897889614105
,5544.0,45,4.093793177162297e-05,113299,,1.208585262298584,,1.2369767427444458,,0.5738816261291504,,0.11908261477947235
,5448.0,45,4.0910344978328794e-05,113349,,1.076511025428772,,1.0804815292358398,,0.5739175081253052,,0.1190890371799469
,5484.0,45,4.088275818503462e-05,113399,,1.2964431047439575,,0.9491584300994873,,0.5739569067955017,,0.11909308284521103
,5484.0,45,4.085517139174044e-05,113449,,0.9103450179100037,,1.0271433591842651,,0.573992133140564,,0.1190982460975647
,5440.0,45,4.0827584598446265e-05,113499,,1.3070169687271118,,1.1671642065048218,,0.5740296840667725,,0.1191055029630661
,5440.0,45,4.0800001443130895e-05,113549,,1.1425728797912598,,1.2116657495498657,,0.5740664005279541,,0.11911047995090485
,5448.0,45,4.077241464983672e-05,113599,,1.0389535427093506,,0.9668645262718201,,0.5741026997566223,,0.11911912262439728
,5508.0,45,4.074482785654254e-05,113649,,1.01453697681427,,0.8933037519454956,,0.574134111404419,,0.11912468820810318
,5492.0,45,4.0717241063248366e-05,113699,,1.3108664751052856,,1.7344485521316528,,0.5741695165634155,,0.11912847310304642
,5480.0,45,4.068965426995419e-05,113749,,1.193219780921936,,0.7555407285690308,,0.5742081999778748,,0.11913348734378815
,5496.0,45,4.066206747666001e-05,113799,,1.3341542482376099,,1.2746449708938599,,0.5742470622062683,,0.1191410943865776
,5480.0,45,4.0634484321344644e-05,113849,,1.189987063407898,,0.8958866000175476,,0.574286162853241,,0.11914876103401184
,5412.0,45,4.060689752805047e-05,113899,,1.1622166633605957,,1.2076737880706787,,0.574323296546936,,0.11915717273950577
,5444.0,45,4.057931073475629e-05,113949,,1.236572027206421,,0.8573883771896362,,0.5743569135665894,,0.11916260421276093
,5528.0,45,4.0551723941462114e-05,113999,,1.257440209388733,,0.8756102919578552,,0.5743919014930725,,0.11916846036911011
,5432.0,45,4.052413714816794e-05,114049,,1.1623982191085815,,1.1563630104064941,,0.574429452419281,,0.11917409300804138
,5488.0,45,4.049655035487376e-05,114099,,1.0137015581130981,,0.874839723110199,,0.5744670033454895,,0.1191793829202652
,5380.0,45,4.046896719955839e-05,114149,,1.114073634147644,,1.02994966506958,,0.5745025873184204,,0.11918631941080093
,5388.0,45,4.0441380406264216e-05,114199,,1.2162636518478394,,1.1449038982391357,,0.5745397210121155,,0.11919209361076355
,5496.0,45,4.041379361297004e-05,114249,,1.2308517694473267,,1.1526280641555786,,0.5745735168457031,,0.11919638514518738
,5480.0,45,4.038620681967586e-05,114299,,0.9387286305427551,,1.0399882793426514,,0.5746090412139893,,0.11920212209224701
,5460.0,45,4.0358620026381686e-05,114349,,0.9668676257133484,,0.9355636239051819,,0.5746425986289978,,0.1192069947719574
,5428.0,45,4.033103323308751e-05,114399,,0.950971245765686,,0.9772582054138184,,0.5746777653694153,,0.11921088397502899
,5408.0,45,4.030345007777214e-05,114449,,1.107480525970459,,0.8756052851676941,,0.5747135877609253,,0.11921530961990356
,5536.0,45,4.0275863284477964e-05,114499,,1.1259042024612427,,1.22952401638031,,0.5747507214546204,,0.11922033131122589
,5444.0,45,4.024827649118379e-05,114549,,1.300310730934143,,1.3579847812652588,,0.5747862458229065,,0.1192220002412796
,5416.0,45,4.022068969788961e-05,114599,,1.2462217807769775,,0.7957748770713806,,0.5748226642608643,,0.11922799050807953
,5448.0,45,4.0193102904595435e-05,114649,,1.2227097749710083,,1.1310796737670898,,0.5748599767684937,,0.11923235654830933
,5460.0,45,4.016551611130126e-05,114699,,1.0937814712524414,,0.973247766494751,,0.5748938322067261,,0.11923609673976898
,5440.0,45,4.013792931800708e-05,114749,,0.9285178780555725,,1.0016779899597168,,0.5749306678771973,,0.11924147605895996
,5432.0,45,4.011034616269171e-05,114799,,0.9640909433364868,,1.0805623531341553,,0.574967086315155,,0.11924639344215393
,5392.0,45,4.0082759369397536e-05,114849,,1.0727052688598633,,0.893890380859375,,0.5750022530555725,,0.11925088614225388
,5412.0,45,4.005517257610336e-05,114899,,1.0875742435455322,,1.19191575050354,,0.5750362873077393,,0.11925623565912247
,5472.0,45,4.002758578280918e-05,114949,,1.1366080045700073,,1.012304663658142,,0.5750714540481567,,0.11926042288541794
,5500.0,45,3.9999998989515007e-05,114999,,1.0598386526107788,,1.2787543535232544,,0.5751090049743652,,0.11926555633544922
,5480.0,45,3.997241219622083e-05,115049,,1.3531970977783203,,1.3443738222122192,,0.5751433372497559,,0.11927097290754318
,5452.0,45,3.994482904090546e-05,115099,,1.2518329620361328,,1.0233324766159058,,0.5751805305480957,,0.11927702277898788
,5440.0,45,3.9917242247611284e-05,115149,,0.99912029504776,,1.155021071434021,,0.5752168893814087,,0.11927881836891174
,5504.0,45,3.988965545431711e-05,115199,,1.216879963874817,,0.8747704029083252,,0.5752547979354858,,0.11928355693817139
,5508.0,45,3.986206866102293e-05,115249,,1.2755565643310547,,1.168738842010498,,0.5752938985824585,,0.11928538978099823
,5448.0,45,3.9834481867728755e-05,115299,,1.0369497537612915,,1.0807517766952515,,0.5753312110900879,,0.11928897351026535
,5488.0,45,3.980689507443458e-05,115349,,1.3444093465805054,,1.1879934072494507,,0.5753663182258606,,0.1192922294139862
5463.3681640625,,45,,115367,1.156887173652649,,1.0762077569961548,,0.574486255645752,,0.11917617172002792,
,5500.0,46,3.977931191911921e-05,115399,,1.1300487518310547,,0.8711880445480347,,0.5754026174545288,,0.11929657310247421
,5464.0,46,3.975172512582503e-05,115449,,1.0337458848953247,,1.2539637088775635,,0.5754355788230896,,0.11929923295974731
,5304.0,46,3.9724138332530856e-05,115499,,1.0994395017623901,,0.9275798201560974,,0.5754735469818115,,0.11930417269468307
,5472.0,46,3.969655153923668e-05,115549,,1.14901864528656,,0.9225878715515137,,0.5755095481872559,,0.11930796504020691
,5524.0,46,3.96689647459425e-05,115599,,1.1518605947494507,,0.7268136739730835,,0.5755483508110046,,0.11931179463863373
,5520.0,46,3.964137795264833e-05,115649,,1.2140986919403076,,1.2925567626953125,,0.5755863785743713,,0.11931689083576202
,5484.0,46,3.961379479733296e-05,115699,,1.1387156248092651,,0.9404124617576599,,0.5756193995475769,,0.11932255327701569
,5480.0,46,3.958620800403878e-05,115749,,1.1893590688705444,,1.1837680339813232,,0.5756598711013794,,0.11932601034641266
,5456.0,46,3.9558621210744604e-05,115799,,1.1168043613433838,,1.308940052986145,,0.5756951570510864,,0.11933086812496185
,5504.0,46,3.953103441745043e-05,115849,,1.0647932291030884,,1.055492639541626,,0.5757326483726501,,0.11933743208646774
,5388.0,46,3.950344762415625e-05,115899,,1.0403867959976196,,0.8961526155471802,,0.5757688283920288,,0.11934265494346619
,5512.0,46,3.9475860830862075e-05,115949,,1.241214632987976,,1.1014618873596191,,0.5758036375045776,,0.11934877932071686
,5416.0,46,3.9448277675546706e-05,115999,,1.2442995309829712,,1.0354760885238647,,0.5758394002914429,,0.1193537712097168
,5496.0,46,3.942069088225253e-05,116049,,1.1294773817062378,,0.804622232913971,,0.5758741497993469,,0.11935889720916748
,5476.0,46,3.939310408895835e-05,116099,,0.8789079189300537,,0.9820562601089478,,0.5759096741676331,,0.11936227977275848
,5488.0,46,3.9365517295664176e-05,116149,,1.2493364810943604,,1.2053523063659668,,0.5759451389312744,,0.11936425417661667
,5496.0,46,3.933793050237e-05,116199,,1.3335131406784058,,1.0785919427871704,,0.5759786367416382,,0.11937252432107925
,5496.0,46,3.9310343709075823e-05,116249,,1.1372666358947754,,0.975024402141571,,0.5760125517845154,,0.11937753111124039
,5504.0,46,3.928275691578165e-05,116299,,1.0370818376541138,,0.95766282081604,,0.5760484933853149,,0.11938528716564178
,5432.0,46,3.925517376046628e-05,116349,,0.9331449270248413,,1.0127886533737183,,0.5760834813117981,,0.11939120292663574
,5496.0,46,3.92275869671721e-05,116399,,1.120528221130371,,1.1196258068084717,,0.5761189460754395,,0.11939563602209091
,5484.0,46,3.9200000173877925e-05,116449,,1.3802562952041626,,1.1445616483688354,,0.5761534571647644,,0.11939789354801178
,5448.0,46,3.917241338058375e-05,116499,,1.0102025270462036,,1.0940381288528442,,0.5761904716491699,,0.11940409988164902
,5436.0,46,3.914482658728957e-05,116549,,1.1589840650558472,,0.9250044226646423,,0.5762230157852173,,0.11940783262252808
,5488.0,46,3.9117239793995395e-05,116599,,1.1732747554779053,,1.045863389968872,,0.5762578845024109,,0.11941173672676086
,5476.0,46,3.9089656638680026e-05,116649,,1.2384213209152222,,1.1482353210449219,,0.5762927532196045,,0.11941641569137573
,5444.0,46,3.906206984538585e-05,116699,,1.3697547912597656,,1.114822268486023,,0.5763317346572876,,0.11942099779844284
,5428.0,46,3.903448305209167e-05,116749,,1.1833782196044922,,1.395108938217163,,0.5763669610023499,,0.11942754685878754
,5504.0,46,3.9006896258797497e-05,116799,,1.2487096786499023,,1.3289357423782349,,0.5763999819755554,,0.1194322407245636
,5484.0,46,3.897930946550332e-05,116849,,1.188787579536438,,0.9460066556930542,,0.5764347910881042,,0.11943650990724564
,5496.0,46,3.8951722672209144e-05,116899,,1.3072539567947388,,1.0964919328689575,,0.5764706134796143,,0.11944025009870529
,5420.0,46,3.8924139516893774e-05,116949,,0.9525905251502991,,0.8855661153793335,,0.5765051245689392,,0.1194467842578888
,5440.0,46,3.88965527235996e-05,116999,,1.212922215461731,,1.2700624465942383,,0.5765411257743835,,0.11945205181837082
,5468.0,46,3.886896593030542e-05,117049,,1.109130620956421,,1.0219783782958984,,0.5765740275382996,,0.11945706605911255
,5472.0,46,3.8841379137011245e-05,117099,,1.1307817697525024,,1.0548372268676758,,0.576608419418335,,0.11946099996566772
,5444.0,46,3.881379234371707e-05,117149,,0.9516361951828003,,1.1569774150848389,,0.5766409635543823,,0.11946546286344528
,5460.0,46,3.878620555042289e-05,117199,,1.2717047929763794,,0.8008192181587219,,0.5766758918762207,,0.11946913599967957
,5516.0,46,3.875862239510752e-05,117249,,1.1379501819610596,,0.680988073348999,,0.5767116546630859,,0.11947423964738846
,5548.0,46,3.8731035601813346e-05,117299,,1.1611409187316895,,1.1934295892715454,,0.5767461061477661,,0.11948100477457047
,5440.0,46,3.870344880851917e-05,117349,,1.1481218338012695,,1.2233211994171143,,0.5767819285392761,,0.11948612332344055
,5504.0,46,3.867586201522499e-05,117399,,1.1896041631698608,,0.9791300296783447,,0.5768153667449951,,0.11949293315410614
,5376.0,46,3.864827522193082e-05,117449,,1.2535157203674316,,0.695305585861206,,0.5768488049507141,,0.11949974298477173
,5464.0,46,3.862068842863664e-05,117499,,1.2245389223098755,,1.4090269804000854,,0.57688307762146,,0.11950378865003586
,5452.0,46,3.8593101635342464e-05,117549,,1.1025968790054321,,1.004961609840393,,0.5769165754318237,,0.11950854957103729
,5492.0,46,3.8565518480027094e-05,117599,,1.217408537864685,,1.238336205482483,,0.5769510269165039,,0.11951233446598053
,5436.0,46,3.853793168673292e-05,117649,,1.1512830257415771,,0.8692861795425415,,0.5769866704940796,,0.11951714009046555
,5440.0,46,3.851034489343874e-05,117699,,1.393967866897583,,1.112013816833496,,0.5770211219787598,,0.11952298134565353
,5408.0,46,3.8482758100144565e-05,117749,,1.2263716459274292,,1.1972938776016235,,0.5770555138587952,,0.11952909827232361
,5500.0,46,3.845517130685039e-05,117799,,0.9665907621383667,,1.0419113636016846,,0.5770909786224365,,0.11953451484441757
,5496.0,46,3.842758451355621e-05,117849,,1.2162867784500122,,1.2206724882125854,,0.5771243572235107,,0.11954040825366974
5461.5361328125,,46,,117875,1.1717162132263184,,1.0734270811080933,,0.5762853026390076,,0.11941774189472198,
,5472.0,47,3.840000135824084e-05,117899,,1.4171478748321533,,1.0268856287002563,,0.5771578550338745,,0.11954552680253983
,5380.0,47,3.8372414564946666e-05,117949,,1.4190638065338135,,0.6769816875457764,,0.5771896839141846,,0.11954975128173828
,5424.0,47,3.834482777165249e-05,117999,,1.1727347373962402,,0.8741828799247742,,0.5772274136543274,,0.11955543607473373
,5424.0,47,3.8317240978358313e-05,118049,,1.2157961130142212,,1.1117185354232788,,0.5772634744644165,,0.11956002563238144
,5440.0,47,3.828965418506414e-05,118099,,1.084057331085205,,1.1210094690322876,,0.5772975087165833,,0.11956512928009033
,5480.0,47,3.826206739176996e-05,118149,,1.2158403396606445,,0.82607102394104,,0.5773303508758545,,0.11956815421581268
,5440.0,47,3.823448423645459e-05,118199,,1.4632431268692017,,1.1297261714935303,,0.5773662328720093,,0.1195719838142395
,5452.0,47,3.8206897443160415e-05,118249,,1.5079965591430664,,1.4733201265335083,,0.5774013996124268,,0.1195782870054245
,5472.0,47,3.817931064986624e-05,118299,,0.9969099164009094,,0.90981125831604,,0.5774374008178711,,0.11958317458629608
,5500.0,47,3.815172385657206e-05,118349,,1.218543291091919,,0.9696730971336365,,0.5774720311164856,,0.11958993971347809
,5512.0,47,3.8124137063277885e-05,118399,,1.321700096130371,,1.095257043838501,,0.5775085687637329,,0.11959288269281387
,5460.0,47,3.809655026998371e-05,118449,,1.3481731414794922,,1.1261039972305298,,0.5775441527366638,,0.11959809064865112
,5432.0,47,3.806896711466834e-05,118499,,1.0253506898880005,,1.1588772535324097,,0.577576756477356,,0.11960186809301376
,5464.0,47,3.804138032137416e-05,118549,,1.1466946601867676,,0.9126608371734619,,0.5776116847991943,,0.11960956454277039
,5468.0,47,3.8013793528079987e-05,118599,,1.1528240442276,,1.242896318435669,,0.5776479244232178,,0.11961240321397781
,5456.0,47,3.798620673478581e-05,118649,,1.3620468378067017,,1.2743254899978638,,0.5776848793029785,,0.1196180135011673
,5392.0,47,3.7958619941491634e-05,118699,,1.5868054628372192,,1.086220145225525,,0.5777214765548706,,0.11962398886680603
,5436.0,47,3.793103314819746e-05,118749,,1.2248550653457642,,1.0104155540466309,,0.5777535438537598,,0.11962925642728806
,5388.0,47,3.790344999288209e-05,118799,,1.5105276107788086,,1.2099475860595703,,0.5777862668037415,,0.11963445693254471
,5452.0,47,3.787586319958791e-05,118849,,1.4060382843017578,,1.176403522491455,,0.5778219699859619,,0.11964014172554016
,5464.0,47,3.7848276406293735e-05,118899,,1.1154743432998657,,1.1710792779922485,,0.5778562426567078,,0.11964639276266098
,5468.0,47,3.782068961299956e-05,118949,,1.3791742324829102,,1.0951892137527466,,0.5778909921646118,,0.11965049058198929
,5448.0,47,3.779310281970538e-05,118999,,1.3933229446411133,,1.0876305103302002,,0.5779229998588562,,0.11965563893318176
,5452.0,47,3.7765516026411206e-05,119049,,1.1276499032974243,,0.9273152947425842,,0.577957808971405,,0.11966195702552795
,5440.0,47,3.773792923311703e-05,119099,,1.1611295938491821,,0.8210908770561218,,0.577994704246521,,0.11966557800769806
,5452.0,47,3.771034607780166e-05,119149,,1.3402386903762817,,0.7860334515571594,,0.5780277848243713,,0.11966940015554428
,5456.0,47,3.768275928450748e-05,119199,,1.4754698276519775,,0.9156040549278259,,0.5780603885650635,,0.11967341601848602
,5384.0,47,3.765517249121331e-05,119249,,1.0208197832107544,,1.3438950777053833,,0.5780937671661377,,0.11967627704143524
,5480.0,47,3.762758569791913e-05,119299,,1.1028767824172974,,1.0176142454147339,,0.578127920627594,,0.11967989802360535
,5524.0,47,3.7599998904624954e-05,119349,,1.2314225435256958,,1.2241005897521973,,0.5781603455543518,,0.1196853518486023
,5500.0,47,3.757241211133078e-05,119399,,1.2872127294540405,,1.1036872863769531,,0.5781949758529663,,0.11968894302845001
,5440.0,47,3.754482895601541e-05,119449,,1.3475383520126343,,1.064041256904602,,0.5782285928726196,,0.11969050765037537
,5492.0,47,3.751724216272123e-05,119499,,1.316892147064209,,0.9985804557800293,,0.5782593488693237,,0.11969353258609772
,5508.0,47,3.7489655369427055e-05,119549,,1.1541645526885986,,1.0236966609954834,,0.5782948732376099,,0.11969653517007828
,5432.0,47,3.746206857613288e-05,119599,,1.31716787815094,,1.194077730178833,,0.57832932472229,,0.11969869583845139
,5416.0,47,3.74344817828387e-05,119649,,1.0725500583648682,,1.0923818349838257,,0.5783634185791016,,0.11970512568950653
,5464.0,47,3.7406894989544526e-05,119699,,1.2179131507873535,,1.2481942176818848,,0.5783976912498474,,0.11971098184585571
,5504.0,47,3.7379311834229156e-05,119749,,0.7452325224876404,,0.8941138386726379,,0.5784342288970947,,0.1197148784995079
,5460.0,47,3.735172504093498e-05,119799,,1.217024326324463,,0.895404040813446,,0.5784666538238525,,0.11971867084503174
,5436.0,47,3.7324138247640803e-05,119849,,1.0522847175598145,,0.9240055084228516,,0.5785011649131775,,0.11972332000732422
,5460.0,47,3.729655145434663e-05,119899,,1.0294595956802368,,0.9919334053993225,,0.5785356760025024,,0.11972680687904358
,5448.0,47,3.726896466105245e-05,119949,,1.312110424041748,,0.917037308216095,,0.5785713791847229,,0.11973074078559875
,5464.0,47,3.7241377867758274e-05,119999,,1.241773247718811,,1.2342853546142578,,0.5786062479019165,,0.11973482370376587
,5504.0,47,3.7213794712442905e-05,120049,,1.5437699556350708,,1.1481550931930542,,0.578641414642334,,0.11973803490400314
,5448.0,47,3.718620791914873e-05,120099,,1.402961254119873,,1.3667738437652588,,0.5786749720573425,,0.11974331736564636
,5416.0,47,3.715862112585455e-05,120149,,0.9658935070037842,,1.0719380378723145,,0.578705906867981,,0.11974724382162094
,5444.0,47,3.7131034332560375e-05,120199,,1.321273922920227,,1.0972979068756104,,0.5787363648414612,,0.1197507306933403
,5484.0,47,3.71034475392662e-05,120249,,1.2225637435913086,,1.170257568359375,,0.5787711143493652,,0.11975555121898651
,5480.0,47,3.707586074597202e-05,120299,,1.3313828706741333,,1.0088858604431152,,0.5788044929504395,,0.11976131051778793
,5424.0,47,3.704827759065665e-05,120349,,1.1839640140533447,,0.8457176685333252,,0.5788366794586182,,0.119765505194664
5461.7666015625,,47,,120383,1.1913337707519531,,1.0725743770599365,,0.5780229568481445,,0.11966293305158615,
,5524.0,48,3.7020690797362477e-05,120399,,1.4255383014678955,,1.3172143697738647,,0.5788674354553223,,0.11976969242095947
,5420.0,48,3.69931040040683e-05,120449,,1.3559542894363403,,1.106473684310913,,0.5789029002189636,,0.11977771669626236
,5516.0,48,3.6965517210774124e-05,120499,,1.0488650798797607,,0.968042254447937,,0.5789390802383423,,0.11978067457675934
,5512.0,48,3.693793041747995e-05,120549,,1.1993709802627563,,1.0550775527954102,,0.5789718627929688,,0.1197875440120697
,5404.0,48,3.691034362418577e-05,120599,,1.1299740076065063,,1.009685754776001,,0.5790049433708191,,0.11979243159294128
,5476.0,48,3.6882756830891594e-05,120649,,1.282820463180542,,1.0960278511047363,,0.5790352821350098,,0.11979532241821289
,5464.0,48,3.6855173675576225e-05,120699,,1.3062770366668701,,1.1571688652038574,,0.5790681838989258,,0.11980091035366058
,5512.0,48,3.682758688228205e-05,120749,,1.2787052392959595,,0.9959296584129333,,0.5791043043136597,,0.119806669652462
,5444.0,48,3.680000008898787e-05,120799,,1.3494056463241577,,0.8712138533592224,,0.5791354179382324,,0.11980970948934555
,5448.0,48,3.6772413295693696e-05,120849,,1.1026893854141235,,0.7903098464012146,,0.5791666507720947,,0.11981401592493057
,5428.0,48,3.674482650239952e-05,120899,,1.0753940343856812,,0.89471435546875,,0.5791997909545898,,0.11982103437185287
,5396.0,48,3.671723970910534e-05,120949,,1.0928531885147095,,1.1713378429412842,,0.5792341828346252,,0.11982739716768265
,5524.0,48,3.668965655378997e-05,120999,,0.9808412194252014,,0.937024712562561,,0.5792665481567383,,0.11983215063810349
,5432.0,48,3.66620697604958e-05,121049,,1.2083338499069214,,1.001719355583191,,0.5792983770370483,,0.11983758211135864
,5528.0,48,3.663448296720162e-05,121099,,0.9407691359519958,,0.954282283782959,,0.5793331861495972,,0.11984239518642426
,5428.0,48,3.6606896173907444e-05,121149,,0.9680052399635315,,0.7015442252159119,,0.5793692469596863,,0.1198473572731018
,5436.0,48,3.657930938061327e-05,121199,,0.9528067111968994,,1.239551305770874,,0.579404890537262,,0.11985164880752563
,5424.0,48,3.655172258731909e-05,121249,,1.2164019346237183,,0.7111436724662781,,0.5794411897659302,,0.11985819786787033
,5528.0,48,3.652413943200372e-05,121299,,1.127503514289856,,0.8056716322898865,,0.5794773101806641,,0.11986367404460907
,5424.0,48,3.6496552638709545e-05,121349,,1.188463568687439,,1.2182633876800537,,0.5795098543167114,,0.11987021565437317
,5460.0,48,3.646896584541537e-05,121399,,1.405822515487671,,1.3423668146133423,,0.5795443058013916,,0.11987495422363281
,5508.0,48,3.644137905212119e-05,121449,,1.075447678565979,,0.9232471585273743,,0.5795761942863464,,0.1198798269033432
,5496.0,48,3.6413792258827016e-05,121499,,1.1389555931091309,,1.357271671295166,,0.5796099305152893,,0.11988239735364914
,5400.0,48,3.638620546553284e-05,121549,,1.3692872524261475,,1.0091400146484375,,0.5796438455581665,,0.11988746374845505
,5476.0,48,3.635862231021747e-05,121599,,1.2249915599822998,,0.8284357190132141,,0.579677402973175,,0.11989069730043411
,5460.0,48,3.6331035516923293e-05,121649,,1.2064471244812012,,0.8843883872032166,,0.5797123312950134,,0.11989609897136688
,5468.0,48,3.630344872362912e-05,121699,,1.390552043914795,,1.2663562297821045,,0.5797463059425354,,0.11990125477313995
,5420.0,48,3.627586193033494e-05,121749,,1.3622961044311523,,1.3776715993881226,,0.579780101776123,,0.11990556120872498
,5436.0,48,3.6248275137040764e-05,121799,,1.1511039733886719,,0.9425045251846313,,0.5798136591911316,,0.11990869045257568
,5428.0,48,3.622068834374659e-05,121849,,1.4163076877593994,,0.8654961585998535,,0.5798481702804565,,0.11991250514984131
,5496.0,48,3.619310518843122e-05,121899,,1.159464716911316,,1.1132580041885376,,0.5798801183700562,,0.11991560459136963
,5484.0,48,3.616551839513704e-05,121949,,1.0690191984176636,,0.9191918969154358,,0.579910397529602,,0.11991764605045319
,5424.0,48,3.6137931601842865e-05,121999,,1.520158052444458,,1.1576859951019287,,0.5799437165260315,,0.11992187052965164
,5484.0,48,3.611034480854869e-05,122049,,1.3220527172088623,,1.0797702074050903,,0.579974889755249,,0.1199272871017456
,5412.0,48,3.608275801525451e-05,122099,,1.147310733795166,,0.9709716439247131,,0.5800079107284546,,0.11993052065372467
,5476.0,48,3.6055171221960336e-05,122149,,1.3208380937576294,,1.2069646120071411,,0.5800400376319885,,0.11993595957756042
,5464.0,48,3.602758442866616e-05,122199,,1.150481939315796,,1.1982622146606445,,0.5800727605819702,,0.11994092911481857
,5480.0,48,3.600000127335079e-05,122249,,1.435394287109375,,1.099317193031311,,0.5801088213920593,,0.1199469268321991
,5456.0,48,3.5972414480056614e-05,122299,,1.137203335762024,,1.081939935684204,,0.5801436305046082,,0.11995083093643188
,5420.0,48,3.594482768676244e-05,122349,,1.2667367458343506,,0.7672168612480164,,0.5801758170127869,,0.1199549213051796
,5496.0,48,3.591724089346826e-05,122399,,1.3287991285324097,,1.0939159393310547,,0.5802097320556641,,0.11995858699083328
,5504.0,48,3.5889654100174084e-05,122449,,1.156491994857788,,1.01132333278656,,0.5802435874938965,,0.11996281147003174
,5492.0,48,3.586206730687991e-05,122499,,1.273664951324463,,0.8149791359901428,,0.5802779793739319,,0.11996672302484512
,5444.0,48,3.583448415156454e-05,122549,,1.0405548810958862,,0.9762325882911682,,0.5803131461143494,,0.11997142434120178
,5464.0,48,3.580689735827036e-05,122599,,1.214958667755127,,1.2210304737091064,,0.5803451538085938,,0.11997570842504501
,5456.0,48,3.5779310564976186e-05,122649,,1.38373601436615,,1.2325210571289062,,0.5803745985031128,,0.11997918784618378
,5488.0,48,3.575172377168201e-05,122699,,1.3081978559494019,,1.0499364137649536,,0.5804075598716736,,0.11998455971479416
,5428.0,48,3.572413697838783e-05,122749,,1.2613880634307861,,1.2335275411605835,,0.5804409980773926,,0.11998888850212097
,5420.0,48,3.5696550185093656e-05,122799,,1.4712822437286377,,1.3795220851898193,,0.5804729461669922,,0.11999432742595673
,5484.0,48,3.566896702977829e-05,122849,,1.0891954898834229,,1.125868558883667,,0.5805050134658813,,0.11999960243701935
5462.40966796875,,48,,122891,1.2177060842514038,,1.0668857097625732,,0.5797141790390015,,0.119893379509449,
,5572.0,49,3.564138023648411e-05,122899,,1.2780531644821167,,1.1558263301849365,,0.580536425113678,,0.12000463902950287
,5356.0,49,3.5613793443189934e-05,122949,,1.131144404411316,,0.7349317073822021,,0.5805684924125671,,0.12000930309295654
,5540.0,49,3.558620664989576e-05,122999,,1.305762767791748,,1.192738652229309,,0.5806013345718384,,0.12001585215330124
,5512.0,49,3.555861985660158e-05,123049,,1.149274230003357,,1.0488604307174683,,0.5806329846382141,,0.12002211809158325
,5452.0,49,3.5531033063307405e-05,123099,,1.1107923984527588,,0.7715306282043457,,0.5806649923324585,,0.1200258657336235
,5384.0,49,3.5503449907992035e-05,123149,,0.93431156873703,,0.8087048530578613,,0.5806959867477417,,0.12002924829721451
,5492.0,49,3.547586311469786e-05,123199,,1.066957950592041,,0.8670276999473572,,0.5807287096977234,,0.12003237009048462
,5468.0,49,3.544827632140368e-05,123249,,0.7207962274551392,,0.43433070182800293,,0.5807591080665588,,0.12003835290670395
,5480.0,49,3.5420689528109506e-05,123299,,1.3001184463500977,,0.8104361891746521,,0.5807924270629883,,0.12004353106021881
,5564.0,49,3.539310273481533e-05,123349,,1.206809163093567,,0.8448188304901123,,0.5808227062225342,,0.12004736065864563
,5364.0,49,3.536551594152115e-05,123399,,1.2729942798614502,,1.459585189819336,,0.580855131149292,,0.12005116790533066
,5440.0,49,3.5337932786205783e-05,123449,,1.3175580501556396,,1.2059431076049805,,0.5808872580528259,,0.12005637586116791
,5512.0,49,3.531034599291161e-05,123499,,0.9977258443832397,,1.0822465419769287,,0.5809192061424255,,0.12006092071533203
,5376.0,49,3.528275919961743e-05,123549,,1.4364213943481445,,0.9327701330184937,,0.5809512138366699,,0.12006594240665436
,5480.0,49,3.5255172406323254e-05,123599,,1.4213162660598755,,1.3434211015701294,,0.5809824466705322,,0.12007059156894684
,5480.0,49,3.522758561302908e-05,123649,,1.3322560787200928,,0.9688136577606201,,0.581015944480896,,0.12007563561201096
,5456.0,49,3.51999988197349e-05,123699,,1.2874974012374878,,0.9189993739128113,,0.5810489654541016,,0.1200796589255333
,5424.0,49,3.5172412026440725e-05,123749,,1.5414222478866577,,0.9493356943130493,,0.5810802578926086,,0.12008298188447952
,5368.0,49,3.5144828871125355e-05,123799,,1.2451212406158447,,0.9260835647583008,,0.5811139941215515,,0.12008780986070633
,5476.0,49,3.511724207783118e-05,123849,,1.2454370260238647,,0.8315578103065491,,0.5811462998390198,,0.12009312212467194
,5472.0,49,3.5089655284537e-05,123899,,1.240412712097168,,1.152107834815979,,0.5811795592308044,,0.12009665369987488
,5472.0,49,3.5062068491242826e-05,123949,,1.0019060373306274,,0.8487861752510071,,0.5812119841575623,,0.12010155618190765
,5508.0,49,3.503448169794865e-05,123999,,1.4482977390289307,,1.0346832275390625,,0.5812432765960693,,0.1201057955622673
,5424.0,49,3.500689490465447e-05,124049,,1.5074886083602905,,1.4092724323272705,,0.5812766551971436,,0.12010849267244339
,5416.0,49,3.4979311749339104e-05,124099,,1.0870692729949951,,1.108190655708313,,0.5813124179840088,,0.12011159956455231
,5420.0,49,3.495172495604493e-05,124149,,1.1597546339035034,,1.0997942686080933,,0.5813459157943726,,0.12011702358722687
,5480.0,49,3.492413816275075e-05,124199,,1.3798586130142212,,0.7068881988525391,,0.5813757181167603,,0.12012037634849548
,5460.0,49,3.4896551369456574e-05,124249,,1.0795671939849854,,0.9628843665122986,,0.5814067721366882,,0.12012337893247604
,5496.0,49,3.48689645761624e-05,124299,,1.3045446872711182,,0.9555599093437195,,0.5814392566680908,,0.12012730538845062
,5416.0,49,3.484137778286822e-05,124349,,1.3511120080947876,,1.2523785829544067,,0.5814692974090576,,0.1201314851641655
,5476.0,49,3.481379462755285e-05,124399,,1.126442313194275,,0.7088021636009216,,0.5815017223358154,,0.12013542652130127
,5532.0,49,3.4786207834258676e-05,124449,,1.1670145988464355,,1.0670440196990967,,0.5815357565879822,,0.12014035880565643
,5480.0,49,3.47586210409645e-05,124499,,1.5353456735610962,,0.967078447341919,,0.581567108631134,,0.1201440840959549
,5404.0,49,3.473103424767032e-05,124549,,1.1004656553268433,,0.747353196144104,,0.5815969109535217,,0.12014788389205933
,5444.0,49,3.4703447454376146e-05,124599,,1.1458362340927124,,0.842475950717926,,0.5816290378570557,,0.12015344947576523
,5468.0,49,3.467586066108197e-05,124649,,1.1377679109573364,,0.8248348832130432,,0.5816594362258911,,0.1201590746641159
,5472.0,49,3.46482775057666e-05,124699,,1.3971344232559204,,1.3964256048202515,,0.5816943645477295,,0.12016338109970093
,5512.0,49,3.4620690712472424e-05,124749,,1.4411369562149048,,1.0187482833862305,,0.581723690032959,,0.12016799300909042
,5520.0,49,3.459310391917825e-05,124799,,1.2877318859100342,,1.2396018505096436,,0.5817562937736511,,0.12017162144184113
,5496.0,49,3.456551712588407e-05,124849,,1.393532395362854,,1.165030837059021,,0.5817866921424866,,0.12017641961574554
,5404.0,49,3.4537930332589895e-05,124899,,1.2744154930114746,,0.9900983572006226,,0.5818166732788086,,0.12018134444952011
,5496.0,49,3.451034353929572e-05,124949,,1.2379668951034546,,0.9651637673377991,,0.5818494558334351,,0.1201852485537529
,5480.0,49,3.448276038398035e-05,124999,,1.4090726375579834,,1.2309406995773315,,0.5818825364112854,,0.12019051611423492
,5452.0,49,3.445517359068617e-05,125049,,1.2440369129180908,,1.036503553390503,,0.581915020942688,,0.12019636482000351
,5452.0,49,3.4427586797391996e-05,125099,,1.3136606216430664,,1.2283514738082886,,0.5819454193115234,,0.12020155787467957
,5440.0,49,3.440000000409782e-05,125149,,1.2797318696975708,,1.1193612813949585,,0.5819781422615051,,0.12020807713270187
,5392.0,49,3.437241321080364e-05,125199,,1.3309862613677979,,0.8519085049629211,,0.582011342048645,,0.12021268159151077
,5452.0,49,3.4344826417509466e-05,125249,,1.2085014581680298,,0.6813221573829651,,0.5820415019989014,,0.1202181875705719
,5464.0,49,3.431723962421529e-05,125299,,1.2122479677200317,,1.4551156759262085,,0.5820752382278442,,0.12022343277931213
,5516.0,49,3.428965646889992e-05,125349,,0.9602112174034119,,0.721413791179657,,0.58210688829422,,0.12022966891527176
,5412.0,49,3.4262069675605744e-05,125399,,1.1856944561004639,,1.356749415397644,,0.582140326499939,,0.12023410946130753
5460.8681640625,,49,,125399,1.2374975681304932,,1.068068265914917,,0.5813506245613098,,0.1201198399066925,
,5436.0,50,3.423448288231157e-05,125449,,1.0897902250289917,,1.1222400665283203,,0.5821733474731445,,0.12024010717868805
,5504.0,50,3.420689608901739e-05,125499,,1.2713203430175781,,1.1314717531204224,,0.5822047591209412,,0.12024468183517456
,5412.0,50,3.4179309295723215e-05,125549,,1.1322391033172607,,1.0476254224777222,,0.582237958908081,,0.12025005370378494
,5480.0,50,3.415172250242904e-05,125599,,1.1027079820632935,,0.9272937774658203,,0.5822712779045105,,0.12025619298219681
,5452.0,50,3.412413934711367e-05,125649,,1.210893154144287,,0.9142228960990906,,0.582302451133728,,0.12026193737983704
,5448.0,50,3.409655255381949e-05,125699,,1.2228857278823853,,1.0623363256454468,,0.5823330879211426,,0.12026788294315338
,5444.0,50,3.4068965760525316e-05,125749,,1.1346182823181152,,1.0624974966049194,,0.5823659300804138,,0.12027361989021301
,5492.0,50,3.404137896723114e-05,125799,,1.1555508375167847,,0.9539498090744019,,0.5823980569839478,,0.12028016895055771
,5544.0,50,3.401379217393696e-05,125849,,1.2232122421264648,,0.7238327860832214,,0.5824324488639832,,0.1202847957611084
,5456.0,50,3.398620538064279e-05,125899,,1.1891618967056274,,1.352384090423584,,0.5824646949768066,,0.1202898621559143
,5364.0,50,3.395862222532742e-05,125949,,1.334233045578003,,0.7408062815666199,,0.5824951529502869,,0.12029466778039932
,5464.0,50,3.393103543203324e-05,125999,,1.267533302307129,,1.1893240213394165,,0.5825239419937134,,0.12030179053544998
,5472.0,50,3.3903448638739064e-05,126049,,1.1073280572891235,,1.1115210056304932,,0.5825568437576294,,0.1203078180551529
,5548.0,50,3.387586184544489e-05,126099,,1.210044503211975,,1.01116144657135,,0.5825864672660828,,0.12031254172325134
,5436.0,50,3.384827505215071e-05,126149,,1.3562756776809692,,1.0915101766586304,,0.5826156139373779,,0.12031640857458115
,5440.0,50,3.3820688258856535e-05,126199,,1.2778618335723877,,1.1511917114257812,,0.5826483964920044,,0.1203220784664154
,5428.0,50,3.3793105103541166e-05,126249,,1.1196519136428833,,0.924777626991272,,0.5826804637908936,,0.12032761424779892
,5484.0,50,3.376551831024699e-05,126299,,1.1786826848983765,,1.354573130607605,,0.5827120542526245,,0.120335154235363
,5516.0,50,3.373793151695281e-05,126349,,1.1013903617858887,,0.889342188835144,,0.5827462673187256,,0.12034004926681519
,5444.0,50,3.3710344723658636e-05,126399,,1.3078190088272095,,1.2172584533691406,,0.5827788710594177,,0.12034523487091064
,5440.0,50,3.368275793036446e-05,126449,,1.1838942766189575,,1.139920949935913,,0.5828100442886353,,0.12034991383552551
,5428.0,50,3.365517113707028e-05,126499,,1.4583020210266113,,0.9466825723648071,,0.582841157913208,,0.12035403400659561
,5364.0,50,3.3627587981754914e-05,126549,,1.317845344543457,,0.895383358001709,,0.5828717350959778,,0.12036041915416718
,5520.0,50,3.360000118846074e-05,126599,,1.0218660831451416,,1.0510698556900024,,0.5829026699066162,,0.12036343663930893
,5488.0,50,3.357241439516656e-05,126649,,1.2703487873077393,,0.7734560966491699,,0.5829331874847412,,0.12036848068237305
,5556.0,50,3.3544827601872385e-05,126699,,1.7489808797836304,,1.1521239280700684,,0.5829665660858154,,0.12037298828363419
,5432.0,50,3.351724080857821e-05,126749,,1.352461576461792,,0.8859089612960815,,0.5829986929893494,,0.12037922441959381
,5416.0,50,3.348965401528403e-05,126799,,1.1309304237365723,,0.9231323003768921,,0.5830298066139221,,0.120384082198143
,5516.0,50,3.3462067221989855e-05,126849,,1.2631266117095947,,1.222151756286621,,0.5830603837966919,,0.12038928270339966
,5448.0,50,3.3434484066674486e-05,126899,,1.2796355485916138,,1.291914701461792,,0.5830895900726318,,0.12039361149072647
,5456.0,50,3.340689727338031e-05,126949,,1.34503173828125,,0.9683316946029663,,0.5831223130226135,,0.12039826065301895
,5444.0,50,3.337931048008613e-05,126999,,1.301068902015686,,0.8676220178604126,,0.5831562876701355,,0.12040182948112488
,5448.0,50,3.3351723686791956e-05,127049,,1.3028895854949951,,0.7885062098503113,,0.5831866264343262,,0.12040571868419647
,5496.0,50,3.332413689349778e-05,127099,,1.4803333282470703,,1.3590797185897827,,0.5832184553146362,,0.12041061371564865
,5480.0,50,3.3296550100203604e-05,127149,,1.2710360288619995,,1.0980666875839233,,0.5832485556602478,,0.12041449546813965
,5540.0,50,3.3268966944888234e-05,127199,,1.0551674365997314,,0.8451277613639832,,0.5832822322845459,,0.12041720002889633
,5436.0,50,3.324138015159406e-05,127249,,1.3306108713150024,,0.6547042727470398,,0.5833133459091187,,0.12042117863893509
,5520.0,50,3.321379335829988e-05,127299,,1.3433414697647095,,0.9566521644592285,,0.5833433866500854,,0.12042692303657532
,5436.0,50,3.3186206565005705e-05,127349,,1.3412524461746216,,0.9753081202507019,,0.5833753347396851,,0.12043251097202301
,5480.0,50,3.315861977171153e-05,127399,,1.2677156925201416,,1.4260568618774414,,0.5834047794342041,,0.12043753266334534
,5416.0,50,3.313103297841735e-05,127449,,1.3795897960662842,,1.1456042528152466,,0.5834347605705261,,0.12044375389814377
,5404.0,50,3.310344982310198e-05,127499,,1.2670782804489136,,1.1482144594192505,,0.5834650993347168,,0.1204504743218422
,5468.0,50,3.3075863029807806e-05,127549,,1.365140676498413,,1.1713011264801025,,0.5834967494010925,,0.12045804411172867
,5532.0,50,3.304827623651363e-05,127599,,1.3226754665374756,,1.2961939573287964,,0.5835260152816772,,0.12046442180871964
,5484.0,50,3.302068944321945e-05,127649,,1.3053457736968994,,1.1347028017044067,,0.5835587978363037,,0.12046767771244049
,5460.0,50,3.299310264992528e-05,127699,,1.2031702995300293,,0.8644939661026001,,0.5835894346237183,,0.1204720288515091
,5508.0,50,3.29655158566311e-05,127749,,1.3960728645324707,,1.3045748472213745,,0.5836209058761597,,0.12047543376684189
,5448.0,50,3.293793270131573e-05,127799,,1.121565341949463,,1.171499252319336,,0.5836507678031921,,0.12048183381557465
,5552.0,50,3.2910345908021554e-05,127849,,1.1769647598266602,,1.1807230710983276,,0.5836816430091858,,0.12048611044883728
,5508.0,50,3.288275911472738e-05,127899,,1.2696443796157837,,0.9454692602157593,,0.583709716796875,,0.120489701628685
5462.96923828125,,50,,127907,1.2429910898208618,,1.0599933862686157,,0.5829498171806335,,0.12036939710378647,
,5480.0,51,3.28551723214332e-05,127949,,1.312695026397705,,0.9722011685371399,,0.5837395191192627,,0.1204933449625969
,5412.0,51,3.2827585528139025e-05,127999,,1.321378231048584,,1.1106716394424438,,0.5837697386741638,,0.1204984113574028
,5496.0,51,3.279999873484485e-05,128049,,1.2784502506256104,,1.1232504844665527,,0.5838025808334351,,0.12050308287143707
,5456.0,51,3.277241557952948e-05,128099,,1.1704603433609009,,1.0478181838989258,,0.5838343501091003,,0.12050645798444748
,5440.0,51,3.27448287862353e-05,128149,,1.1813348531723022,,1.1495089530944824,,0.5838632583618164,,0.12051134556531906
,5468.0,51,3.2717241992941126e-05,128199,,1.1265126466751099,,1.041805624961853,,0.5838927030563354,,0.12051447480916977
,5456.0,51,3.268965519964695e-05,128249,,1.3646560907363892,,1.4744988679885864,,0.5839214324951172,,0.12051751464605331
,5528.0,51,3.266206840635277e-05,128299,,1.2253395318984985,,0.8733872175216675,,0.5839524865150452,,0.12052207440137863
,5464.0,51,3.26344816130586e-05,128349,,1.296010136604309,,0.9139090180397034,,0.5839837193489075,,0.12052679061889648
,5436.0,51,3.260689481976442e-05,128399,,1.318906307220459,,1.4211362600326538,,0.5840126872062683,,0.12053123861551285
,5548.0,51,3.257931166444905e-05,128449,,1.356204867362976,,1.385738492012024,,0.5840446352958679,,0.12053631246089935
,5476.0,51,3.2551724871154875e-05,128499,,1.4005391597747803,,0.9911739826202393,,0.5840755105018616,,0.12054122984409332
,5460.0,51,3.25241380778607e-05,128549,,1.3931028842926025,,1.4240062236785889,,0.5841051936149597,,0.12054697424173355
,5436.0,51,3.249655128456652e-05,128599,,1.1634101867675781,,1.1054502725601196,,0.5841388702392578,,0.12055152654647827
,5404.0,51,3.2468964491272345e-05,128649,,1.267871618270874,,0.9934181571006775,,0.5841692686080933,,0.12055654078722
,5468.0,51,3.244137769797817e-05,128699,,1.1622135639190674,,0.8153793811798096,,0.5842030048370361,,0.1205584928393364
,5468.0,51,3.24137945426628e-05,128749,,1.1473326683044434,,1.0273420810699463,,0.584231972694397,,0.12056317180395126
,5432.0,51,3.238620774936862e-05,128799,,1.43744695186615,,1.0895304679870605,,0.584261953830719,,0.1205664724111557
,5456.0,51,3.2358620956074446e-05,128849,,1.3223283290863037,,0.9376599788665771,,0.5842947363853455,,0.12057118117809296
,5432.0,51,3.233103416278027e-05,128899,,1.173818826675415,,0.9669199585914612,,0.5843238234519958,,0.12057667225599289
,5492.0,51,3.2303447369486094e-05,128949,,1.5410244464874268,,1.0437179803848267,,0.584354043006897,,0.12058286368846893
,5460.0,51,3.227586057619192e-05,128999,,1.1241259574890137,,1.2763444185256958,,0.5843846797943115,,0.12058699131011963
,5464.0,51,3.224827742087655e-05,129049,,1.187771201133728,,0.9356217980384827,,0.5844167470932007,,0.12059225887060165
,5392.0,51,3.222069062758237e-05,129099,,1.2611613273620605,,0.6956155300140381,,0.5844489932060242,,0.12059825658798218
,5428.0,51,3.2193103834288195e-05,129149,,1.252853274345398,,1.1993613243103027,,0.5844789743423462,,0.12060336023569107
,5440.0,51,3.216551704099402e-05,129199,,1.1725939512252808,,0.9487209320068359,,0.5845096111297607,,0.12060900032520294
,5452.0,51,3.213793024769984e-05,129249,,1.3883334398269653,,1.3834457397460938,,0.5845386981964111,,0.12061414867639542
,5504.0,51,3.2110343454405665e-05,129299,,1.1800692081451416,,1.2637403011322021,,0.5845701694488525,,0.12062130868434906
,5468.0,51,3.2082760299090296e-05,129349,,1.0904918909072876,,1.147133231163025,,0.5846014618873596,,0.12062735110521317
,5484.0,51,3.205517350579612e-05,129399,,1.2507070302963257,,1.0316306352615356,,0.5846331715583801,,0.1206340491771698
,5516.0,51,3.202758671250194e-05,129449,,1.2990317344665527,,0.7696173787117004,,0.5846626162528992,,0.12063943594694138
,5528.0,51,3.199999991920777e-05,129499,,1.248070240020752,,1.15044105052948,,0.5846951007843018,,0.12064506113529205
,5436.0,51,3.197241312591359e-05,129549,,1.3057199716567993,,0.8497776389122009,,0.5847260355949402,,0.1206505075097084
,5428.0,51,3.1944826332619414e-05,129599,,1.2652682065963745,,1.0804343223571777,,0.5847567319869995,,0.1206543892621994
,5456.0,51,3.1917243177304044e-05,129649,,1.2719775438308716,,1.1023770570755005,,0.5847887992858887,,0.12065966427326202
,5480.0,51,3.188965638400987e-05,129699,,1.3336241245269775,,0.936450719833374,,0.5848188996315002,,0.12066413462162018
,5488.0,51,3.186206959071569e-05,129749,,1.3255730867385864,,1.1360684633255005,,0.584847629070282,,0.12066863477230072
,5516.0,51,3.1834482797421515e-05,129799,,1.3419976234436035,,1.2998510599136353,,0.5848784446716309,,0.12067391723394394
,5536.0,51,3.180689600412734e-05,129849,,1.5842589139938354,,1.004471778869629,,0.58491051197052,,0.1206783875823021
,5512.0,51,3.177930921083316e-05,129899,,1.2042754888534546,,0.8818513751029968,,0.5849393606185913,,0.12068191915750504
,5384.0,51,3.1751722417538986e-05,129949,,1.1275542974472046,,0.9810445308685303,,0.5849714875221252,,0.12068600952625275
,5444.0,51,3.1724139262223616e-05,129999,,1.3903189897537231,,1.007959246635437,,0.5850022435188293,,0.12069162726402283
,5484.0,51,3.169655246892944e-05,130049,,1.3586831092834473,,1.1077712774276733,,0.5850323438644409,,0.12069568037986755
,5460.0,51,3.166896567563526e-05,130099,,1.3156726360321045,,0.7033489942550659,,0.5850582122802734,,0.1206999346613884
,5504.0,51,3.164137888234109e-05,130149,,1.1312834024429321,,1.0600707530975342,,0.585087776184082,,0.12070612609386444
,5484.0,51,3.161379208904691e-05,130199,,1.2250213623046875,,1.3032106161117554,,0.5851171612739563,,0.12071031332015991
,5444.0,51,3.1586205295752734e-05,130249,,1.3975435495376587,,1.5723276138305664,,0.5851477980613708,,0.12071491777896881
,5512.0,51,3.1558622140437365e-05,130299,,1.2996066808700562,,1.0067532062530518,,0.5851776003837585,,0.1207210123538971
,5452.0,51,3.153103534714319e-05,130349,,1.3249579668045044,,0.962986409664154,,0.5852085947990417,,0.12072625011205673
,5488.0,51,3.150344855384901e-05,130399,,0.6974302530288696,,0.6181064248085022,,0.5852422118186951,,0.12073072791099548
5461.884765625,,51,,130415,1.2620933055877686,,1.0552386045455933,,0.5844992995262146,,0.12061094492673874,
,5468.0,52,3.1475861760554835e-05,130449,,1.4150804281234741,,1.1437615156173706,,0.5852717757225037,,0.12073487043380737
,5408.0,52,3.144827496726066e-05,130499,,1.1182653903961182,,0.7515215873718262,,0.5852997303009033,,0.12073857337236404
,5376.0,52,3.142068817396648e-05,130549,,1.3767129182815552,,0.9848546981811523,,0.585328221321106,,0.1207418292760849
,5456.0,52,3.139310501865111e-05,130599,,1.1672697067260742,,1.4086476564407349,,0.5853592157363892,,0.12074673175811768
,5492.0,52,3.1365518225356936e-05,130649,,1.2921910285949707,,0.7584990859031677,,0.5853897929191589,,0.12075166404247284
,5496.0,52,3.133793143206276e-05,130699,,1.4482868909835815,,1.0457412004470825,,0.5854185819625854,,0.1207549199461937
,5488.0,52,3.1310344638768584e-05,130749,,1.2915129661560059,,0.9271885752677917,,0.5854472517967224,,0.12075871974229813
,5528.0,52,3.128275784547441e-05,130799,,1.5002745389938354,,1.1910159587860107,,0.5854800343513489,,0.12076257169246674
,5468.0,52,3.125517105218023e-05,130849,,1.2853648662567139,,1.191178560256958,,0.5855080485343933,,0.12076721340417862
,5420.0,52,3.122758789686486e-05,130899,,1.3694301843643188,,0.9690107107162476,,0.585542619228363,,0.1207720935344696
,5532.0,52,3.1200001103570685e-05,130949,,1.508649468421936,,1.2417638301849365,,0.5855723023414612,,0.12077584862709045
,5380.0,52,3.117241431027651e-05,130999,,1.2242271900177002,,1.164923071861267,,0.585602879524231,,0.12077827751636505
,5512.0,52,3.114482751698233e-05,131049,,1.3581122159957886,,1.3151493072509766,,0.5856332182884216,,0.12078364193439484
,5412.0,52,3.1117240723688155e-05,131099,,1.2847217321395874,,1.0818452835083008,,0.5856652855873108,,0.12079019844532013
,5520.0,52,3.108965393039398e-05,131149,,0.9320971965789795,,0.9853996634483337,,0.5856963992118835,,0.12079530954360962
,5508.0,52,3.106207077507861e-05,131199,,1.36459481716156,,1.0678733587265015,,0.585724949836731,,0.12080007046461105
,5480.0,52,3.103448398178443e-05,131249,,1.4313404560089111,,1.378767967224121,,0.5857565402984619,,0.1208047941327095
,5380.0,52,3.100689718849026e-05,131299,,1.2821851968765259,,1.2066997289657593,,0.5857851505279541,,0.1208096295595169
,5480.0,52,3.097931039519608e-05,131349,,1.0962941646575928,,0.6231116652488708,,0.5858150720596313,,0.1208135336637497
,5408.0,52,3.0951723601901904e-05,131399,,1.0537084341049194,,0.9583212733268738,,0.5858434438705444,,0.12081863731145859
,5440.0,52,3.092413680860773e-05,131449,,1.332574725151062,,1.1374114751815796,,0.5858738422393799,,0.12082301080226898
,5552.0,52,3.089655001531355e-05,131499,,1.4083260297775269,,1.1945911645889282,,0.5859050750732422,,0.12082892656326294
,5428.0,52,3.086896685999818e-05,131549,,1.38692307472229,,1.3583835363388062,,0.5859355330467224,,0.1208343356847763
,5380.0,52,3.0841380066704005e-05,131599,,1.1376373767852783,,0.8140933513641357,,0.5859644412994385,,0.12083810567855835
,5404.0,52,3.081379327340983e-05,131649,,1.2984741926193237,,0.8992871642112732,,0.5859944820404053,,0.12084141373634338
,5432.0,52,3.078620648011565e-05,131699,,1.180179238319397,,1.0362484455108643,,0.5860261917114258,,0.12084473669528961
,5460.0,52,3.0758619686821476e-05,131749,,1.1775838136672974,,0.7765932679176331,,0.5860550999641418,,0.1208493709564209
,5448.0,52,3.07310328935273e-05,131799,,1.4100650548934937,,0.9365966320037842,,0.586085319519043,,0.12085175514221191
,5480.0,52,3.070344973821193e-05,131849,,1.1649566888809204,,0.9119420647621155,,0.586112380027771,,0.12085655331611633
,5480.0,52,3.067586294491775e-05,131899,,1.4643876552581787,,1.1856513023376465,,0.5861443281173706,,0.12086272984743118
,5420.0,52,3.064827615162358e-05,131949,,1.1401792764663696,,0.7777584791183472,,0.586173415184021,,0.12086711078882217
,5512.0,52,3.06206893583294e-05,131999,,1.1531579494476318,,0.9613818526268005,,0.5862028002738953,,0.1208714097738266
,5440.0,52,3.0593102565035224e-05,132049,,1.3501827716827393,,1.1900273561477661,,0.5862323641777039,,0.12087569385766983
,5512.0,52,3.056551577174105e-05,132099,,1.396169662475586,,1.299034833908081,,0.5862613320350647,,0.12088006734848022
,5372.0,52,3.053793261642568e-05,132149,,1.4360908269882202,,1.0157785415649414,,0.5862905383110046,,0.12088549882173538
,5524.0,52,3.0510344004142098e-05,132199,,1.4125927686691284,,1.3031394481658936,,0.586320161819458,,0.12088921666145325
,5448.0,52,3.0482759029837325e-05,132249,,1.352461338043213,,1.0517492294311523,,0.5863478779792786,,0.1208944022655487
,5444.0,52,3.045517223654315e-05,132299,,1.2032732963562012,,1.1338566541671753,,0.5863775610923767,,0.12090030312538147
,5408.0,52,3.0427585443248972e-05,132349,,1.3452740907669067,,0.8564777970314026,,0.5864040851593018,,0.12090613692998886
,5492.0,52,3.04000004689442e-05,132399,,1.563519835472107,,0.9856569170951843,,0.5864339470863342,,0.12091260403394699
,5520.0,52,3.0372413675650023e-05,132449,,1.2346776723861694,,1.4646297693252563,,0.5864633321762085,,0.12091948837041855
,5452.0,52,3.0344826882355846e-05,132499,,0.8173391819000244,,1.0356464385986328,,0.5864936113357544,,0.1209237352013588
,5480.0,52,3.0317241908051074e-05,132549,,1.391884207725525,,1.0158655643463135,,0.5865217447280884,,0.12092947214841843
,5452.0,52,3.0289655114756897e-05,132599,,1.3683817386627197,,1.1589035987854004,,0.5865510702133179,,0.12093433737754822
,5472.0,52,3.026206832146272e-05,132649,,1.574945330619812,,0.9623824954032898,,0.5865784287452698,,0.12093731015920639
,5512.0,52,3.0234483347157948e-05,132699,,1.0852631330490112,,0.9568384289741516,,0.58660888671875,,0.12093976140022278
,5348.0,52,3.020689655386377e-05,132749,,0.8701854348182678,,0.922722578048706,,0.5866387486457825,,0.12094246596097946
,5456.0,52,3.0179309760569595e-05,132799,,1.317616581916809,,1.0674452781677246,,0.5866677165031433,,0.12094654142856598
,5512.0,52,3.0151724786264822e-05,132849,,1.5382716655731201,,0.78248530626297,,0.5866959691047668,,0.12094993889331818
,5484.0,52,3.0124137992970645e-05,132899,,1.2142561674118042,,1.1664692163467407,,0.5867263078689575,,0.12095406651496887
5461.9970703125,,52,,132923,1.275354266166687,,1.0506855249404907,,0.5860158205032349,,0.120846226811409,
,5480.0,53,3.009655119967647e-05,132949,,1.3880640268325806,,1.1711338758468628,,0.5867553949356079,,0.120958112180233
,5492.0,53,3.0068966225371696e-05,132999,,1.2849901914596558,,1.0293700695037842,,0.5867817401885986,,0.12096133083105087
,5468.0,53,3.004137943207752e-05,133049,,1.4964559078216553,,1.211490273475647,,0.5868102312088013,,0.12096470594406128
,5416.0,53,3.0013792638783343e-05,133099,,1.2998327016830444,,1.279270052909851,,0.5868417024612427,,0.1209683045744896
,5444.0,53,2.998620766447857e-05,133149,,1.3761388063430786,,1.127186894416809,,0.5868717432022095,,0.12097246199846268
,5416.0,53,2.9958620871184394e-05,133199,,1.355224370956421,,1.110623836517334,,0.586901068687439,,0.12097776681184769
,5420.0,53,2.9931034077890217e-05,133249,,1.417104959487915,,1.128343939781189,,0.5869309306144714,,0.12098217755556107
,5496.0,53,2.9903449103585444e-05,133299,,1.2817717790603638,,1.1334614753723145,,0.5869582295417786,,0.12098740041255951
,5484.0,53,2.9875862310291268e-05,133349,,1.3438177108764648,,1.1821082830429077,,0.5869873762130737,,0.12099355459213257
,5472.0,53,2.984827551699709e-05,133399,,1.4627265930175781,,0.8037173748016357,,0.5870157480239868,,0.12099719792604446
,5420.0,53,2.982069054269232e-05,133449,,1.2996126413345337,,0.852285623550415,,0.5870437622070312,,0.12100119888782501
,5408.0,53,2.9793103749398142e-05,133499,,1.5141065120697021,,1.1791229248046875,,0.5870724320411682,,0.12100834399461746
,5460.0,53,2.9765516956103966e-05,133549,,1.466797113418579,,1.303254246711731,,0.5871027112007141,,0.12101253867149353
,5460.0,53,2.973793016280979e-05,133599,,1.0390058755874634,,0.7873672842979431,,0.5871314406394958,,0.12101757526397705
,5484.0,53,2.9710345188505016e-05,133649,,1.4456372261047363,,1.129050374031067,,0.5871596932411194,,0.12102300673723221
,5476.0,53,2.968275839521084e-05,133699,,1.4694428443908691,,1.638329029083252,,0.5871874690055847,,0.12102898210287094
,5460.0,53,2.9655171601916663e-05,133749,,1.4876160621643066,,0.8644692301750183,,0.5872176289558411,,0.12103317677974701
,5512.0,53,2.962758662761189e-05,133799,,1.2635226249694824,,1.070698618888855,,0.5872474312782288,,0.12103832513093948
,5480.0,53,2.9599999834317714e-05,133849,,1.2913100719451904,,1.1021671295166016,,0.5872769951820374,,0.12104543298482895
,5372.0,53,2.9572413041023538e-05,133899,,1.1015653610229492,,0.9734873175621033,,0.5873069763183594,,0.12104902416467667
,5432.0,53,2.9544828066718765e-05,133949,,1.1778773069381714,,0.8742795586585999,,0.5873358249664307,,0.12105236202478409
,5484.0,53,2.9517241273424588e-05,133999,,1.2082597017288208,,1.1984783411026,,0.5873641967773438,,0.1210581585764885
,5480.0,53,2.948965448013041e-05,134049,,0.9519664645195007,,1.336238980293274,,0.5873931646347046,,0.12106447666883469
,5464.0,53,2.946206950582564e-05,134099,,1.3118659257888794,,1.032230257987976,,0.5874221920967102,,0.12107017636299133
,5492.0,53,2.9434482712531462e-05,134149,,0.9150038361549377,,0.6341874003410339,,0.5874507427215576,,0.12107433378696442
,5444.0,53,2.9406895919237286e-05,134199,,0.9392070174217224,,0.7631568908691406,,0.5874831676483154,,0.12108014523983002
,5468.0,53,2.9379310944932513e-05,134249,,1.3401771783828735,,1.312774658203125,,0.5875115990638733,,0.12108536064624786
,5488.0,53,2.9351724151638336e-05,134299,,1.268868088722229,,1.0209345817565918,,0.5875396728515625,,0.12109102308750153
,5480.0,53,2.932413735834416e-05,134349,,1.2229971885681152,,1.2472776174545288,,0.5875673294067383,,0.12109702825546265
,5388.0,53,2.9296552384039387e-05,134399,,1.4069132804870605,,0.9787139296531677,,0.5875964164733887,,0.1211029440164566
,5552.0,53,2.926896559074521e-05,134449,,1.171278476715088,,1.1690232753753662,,0.5876263380050659,,0.1211080402135849
,5488.0,53,2.9241378797451034e-05,134499,,1.152500867843628,,1.0566164255142212,,0.5876543521881104,,0.12111247330904007
,5448.0,53,2.921379382314626e-05,134549,,0.9471327662467957,,0.780856728553772,,0.5876842141151428,,0.12111738324165344
,5496.0,53,2.9186207029852085e-05,134599,,1.4315906763076782,,1.6081639528274536,,0.5877133011817932,,0.12112343311309814
,5424.0,53,2.915862023655791e-05,134649,,1.2356456518173218,,1.1524771451950073,,0.5877425074577332,,0.12113045901060104
,5440.0,53,2.9131035262253135e-05,134699,,1.448360800743103,,0.8629884719848633,,0.5877736210823059,,0.12113630771636963
,5424.0,53,2.910344846895896e-05,134749,,1.0353881120681763,,1.0140013694763184,,0.5878015756607056,,0.1211424171924591
,5492.0,53,2.9075861675664783e-05,134799,,1.3085577487945557,,1.1685272455215454,,0.5878283977508545,,0.12114890664815903
,5436.0,53,2.904827670136001e-05,134849,,1.3664638996124268,,0.9687028527259827,,0.5878594517707825,,0.12115538865327835
,5492.0,53,2.9020689908065833e-05,134899,,1.6184957027435303,,1.1778591871261597,,0.5878881216049194,,0.12116255611181259
,5440.0,53,2.8993103114771657e-05,134949,,1.0401135683059692,,0.8940984606742859,,0.587916374206543,,0.12116768956184387
,5440.0,53,2.8965518140466884e-05,134999,,1.030452847480774,,1.1050949096679688,,0.587942361831665,,0.12117394804954529
,5420.0,53,2.8937931347172707e-05,135049,,1.359416127204895,,0.9231740236282349,,0.5879718065261841,,0.12118089199066162
,5484.0,53,2.891034455387853e-05,135099,,1.2731584310531616,,1.112573504447937,,0.588001549243927,,0.12118609249591827
,5464.0,53,2.8882757760584354e-05,135149,,1.214272141456604,,1.2219364643096924,,0.5880306959152222,,0.12119316309690475
,5404.0,53,2.885517278627958e-05,135199,,1.2084953784942627,,0.9084155559539795,,0.5880591869354248,,0.1211981326341629
,5516.0,53,2.8827585992985405e-05,135249,,1.2557743787765503,,0.7972729206085205,,0.588087797164917,,0.12120302766561508
,5436.0,53,2.879999919969123e-05,135299,,1.1549453735351562,,0.879667341709137,,0.5881178975105286,,0.12120773643255234
,5460.0,53,2.8772414225386456e-05,135349,,1.2611948251724243,,1.113541841506958,,0.5881485939025879,,0.12121281772851944
,5400.0,53,2.874482743209228e-05,135399,,1.5158779621124268,,1.2976018190383911,,0.588178277015686,,0.12121723592281342
5461.22216796875,,53,,135431,1.2881189584732056,,1.0552176237106323,,0.5874821543693542,,0.12108457088470459,
,5496.0,54,2.8717240638798103e-05,135449,,1.4104686975479126,,1.1662335395812988,,0.5882078409194946,,0.12122099101543427
,5484.0,54,2.868965566449333e-05,135499,,1.2708309888839722,,1.0991642475128174,,0.5882394909858704,,0.12122465670108795
,5424.0,54,2.8662068871199153e-05,135549,,0.9842551350593567,,0.7482892274856567,,0.588265061378479,,0.12122996896505356
,5504.0,54,2.8634482077904977e-05,135599,,1.238358736038208,,1.0229021310806274,,0.5882940888404846,,0.12123586982488632
,5472.0,54,2.8606897103600204e-05,135649,,1.4072521924972534,,1.2058186531066895,,0.5883229970932007,,0.12124042958021164
,5432.0,54,2.8579310310306028e-05,135699,,1.5605515241622925,,1.1745591163635254,,0.5883514881134033,,0.12124501913785934
,5452.0,54,2.855172351701185e-05,135749,,1.2382768392562866,,1.133280873298645,,0.5883786678314209,,0.12125080823898315
,5448.0,54,2.8524138542707078e-05,135799,,1.3847414255142212,,1.0263243913650513,,0.5884073376655579,,0.12125399708747864
,5420.0,54,2.8496551749412902e-05,135849,,1.1780506372451782,,0.9570645093917847,,0.5884393453598022,,0.12125763297080994
,5540.0,54,2.8468964956118725e-05,135899,,1.3047783374786377,,1.1866761445999146,,0.5884674787521362,,0.12126144766807556
,5448.0,54,2.8441379981813952e-05,135949,,1.049501895904541,,0.9796257019042969,,0.5884976387023926,,0.12126727402210236
,5420.0,54,2.8413793188519776e-05,135999,,1.5535856485366821,,1.0935996770858765,,0.5885248184204102,,0.12127387523651123
,5512.0,54,2.83862063952256e-05,136049,,1.4906268119812012,,0.8326541185379028,,0.5885536670684814,,0.12128002941608429
,5472.0,54,2.8358621420920826e-05,136099,,1.4219313859939575,,1.178389549255371,,0.5885845422744751,,0.12128433585166931
,5512.0,54,2.833103462762665e-05,136149,,1.3822362422943115,,1.0933761596679688,,0.588612973690033,,0.12129069864749908
,5544.0,54,2.8303447834332474e-05,136199,,1.2896555662155151,,1.234702229499817,,0.5886403322219849,,0.12129491567611694
,5488.0,54,2.82758628600277e-05,136249,,1.201767921447754,,0.9115753173828125,,0.5886674523353577,,0.12129828333854675
,5488.0,54,2.8248276066733524e-05,136299,,1.3412753343582153,,0.7992685437202454,,0.5886927247047424,,0.1213027685880661
,5480.0,54,2.8220689273439348e-05,136349,,1.1878002882003784,,0.9456662535667419,,0.5887220501899719,,0.12130776792764664
,5440.0,54,2.8193104299134575e-05,136399,,1.339785099029541,,1.059481143951416,,0.5887508392333984,,0.12131296843290329
,5504.0,54,2.81655175058404e-05,136449,,1.2512786388397217,,1.3601694107055664,,0.5887778997421265,,0.12131857126951218
,5472.0,54,2.8137930712546222e-05,136499,,1.4926223754882812,,1.339035987854004,,0.58880615234375,,0.12132206559181213
,5508.0,54,2.8110343919252045e-05,136549,,1.2209428548812866,,1.0092785358428955,,0.5888336896896362,,0.12132668495178223
,5376.0,54,2.8082758944947273e-05,136599,,1.3545241355895996,,0.8826415538787842,,0.5888623595237732,,0.12133193761110306
,5460.0,54,2.8055172151653096e-05,136649,,1.2779649496078491,,0.9964244365692139,,0.5888919830322266,,0.12133574485778809
,5404.0,54,2.802758535835892e-05,136699,,1.3964506387710571,,1.0702886581420898,,0.5889208316802979,,0.12134048342704773
,5436.0,54,2.8000000384054147e-05,136749,,0.9597618579864502,,0.7031341791152954,,0.5889521837234497,,0.12134671956300735
,5504.0,54,2.797241359075997e-05,136799,,1.3197895288467407,,1.1500115394592285,,0.588977575302124,,0.12135157734155655
,5460.0,54,2.7944826797465794e-05,136849,,1.4364124536514282,,1.033801555633545,,0.5890042781829834,,0.12135553359985352
,5420.0,54,2.791724182316102e-05,136899,,1.27496337890625,,1.2965717315673828,,0.5890356302261353,,0.12136111408472061
,5372.0,54,2.7889655029866844e-05,136949,,1.307295322418213,,0.7904343605041504,,0.5890635251998901,,0.12136809527873993
,5496.0,54,2.7862068236572668e-05,136999,,1.3665724992752075,,1.2789887189865112,,0.5890945196151733,,0.12137363851070404
,5448.0,54,2.7834483262267895e-05,137049,,1.1518362760543823,,1.1994386911392212,,0.5891217589378357,,0.12137909233570099
,5500.0,54,2.780689646897372e-05,137099,,1.277343988418579,,1.1028046607971191,,0.5891510248184204,,0.1213844045996666
,5512.0,54,2.7779309675679542e-05,137149,,1.4263361692428589,,1.181272268295288,,0.5891790986061096,,0.1213902160525322
,5324.0,54,2.775172470137477e-05,137199,,1.353663444519043,,1.0634291172027588,,0.5892072916030884,,0.12139399349689484
,5468.0,54,2.7724137908080593e-05,137249,,1.5042067766189575,,1.1416372060775757,,0.589234471321106,,0.12139827013015747
,5432.0,54,2.7696551114786416e-05,137299,,1.5244745016098022,,0.9070974588394165,,0.5892599821090698,,0.12140155583620071
,5552.0,54,2.7668966140481643e-05,137349,,1.5207775831222534,,1.3722885847091675,,0.5892866849899292,,0.12140526622533798
,5428.0,54,2.7641379347187467e-05,137399,,1.0074515342712402,,0.6027367115020752,,0.5893141627311707,,0.12140974402427673
,5416.0,54,2.761379255389329e-05,137449,,1.314671277999878,,1.2641849517822266,,0.5893425345420837,,0.12141448259353638
,5460.0,54,2.7586207579588518e-05,137499,,1.3423138856887817,,1.0620406866073608,,0.589371919631958,,0.12141769379377365
,5452.0,54,2.755862078629434e-05,137549,,1.180378794670105,,0.7625823020935059,,0.5894014239311218,,0.12142108380794525
,5488.0,54,2.7531033993000165e-05,137599,,1.157804250717163,,0.9041697978973389,,0.5894291400909424,,0.12142321467399597
,5496.0,54,2.7503449018695392e-05,137649,,1.4175926446914673,,0.7468358874320984,,0.5894578099250793,,0.1214274913072586
,5464.0,54,2.7475862225401215e-05,137699,,1.2877486944198608,,1.2413090467453003,,0.5894842147827148,,0.12143351882696152
,5452.0,54,2.744827543210704e-05,137749,,1.1906863451004028,,1.2795897722244263,,0.5895123481750488,,0.12143706530332565
,5468.0,54,2.7420690457802266e-05,137799,,1.458523154258728,,1.1012550592422485,,0.5895400047302246,,0.12144000828266144
,5392.0,54,2.739310366450809e-05,137849,,1.2963517904281616,,1.1064828634262085,,0.5895705819129944,,0.12144383788108826
,5436.0,54,2.7365516871213913e-05,137899,,1.3832526206970215,,1.290913701057434,,0.5895974636077881,,0.12144889682531357
5461.7216796875,,54,,137939,1.3033897876739502,,1.0476384162902832,,0.5889278054237366,,0.12134284526109695,
,5492.0,55,2.733793189690914e-05,137949,,1.3748934268951416,,1.0676639080047607,,0.5896256566047668,,0.12145360559225082
,5468.0,55,2.7310345103614964e-05,137999,,1.3384690284729004,,0.9265133738517761,,0.5896540880203247,,0.12145811319351196
,5428.0,55,2.7282758310320787e-05,138049,,1.2826038599014282,,1.0689687728881836,,0.5896835327148438,,0.12146322429180145
,5540.0,55,2.725517151702661e-05,138099,,1.4273024797439575,,1.0555055141448975,,0.5897116661071777,,0.12146799266338348
,5392.0,55,2.7227586542721838e-05,138149,,1.4289897680282593,,1.1389981508255005,,0.5897401571273804,,0.12147346884012222
,5484.0,55,2.719999974942766e-05,138199,,1.4170186519622803,,0.967856228351593,,0.5897669196128845,,0.12147894501686096
,5464.0,55,2.7172412956133485e-05,138249,,1.149616003036499,,0.8087291717529297,,0.5897959470748901,,0.12148551642894745
,5480.0,55,2.7144827981828712e-05,138299,,1.211979866027832,,1.0191526412963867,,0.5898244976997375,,0.12149034440517426
,5432.0,55,2.7117241188534535e-05,138349,,1.4394032955169678,,1.0906598567962646,,0.5898528099060059,,0.12149502336978912
,5464.0,55,2.708965439524036e-05,138399,,1.515426516532898,,1.244665265083313,,0.5898811221122742,,0.12150025367736816
,5472.0,55,2.7062069420935586e-05,138449,,1.4041178226470947,,0.925476610660553,,0.589909553527832,,0.1215059906244278
,5480.0,55,2.703448262764141e-05,138499,,1.2480323314666748,,0.8309035301208496,,0.5899356603622437,,0.12151013314723969
,5432.0,55,2.7006895834347233e-05,138549,,1.5519224405288696,,1.4343045949935913,,0.5899614095687866,,0.12151531875133514
,5472.0,55,2.697931086004246e-05,138599,,1.186241865158081,,0.8961676955223083,,0.58999103307724,,0.12152093648910522
,5500.0,55,2.6951724066748284e-05,138649,,1.1633933782577515,,0.9806978702545166,,0.5900179147720337,,0.12152568995952606
,5508.0,55,2.6924137273454107e-05,138699,,1.3241298198699951,,0.9531001448631287,,0.5900456309318542,,0.12153000384569168
,5432.0,55,2.6896552299149334e-05,138749,,1.2470407485961914,,1.1638480424880981,,0.59007328748703,,0.12153379619121552
,5464.0,55,2.6868965505855158e-05,138799,,1.033318042755127,,0.7564547657966614,,0.5900992155075073,,0.12153905630111694
,5460.0,55,2.684137871256098e-05,138849,,1.6125872135162354,,1.1121487617492676,,0.5901256799697876,,0.12154430150985718
,5480.0,55,2.681379373825621e-05,138899,,1.1770696640014648,,0.9726700782775879,,0.5901546478271484,,0.12154753506183624
,5444.0,55,2.6786206944962032e-05,138949,,0.9160276651382446,,0.7208582162857056,,0.5901836156845093,,0.12155179679393768
,5480.0,55,2.6758620151667856e-05,138999,,1.2481781244277954,,1.1981356143951416,,0.5902144908905029,,0.1215561032295227
,5448.0,55,2.6731035177363083e-05,139049,,1.3415833711624146,,1.4304308891296387,,0.5902427434921265,,0.12155978381633759
,5424.0,55,2.6703448384068906e-05,139099,,1.570183277130127,,1.0911712646484375,,0.5902689695358276,,0.1215653344988823
,5512.0,55,2.667586159077473e-05,139149,,1.423399567604065,,0.9552403688430786,,0.5902941226959229,,0.1215708777308464
,5424.0,55,2.6648276616469957e-05,139199,,1.015030026435852,,0.9759786128997803,,0.5903199315071106,,0.12157506495714188
,5512.0,55,2.662068982317578e-05,139249,,1.365512490272522,,1.1551251411437988,,0.5903491973876953,,0.12158042192459106
,5444.0,55,2.6593103029881604e-05,139299,,1.0852521657943726,,0.6899712681770325,,0.5903762578964233,,0.1215858981013298
,5420.0,55,2.656551805557683e-05,139349,,1.5559026002883911,,1.0184640884399414,,0.5904043912887573,,0.1215895563364029
,5472.0,55,2.6537931262282655e-05,139399,,1.3177670240402222,,1.0942184925079346,,0.5904295444488525,,0.12159265577793121
,5484.0,55,2.6510344468988478e-05,139449,,1.1114284992218018,,0.7949231863021851,,0.5904576778411865,,0.1215989887714386
,5460.0,55,2.6482759494683705e-05,139499,,1.2802362442016602,,1.3176711797714233,,0.5904852151870728,,0.12160326540470123
,5436.0,55,2.645517270138953e-05,139549,,1.1810053586959839,,0.8408283591270447,,0.5905145406723022,,0.12160918116569519
,5424.0,55,2.6427585908095352e-05,139599,,1.2435561418533325,,1.1105427742004395,,0.5905413031578064,,0.12161273509263992
,5456.0,55,2.6399999114801176e-05,139649,,1.3109140396118164,,0.7074999213218689,,0.5905694961547852,,0.12161646783351898
,5444.0,55,2.6372414140496403e-05,139699,,1.3618112802505493,,1.5692720413208008,,0.5905971527099609,,0.12162156403064728
,5444.0,55,2.6344827347202227e-05,139749,,1.246188998222351,,1.173048973083496,,0.5906255841255188,,0.1216268241405487
,5500.0,55,2.631724055390805e-05,139799,,1.3979274034500122,,0.7957000732421875,,0.5906511545181274,,0.12163127958774567
,5408.0,55,2.6289655579603277e-05,139849,,0.8353689312934875,,0.7942578196525574,,0.5906772613525391,,0.12163492292165756
,5504.0,55,2.62620687863091e-05,139899,,1.3588402271270752,,1.303294062614441,,0.5907032489776611,,0.12163754552602768
,5420.0,55,2.6234481993014924e-05,139949,,1.3060036897659302,,1.2771247625350952,,0.5907305479049683,,0.1216396614909172
,5520.0,55,2.620689701871015e-05,139999,,1.2237070798873901,,1.097015619277954,,0.5907604694366455,,0.12164232134819031
,5516.0,55,2.6179310225415975e-05,140049,,1.3534241914749146,,0.8434861302375793,,0.5907872915267944,,0.1216452494263649
,5416.0,55,2.61517234321218e-05,140099,,1.340503215789795,,1.1295905113220215,,0.590815544128418,,0.12164977937936783
,5504.0,55,2.6124138457817025e-05,140149,,1.2588391304016113,,1.0830563306808472,,0.5908420085906982,,0.12165369093418121
,5516.0,55,2.609655166452285e-05,140199,,1.2096011638641357,,0.9870439767837524,,0.5908685922622681,,0.12165701389312744
,5472.0,55,2.6068964871228673e-05,140249,,1.2728756666183472,,1.149909257888794,,0.5908965468406677,,0.12166032940149307
,5428.0,55,2.60413798969239e-05,140299,,1.2953475713729858,,1.0179476737976074,,0.5909252762794495,,0.12166467308998108
,5520.0,55,2.6013793103629723e-05,140349,,1.1081843376159668,,1.0504224300384521,,0.5909518003463745,,0.12166883051395416
,5456.0,55,2.5986206310335547e-05,140399,,1.3360748291015625,,1.001322865486145,,0.5909765362739563,,0.12167281657457352
5462.91357421875,,55,,140447,1.320331335067749,,1.0461478233337402,,0.5903317928314209,,0.1215750202536583,
,5464.0,56,2.5958621336030774e-05,140449,,1.199939489364624,,0.822719156742096,,0.5910044312477112,,0.12167525291442871
,5464.0,56,2.5931034542736597e-05,140499,,1.5078424215316772,,1.170646071434021,,0.5910303592681885,,0.12168051302433014
,5436.0,56,2.590344774944242e-05,140549,,1.30971097946167,,1.0018672943115234,,0.5910552740097046,,0.12168410420417786
,5468.0,56,2.5875862775137648e-05,140599,,1.4218165874481201,,0.7025167346000671,,0.5910862684249878,,0.12168794125318527
,5456.0,56,2.584827598184347e-05,140649,,1.4751206636428833,,0.8983591198921204,,0.5911122560501099,,0.12169115245342255
,5448.0,56,2.5820689188549295e-05,140699,,1.3634310960769653,,1.4744266271591187,,0.5911381244659424,,0.12169471383094788
,5452.0,56,2.5793104214244522e-05,140749,,1.2826052904129028,,1.3175535202026367,,0.5911652445793152,,0.12169843912124634
,5452.0,56,2.5765517420950346e-05,140799,,1.2665268182754517,,1.1496119499206543,,0.591191291809082,,0.12170404940843582
,5452.0,56,2.573793062765617e-05,140849,,1.5251431465148926,,1.430530309677124,,0.591217041015625,,0.12170785665512085
,5476.0,56,2.5710345653351396e-05,140899,,1.2418818473815918,,1.081957221031189,,0.5912437438964844,,0.12171151489019394
,5520.0,56,2.568275886005722e-05,140949,,1.2512919902801514,,0.9835790395736694,,0.591270923614502,,0.12171439826488495
,5480.0,56,2.5655172066763043e-05,140999,,1.292594075202942,,1.2827229499816895,,0.5912971496582031,,0.12171883136034012
,5424.0,56,2.562758709245827e-05,141049,,1.4618232250213623,,1.3355244398117065,,0.5913237929344177,,0.12172295153141022
,5476.0,56,2.5600000299164094e-05,141099,,1.2447187900543213,,1.123526692390442,,0.5913496613502502,,0.12172679603099823
,5472.0,56,2.5572413505869918e-05,141149,,1.356178641319275,,1.1855978965759277,,0.5913782119750977,,0.12173037976026535
,5476.0,56,2.554482671257574e-05,141199,,1.3059580326080322,,0.7134150862693787,,0.5914067029953003,,0.12173565477132797
,5444.0,56,2.5517241738270968e-05,141249,,1.3736743927001953,,1.3450710773468018,,0.5914349555969238,,0.12174087017774582
,5492.0,56,2.5489654944976792e-05,141299,,1.3562670946121216,,1.2066943645477295,,0.5914638638496399,,0.12174459546804428
,5440.0,56,2.5462068151682615e-05,141349,,1.327534794807434,,0.8948855996131897,,0.5914910435676575,,0.12175033986568451
,5400.0,56,2.5434483177377842e-05,141399,,1.2910157442092896,,1.027235984802246,,0.5915186405181885,,0.121754489839077
,5512.0,56,2.5406896384083666e-05,141449,,1.0963915586471558,,0.6863295435905457,,0.591545820236206,,0.12175779044628143
,5488.0,56,2.537930959078949e-05,141499,,1.4472016096115112,,1.0100291967391968,,0.5915744304656982,,0.12176143378019333
,5412.0,56,2.5351724616484717e-05,141549,,1.3886572122573853,,0.9765555262565613,,0.5916019678115845,,0.1217648833990097
,5532.0,56,2.532413782319054e-05,141599,,1.0583178997039795,,1.2065211534500122,,0.5916293263435364,,0.12176936119794846
,5500.0,56,2.5296551029896364e-05,141649,,1.4528950452804565,,1.121203064918518,,0.5916560888290405,,0.12177342176437378
,5400.0,56,2.526896605559159e-05,141699,,1.3703590631484985,,0.9891095757484436,,0.5916851758956909,,0.1217787116765976
,5500.0,56,2.5241379262297414e-05,141749,,1.3841924667358398,,1.0034998655319214,,0.5917109251022339,,0.12178102880716324
,5336.0,56,2.5213792469003238e-05,141799,,1.3012809753417969,,1.1215399503707886,,0.591739296913147,,0.1217847615480423
,5488.0,56,2.5186207494698465e-05,141849,,1.5624842643737793,,1.187727928161621,,0.5917675495147705,,0.12178795039653778
,5440.0,56,2.515862070140429e-05,141899,,1.2626960277557373,,0.9604532718658447,,0.5917915105819702,,0.12179109454154968
,5416.0,56,2.5131033908110112e-05,141949,,1.451636552810669,,0.9900835752487183,,0.5918154716491699,,0.12179452180862427
,5504.0,56,2.510344893380534e-05,141999,,1.296433687210083,,0.7246688604354858,,0.5918424129486084,,0.12179740518331528
,5436.0,56,2.5075862140511163e-05,142049,,1.3769935369491577,,1.149612307548523,,0.5918674468994141,,0.12180344760417938
,5468.0,56,2.5048275347216986e-05,142099,,1.2259690761566162,,0.8468592166900635,,0.5918934941291809,,0.12180818617343903
,5552.0,56,2.5020690372912213e-05,142149,,1.5350147485733032,,0.7007388472557068,,0.5919197201728821,,0.12181214988231659
,5476.0,56,2.4993103579618037e-05,142199,,1.3314356803894043,,0.923555314540863,,0.5919492244720459,,0.12181603908538818
,5428.0,56,2.496551678632386e-05,142249,,1.381552815437317,,1.0346629619598389,,0.5919764041900635,,0.12182120978832245
,5404.0,56,2.4937931812019087e-05,142299,,1.2829718589782715,,1.028777003288269,,0.5920015573501587,,0.12182534486055374
,5464.0,56,2.491034501872491e-05,142349,,1.30802583694458,,1.3130024671554565,,0.5920276641845703,,0.12182880938053131
,5468.0,56,2.4882758225430734e-05,142399,,1.40543532371521,,1.0016207695007324,,0.5920529961585999,,0.12183262407779694
,5448.0,56,2.485517325112596e-05,142449,,1.2492719888687134,,1.0152645111083984,,0.5920801758766174,,0.12183543294668198
,5440.0,56,2.4827586457831785e-05,142499,,1.6103588342666626,,0.868597686290741,,0.5921072959899902,,0.12183871120214462
,5420.0,56,2.479999966453761e-05,142549,,1.4648243188858032,,1.0690181255340576,,0.5921329259872437,,0.12184269726276398
,5528.0,56,2.4772414690232836e-05,142599,,1.499185562133789,,1.087390661239624,,0.5921579599380493,,0.12184595316648483
,5512.0,56,2.474482789693866e-05,142649,,1.53402578830719,,1.2650139331817627,,0.5921857953071594,,0.12185010313987732
,5400.0,56,2.4717241103644483e-05,142699,,1.2767261266708374,,0.819137454032898,,0.5922127366065979,,0.12185486406087875
,5428.0,56,2.4689654310350306e-05,142749,,1.4478942155838013,,0.9717367887496948,,0.5922397375106812,,0.1218600869178772
,5436.0,56,2.4662069336045533e-05,142799,,1.4235962629318237,,0.965235710144043,,0.5922649502754211,,0.12186329811811447
,5472.0,56,2.4634482542751357e-05,142849,,1.423222303390503,,1.1289196014404297,,0.5922905802726746,,0.12186932563781738
,5472.0,56,2.460689574945718e-05,142899,,1.5324002504348755,,1.0342941284179688,,0.592318058013916,,0.12187321484088898
,5416.0,56,2.4579310775152408e-05,142949,,1.4364855289459229,,1.1490809917449951,,0.5923436284065247,,0.12187724560499191
5463.18701171875,,56,,142955,1.3386342525482178,,1.0461012125015259,,0.5916939973831177,,0.12177949398756027,
,5480.0,57,2.455172398185823e-05,142999,,1.2025146484375,,1.115517497062683,,0.5923701524734497,,0.1218818724155426
,5428.0,57,2.4524137188564055e-05,143049,,1.2672237157821655,,0.7335288524627686,,0.5923968553543091,,0.12188547849655151
,5528.0,57,2.4496552214259282e-05,143099,,1.5070463418960571,,1.028995394706726,,0.5924263000488281,,0.12189143896102905
,5492.0,57,2.4468965420965105e-05,143149,,1.16805100440979,,0.9806922674179077,,0.5924546718597412,,0.1218966692686081
,5444.0,57,2.444137862767093e-05,143199,,1.1222699880599976,,0.9801230430603027,,0.5924803018569946,,0.12190108001232147
,5432.0,57,2.4413793653366156e-05,143249,,1.248512625694275,,0.9386120438575745,,0.5925070643424988,,0.12190631777048111
,5420.0,57,2.438620686007198e-05,143299,,1.472785234451294,,1.4305287599563599,,0.5925316214561462,,0.12191280722618103
,5460.0,57,2.4358620066777803e-05,143349,,1.2201331853866577,,0.6726776361465454,,0.5925580263137817,,0.12191762030124664
,5472.0,57,2.433103509247303e-05,143399,,1.3132712841033936,,1.3042151927947998,,0.5925823450088501,,0.12192176282405853
,5436.0,57,2.4303448299178854e-05,143449,,1.417121410369873,,0.9916026592254639,,0.5926117897033691,,0.12192802876234055
,5496.0,57,2.4275861505884677e-05,143499,,1.1767854690551758,,1.0337198972702026,,0.5926386713981628,,0.12193100154399872
,5408.0,57,2.4248276531579904e-05,143549,,1.2378395795822144,,1.1777654886245728,,0.5926654934883118,,0.12193500995635986
,5436.0,57,2.4220689738285728e-05,143599,,1.3021738529205322,,0.706508219242096,,0.5926910638809204,,0.12194028496742249
,5444.0,57,2.419310294499155e-05,143649,,1.1677402257919312,,1.1939095258712769,,0.5927169322967529,,0.1219451054930687
,5452.0,57,2.416551797068678e-05,143699,,1.3465436697006226,,0.9415040016174316,,0.5927435159683228,,0.12194981426000595
,5528.0,57,2.4137931177392602e-05,143749,,1.5156760215759277,,1.2001488208770752,,0.5927721858024597,,0.12195507436990738
,5448.0,57,2.4110344384098426e-05,143799,,1.7302348613739014,,0.8659070134162903,,0.5927984118461609,,0.12195985019207001
,5464.0,57,2.4082759409793653e-05,143849,,1.5152961015701294,,0.7811800837516785,,0.5928261876106262,,0.12196442484855652
,5404.0,57,2.4055172616499476e-05,143899,,1.4564002752304077,,1.1209673881530762,,0.5928518772125244,,0.12196820974349976
,5448.0,57,2.40275858232053e-05,143949,,1.4684116840362549,,1.1745126247406006,,0.5928786993026733,,0.12197250127792358
,5456.0,57,2.4000000848900527e-05,143999,,1.5469623804092407,,1.0649545192718506,,0.5929062962532043,,0.1219768300652504
,5500.0,57,2.397241405560635e-05,144049,,1.2820464372634888,,1.0043340921401978,,0.5929340124130249,,0.12198163568973541
,5384.0,57,2.3944827262312174e-05,144099,,1.246316909790039,,0.8624787926673889,,0.5929611921310425,,0.12198811769485474
,5512.0,57,2.39172422880074e-05,144149,,1.2282121181488037,,0.9084643721580505,,0.5929872989654541,,0.12199167907238007
,5512.0,57,2.3889655494713224e-05,144199,,1.37359619140625,,1.1544955968856812,,0.593012273311615,,0.12199537456035614
,5436.0,57,2.3862068701419048e-05,144249,,1.5570379495620728,,1.441684603691101,,0.5930371284484863,,0.12199857831001282
,5432.0,57,2.383448190812487e-05,144299,,1.2967190742492676,,1.0852758884429932,,0.5930646061897278,,0.12200230360031128
,5444.0,57,2.38068969338201e-05,144349,,1.5225601196289062,,1.3132553100585938,,0.593090832233429,,0.12200624495744705
,5496.0,57,2.3779310140525922e-05,144399,,1.2883992195129395,,1.0809613466262817,,0.5931176543235779,,0.12200914323329926
,5496.0,57,2.3751723347231746e-05,144449,,1.191879153251648,,0.9622809290885925,,0.5931434631347656,,0.12201391160488129
,5380.0,57,2.3724138372926973e-05,144499,,1.7712199687957764,,1.0849097967147827,,0.5931683778762817,,0.12201789766550064
,5440.0,57,2.3696551579632796e-05,144549,,1.2889119386672974,,1.002479076385498,,0.593193769454956,,0.1220226064324379
,5452.0,57,2.366896478633862e-05,144599,,1.266620397567749,,1.0511841773986816,,0.5932202339172363,,0.12202730029821396
,5432.0,57,2.3641379812033847e-05,144649,,1.2538725137710571,,1.2463421821594238,,0.5932448506355286,,0.12202974408864975
,5400.0,57,2.361379301873967e-05,144699,,1.558017373085022,,1.154475450515747,,0.5932716727256775,,0.12203303724527359
,5500.0,57,2.3586206225445494e-05,144749,,1.1615737676620483,,1.0597093105316162,,0.593299388885498,,0.12203585356473923
,5480.0,57,2.355862125114072e-05,144799,,1.507841944694519,,0.9759686589241028,,0.593323826789856,,0.12203783541917801
,5428.0,57,2.3531034457846545e-05,144849,,1.3113009929656982,,1.2122070789337158,,0.5933512449264526,,0.12204303592443466
,5452.0,57,2.3503447664552368e-05,144899,,1.1949487924575806,,0.8499396443367004,,0.5933768153190613,,0.12204653024673462
,5460.0,57,2.3475862690247595e-05,144949,,1.151644229888916,,0.9538081288337708,,0.5934010744094849,,0.12204933166503906
,5524.0,57,2.344827589695342e-05,144999,,1.2886182069778442,,0.9856387376785278,,0.5934290885925293,,0.12205208837985992
,5460.0,57,2.3420689103659242e-05,145049,,1.4741590023040771,,0.8389452695846558,,0.5934531688690186,,0.12205695360898972
,5548.0,57,2.339310412935447e-05,145099,,1.509763240814209,,1.2378913164138794,,0.5934749841690063,,0.12206161767244339
,5452.0,57,2.3365517336060293e-05,145149,,1.628949522972107,,1.1170196533203125,,0.5935032367706299,,0.12206430733203888
,5404.0,57,2.3337930542766117e-05,145199,,1.216555118560791,,1.051313877105713,,0.5935271978378296,,0.12206800282001495
,5480.0,57,2.3310345568461344e-05,145249,,1.5565177202224731,,0.8182092905044556,,0.5935522317886353,,0.12207257747650146
,5500.0,57,2.3282758775167167e-05,145299,,1.314935564994812,,0.9883710145950317,,0.5935788154602051,,0.12207628786563873
,5476.0,57,2.325517198187299e-05,145349,,1.2803272008895874,,1.1781761646270752,,0.5936031341552734,,0.12208160012960434
,5440.0,57,2.3227587007568218e-05,145399,,1.2984107732772827,,0.9761986136436462,,0.5936293005943298,,0.12208512425422668
,5476.0,57,2.320000021427404e-05,145449,,1.3341305255889893,,1.0765870809555054,,0.5936553478240967,,0.12208901345729828
5461.98388671875,,57,,145463,1.3514827489852905,,1.0440428256988525,,0.5930271148681641,,0.12199324369430542,
,5508.0,58,2.3172413420979865e-05,145499,,1.2714176177978516,,1.2215930223464966,,0.5936777591705322,,0.12209340929985046
,5472.0,58,2.3144828446675092e-05,145549,,1.6179187297821045,,0.9831435680389404,,0.5937027931213379,,0.12209682911634445
,5468.0,58,2.3117241653380916e-05,145599,,1.3093578815460205,,0.9875524044036865,,0.5937299132347107,,0.12210090458393097
,5448.0,58,2.308965486008674e-05,145649,,1.270897626876831,,0.932871401309967,,0.5937553644180298,,0.1221032589673996
,5388.0,58,2.3062068066792563e-05,145699,,1.4052008390426636,,1.4085761308670044,,0.5937802791595459,,0.12210666388273239
,5416.0,58,2.303448309248779e-05,145749,,1.095511555671692,,0.8209825754165649,,0.5938025712966919,,0.12211205810308456
,5396.0,58,2.3006896299193613e-05,145799,,1.3126734495162964,,1.143330693244934,,0.593829333782196,,0.12211643904447556
,5464.0,58,2.2979309505899437e-05,145849,,1.3679146766662598,,1.1346089839935303,,0.5938535928726196,,0.12211965769529343
,5464.0,58,2.2951724531594664e-05,145899,,1.6735247373580933,,1.16752290725708,,0.5938791036605835,,0.1221233606338501
,5452.0,58,2.2924137738300487e-05,145949,,1.7373961210250854,,0.911050021648407,,0.5939066410064697,,0.12212657928466797
,5540.0,58,2.289655094500631e-05,145999,,1.3082517385482788,,0.9034247994422913,,0.5939334034919739,,0.12213185429573059
,5448.0,58,2.2868965970701538e-05,146049,,1.3053594827651978,,1.2538392543792725,,0.5939580202102661,,0.122136190533638
,5500.0,58,2.284137917740736e-05,146099,,1.3659534454345703,,1.487094521522522,,0.593982994556427,,0.12213929742574692
,5436.0,58,2.2813792384113185e-05,146149,,1.4581385850906372,,1.2109556198120117,,0.5940109491348267,,0.12214478850364685
,5536.0,58,2.2786207409808412e-05,146199,,1.2815691232681274,,1.1638240814208984,,0.5940389633178711,,0.12214912474155426
,5480.0,58,2.2758620616514236e-05,146249,,1.3574752807617188,,1.0734410285949707,,0.5940630435943604,,0.12215329706668854
,5424.0,58,2.273103382322006e-05,146299,,1.150179386138916,,0.7566313147544861,,0.5940867066383362,,0.12215573340654373
,5492.0,58,2.2703448848915286e-05,146349,,1.6155821084976196,,1.1909209489822388,,0.5941139459609985,,0.1221599280834198
,5400.0,58,2.267586205562111e-05,146399,,1.4610165357589722,,0.8542351722717285,,0.5941426157951355,,0.12216591835021973
,5456.0,58,2.2648275262326933e-05,146449,,1.649322509765625,,0.9439426064491272,,0.5941689610481262,,0.12216927111148834
,5504.0,58,2.262069028802216e-05,146499,,1.3149610757827759,,0.9129750728607178,,0.5941954255104065,,0.12217310816049576
,5496.0,58,2.2593103494727984e-05,146549,,1.598443865776062,,0.8219885230064392,,0.5942195057868958,,0.12217819690704346
,5536.0,58,2.2565516701433808e-05,146599,,1.5055934190750122,,0.8736148476600647,,0.5942451357841492,,0.1221824586391449
,5384.0,58,2.2537931727129035e-05,146649,,1.2885428667068481,,1.1074131727218628,,0.5942700505256653,,0.12218751758337021
,5376.0,58,2.2510344933834858e-05,146699,,1.4955761432647705,,1.072519302368164,,0.5942949652671814,,0.12219103425741196
,5472.0,58,2.2482758140540682e-05,146749,,1.2625449895858765,,0.8169041872024536,,0.5943225622177124,,0.12219373881816864
,5500.0,58,2.245517316623591e-05,146799,,1.7736924886703491,,0.9746727347373962,,0.5943474769592285,,0.12219776958227158
,5448.0,58,2.2427586372941732e-05,146849,,1.4332677125930786,,1.1603221893310547,,0.5943727493286133,,0.12220192700624466
,5452.0,58,2.2399999579647556e-05,146899,,1.4681732654571533,,1.263224720954895,,0.5943970084190369,,0.12220630794763565
,5432.0,58,2.2372414605342783e-05,146949,,1.3825722932815552,,0.8858963847160339,,0.5944194793701172,,0.12220998853445053
,5428.0,58,2.2344827812048607e-05,146999,,1.360974669456482,,0.9542996883392334,,0.5944445133209229,,0.12221506237983704
,5452.0,58,2.231724101875443e-05,147049,,1.47566556930542,,1.062382698059082,,0.5944700837135315,,0.1222173273563385
,5472.0,58,2.2289656044449657e-05,147099,,1.4602349996566772,,0.9500707387924194,,0.5944949388504028,,0.12222038209438324
,5480.0,58,2.226206925115548e-05,147149,,1.0373764038085938,,0.8165391683578491,,0.59452223777771,,0.12222377955913544
,5472.0,58,2.2234482457861304e-05,147199,,1.403144121170044,,1.222796082496643,,0.5945461988449097,,0.1222282201051712
,5512.0,58,2.2206895664567128e-05,147249,,1.112676978111267,,1.1834595203399658,,0.5945726037025452,,0.12223239243030548
,5520.0,58,2.2179310690262355e-05,147299,,1.2859135866165161,,0.9096840023994446,,0.5945982933044434,,0.12223492562770844
,5436.0,58,2.215172389696818e-05,147349,,1.0497157573699951,,1.331993818283081,,0.5946240425109863,,0.12223763763904572
,5456.0,58,2.2124137103674002e-05,147399,,1.197383165359497,,0.7480962872505188,,0.5946495532989502,,0.12224175781011581
,5436.0,58,2.209655212936923e-05,147449,,1.3305810689926147,,1.002877950668335,,0.5946745276451111,,0.12224618345499039
,5472.0,58,2.2068965336075053e-05,147499,,1.5304826498031616,,1.1139816045761108,,0.5946996212005615,,0.12224917858839035
,5468.0,58,2.2041378542780876e-05,147549,,1.2313498258590698,,1.1658364534378052,,0.5947268009185791,,0.12225192785263062
,5456.0,58,2.2013793568476103e-05,147599,,1.3421834707260132,,1.2586513757705688,,0.5947548151016235,,0.12225604057312012
,5460.0,58,2.1986206775181927e-05,147649,,1.3450242280960083,,0.9277138710021973,,0.5947813987731934,,0.12225817143917084
,5452.0,58,2.195861998188775e-05,147699,,1.3331867456436157,,1.237827181816101,,0.5948066115379333,,0.12226124852895737
,5412.0,58,2.1931035007582977e-05,147749,,1.6097561120986938,,0.9493716359138489,,0.5948329567909241,,0.12226368486881256
,5456.0,58,2.19034482142888e-05,147799,,1.2280101776123047,,1.1613538265228271,,0.5948572158813477,,0.12226609885692596
,5488.0,58,2.1875861420994624e-05,147849,,1.685868740081787,,0.6588408946990967,,0.5948823094367981,,0.12226811051368713
,5440.0,58,2.184827644668985e-05,147899,,1.306695580482483,,0.9612531661987305,,0.5949081778526306,,0.12227053195238113
,5416.0,58,2.1820689653395675e-05,147949,,1.4443178176879883,,0.9471948146820068,,0.5949313640594482,,0.12227471172809601
5461.7431640625,,58,,147971,1.3613322973251343,,1.0377715826034546,,0.5943170785903931,,0.12219101935625076,
,5444.0,59,2.17931028601015e-05,147999,,1.3773627281188965,,0.8939799666404724,,0.5949561595916748,,0.12227745354175568
,5444.0,59,2.1765517885796726e-05,148049,,1.6450276374816895,,1.2025926113128662,,0.5949827432632446,,0.12228243798017502
,5560.0,59,2.173793109250255e-05,148099,,1.5160269737243652,,1.0836600065231323,,0.5950083136558533,,0.12228669971227646
,5444.0,59,2.1710344299208373e-05,148149,,1.2573682069778442,,1.15199613571167,,0.5950340628623962,,0.12228981405496597
,5432.0,59,2.16827593249036e-05,148199,,0.9747160077095032,,1.0550662279129028,,0.5950589776039124,,0.12229384481906891
,5508.0,59,2.1655172531609423e-05,148249,,1.3411210775375366,,1.139939546585083,,0.5950833559036255,,0.12229570001363754
,5448.0,59,2.1627585738315247e-05,148299,,1.303865909576416,,1.1288663148880005,,0.5951085090637207,,0.12229928374290466
,5468.0,59,2.1600000764010474e-05,148349,,1.591470718383789,,1.181753158569336,,0.5951365828514099,,0.12230398505926132
,5500.0,59,2.1572413970716298e-05,148399,,1.4523859024047852,,0.8451712727546692,,0.5951606035232544,,0.1223069578409195
,5488.0,59,2.154482717742212e-05,148449,,1.232495665550232,,0.902708888053894,,0.5951853394508362,,0.12231013923883438
,5508.0,59,2.1517242203117348e-05,148499,,1.5653640031814575,,0.8626683950424194,,0.5952094793319702,,0.12231376767158508
,5516.0,59,2.1489655409823172e-05,148549,,1.3027287721633911,,0.7612773180007935,,0.5952342748641968,,0.12231670320034027
,5488.0,59,2.1462068616528995e-05,148599,,1.6742548942565918,,0.9773886799812317,,0.5952590703964233,,0.12232016772031784
,5448.0,59,2.1434483642224222e-05,148649,,1.4789587259292603,,0.9402427077293396,,0.5952855348587036,,0.1223260760307312
,5452.0,59,2.1406896848930046e-05,148699,,1.0602734088897705,,0.8799623250961304,,0.5953102707862854,,0.12233031541109085
,5412.0,59,2.137931005563587e-05,148749,,1.4703116416931152,,1.1069425344467163,,0.5953346490859985,,0.12233331799507141
,5484.0,59,2.1351723262341693e-05,148799,,1.3380049467086792,,0.9722399711608887,,0.5953593254089355,,0.12233719974756241
,5444.0,59,2.132413828803692e-05,148849,,1.5434024333953857,,1.382844090461731,,0.5953834652900696,,0.1223403662443161
,5516.0,59,2.1296551494742744e-05,148899,,1.4526786804199219,,1.1929802894592285,,0.5954089760780334,,0.12234333157539368
,5492.0,59,2.1268964701448567e-05,148949,,1.4818933010101318,,1.0446256399154663,,0.5954335927963257,,0.12234832346439362
,5484.0,59,2.1241379727143794e-05,148999,,1.4650509357452393,,0.9131216406822205,,0.5954583287239075,,0.12235059589147568
,5468.0,59,2.1213792933849618e-05,149049,,1.2894186973571777,,0.8825516104698181,,0.595484733581543,,0.12235473841428757
,5436.0,59,2.118620614055544e-05,149099,,1.4825289249420166,,0.839722216129303,,0.5955095291137695,,0.12235695868730545
,5476.0,59,2.115862116625067e-05,149149,,1.2971928119659424,,0.999254584312439,,0.5955361127853394,,0.12235909700393677
,5424.0,59,2.1131034372956492e-05,149199,,1.376739740371704,,0.9687108993530273,,0.5955598950386047,,0.12236271798610687
,5424.0,59,2.1103447579662316e-05,149249,,1.3522968292236328,,0.8734984397888184,,0.5955833196640015,,0.12236765027046204
,5496.0,59,2.1075862605357543e-05,149299,,1.3690669536590576,,0.8825003504753113,,0.5956097841262817,,0.12237043678760529
,5476.0,59,2.1048275812063366e-05,149349,,1.2175155878067017,,0.9299829006195068,,0.5956320762634277,,0.12237474322319031
,5412.0,59,2.102068901876919e-05,149399,,0.9010102152824402,,0.821057140827179,,0.5956571698188782,,0.12237861007452011
,5524.0,59,2.0993104044464417e-05,149449,,1.4135656356811523,,1.3195723295211792,,0.5956833958625793,,0.12238284200429916
,5444.0,59,2.096551725117024e-05,149499,,1.2527821063995361,,1.1633470058441162,,0.5957062244415283,,0.1223878264427185
,5500.0,59,2.0937930457876064e-05,149549,,1.425473928451538,,1.149800419807434,,0.5957314372062683,,0.122390016913414
,5512.0,59,2.091034548357129e-05,149599,,1.8225476741790771,,1.0673667192459106,,0.5957568883895874,,0.12239330261945724
,5392.0,59,2.0882758690277115e-05,149649,,1.0864506959915161,,0.6342906951904297,,0.5957814455032349,,0.1223970353603363
,5432.0,59,2.0855171896982938e-05,149699,,1.2496683597564697,,1.0109375715255737,,0.5958045125007629,,0.12239978462457657
,5416.0,59,2.0827586922678165e-05,149749,,1.1828104257583618,,1.028069019317627,,0.5958293080329895,,0.1224043071269989
,5500.0,59,2.080000012938399e-05,149799,,1.404023289680481,,1.4601082801818848,,0.5958523154258728,,0.12240678071975708
,5500.0,59,2.0772413336089812e-05,149849,,1.4601842164993286,,1.018328309059143,,0.5958781242370605,,0.12241002172231674
,5500.0,59,2.074482836178504e-05,149899,,1.397170066833496,,0.8757594227790833,,0.5959022045135498,,0.12241290509700775
,5404.0,59,2.0717241568490863e-05,149949,,1.3178454637527466,,0.6849055290222168,,0.5959261655807495,,0.12241746485233307
,5484.0,59,2.0689654775196686e-05,149999,,1.005810260772705,,0.8106783032417297,,0.5959497690200806,,0.12242121249437332
,5460.0,59,2.0662069800891913e-05,150049,,1.1840112209320068,,1.1886042356491089,,0.5959762334823608,,0.12242436408996582
,5408.0,59,2.0634483007597737e-05,150099,,1.463341474533081,,0.982684314250946,,0.5960010886192322,,0.12242958694696426
,5400.0,59,2.060689621430356e-05,150149,,1.3524988889694214,,0.9674485325813293,,0.5960271954536438,,0.12243480235338211
,5408.0,59,2.0579311239998788e-05,150199,,1.3581002950668335,,1.0070186853408813,,0.5960512757301331,,0.12243955582380295
,5500.0,59,2.055172444670461e-05,150249,,1.0397377014160156,,0.7009496688842773,,0.5960773229598999,,0.12244397401809692
,5452.0,59,2.0524137653410435e-05,150299,,1.2538803815841675,,0.943951427936554,,0.5961024165153503,,0.12244781851768494
,5408.0,59,2.0496550860116258e-05,150349,,1.3591256141662598,,0.8722323179244995,,0.5961272716522217,,0.12245160341262817
,5556.0,59,2.0468965885811485e-05,150399,,1.535033106803894,,1.0273083448410034,,0.5961518883705139,,0.12245583534240723
,5520.0,59,2.044137909251731e-05,150449,,1.6366559267044067,,0.8042199015617371,,0.596176266670227,,0.12245973944664001
5463.23681640625,,59,,150479,1.3743393421173096,,1.0257407426834106,,0.5955842733383179,,0.12237019091844559,
,5428.0,60,2.0413792299223132e-05,150499,,1.5410373210906982,,1.052801251411438,,0.5962011814117432,,0.12246403843164444
,5456.0,60,2.038620732491836e-05,150549,,1.6781052350997925,,1.1467173099517822,,0.5962249636650085,,0.12246894091367722
,5456.0,60,2.0358620531624183e-05,150599,,1.198141098022461,,0.9595073461532593,,0.5962479114532471,,0.12247263640165329
,5500.0,60,2.0331033738330007e-05,150649,,1.4712042808532715,,1.2791996002197266,,0.5962739586830139,,0.12247815728187561
,5500.0,60,2.0303448764025234e-05,150699,,1.4436596632003784,,1.1576634645462036,,0.5963000059127808,,0.1224825531244278
,5328.0,60,2.0275861970731057e-05,150749,,1.4811904430389404,,1.1650218963623047,,0.5963258743286133,,0.12248580157756805
,5500.0,60,2.024827517743688e-05,150799,,1.4124201536178589,,0.9265519380569458,,0.5963487029075623,,0.12248917669057846
,5400.0,60,2.0220690203132108e-05,150849,,1.1778721809387207,,0.7527360916137695,,0.5963754653930664,,0.1224924772977829
,5520.0,60,2.019310340983793e-05,150899,,1.3953834772109985,,0.7612987160682678,,0.596399188041687,,0.1224973276257515
,5404.0,60,2.0165516616543755e-05,150949,,1.3301479816436768,,1.3685517311096191,,0.5964229106903076,,0.12250085175037384
,5440.0,60,2.0137931642238982e-05,150999,,1.6208611726760864,,1.1401793956756592,,0.5964466333389282,,0.12250541150569916
,5452.0,60,2.0110344848944806e-05,151049,,1.157067894935608,,0.9507552981376648,,0.5964695811271667,,0.12251055240631104
,5372.0,60,2.008275805565063e-05,151099,,1.437967300415039,,1.2302626371383667,,0.5964916944503784,,0.12251418828964233
,5476.0,60,2.0055173081345856e-05,151149,,1.2504245042800903,,0.9504877924919128,,0.5965155363082886,,0.12251848727464676
,5464.0,60,2.002758628805168e-05,151199,,1.268965482711792,,1.348767638206482,,0.5965392589569092,,0.12252156436443329
,5436.0,60,1.9999999494757503e-05,151249,,1.498954176902771,,1.1026684045791626,,0.5965627431869507,,0.1225258857011795
,5416.0,60,1.997241452045273e-05,151299,,1.6005643606185913,,1.1699188947677612,,0.5965880155563354,,0.1225300133228302
,5396.0,60,1.9944827727158554e-05,151349,,1.4335863590240479,,1.1306779384613037,,0.5966129302978516,,0.12253277003765106
,5476.0,60,1.9917240933864377e-05,151399,,1.249742865562439,,1.0741658210754395,,0.5966365933418274,,0.122535839676857
,5408.0,60,1.9889655959559605e-05,151449,,1.4942355155944824,,0.9194786548614502,,0.5966596007347107,,0.12254193425178528
,5492.0,60,1.9862069166265428e-05,151499,,1.3219393491744995,,0.9132912755012512,,0.596683144569397,,0.12254631519317627
,5440.0,60,1.983448237297125e-05,151549,,1.193856954574585,,0.7625826597213745,,0.596708357334137,,0.12254942953586578
,5448.0,60,1.980689739866648e-05,151599,,1.5875005722045898,,0.5912268161773682,,0.5967333316802979,,0.12255236506462097
,5468.0,60,1.9779310605372302e-05,151649,,1.2086135149002075,,0.7385158538818359,,0.5967592000961304,,0.12255533039569855
,5416.0,60,1.9751723812078126e-05,151699,,1.4929335117340088,,0.8960474133491516,,0.5967857241630554,,0.12255868315696716
,5464.0,60,1.9724138837773353e-05,151749,,1.2215856313705444,,0.8536145091056824,,0.5968107581138611,,0.12256225943565369
,5512.0,60,1.9696552044479176e-05,151799,,1.2400325536727905,,1.1570850610733032,,0.5968350172042847,,0.12256547063589096
,5432.0,60,1.9668965251185e-05,151849,,1.2250982522964478,,0.9985993504524231,,0.5968594551086426,,0.12256867438554764
,5480.0,60,1.9641378457890823e-05,151899,,1.2981384992599487,,1.0125555992126465,,0.5968854427337646,,0.12257267534732819
,5504.0,60,1.961379348358605e-05,151949,,1.2162848711013794,,0.8644638657569885,,0.5969078540802002,,0.12257631868124008
,5436.0,60,1.9586206690291874e-05,151999,,1.3993182182312012,,0.7823253273963928,,0.5969316959381104,,0.12257997691631317
,5420.0,60,1.9558619896997698e-05,152049,,1.4161115884780884,,1.0728132724761963,,0.5969557166099548,,0.12258387356996536
,5468.0,60,1.9531034922692925e-05,152099,,1.2813010215759277,,1.092052698135376,,0.5969840288162231,,0.12258780002593994
,5420.0,60,1.9503448129398748e-05,152149,,1.3450708389282227,,1.0637694597244263,,0.5970069766044617,,0.12259205430746078
,5536.0,60,1.9475861336104572e-05,152199,,1.4216324090957642,,0.9344685673713684,,0.5970313549041748,,0.12259577214717865
,5504.0,60,1.94482763617998e-05,152249,,1.3671596050262451,,0.8190382122993469,,0.5970559120178223,,0.12260033190250397
,5368.0,60,1.9420689568505622e-05,152299,,1.2770600318908691,,0.9131042957305908,,0.5970807671546936,,0.1226029023528099
,5472.0,60,1.9393102775211446e-05,152349,,1.213372826576233,,0.7828390002250671,,0.5971061587333679,,0.12260682880878448
,5508.0,60,1.9365517800906673e-05,152399,,1.4025126695632935,,0.7383351922035217,,0.5971326231956482,,0.12261112034320831
,5448.0,60,1.9337931007612497e-05,152449,,1.3887393474578857,,0.8885605335235596,,0.5971560478210449,,0.1226152554154396
,5412.0,60,1.931034421431832e-05,152499,,1.2880187034606934,,0.6242405772209167,,0.5971810817718506,,0.12261910736560822
,5416.0,60,1.9282759240013547e-05,152549,,1.3414815664291382,,0.8177960515022278,,0.5972039103507996,,0.12262311577796936
,5468.0,60,1.925517244671937e-05,152599,,1.1629183292388916,,1.0834218263626099,,0.5972274541854858,,0.12262795865535736
,5512.0,60,1.9227585653425194e-05,152649,,1.3037830591201782,,1.198878526687622,,0.597249448299408,,0.12263227999210358
,5440.0,60,1.920000067912042e-05,152699,,1.4374157190322876,,1.0949081182479858,,0.5972737073898315,,0.1226363480091095
,5460.0,60,1.9172413885826245e-05,152749,,1.2973089218139648,,1.0236722230911255,,0.5973012447357178,,0.12264015525579453
,5456.0,60,1.914482709253207e-05,152799,,1.5272434949874878,,1.4469765424728394,,0.5973274111747742,,0.12264332175254822
,5444.0,60,1.9117242118227296e-05,152849,,1.4848419427871704,,1.1183103322982788,,0.5973510146141052,,0.12264670431613922
,5532.0,60,1.908965532493312e-05,152899,,1.6765395402908325,,1.260951280593872,,0.5973743200302124,,0.12265123426914215
,5420.0,60,1.9062068531638943e-05,152949,,1.2867621183395386,,0.9018165469169617,,0.5973979234695435,,0.12265537679195404
5460.5185546875,,60,,152987,1.3844496011734009,,1.0358352661132812,,0.5968188047409058,,0.12256450951099396,
,5468.0,61,1.903448355733417e-05,152999,,1.1552116870880127,,1.028802752494812,,0.5974217653274536,,0.12265843152999878
,5436.0,61,1.9006896764039993e-05,153049,,1.4422783851623535,,1.345310091972351,,0.5974454879760742,,0.1226617693901062
,5456.0,61,1.8979309970745817e-05,153099,,1.58897864818573,,1.4054949283599854,,0.5974686145782471,,0.12266495823860168
,5532.0,61,1.8951724996441044e-05,153149,,1.5467309951782227,,1.0263385772705078,,0.5974932909011841,,0.12266863882541656
,5456.0,61,1.8924138203146867e-05,153199,,1.1968486309051514,,0.8079931139945984,,0.597517728805542,,0.12267187237739563
,5432.0,61,1.889655140985269e-05,153249,,1.4011715650558472,,0.7288714647293091,,0.5975419282913208,,0.12267597764730453
,5476.0,61,1.8868964616558515e-05,153299,,1.392209529876709,,0.9958368539810181,,0.5975654125213623,,0.1226777732372284
,5452.0,61,1.884137964225374e-05,153349,,1.2658179998397827,,1.171543002128601,,0.5975898504257202,,0.1226823553442955
,5484.0,61,1.8813792848959565e-05,153399,,1.4133501052856445,,1.098347783088684,,0.5976152420043945,,0.12268427014350891
,5424.0,61,1.878620605566539e-05,153449,,1.1867234706878662,,1.1825357675552368,,0.5976384878158569,,0.12268956005573273
,5472.0,61,1.8758621081360616e-05,153499,,1.1629297733306885,,1.1783931255340576,,0.5976637601852417,,0.122691310942173
,5512.0,61,1.873103428806644e-05,153549,,1.4459055662155151,,1.0706511735916138,,0.5976887941360474,,0.1226942390203476
,5460.0,61,1.8703447494772263e-05,153599,,1.4343043565750122,,1.075423002243042,,0.5977126359939575,,0.12269724905490875
,5460.0,61,1.867586252046749e-05,153649,,0.8545262217521667,,0.9116882085800171,,0.597734808921814,,0.1227000430226326
,5512.0,61,1.8648275727173313e-05,153699,,1.1496716737747192,,0.8703895211219788,,0.5977573990821838,,0.12270350754261017
,5464.0,61,1.8620688933879137e-05,153749,,1.1321157217025757,,1.075331449508667,,0.5977820158004761,,0.12270841002464294
,5444.0,61,1.8593103959574364e-05,153799,,1.333694338798523,,0.9573798775672913,,0.5978068113327026,,0.12271088361740112
,5484.0,61,1.8565517166280188e-05,153849,,1.2304415702819824,,0.9965690970420837,,0.5978313684463501,,0.12271632999181747
,5444.0,61,1.853793037298601e-05,153899,,1.0200849771499634,,0.8993222713470459,,0.5978545546531677,,0.12271925806999207
,5440.0,61,1.8510345398681238e-05,153949,,1.5476306676864624,,1.1179865598678589,,0.597876787185669,,0.12272283434867859
,5472.0,61,1.8482758605387062e-05,153999,,1.5326452255249023,,1.1973772048950195,,0.5979012250900269,,0.12272682040929794
,5484.0,61,1.8455171812092885e-05,154049,,1.097321629524231,,0.9725832939147949,,0.5979240536689758,,0.12273069471120834
,5424.0,61,1.8427586837788112e-05,154099,,1.1764154434204102,,0.8756800889968872,,0.5979483127593994,,0.12273402512073517
,5452.0,61,1.8400000044493936e-05,154149,,1.4654520750045776,,1.043498158454895,,0.5979713797569275,,0.12273663282394409
,5480.0,61,1.837241325119976e-05,154199,,1.384311318397522,,1.1862136125564575,,0.5979962944984436,,0.12273913621902466
,5472.0,61,1.8344828276894987e-05,154249,,1.596240520477295,,0.805168628692627,,0.598021388053894,,0.12274134904146194
,5448.0,61,1.831724148360081e-05,154299,,1.4876470565795898,,1.0500003099441528,,0.5980457663536072,,0.1227441132068634
,5412.0,61,1.8289654690306634e-05,154349,,1.6022562980651855,,0.8716905117034912,,0.5980692505836487,,0.12274697422981262
,5376.0,61,1.826206971600186e-05,154399,,1.3664041757583618,,1.2585508823394775,,0.5980937480926514,,0.12274995446205139
,5468.0,61,1.8234482922707684e-05,154449,,1.4938336610794067,,1.4133121967315674,,0.5981199741363525,,0.12275288254022598
,5372.0,61,1.8206896129413508e-05,154499,,1.4118924140930176,,1.1771119832992554,,0.5981428623199463,,0.12275548279285431
,5468.0,61,1.8179311155108735e-05,154549,,1.3889544010162354,,1.3677953481674194,,0.5981656312942505,,0.12275871634483337
,5396.0,61,1.815172436181456e-05,154599,,1.383094310760498,,0.8240059614181519,,0.5981897115707397,,0.12276369333267212
,5496.0,61,1.8124137568520382e-05,154649,,1.4821529388427734,,0.5784175395965576,,0.5982146263122559,,0.1227698028087616
,5480.0,61,1.809655259421561e-05,154699,,1.1048003435134888,,0.4415450394153595,,0.5982377529144287,,0.12277382612228394
,5420.0,61,1.8068965800921433e-05,154749,,1.5732524394989014,,0.8571265935897827,,0.5982617139816284,,0.12277783453464508
,5460.0,61,1.8041379007627256e-05,154799,,1.434580683708191,,1.0205583572387695,,0.5982848405838013,,0.1227816492319107
,5440.0,61,1.801379221433308e-05,154849,,1.2565900087356567,,0.9706708788871765,,0.5983088612556458,,0.12278632074594498
,5464.0,61,1.7986207240028307e-05,154899,,1.6263352632522583,,1.3397817611694336,,0.5983297824859619,,0.12278985232114792
,5468.0,61,1.795862044673413e-05,154949,,1.5278432369232178,,1.1935436725616455,,0.5983527898788452,,0.12279371917247772
,5472.0,61,1.7931033653439954e-05,154999,,1.1889746189117432,,1.1135956048965454,,0.5983771681785583,,0.12279844284057617
,5476.0,61,1.790344867913518e-05,155049,,1.7419270277023315,,1.3829587697982788,,0.5984008312225342,,0.12280219048261642
,5496.0,61,1.7875861885841005e-05,155099,,1.4418461322784424,,1.5031765699386597,,0.598423182964325,,0.12280498445034027
,5480.0,61,1.7848275092546828e-05,155149,,1.1329405307769775,,0.8107671737670898,,0.5984480977058411,,0.1228097677230835
,5424.0,61,1.7820690118242055e-05,155199,,1.2479652166366577,,0.7208238840103149,,0.5984704494476318,,0.12281464040279388
,5460.0,61,1.779310332494788e-05,155249,,1.4893120527267456,,1.036949872970581,,0.5984951853752136,,0.12281974405050278
,5488.0,61,1.7765516531653702e-05,155299,,1.3386871814727783,,1.3211753368377686,,0.5985205173492432,,0.12282542139291763
,5504.0,61,1.773793155734893e-05,155349,,1.3464667797088623,,1.0065040588378906,,0.5985463857650757,,0.1228303462266922
,5452.0,61,1.7710344764054753e-05,155399,,1.2005144357681274,,0.8985201120376587,,0.5985710620880127,,0.12283510714769363
,5480.0,61,1.7682757970760576e-05,155449,,1.3451913595199585,,0.9980091452598572,,0.5985926985740662,,0.1228390634059906
5460.7021484375,,61,,155495,1.3933223485946655,,1.0277663469314575,,0.5980318784713745,,0.12274724245071411,
,5492.0,62,1.7655172996455804e-05,155499,,1.4935243129730225,,0.9143965244293213,,0.5986167192459106,,0.1228431984782219
,5468.0,62,1.7627586203161627e-05,155549,,1.5098837614059448,,1.0860872268676758,,0.5986403226852417,,0.12284737080335617
,5444.0,62,1.759999940986745e-05,155599,,1.4565807580947876,,1.0078420639038086,,0.5986638069152832,,0.12285221368074417
,5448.0,62,1.7572414435562678e-05,155649,,1.317833423614502,,1.252726435661316,,0.5986881256103516,,0.12285862863063812
,5428.0,62,1.75448276422685e-05,155699,,1.3330297470092773,,1.0887519121170044,,0.5987114906311035,,0.1228637546300888
,5512.0,62,1.7517240848974325e-05,155749,,0.9732850193977356,,0.7964479923248291,,0.5987369418144226,,0.12286929786205292
,5388.0,62,1.7489655874669552e-05,155799,,1.4465523958206177,,1.2224578857421875,,0.598759651184082,,0.12287461012601852
,5436.0,62,1.7462069081375375e-05,155849,,0.9319106340408325,,0.4789550006389618,,0.5987838506698608,,0.12287785112857819
,5436.0,62,1.74344822880812e-05,155899,,1.463060975074768,,1.0492675304412842,,0.5988063216209412,,0.12288187444210052
,5480.0,62,1.7406897313776426e-05,155949,,1.3796170949935913,,1.1451365947723389,,0.59883052110672,,0.12288707494735718
,5372.0,62,1.737931052048225e-05,155999,,1.4551194906234741,,0.9897639155387878,,0.5988530516624451,,0.12289071083068848
,5460.0,62,1.7351723727188073e-05,156049,,1.2021994590759277,,0.7324364185333252,,0.5988759994506836,,0.1228954866528511
,5424.0,62,1.73241387528833e-05,156099,,1.3643267154693604,,1.162229299545288,,0.5988993644714355,,0.12290073931217194
,5408.0,62,1.7296551959589124e-05,156149,,1.3591411113739014,,1.0566221475601196,,0.5989227890968323,,0.1229044497013092
,5420.0,62,1.7268965166294947e-05,156199,,1.6671509742736816,,1.0520446300506592,,0.5989441275596619,,0.12290938198566437
,5468.0,62,1.7241380191990174e-05,156249,,1.2605434656143188,,1.118975281715393,,0.5989674925804138,,0.12291321158409119
,5532.0,62,1.7213793398695998e-05,156299,,1.3693591356277466,,1.401452660560608,,0.5989912748336792,,0.12291737645864487
,5476.0,62,1.718620660540182e-05,156349,,1.3133230209350586,,1.244349479675293,,0.5990157723426819,,0.12292148172855377
,5456.0,62,1.7158619812107645e-05,156399,,1.447880506515503,,1.1768765449523926,,0.5990419983863831,,0.12292538583278656
,5420.0,62,1.7131034837802872e-05,156449,,1.4469619989395142,,0.8112795948982239,,0.5990655422210693,,0.12292923778295517
,5496.0,62,1.7103448044508696e-05,156499,,1.3541240692138672,,0.7247403860092163,,0.5990890860557556,,0.12293382734060287
,5432.0,62,1.707586125121452e-05,156549,,1.7032948732376099,,0.8036278486251831,,0.5991135239601135,,0.12293720990419388
,5432.0,62,1.7048276276909746e-05,156599,,1.545997142791748,,1.2809700965881348,,0.5991367101669312,,0.12294105440378189
,5452.0,62,1.702068948361557e-05,156649,,1.384282112121582,,1.143724799156189,,0.599159300327301,,0.12294582277536392
,5472.0,62,1.6993102690321393e-05,156699,,1.3477561473846436,,1.3025171756744385,,0.5991818308830261,,0.12294948101043701
,5480.0,62,1.696551771601662e-05,156749,,1.1493417024612427,,0.705780565738678,,0.5992060899734497,,0.12295404076576233
,5544.0,62,1.6937930922722444e-05,156799,,1.3112059831619263,,1.0093635320663452,,0.5992318391799927,,0.1229565218091011
,5492.0,62,1.6910344129428267e-05,156849,,1.6232000589370728,,0.7351093888282776,,0.5992538332939148,,0.12296078354120255
,5492.0,62,1.6882759155123495e-05,156899,,1.5665901899337769,,1.196441888809204,,0.5992780327796936,,0.12296473234891891
,5392.0,62,1.6855172361829318e-05,156949,,1.2044097185134888,,0.8863222002983093,,0.5993013381958008,,0.12296879291534424
,5492.0,62,1.682758556853514e-05,156999,,1.490962266921997,,1.150535225868225,,0.5993254780769348,,0.12297280132770538
,5408.0,62,1.680000059423037e-05,157049,,1.326820969581604,,1.2218931913375854,,0.5993470549583435,,0.12297628819942474
,5404.0,62,1.6772413800936192e-05,157099,,1.4977550506591797,,1.283612847328186,,0.5993704199790955,,0.12297862768173218
,5520.0,62,1.6744827007642016e-05,157149,,1.4863243103027344,,0.9849274158477783,,0.5993930101394653,,0.12298054248094559
,5560.0,62,1.6717242033337243e-05,157199,,1.4511878490447998,,0.7422063946723938,,0.599416196346283,,0.12298305332660675
,5480.0,62,1.6689655240043066e-05,157249,,1.047177791595459,,0.8787125945091248,,0.599437952041626,,0.12298524379730225
,5452.0,62,1.666206844674889e-05,157299,,1.4484320878982544,,1.1508703231811523,,0.5994594097137451,,0.12298762798309326
,5492.0,62,1.6634483472444117e-05,157349,,1.4675698280334473,,0.8233163952827454,,0.5994814038276672,,0.12298929691314697
,5532.0,62,1.660689667914994e-05,157399,,1.443892240524292,,1.1694414615631104,,0.5995042324066162,,0.12299206852912903
,5452.0,62,1.6579309885855764e-05,157449,,1.5024487972259521,,1.0826458930969238,,0.5995287895202637,,0.12299319356679916
,5520.0,62,1.655172491155099e-05,157499,,1.4448541402816772,,1.2178447246551514,,0.5995524525642395,,0.12299635261297226
,5540.0,62,1.6524138118256815e-05,157549,,1.467909336090088,,1.1664254665374756,,0.5995757579803467,,0.12299937754869461
,5548.0,62,1.649655132496264e-05,157599,,1.3463140726089478,,1.0439711809158325,,0.599599301815033,,0.12300197035074234
,5516.0,62,1.6468966350657865e-05,157649,,1.5799554586410522,,1.156455636024475,,0.5996227264404297,,0.12300408631563187
,5452.0,62,1.644137955736369e-05,157699,,1.4729052782058716,,1.0927305221557617,,0.599644660949707,,0.12300795316696167
,5472.0,62,1.6413792764069512e-05,157749,,1.259631872177124,,1.2106701135635376,,0.5996658205986023,,0.12301195412874222
,5408.0,62,1.638620778976474e-05,157799,,1.4049484729766846,,0.7998871207237244,,0.5996888875961304,,0.12301601469516754
,5492.0,62,1.6358620996470563e-05,157849,,1.0762104988098145,,0.8756469488143921,,0.5997095108032227,,0.12301860749721527
,5412.0,62,1.6331034203176387e-05,157899,,1.5334032773971558,,1.0240057706832886,,0.5997331142425537,,0.1230221837759018
,5548.0,62,1.630344740988221e-05,157949,,1.4011051654815674,,1.1158931255340576,,0.5997568368911743,,0.12302570044994354
,5396.0,62,1.6275862435577437e-05,157999,,1.3832740783691406,,0.9613367915153503,,0.5997799038887024,,0.12302936613559723
5460.9892578125,,62,,158003,1.4000651836395264,,1.024989128112793,,0.5992177128791809,,0.12294908612966537,
,5428.0,63,1.624827564228326e-05,158049,,1.2874659299850464,,0.8495250940322876,,0.5998029708862305,,0.12303337454795837
,5428.0,63,1.6220688848989084e-05,158099,,1.8158488273620605,,0.8218531012535095,,0.599826455116272,,0.12303625792264938
,5492.0,63,1.619310387468431e-05,158149,,1.1034437417984009,,0.8504297733306885,,0.5998491048812866,,0.12304066121578217
,5452.0,63,1.6165517081390135e-05,158199,,1.3733346462249756,,0.7953837513923645,,0.5998745560646057,,0.12304399907588959
,5500.0,63,1.613793028809596e-05,158249,,1.185245394706726,,1.1157619953155518,,0.5998973250389099,,0.12304849922657013
,5416.0,63,1.6110345313791186e-05,158299,,1.7129746675491333,,1.076114296913147,,0.5999179482460022,,0.12305284291505814
,5396.0,63,1.608275852049701e-05,158349,,1.393485188484192,,1.1175392866134644,,0.5999399423599243,,0.12305779755115509
,5492.0,63,1.6055171727202833e-05,158399,,1.158381700515747,,0.9597125053405762,,0.5999650955200195,,0.12306356430053711
,5508.0,63,1.602758675289806e-05,158449,,1.4198397397994995,,0.9093146324157715,,0.5999889373779297,,0.12306837737560272
,5456.0,63,1.5999999959603883e-05,158499,,1.4223955869674683,,0.9494960308074951,,0.6000107526779175,,0.12307129055261612
,5440.0,63,1.5972413166309707e-05,158549,,1.275566577911377,,0.856368362903595,,0.6000319719314575,,0.12307688593864441
,5492.0,63,1.5944828192004934e-05,158599,,1.287972331047058,,0.9498022198677063,,0.6000548005104065,,0.12308047711849213
,5476.0,63,1.5917241398710757e-05,158649,,1.2668590545654297,,1.180422306060791,,0.6000775098800659,,0.12308570742607117
,5488.0,63,1.588965460541658e-05,158699,,1.8223117589950562,,1.2207163572311401,,0.6000988483428955,,0.12309034168720245
,5468.0,63,1.5862069631111808e-05,158749,,1.2116718292236328,,0.9842655062675476,,0.6001186370849609,,0.1230938583612442
,5588.0,63,1.583448283781763e-05,158799,,1.3611112833023071,,1.0122981071472168,,0.6001410484313965,,0.12309695035219193
,5420.0,63,1.5806896044523455e-05,158849,,1.4774562120437622,,1.2860711812973022,,0.6001647710800171,,0.1231015995144844
,5408.0,63,1.5779311070218682e-05,158899,,1.3879897594451904,,0.9814267754554749,,0.6001875400543213,,0.1231052577495575
,5396.0,63,1.5751724276924506e-05,158949,,1.3300443887710571,,0.8837160468101501,,0.6002108454704285,,0.12310952693223953
,5444.0,63,1.572413748363033e-05,158999,,1.1737183332443237,,0.8004146814346313,,0.6002353429794312,,0.12311390042304993
,5436.0,63,1.5696552509325556e-05,159049,,1.1225155591964722,,0.9705416560173035,,0.6002587080001831,,0.12311667203903198
,5408.0,63,1.566896571603138e-05,159099,,1.7722283601760864,,1.2488666772842407,,0.6002815365791321,,0.12312065064907074
,5420.0,63,1.5641378922737204e-05,159149,,1.4850797653198242,,0.9001206755638123,,0.6003041863441467,,0.12312339246273041
,5424.0,63,1.561379394843243e-05,159199,,1.493677020072937,,1.1903102397918701,,0.6003268957138062,,0.12312629818916321
,5536.0,63,1.5586207155138254e-05,159249,,1.622584342956543,,1.0850067138671875,,0.6003484725952148,,0.1231287270784378
,5460.0,63,1.5558620361844078e-05,159299,,1.4756003618240356,,1.259661078453064,,0.6003707647323608,,0.12313210219144821
,5344.0,63,1.5531035387539305e-05,159349,,1.5259373188018799,,1.17021906375885,,0.6003938913345337,,0.12313569337129593
,5540.0,63,1.550344859424513e-05,159399,,1.5029242038726807,,0.648938775062561,,0.6004171967506409,,0.12313950806856155
,5400.0,63,1.5475861800950952e-05,159449,,1.2538483142852783,,0.5489587187767029,,0.6004400849342346,,0.12314319610595703
,5444.0,63,1.5448275007656775e-05,159499,,1.2408695220947266,,0.7378427386283875,,0.6004598140716553,,0.12314671277999878
,5576.0,63,1.5420690033352003e-05,159549,,1.296286702156067,,0.7457476258277893,,0.6004825830459595,,0.12315110862255096
,5516.0,63,1.5393103240057826e-05,159599,,1.4800373315811157,,0.6531339883804321,,0.6005085706710815,,0.12315632402896881
,5500.0,63,1.536551644676365e-05,159649,,1.4346413612365723,,1.0247300863265991,,0.6005322933197021,,0.1231614202260971
,5392.0,63,1.5337931472458877e-05,159699,,1.2754861116409302,,1.000840663909912,,0.6005547642707825,,0.12316597253084183
,5368.0,63,1.53103446791647e-05,159749,,1.466598629951477,,1.281203031539917,,0.6005795001983643,,0.12317003309726715
,5352.0,63,1.5282757885870524e-05,159799,,1.244715690612793,,1.1033351421356201,,0.6006025075912476,,0.12317334115505219
,5520.0,63,1.5255172002071049e-05,159849,,1.3823703527450562,,1.2844411134719849,,0.6006252765655518,,0.12317673116922379
,5376.0,63,1.5227586118271574e-05,159899,,1.5742769241333008,,0.8162529468536377,,0.6006487011909485,,0.12318070977926254
,5480.0,63,1.52000002344721e-05,159949,,1.6171107292175293,,0.8278542160987854,,0.6006728410720825,,0.12318576872348785
,5528.0,63,1.5172413441177923e-05,159999,,1.2894915342330933,,0.820122480392456,,0.600695013999939,,0.12318858504295349
,5456.0,63,1.5144827557378449e-05,160049,,1.1989573240280151,,0.8714669942855835,,0.6007187962532043,,0.12319231778383255
,5464.0,63,1.5117241673578974e-05,160099,,1.1910240650177002,,0.8767212629318237,,0.6007408499717712,,0.12319737672805786
,5464.0,63,1.5089654880284797e-05,160149,,1.645494818687439,,1.1685426235198975,,0.600763201713562,,0.1232002004981041
,5408.0,63,1.5062068996485323e-05,160199,,1.3769289255142212,,1.148744821548462,,0.600784420967102,,0.12320483475923538
,5472.0,63,1.5034483112685848e-05,160249,,1.5006517171859741,,0.753271222114563,,0.6008079051971436,,0.12320829182863235
,5520.0,63,1.5006896319391672e-05,160299,,1.5356978178024292,,0.9770227074623108,,0.6008302569389343,,0.12321247160434723
,5536.0,63,1.4979310435592197e-05,160349,,1.6131089925765991,,0.9095290303230286,,0.6008515357971191,,0.12321726232767105
,5484.0,63,1.4951724551792722e-05,160399,,1.3511518239974976,,0.9230073690414429,,0.6008729338645935,,0.12322129309177399
,5464.0,63,1.4924137758498546e-05,160449,,1.2581162452697754,,0.8946778178215027,,0.6008960008621216,,0.12322454154491425
,5464.0,63,1.4896551874699071e-05,160499,,1.9298354387283325,,1.000841498374939,,0.6009178161621094,,0.12322789430618286
5460.85986328125,,63,,160511,1.4024782180786133,,1.0214641094207764,,0.6003692150115967,,0.12313384562730789,
,5456.0,64,1.4868965081404895e-05,160549,,1.3183023929595947,,1.1570274829864502,,0.600936770439148,,0.12323131412267685
,5460.0,64,1.484137919760542e-05,160599,,1.3181264400482178,,0.7045836448669434,,0.600958526134491,,0.12323515862226486
,5524.0,64,1.4813793313805945e-05,160649,,1.2644946575164795,,1.0842337608337402,,0.6009835004806519,,0.12324001640081406
,5604.0,64,1.4786206520511769e-05,160699,,1.515753984451294,,0.9379972815513611,,0.6010061502456665,,0.1232438012957573
,5528.0,64,1.4758620636712294e-05,160749,,1.430321455001831,,1.0190966129302979,,0.6010297536849976,,0.12324897944927216
,5488.0,64,1.473103475291282e-05,160799,,1.568527102470398,,0.8858592510223389,,0.6010531783103943,,0.12325441092252731
,5456.0,64,1.4703447959618643e-05,160849,,1.418753981590271,,0.8539098501205444,,0.6010759472846985,,0.12325747311115265
,5512.0,64,1.4675862075819168e-05,160899,,1.3862812519073486,,1.3023678064346313,,0.6010980010032654,,0.12326166033744812
,5432.0,64,1.4648276192019694e-05,160949,,1.3830363750457764,,1.2012476921081543,,0.6011201739311218,,0.12326385080814362
,5444.0,64,1.4620689398725517e-05,160999,,1.296095848083496,,1.0830191373825073,,0.6011406779289246,,0.12326762825250626
,5588.0,64,1.4593103514926042e-05,161049,,1.313485860824585,,0.8221628665924072,,0.6011629104614258,,0.12327191978693008
,5472.0,64,1.4565517631126568e-05,161099,,1.705492615699768,,1.107643723487854,,0.6011845469474792,,0.12327524274587631
,5348.0,64,1.4537930837832391e-05,161149,,1.3112642765045166,,1.0714081525802612,,0.6012056469917297,,0.1232762485742569
,5412.0,64,1.4510344954032917e-05,161199,,1.4747002124786377,,0.9305796027183533,,0.6012297868728638,,0.12327943742275238
,5476.0,64,1.4482759070233442e-05,161249,,1.2842748165130615,,0.8284496068954468,,0.6012524962425232,,0.12328275293111801
,5464.0,64,1.4455172276939265e-05,161299,,1.0695337057113647,,0.883969783782959,,0.6012746095657349,,0.1232876181602478
,5472.0,64,1.442758639313979e-05,161349,,1.6171153783798218,,1.4209949970245361,,0.6012980937957764,,0.12329250574111938
,5544.0,64,1.4399999599845614e-05,161399,,1.3058671951293945,,0.984711766242981,,0.6013209819793701,,0.12329650670289993
,5516.0,64,1.437241371604614e-05,161449,,1.3418556451797485,,1.3689332008361816,,0.6013438105583191,,0.12329965829849243
,5440.0,64,1.4344827832246665e-05,161499,,1.4977599382400513,,0.9386165142059326,,0.6013664603233337,,0.12330198287963867
,5480.0,64,1.4317241038952488e-05,161549,,1.8292593955993652,,1.093412160873413,,0.6013901233673096,,0.12330488860607147
,5468.0,64,1.4289655155153014e-05,161599,,1.7303502559661865,,1.0811961889266968,,0.6014137268066406,,0.12330718338489532
,5440.0,64,1.4262069271353539e-05,161649,,1.3929755687713623,,0.9950611591339111,,0.6014363169670105,,0.12331056594848633
,5348.0,64,1.4234482478059363e-05,161699,,1.5435442924499512,,1.229161262512207,,0.6014593243598938,,0.12331397831439972
,5468.0,64,1.4206896594259888e-05,161749,,1.184769868850708,,0.7694624066352844,,0.6014807820320129,,0.12331745028495789
,5480.0,64,1.4179310710460413e-05,161799,,1.3332312107086182,,1.2423772811889648,,0.601503849029541,,0.12332112342119217
,5408.0,64,1.4151723917166237e-05,161849,,1.5210258960723877,,1.2715978622436523,,0.6015231013298035,,0.1233234703540802
,5500.0,64,1.4124138033366762e-05,161899,,1.4599534273147583,,0.8433437943458557,,0.6015434265136719,,0.12332689017057419
,5468.0,64,1.4096552149567287e-05,161949,,1.527279019355774,,1.1744232177734375,,0.6015642881393433,,0.12332911044359207
,5468.0,64,1.4068965356273111e-05,161999,,1.1149818897247314,,0.7468587160110474,,0.6015881896018982,,0.1233321875333786
,5468.0,64,1.4041379472473636e-05,162049,,1.2453312873840332,,1.005141019821167,,0.6016085147857666,,0.1233346164226532
,5444.0,64,1.401379267917946e-05,162099,,1.2321282625198364,,1.048463225364685,,0.6016312837600708,,0.12333734333515167
,5380.0,64,1.3986206795379985e-05,162149,,1.45148503780365,,0.7753732800483704,,0.6016528606414795,,0.12334092706441879
,5492.0,64,1.395862091158051e-05,162199,,1.7883787155151367,,0.7732933759689331,,0.6016772389411926,,0.12334401160478592
,5504.0,64,1.3931034118286334e-05,162249,,1.4366894960403442,,0.9343510866165161,,0.6017013192176819,,0.12334694713354111
,5448.0,64,1.390344823448686e-05,162299,,1.3441476821899414,,0.868839681148529,,0.601722002029419,,0.12335056811571121
,5484.0,64,1.3875862350687385e-05,162349,,1.262031078338623,,0.9216412901878357,,0.6017439365386963,,0.12335473299026489
,5468.0,64,1.3848275557393208e-05,162399,,1.738476037979126,,1.286648154258728,,0.6017662286758423,,0.12335848808288574
,5544.0,64,1.3820689673593733e-05,162449,,1.2540329694747925,,0.7113295197486877,,0.6017897129058838,,0.12336243689060211
,5484.0,64,1.3793103789794259e-05,162499,,1.904832363128662,,0.7476871609687805,,0.6018121242523193,,0.1233663484454155
,5432.0,64,1.3765516996500082e-05,162549,,1.3979830741882324,,0.7502868175506592,,0.601835310459137,,0.12336999177932739
,5484.0,64,1.3737931112700608e-05,162599,,1.2552305459976196,,0.8158202767372131,,0.6018566489219666,,0.12337479740381241
,5428.0,64,1.3710345228901133e-05,162649,,1.3794424533843994,,1.3527522087097168,,0.6018784046173096,,0.12337871640920639
,5420.0,64,1.3682758435606956e-05,162699,,1.2982977628707886,,1.0375850200653076,,0.6018999218940735,,0.12338313460350037
,5496.0,64,1.3655172551807482e-05,162749,,1.4054967164993286,,1.043668270111084,,0.6019212007522583,,0.12338712811470032
,5548.0,64,1.3627585758513305e-05,162799,,1.6909401416778564,,1.3830771446228027,,0.6019425988197327,,0.12339005619287491
,5496.0,64,1.359999987471383e-05,162849,,1.2115172147750854,,0.8288799524307251,,0.6019632816314697,,0.12339198589324951
,5432.0,64,1.3572413990914356e-05,162899,,1.5805658102035522,,1.0657707452774048,,0.6019854545593262,,0.1233936995267868
,5468.0,64,1.354482719762018e-05,162949,,1.6367714405059814,,1.0712794065475464,,0.6020084619522095,,0.12339760363101959
,5456.0,64,1.3517241313820705e-05,162999,,1.3792229890823364,,0.9432483911514282,,0.6020311117172241,,0.12340153753757477
5462.7451171875,,64,,163019,1.4190270900726318,,1.0213080644607544,,0.6014987230300903,,0.12332084029912949,
,5436.0,65,1.348965543002123e-05,163049,,1.237182378768921,,0.9420488476753235,,0.6020540595054626,,0.1234050914645195
,5384.0,65,1.3462068636727054e-05,163099,,1.5276581048965454,,0.8117601275444031,,0.6020757555961609,,0.12340840697288513
,5472.0,65,1.3434482752927579e-05,163149,,1.0645891427993774,,0.674418568611145,,0.6020967364311218,,0.12341214716434479
,5448.0,65,1.3406896869128104e-05,163199,,0.9228062629699707,,0.9079875946044922,,0.6021198034286499,,0.12341559678316116
,5412.0,65,1.3379310075833928e-05,163249,,1.5414743423461914,,1.1129347085952759,,0.6021431088447571,,0.12341895699501038
,5420.0,65,1.3351724192034453e-05,163299,,1.3578243255615234,,1.0499556064605713,,0.602165937423706,,0.12342232465744019
,5424.0,65,1.3324138308234978e-05,163349,,1.3110026121139526,,1.117182731628418,,0.6021884679794312,,0.1234266459941864
,5444.0,65,1.3296551514940802e-05,163399,,1.3484703302383423,,0.8993838429450989,,0.6022127270698547,,0.12342967092990875
,5492.0,65,1.3268965631141327e-05,163449,,1.2068582773208618,,0.6943681836128235,,0.6022351384162903,,0.12343217432498932
,5512.0,65,1.3241379747341853e-05,163499,,1.4639801979064941,,1.0498547554016113,,0.6022576093673706,,0.12343579530715942
,5416.0,65,1.3213792954047676e-05,163549,,0.8448951840400696,,0.8787388801574707,,0.6022809743881226,,0.1234399601817131
,5460.0,65,1.3186207070248201e-05,163599,,1.412436604499817,,1.2047808170318604,,0.6023026704788208,,0.12344325333833694
,5436.0,65,1.3158620276954025e-05,163649,,1.4760866165161133,,1.2465851306915283,,0.6023241281509399,,0.12344596534967422
,5504.0,65,1.313103439315455e-05,163699,,1.5937163829803467,,1.2920175790786743,,0.6023472547531128,,0.12344888597726822
,5476.0,65,1.3103448509355076e-05,163749,,1.3980388641357422,,0.8065938353538513,,0.6023691296577454,,0.12345145642757416
,5548.0,65,1.30758617160609e-05,163799,,1.5898523330688477,,1.341455101966858,,0.6023925542831421,,0.1234552413225174
,5480.0,65,1.3048275832261425e-05,163849,,1.3212018013000488,,1.20565927028656,,0.6024137735366821,,0.12345913052558899
,5496.0,65,1.302068994846195e-05,163899,,1.6720130443572998,,1.249912142753601,,0.6024364829063416,,0.12346275895833969
,5500.0,65,1.2993103155167773e-05,163949,,1.4764529466629028,,0.695995032787323,,0.6024583578109741,,0.12346432358026505
,5488.0,65,1.2965517271368299e-05,163999,,1.2965939044952393,,0.9817268252372742,,0.6024792194366455,,0.12346690893173218
,5440.0,65,1.2937931387568824e-05,164049,,1.6052334308624268,,1.100635051727295,,0.6025004982948303,,0.12346950173377991
,5460.0,65,1.2910344594274648e-05,164099,,1.428532600402832,,0.961758553981781,,0.6025208830833435,,0.12347302585840225
,5448.0,65,1.2882758710475173e-05,164149,,1.373481273651123,,1.1463295221328735,,0.6025426387786865,,0.12347624450922012
,5448.0,65,1.2855172826675698e-05,164199,,1.3339145183563232,,1.1160333156585693,,0.6025636792182922,,0.12347988039255142
,5544.0,65,1.2827586033381522e-05,164249,,1.5587825775146484,,0.9929065704345703,,0.6025829315185547,,0.1234830841422081
,5516.0,65,1.2800000149582047e-05,164299,,1.2884173393249512,,1.0530681610107422,,0.6026018261909485,,0.12348739057779312
,5440.0,65,1.277241335628787e-05,164349,,1.5382144451141357,,1.3184922933578491,,0.6026238203048706,,0.12348952144384384
,5500.0,65,1.2744827472488396e-05,164399,,1.8486183881759644,,0.7509909272193909,,0.6026455760002136,,0.12349435687065125
,5472.0,65,1.2717241588688921e-05,164449,,1.5753978490829468,,1.050534725189209,,0.6026688814163208,,0.12349699437618256
,5500.0,65,1.2689654795394745e-05,164499,,1.1530016660690308,,1.038861870765686,,0.6026933193206787,,0.12350083887577057
,5468.0,65,1.266206891159527e-05,164549,,1.3543469905853271,,0.9753078818321228,,0.6027135252952576,,0.12350646406412125
,5520.0,65,1.2634483027795795e-05,164599,,1.400517225265503,,1.0572227239608765,,0.6027340888977051,,0.12351087480783463
,5480.0,65,1.2606896234501619e-05,164649,,1.6489499807357788,,1.3321506977081299,,0.6027555465698242,,0.12351389229297638
,5484.0,65,1.2579310350702144e-05,164699,,1.3410851955413818,,0.9280098080635071,,0.6027780771255493,,0.1235174834728241
,5452.0,65,1.255172446690267e-05,164749,,1.3081718683242798,,1.328972578048706,,0.602800190448761,,0.12352025508880615
,5492.0,65,1.2524137673608493e-05,164799,,1.4511545896530151,,1.113288402557373,,0.6028226613998413,,0.12352485954761505
,5504.0,65,1.2496551789809018e-05,164849,,1.7319773435592651,,1.1136053800582886,,0.602843701839447,,0.12352768331766129
,5428.0,65,1.2468965906009544e-05,164899,,1.3051024675369263,,1.20798659324646,,0.6028652191162109,,0.12353215366601944
,5436.0,65,1.2441379112715367e-05,164949,,1.4738599061965942,,1.0638409852981567,,0.6028879880905151,,0.12353535741567612
,5404.0,65,1.2413793228915893e-05,164999,,1.4487055540084839,,0.9576001167297363,,0.6029110550880432,,0.12353847920894623
,5440.0,65,1.2386207345116418e-05,165049,,1.0482200384140015,,1.002810001373291,,0.6029338240623474,,0.12354215979576111
,5412.0,65,1.2358620551822241e-05,165099,,1.387557029724121,,1.2459217309951782,,0.6029544472694397,,0.1235446110367775
,5420.0,65,1.2331034668022767e-05,165149,,1.6119048595428467,,1.473393440246582,,0.6029753088951111,,0.12354904413223267
,5416.0,65,1.230344787472859e-05,165199,,1.4729599952697754,,0.8377414345741272,,0.6029958128929138,,0.12355255335569382
,5464.0,65,1.2275861990929116e-05,165249,,1.3959403038024902,,1.0142617225646973,,0.6030184626579285,,0.12355774641036987
,5488.0,65,1.2248276107129641e-05,165299,,1.3495492935180664,,1.27955961227417,,0.6030392050743103,,0.12356191873550415
,5460.0,65,1.2220689313835464e-05,165349,,1.760683298110962,,1.0304712057113647,,0.6030591130256653,,0.12356535345315933
,5520.0,65,1.219310343003599e-05,165399,,1.0236809253692627,,0.6869786381721497,,0.6030793190002441,,0.12356866151094437
,5364.0,65,1.2165517546236515e-05,165449,,1.7088088989257812,,1.1195197105407715,,0.6031007766723633,,0.1235719844698906
,5396.0,65,1.2137930752942339e-05,165499,,1.5952742099761963,,1.1913174390792847,,0.6031213998794556,,0.12357549369335175
5462.65478515625,,65,,165527,1.4277985095977783,,1.0238173007965088,,0.6026087403297424,,0.12349138408899307,
,5500.0,66,1.2110344869142864e-05,165549,,1.1110353469848633,,0.9802126884460449,,0.6031423807144165,,0.1235799565911293
,5476.0,66,1.208275898534339e-05,165599,,1.4778696298599243,,0.9149057865142822,,0.6031637191772461,,0.1235840693116188
,5396.0,66,1.2055172192049213e-05,165649,,1.1392793655395508,,1.0256282091140747,,0.6031844019889832,,0.12358784675598145
,5456.0,66,1.2027586308249738e-05,165699,,1.4829542636871338,,0.9531906843185425,,0.6032073497772217,,0.1235911026597023
,5352.0,66,1.2000000424450263e-05,165749,,1.4422295093536377,,0.9055033326148987,,0.6032301783561707,,0.12359463423490524
,5500.0,66,1.1972413631156087e-05,165799,,1.608183741569519,,1.280845284461975,,0.6032519340515137,,0.12359951436519623
,5512.0,66,1.1944827747356612e-05,165849,,1.6286205053329468,,1.0699020624160767,,0.6032726764678955,,0.12360424548387527
,5456.0,66,1.1917240954062436e-05,165899,,1.2337669134140015,,0.9622873067855835,,0.6032968759536743,,0.12360768765211105
,5424.0,66,1.1889655070262961e-05,165949,,1.5385502576828003,,0.9303479790687561,,0.6033185124397278,,0.12361221015453339
,5308.0,66,1.1862069186463486e-05,165999,,1.3388901948928833,,0.7736049890518188,,0.6033405065536499,,0.12361562252044678
,5552.0,66,1.183448239316931e-05,166049,,1.3422966003417969,,0.9904816746711731,,0.6033592820167542,,0.12361932545900345
,5484.0,66,1.1806896509369835e-05,166099,,1.4839956760406494,,1.1731027364730835,,0.603379487991333,,0.12362217903137207
,5464.0,66,1.177931062557036e-05,166149,,1.4347063302993774,,0.9888892769813538,,0.6034005880355835,,0.12362398952245712
,5464.0,66,1.1751723832276184e-05,166199,,1.4932334423065186,,0.9939984679222107,,0.6034232378005981,,0.12362724542617798
,5452.0,66,1.172413794847671e-05,166249,,1.4474290609359741,,1.2379388809204102,,0.6034457683563232,,0.12363022565841675
,5448.0,66,1.1696552064677235e-05,166299,,1.5605454444885254,,1.026641607284546,,0.6034681797027588,,0.12363177537918091
,5460.0,66,1.1668965271383058e-05,166349,,1.3821519613265991,,1.2123122215270996,,0.6034886837005615,,0.12363412976264954
,5432.0,66,1.1641379387583584e-05,166399,,1.1529510021209717,,1.3014907836914062,,0.6035096645355225,,0.12363633513450623
,5444.0,66,1.1613793503784109e-05,166449,,1.3948875665664673,,0.769835352897644,,0.6035315990447998,,0.12363991141319275
,5508.0,66,1.1586206710489932e-05,166499,,1.2796292304992676,,1.005713701248169,,0.6035524606704712,,0.12364417314529419
,5436.0,66,1.1558620826690458e-05,166549,,1.4354537725448608,,1.2248708009719849,,0.6035736203193665,,0.12364734709262848
,5488.0,66,1.1531034033396281e-05,166599,,1.2922930717468262,,0.9326794743537903,,0.6035946607589722,,0.123652383685112
,5472.0,66,1.1503448149596807e-05,166649,,1.541907548904419,,0.9815425872802734,,0.6036170125007629,,0.12365502864122391
,5412.0,66,1.1475862265797332e-05,166699,,1.2681448459625244,,0.9074059724807739,,0.6036394834518433,,0.12365733087062836
,5420.0,66,1.1448275472503155e-05,166749,,1.6955336332321167,,1.155263900756836,,0.6036624908447266,,0.12366088479757309
,5560.0,66,1.142068958870368e-05,166799,,1.2135199308395386,,0.7219917178153992,,0.603683352470398,,0.12366440147161484
,5524.0,66,1.1393103704904206e-05,166849,,1.5657639503479004,,1.0960197448730469,,0.603704035282135,,0.12366731464862823
,5512.0,66,1.136551691161003e-05,166899,,1.5113321542739868,,1.037480354309082,,0.6037256717681885,,0.12367032468318939
,5468.0,66,1.1337931027810555e-05,166949,,1.6842073202133179,,0.7827444672584534,,0.6037449836730957,,0.12367416173219681
,5480.0,66,1.131034514401108e-05,166999,,1.4943461418151855,,1.190965175628662,,0.6037667393684387,,0.12367729097604752
,5496.0,66,1.1282758350716904e-05,167049,,1.3429933786392212,,0.6677135825157166,,0.6037874221801758,,0.12368117272853851
,5472.0,66,1.1255172466917429e-05,167099,,1.4206252098083496,,0.7085227966308594,,0.6038068532943726,,0.12368390709161758
,5472.0,66,1.1227586583117954e-05,167149,,1.5937304496765137,,0.8497357964515686,,0.603826642036438,,0.12368693202733994
,5452.0,66,1.1199999789823778e-05,167199,,1.729169487953186,,1.005130410194397,,0.6038476228713989,,0.12368924915790558
,5516.0,66,1.1172413906024303e-05,167249,,1.5322072505950928,,1.2542818784713745,,0.6038681864738464,,0.12369236350059509
,5428.0,66,1.1144828022224829e-05,167299,,1.5241177082061768,,1.3324905633926392,,0.6038908958435059,,0.12369556725025177
,5480.0,66,1.1117241228930652e-05,167349,,1.257791519165039,,0.945354163646698,,0.6039134860038757,,0.12369739264249802
,5480.0,66,1.1089655345131177e-05,167399,,1.5861409902572632,,1.0812336206436157,,0.6039361953735352,,0.1237013190984726
,5408.0,66,1.1062068551837001e-05,167449,,1.5934244394302368,,1.3853321075439453,,0.6039572954177856,,0.12370335310697556
,5408.0,66,1.1034482668037526e-05,167499,,1.2803899049758911,,0.8531075716018677,,0.6039785146713257,,0.12370563298463821
,5448.0,66,1.1006896784238052e-05,167549,,1.5120961666107178,,0.9503477811813354,,0.6039985418319702,,0.12370900809764862
,5512.0,66,1.0979309990943875e-05,167599,,1.4870696067810059,,1.4070996046066284,,0.6040195226669312,,0.12371215224266052
,5500.0,66,1.09517241071444e-05,167649,,1.4470843076705933,,1.117273211479187,,0.6040393710136414,,0.12371578812599182
,5448.0,66,1.0924138223344926e-05,167699,,1.7788645029067993,,0.909694254398346,,0.6040605902671814,,0.12371959537267685
,5504.0,66,1.089655143005075e-05,167749,,1.7787753343582153,,0.9346911311149597,,0.6040803790092468,,0.12372274696826935
,5536.0,66,1.0868965546251275e-05,167799,,1.586661696434021,,0.7217679023742676,,0.6041008234024048,,0.12372613698244095
,5476.0,66,1.08413796624518e-05,167849,,1.4613770246505737,,1.3061779737472534,,0.6041237711906433,,0.12373003363609314
,5440.0,66,1.0813792869157623e-05,167899,,1.4673691987991333,,1.0723427534103394,,0.6041450500488281,,0.12373235821723938
,5496.0,66,1.0786206985358149e-05,167949,,1.5415725708007812,,1.0631444454193115,,0.6041668057441711,,0.12373662739992142
,5436.0,66,1.0758621101558674e-05,167999,,1.5821375846862793,,1.0230638980865479,,0.6041867733001709,,0.1237383633852005
5462.404296875,,66,,168035,1.4327905178070068,,1.0166656970977783,,0.6036859750747681,,0.12366510927677155,
,5528.0,67,1.0731034308264498e-05,168049,,1.405739188194275,,1.0633000135421753,,0.6042081713676453,,0.12374121695756912
,5464.0,67,1.0703448424465023e-05,168099,,1.4375405311584473,,0.9665515422821045,,0.6042291522026062,,0.12374430894851685
,5468.0,67,1.0675861631170847e-05,168149,,1.484969973564148,,1.1987652778625488,,0.6042502522468567,,0.12374646216630936
,5364.0,67,1.0648275747371372e-05,168199,,1.694397211074829,,0.606716513633728,,0.6042713522911072,,0.12374944239854813
,5488.0,67,1.0620689863571897e-05,168249,,1.5233397483825684,,1.3762868642807007,,0.6042914986610413,,0.12375251948833466
,5416.0,67,1.059310307027772e-05,168299,,1.3311830759048462,,1.1971204280853271,,0.604313850402832,,0.12375452369451523
,5380.0,67,1.0565517186478246e-05,168349,,1.4487197399139404,,0.9141203165054321,,0.6043344140052795,,0.12375945597887039
,5412.0,67,1.0537931302678771e-05,168399,,1.3632643222808838,,1.0419918298721313,,0.6043537855148315,,0.123763307929039
,5452.0,67,1.0510344509384595e-05,168449,,1.3957016468048096,,1.2580883502960205,,0.6043749451637268,,0.12376710772514343
,5492.0,67,1.048275862558512e-05,168499,,1.3746591806411743,,0.8430576920509338,,0.60439532995224,,0.12377060204744339
,5404.0,67,1.0455172741785645e-05,168549,,1.1106138229370117,,0.6427990794181824,,0.6044166088104248,,0.12377246469259262
,5456.0,67,1.0427585948491469e-05,168599,,1.3374508619308472,,1.2149652242660522,,0.6044390797615051,,0.12377457320690155
,5488.0,67,1.0400000064691994e-05,168649,,1.7339617013931274,,1.2218948602676392,,0.6044611930847168,,0.1237775981426239
,5460.0,67,1.037241418089252e-05,168699,,1.0362348556518555,,1.0295064449310303,,0.6044807434082031,,0.12378093600273132
,5496.0,67,1.0344827387598343e-05,168749,,1.4568227529525757,,0.9452435970306396,,0.6045029759407043,,0.12378429621458054
,5504.0,67,1.0317241503798869e-05,168799,,1.4052902460098267,,0.8386579155921936,,0.6045258045196533,,0.12378731369972229
,5412.0,67,1.0289655619999394e-05,168849,,1.619112491607666,,0.783204197883606,,0.6045487523078918,,0.12379072606563568
,5476.0,67,1.0262068826705217e-05,168899,,1.3929221630096436,,0.9145894646644592,,0.6045700907707214,,0.12379303574562073
,5472.0,67,1.0234482942905743e-05,168949,,1.4627466201782227,,1.1538670063018799,,0.6045911908149719,,0.12379558384418488
,5456.0,67,1.0206896149611566e-05,168999,,1.0795297622680664,,0.774682879447937,,0.6046127080917358,,0.12379880994558334
,5524.0,67,1.0179310265812092e-05,169049,,1.3102163076400757,,1.0856552124023438,,0.6046356558799744,,0.12380219995975494
,5436.0,67,1.0151724382012617e-05,169099,,1.3374433517456055,,1.1885052919387817,,0.6046568751335144,,0.12380475550889969
,5408.0,67,1.012413758871844e-05,169149,,1.667603611946106,,1.0626026391983032,,0.6046800017356873,,0.12380675226449966
,5520.0,67,1.0096551704918966e-05,169199,,1.3086035251617432,,0.838611900806427,,0.6047012805938721,,0.12381015717983246
,5540.0,67,1.0068965821119491e-05,169249,,1.6292386054992676,,1.0652011632919312,,0.6047214865684509,,0.12381282448768616
,5532.0,67,1.0041379027825315e-05,169299,,1.346954584121704,,0.9661300182342529,,0.6047407388687134,,0.12381637096405029
,5492.0,67,1.001379314402584e-05,169349,,1.3140164613723755,,0.7995477318763733,,0.6047600507736206,,0.12381972372531891
,5504.0,67,9.986207260226365e-06,169399,,1.732448935508728,,1.1472241878509521,,0.6047812700271606,,0.12382427603006363
,5424.0,67,9.958620466932189e-06,169449,,1.3630571365356445,,1.1421853303909302,,0.6048027276992798,,0.12382857501506805
,5508.0,67,9.931034583132714e-06,169499,,1.3751617670059204,,1.1781264543533325,,0.6048246026039124,,0.12383008003234863
,5468.0,67,9.90344869933324e-06,169549,,1.5691934823989868,,1.2834155559539795,,0.6048465967178345,,0.12383429706096649
,5456.0,67,9.875861906039063e-06,169599,,1.7544009685516357,,1.0056531429290771,,0.6048675775527954,,0.1238364577293396
,5488.0,67,9.848276022239588e-06,169649,,1.4986457824707031,,1.080146312713623,,0.6048886775970459,,0.12384025752544403
,5496.0,67,9.820689228945412e-06,169699,,1.4258677959442139,,1.2811672687530518,,0.604908287525177,,0.12384171783924103
,5372.0,67,9.793103345145937e-06,169749,,1.4720532894134521,,0.9534487128257751,,0.6049281358718872,,0.12384509295225143
,5452.0,67,9.765517461346462e-06,169799,,1.1943614482879639,,1.0085963010787964,,0.604949414730072,,0.12384814023971558
,5484.0,67,9.737930668052286e-06,169849,,1.341370701789856,,0.7134246826171875,,0.6049709320068359,,0.12385177612304688
,5444.0,67,9.710344784252811e-06,169899,,1.3816673755645752,,0.9699900150299072,,0.6049917340278625,,0.12385569512844086
,5472.0,67,9.682758900453337e-06,169949,,1.5835803747177124,,1.2201616764068604,,0.6050118207931519,,0.12385836988687515
,5456.0,67,9.65517210715916e-06,169999,,1.5598684549331665,,1.2715811729431152,,0.6050315499305725,,0.12386088073253632
,5516.0,67,9.627586223359685e-06,170049,,1.2795885801315308,,0.6999059915542603,,0.6050532460212708,,0.12386445701122284
,5432.0,67,9.60000033956021e-06,170099,,1.5854030847549438,,1.3063095808029175,,0.6050722599029541,,0.12386779487133026
,5500.0,67,9.572413546266034e-06,170149,,1.8017791509628296,,0.8394686579704285,,0.6050933599472046,,0.1238718256354332
,5424.0,67,9.54482766246656e-06,170199,,1.5019971132278442,,1.0391716957092285,,0.6051116585731506,,0.1238752081990242
,5432.0,67,9.517241778667085e-06,170249,,1.4581615924835205,,0.9815639853477478,,0.6051326990127563,,0.12387803196907043
,5468.0,67,9.489654985372908e-06,170299,,1.3685035705566406,,1.226663589477539,,0.6051527261734009,,0.12388211488723755
,5488.0,67,9.462069101573434e-06,170349,,1.4757763147354126,,1.0448607206344604,,0.6051737070083618,,0.1238856166601181
,5444.0,67,9.434482308279257e-06,170399,,1.173401117324829,,0.8974183797836304,,0.6051929593086243,,0.12388835847377777
,5408.0,67,9.406896424479783e-06,170449,,1.4577184915542603,,1.0397846698760986,,0.6052125692367554,,0.12389154732227325
,5456.0,67,9.379310540680308e-06,170499,,1.5193696022033691,,0.9676131010055542,,0.6052306890487671,,0.12389377504587173
5463.16259765625,,67,,170543,1.43805992603302,,1.0165051221847534,,0.6047477722167969,,0.12382043153047562,
,5464.0,68,9.351723747386131e-06,170549,,1.4633868932724,,1.079958438873291,,0.6052497625350952,,0.12389631569385529
,5408.0,68,9.324137863586657e-06,170599,,1.4150906801223755,,0.6791427135467529,,0.6052703857421875,,0.12389970570802689
,5444.0,68,9.296551979787182e-06,170649,,1.5019516944885254,,0.9847154021263123,,0.6052900552749634,,0.12390220165252686
,5460.0,68,9.268965186493006e-06,170699,,1.602851390838623,,1.4008435010910034,,0.6053095459938049,,0.12390406429767609
,5464.0,68,9.241379302693531e-06,170749,,1.5543314218521118,,1.282808780670166,,0.6053295731544495,,0.12390735745429993
,5456.0,68,9.213793418894056e-06,170799,,1.394770860671997,,0.9535616636276245,,0.6053483486175537,,0.12391024082899094
,5496.0,68,9.18620662559988e-06,170849,,1.7026286125183105,,0.9090429544448853,,0.6053708791732788,,0.12391294538974762
,5428.0,68,9.158620741800405e-06,170899,,1.3534669876098633,,1.0727193355560303,,0.6053916811943054,,0.12391555309295654
,5524.0,68,9.13103485800093e-06,170949,,1.5010385513305664,,1.108893632888794,,0.6054144501686096,,0.12391878664493561
,5424.0,68,9.103448064706754e-06,170999,,1.2615745067596436,,0.9878407120704651,,0.6054348349571228,,0.12392328679561615
,5444.0,68,9.07586218090728e-06,171049,,1.4091739654541016,,1.3447742462158203,,0.605455756187439,,0.12392681837081909
,5448.0,68,9.048276297107805e-06,171099,,1.266443133354187,,1.2102986574172974,,0.6054767370223999,,0.12392959743738174
,5484.0,68,9.020689503813628e-06,171149,,1.3718339204788208,,0.9522525668144226,,0.6054973006248474,,0.12393436580896378
,5448.0,68,8.993103620014153e-06,171199,,1.2409523725509644,,1.4138292074203491,,0.6055178046226501,,0.12393738329410553
,5504.0,68,8.965516826719977e-06,171249,,1.654044270515442,,1.3363221883773804,,0.6055378913879395,,0.12394072115421295
,5428.0,68,8.937930942920502e-06,171299,,1.6263924837112427,,1.1586235761642456,,0.6055606603622437,,0.1239447146654129
,5456.0,68,8.910345059121028e-06,171349,,1.2261663675308228,,0.900633692741394,,0.6055817604064941,,0.12394832074642181
,5496.0,68,8.882758265826851e-06,171399,,1.3888435363769531,,1.1371748447418213,,0.6056023240089417,,0.1239522248506546
,5440.0,68,8.855172382027376e-06,171449,,1.8697482347488403,,0.6616103649139404,,0.6056214570999146,,0.12395569682121277
,5408.0,68,8.827586498227902e-06,171499,,1.374882459640503,,1.0343865156173706,,0.6056402921676636,,0.12395915389060974
,5496.0,68,8.799999704933725e-06,171549,,1.5409349203109741,,1.188542366027832,,0.6056627035140991,,0.12396378815174103
,5476.0,68,8.77241382113425e-06,171599,,1.5869442224502563,,1.311352014541626,,0.6056830883026123,,0.12396641075611115
,5356.0,68,8.744827937334776e-06,171649,,1.3524909019470215,,0.8005926012992859,,0.6057024598121643,,0.12397005409002304
,5352.0,68,8.7172411440406e-06,171699,,1.3277510404586792,,0.8792174458503723,,0.6057209968566895,,0.1239732950925827
,5460.0,68,8.689655260241125e-06,171749,,1.7603963613510132,,1.041976809501648,,0.6057419180870056,,0.1239771768450737
,5476.0,68,8.66206937644165e-06,171799,,1.6224250793457031,,0.9700790047645569,,0.6057625412940979,,0.12398100644350052
,5448.0,68,8.634482583147474e-06,171849,,1.2332922220230103,,1.0660520792007446,,0.6057812571525574,,0.12398475408554077
,5552.0,68,8.606896699347999e-06,171899,,1.3931989669799805,,1.1455663442611694,,0.6058031320571899,,0.123988077044487
,5412.0,68,8.579309906053822e-06,171949,,1.2818351984024048,,0.9151782989501953,,0.605821967124939,,0.12399182468652725
,5524.0,68,8.551724022254348e-06,171999,,1.461108684539795,,1.057390570640564,,0.6058421730995178,,0.12399505823850632
,5408.0,68,8.524138138454873e-06,172049,,1.3192987442016602,,0.7236630916595459,,0.6058624982833862,,0.1239987313747406
,5492.0,68,8.496551345160697e-06,172099,,1.33672297000885,,0.715137243270874,,0.6058825254440308,,0.12400180846452713
,5516.0,68,8.468965461361222e-06,172149,,1.566288948059082,,1.0556730031967163,,0.6059015989303589,,0.12400463968515396
,5520.0,68,8.441379577561747e-06,172199,,1.2898223400115967,,0.6463398933410645,,0.6059233546257019,,0.12400682270526886
,5472.0,68,8.41379278426757e-06,172249,,1.505537986755371,,0.8810012340545654,,0.6059424877166748,,0.12401030957698822
,5404.0,68,8.386206900468096e-06,172299,,1.2854793071746826,,0.9765917062759399,,0.6059625744819641,,0.12401320785284042
,5444.0,68,8.358621016668621e-06,172349,,1.3126657009124756,,0.8633136749267578,,0.6059807538986206,,0.12401682138442993
,5452.0,68,8.331034223374445e-06,172399,,1.3462309837341309,,0.9689390659332275,,0.6059989333152771,,0.12402079999446869
,5428.0,68,8.30344833957497e-06,172449,,1.705989956855774,,0.8459721207618713,,0.6060190200805664,,0.12402400374412537
,5384.0,68,8.275862455775496e-06,172499,,1.417743444442749,,1.256941795349121,,0.606040894985199,,0.12402743101119995
,5536.0,68,8.24827566248132e-06,172549,,1.4144132137298584,,1.1327526569366455,,0.6060598492622375,,0.12402975559234619
,5528.0,68,8.220689778681844e-06,172599,,1.6257343292236328,,0.9706406593322754,,0.6060819029808044,,0.12403379380702972
,5416.0,68,8.19310389488237e-06,172649,,1.4929105043411255,,1.1914905309677124,,0.6061055064201355,,0.12403753399848938
,5504.0,68,8.165517101588193e-06,172699,,1.1465102434158325,,0.976736843585968,,0.6061254739761353,,0.12404079735279083
,5428.0,68,8.137931217788719e-06,172749,,1.5049463510513306,,1.0772558450698853,,0.6061450839042664,,0.12404385209083557
,5460.0,68,8.110344424494542e-06,172799,,1.5980944633483887,,1.3403552770614624,,0.6061655282974243,,0.1240469366312027
,5404.0,68,8.082758540695067e-06,172849,,1.4112155437469482,,1.250696063041687,,0.6061857342720032,,0.12405094504356384
,5392.0,68,8.055172656895593e-06,172899,,1.5182186365127563,,0.8535232543945312,,0.6062056422233582,,0.12405392527580261
,5492.0,68,8.027585863601416e-06,172949,,1.3268766403198242,,1.1684412956237793,,0.6062271595001221,,0.12405886501073837
,5440.0,68,7.999999979801942e-06,172999,,1.6040334701538086,,1.2288191318511963,,0.6062455773353577,,0.12406265735626221
,5512.0,68,7.972414096002467e-06,173049,,1.7295472621917725,,0.7924442887306213,,0.6062655448913574,,0.12406556308269501
5463.099609375,,68,,173051,1.450974941253662,,1.0154342651367188,,0.6057741641998291,,0.12398239225149155,
,5436.0,69,7.94482730270829e-06,173099,,1.354583978652954,,1.005022644996643,,0.6062852740287781,,0.12406810373067856
,5484.0,69,7.917241418908816e-06,173149,,1.6362485885620117,,1.2854149341583252,,0.6063063740730286,,0.12407101690769196
,5460.0,69,7.889655535109341e-06,173199,,1.486310601234436,,1.1315810680389404,,0.6063249111175537,,0.12407411634922028
,5488.0,69,7.862068741815165e-06,173249,,1.483519434928894,,0.9817196130752563,,0.6063454747200012,,0.12407815456390381
,5524.0,69,7.83448285801569e-06,173299,,1.6448054313659668,,1.0939964056015015,,0.6063661575317383,,0.12408214062452316
,5372.0,69,7.806896974216215e-06,173349,,1.3711841106414795,,1.18758225440979,,0.6063843369483948,,0.1240859255194664
,5444.0,69,7.779310180922039e-06,173399,,1.4028857946395874,,0.9727754592895508,,0.6064045429229736,,0.1240890622138977
,5468.0,69,7.751724297122564e-06,173449,,1.5108238458633423,,1.234779953956604,,0.6064248085021973,,0.12409258633852005
,5436.0,69,7.724137503828388e-06,173499,,1.5188692808151245,,1.1324399709701538,,0.6064443588256836,,0.12409655004739761
,5516.0,69,7.696551620028913e-06,173549,,1.713712453842163,,1.1479580402374268,,0.606464147567749,,0.12410040199756622
,5440.0,69,7.668965736229438e-06,173599,,1.2872401475906372,,1.1017193794250488,,0.6064862608909607,,0.12410414963960648
,5380.0,69,7.641378942935262e-06,173649,,1.3265783786773682,,0.9467948079109192,,0.6065071225166321,,0.12410636246204376
,5400.0,69,7.613793059135787e-06,173699,,1.5101797580718994,,1.165310263633728,,0.6065273880958557,,0.12410983443260193
,5504.0,69,7.586206720588962e-06,173749,,1.7213466167449951,,0.9904526472091675,,0.6065474152565002,,0.12411294132471085
,5500.0,69,7.558620836789487e-06,173799,,1.3614498376846313,,0.9527671337127686,,0.6065664291381836,,0.12411598861217499
,5412.0,69,7.531034498242661e-06,173849,,1.5020873546600342,,0.9515625834465027,,0.6065865755081177,,0.12411923706531525
,5524.0,69,7.503448159695836e-06,173899,,1.2433334589004517,,0.9624763131141663,,0.6066073775291443,,0.12412210553884506
,5512.0,69,7.475862275896361e-06,173949,,1.275912880897522,,0.8781765699386597,,0.6066263914108276,,0.12412580102682114
,5412.0,69,7.4482759373495355e-06,173999,,2.040586233139038,,0.9090146422386169,,0.6066473126411438,,0.12412866950035095
,5404.0,69,7.42068959880271e-06,174049,,1.6420975923538208,,1.2786921262741089,,0.6066664457321167,,0.12413134425878525
,5492.0,69,7.393103260255884e-06,174099,,1.4601818323135376,,1.027754306793213,,0.6066862940788269,,0.12413529306650162
,5448.0,69,7.36551737645641e-06,174149,,1.3755959272384644,,0.7949745059013367,,0.6067050695419312,,0.12413936108350754
,5452.0,69,7.337931037909584e-06,174199,,1.4522546529769897,,0.7142070531845093,,0.6067262291908264,,0.12414305657148361
,5456.0,69,7.3103446993627585e-06,174249,,1.3989272117614746,,1.3856358528137207,,0.6067457795143127,,0.12414619326591492
,5440.0,69,7.282758815563284e-06,174299,,1.375295877456665,,0.9903578162193298,,0.6067653298377991,,0.12414952367544174
,5448.0,69,7.255172477016458e-06,174349,,1.4280716180801392,,0.8890830874443054,,0.6067857146263123,,0.1241527646780014
,5488.0,69,7.227586138469633e-06,174399,,1.6577062606811523,,1.3978480100631714,,0.6068074703216553,,0.12415579706430435
,5524.0,69,7.199999799922807e-06,174449,,1.3881566524505615,,0.961112380027771,,0.6068271398544312,,0.12415842711925507
,5484.0,69,7.1724139161233325e-06,174499,,1.4601171016693115,,1.1314066648483276,,0.6068456172943115,,0.12416088581085205
,5428.0,69,7.144827577576507e-06,174549,,1.4389375448226929,,1.2204211950302124,,0.6068663597106934,,0.12416424602270126
,5488.0,69,7.117241239029681e-06,174599,,1.53138267993927,,1.0700997114181519,,0.6068889498710632,,0.12416738271713257
,5492.0,69,7.089655355230207e-06,174649,,1.3194164037704468,,1.1418462991714478,,0.6069108843803406,,0.12417080998420715
,5460.0,69,7.062069016683381e-06,174699,,1.3998874425888062,,1.092614769935608,,0.6069322228431702,,0.12417389452457428
,5496.0,69,7.0344826781365555e-06,174749,,1.262218713760376,,1.0438145399093628,,0.6069545149803162,,0.12417668104171753
,5376.0,69,7.00689633958973e-06,174799,,1.5542793273925781,,0.5872997045516968,,0.6069750785827637,,0.12418074905872345
,5480.0,69,6.979310455790255e-06,174849,,1.5351523160934448,,0.9225951433181763,,0.6069959402084351,,0.12418360263109207
,5420.0,69,6.95172411724343e-06,174899,,1.672195553779602,,0.9014719724655151,,0.6070127487182617,,0.12418575584888458
,5436.0,69,6.924137778696604e-06,174949,,1.497812032699585,,1.3545233011245728,,0.6070319414138794,,0.12418889999389648
,5512.0,69,6.896551894897129e-06,174999,,1.4325578212738037,,1.016602635383606,,0.6070523262023926,,0.12419293075799942
,5452.0,69,6.868965556350304e-06,175049,,1.5971802473068237,,1.282590389251709,,0.60707026720047,,0.12419632077217102
,5524.0,69,6.841379217803478e-06,175099,,1.16624915599823,,1.109364628791809,,0.6070891618728638,,0.12419849634170532
,5496.0,69,6.813792879256653e-06,175149,,1.7097647190093994,,1.2349889278411865,,0.6071098446846008,,0.12420179694890976
,5456.0,69,6.786206995457178e-06,175199,,1.3914896249771118,,0.993558406829834,,0.6071284413337708,,0.12420421093702316
,5360.0,69,6.758620656910352e-06,175249,,2.1528048515319824,,0.8228572010993958,,0.6071471571922302,,0.12420807033777237
,5440.0,69,6.731034318363527e-06,175299,,1.4025195837020874,,1.0490633249282837,,0.607165515422821,,0.12421213090419769
,5472.0,69,6.703448434564052e-06,175349,,1.5538740158081055,,0.8305283188819885,,0.6071855425834656,,0.1242155060172081
,5388.0,69,6.675862096017227e-06,175399,,1.428627610206604,,0.8970829248428345,,0.6072049140930176,,0.12421847879886627
,5484.0,69,6.648275757470401e-06,175449,,1.5800502300262451,,1.0719258785247803,,0.6072216033935547,,0.12422145903110504
,5516.0,69,6.620689873670926e-06,175499,,1.4305466413497925,,1.2793138027191162,,0.607241690158844,,0.12422376871109009
,5448.0,69,6.593103535124101e-06,175549,,1.2790378332138062,,0.791868269443512,,0.6072615385055542,,0.12422651052474976
5461.40087890625,,69,,175559,1.448379397392273,,1.0152270793914795,,0.6067849397659302,,0.12415105849504471,
,5508.0,70,6.565517196577275e-06,175599,,1.6874219179153442,,0.9287038445472717,,0.6072806119918823,,0.12422916293144226
,5472.0,70,6.53793085803045e-06,175649,,1.7025452852249146,,1.1111643314361572,,0.6072995662689209,,0.12423229962587357
,5464.0,70,6.510344974230975e-06,175699,,1.897784948348999,,1.3578877449035645,,0.6073209643363953,,0.1242355927824974
,5484.0,70,6.482758635684149e-06,175749,,1.213121771812439,,0.9489755630493164,,0.6073416471481323,,0.12423911690711975
,5516.0,70,6.455172297137324e-06,175799,,1.5249354839324951,,0.9777036309242249,,0.6073610186576843,,0.12424275279045105
,5492.0,70,6.427586413337849e-06,175849,,1.1210198402404785,,0.9473670721054077,,0.6073808670043945,,0.12424646317958832
,5408.0,70,6.4000000747910235e-06,175899,,1.399454116821289,,1.0105700492858887,,0.6074002385139465,,0.12425003945827484
,5432.0,70,6.372413736244198e-06,175949,,1.116168737411499,,0.7070884108543396,,0.6074180603027344,,0.12425387650728226
,5488.0,70,6.344827397697372e-06,175999,,1.3095670938491821,,0.6879697442054749,,0.607438325881958,,0.12425607442855835
,5496.0,70,6.317241513897898e-06,176049,,1.727834701538086,,1.1533645391464233,,0.6074617505073547,,0.12425827234983444
,5476.0,70,6.289655175351072e-06,176099,,1.6526979207992554,,0.5343945026397705,,0.6074828505516052,,0.12426161766052246
,5476.0,70,6.2620688368042465e-06,176149,,1.4921058416366577,,1.0146501064300537,,0.6075036525726318,,0.1242656409740448
,5504.0,70,6.234482953004772e-06,176199,,1.503794550895691,,0.6932744979858398,,0.6075233817100525,,0.12426939606666565
,5492.0,70,6.206896614457946e-06,176249,,1.2779479026794434,,0.9260110855102539,,0.6075417995452881,,0.12427324056625366
,5504.0,70,6.179310275911121e-06,176299,,1.3974655866622925,,1.1373581886291504,,0.6075602769851685,,0.1242772564291954
,5420.0,70,6.151723937364295e-06,176349,,1.3013511896133423,,0.8268898129463196,,0.6075807809829712,,0.12428060173988342
,5488.0,70,6.1241380535648204e-06,176399,,2.111492872238159,,0.8825147151947021,,0.6075991988182068,,0.12428498268127441
,5548.0,70,6.096551715017995e-06,176449,,1.4255117177963257,,1.1806223392486572,,0.607620358467102,,0.12428788095712662
,5468.0,70,6.068965376471169e-06,176499,,1.5518437623977661,,1.3504726886749268,,0.6076416969299316,,0.12429104745388031
,5504.0,70,6.041379492671695e-06,176549,,1.4684605598449707,,0.9733360409736633,,0.6076607704162598,,0.124294213950634
,5412.0,70,6.013793154124869e-06,176599,,1.553306221961975,,1.0356899499893188,,0.6076815724372864,,0.12429698556661606
,5500.0,70,5.9862068155780435e-06,176649,,1.4628485441207886,,1.3791769742965698,,0.6076990365982056,,0.12429957091808319
,5532.0,70,5.958620477031218e-06,176699,,1.0607792139053345,,0.6585455536842346,,0.6077209711074829,,0.12430167943239212
,5440.0,70,5.931034593231743e-06,176749,,1.6579664945602417,,1.0475831031799316,,0.6077392101287842,,0.1243041604757309
,5420.0,70,5.903448254684918e-06,176799,,1.2814176082611084,,0.8798768520355225,,0.6077578067779541,,0.12430635094642639
,5464.0,70,5.875861916138092e-06,176849,,1.211172342300415,,0.7595939040184021,,0.60777747631073,,0.12431033700704575
,5400.0,70,5.848276032338617e-06,176899,,1.3094127178192139,,1.1790025234222412,,0.607796847820282,,0.12431289255619049
,5452.0,70,5.820689693791792e-06,176949,,1.692580223083496,,0.7415569424629211,,0.6078134775161743,,0.12431532144546509
,5484.0,70,5.793103355244966e-06,176999,,1.546738624572754,,1.0247563123703003,,0.6078294515609741,,0.12431781738996506
,5448.0,70,5.765517016698141e-06,177049,,1.2131201028823853,,0.9264671206474304,,0.6078497767448425,,0.12431992590427399
,5500.0,70,5.737931132898666e-06,177099,,1.7989505529403687,,1.2878689765930176,,0.6078693866729736,,0.12432350218296051
,5456.0,70,5.71034479435184e-06,177149,,1.3797554969787598,,1.039520502090454,,0.6078881621360779,,0.12432710826396942
,5472.0,70,5.682758455805015e-06,177199,,1.5102578401565552,,1.3215700387954712,,0.6079064607620239,,0.12432916462421417
,5468.0,70,5.65517257200554e-06,177249,,0.9385643005371094,,1.0528013706207275,,0.6079260110855103,,0.12433277815580368
,5500.0,70,5.6275862334587146e-06,177299,,1.4115499258041382,,0.9633980393409729,,0.6079474091529846,,0.12433705478906631
,5440.0,70,5.599999894911889e-06,177349,,1.6425347328186035,,0.9422176480293274,,0.6079670190811157,,0.12433984875679016
,5472.0,70,5.572414011112414e-06,177399,,1.3797292709350586,,0.7796854376792908,,0.6079862713813782,,0.12434342503547668
,5488.0,70,5.544827672565589e-06,177449,,1.435046911239624,,0.8536983728408813,,0.6080052256584167,,0.12434791028499603
,5504.0,70,5.517241334018763e-06,177499,,1.590498924255371,,1.3097429275512695,,0.6080235838890076,,0.12435098737478256
,5360.0,70,5.489654995471938e-06,177549,,1.4450980424880981,,1.0188570022583008,,0.6080421209335327,,0.12435425072908401
,5404.0,70,5.462069111672463e-06,177599,,1.966821551322937,,0.99665766954422,,0.6080598831176758,,0.12435781955718994
,5484.0,70,5.434482773125637e-06,177649,,1.547280192375183,,1.1776913404464722,,0.6080794930458069,,0.12436170876026154
,5464.0,70,5.406896434578812e-06,177699,,1.475539207458496,,1.081639051437378,,0.6080996990203857,,0.12436550855636597
,5480.0,70,5.379310550779337e-06,177749,,1.1897450685501099,,1.0514717102050781,,0.6081174612045288,,0.12436920404434204
,5456.0,70,5.3517242122325115e-06,177799,,1.5756542682647705,,0.9267961978912354,,0.608138382434845,,0.12437336891889572
,5524.0,70,5.324137873685686e-06,177849,,1.504408836364746,,0.8789535164833069,,0.6081583499908447,,0.12437598407268524
,5528.0,70,5.29655153513886e-06,177899,,1.290960431098938,,0.5783970355987549,,0.6081791520118713,,0.12437809258699417
,5464.0,70,5.268965651339386e-06,177949,,1.5939306020736694,,0.8864021897315979,,0.6081992983818054,,0.1243806704878807
,5484.0,70,5.24137931279256e-06,177999,,1.7304890155792236,,1.2574670314788818,,0.6082184314727783,,0.12438437342643738
,5480.0,70,5.2137929742457345e-06,178049,,1.528214931488037,,1.0641201734542847,,0.6082370281219482,,0.12438749521970749
5463.537109375,,70,,178067,1.4492079019546509,,1.0132023096084595,,0.6077737808227539,,0.12431085109710693,
,5452.0,71,5.18620709044626e-06,178099,,1.2964246273040771,,0.9886483550071716,,0.6082559823989868,,0.12439166009426117
,5480.0,71,5.158620751899434e-06,178149,,1.6257197856903076,,1.1747605800628662,,0.6082749366760254,,0.12439457327127457
,5520.0,71,5.131034413352609e-06,178199,,1.3133317232131958,,0.9747709631919861,,0.6082948446273804,,0.1243976280093193
,5488.0,71,5.103448074805783e-06,178249,,1.7432466745376587,,1.0287786722183228,,0.6083148121833801,,0.1244005560874939
,5508.0,71,5.075862191006308e-06,178299,,1.4492830038070679,,1.4432978630065918,,0.6083331108093262,,0.12440463900566101
,5380.0,71,5.048275852459483e-06,178349,,1.3794071674346924,,0.8071820735931396,,0.6083532571792603,,0.12440839409828186
,5432.0,71,5.020689513912657e-06,178399,,1.6028096675872803,,1.086932897567749,,0.6083720922470093,,0.12441165745258331
,5548.0,71,4.993103630113183e-06,178449,,1.5426454544067383,,0.8948943614959717,,0.6083898544311523,,0.12441467493772507
,5464.0,71,4.965517291566357e-06,178499,,1.6782753467559814,,1.3359651565551758,,0.6084081530570984,,0.12441812455654144
,5420.0,71,4.9379309530195314e-06,178549,,1.4618775844573975,,1.06202232837677,,0.6084286570549011,,0.12442100048065186
,5388.0,71,4.910344614472706e-06,178599,,1.594382882118225,,0.7116621732711792,,0.6084469556808472,,0.12442515790462494
,5460.0,71,4.882758730673231e-06,178649,,1.5219851732254028,,0.9822440147399902,,0.6084671020507812,,0.1244291216135025
,5464.0,71,4.855172392126406e-06,178699,,1.436143398284912,,0.7919260263442993,,0.6084855794906616,,0.124432772397995
,5452.0,71,4.82758605357958e-06,178749,,1.8611778020858765,,1.204053521156311,,0.608503520488739,,0.124436154961586
,5376.0,71,4.800000169780105e-06,178799,,1.3294044733047485,,1.236420750617981,,0.6085231304168701,,0.12443910539150238
,5516.0,71,4.77241383123328e-06,178849,,1.4445570707321167,,1.124279260635376,,0.6085410714149475,,0.12444250285625458
,5320.0,71,4.744827492686454e-06,178899,,1.0883221626281738,,0.9699743986129761,,0.60856032371521,,0.12444581091403961
,5500.0,71,4.717241154139629e-06,178949,,1.5681864023208618,,1.1419830322265625,,0.6085776090621948,,0.12444795668125153
,5456.0,71,4.689655270340154e-06,178999,,1.2772867679595947,,0.9680520296096802,,0.6085959076881409,,0.12445090711116791
,5496.0,71,4.662068931793328e-06,179049,,1.4931799173355103,,1.0093172788619995,,0.6086140871047974,,0.12445411086082458
,5460.0,71,4.634482593246503e-06,179099,,1.6522797346115112,,1.1869099140167236,,0.6086326241493225,,0.12445725500583649
,5460.0,71,4.606896709447028e-06,179149,,1.7913548946380615,,0.8271477818489075,,0.6086522340774536,,0.12445943057537079
,5480.0,71,4.5793103709002025e-06,179199,,1.7135746479034424,,0.8042166829109192,,0.6086722612380981,,0.1244615763425827
,5460.0,71,4.551724032353377e-06,179249,,1.4385547637939453,,1.221053957939148,,0.6086905598640442,,0.12446556240320206
,5480.0,71,4.524138148553902e-06,179299,,1.4604413509368896,,1.0089550018310547,,0.6087099313735962,,0.12446791678667068
,5456.0,71,4.496551810007077e-06,179349,,1.3804243803024292,,0.896399974822998,,0.6087273359298706,,0.12447120994329453
,5368.0,71,4.468965471460251e-06,179399,,1.4719325304031372,,1.2196475267410278,,0.6087455749511719,,0.12447300553321838
,5432.0,71,4.4413791329134256e-06,179449,,1.336234450340271,,1.1142634153366089,,0.6087639331817627,,0.12447614967823029
,5372.0,71,4.413793249113951e-06,179499,,1.6633268594741821,,0.7886477112770081,,0.6087811589241028,,0.1244790181517601
,5420.0,71,4.386206910567125e-06,179549,,1.3598592281341553,,1.0052900314331055,,0.6088006496429443,,0.12448203563690186
,5440.0,71,4.3586205720203e-06,179599,,1.5248490571975708,,1.1503465175628662,,0.6088211536407471,,0.12448602169752121
,5484.0,71,4.331034688220825e-06,179649,,1.1800700426101685,,0.9610278010368347,,0.6088402271270752,,0.12448856979608536
,5416.0,71,4.3034483496739995e-06,179699,,1.5371849536895752,,0.9525421857833862,,0.608858585357666,,0.12449085712432861
,5504.0,71,4.275862011127174e-06,179749,,1.1561082601547241,,0.7238273620605469,,0.6088800430297852,,0.1244940236210823
,5440.0,71,4.248275672580348e-06,179799,,1.2073934078216553,,1.128475546836853,,0.6088991761207581,,0.12449640780687332
,5464.0,71,4.220689788780874e-06,179849,,1.5054463148117065,,0.843949556350708,,0.6089174747467041,,0.12449971586465836
,5420.0,71,4.193103450234048e-06,179899,,1.5162353515625,,1.0624773502349854,,0.6089361310005188,,0.12450384348630905
,5504.0,71,4.1655171116872225e-06,179949,,1.4598206281661987,,1.0156749486923218,,0.608954906463623,,0.12450598180294037
,5480.0,71,4.137931227887748e-06,179999,,1.5080729722976685,,0.9937451481819153,,0.6089730858802795,,0.1245088279247284
,5488.0,71,4.110344889340922e-06,180049,,1.3835232257843018,,0.9292915463447571,,0.6089932322502136,,0.12451291084289551
,5468.0,71,4.082758550794097e-06,180099,,1.716545581817627,,1.3081552982330322,,0.6090120673179626,,0.12451743334531784
,5536.0,71,4.055172212247271e-06,180149,,1.4712700843811035,,1.079314947128296,,0.6090326309204102,,0.12452129274606705
,5440.0,71,4.027586328447796e-06,180199,,1.548843264579773,,1.2001169919967651,,0.6090507507324219,,0.12452511489391327
,5416.0,71,3.999999989900971e-06,180249,,1.6739954948425293,,1.1219182014465332,,0.6090714931488037,,0.12452822923660278
,5476.0,71,3.972413651354145e-06,180299,,1.368359088897705,,0.9465731382369995,,0.6090924739837646,,0.12453265488147736
,5428.0,71,3.9448277675546706e-06,180349,,1.5670833587646484,,1.158331274986267,,0.6091111898422241,,0.12453648447990417
,5400.0,71,3.917241429007845e-06,180399,,1.0755510330200195,,0.8237546682357788,,0.6091268658638,,0.12454108893871307
,5548.0,71,3.8896550904610194e-06,180449,,1.4710098505020142,,1.1546409130096436,,0.6091466546058655,,0.12454517185688019
,5396.0,71,3.862068751914194e-06,180499,,1.3475934267044067,,1.0110840797424316,,0.609165608882904,,0.12454845756292343
,5504.0,71,3.834482868114719e-06,180549,,1.1835951805114746,,1.1350878477096558,,0.6091843247413635,,0.12455189973115921
5462.7685546875,,71,,180575,1.4551998376846313,,1.0060193538665771,,0.6087338924407959,,0.12447294592857361,
,5480.0,72,3.8068965295678936e-06,180599,,1.6760894060134888,,1.3477414846420288,,0.6092056632041931,,0.12455563247203827
,5496.0,72,3.7793104183947435e-06,180649,,1.4421875476837158,,0.8859946727752686,,0.6092227101325989,,0.12455864250659943
,5444.0,72,3.751724079847918e-06,180699,,1.9962445497512817,,0.9570507407188416,,0.6092414259910583,,0.12456134706735611
,5336.0,72,3.7241379686747678e-06,180749,,1.5750811100006104,,1.05496084690094,,0.609261155128479,,0.12456569075584412
,5436.0,72,3.696551630127942e-06,180799,,1.6690163612365723,,1.0046411752700806,,0.609279990196228,,0.1245713084936142
,5444.0,72,3.668965518954792e-06,180849,,1.5030112266540527,,1.3294765949249268,,0.6092994809150696,,0.12457497417926788
,5472.0,72,3.641379407781642e-06,180899,,1.6748929023742676,,1.2572685480117798,,0.6093162894248962,,0.12457764148712158
,5516.0,72,3.6137930692348164e-06,180949,,1.2965822219848633,,1.1442943811416626,,0.609334409236908,,0.12458041310310364
,5400.0,72,3.5862069580616662e-06,180999,,1.2808482646942139,,0.9903591275215149,,0.6093538999557495,,0.12458460032939911
,5388.0,72,3.5586206195148407e-06,181049,,1.3667898178100586,,1.1000548601150513,,0.6093729734420776,,0.12458820641040802
,5500.0,72,3.5310345083416905e-06,181099,,1.3973345756530762,,0.9361430406570435,,0.6093926429748535,,0.12459266185760498
,5428.0,72,3.503448169794865e-06,181149,,1.484397530555725,,0.8211753964424133,,0.6094117164611816,,0.12459707260131836
,5420.0,72,3.475862058621715e-06,181199,,1.2637437582015991,,0.7219893932342529,,0.6094304323196411,,0.12460047751665115
,5408.0,72,3.4482759474485647e-06,181249,,1.4213007688522339,,0.7383570671081543,,0.6094502210617065,,0.1246040090918541
,5416.0,72,3.420689608901739e-06,181299,,1.2716079950332642,,0.7330353856086731,,0.609468400478363,,0.12460823357105255
,5392.0,72,3.393103497728589e-06,181349,,1.5543068647384644,,1.37629234790802,,0.6094878911972046,,0.12461107969284058
,5464.0,72,3.3655171591817634e-06,181399,,1.0736979246139526,,0.8890612721443176,,0.6095079779624939,,0.12461427599191666
,5440.0,72,3.3379310480086133e-06,181449,,1.3742032051086426,,1.03923761844635,,0.6095257997512817,,0.12461798638105392
,5428.0,72,3.310344936835463e-06,181499,,1.2927144765853882,,0.9731420278549194,,0.6095446348190308,,0.12462128698825836
,5472.0,72,3.2827585982886376e-06,181549,,1.3343921899795532,,1.1008957624435425,,0.6095619201660156,,0.12462526559829712
,5500.0,72,3.2551724871154875e-06,181599,,1.3864396810531616,,1.0249673128128052,,0.6095798015594482,,0.12462828308343887
,5448.0,72,3.227586148568662e-06,181649,,1.1972109079360962,,0.9682760238647461,,0.6095998883247375,,0.12463109195232391
,5492.0,72,3.2000000373955118e-06,181699,,1.4681146144866943,,0.9149277210235596,,0.6096179485321045,,0.12463492900133133
,5496.0,72,3.172413698848686e-06,181749,,1.4367496967315674,,0.9099223017692566,,0.609636127948761,,0.12463901937007904
,5528.0,72,3.144827587675536e-06,181799,,1.397161841392517,,0.9487706422805786,,0.6096561551094055,,0.12464189529418945
,5500.0,72,3.117241476502386e-06,181849,,1.416683554649353,,1.0408883094787598,,0.6096749901771545,,0.12464585155248642
,5500.0,72,3.0896551379555603e-06,181899,,1.3068593740463257,,0.8362215161323547,,0.6096938252449036,,0.12464792281389236
,5468.0,72,3.0620690267824102e-06,181949,,1.3732432126998901,,0.8198919296264648,,0.6097116470336914,,0.12465035915374756
,5492.0,72,3.0344826882355846e-06,181999,,1.2802852392196655,,0.918216347694397,,0.6097295880317688,,0.12465427815914154
,5488.0,72,3.0068965770624345e-06,182049,,1.5923871994018555,,0.9739115834236145,,0.609749436378479,,0.12465928494930267
,5480.0,72,2.979310238515609e-06,182099,,1.5468204021453857,,0.8366343975067139,,0.6097684502601624,,0.1246635839343071
,5440.0,72,2.951724127342459e-06,182149,,1.0743175745010376,,0.7379171848297119,,0.6097858548164368,,0.1246655136346817
,5492.0,72,2.9241380161693087e-06,182199,,1.52226984500885,,1.052133321762085,,0.6098061203956604,,0.12466812133789062
,5480.0,72,2.896551677622483e-06,182249,,1.2802250385284424,,1.028628945350647,,0.6098241806030273,,0.12467111647129059
,5464.0,72,2.868965566449333e-06,182299,,1.6175432205200195,,1.180583119392395,,0.6098425388336182,,0.12467461824417114
,5468.0,72,2.8413792279025074e-06,182349,,1.5393580198287964,,0.7977629899978638,,0.6098610162734985,,0.12467794865369797
,5504.0,72,2.8137931167293573e-06,182399,,1.2259505987167358,,0.8579034209251404,,0.6098799705505371,,0.12468092143535614
,5520.0,72,2.786207005556207e-06,182449,,1.5889209508895874,,1.1686375141143799,,0.6098984479904175,,0.12468307465314865
,5460.0,72,2.7586206670093816e-06,182499,,1.3231236934661865,,1.0631554126739502,,0.6099179983139038,,0.12468571215867996
,5416.0,72,2.7310345558362314e-06,182549,,1.452277421951294,,1.0316314697265625,,0.6099362969398499,,0.12468861043453217
,5420.0,72,2.703448217289406e-06,182599,,1.6097923517227173,,0.6625690460205078,,0.6099562644958496,,0.12469208985567093
,5496.0,72,2.6758621061162557e-06,182649,,1.662437081336975,,1.2430888414382935,,0.6099735498428345,,0.12469462305307388
,5508.0,72,2.64827576756943e-06,182699,,1.3889414072036743,,1.0845947265625,,0.6099908351898193,,0.12469804286956787
,5460.0,72,2.62068965639628e-06,182749,,1.4203543663024902,,1.0404491424560547,,0.6100097298622131,,0.12470179796218872
,5412.0,72,2.59310354522313e-06,182799,,1.325931191444397,,1.0039048194885254,,0.6100283861160278,,0.12470516562461853
,5460.0,72,2.5655172066763043e-06,182849,,1.4209637641906738,,0.9343611001968384,,0.6100462675094604,,0.12470825761556625
,5512.0,72,2.537931095503154e-06,182899,,1.2401461601257324,,0.8066036701202393,,0.6100653409957886,,0.12471029162406921
,5368.0,72,2.5103447569563286e-06,182949,,1.5582700967788696,,0.9341893792152405,,0.6100822687149048,,0.12471329420804977
,5452.0,72,2.4827586457831785e-06,182999,,1.368219017982483,,0.9985703825950623,,0.6100999116897583,,0.12471672892570496
,5464.0,72,2.455172307236353e-06,183049,,1.2115064859390259,,0.9987093806266785,,0.6101169586181641,,0.12471934407949448
5461.56982421875,,72,,183083,1.4621020555496216,,1.0131551027297974,,0.6096820831298828,,0.1246444508433342,
,5460.0,73,2.427586196063203e-06,183099,,1.4814525842666626,,1.2323886156082153,,0.6101361513137817,,0.12472353875637054
,5468.0,73,2.4000000848900527e-06,183149,,1.3382041454315186,,0.7538288235664368,,0.6101569533348083,,0.12472739815711975
,5456.0,73,2.372413746343227e-06,183199,,1.4799765348434448,,1.1096917390823364,,0.6101746559143066,,0.12472981959581375
,5480.0,73,2.344827635170077e-06,183249,,1.3425933122634888,,1.2859960794448853,,0.6101914048194885,,0.12473315000534058
,5488.0,73,2.3172412966232514e-06,183299,,1.5055803060531616,,1.256045937538147,,0.61020827293396,,0.12473693490028381
,5352.0,73,2.2896551854501013e-06,183349,,1.512440800666809,,0.9711930155754089,,0.6102254986763,,0.1247403621673584
,5480.0,73,2.262069074276951e-06,183399,,1.5949440002441406,,1.3136060237884521,,0.6102423667907715,,0.1247430220246315
,5524.0,73,2.2344827357301256e-06,183449,,1.437406063079834,,0.9028468728065491,,0.6102606058120728,,0.12474535405635834
,5416.0,73,2.2068966245569754e-06,183499,,1.2131471633911133,,0.9243165850639343,,0.6102784276008606,,0.1247488409280777
,5544.0,73,2.17931028601015e-06,183549,,1.3713181018829346,,1.177656650543213,,0.6102968454360962,,0.12475208193063736
,5416.0,73,2.1517241748369997e-06,183599,,1.4506107568740845,,1.167661428451538,,0.6103165149688721,,0.1247553676366806
,5448.0,73,2.124137836290174e-06,183649,,1.440597414970398,,0.8875558376312256,,0.6103345155715942,,0.12475865334272385
,5452.0,73,2.096551725117024e-06,183699,,1.4132460355758667,,1.0094164609909058,,0.6103531122207642,,0.12476237863302231
,5444.0,73,2.068965613943874e-06,183749,,1.5060416460037231,,0.9359151124954224,,0.6103702783584595,,0.12476567924022675
,5424.0,73,2.0413792753970483e-06,183799,,1.6191401481628418,,1.1995787620544434,,0.6103904843330383,,0.124768927693367
,5448.0,73,2.013793164223898e-06,183849,,1.654423713684082,,1.0071014165878296,,0.6104089617729187,,0.12477238476276398
,5460.0,73,1.9862068256770726e-06,183899,,1.4329310655593872,,0.864896297454834,,0.6104279160499573,,0.12477511167526245
,5472.0,73,1.9586207145039225e-06,183949,,1.2683770656585693,,0.8684996962547302,,0.6104455590248108,,0.12477823346853256
,5544.0,73,1.931034375957097e-06,183999,,1.7374355792999268,,0.8159750699996948,,0.6104640364646912,,0.12478222697973251
,5428.0,73,1.9034482647839468e-06,184049,,1.5071758031845093,,0.9254251718521118,,0.6104825139045715,,0.1247844398021698
,5528.0,73,1.875862039923959e-06,184099,,1.4265919923782349,,0.864190936088562,,0.6105016469955444,,0.12478777021169662
,5456.0,73,1.848275815063971e-06,184149,,1.5589020252227783,,0.9735516309738159,,0.6105194687843323,,0.12479125708341599
,5460.0,73,1.820689703890821e-06,184199,,1.305178165435791,,0.9289963841438293,,0.6105374693870544,,0.12479282915592194
,5496.0,73,1.7931034790308331e-06,184249,,1.675094723701477,,1.103484034538269,,0.6105546951293945,,0.12479586899280548
,5440.0,73,1.7655172541708453e-06,184299,,1.408167839050293,,1.1432701349258423,,0.6105719208717346,,0.12479955703020096
,5432.0,73,1.7379310293108574e-06,184349,,1.4719982147216797,,1.0445541143417358,,0.6105911731719971,,0.12480241805315018
,5428.0,73,1.7103448044508696e-06,184399,,1.501427412033081,,1.0834956169128418,,0.61061030626297,,0.12480592727661133
,5524.0,73,1.6827585795908817e-06,184449,,1.3754245042800903,,1.0779730081558228,,0.6106277704238892,,0.12480983138084412
,5472.0,73,1.6551724684177316e-06,184499,,1.1167573928833008,,0.5834855437278748,,0.6106458306312561,,0.12481313943862915
,5456.0,73,1.6275862435577437e-06,184549,,1.5200740098953247,,0.7751787900924683,,0.6106652617454529,,0.12481482326984406
,5464.0,73,1.6000000186977559e-06,184599,,1.6411018371582031,,1.2681820392608643,,0.6106841564178467,,0.12481720745563507
,5536.0,73,1.572413793837768e-06,184649,,1.3207181692123413,,1.102717638015747,,0.61070317029953,,0.12482014298439026
,5476.0,73,1.5448275689777802e-06,184699,,1.255531668663025,,1.1600608825683594,,0.6107214689254761,,0.12482369691133499
,5440.0,73,1.5172413441177923e-06,184749,,1.1245405673980713,,0.7652702927589417,,0.6107398271560669,,0.1248272955417633
,5432.0,73,1.4896551192578045e-06,184799,,1.2556647062301636,,0.9461159110069275,,0.6107590198516846,,0.12482991814613342
,5528.0,73,1.4620690080846543e-06,184849,,1.37376070022583,,0.9952879548072815,,0.6107791066169739,,0.12483279407024384
,5464.0,73,1.4344827832246665e-06,184899,,1.6333341598510742,,1.361373782157898,,0.6107962727546692,,0.12483607232570648
,5472.0,73,1.4068965583646786e-06,184949,,1.4063212871551514,,0.8971680402755737,,0.6108138561248779,,0.1248384490609169
,5500.0,73,1.3793103335046908e-06,184999,,1.4469726085662842,,0.9082939028739929,,0.6108318567276001,,0.12484095990657806
,5508.0,73,1.351724108644703e-06,185049,,1.21152925491333,,0.7494539022445679,,0.6108500957489014,,0.12484508752822876
,5400.0,73,1.324137883784715e-06,185099,,1.4027185440063477,,0.8517685532569885,,0.6108688712120056,,0.12484751641750336
,5496.0,73,1.296551772611565e-06,185149,,1.4760262966156006,,1.1609567403793335,,0.6108862161636353,,0.12485195696353912
,5456.0,73,1.268965547751577e-06,185199,,1.5290173292160034,,1.2110702991485596,,0.6109040975570679,,0.12485464662313461
,5472.0,73,1.2413793228915893e-06,185249,,1.349839687347412,,0.9405129551887512,,0.610920786857605,,0.12485924363136292
,5448.0,73,1.2137930980316014e-06,185299,,1.5081524848937988,,0.6629242300987244,,0.6109400987625122,,0.12486190348863602
,5560.0,73,1.1862068731716136e-06,185349,,1.7965993881225586,,0.9859626889228821,,0.610958993434906,,0.12486367672681808
,5436.0,73,1.1586206483116257e-06,185399,,1.6619492769241333,,1.4703714847564697,,0.6109765768051147,,0.12486734986305237
,5452.0,73,1.1310345371384756e-06,185449,,1.3845713138580322,,1.2526166439056396,,0.6109936237335205,,0.1248709186911583
,5452.0,73,1.1034483122784877e-06,185499,,1.4587171077728271,,0.8106147646903992,,0.6110132336616516,,0.12487444281578064
,5496.0,73,1.0758620874184999e-06,185549,,1.2522568702697754,,1.140600323677063,,0.6110315918922424,,0.12487804889678955
5462.22314453125,,73,,185591,1.4592722654342651,,1.0080780982971191,,0.6106023192405701,,0.1248047798871994,
,5508.0,74,1.048275862558512e-06,185599,,1.479642629623413,,0.7104006409645081,,0.6110488176345825,,0.12488123774528503
,5444.0,74,1.0206896376985242e-06,185649,,1.2721067667007446,,0.8199561834335327,,0.611066460609436,,0.12488444149494171
,5408.0,74,9.931034128385363e-07,185699,,0.9914100170135498,,0.7053331136703491,,0.6110831499099731,,0.12488792091608047
,5448.0,74,9.655171879785485e-07,185749,,1.4422845840454102,,0.9454837441444397,,0.611100435256958,,0.12489109486341476
,5528.0,74,9.379310199619795e-07,185799,,1.4749492406845093,,0.6291625499725342,,0.6111202836036682,,0.1248946338891983
,5448.0,74,9.103448519454105e-07,185849,,1.517049789428711,,1.0359785556793213,,0.6111363768577576,,0.12489885091781616
,5476.0,74,8.827586270854226e-07,185899,,1.559273362159729,,0.8927599191665649,,0.6111524105072021,,0.12490189075469971
,5532.0,74,8.551724022254348e-07,185949,,1.6422090530395508,,0.9616232514381409,,0.6111700534820557,,0.1249053105711937
,5584.0,74,8.275862342088658e-07,185999,,1.6116793155670166,,0.6418756246566772,,0.6111873388290405,,0.12490807473659515
,5496.0,74,8.000000093488779e-07,186049,,1.2151975631713867,,0.688473641872406,,0.6112038493156433,,0.12491089850664139
,5372.0,74,7.724137844888901e-07,186099,,1.6216169595718384,,1.038549542427063,,0.6112224459648132,,0.1249157041311264
,5424.0,74,7.448275596289022e-07,186149,,1.2429969310760498,,0.8426438570022583,,0.6112398505210876,,0.1249183639883995
,5504.0,74,7.172413916123332e-07,186199,,1.511613130569458,,1.0794440507888794,,0.6112574934959412,,0.12492091953754425
,5476.0,74,6.896551667523454e-07,186249,,1.4179962873458862,,0.8774099946022034,,0.6112759113311768,,0.12492451816797256
,5520.0,74,6.620689418923575e-07,186299,,1.2723017930984497,,0.6123834848403931,,0.6112915873527527,,0.12492728978395462
,5456.0,74,6.344827738757886e-07,186349,,1.6693528890609741,,0.8612679839134216,,0.6113088130950928,,0.12493007630109787
,5452.0,74,6.068965490158007e-07,186399,,1.5805613994598389,,1.3070549964904785,,0.6113280653953552,,0.12493287771940231
,5496.0,74,5.793103241558129e-07,186449,,1.1690208911895752,,0.8400017023086548,,0.6113455295562744,,0.12493693083524704
,5376.0,74,5.517241561392439e-07,186499,,1.1684590578079224,,0.9753809571266174,,0.6113647818565369,,0.12493962794542313
,5464.0,74,5.24137931279256e-07,186549,,1.484537124633789,,0.7921438813209534,,0.6113817691802979,,0.12494265288114548
,5464.0,74,4.965517064192682e-07,186599,,1.6768529415130615,,1.2109718322753906,,0.6114012598991394,,0.12494590878486633
,5444.0,74,4.6896550998098974e-07,186649,,1.4844863414764404,,1.3395177125930786,,0.6114205121994019,,0.12494958937168121
,5456.0,74,4.413793135427113e-07,186699,,1.3084112405776978,,0.9667044281959534,,0.6114391088485718,,0.12495186179876328
,5436.0,74,4.137931171044329e-07,186749,,1.3472315073013306,,1.0895771980285645,,0.6114562153816223,,0.12495431303977966
,5412.0,74,3.8620689224444504e-07,186799,,1.3903554677963257,,0.8343945741653442,,0.6114743947982788,,0.12495681643486023
,5392.0,74,3.586206958061666e-07,186849,,1.4287981986999512,,1.2286776304244995,,0.611492931842804,,0.12496043741703033
,5452.0,74,3.3103447094617877e-07,186899,,1.386022686958313,,1.345136284828186,,0.6115100383758545,,0.12496286630630493
,5452.0,74,3.0344827450790035e-07,186949,,1.4718616008758545,,0.9156435132026672,,0.6115269660949707,,0.12496581673622131
,5448.0,74,2.7586207806962193e-07,186999,,2.0929324626922607,,0.8481752276420593,,0.6115456223487854,,0.12496931105852127
,5392.0,74,2.482758532096341e-07,187049,,1.4506232738494873,,1.143320083618164,,0.6115621328353882,,0.12497235834598541
,5496.0,74,2.2068965677135566e-07,187099,,1.4482460021972656,,0.9483087658882141,,0.6115811467170715,,0.1249752938747406
,5460.0,74,1.9310344612222252e-07,187149,,1.4593381881713867,,0.7528789639472961,,0.6115992665290833,,0.12497822940349579
,5524.0,74,1.6551723547308939e-07,187199,,1.1835423707962036,,0.7585407495498657,,0.6116179823875427,,0.12498186528682709
,5428.0,74,1.3793103903481096e-07,187249,,1.6265618801116943,,0.8613690733909607,,0.6116369366645813,,0.124985471367836
,5520.0,74,1.1034482838567783e-07,187299,,1.7884576320648193,,0.8395078778266907,,0.6116567254066467,,0.12498806416988373
,5480.0,74,8.275861773654469e-08,187349,,1.6363943815231323,,1.1320921182632446,,0.6116726398468018,,0.12499111890792847
,5480.0,74,5.5172414192838914e-08,187399,,1.541615605354309,,1.067017912864685,,0.6116902232170105,,0.12499412894248962
,5468.0,74,2.7586207096419457e-08,187449,,1.753995656967163,,1.1249421834945679,,0.6117075681686401,,0.12499631941318512
,5500.0,74,0.0,187499,,1.6881446838378906,,1.075941801071167,,0.6117258667945862,,0.12500031292438507
,5440.0,74,0.0,187549,,1.1382699012756348,,0.9487754106521606,,0.6117439270019531,,0.12500301003456116
5460.56494140625,,74,,187567,1.465651512145996,,1.0070559978485107,,0.6113960146903992,,0.12494365870952606,
