Gathered number of frames_epoch,Gathered number of frames_step,epoch,lr,step,train_feature_penalty_epoch,train_feature_penalty_step,train_loss_epoch,train_loss_step,train_masked_accuracy_epoch,train_masked_accuracy_step,train_unmasked_accuracy_epoch,train_unmasked_accuracy_step
5408.0,,11,,30097,1.1693530082702637,,1.332139492034912,,0.5652737021446228,,0.10703479498624802,
,5584.0,12,7.023448415566236e-05,30099,,1.1875193119049072,,1.5586131811141968,,0.5709064602851868,,0.09341704845428467
,5520.0,12,7.0179310569074e-05,30149,,1.2850995063781738,,1.3555327653884888,,0.5860303044319153,,0.08777517080307007
,5536.0,12,7.012413698248565e-05,30199,,1.0082839727401733,,1.2963850498199463,,0.5877621173858643,,0.08436532318592072
,5424.0,12,7.00689633958973e-05,30249,,1.065245270729065,,1.520397424697876,,0.5893617272377014,,0.08401869237422943
,5408.0,12,7.001378980930895e-05,30299,,1.2354090213775635,,1.2533302307128906,,0.5879372358322144,,0.08429277688264847
,5456.0,12,6.995862349867821e-05,30349,,1.3058167695999146,,1.5036413669586182,,0.5882337093353271,,0.08518164604902267
,5552.0,12,6.990344991208985e-05,30399,,1.3710113763809204,,1.597633957862854,,0.5878382921218872,,0.0854475200176239
,5632.0,12,6.98482763255015e-05,30449,,1.2147005796432495,,1.856100082397461,,0.5871637463569641,,0.08551211655139923
,5456.0,12,6.979310273891315e-05,30499,,1.5216891765594482,,1.4869319200515747,,0.5876963138580322,,0.08510149270296097
,5536.0,12,6.97379291523248e-05,30549,,1.2751010656356812,,1.3487873077392578,,0.5885483026504517,,0.08559882640838623
,5440.0,12,6.968275556573644e-05,30599,,1.3121751546859741,,1.2232136726379395,,0.5892317891120911,,0.08545796573162079
,5520.0,12,6.96275892551057e-05,30649,,1.1948868036270142,,1.2420815229415894,,0.5888539552688599,,0.08580747991800308
,5504.0,12,6.957241566851735e-05,30699,,1.3761744499206543,,1.6616528034210205,,0.5893268585205078,,0.08574245870113373
,5376.0,12,6.9517242081929e-05,30749,,1.222225546836853,,1.3833001852035522,,0.5894590616226196,,0.08586415648460388
,5552.0,12,6.946206849534065e-05,30799,,1.3552532196044922,,1.4491866827011108,,0.5890042185783386,,0.08574983477592468
,5376.0,12,6.940689490875229e-05,30849,,1.4932793378829956,,1.207882285118103,,0.5885428190231323,,0.08548945188522339
,5464.0,12,6.935172132216394e-05,30899,,1.5439988374710083,,1.2269744873046875,,0.5891482830047607,,0.08550697565078735
,5428.0,12,6.92965550115332e-05,30949,,1.4312249422073364,,1.1091792583465576,,0.5890591740608215,,0.08504458516836166
,5564.0,12,6.924138142494485e-05,30999,,1.5350466966629028,,1.0631002187728882,,0.5892966985702515,,0.08493530750274658
,5452.0,12,6.91862078383565e-05,31049,,1.1069749593734741,,1.3153096437454224,,0.5896371603012085,,0.08494558185338974
,5356.0,12,6.913103425176814e-05,31099,,1.2643476724624634,,1.5677845478057861,,0.5898340940475464,,0.08486078679561615
,5408.0,12,6.907586066517979e-05,31149,,1.2310158014297485,,1.2471579313278198,,0.5899127721786499,,0.08479943871498108
,5544.0,12,6.902068707859144e-05,31199,,1.5788289308547974,,1.6345294713974,,0.5895923972129822,,0.08476107567548752
,5500.0,12,6.89655207679607e-05,31249,,1.3248264789581299,,1.4072675704956055,,0.5895991325378418,,0.08490370213985443
,5528.0,12,6.891034718137234e-05,31299,,1.4648752212524414,,1.2387542724609375,,0.5892621278762817,,0.08481547236442566
,5440.0,12,6.885517359478399e-05,31349,,1.4534220695495605,,1.7019208669662476,,0.5891401171684265,,0.08478278666734695
,5568.0,12,6.880000000819564e-05,31399,,1.3905893564224243,,1.140960454940796,,0.5890393257141113,,0.08478185534477234
,5460.0,12,6.874482642160729e-05,31449,,1.4275888204574585,,1.2842878103256226,,0.5889385342597961,,0.08482346683740616
,5500.0,12,6.868965283501893e-05,31499,,1.2630735635757446,,1.340372920036316,,0.588631272315979,,0.08483248949050903
,5396.0,12,6.863447924843058e-05,31549,,1.717581868171692,,1.5382519960403442,,0.5882785320281982,,0.08499926328659058
,5576.0,12,6.857931293779984e-05,31599,,1.4469088315963745,,1.4688293933868408,,0.5881671905517578,,0.08501290529966354
,5536.0,12,6.852413935121149e-05,31649,,1.337881326675415,,1.4380507469177246,,0.5881274938583374,,0.08496876806020737
,5584.0,12,6.846896576462314e-05,31699,,1.4361618757247925,,1.3170727491378784,,0.588225245475769,,0.0848587304353714
,5488.0,12,6.841379217803478e-05,31749,,1.1894196271896362,,1.4010701179504395,,0.5882647037506104,,0.08473873883485794
,5452.0,12,6.835861859144643e-05,31799,,1.5694358348846436,,0.8848404288291931,,0.5882019400596619,,0.08465023338794708
,5476.0,12,6.830344500485808e-05,31849,,1.331999659538269,,1.7108484506607056,,0.5883063077926636,,0.08447007834911346
,5268.0,12,6.824827869422734e-05,31899,,1.3628557920455933,,1.4131792783737183,,0.5883426666259766,,0.08457494527101517
,5516.0,12,6.819310510763898e-05,31949,,1.4264100790023804,,1.7868596315383911,,0.5883135795593262,,0.08462488651275635
,5368.0,12,6.813793152105063e-05,31999,,1.6429166793823242,,1.678853988647461,,0.5883129835128784,,0.0846322625875473
,5448.0,12,6.808275793446228e-05,32049,,1.5045366287231445,,1.8045061826705933,,0.5880383253097534,,0.0846143290400505
,5416.0,12,6.802758434787393e-05,32099,,1.2198787927627563,,1.2931700944900513,,0.5879658460617065,,0.08472084254026413
,5536.0,12,6.797241076128557e-05,32149,,1.357385277748108,,1.537388801574707,,0.5876815915107727,,0.08484619110822678
,5464.0,12,6.791724445065483e-05,32199,,1.34893798828125,,1.373671531677246,,0.5872966051101685,,0.08487872034311295
,5324.0,12,6.786207086406648e-05,32249,,1.255553960800171,,1.3520652055740356,,0.5871481895446777,,0.0849980041384697
,5424.0,12,6.780689727747813e-05,32299,,1.2219771146774292,,0.9854527711868286,,0.5872549414634705,,0.08502215147018433
,5384.0,12,6.775172369088978e-05,32349,,1.438796043395996,,1.5137230157852173,,0.5874159336090088,,0.08504598587751389
,5432.0,12,6.769655010430142e-05,32399,,1.4219138622283936,,1.6910386085510254,,0.5874514579772949,,0.08501565456390381
,5588.0,12,6.764137651771307e-05,32449,,1.387677550315857,,1.4233931303024292,,0.5873000025749207,,0.08504281938076019
,5488.0,12,6.758621020708233e-05,32499,,1.4527182579040527,,1.4704437255859375,,0.587303638458252,,0.08501730859279633
,5408.0,12,6.753103662049398e-05,32549,,1.5952812433242798,,1.2839810848236084,,0.5875382423400879,,0.08500939607620239
,5428.0,12,6.747586303390563e-05,32599,,1.2358945608139038,,1.8015072345733643,,0.587651252746582,,0.0850343257188797
5462.40869140625,,12,,32605,1.3406682014465332,,1.362656831741333,,0.588390052318573,,0.08502718806266785,
,5476.0,13,6.742068944731727e-05,32649,,1.2781240940093994,,1.1764748096466064,,0.5877543687820435,,0.08520281314849854
,5444.0,13,6.736551586072892e-05,32699,,1.3208025693893433,,1.4109313488006592,,0.5878872871398926,,0.08535660058259964
,5492.0,13,6.731034227414057e-05,32749,,1.3502254486083984,,1.3460355997085571,,0.5880151987075806,,0.08542183041572571
,5484.0,13,6.725517596350983e-05,32799,,1.2908440828323364,,1.0944796800613403,,0.5883188843727112,,0.08546750247478485
,5544.0,13,6.720000237692147e-05,32849,,1.3957858085632324,,1.163008213043213,,0.5882587432861328,,0.08554934710264206
,5388.0,13,6.714482879033312e-05,32899,,1.4806768894195557,,1.9130159616470337,,0.5881491899490356,,0.08554065972566605
,5352.0,13,6.708965520374477e-05,32949,,1.1925299167633057,,1.421140432357788,,0.588248074054718,,0.08555904030799866
,5500.0,13,6.703448161715642e-05,32999,,1.2905750274658203,,0.9889975190162659,,0.5883762836456299,,0.08552263677120209
,5428.0,13,6.697930803056806e-05,33049,,1.532752513885498,,1.926671028137207,,0.5883899927139282,,0.08548856526613235
,5492.0,13,6.692413444397971e-05,33099,,1.6856187582015991,,1.2923941612243652,,0.5886374115943909,,0.08542902767658234
,5340.0,13,6.686896813334897e-05,33149,,1.4416229724884033,,1.5312517881393433,,0.5887593030929565,,0.08537528663873672
,5472.0,13,6.681379454676062e-05,33199,,1.4695816040039062,,1.4693931341171265,,0.5888592600822449,,0.08540219068527222
,5488.0,13,6.675862096017227e-05,33249,,1.4729111194610596,,1.0549362897872925,,0.5889958143234253,,0.08543645590543747
,5504.0,13,6.670344737358391e-05,33299,,1.5354869365692139,,1.3373899459838867,,0.5890840291976929,,0.08539967983961105
,5432.0,13,6.664827378699556e-05,33349,,1.5497395992279053,,1.582546591758728,,0.5890787243843079,,0.08537137508392334
,5388.0,13,6.659310020040721e-05,33399,,1.684918761253357,,1.3127508163452148,,0.5893831253051758,,0.08529265224933624
,5364.0,13,6.653793388977647e-05,33449,,1.854764699935913,,1.675750970840454,,0.5895211100578308,,0.08527550101280212
,5480.0,13,6.648276030318812e-05,33499,,1.7924275398254395,,1.2590869665145874,,0.5895261168479919,,0.08521588146686554
,5332.0,13,6.642758671659976e-05,33549,,1.484776258468628,,1.0448052883148193,,0.5895527601242065,,0.08520904928445816
,5520.0,13,6.637241313001141e-05,33599,,1.2471657991409302,,1.4364612102508545,,0.5896564722061157,,0.08520234376192093
,5536.0,13,6.631723954342306e-05,33649,,1.5195138454437256,,2.199739694595337,,0.5897262096405029,,0.0852234810590744
,5480.0,13,6.62620659568347e-05,33699,,1.2695286273956299,,2.1031322479248047,,0.5898470878601074,,0.08522220700979233
,5484.0,13,6.620689964620396e-05,33749,,1.3505343198776245,,1.6162587404251099,,0.5900074243545532,,0.0852409228682518
,5468.0,13,6.615172605961561e-05,33799,,1.711045742034912,,1.2666923999786377,,0.5901273488998413,,0.08527413755655289
,5412.0,13,6.609655247302726e-05,33849,,1.5729413032531738,,1.4569827318191528,,0.5902320146560669,,0.08530372381210327
,5552.0,13,6.60413788864389e-05,33899,,1.1500719785690308,,0.9986839890480042,,0.5902227759361267,,0.08528292179107666
,5468.0,13,6.598620529985055e-05,33949,,1.3187224864959717,,1.1964701414108276,,0.5902523398399353,,0.08530188351869583
,5436.0,13,6.59310317132622e-05,33999,,1.502336859703064,,1.552844762802124,,0.5902318954467773,,0.0853213518857956
,5364.0,13,6.587586540263146e-05,34049,,1.5888516902923584,,0.9408474564552307,,0.5902276039123535,,0.08534642308950424
,5560.0,13,6.582069181604311e-05,34099,,1.5962146520614624,,1.0335386991500854,,0.5902895927429199,,0.08533723652362823
,5436.0,13,6.576551822945476e-05,34149,,1.4284286499023438,,1.111477255821228,,0.5903792381286621,,0.08532658964395523
,5484.0,13,6.57103446428664e-05,34199,,1.0951796770095825,,0.89467853307724,,0.5905206799507141,,0.0853492021560669
,5416.0,13,6.565517105627805e-05,34249,,1.545910358428955,,1.4216090440750122,,0.5906256437301636,,0.08535639941692352
,5528.0,13,6.55999974696897e-05,34299,,1.6183573007583618,,1.357480525970459,,0.5907288789749146,,0.08536678552627563
,5516.0,13,6.554483115905896e-05,34349,,1.5979535579681396,,1.4284358024597168,,0.5908288359642029,,0.08536472916603088
,5572.0,13,6.54896575724706e-05,34399,,1.2814816236495972,,1.2598439455032349,,0.5908709764480591,,0.08535872399806976
,5524.0,13,6.543448398588225e-05,34449,,1.355302095413208,,1.337968111038208,,0.5908896327018738,,0.08535526692867279
,5488.0,13,6.53793103992939e-05,34499,,1.3785980939865112,,1.2921216487884521,,0.5908941030502319,,0.08536996692419052
,5468.0,13,6.532413681270555e-05,34549,,1.8035846948623657,,1.1749420166015625,,0.5908364057540894,,0.08540305495262146
,5376.0,13,6.52689632261172e-05,34599,,1.4019854068756104,,1.439841628074646,,0.5907863974571228,,0.08536902815103531
,5360.0,13,6.521378963952884e-05,34649,,1.4376378059387207,,1.5194451808929443,,0.590865969657898,,0.08534882962703705
,5456.0,13,6.51586233288981e-05,34699,,1.276492953300476,,1.251063585281372,,0.5909213423728943,,0.08530986309051514
,5524.0,13,6.510344974230975e-05,34749,,1.4502595663070679,,1.6356252431869507,,0.5909786224365234,,0.08529563248157501
,5472.0,13,6.50482761557214e-05,34799,,1.5792665481567383,,1.4748051166534424,,0.5910893678665161,,0.085261270403862
,5448.0,13,6.499310256913304e-05,34849,,1.277665138244629,,1.1253268718719482,,0.5911145210266113,,0.08525761216878891
,5548.0,13,6.493792898254469e-05,34899,,1.5987071990966797,,1.4626785516738892,,0.5911792516708374,,0.0852246880531311
,5488.0,13,6.488275539595634e-05,34949,,1.6813753843307495,,1.0326396226882935,,0.5912306904792786,,0.0851455107331276
,5416.0,13,6.48275890853256e-05,34999,,1.5138036012649536,,1.1592267751693726,,0.5913259387016296,,0.0851375013589859
,5508.0,13,6.477241549873725e-05,35049,,1.4349048137664795,,0.9909783005714417,,0.5913400053977966,,0.08510973304510117
,5424.0,13,6.471724191214889e-05,35099,,1.308397650718689,,1.7319570779800415,,0.5914015769958496,,0.08511389791965485
5460.771484375,,13,,35113,1.456241250038147,,1.3291229009628296,,0.5898866057395935,,0.0853285938501358,
,5380.0,14,6.466206832556054e-05,35149,,1.5081061124801636,,1.2352856397628784,,0.5912348031997681,,0.08509577810764313
,5484.0,14,6.460689473897219e-05,35199,,1.5265341997146606,,1.3436352014541626,,0.591359555721283,,0.08511625975370407
,5412.0,14,6.455172115238383e-05,35249,,1.3293322324752808,,1.45099675655365,,0.591429591178894,,0.0852050855755806
,5580.0,14,6.44965548417531e-05,35299,,1.5562584400177002,,1.4995067119598389,,0.5915639400482178,,0.0852733701467514
,5572.0,14,6.444138125516474e-05,35349,,1.6236094236373901,,1.5016651153564453,,0.5916208028793335,,0.08525975048542023
,5508.0,14,6.438620766857639e-05,35399,,1.5531038045883179,,1.4449816942214966,,0.5917404294013977,,0.08529691398143768
,5576.0,14,6.433103408198804e-05,35449,,1.887067198753357,,1.6123270988464355,,0.591813862323761,,0.08533856272697449
,5636.0,14,6.427586049539968e-05,35499,,1.5222153663635254,,1.1619746685028076,,0.5918647646903992,,0.08532696217298508
,5492.0,14,6.422068690881133e-05,35549,,1.5643959045410156,,1.282571792602539,,0.5919202566146851,,0.08533249795436859
,5448.0,14,6.416552059818059e-05,35599,,1.415764331817627,,1.114985704421997,,0.5919800996780396,,0.08535493910312653
,5452.0,14,6.411034701159224e-05,35649,,1.2576230764389038,,1.1577661037445068,,0.5921021699905396,,0.08534785360097885
,5396.0,14,6.405517342500389e-05,35699,,1.6485456228256226,,1.4677608013153076,,0.5922079682350159,,0.08533355593681335
,5464.0,14,6.399999983841553e-05,35749,,1.3043277263641357,,1.3055201768875122,,0.5922598242759705,,0.085342176258564
,5468.0,14,6.394482625182718e-05,35799,,1.702701210975647,,1.6465486288070679,,0.5922805070877075,,0.08536011725664139
,5472.0,14,6.388965266523883e-05,35849,,1.8827648162841797,,1.2892950773239136,,0.5923331379890442,,0.0853351503610611
,5536.0,14,6.383448635460809e-05,35899,,1.6044139862060547,,1.4727081060409546,,0.592366099357605,,0.08529011160135269
,5436.0,14,6.377931276801974e-05,35949,,1.5198359489440918,,1.206470012664795,,0.5923972129821777,,0.08533486723899841
,5452.0,14,6.372413918143138e-05,35999,,1.5118739604949951,,1.3489962816238403,,0.5924441814422607,,0.08533576130867004
,5508.0,14,6.366896559484303e-05,36049,,1.6743876934051514,,1.507029414176941,,0.592526912689209,,0.0853249803185463
,5568.0,14,6.361379200825468e-05,36099,,1.541861653327942,,1.1958372592926025,,0.5925307869911194,,0.08533439040184021
,5460.0,14,6.355861842166632e-05,36149,,1.1895698308944702,,1.030913233757019,,0.5925542712211609,,0.08535551279783249
,5428.0,14,6.350344483507797e-05,36199,,1.2777167558670044,,1.045526146888733,,0.5927137136459351,,0.08539652079343796
,5432.0,14,6.344827852444723e-05,36249,,1.405038595199585,,1.2979074716567993,,0.5927931070327759,,0.0854111909866333
,5396.0,14,6.339310493785888e-05,36299,,1.9252126216888428,,1.3363920450210571,,0.5928449034690857,,0.08543965220451355
,5416.0,14,6.333793135127053e-05,36349,,1.5652714967727661,,1.1769145727157593,,0.5929332375526428,,0.08544227480888367
,5472.0,14,6.328275776468217e-05,36399,,1.7741949558258057,,1.4677367210388184,,0.5929754376411438,,0.08547292649745941
,5400.0,14,6.322758417809382e-05,36449,,1.534716248512268,,1.4064840078353882,,0.5930465459823608,,0.08552990853786469
,5524.0,14,6.317241059150547e-05,36499,,1.6798524856567383,,1.1125608682632446,,0.5930910706520081,,0.08555551618337631
,5552.0,14,6.311724428087473e-05,36549,,1.5066672563552856,,1.3326971530914307,,0.5931965112686157,,0.08560585230588913
,5536.0,14,6.306207069428638e-05,36599,,1.4801808595657349,,1.3071452379226685,,0.5932800769805908,,0.08564411848783493
,5560.0,14,6.300689710769802e-05,36649,,1.472379207611084,,1.245220422744751,,0.5932862758636475,,0.08570844680070877
,5480.0,14,6.295172352110967e-05,36699,,1.5521565675735474,,1.4650925397872925,,0.5933027267456055,,0.08571632206439972
,5368.0,14,6.289654993452132e-05,36749,,1.3643627166748047,,0.8638109564781189,,0.5934100151062012,,0.08571350574493408
,5488.0,14,6.284137634793296e-05,36799,,1.3572642803192139,,1.1443835496902466,,0.5934773087501526,,0.08571671694517136
,5504.0,14,6.278621003730223e-05,36849,,1.3910120725631714,,1.0361697673797607,,0.5934879779815674,,0.08574391156435013
,5444.0,14,6.273103645071387e-05,36899,,1.4229302406311035,,1.1661397218704224,,0.5936655402183533,,0.08577411621809006
,5472.0,14,6.267586286412552e-05,36949,,1.7260326147079468,,1.145060658454895,,0.5937566161155701,,0.08577568084001541
,5512.0,14,6.262068927753717e-05,36999,,1.8805456161499023,,1.3572341203689575,,0.5938284397125244,,0.08578948676586151
,5448.0,14,6.256551569094881e-05,37049,,1.8714886903762817,,1.2587884664535522,,0.5938558578491211,,0.08577589690685272
,5488.0,14,6.251034210436046e-05,37099,,1.7705248594284058,,1.2848689556121826,,0.5939414501190186,,0.08576999604701996
,5404.0,14,6.245517579372972e-05,37149,,1.630350947380066,,1.5091720819473267,,0.5940487384796143,,0.08581561595201492
,5424.0,14,6.240000220714137e-05,37199,,1.61444890499115,,1.4731005430221558,,0.5941088199615479,,0.08582152426242828
,5440.0,14,6.234482862055302e-05,37249,,1.6816340684890747,,1.0058246850967407,,0.5941784381866455,,0.08583914488554001
,5436.0,14,6.228965503396466e-05,37299,,1.739733099937439,,1.2089425325393677,,0.5942906141281128,,0.08587130904197693
,5512.0,14,6.223448144737631e-05,37349,,1.6963001489639282,,1.2838166952133179,,0.5943905115127563,,0.08589167147874832
,5504.0,14,6.217930786078796e-05,37399,,1.79661226272583,,1.6010780334472656,,0.5944344401359558,,0.08591683208942413
,5496.0,14,6.212414155015722e-05,37449,,1.5729320049285889,,0.9895937442779541,,0.5944733619689941,,0.08595003187656403
,5468.0,14,6.206896796356887e-05,37499,,1.992497205734253,,1.4944387674331665,,0.5944741368293762,,0.0859714075922966
,5372.0,14,6.201379437698051e-05,37549,,1.473636507987976,,1.3565707206726074,,0.5946369171142578,,0.0859752893447876
,5564.0,14,6.195862079039216e-05,37599,,1.6955571174621582,,1.4948899745941162,,0.5947103500366211,,0.08598560094833374
5462.89404296875,,14,,37621,1.5770455598831177,,1.295803189277649,,0.5929898619651794,,0.08554628491401672,
,5444.0,15,6.190344720380381e-05,37649,,1.9986201524734497,,1.291556715965271,,0.5947096347808838,,0.08600956201553345
,5448.0,15,6.184827361721545e-05,37699,,1.7692296504974365,,1.1831450462341309,,0.5947633981704712,,0.08599865436553955
,5480.0,15,6.17931000306271e-05,37749,,1.6987404823303223,,1.731222152709961,,0.5948449373245239,,0.0859958752989769
,5436.0,15,6.173793371999636e-05,37799,,1.795422077178955,,1.4677194356918335,,0.594901978969574,,0.08601470291614532
,5432.0,15,6.168276013340801e-05,37849,,1.631089448928833,,1.0764113664627075,,0.5950093865394592,,0.08602841198444366
,5440.0,15,6.162758654681966e-05,37899,,1.994585394859314,,0.988879919052124,,0.5951026678085327,,0.08601868897676468
,5512.0,15,6.15724129602313e-05,37949,,2.349165201187134,,1.2471063137054443,,0.5951684713363647,,0.08602521568536758
,5448.0,15,6.151723937364295e-05,37999,,1.7181921005249023,,1.1527459621429443,,0.5952305793762207,,0.08603166788816452
,5420.0,15,6.14620657870546e-05,38049,,1.5770372152328491,,0.9537160396575928,,0.5952862501144409,,0.08603356033563614
,5500.0,15,6.140689947642386e-05,38099,,1.5260413885116577,,1.365706205368042,,0.5953891277313232,,0.08603734523057938
,5484.0,15,6.13517258898355e-05,38149,,1.4296642541885376,,0.9565423727035522,,0.5955364108085632,,0.08602345734834671
,5396.0,15,6.129655230324715e-05,38199,,1.6122733354568481,,1.4100421667099,,0.5956183671951294,,0.08602848649024963
,5400.0,15,6.12413787166588e-05,38249,,1.6390281915664673,,1.453953504562378,,0.5957595109939575,,0.08605694770812988
,5512.0,15,6.118620513007045e-05,38299,,1.7825617790222168,,1.4917831420898438,,0.595824122428894,,0.08607260882854462
,5420.0,15,6.11310315434821e-05,38349,,1.6317150592803955,,1.1369558572769165,,0.5958662629127502,,0.08608994632959366
,5448.0,15,6.107586523285136e-05,38399,,1.7595105171203613,,1.1074901819229126,,0.595905601978302,,0.08610759675502777
,5472.0,15,6.1020688008284196e-05,38449,,1.6612406969070435,,1.40517258644104,,0.5959905982017517,,0.08614277839660645
,5468.0,15,6.096551805967465e-05,38499,,1.579054355621338,,1.0440319776535034,,0.59607994556427,,0.08616393804550171
,5388.0,15,6.09103444730863e-05,38549,,1.7373183965682983,,1.4942467212677002,,0.5960946083068848,,0.08615657687187195
,5516.0,15,6.0855170886497945e-05,38599,,1.8330485820770264,,1.5552252531051636,,0.5961538553237915,,0.0861680880188942
,5472.0,15,6.08000009378884e-05,38649,,1.4614505767822266,,1.0082755088806152,,0.596175491809845,,0.08619115501642227
,5488.0,15,6.0744827351300046e-05,38699,,1.7508118152618408,,1.2581707239151,,0.5963082313537598,,0.08616320043802261
,5464.0,15,6.068965376471169e-05,38749,,1.7393938302993774,,1.1428495645523071,,0.5963816046714783,,0.08616726845502853
,5544.0,15,6.063448381610215e-05,38799,,1.6944732666015625,,1.5097013711929321,,0.596462070941925,,0.08619900792837143
,5508.0,15,6.0579310229513794e-05,38849,,1.409400224685669,,1.1936426162719727,,0.596511960029602,,0.08622441440820694
,5492.0,15,6.052413664292544e-05,38899,,1.713302731513977,,1.364264965057373,,0.5965752005577087,,0.08625226467847824
,5488.0,15,6.0468966694315895e-05,38949,,1.663286805152893,,1.1665172576904297,,0.5966980457305908,,0.08627679944038391
,5472.0,15,6.041379310772754e-05,38999,,1.4375466108322144,,0.9161491394042969,,0.5968142747879028,,0.08630173653364182
,5548.0,15,6.035861952113919e-05,39049,,1.849697232246399,,1.5620101690292358,,0.5968617796897888,,0.08628984540700912
,5440.0,15,6.0303449572529644e-05,39099,,1.5514317750930786,,1.3509011268615723,,0.5969030261039734,,0.0862952247262001
,5412.0,15,6.024827598594129e-05,39149,,1.599772572517395,,1.3697290420532227,,0.5969555974006653,,0.08630795031785965
,5448.0,15,6.019310239935294e-05,39199,,1.7338697910308838,,1.3106006383895874,,0.5970337390899658,,0.08631893992424011
,5428.0,15,6.013793245074339e-05,39249,,1.8684189319610596,,1.3028124570846558,,0.5970666408538818,,0.08631672710180283
,5504.0,15,6.008275886415504e-05,39299,,1.8760186433792114,,1.42796790599823,,0.597119927406311,,0.08634374290704727
,5556.0,15,6.0027585277566686e-05,39349,,1.7992736101150513,,1.1974177360534668,,0.5971155762672424,,0.08634257316589355
,5456.0,15,5.997241532895714e-05,39399,,1.731034755706787,,1.1806172132492065,,0.5971869230270386,,0.08636684715747833
,5484.0,15,5.991724174236879e-05,39449,,1.5717672109603882,,1.4576770067214966,,0.5972375273704529,,0.08637294173240662
,5488.0,15,5.9862068155780435e-05,39499,,1.7322680950164795,,1.7517554759979248,,0.5972671508789062,,0.08638877421617508
,5400.0,15,5.980689820717089e-05,39549,,1.7558735609054565,,1.342555284500122,,0.5973166227340698,,0.08639301359653473
,5472.0,15,5.9751724620582536e-05,39599,,1.6947602033615112,,1.5196126699447632,,0.5973643660545349,,0.08639957010746002
,5320.0,15,5.969655103399418e-05,39649,,1.8726491928100586,,0.7457164525985718,,0.5974315404891968,,0.08641752600669861
,5440.0,15,5.964138108538464e-05,39699,,1.6597918272018433,,1.5130170583724976,,0.5974754095077515,,0.08643060177564621
,5448.0,15,5.9586207498796284e-05,39749,,1.8173893690109253,,1.383951187133789,,0.5974835157394409,,0.08645167946815491
,5448.0,15,5.953103391220793e-05,39799,,1.785221815109253,,1.4827467203140259,,0.5975263714790344,,0.08647575974464417
,5436.0,15,5.947586032561958e-05,39849,,1.7803821563720703,,1.394858479499817,,0.597582221031189,,0.08647756278514862
,5476.0,15,5.942069037701003e-05,39899,,1.872641921043396,,1.141437292098999,,0.5976318120956421,,0.08650387823581696
,5408.0,15,5.936551679042168e-05,39949,,1.553490400314331,,1.3082448244094849,,0.5976635813713074,,0.08648870140314102
,5452.0,15,5.931034320383333e-05,39999,,1.9906734228134155,,1.0400327444076538,,0.5977146029472351,,0.08648324012756348
,5500.0,15,5.925517325522378e-05,40049,,1.9742249250411987,,1.552778720855713,,0.5978266000747681,,0.08648677170276642
,5556.0,15,5.919999966863543e-05,40099,,1.6396852731704712,,0.9114792943000793,,0.5979024767875671,,0.0865090936422348
5461.95166015625,,15,,40129,1.7135233879089355,,1.2800556421279907,,0.5964748859405518,,0.08623965829610825,
,5472.0,16,5.9144826082047075e-05,40149,,1.5726321935653687,,1.3376524448394775,,0.5979243516921997,,0.08650656044483185
,5456.0,16,5.908965613343753e-05,40199,,1.8823049068450928,,1.5884474515914917,,0.5979456305503845,,0.08650422841310501
,5552.0,16,5.9034482546849176e-05,40249,,1.5385056734085083,,1.4005115032196045,,0.5979951024055481,,0.08651717007160187
,5436.0,16,5.897930896026082e-05,40299,,1.7649037837982178,,1.442121148109436,,0.5980442762374878,,0.086534783244133
,5524.0,16,5.892413901165128e-05,40349,,1.7375222444534302,,1.3518040180206299,,0.5981238484382629,,0.08653461933135986
,5440.0,16,5.8868965425062925e-05,40399,,1.723456859588623,,1.2510899305343628,,0.5981932282447815,,0.08653296530246735
,5476.0,16,5.881379183847457e-05,40449,,1.536179780960083,,1.373976707458496,,0.5982476472854614,,0.08653822541236877
,5436.0,16,5.8758621889865026e-05,40499,,1.5294835567474365,,1.1183934211730957,,0.5983060598373413,,0.0865507572889328
,5496.0,16,5.870344830327667e-05,40549,,1.8819385766983032,,1.6199647188186646,,0.5983696579933167,,0.08654840290546417
,5528.0,16,5.864827471668832e-05,40599,,1.747604489326477,,1.2876431941986084,,0.598464846611023,,0.086532361805439
,5456.0,16,5.8593104768078774e-05,40649,,1.630009651184082,,1.0256685018539429,,0.5985614061355591,,0.08655473589897156
,5392.0,16,5.853793118149042e-05,40699,,1.4818474054336548,,0.9372273683547974,,0.5986457467079163,,0.08656255900859833
,5468.0,16,5.848275759490207e-05,40749,,2.254964828491211,,1.4230040311813354,,0.5987597107887268,,0.08656435459852219
,5468.0,16,5.842758764629252e-05,40799,,1.505284070968628,,0.705847442150116,,0.5988168716430664,,0.08657888323068619
,5436.0,16,5.837241405970417e-05,40849,,1.7032791376113892,,1.1929337978363037,,0.5988790988922119,,0.0866035744547844
,5420.0,16,5.831724047311582e-05,40899,,1.7395986318588257,,1.0393239259719849,,0.5989799499511719,,0.08663396537303925
,5484.0,16,5.826207052450627e-05,40949,,1.8592852354049683,,1.4959919452667236,,0.5990641713142395,,0.08663708716630936
,5484.0,16,5.820689693791792e-05,40999,,1.6730741262435913,,1.050492286682129,,0.5991246700286865,,0.08663399517536163
,5388.0,16,5.8151723351329565e-05,41049,,1.5033470392227173,,0.9731357097625732,,0.5991716384887695,,0.08663392812013626
,5504.0,16,5.809655340272002e-05,41099,,1.956176996231079,,1.2212122678756714,,0.5992474555969238,,0.08665163069963455
,5464.0,16,5.8041379816131666e-05,41149,,1.6274460554122925,,1.4402692317962646,,0.5992871522903442,,0.08664929121732712
,5476.0,16,5.798620622954331e-05,41199,,1.730627417564392,,1.4465304613113403,,0.5993333458900452,,0.0866456925868988
,5380.0,16,5.793103628093377e-05,41249,,1.351786732673645,,1.0794888734817505,,0.5994036197662354,,0.08665086328983307
,5500.0,16,5.7875862694345415e-05,41299,,1.9215407371520996,,1.2783297300338745,,0.5994526147842407,,0.08663630485534668
,5488.0,16,5.782068910775706e-05,41349,,1.948943018913269,,1.5720826387405396,,0.5994985699653625,,0.08665112406015396
,5408.0,16,5.776551552116871e-05,41399,,1.911110520362854,,1.418278455734253,,0.5995665788650513,,0.08664959669113159
,5468.0,16,5.771034557255916e-05,41449,,1.934868335723877,,1.465319275856018,,0.5996131300926208,,0.0866469293832779
,5480.0,16,5.765517198597081e-05,41499,,1.8987377882003784,,1.717588186264038,,0.5996516942977905,,0.08665869385004044
,5456.0,16,5.759999839938246e-05,41549,,1.7514560222625732,,1.2985436916351318,,0.5997178554534912,,0.08669385313987732
,5464.0,16,5.754482845077291e-05,41599,,1.7542381286621094,,1.000756025314331,,0.5997910499572754,,0.08671478927135468
,5440.0,16,5.748965486418456e-05,41649,,1.9196782112121582,,1.531160593032837,,0.5998480319976807,,0.08672298491001129
,5396.0,16,5.7434481277596205e-05,41699,,1.5830010175704956,,1.071225881576538,,0.5999094247817993,,0.0867474153637886
,5568.0,16,5.737931132898666e-05,41749,,1.8668617010116577,,1.0763944387435913,,0.5999545454978943,,0.08675415068864822
,5468.0,16,5.732413774239831e-05,41799,,1.8595480918884277,,1.4394727945327759,,0.5999890565872192,,0.08678129315376282
,5448.0,16,5.7268964155809954e-05,41849,,1.3705350160598755,,0.9564296007156372,,0.6000474095344543,,0.08681561797857285
,5504.0,16,5.721379420720041e-05,41899,,1.9474709033966064,,1.158298134803772,,0.6000970602035522,,0.08684143424034119
,5416.0,16,5.7158620620612055e-05,41949,,1.9584486484527588,,1.6071734428405762,,0.6001272797584534,,0.08687113225460052
,5484.0,16,5.71034470340237e-05,41999,,1.6908864974975586,,1.3821054697036743,,0.6001660823822021,,0.08690525591373444
,5424.0,16,5.7048277085414156e-05,42049,,1.6290982961654663,,1.0493214130401611,,0.6002406477928162,,0.08693588525056839
,5512.0,16,5.6993103498825803e-05,42099,,1.9365344047546387,,1.4139955043792725,,0.6003069877624512,,0.0869801938533783
,5432.0,16,5.693792991223745e-05,42149,,1.9555612802505493,,1.235124945640564,,0.6004093885421753,,0.08700507879257202
,5436.0,16,5.6882759963627905e-05,42199,,2.265573263168335,,1.1764743328094482,,0.6004205942153931,,0.08702699840068817
,5476.0,16,5.682758637703955e-05,42249,,1.7847192287445068,,1.1740827560424805,,0.6005077958106995,,0.08704644441604614
,5484.0,16,5.67724127904512e-05,42299,,2.086200714111328,,1.2043911218643188,,0.6005709767341614,,0.08706680685281754
,5492.0,16,5.671724284184165e-05,42349,,2.3771791458129883,,1.1398370265960693,,0.6006399989128113,,0.08708477020263672
,5420.0,16,5.66620692552533e-05,42399,,1.7639186382293701,,1.0814427137374878,,0.6007174253463745,,0.08710529655218124
,5436.0,16,5.660689566866495e-05,42449,,1.8171638250350952,,1.283138632774353,,0.6007589101791382,,0.08714380860328674
,5452.0,16,5.65517257200554e-05,42499,,1.69777512550354,,1.2535756826400757,,0.6008147597312927,,0.08716609328985214
,5432.0,16,5.649655213346705e-05,42549,,1.7853164672851562,,1.1923482418060303,,0.6008628010749817,,0.08720584213733673
,5456.0,16,5.6441378546878695e-05,42599,,1.8308864831924438,,1.1812494993209839,,0.6009290218353271,,0.08723528683185577
5461.51904296875,,16,,42637,1.8250064849853516,,1.2545912265777588,,0.5994971394538879,,0.08675333112478256,
,5464.0,17,5.638620859826915e-05,42649,,1.9578542709350586,,1.0908712148666382,,0.60100257396698,,0.08727487176656723
,5504.0,17,5.63310350116808e-05,42699,,1.6799038648605347,,1.1007208824157715,,0.6010817289352417,,0.08730315417051315
,5496.0,17,5.6275861425092444e-05,42749,,1.8606840372085571,,1.18880033493042,,0.6011151075363159,,0.08730870485305786
,5416.0,17,5.622068783850409e-05,42799,,2.405630588531494,,0.8862713575363159,,0.6012008786201477,,0.08731510490179062
,5444.0,17,5.6165517889894545e-05,42849,,2.134934186935425,,1.5316106081008911,,0.6012594699859619,,0.08731429278850555
,5444.0,17,5.611034430330619e-05,42899,,2.106078624725342,,1.397797703742981,,0.601325511932373,,0.08732014894485474
,5472.0,17,5.605517071671784e-05,42949,,2.1008453369140625,,1.7237101793289185,,0.6013883352279663,,0.08734185993671417
,5440.0,17,5.6000000768108293e-05,42999,,2.0527353286743164,,1.350345492362976,,0.6014488935470581,,0.08737543225288391
,5500.0,17,5.594482718151994e-05,43049,,1.9414284229278564,,1.4232456684112549,,0.6015174984931946,,0.08740627020597458
,5540.0,17,5.588965359493159e-05,43099,,1.9902290105819702,,1.5746643543243408,,0.6015569567680359,,0.08743040263652802
,5436.0,17,5.583448364632204e-05,43149,,1.670548915863037,,1.2804293632507324,,0.6016364097595215,,0.08745022118091583
,5472.0,17,5.577931005973369e-05,43199,,2.0733816623687744,,1.32266104221344,,0.6017122864723206,,0.08747170865535736
,5488.0,17,5.5724136473145336e-05,43249,,2.2249181270599365,,1.293455719947815,,0.6017963886260986,,0.0874682068824768
,5540.0,17,5.566896652453579e-05,43299,,1.945015788078308,,1.3179879188537598,,0.6018350124359131,,0.08748184144496918
,5444.0,17,5.561379293794744e-05,43349,,1.461134433746338,,0.9452442526817322,,0.6018937230110168,,0.08748447149991989
,5464.0,17,5.5558619351359084e-05,43399,,1.5068427324295044,,0.9441037774085999,,0.6019456386566162,,0.08749589323997498
,5520.0,17,5.550344940274954e-05,43449,,1.9103691577911377,,1.190116286277771,,0.6019927263259888,,0.08752219378948212
,5496.0,17,5.5448275816161186e-05,43499,,1.7031413316726685,,1.1647660732269287,,0.6020495295524597,,0.08753595501184464
,5460.0,17,5.539310222957283e-05,43549,,1.9027372598648071,,1.5196677446365356,,0.6021242737770081,,0.08756330609321594
,5428.0,17,5.533793228096329e-05,43599,,2.0838191509246826,,0.9618296027183533,,0.602196455001831,,0.08756489306688309
,5504.0,17,5.5282758694374934e-05,43649,,2.059356451034546,,0.9881781935691833,,0.6022722721099854,,0.08757901936769485
,5464.0,17,5.522758510778658e-05,43699,,2.0041496753692627,,1.3825371265411377,,0.6023386716842651,,0.08758863061666489
,5436.0,17,5.5172415159177035e-05,43749,,1.6614830493927002,,1.128612995147705,,0.6023973822593689,,0.08760824054479599
,5440.0,17,5.511724157258868e-05,43799,,1.8145942687988281,,0.975372314453125,,0.6024812459945679,,0.08762354403734207
,5436.0,17,5.506206798600033e-05,43849,,1.6351466178894043,,1.296822190284729,,0.6025094985961914,,0.08765263110399246
,5440.0,17,5.5006898037390783e-05,43899,,1.3636268377304077,,0.8627827763557434,,0.6025435924530029,,0.08766645193099976
,5408.0,17,5.495172445080243e-05,43949,,1.9466642141342163,,1.6152054071426392,,0.602627158164978,,0.08767920732498169
,5428.0,17,5.489655086421408e-05,43999,,2.0859498977661133,,1.569824457168579,,0.6026955246925354,,0.08768898248672485
,5468.0,17,5.484138091560453e-05,44049,,1.9272253513336182,,0.9375185966491699,,0.6027556657791138,,0.08770954608917236
,5464.0,17,5.478620732901618e-05,44099,,1.906807780265808,,1.3564233779907227,,0.6028130054473877,,0.08772317320108414
,5500.0,17,5.4731033742427826e-05,44149,,1.9532356262207031,,1.3728216886520386,,0.6028581857681274,,0.08773083984851837
,5488.0,17,5.467586379381828e-05,44199,,2.1086883544921875,,1.0840952396392822,,0.6029131412506104,,0.08776436746120453
,5420.0,17,5.462069020722993e-05,44249,,2.1774935722351074,,1.4117199182510376,,0.6029687523841858,,0.08777473866939545
,5436.0,17,5.4565516620641574e-05,44299,,1.4965287446975708,,0.7451177835464478,,0.6029768586158752,,0.08778388798236847
,5452.0,17,5.451034303405322e-05,44349,,2.1199214458465576,,1.4591270685195923,,0.6030341386795044,,0.0878123790025711
,5488.0,17,5.4455173085443676e-05,44399,,1.8504679203033447,,1.191953182220459,,0.603081226348877,,0.08783017098903656
,5488.0,17,5.439999949885532e-05,44449,,2.0593979358673096,,1.338252305984497,,0.6031574606895447,,0.08784720301628113
,5472.0,17,5.434482591226697e-05,44499,,1.860446572303772,,1.4490137100219727,,0.6032174229621887,,0.08786813914775848
,5504.0,17,5.4289655963657424e-05,44549,,1.8500447273254395,,0.9371118545532227,,0.6032662987709045,,0.08787751942873001
,5500.0,17,5.423448237706907e-05,44599,,2.1692557334899902,,1.3619215488433838,,0.6033166646957397,,0.08789083361625671
,5424.0,17,5.417930879048072e-05,44649,,2.385948896408081,,1.1194857358932495,,0.60334312915802,,0.08789753913879395
,5432.0,17,5.412413884187117e-05,44699,,2.0396790504455566,,1.1877374649047852,,0.6033931970596313,,0.08792240917682648
,5512.0,17,5.406896525528282e-05,44749,,2.1905934810638428,,1.2331892251968384,,0.6034296154975891,,0.08793321251869202
,5324.0,17,5.4013791668694466e-05,44799,,1.9540085792541504,,0.9235975742340088,,0.6034885048866272,,0.08794496208429337
,5500.0,17,5.395862172008492e-05,44849,,1.6683781147003174,,0.9086267948150635,,0.6035268902778625,,0.08796509355306625
,5556.0,17,5.390344813349657e-05,44899,,2.28810977935791,,1.5139926671981812,,0.6035875082015991,,0.0879848524928093
,5408.0,17,5.3848274546908215e-05,44949,,1.9175527095794678,,1.065598964691162,,0.6036330461502075,,0.08799266815185547
,5424.0,17,5.379310459829867e-05,44999,,1.8878600597381592,,0.9923834204673767,,0.6036781072616577,,0.0880107581615448
,5388.0,17,5.3737931011710316e-05,45049,,2.9925408363342285,,0.908301830291748,,0.6037219762802124,,0.0880245566368103
,5508.0,17,5.368275742512196e-05,45099,,1.9765868186950684,,0.979560136795044,,0.6037495732307434,,0.08805814385414124
5460.67041015625,,17,,45145,1.9546433687210083,,1.2326090335845947,,0.6025105118751526,,0.08766546845436096,
,5556.0,18,5.362758747651242e-05,45149,,2.080144166946411,,1.1497361660003662,,0.6038042306900024,,0.08808644860982895
,5472.0,18,5.3572413889924064e-05,45199,,2.1572375297546387,,1.3715665340423584,,0.6038635969161987,,0.08811062574386597
,5484.0,18,5.351724030333571e-05,45249,,2.0774757862091064,,0.9522071480751038,,0.6039249300956726,,0.08812159299850464
,5588.0,18,5.3462070354726166e-05,45299,,1.7992055416107178,,1.4804744720458984,,0.6039621829986572,,0.08815021812915802
,5464.0,18,5.340689676813781e-05,45349,,2.23582124710083,,1.5293692350387573,,0.604006290435791,,0.08818206191062927
,5460.0,18,5.335172318154946e-05,45399,,1.9879828691482544,,1.3660633563995361,,0.604059636592865,,0.08821062743663788
,5436.0,18,5.3296553232939914e-05,45449,,2.0433757305145264,,1.4373736381530762,,0.6041077375411987,,0.08823424577713013
,5532.0,18,5.324137964635156e-05,45499,,1.727110505104065,,0.903230607509613,,0.6041585206985474,,0.08825884014368057
,5436.0,18,5.318620605976321e-05,45549,,1.7788944244384766,,1.0540663003921509,,0.6042104959487915,,0.08828215301036835
,5476.0,18,5.313103611115366e-05,45599,,1.8978346586227417,,1.1549139022827148,,0.6042746305465698,,0.08830750733613968
,5452.0,18,5.307586252456531e-05,45649,,1.9838144779205322,,1.1127023696899414,,0.6043598055839539,,0.08833000808954239
,5416.0,18,5.3020688937976956e-05,45699,,1.952141523361206,,1.580938458442688,,0.6044301986694336,,0.08835355937480927
,5516.0,18,5.296551898936741e-05,45749,,2.3661365509033203,,1.5632644891738892,,0.6044966578483582,,0.08837834000587463
,5440.0,18,5.291034540277906e-05,45799,,1.5662463903427124,,0.49353447556495667,,0.60453861951828,,0.08840420097112656
,5424.0,18,5.2855171816190705e-05,45849,,2.1281471252441406,,1.070657730102539,,0.6045845746994019,,0.08842302858829498
,5492.0,18,5.279999822960235e-05,45899,,1.9710967540740967,,1.0124808549880981,,0.6046280860900879,,0.08843611180782318
,5504.0,18,5.2744828280992806e-05,45949,,2.080976724624634,,1.0909126996994019,,0.6046696901321411,,0.08845458924770355
,5480.0,18,5.268965469440445e-05,45999,,2.2199933528900146,,1.1282767057418823,,0.6047410368919373,,0.08846781402826309
,5420.0,18,5.26344811078161e-05,46049,,2.361135482788086,,1.1896270513534546,,0.604784369468689,,0.08847605437040329
,5492.0,18,5.2579311159206554e-05,46099,,1.9789414405822754,,1.1950387954711914,,0.604838490486145,,0.08847495913505554
,5464.0,18,5.25241375726182e-05,46149,,2.3026416301727295,,1.4773454666137695,,0.6049018502235413,,0.08849610388278961
,5456.0,18,5.246896398602985e-05,46199,,1.7566986083984375,,1.0373390913009644,,0.6049360036849976,,0.08851872384548187
,5488.0,18,5.24137940374203e-05,46249,,2.0335028171539307,,1.4903054237365723,,0.604993999004364,,0.08851712942123413
,5476.0,18,5.235862045083195e-05,46299,,2.2690014839172363,,1.2529518604278564,,0.6050311326980591,,0.08852975070476532
,5428.0,18,5.23034468642436e-05,46349,,2.2497668266296387,,1.1998766660690308,,0.6050832271575928,,0.08855758607387543
,5428.0,18,5.224827691563405e-05,46399,,2.228477954864502,,1.5709654092788696,,0.6051570177078247,,0.08856990933418274
,5512.0,18,5.21931033290457e-05,46449,,2.3368284702301025,,1.1595203876495361,,0.6052047610282898,,0.08857731521129608
,5440.0,18,5.2137929742457345e-05,46499,,1.904005765914917,,1.075514793395996,,0.6052882671356201,,0.0885983407497406
,5548.0,18,5.20827597938478e-05,46549,,2.219910144805908,,1.3789007663726807,,0.6053400039672852,,0.08860621601343155
,5472.0,18,5.2027586207259446e-05,46599,,1.9171839952468872,,0.8841451406478882,,0.6053605079650879,,0.08860854059457779
,5436.0,18,5.1972412620671093e-05,46649,,1.9806801080703735,,0.9639841914176941,,0.6054202318191528,,0.08860810846090317
,5384.0,18,5.191724267206155e-05,46699,,1.6920032501220703,,1.0310981273651123,,0.60548335313797,,0.08861920982599258
,5484.0,18,5.1862069085473195e-05,46749,,2.5018954277038574,,0.9931955337524414,,0.605530858039856,,0.08861884474754333
,5468.0,18,5.180689549888484e-05,46799,,1.9915030002593994,,1.2932507991790771,,0.6055981516838074,,0.08861879259347916
,5464.0,18,5.1751725550275296e-05,46849,,2.014444589614868,,1.320345401763916,,0.6056610345840454,,0.08862686902284622
,5476.0,18,5.169655196368694e-05,46899,,2.0245203971862793,,1.3098829984664917,,0.6057258248329163,,0.08863065391778946
,5480.0,18,5.164137837709859e-05,46949,,2.0120158195495605,,1.1488597393035889,,0.6057782173156738,,0.08862724900245667
,5424.0,18,5.1586208428489044e-05,46999,,2.1230385303497314,,1.278071403503418,,0.6058335900306702,,0.08863022178411484
,5472.0,18,5.153103484190069e-05,47049,,2.2532083988189697,,1.0454232692718506,,0.6058621406555176,,0.08864056318998337
,5424.0,18,5.147586125531234e-05,47099,,2.1222503185272217,,1.4258772134780884,,0.6059070229530334,,0.08865217864513397
,5424.0,18,5.142069130670279e-05,47149,,2.129142999649048,,1.4582794904708862,,0.6059547066688538,,0.08866526931524277
,5488.0,18,5.136551772011444e-05,47199,,1.9767264127731323,,1.2542139291763306,,0.6059932112693787,,0.08867759257555008
,5488.0,18,5.131034413352609e-05,47249,,2.164156913757324,,1.350130319595337,,0.6060468554496765,,0.08869080245494843
,5492.0,18,5.125517418491654e-05,47299,,2.243401050567627,,1.0004161596298218,,0.6060875058174133,,0.0887107253074646
,5436.0,18,5.120000059832819e-05,47349,,2.3758513927459717,,1.3619740009307861,,0.6061345934867859,,0.08872440457344055
,5468.0,18,5.1144827011739835e-05,47399,,2.283824920654297,,1.0255200862884521,,0.6061941385269165,,0.08873486518859863
,5468.0,18,5.108965342515148e-05,47449,,2.0345308780670166,,1.2857964038848877,,0.6062467098236084,,0.08875498175621033
,5512.0,18,5.1034483476541936e-05,47499,,2.321063756942749,,1.2074214220046997,,0.6063074469566345,,0.08878253400325775
,5540.0,18,5.0979309889953583e-05,47549,,2.2570838928222656,,1.1890487670898438,,0.6063445210456848,,0.08879289031028748
,5472.0,18,5.092413630336523e-05,47599,,2.1256725788116455,,1.1559220552444458,,0.606400728225708,,0.08880961686372757
,5496.0,18,5.0868966354755685e-05,47649,,2.2532541751861572,,1.4190926551818848,,0.6064494848251343,,0.08882343024015427
5463.806640625,,18,,47653,2.083948850631714,,1.2211359739303589,,0.6051667332649231,,0.088516004383564,
,5524.0,19,5.081379276816733e-05,47699,,2.1095850467681885,,1.140128254890442,,0.6065095067024231,,0.08883285522460938
,5464.0,19,5.075861918157898e-05,47749,,2.2928621768951416,,1.0976625680923462,,0.6065624952316284,,0.0888390839099884
,5436.0,19,5.070344923296943e-05,47799,,1.9620529413223267,,1.096003532409668,,0.6066276431083679,,0.08884933590888977
,5456.0,19,5.064827564638108e-05,47849,,2.041754961013794,,1.2480602264404297,,0.6067057847976685,,0.08886775374412537
,5428.0,19,5.059310205979273e-05,47899,,2.354496717453003,,1.3724578619003296,,0.6067590117454529,,0.08887532353401184
,5460.0,19,5.053793211118318e-05,47949,,1.834509015083313,,1.3491533994674683,,0.606829822063446,,0.08889655768871307
,5408.0,19,5.048275852459483e-05,47999,,2.088880777359009,,1.4294683933258057,,0.6068544983863831,,0.0889127105474472
,5436.0,19,5.0427584938006476e-05,48049,,2.3819057941436768,,1.4474992752075195,,0.6069217920303345,,0.0889393538236618
,5472.0,19,5.037241498939693e-05,48099,,1.826871395111084,,0.8734296560287476,,0.6070020198822021,,0.08895750343799591
,5460.0,19,5.031724140280858e-05,48149,,2.310450553894043,,1.0413234233856201,,0.6070402264595032,,0.08898073434829712
,5520.0,19,5.0262067816220224e-05,48199,,2.239288806915283,,1.4841108322143555,,0.6070757508277893,,0.08899352699518204
,5524.0,19,5.020689786761068e-05,48249,,1.9385952949523926,,1.1252914667129517,,0.6071203351020813,,0.08900070935487747
,5504.0,19,5.0151724281022325e-05,48299,,2.060555934906006,,1.1060235500335693,,0.607177734375,,0.08901187032461166
,5504.0,19,5.009655069443397e-05,48349,,1.7821927070617676,,0.953774631023407,,0.6072341799736023,,0.08902637660503387
,5388.0,19,5.0041380745824426e-05,48399,,2.0841896533966064,,1.458998203277588,,0.6072626709938049,,0.08903714269399643
,5432.0,19,4.9986207159236073e-05,48449,,1.643202304840088,,0.8416419625282288,,0.6072985529899597,,0.08906016498804092
,5404.0,19,4.993103357264772e-05,48499,,2.2916789054870605,,1.4826602935791016,,0.6073406934738159,,0.08908358216285706
,5476.0,19,4.9875863624038175e-05,48549,,2.205792188644409,,1.2364203929901123,,0.6073997020721436,,0.08909739553928375
,5436.0,19,4.982069003744982e-05,48599,,2.0678932666778564,,1.1735937595367432,,0.6074725389480591,,0.08909932523965836
,5476.0,19,4.976551645086147e-05,48649,,2.1075737476348877,,1.4441025257110596,,0.60750412940979,,0.08911485970020294
,5476.0,19,4.971034650225192e-05,48699,,1.8212637901306152,,1.0578912496566772,,0.6075343489646912,,0.08912597596645355
,5428.0,19,4.965517291566357e-05,48749,,2.0999748706817627,,1.1690640449523926,,0.6075693964958191,,0.08915072679519653
,5452.0,19,4.959999932907522e-05,48799,,2.1457114219665527,,1.2157762050628662,,0.6076352000236511,,0.08916062116622925
,5436.0,19,4.954482938046567e-05,48849,,2.7080960273742676,,1.4963328838348389,,0.6076900959014893,,0.08916662633419037
,5392.0,19,4.948965579387732e-05,48899,,1.935412883758545,,0.9820799827575684,,0.6077218651771545,,0.08917107433080673
,5492.0,19,4.9434482207288966e-05,48949,,2.0518858432769775,,1.207661747932434,,0.6077605485916138,,0.08916869014501572
,5536.0,19,4.937930862070061e-05,48999,,1.973737359046936,,1.224751591682434,,0.607815146446228,,0.08917874842882156
,5396.0,19,4.932413867209107e-05,49049,,2.362584114074707,,1.3194166421890259,,0.6078681945800781,,0.08917674422264099
,5376.0,19,4.9268965085502714e-05,49099,,2.5177183151245117,,1.2067341804504395,,0.6079360246658325,,0.08917945623397827
,5464.0,19,4.921379149891436e-05,49149,,2.01641845703125,,0.8130128979682922,,0.6079896092414856,,0.08919370919466019
,5492.0,19,4.9158621550304815e-05,49199,,2.3985509872436523,,1.2043800354003906,,0.6080231070518494,,0.08921066671609879
,5512.0,19,4.910344796371646e-05,49249,,2.4519989490509033,,1.0715186595916748,,0.6080656051635742,,0.08924414217472076
,5496.0,19,4.904827437712811e-05,49299,,2.2569146156311035,,1.5897362232208252,,0.6081112027168274,,0.08925797045230865
,5476.0,19,4.8993104428518564e-05,49349,,2.0844614505767822,,1.1442172527313232,,0.6081529855728149,,0.08926588296890259
,5472.0,19,4.893793084193021e-05,49399,,2.159083843231201,,1.3613824844360352,,0.6081738471984863,,0.08927204459905624
,5432.0,19,4.888275725534186e-05,49449,,2.6417930126190186,,1.2030543088912964,,0.6082304120063782,,0.08928102254867554
,5464.0,19,4.882758730673231e-05,49499,,2.1342885494232178,,0.8811598420143127,,0.6082831621170044,,0.08928658813238144
,5460.0,19,4.877241372014396e-05,49549,,1.6286760568618774,,0.8730964064598083,,0.6083377599716187,,0.08929181098937988
,5464.0,19,4.8717240133555606e-05,49599,,1.8922781944274902,,1.0168521404266357,,0.6084036827087402,,0.08930027484893799
,5428.0,19,4.866207018494606e-05,49649,,2.5312070846557617,,0.9448339343070984,,0.6084669828414917,,0.08930955082178116
,5392.0,19,4.860689659835771e-05,49699,,2.6065831184387207,,1.257239818572998,,0.6085279583930969,,0.08930350840091705
,5452.0,19,4.8551723011769354e-05,49749,,2.3690168857574463,,1.0554178953170776,,0.6086053848266602,,0.08931407332420349
,5416.0,19,4.849655306315981e-05,49799,,2.122051239013672,,0.7334179878234863,,0.6086516380310059,,0.089317187666893
,5488.0,19,4.8441379476571456e-05,49849,,2.168400764465332,,1.3208829164505005,,0.6087101697921753,,0.08931021392345428
,5460.0,19,4.83862058899831e-05,49899,,2.4361274242401123,,1.0960090160369873,,0.608764111995697,,0.08931159973144531
,5436.0,19,4.833103594137356e-05,49949,,2.1857008934020996,,1.149350643157959,,0.6088158488273621,,0.08931495249271393
,5392.0,19,4.8275862354785204e-05,49999,,2.0178065299987793,,0.9194566011428833,,0.6088557243347168,,0.08932358026504517
,5472.0,19,4.822068876819685e-05,50049,,2.28511905670166,,1.498832106590271,,0.608893871307373,,0.08933504670858383
,5440.0,19,4.8165518819587305e-05,50099,,2.382554292678833,,1.3794015645980835,,0.6089355945587158,,0.08935371041297913
,5440.0,19,4.811034523299895e-05,50149,,2.007852792739868,,1.0295336246490479,,0.6089685559272766,,0.08936694264411926
5462.384765625,,19,,50161,2.1741933822631836,,1.1986624002456665,,0.607761800289154,,0.08914108574390411,
,5496.0,20,4.80551716464106e-05,50199,,2.681023120880127,,1.335676908493042,,0.6090149879455566,,0.08938630670309067
,5420.0,20,4.8000001697801054e-05,50249,,2.0735983848571777,,1.1285812854766846,,0.6090639233589172,,0.08940762281417847
,5504.0,20,4.79448281112127e-05,50299,,2.2487356662750244,,1.4367948770523071,,0.609112024307251,,0.08942914009094238
,5424.0,20,4.788965452462435e-05,50349,,2.1640028953552246,,1.05332612991333,,0.6091381311416626,,0.08944415301084518
,5436.0,20,4.78344845760148e-05,50399,,2.628629684448242,,1.2885851860046387,,0.6091872453689575,,0.08945216238498688
,5404.0,20,4.777931098942645e-05,50449,,2.2701451778411865,,1.425954818725586,,0.609248161315918,,0.08945666998624802
,5496.0,20,4.7724137402838096e-05,50499,,1.878006935119629,,0.9303503632545471,,0.6093000769615173,,0.08947064727544785
,5420.0,20,4.766896381624974e-05,50549,,1.8674923181533813,,1.38441801071167,,0.6093592047691345,,0.0894828736782074
,5476.0,20,4.76137938676402e-05,50599,,2.079064130783081,,1.0527722835540771,,0.6094069480895996,,0.08949293196201324
,5504.0,20,4.7558620281051844e-05,50649,,2.324627161026001,,1.2683062553405762,,0.609449028968811,,0.0895051583647728
,5524.0,20,4.750344669446349e-05,50699,,2.4821665287017822,,1.7305760383605957,,0.6094952821731567,,0.08951064944267273
,5500.0,20,4.7448276745853946e-05,50749,,2.621976852416992,,1.1813619136810303,,0.6095522046089172,,0.08952345699071884
,5516.0,20,4.739310315926559e-05,50799,,1.7142887115478516,,1.2560783624649048,,0.609604001045227,,0.08953537046909332
,5428.0,20,4.733792957267724e-05,50849,,1.9668188095092773,,1.1668412685394287,,0.609662652015686,,0.08954642713069916
,5480.0,20,4.7282759624067694e-05,50899,,2.7704837322235107,,0.6777081489562988,,0.6097281575202942,,0.08955742418766022
,5436.0,20,4.722758603747934e-05,50949,,2.238490343093872,,0.8457414507865906,,0.6097836494445801,,0.08957042545080185
,5484.0,20,4.717241245089099e-05,50999,,1.9268741607666016,,1.2677642107009888,,0.6098179221153259,,0.08958342671394348
,5444.0,20,4.711724250228144e-05,51049,,1.949660062789917,,1.435575008392334,,0.6098794937133789,,0.08960235863924026
,5380.0,20,4.706206891569309e-05,51099,,2.0941638946533203,,1.4262878894805908,,0.6099422574043274,,0.08960974216461182
,5444.0,20,4.7006895329104736e-05,51149,,2.5999510288238525,,1.641498327255249,,0.6099950671195984,,0.08961492776870728
,5460.0,20,4.695172538049519e-05,51199,,2.1573588848114014,,1.2713333368301392,,0.610023558139801,,0.08962345123291016
,5564.0,20,4.689655179390684e-05,51249,,2.6620569229125977,,1.4932712316513062,,0.610073447227478,,0.08963586390018463
,5520.0,20,4.6841378207318485e-05,51299,,2.235201120376587,,1.048387050628662,,0.6101101040840149,,0.08964665234088898
,5488.0,20,4.678620825870894e-05,51349,,2.3297624588012695,,1.4316160678863525,,0.6101593971252441,,0.08964750915765762
,5476.0,20,4.6731034672120586e-05,51399,,2.2783071994781494,,1.1637712717056274,,0.6101858615875244,,0.08965176343917847
,5552.0,20,4.667586108553223e-05,51449,,1.9738883972167969,,1.129335641860962,,0.6102239489555359,,0.08965373039245605
,5488.0,20,4.662069113692269e-05,51499,,2.26680064201355,,0.9100437760353088,,0.6102817058563232,,0.08966619521379471
,5452.0,20,4.6565517550334334e-05,51549,,2.571934700012207,,1.5312814712524414,,0.6103188991546631,,0.08966808021068573
,5480.0,20,4.651034396374598e-05,51599,,2.2921788692474365,,1.2603209018707275,,0.6103475093841553,,0.08966722339391708
,5452.0,20,4.6455174015136436e-05,51649,,1.9977298974990845,,1.1673775911331177,,0.6103938221931458,,0.08967431634664536
,5332.0,20,4.640000042854808e-05,51699,,2.3158645629882812,,1.107163429260254,,0.6104326248168945,,0.08968840539455414
,5528.0,20,4.634482684195973e-05,51749,,2.4864108562469482,,1.4668220281600952,,0.6104646921157837,,0.08969184011220932
,5484.0,20,4.6289656893350184e-05,51799,,1.9011621475219727,,0.982975423336029,,0.6105158925056458,,0.089697927236557
,5508.0,20,4.623448330676183e-05,51849,,2.1313483715057373,,1.2531650066375732,,0.6105173826217651,,0.0896977037191391
,5472.0,20,4.617930972017348e-05,51899,,2.367042303085327,,0.9647828936576843,,0.6105676889419556,,0.08970841020345688
,5528.0,20,4.6124136133585125e-05,51949,,2.548046588897705,,1.8221503496170044,,0.6106046438217163,,0.08971461653709412
,5476.0,20,4.606896618497558e-05,51999,,2.445523262023926,,1.1944661140441895,,0.6106500029563904,,0.08972462266683578
,5532.0,20,4.6013792598387226e-05,52049,,2.162381887435913,,1.003652572631836,,0.6106876134872437,,0.08974044024944305
,5396.0,20,4.5958619011798874e-05,52099,,2.5043811798095703,,1.195806860923767,,0.6107125282287598,,0.08975542336702347
,5388.0,20,4.590344906318933e-05,52149,,2.1364943981170654,,1.4573482275009155,,0.6107643842697144,,0.0897642970085144
,5424.0,20,4.5848275476600975e-05,52199,,2.6098601818084717,,1.347870945930481,,0.610806941986084,,0.08978108316659927
,5468.0,20,4.579310189001262e-05,52249,,1.9026707410812378,,0.836130678653717,,0.6108604073524475,,0.08979419618844986
,5496.0,20,4.5737931941403076e-05,52299,,2.407597780227661,,1.1705137491226196,,0.6109148263931274,,0.08980287611484528
,5456.0,20,4.568275835481472e-05,52349,,2.35288405418396,,1.1537213325500488,,0.6109728217124939,,0.08981718122959137
,5432.0,20,4.562758476822637e-05,52399,,2.268338680267334,,1.4261932373046875,,0.6110220551490784,,0.08983318507671356
,5568.0,20,4.5572414819616824e-05,52449,,2.524491548538208,,1.3452686071395874,,0.6110710501670837,,0.08985088765621185
,5448.0,20,4.551724123302847e-05,52499,,2.654561758041382,,1.2230472564697266,,0.6111335754394531,,0.08985885977745056
,5452.0,20,4.546206764644012e-05,52549,,1.825980305671692,,0.713880717754364,,0.611181914806366,,0.08988609910011292
,5488.0,20,4.540689769783057e-05,52599,,1.9891034364700317,,1.2635838985443115,,0.6112282276153564,,0.08989791572093964
,5384.0,20,4.535172411124222e-05,52649,,2.6704041957855225,,0.8633933067321777,,0.6112765073776245,,0.08989986777305603
5462.14208984375,,20,,52669,2.279027223587036,,1.1961809396743774,,0.6101714372634888,,0.08964666724205017,
,5480.0,21,4.529655052465387e-05,52699,,2.4342994689941406,,1.6862235069274902,,0.6113185882568359,,0.08991317451000214
,5484.0,21,4.524138057604432e-05,52749,,2.4032998085021973,,1.3125040531158447,,0.6113836765289307,,0.0899166539311409
,5496.0,21,4.518620698945597e-05,52799,,2.334914445877075,,1.024985671043396,,0.6114347577095032,,0.08992508053779602
,5564.0,21,4.5131033402867615e-05,52849,,2.4412689208984375,,1.1539809703826904,,0.6114808917045593,,0.08992816507816315
,5464.0,21,4.507586345425807e-05,52899,,2.6127431392669678,,1.1644718647003174,,0.6115490198135376,,0.08992733061313629
,5448.0,21,4.5020689867669716e-05,52949,,2.3443045616149902,,1.1953113079071045,,0.6115838885307312,,0.08993471413850784
,5516.0,21,4.4965516281081364e-05,52999,,2.6133649349212646,,1.2131423950195312,,0.6116272211074829,,0.08995135128498077
,5440.0,21,4.491034633247182e-05,53049,,2.824357509613037,,1.2109354734420776,,0.6116805076599121,,0.0899515300989151
,5488.0,21,4.4855172745883465e-05,53099,,2.3788766860961914,,1.2608907222747803,,0.6117212772369385,,0.08996950089931488
,5436.0,21,4.479999915929511e-05,53149,,2.486161470413208,,1.6089322566986084,,0.6117658615112305,,0.08998427540063858
,5476.0,21,4.4744829210685566e-05,53199,,2.191298723220825,,1.1731230020523071,,0.6118065118789673,,0.09000519663095474
,5404.0,21,4.468965562409721e-05,53249,,2.482773780822754,,1.3540678024291992,,0.6118662357330322,,0.09002135694026947
,5484.0,21,4.463448203750886e-05,53299,,2.392220973968506,,1.1256417036056519,,0.6119169592857361,,0.09003518521785736
,5392.0,21,4.4579312088899314e-05,53349,,2.2744154930114746,,1.2007066011428833,,0.6119629740715027,,0.09004120528697968
,5424.0,21,4.452413850231096e-05,53399,,2.6538827419281006,,1.14265775680542,,0.6119970083236694,,0.09005002677440643
,5536.0,21,4.446896491572261e-05,53449,,2.6000442504882812,,1.1760603189468384,,0.6120548248291016,,0.09005355834960938
,5448.0,21,4.4413791329134256e-05,53499,,2.5392327308654785,,0.9174688458442688,,0.612093448638916,,0.09006109833717346
,5568.0,21,4.435862138052471e-05,53549,,2.528822183609009,,1.4483391046524048,,0.6121346354484558,,0.09007654339075089
,5368.0,21,4.430344779393636e-05,53599,,2.3304476737976074,,1.1200439929962158,,0.6121851205825806,,0.09008018672466278
,5532.0,21,4.4248274207348004e-05,53649,,2.373344659805298,,1.3547788858413696,,0.6122374534606934,,0.0900799110531807
,5448.0,21,4.419310425873846e-05,53699,,2.2310328483581543,,0.9160829782485962,,0.6123011112213135,,0.09008584171533585
,5576.0,21,4.4137930672150105e-05,53749,,2.7197582721710205,,1.2348601818084717,,0.6123589873313904,,0.09010407328605652
,5500.0,21,4.408275708556175e-05,53799,,2.6372833251953125,,0.8393584489822388,,0.6124018430709839,,0.09011811763048172
,5452.0,21,4.4027587136952206e-05,53849,,2.0971479415893555,,1.2119897603988647,,0.6124435067176819,,0.09013327956199646
,5464.0,21,4.3972413550363854e-05,53899,,2.442720413208008,,1.1634926795959473,,0.61249840259552,,0.09014897048473358
,5532.0,21,4.39172399637755e-05,53949,,2.3891546726226807,,1.3296312093734741,,0.6125152111053467,,0.09015701711177826
,5412.0,21,4.3862070015165955e-05,53999,,2.227048635482788,,1.0238523483276367,,0.6125599145889282,,0.09016811102628708
,5424.0,21,4.38068964285776e-05,54049,,2.7803914546966553,,1.0548009872436523,,0.6126157641410828,,0.09018014371395111
,5436.0,21,4.375172284198925e-05,54099,,1.911318063735962,,1.1570314168930054,,0.6126481294631958,,0.09019860625267029
,5432.0,21,4.36965528933797e-05,54149,,2.0809383392333984,,1.2051745653152466,,0.6126906871795654,,0.09021832048892975
,5488.0,21,4.364137930679135e-05,54199,,2.1715166568756104,,0.9983291029930115,,0.6127166152000427,,0.09023161977529526
,5424.0,21,4.3586205720203e-05,54249,,1.8719412088394165,,0.902934193611145,,0.6127568483352661,,0.09024673700332642
,5456.0,21,4.353103577159345e-05,54299,,2.6782310009002686,,0.9901888966560364,,0.6128000020980835,,0.09026772528886795
,5380.0,21,4.34758621850051e-05,54349,,2.622222661972046,,1.1120318174362183,,0.6128414273262024,,0.09028021991252899
,5532.0,21,4.3420688598416746e-05,54399,,1.990707278251648,,1.138221025466919,,0.6129030585289001,,0.09028758108615875
,5480.0,21,4.33655186498072e-05,54449,,2.506107807159424,,1.3356395959854126,,0.6129363775253296,,0.09029574692249298
,5396.0,21,4.331034506321885e-05,54499,,2.4477643966674805,,1.2744100093841553,,0.6129735112190247,,0.09030859917402267
,5364.0,21,4.3255171476630494e-05,54549,,2.225360155105591,,0.9309496879577637,,0.6130225658416748,,0.09032036364078522
,5388.0,21,4.320000152802095e-05,54599,,2.5445399284362793,,1.1934187412261963,,0.6130680441856384,,0.09033382683992386
,5484.0,21,4.3144827941432595e-05,54649,,2.8218774795532227,,1.2314965724945068,,0.6130957007408142,,0.09034674614667892
,5416.0,21,4.308965435484424e-05,54699,,2.579002618789673,,1.0675568580627441,,0.6131359934806824,,0.09035426378250122
,5476.0,21,4.3034484406234697e-05,54749,,2.835841417312622,,0.9394486546516418,,0.6131743788719177,,0.09035904705524445
,5512.0,21,4.2979310819646344e-05,54799,,2.3533267974853516,,1.191428780555725,,0.6132228970527649,,0.09037192910909653
,5428.0,21,4.292413723305799e-05,54849,,2.484935998916626,,1.6935975551605225,,0.6132614016532898,,0.09037540853023529
,5460.0,21,4.2868967284448445e-05,54899,,2.016742467880249,,1.138537883758545,,0.613311231136322,,0.09038407355546951
,5348.0,21,4.281379369786009e-05,54949,,2.9168827533721924,,0.9829252362251282,,0.6133476495742798,,0.09039285778999329
,5536.0,21,4.275862011127174e-05,54999,,2.442572832107544,,1.1825371980667114,,0.6133909225463867,,0.0903979241847992
,5528.0,21,4.2703446524683386e-05,55049,,2.8289778232574463,,1.2380985021591187,,0.6134154200553894,,0.09040899574756622
,5512.0,21,4.264827657607384e-05,55099,,2.510308027267456,,1.6620278358459473,,0.6134541034698486,,0.09041644632816315
,5496.0,21,4.259310298948549e-05,55149,,1.4955966472625732,,0.7059522867202759,,0.6135024428367615,,0.09042111039161682
5464.4599609375,,21,,55177,2.391789197921753,,1.1769793033599854,,0.6124774813652039,,0.09016638249158859,
,5468.0,22,4.2537929402897134e-05,55199,,2.2819926738739014,,1.1219754219055176,,0.6135403513908386,,0.090427927672863
,5520.0,22,4.248275945428759e-05,55249,,2.7184040546417236,,1.2432887554168701,,0.6135797500610352,,0.09043598175048828
,5520.0,22,4.2427585867699236e-05,55299,,2.6841230392456055,,1.4013097286224365,,0.6136229634284973,,0.09043636173009872
,5392.0,22,4.237241228111088e-05,55349,,2.8577122688293457,,1.2504432201385498,,0.6136611700057983,,0.09044341742992401
,5416.0,22,4.231724233250134e-05,55399,,1.9094961881637573,,0.779419481754303,,0.6137086749076843,,0.09044935554265976
,5512.0,22,4.2262068745912984e-05,55449,,2.066977024078369,,1.1822278499603271,,0.6137658357620239,,0.09045540541410446
,5504.0,22,4.220689515932463e-05,55499,,2.0362606048583984,,1.2990721464157104,,0.6138124465942383,,0.09046772867441177
,5480.0,22,4.2151725210715085e-05,55549,,2.100573778152466,,1.1966909170150757,,0.613839864730835,,0.09046728909015656
,5432.0,22,4.209655162412673e-05,55599,,1.8355801105499268,,1.1451152563095093,,0.613885760307312,,0.09046989679336548
,5444.0,22,4.204137803753838e-05,55649,,2.3615636825561523,,1.280461311340332,,0.6139313578605652,,0.09047693759202957
,5392.0,22,4.1986208088928834e-05,55699,,2.558655261993408,,1.5239946842193604,,0.613962709903717,,0.0904865711927414
,5460.0,22,4.193103450234048e-05,55749,,2.2504212856292725,,0.84641033411026,,0.6140003204345703,,0.09049440920352936
,5508.0,22,4.187586091575213e-05,55799,,2.7656142711639404,,1.2688523530960083,,0.6140621900558472,,0.09049828350543976
,5392.0,22,4.182069096714258e-05,55849,,2.233781337738037,,1.1318244934082031,,0.614109218120575,,0.09050308912992477
,5476.0,22,4.176551738055423e-05,55899,,2.681565761566162,,1.4977492094039917,,0.6141668558120728,,0.09051156044006348
,5364.0,22,4.1710343793965876e-05,55949,,2.5248448848724365,,0.984227180480957,,0.6142180562019348,,0.09051642566919327
,5440.0,22,4.165517384535633e-05,55999,,2.457655429840088,,1.423202395439148,,0.6142643690109253,,0.09052659571170807
,5468.0,22,4.160000025876798e-05,56049,,2.359876871109009,,1.2577332258224487,,0.6142964363098145,,0.09054315835237503
,5380.0,22,4.1544826672179624e-05,56099,,2.536609172821045,,1.1000232696533203,,0.6143314242362976,,0.0905521959066391
,5456.0,22,4.148965672357008e-05,56149,,2.3282723426818848,,0.921878457069397,,0.6143689155578613,,0.0905536636710167
,5440.0,22,4.1434483136981726e-05,56199,,2.838425874710083,,1.347945213317871,,0.6144083142280579,,0.09056098759174347
,5360.0,22,4.137930955039337e-05,56249,,2.5473618507385254,,1.1555677652359009,,0.6144502758979797,,0.0905708372592926
,5432.0,22,4.132413960178383e-05,56299,,2.5972635746002197,,1.2618381977081299,,0.6144925355911255,,0.09057632088661194
,5372.0,22,4.1268966015195474e-05,56349,,2.410595178604126,,0.9843582510948181,,0.614534318447113,,0.0905773788690567
,5416.0,22,4.121379242860712e-05,56399,,2.089486837387085,,1.0991710424423218,,0.61457359790802,,0.09059147536754608
,5460.0,22,4.1158622479997575e-05,56449,,3.054147481918335,,1.4012764692306519,,0.6146103143692017,,0.09060557186603546
,5488.0,22,4.110344889340922e-05,56499,,1.9648609161376953,,0.8045307993888855,,0.6146508455276489,,0.09062164276838303
,5352.0,22,4.104827530682087e-05,56549,,3.1779134273529053,,1.0097392797470093,,0.6146937608718872,,0.09064224362373352
,5316.0,22,4.0993101720232517e-05,56599,,2.1857051849365234,,1.4872727394104004,,0.6147438883781433,,0.09065455198287964
,5544.0,22,4.093793177162297e-05,56649,,2.5499093532562256,,1.1606601476669312,,0.614783525466919,,0.0906662791967392
,5472.0,22,4.088275818503462e-05,56699,,2.299801826477051,,0.778755247592926,,0.6148205399513245,,0.0906766876578331
,5472.0,22,4.0827584598446265e-05,56749,,2.5921199321746826,,1.297452449798584,,0.6148611903190613,,0.09068591892719269
,5468.0,22,4.077241464983672e-05,56799,,2.3085036277770996,,0.976791501045227,,0.614905595779419,,0.09069366753101349
,5500.0,22,4.0717241063248366e-05,56849,,2.27079176902771,,1.1743385791778564,,0.6149588227272034,,0.09070953726768494
,5428.0,22,4.066206747666001e-05,56899,,2.1315231323242188,,1.2711378335952759,,0.6150040626525879,,0.09071507304906845
,5404.0,22,4.060689752805047e-05,56949,,2.0254456996917725,,1.0374855995178223,,0.6150592565536499,,0.09072478115558624
,5488.0,22,4.0551723941462114e-05,56999,,2.1924595832824707,,1.0032398700714111,,0.6151150465011597,,0.09072738140821457
,5344.0,22,4.049655035487376e-05,57049,,2.6415727138519287,,1.1281614303588867,,0.6151700615882874,,0.09073615819215775
,5444.0,22,4.0441380406264216e-05,57099,,3.038166046142578,,1.2141270637512207,,0.6152095794677734,,0.09075447171926498
,5440.0,22,4.038620681967586e-05,57149,,2.628643035888672,,1.0342918634414673,,0.6152673959732056,,0.090763159096241
,5376.0,22,4.033103323308751e-05,57199,,2.345465660095215,,1.0930263996124268,,0.6153051853179932,,0.09076829999685287
,5464.0,22,4.0275863284477964e-05,57249,,2.451728582382202,,1.0624488592147827,,0.6153445243835449,,0.09077920019626617
,5500.0,22,4.022068969788961e-05,57299,,3.085247278213501,,1.241680383682251,,0.6153781414031982,,0.09078405797481537
,5520.0,22,4.016551611130126e-05,57349,,2.776024341583252,,0.9056658148765564,,0.6154232025146484,,0.0908021330833435
,5436.0,22,4.011034616269171e-05,57399,,2.872511625289917,,1.0350611209869385,,0.615453839302063,,0.09081722050905228
,5512.0,22,4.005517257610336e-05,57449,,2.632798671722412,,1.2697819471359253,,0.6154886484146118,,0.09082434326410294
,5496.0,22,3.9999998989515007e-05,57499,,2.0057132244110107,,0.7176083922386169,,0.6155270338058472,,0.09082920849323273
,5424.0,22,3.994482904090546e-05,57549,,2.546640396118164,,1.4371027946472168,,0.6155707836151123,,0.09083294123411179
,5428.0,22,3.988965545431711e-05,57599,,2.694267511367798,,1.2749794721603394,,0.6156196594238281,,0.09083802253007889
,5500.0,22,3.9834481867728755e-05,57649,,2.5310773849487305,,1.2357534170150757,,0.6156518459320068,,0.09084296226501465
5461.3466796875,,22,,57685,2.511507749557495,,1.1720727682113647,,0.614625871181488,,0.09062539041042328,
,5476.0,23,3.977931191911921e-05,57699,,3.2614879608154297,,1.35244619846344,,0.6156800389289856,,0.09085564315319061
,5492.0,23,3.9724138332530856e-05,57749,,2.811962366104126,,1.0278162956237793,,0.6157144904136658,,0.0908706933259964
,5388.0,23,3.96689647459425e-05,57799,,2.6240272521972656,,0.9946673512458801,,0.6157550811767578,,0.09088067710399628
,5436.0,23,3.961379479733296e-05,57849,,2.684624671936035,,1.355101227760315,,0.6157958507537842,,0.09089154005050659
,5452.0,23,3.9558621210744604e-05,57899,,2.276637315750122,,1.4334412813186646,,0.6158294677734375,,0.09090311825275421
,5512.0,23,3.950344762415625e-05,57949,,2.6330363750457764,,1.1271274089813232,,0.6158932447433472,,0.09091237932443619
,5424.0,23,3.9448277675546706e-05,57999,,2.253661632537842,,0.846425473690033,,0.6159243583679199,,0.0909220278263092
,5460.0,23,3.939310408895835e-05,58049,,2.7661187648773193,,1.0819311141967773,,0.6159653067588806,,0.09092830121517181
,5432.0,23,3.933793050237e-05,58099,,2.8231518268585205,,1.0134831666946411,,0.6160132884979248,,0.09094031900167465
,5520.0,23,3.928275691578165e-05,58149,,2.3367621898651123,,1.25676691532135,,0.6160564422607422,,0.09094647318124771
,5548.0,23,3.92275869671721e-05,58199,,2.8343963623046875,,1.3051451444625854,,0.616081714630127,,0.0909479409456253
,5408.0,23,3.917241338058375e-05,58249,,2.5026159286499023,,1.2879283428192139,,0.6161201596260071,,0.09095650911331177
,5432.0,23,3.9117239793995395e-05,58299,,2.1693367958068848,,1.0752307176589966,,0.6161561608314514,,0.09097477793693542
,5480.0,23,3.906206984538585e-05,58349,,2.3874502182006836,,1.00206458568573,,0.6161978244781494,,0.09098592400550842
,5496.0,23,3.9006896258797497e-05,58399,,2.771765947341919,,1.104915738105774,,0.6162453889846802,,0.09100374579429626
,5472.0,23,3.8951722672209144e-05,58449,,2.509990692138672,,1.3284403085708618,,0.616287887096405,,0.09101324528455734
,5492.0,23,3.88965527235996e-05,58499,,2.753277540206909,,1.1902238130569458,,0.6163405179977417,,0.09102819114923477
,5476.0,23,3.8841379137011245e-05,58549,,1.915723443031311,,0.7628490328788757,,0.6163815259933472,,0.0910453051328659
,5528.0,23,3.878620555042289e-05,58599,,2.8934412002563477,,1.038449764251709,,0.6164189577102661,,0.09106028825044632
,5448.0,23,3.8731035601813346e-05,58649,,2.8717827796936035,,0.9067026376724243,,0.6164506673812866,,0.09107469022274017
,5468.0,23,3.867586201522499e-05,58699,,2.550734758377075,,1.3560088872909546,,0.6164965033531189,,0.09108337759971619
,5504.0,23,3.862068842863664e-05,58749,,2.5991406440734863,,1.2520041465759277,,0.6165356636047363,,0.09109322726726532
,5404.0,23,3.8565518480027094e-05,58799,,3.0808050632476807,,1.1617751121520996,,0.6165802478790283,,0.09110838919878006
,5432.0,23,3.851034489343874e-05,58849,,2.7943179607391357,,1.098192572593689,,0.6166234612464905,,0.09111819416284561
,5464.0,23,3.845517130685039e-05,58899,,2.5638210773468018,,1.0013513565063477,,0.6166740655899048,,0.09113524854183197
,5448.0,23,3.840000135824084e-05,58949,,2.6079447269439697,,1.0892413854599,,0.6167083978652954,,0.09114553034305573
,5488.0,23,3.834482777165249e-05,58999,,2.7024645805358887,,1.188366413116455,,0.6167497634887695,,0.09116590023040771
,5416.0,23,3.828965418506414e-05,59049,,2.448185920715332,,1.3792355060577393,,0.6167965531349182,,0.09117908030748367
,5468.0,23,3.823448423645459e-05,59099,,2.8423516750335693,,1.405021071434021,,0.6168454885482788,,0.09118799865245819
,5476.0,23,3.817931064986624e-05,59149,,2.659259796142578,,1.6318695545196533,,0.616884171962738,,0.09119593352079391
,5448.0,23,3.8124137063277885e-05,59199,,2.1185147762298584,,0.952264666557312,,0.6169241070747375,,0.09120170027017593
,5428.0,23,3.806896711466834e-05,59249,,2.3099560737609863,,0.9168540239334106,,0.6169542074203491,,0.09121313691139221
,5476.0,23,3.8013793528079987e-05,59299,,2.0161845684051514,,0.8564488291740417,,0.6169853210449219,,0.09122501313686371
,5436.0,23,3.7958619941491634e-05,59349,,2.726339340209961,,0.9181747436523438,,0.6170303821563721,,0.09124094247817993
,5480.0,23,3.790344999288209e-05,59399,,2.667360305786133,,1.431186556816101,,0.6170715093612671,,0.09125511348247528
,5484.0,23,3.7848276406293735e-05,59449,,2.4433162212371826,,1.3207786083221436,,0.6171101331710815,,0.09127023816108704
,5428.0,23,3.779310281970538e-05,59499,,2.2742350101470947,,0.6710852980613708,,0.6171467304229736,,0.09128202497959137
,5488.0,23,3.773792923311703e-05,59549,,2.354959011077881,,1.0457297563552856,,0.6171872615814209,,0.09129193425178528
,5428.0,23,3.768275928450748e-05,59599,,2.716977596282959,,1.1586586236953735,,0.6172317862510681,,0.09130284935235977
,5408.0,23,3.762758569791913e-05,59649,,2.7072863578796387,,1.266431212425232,,0.6172659397125244,,0.09130945801734924
,5412.0,23,3.757241211133078e-05,59699,,1.9064780473709106,,1.142533540725708,,0.6173142194747925,,0.09132073074579239
,5508.0,23,3.751724216272123e-05,59749,,2.64715838432312,,1.4228811264038086,,0.6173592805862427,,0.09132465720176697
,5452.0,23,3.746206857613288e-05,59799,,2.300438165664673,,1.0634344816207886,,0.6174043416976929,,0.09132992476224899
,5432.0,23,3.7406894989544526e-05,59849,,2.633466958999634,,1.2746623754501343,,0.617438554763794,,0.09133679419755936
,5452.0,23,3.735172504093498e-05,59899,,2.608971118927002,,1.0829943418502808,,0.6174848079681396,,0.0913403332233429
,5448.0,23,3.729655145434663e-05,59949,,2.2615702152252197,,0.9896547198295593,,0.6175298690795898,,0.09134041517972946
,5448.0,23,3.7241377867758274e-05,59999,,2.34108304977417,,0.570695698261261,,0.6175716519355774,,0.09134633839130402
,5452.0,23,3.718620791914873e-05,60049,,2.4854013919830322,,1.0089572668075562,,0.617612898349762,,0.0913507491350174
,5452.0,23,3.7131034332560375e-05,60099,,3.132542610168457,,1.2012908458709717,,0.617648720741272,,0.0913505107164383
,5468.0,23,3.707586074597202e-05,60149,,1.947406530380249,,0.9192503690719604,,0.6176884174346924,,0.09135840088129044
5463.3330078125,,23,,60193,2.592973470687866,,1.1487411260604858,,0.6167115569114685,,0.09113646298646927,
,5396.0,24,3.7020690797362477e-05,60199,,2.711890459060669,,1.2167348861694336,,0.6177303791046143,,0.09136812388896942
,5472.0,24,3.6965517210774124e-05,60249,,2.3797664642333984,,0.9188882112503052,,0.617777407169342,,0.09137483686208725
,5556.0,24,3.691034362418577e-05,60299,,2.075961112976074,,0.7596427798271179,,0.6178237199783325,,0.09138558059930801
,5456.0,24,3.6855173675576225e-05,60349,,2.6397881507873535,,0.8606354594230652,,0.6178644895553589,,0.09139596670866013
,5472.0,24,3.680000008898787e-05,60399,,2.0963315963745117,,0.8968595266342163,,0.6179025173187256,,0.09140252321958542
,5424.0,24,3.674482650239952e-05,60449,,2.894887924194336,,1.0702131986618042,,0.6179417967796326,,0.09141400456428528
,5436.0,24,3.668965655378997e-05,60499,,2.5937066078186035,,1.217461347579956,,0.6179804801940918,,0.09142493456602097
,5468.0,24,3.663448296720162e-05,60549,,2.2424848079681396,,0.673322856426239,,0.6180338859558105,,0.09143401682376862
,5504.0,24,3.657930938061327e-05,60599,,3.390521764755249,,1.1346548795700073,,0.6180554628372192,,0.09144064038991928
,5388.0,24,3.652413943200372e-05,60649,,2.274152994155884,,1.035989761352539,,0.6181029081344604,,0.09144968539476395
,5492.0,24,3.646896584541537e-05,60699,,2.0125274658203125,,0.926479160785675,,0.6181377172470093,,0.09146279096603394
,5436.0,24,3.6413792258827016e-05,60749,,2.9374051094055176,,1.2067464590072632,,0.6181737780570984,,0.0914723128080368
,5504.0,24,3.635862231021747e-05,60799,,2.538712739944458,,0.863254189491272,,0.6182173490524292,,0.09147541970014572
,5368.0,24,3.630344872362912e-05,60849,,2.690328359603882,,1.2127273082733154,,0.6182547211647034,,0.09148476272821426
,5460.0,24,3.6248275137040764e-05,60899,,3.035405158996582,,1.4201948642730713,,0.6182794570922852,,0.0914934054017067
,5488.0,24,3.619310518843122e-05,60949,,2.7054240703582764,,1.299120306968689,,0.6183162927627563,,0.0915062427520752
,5476.0,24,3.6137931601842865e-05,60999,,2.6043004989624023,,1.146631121635437,,0.6183497309684753,,0.09151656180620193
,5388.0,24,3.608275801525451e-05,61049,,2.8102855682373047,,1.3479770421981812,,0.6183856725692749,,0.0915273055434227
,5420.0,24,3.602758442866616e-05,61099,,2.9230799674987793,,1.5330727100372314,,0.6184313297271729,,0.09153779596090317
,5508.0,24,3.5972414480056614e-05,61149,,2.081233263015747,,0.9944488406181335,,0.6184654235839844,,0.09155125170946121
,5488.0,24,3.591724089346826e-05,61199,,2.4683127403259277,,0.7027700543403625,,0.6185151934623718,,0.09155861288309097
,5476.0,24,3.586206730687991e-05,61249,,2.6647164821624756,,1.256207823753357,,0.6185497045516968,,0.09156302362680435
,5512.0,24,3.580689735827036e-05,61299,,2.2267096042633057,,1.251271367073059,,0.6185853481292725,,0.09157127141952515
,5408.0,24,3.575172377168201e-05,61349,,2.874387741088867,,1.1602540016174316,,0.6186171770095825,,0.09157915413379669
,5460.0,24,3.5696550185093656e-05,61399,,2.7155191898345947,,1.040937066078186,,0.6186600923538208,,0.0915907770395279
,5396.0,24,3.564138023648411e-05,61449,,2.339548110961914,,0.9251176714897156,,0.6186971068382263,,0.09161186963319778
,5492.0,24,3.558620664989576e-05,61499,,2.4433608055114746,,1.4759505987167358,,0.6187422871589661,,0.0916234701871872
,5448.0,24,3.5531033063307405e-05,61549,,2.774850845336914,,1.3810588121414185,,0.6187769770622253,,0.09163732081651688
,5376.0,24,3.547586311469786e-05,61599,,2.480949640274048,,1.3879574537277222,,0.618808925151825,,0.09164604544639587
,5432.0,24,3.5420689528109506e-05,61649,,2.6865439414978027,,0.8818169832229614,,0.6188499927520752,,0.09165133535861969
,5476.0,24,3.536551594152115e-05,61699,,2.4416344165802,,1.0680776834487915,,0.6188884973526001,,0.09165970236063004
,5508.0,24,3.531034599291161e-05,61749,,2.7232484817504883,,0.8469338417053223,,0.6189306378364563,,0.09166666865348816
,5392.0,24,3.5255172406323254e-05,61799,,2.9610073566436768,,1.4436414241790771,,0.618973970413208,,0.09166868776082993
,5480.0,24,3.51999988197349e-05,61849,,2.9071078300476074,,1.261426568031311,,0.6190046072006226,,0.09167616069316864
,5496.0,24,3.5144828871125355e-05,61899,,2.7324349880218506,,1.0906009674072266,,0.6190426349639893,,0.09168073534965515
,5512.0,24,3.5089655284537e-05,61949,,2.573725700378418,,1.1657249927520752,,0.6190792322158813,,0.09167974442243576
,5480.0,24,3.503448169794865e-05,61999,,2.6546077728271484,,1.3811753988265991,,0.6191163063049316,,0.09168200194835663
,5420.0,24,3.4979311749339104e-05,62049,,2.82293701171875,,0.9830934405326843,,0.619148850440979,,0.09168634563684464
,5452.0,24,3.492413816275075e-05,62099,,2.819822311401367,,1.5488100051879883,,0.619185209274292,,0.09169117361307144
,5464.0,24,3.48689645761624e-05,62149,,2.812851667404175,,1.3065968751907349,,0.619221568107605,,0.09169580787420273
,5388.0,24,3.481379462755285e-05,62199,,2.415428400039673,,1.2173320055007935,,0.6192641258239746,,0.09170441329479218
,5392.0,24,3.47586210409645e-05,62249,,2.722426176071167,,0.9778351187705994,,0.6193039417266846,,0.09171060472726822
,5432.0,24,3.4703447454376146e-05,62299,,2.680272102355957,,1.111399531364441,,0.6193549633026123,,0.09171754866838455
,5452.0,24,3.46482775057666e-05,62349,,3.039841651916504,,0.900170624256134,,0.6193928718566895,,0.09173111617565155
,5512.0,24,3.459310391917825e-05,62399,,2.298781633377075,,1.0932400226593018,,0.6194372773170471,,0.09174729883670807
,5484.0,24,3.4537930332589895e-05,62449,,2.6263606548309326,,1.2766444683074951,,0.6194738149642944,,0.09176123142242432
,5428.0,24,3.448276038398035e-05,62499,,2.851104974746704,,1.1572080850601196,,0.6195237636566162,,0.09176579862833023
,5456.0,24,3.4427586797391996e-05,62549,,2.4626922607421875,,1.1574639081954956,,0.619550883769989,,0.09177608788013458
,5480.0,24,3.437241321080364e-05,62599,,3.351802349090576,,1.3894307613372803,,0.61958909034729,,0.09178900718688965
,5468.0,24,3.431723962421529e-05,62649,,2.8500800132751465,,1.0449599027633667,,0.6196258068084717,,0.09180063754320145
,5464.0,24,3.4262069675605744e-05,62699,,3.163775682449341,,1.31220281124115,,0.6196560263633728,,0.09181149303913116
5462.06787109375,,24,,62701,2.6712546348571777,,1.1422199010849,,0.618715763092041,,0.09159526973962784,
,5540.0,25,3.420689608901739e-05,62749,,3.1265408992767334,,1.0576157569885254,,0.6196985244750977,,0.0918160006403923
,5476.0,25,3.415172250242904e-05,62799,,2.721963882446289,,1.1759811639785767,,0.6197295784950256,,0.0918242335319519
,5488.0,25,3.409655255381949e-05,62849,,2.9010353088378906,,1.348335862159729,,0.6197617053985596,,0.09183645248413086
,5516.0,25,3.404137896723114e-05,62899,,2.844836950302124,,1.361686110496521,,0.6198004484176636,,0.09184823930263519
,5480.0,25,3.398620538064279e-05,62949,,2.875110387802124,,1.1031025648117065,,0.6198459267616272,,0.09185871481895447
,5424.0,25,3.393103543203324e-05,62999,,2.690856456756592,,1.0781737565994263,,0.6198743581771851,,0.09186669439077377
,5484.0,25,3.387586184544489e-05,63049,,2.5032591819763184,,1.0236713886260986,,0.6199107766151428,,0.09187956154346466
,5492.0,25,3.3820688258856535e-05,63099,,1.9413022994995117,,0.9075802564620972,,0.6199517250061035,,0.09189441800117493
,5464.0,25,3.376551831024699e-05,63149,,3.204625368118286,,1.0758999586105347,,0.6199799180030823,,0.09190084040164948
,5480.0,25,3.3710344723658636e-05,63199,,2.3431918621063232,,0.9422410130500793,,0.6200312376022339,,0.09191327542066574
,5504.0,25,3.365517113707028e-05,63249,,2.8163983821868896,,1.1966454982757568,,0.6200540065765381,,0.09192194789648056
,5428.0,25,3.360000118846074e-05,63299,,2.905078887939453,,1.3279087543487549,,0.6200881004333496,,0.09192566573619843
,5448.0,25,3.3544827601872385e-05,63349,,2.769745349884033,,0.887861430644989,,0.6201297640800476,,0.09193107485771179
,5472.0,25,3.348965401528403e-05,63399,,2.664102554321289,,1.4348711967468262,,0.6201669573783875,,0.0919385477900505
,5484.0,25,3.3434484066674486e-05,63449,,2.5355417728424072,,1.308254361152649,,0.6202118396759033,,0.09194076806306839
,5444.0,25,3.337931048008613e-05,63499,,2.302959680557251,,1.0325286388397217,,0.6202529668807983,,0.09194794297218323
,5464.0,25,3.332413689349778e-05,63549,,2.948819637298584,,1.2420696020126343,,0.6202957630157471,,0.09195144474506378
,5456.0,25,3.3268966944888234e-05,63599,,2.0074820518493652,,0.9873207211494446,,0.6203351020812988,,0.09196864068508148
,5488.0,25,3.321379335829988e-05,63649,,1.8953393697738647,,0.8111660480499268,,0.6203723549842834,,0.09197570383548737
,5384.0,25,3.315861977171153e-05,63699,,3.0382022857666016,,1.0960783958435059,,0.6204078793525696,,0.09198709577322006
,5484.0,25,3.310344982310198e-05,63749,,2.9165492057800293,,1.3509941101074219,,0.6204384565353394,,0.0919996127486229
,5500.0,25,3.304827623651363e-05,63799,,2.6250641345977783,,1.1412937641143799,,0.6204788684844971,,0.09200844913721085
,5516.0,25,3.299310264992528e-05,63849,,2.6968276500701904,,1.1570861339569092,,0.6205154657363892,,0.09201639890670776
,5400.0,25,3.293793270131573e-05,63899,,2.5060315132141113,,0.8613283038139343,,0.6205490827560425,,0.09202104806900024
,5508.0,25,3.288275911472738e-05,63949,,2.609915018081665,,1.3302556276321411,,0.6205917000770569,,0.09203504770994186
,5436.0,25,3.2827585528139025e-05,63999,,2.9400103092193604,,1.214408040046692,,0.6206242442131042,,0.09204883128404617
,5480.0,25,3.277241557952948e-05,64049,,2.892387866973877,,1.32852303981781,,0.620660126209259,,0.09205936640501022
,5512.0,25,3.2717241992941126e-05,64099,,2.5026960372924805,,1.1218085289001465,,0.6206947565078735,,0.09207037091255188
,5484.0,25,3.266206840635277e-05,64149,,2.5699985027313232,,0.9528825879096985,,0.6207297444343567,,0.09207700937986374
,5444.0,25,3.260689481976442e-05,64199,,2.6062660217285156,,1.085445761680603,,0.6207711100578308,,0.09208466857671738
,5484.0,25,3.2551724871154875e-05,64249,,2.3178091049194336,,0.7570272088050842,,0.6208074688911438,,0.09208917617797852
,5432.0,25,3.249655128456652e-05,64299,,2.959415912628174,,1.4878556728363037,,0.6208447813987732,,0.09209779649972916
,5472.0,25,3.244137769797817e-05,64349,,2.6846885681152344,,1.092977523803711,,0.620872437953949,,0.09210217744112015
,5524.0,25,3.238620774936862e-05,64399,,2.849397659301758,,1.085109829902649,,0.6208959221839905,,0.09211007505655289
,5468.0,25,3.233103416278027e-05,64449,,2.574944019317627,,0.9477298855781555,,0.6209412813186646,,0.09211575984954834
,5456.0,25,3.227586057619192e-05,64499,,2.791363477706909,,0.850399911403656,,0.6209782361984253,,0.09212474524974823
,5468.0,25,3.222069062758237e-05,64549,,2.721740245819092,,0.9697562456130981,,0.6210013628005981,,0.09212681651115417
,5492.0,25,3.216551704099402e-05,64599,,2.7523257732391357,,1.2268121242523193,,0.6210390329360962,,0.09213150292634964
,5452.0,25,3.2110343454405665e-05,64649,,2.604511260986328,,1.2477689981460571,,0.6210746765136719,,0.09213481843471527
,5416.0,25,3.205517350579612e-05,64699,,3.0825982093811035,,1.4767664670944214,,0.6211227178573608,,0.09213878959417343
,5496.0,25,3.199999991920777e-05,64749,,2.779998302459717,,1.251201868057251,,0.6211690902709961,,0.09214897453784943
,5508.0,25,3.1944826332619414e-05,64799,,3.320246696472168,,1.1017279624938965,,0.6212116479873657,,0.09215390682220459
,5496.0,25,3.188965638400987e-05,64849,,3.0757484436035156,,1.5185387134552002,,0.6212476491928101,,0.09216175228357315
,5484.0,25,3.1834482797421515e-05,64899,,2.715407133102417,,0.9188403487205505,,0.621274471282959,,0.09216553717851639
,5420.0,25,3.177930921083316e-05,64949,,2.7581565380096436,,1.429856300354004,,0.6213065385818481,,0.09217797219753265
,5412.0,25,3.1724139262223616e-05,64999,,2.6480743885040283,,1.1885992288589478,,0.6213444471359253,,0.09218607097864151
,5428.0,25,3.166896567563526e-05,65049,,2.682523250579834,,1.1809616088867188,,0.6213871836662292,,0.09219096601009369
,5460.0,25,3.161379208904691e-05,65099,,3.264881134033203,,1.2179465293884277,,0.6214247941970825,,0.09220319986343384
,5348.0,25,3.1558622140437365e-05,65149,,3.061737060546875,,1.0732685327529907,,0.6214669346809387,,0.0922115221619606
,5408.0,25,3.150344855384901e-05,65199,,2.6049153804779053,,1.4203920364379883,,0.6214969158172607,,0.09221911430358887
5462.39990234375,,25,,65209,2.7550461292266846,,1.1318994760513306,,0.6205990314483643,,0.09203016012907028,
,5432.0,26,3.144827496726066e-05,65249,,2.5467703342437744,,1.3887525796890259,,0.621536910533905,,0.09222447872161865
,5444.0,26,3.139310501865111e-05,65299,,2.9155662059783936,,1.335923671722412,,0.6215662360191345,,0.09223145246505737
,5376.0,26,3.133793143206276e-05,65349,,2.6787354946136475,,1.2364299297332764,,0.6216009855270386,,0.09223822504281998
,5492.0,26,3.128275784547441e-05,65399,,2.5584182739257812,,1.0165709257125854,,0.6216446161270142,,0.09224922955036163
,5460.0,26,3.122758789686486e-05,65449,,2.5159645080566406,,0.9274118542671204,,0.6216874122619629,,0.09226188063621521
,5496.0,26,3.117241431027651e-05,65499,,3.010850667953491,,1.4397897720336914,,0.6217151880264282,,0.09227199852466583
,5404.0,26,3.1117240723688155e-05,65549,,2.8278918266296387,,0.8424809575080872,,0.6217536926269531,,0.09228190779685974
,5456.0,26,3.106207077507861e-05,65599,,2.81439471244812,,1.2298868894577026,,0.6217896938323975,,0.09228852391242981
,5356.0,26,3.100689718849026e-05,65649,,2.8944318294525146,,1.193800926208496,,0.6218295097351074,,0.09229284524917603
,5468.0,26,3.0951723601901904e-05,65699,,2.8502731323242188,,1.3705322742462158,,0.6218538284301758,,0.09229469299316406
,5424.0,26,3.089655001531355e-05,65749,,2.4638559818267822,,0.8369646668434143,,0.6218935251235962,,0.09230279922485352
,5516.0,26,3.0841380066704005e-05,65799,,2.827266216278076,,1.1524434089660645,,0.6219393014907837,,0.09230867773294449
,5480.0,26,3.078620648011565e-05,65849,,2.6374011039733887,,1.2062638998031616,,0.6219695806503296,,0.09231593459844589
,5472.0,26,3.07310328935273e-05,65899,,2.20782208442688,,1.1508052349090576,,0.6220018863677979,,0.09232251346111298
,5476.0,26,3.067586294491775e-05,65949,,2.724863052368164,,1.0832113027572632,,0.6220354437828064,,0.09233462810516357
,5432.0,26,3.06206893583294e-05,65999,,2.647336959838867,,1.0395514965057373,,0.6220673322677612,,0.09233915060758591
,5416.0,26,3.056551577174105e-05,66049,,3.117251396179199,,1.014711618423462,,0.622094452381134,,0.09234397858381271
,5528.0,26,3.0510344004142098e-05,66099,,2.7813427448272705,,1.143354892730713,,0.6221374273300171,,0.09235435724258423
,5436.0,26,3.045517223654315e-05,66149,,2.707780599594116,,0.8246080875396729,,0.622168779373169,,0.09235856682062149
,5496.0,26,3.04000004689442e-05,66199,,2.538907766342163,,1.179530143737793,,0.6222056150436401,,0.09236432611942291
,5468.0,26,3.0344826882355846e-05,66249,,2.9803402423858643,,1.0080944299697876,,0.622234046459198,,0.09236966073513031
,5416.0,26,3.0289655114756897e-05,66299,,3.036987066268921,,1.1048945188522339,,0.622275710105896,,0.0923783928155899
,5516.0,26,3.0234483347157948e-05,66349,,2.657053232192993,,1.09785795211792,,0.6223042607307434,,0.09238530695438385
,5476.0,26,3.0179309760569595e-05,66399,,2.708489179611206,,0.8038158416748047,,0.6223467588424683,,0.0923958346247673
,5428.0,26,3.0124137992970645e-05,66449,,2.3283908367156982,,1.0356050729751587,,0.6223903298377991,,0.09240343421697617
,5472.0,26,3.0068966225371696e-05,66499,,3.153702974319458,,1.0205891132354736,,0.6224286556243896,,0.09241069853305817
,5448.0,26,3.0013792638783343e-05,66549,,2.5910232067108154,,1.2179208993911743,,0.6224510669708252,,0.09241867065429688
,5412.0,26,2.9958620871184394e-05,66599,,3.414069890975952,,1.0908310413360596,,0.6224797964096069,,0.09242849051952362
,5404.0,26,2.9903449103585444e-05,66649,,2.8953676223754883,,0.9398146271705627,,0.6225136518478394,,0.0924377292394638
,5468.0,26,2.984827551699709e-05,66699,,2.988618850708008,,1.4266616106033325,,0.6225447654724121,,0.09244849532842636
,5432.0,26,2.9793103749398142e-05,66749,,2.775601625442505,,1.027023434638977,,0.6225895285606384,,0.09245924651622772
,5512.0,26,2.973793016280979e-05,66799,,2.9119651317596436,,0.8969749808311462,,0.6226229667663574,,0.09246910363435745
,5464.0,26,2.968275839521084e-05,66849,,2.640957832336426,,1.2838245630264282,,0.6226664185523987,,0.09248287975788116
,5456.0,26,2.962758662761189e-05,66899,,2.7188327312469482,,1.0842735767364502,,0.622710108757019,,0.09249202907085419
,5532.0,26,2.9572413041023538e-05,66949,,2.9902877807617188,,1.3616161346435547,,0.6227433681488037,,0.09250697493553162
,5424.0,26,2.9517241273424588e-05,66999,,2.3532400131225586,,0.9212200045585632,,0.6227793097496033,,0.09251736849546432
,5488.0,26,2.946206950582564e-05,67049,,3.0250399112701416,,1.1306461095809937,,0.6228163838386536,,0.09253194183111191
,5464.0,26,2.9406895919237286e-05,67099,,3.2535653114318848,,1.153894066810608,,0.6228510737419128,,0.09253688901662827
,5468.0,26,2.9351724151638336e-05,67149,,2.9438059329986572,,1.491136908531189,,0.622887372970581,,0.09254227578639984
,5468.0,26,2.9296552384039387e-05,67199,,2.858773946762085,,1.2303102016448975,,0.6229275465011597,,0.09255025535821915
,5432.0,26,2.9241378797451034e-05,67249,,2.8141794204711914,,0.9614753127098083,,0.6229770183563232,,0.0925532728433609
,5460.0,26,2.9186207029852085e-05,67299,,2.4997072219848633,,1.0083694458007812,,0.6230116486549377,,0.09255848824977875
,5428.0,26,2.9131035262253135e-05,67349,,2.9615659713745117,,1.4045164585113525,,0.6230403184890747,,0.09256832301616669
,5348.0,26,2.9075861675664783e-05,67399,,2.177569627761841,,1.0709210634231567,,0.6230694055557251,,0.09257251769304276
,5460.0,26,2.9020689908065833e-05,67449,,2.979691982269287,,1.0011918544769287,,0.623096227645874,,0.09257903695106506
,5480.0,26,2.8965518140466884e-05,67499,,1.459688425064087,,0.787334144115448,,0.6231338381767273,,0.0925874188542366
,5568.0,26,2.891034455387853e-05,67549,,3.1478562355041504,,1.0456287860870361,,0.6231728196144104,,0.09259447455406189
,5448.0,26,2.885517278627958e-05,67599,,2.8724873065948486,,0.8650282025337219,,0.6231988072395325,,0.09259935468435287
,5480.0,26,2.879999919969123e-05,67649,,2.7637717723846436,,1.4033160209655762,,0.6232329607009888,,0.0926109105348587
,5452.0,26,2.874482743209228e-05,67699,,2.778775453567505,,1.127946138381958,,0.6232713460922241,,0.0926213338971138
5459.142578125,,26,,67717,2.844059467315674,,1.1218444108963013,,0.6224133968353271,,0.09242063015699387,
,5368.0,27,2.868965566449333e-05,67749,,2.438335657119751,,1.0243303775787354,,0.6233105659484863,,0.09262940287590027
,5536.0,27,2.8634482077904977e-05,67799,,2.7832250595092773,,1.0681036710739136,,0.6233396530151367,,0.09263937175273895
,5412.0,27,2.8579310310306028e-05,67849,,2.978341579437256,,0.9064204692840576,,0.6233699321746826,,0.09264586865901947
,5416.0,27,2.8524138542707078e-05,67899,,3.1388661861419678,,1.1233912706375122,,0.623408317565918,,0.09264948964118958
,5472.0,27,2.8468964956118725e-05,67949,,2.814133405685425,,1.0778542757034302,,0.6234495639801025,,0.09265421330928802
,5460.0,27,2.8413793188519776e-05,67999,,2.008096933364868,,0.7818900346755981,,0.6234782934188843,,0.09265784174203873
,5452.0,27,2.8358621420920826e-05,68049,,2.5900306701660156,,1.3898364305496216,,0.623514711856842,,0.09266602993011475
,5540.0,27,2.8303447834332474e-05,68099,,2.9617464542388916,,1.2187894582748413,,0.6235437393188477,,0.09267443418502808
,5512.0,27,2.8248276066733524e-05,68149,,2.3645315170288086,,1.0450639724731445,,0.6235787272453308,,0.0926775187253952
,5464.0,27,2.8193104299134575e-05,68199,,3.127284049987793,,1.1406863927841187,,0.6236168742179871,,0.09268391132354736
,5500.0,27,2.8137930712546222e-05,68249,,3.379779577255249,,1.1786388158798218,,0.6236478090286255,,0.09269234538078308
,5516.0,27,2.8082758944947273e-05,68299,,2.9520819187164307,,0.9787765741348267,,0.6236798167228699,,0.0927041620016098
,5508.0,27,2.802758535835892e-05,68349,,3.098562479019165,,1.1204625368118286,,0.6237175464630127,,0.09271582961082458
,5488.0,27,2.797241359075997e-05,68399,,2.683464288711548,,1.2002938985824585,,0.6237476468086243,,0.09272576868534088
,5504.0,27,2.791724182316102e-05,68449,,3.1963253021240234,,1.2444161176681519,,0.6237823963165283,,0.0927349179983139
,5496.0,27,2.7862068236572668e-05,68499,,2.745986223220825,,0.7782086133956909,,0.6238191723823547,,0.09274248778820038
,5524.0,27,2.780689646897372e-05,68549,,3.2484612464904785,,1.2858644723892212,,0.6238541603088379,,0.09274892508983612
,5472.0,27,2.775172470137477e-05,68599,,3.1999905109405518,,1.1777725219726562,,0.6238924264907837,,0.09275735169649124
,5488.0,27,2.7696551114786416e-05,68649,,3.1011650562286377,,0.9263565540313721,,0.623924732208252,,0.09276547282934189
,5476.0,27,2.7641379347187467e-05,68699,,3.434525728225708,,1.0572763681411743,,0.6239574551582336,,0.0927756279706955
,5456.0,27,2.7586207579588518e-05,68749,,3.0994009971618652,,1.0176606178283691,,0.6239993572235107,,0.09278826415538788
,5512.0,27,2.7531033993000165e-05,68799,,2.9109933376312256,,1.2201385498046875,,0.6240343451499939,,0.09279762208461761
,5492.0,27,2.7475862225401215e-05,68849,,2.897181272506714,,1.4480446577072144,,0.6240734457969666,,0.09280576556921005
,5492.0,27,2.7420690457802266e-05,68899,,3.12646484375,,1.4466384649276733,,0.624116063117981,,0.09281551092863083
,5440.0,27,2.7365516871213913e-05,68949,,3.2336132526397705,,1.1644330024719238,,0.6241451501846313,,0.09282413870096207
,5460.0,27,2.7310345103614964e-05,68999,,4.116094589233398,,1.0508984327316284,,0.6241827607154846,,0.09283114224672318
,5508.0,27,2.725517151702661e-05,69049,,2.7269089221954346,,1.32782781124115,,0.6242213845252991,,0.09284403920173645
,5424.0,27,2.719999974942766e-05,69099,,2.356769323348999,,0.9357074499130249,,0.6242564916610718,,0.09285400062799454
,5416.0,27,2.7144827981828712e-05,69149,,2.1014130115509033,,0.8357371091842651,,0.6242973208427429,,0.09286356717348099
,5416.0,27,2.708965439524036e-05,69199,,2.790043354034424,,0.9930367469787598,,0.6243360638618469,,0.09287091344594955
,5504.0,27,2.703448262764141e-05,69249,,2.5660295486450195,,1.0170495510101318,,0.624362051486969,,0.09287439286708832
,5416.0,27,2.697931086004246e-05,69299,,2.5642566680908203,,1.0698248147964478,,0.6244032382965088,,0.09288100898265839
,5468.0,27,2.6924137273454107e-05,69349,,2.831815242767334,,1.1826061010360718,,0.624434232711792,,0.09288511425256729
,5540.0,27,2.6868965505855158e-05,69399,,2.926975965499878,,1.074651837348938,,0.6244640350341797,,0.09288761019706726
,5452.0,27,2.681379373825621e-05,69449,,3.6037843227386475,,1.6059041023254395,,0.6244968175888062,,0.09289564937353134
,5424.0,27,2.6758620151667856e-05,69499,,3.286210060119629,,1.0183303356170654,,0.624535322189331,,0.0929034873843193
,5416.0,27,2.6703448384068906e-05,69549,,3.092010021209717,,0.5088952779769897,,0.6245675683021545,,0.09291572868824005
,5500.0,27,2.6648276616469957e-05,69599,,2.9122848510742188,,1.2451670169830322,,0.6245996952056885,,0.09292502701282501
,5412.0,27,2.6593103029881604e-05,69649,,3.5813217163085938,,0.8509660363197327,,0.6246273517608643,,0.0929366797208786
,5448.0,27,2.6537931262282655e-05,69699,,2.904670000076294,,1.19316565990448,,0.6246592998504639,,0.09294538199901581
,5476.0,27,2.6482759494683705e-05,69749,,3.907834053039551,,1.2549399137496948,,0.6246864795684814,,0.0929492861032486
,5480.0,27,2.6427585908095352e-05,69799,,3.2821996212005615,,1.1617233753204346,,0.6247135400772095,,0.09295452386140823
,5488.0,27,2.6372414140496403e-05,69849,,2.998518466949463,,1.3313621282577515,,0.6247466802597046,,0.0929606705904007
,5460.0,27,2.631724055390805e-05,69899,,3.082704782485962,,1.160232663154602,,0.6247837543487549,,0.09296395629644394
,5516.0,27,2.62620687863091e-05,69949,,2.9959099292755127,,1.2806693315505981,,0.6248071789741516,,0.09297210723161697
,5440.0,27,2.620689701871015e-05,69999,,2.946657180786133,,1.562542200088501,,0.6248347759246826,,0.09297801554203033
,5444.0,27,2.61517234321218e-05,70049,,1.9870537519454956,,0.7419297695159912,,0.6248648166656494,,0.09298671782016754
,5480.0,27,2.609655166452285e-05,70099,,2.2509102821350098,,0.8949832916259766,,0.6248891353607178,,0.09299293905496597
,5472.0,27,2.60413798969239e-05,70149,,3.0722029209136963,,1.2595211267471313,,0.6249245405197144,,0.09300215542316437
,5436.0,27,2.5986206310335547e-05,70199,,3.1771130561828613,,1.068693995475769,,0.6249589920043945,,0.09300991892814636
5464.28125,,27,,70225,2.921335458755493,,1.11764395236969,,0.6241660118103027,,0.09282302856445312,
,5480.0,28,2.5931034542736597e-05,70249,,3.131892442703247,,0.940031111240387,,0.6249911785125732,,0.09301432222127914
,5456.0,28,2.5875862775137648e-05,70299,,3.13307785987854,,1.181471824645996,,0.6250314116477966,,0.09301666915416718
,5436.0,28,2.5820689188549295e-05,70349,,2.5557706356048584,,1.590515375137329,,0.6250646114349365,,0.09301827847957611
,5480.0,28,2.5765517420950346e-05,70399,,3.6605730056762695,,1.0930556058883667,,0.6251024603843689,,0.09302423894405365
,5460.0,28,2.5710345653351396e-05,70449,,2.5723352432250977,,1.226499319076538,,0.6251395344734192,,0.09303338080644608
,5488.0,28,2.5655172066763043e-05,70499,,3.0005276203155518,,1.546750783920288,,0.6251677870750427,,0.09304438531398773
,5468.0,28,2.5600000299164094e-05,70549,,2.801581621170044,,0.9783763885498047,,0.6251987814903259,,0.09305216372013092
,5496.0,28,2.554482671257574e-05,70599,,2.9994940757751465,,1.1782081127166748,,0.6252371072769165,,0.09305731952190399
,5500.0,28,2.5489654944976792e-05,70649,,2.477605104446411,,1.0684312582015991,,0.6252673864364624,,0.09306690841913223
,5468.0,28,2.5434483177377842e-05,70699,,2.9819328784942627,,1.0671820640563965,,0.6253094673156738,,0.09307268261909485
,5452.0,28,2.537930959078949e-05,70749,,2.4149227142333984,,0.9915028810501099,,0.6253441572189331,,0.09307630360126495
,5472.0,28,2.532413782319054e-05,70799,,2.417377471923828,,1.094425916671753,,0.6253840923309326,,0.09307964146137238
,5448.0,28,2.526896605559159e-05,70849,,3.01419734954834,,1.1369872093200684,,0.6254220008850098,,0.09308718144893646
,5500.0,28,2.5213792469003238e-05,70899,,2.993896722793579,,1.2202543020248413,,0.6254479885101318,,0.09309324622154236
,5456.0,28,2.515862070140429e-05,70949,,3.1833157539367676,,1.415732741355896,,0.6254811882972717,,0.09309748560190201
,5488.0,28,2.510344893380534e-05,70999,,2.614419937133789,,1.1952826976776123,,0.6255098581314087,,0.09310145676136017
,5444.0,28,2.5048275347216986e-05,71049,,2.80582332611084,,0.8006579279899597,,0.6255453824996948,,0.09310506284236908
,5460.0,28,2.4993103579618037e-05,71099,,3.782456874847412,,1.1306369304656982,,0.625575602054596,,0.09311628341674805
,5480.0,28,2.4937931812019087e-05,71149,,3.027825355529785,,1.3812915086746216,,0.6256039142608643,,0.09311896562576294
,5436.0,28,2.4882758225430734e-05,71199,,2.954409122467041,,1.2206107378005981,,0.6256317496299744,,0.09312556684017181
,5424.0,28,2.4827586457831785e-05,71249,,2.788252115249634,,0.9623662233352661,,0.6256673336029053,,0.09313049912452698
,5468.0,28,2.4772414690232836e-05,71299,,2.8385396003723145,,0.9548928141593933,,0.6256969571113586,,0.09314034879207611
,5392.0,28,2.4717241103644483e-05,71349,,3.0846362113952637,,1.232131838798523,,0.6257309317588806,,0.09315189719200134
,5404.0,28,2.4662069336045533e-05,71399,,2.888814926147461,,0.9758766293525696,,0.6257692575454712,,0.09316244721412659
,5496.0,28,2.460689574945718e-05,71449,,2.7958319187164307,,0.9621651768684387,,0.6258029937744141,,0.09317146241664886
,5428.0,28,2.455172398185823e-05,71499,,2.9597067832946777,,0.8621773719787598,,0.6258324384689331,,0.09317249059677124
,5468.0,28,2.4496552214259282e-05,71549,,3.041826009750366,,0.9471654891967773,,0.6258782148361206,,0.09317226707935333
,5388.0,28,2.444137862767093e-05,71599,,2.9051036834716797,,1.1542160511016846,,0.6258971095085144,,0.09317740797996521
,5456.0,28,2.438620686007198e-05,71649,,2.9526007175445557,,1.1784305572509766,,0.625927746295929,,0.09318344295024872
,5480.0,28,2.433103509247303e-05,71699,,2.6902122497558594,,1.1829839944839478,,0.625956654548645,,0.09318941831588745
,5412.0,28,2.4275861505884677e-05,71749,,2.3292226791381836,,0.9382800459861755,,0.6259845495223999,,0.09319496154785156
,5452.0,28,2.4220689738285728e-05,71799,,2.4105920791625977,,0.8805449604988098,,0.6260190010070801,,0.09320132434368134
,5456.0,28,2.416551797068678e-05,71849,,3.313462257385254,,1.141164779663086,,0.6260526180267334,,0.0932086631655693
,5424.0,28,2.4110344384098426e-05,71899,,3.835052967071533,,1.384572148323059,,0.6260919570922852,,0.0932123214006424
,5520.0,28,2.4055172616499476e-05,71949,,3.103181838989258,,1.046391248703003,,0.6261237263679504,,0.09321904182434082
,5492.0,28,2.4000000848900527e-05,71999,,3.5204994678497314,,1.2822520732879639,,0.6261577606201172,,0.09322765469551086
,5516.0,28,2.3944827262312174e-05,72049,,2.9018025398254395,,1.0385682582855225,,0.6261863708496094,,0.0932401493191719
,5544.0,28,2.3889655494713224e-05,72099,,2.444094657897949,,1.0012404918670654,,0.6262226700782776,,0.0932476818561554
,5452.0,28,2.383448190812487e-05,72149,,3.390690326690674,,0.8351367115974426,,0.6262521743774414,,0.0932554304599762
,5536.0,28,2.3779310140525922e-05,72199,,2.6633386611938477,,0.9045342206954956,,0.6262773275375366,,0.0932629331946373
,5496.0,28,2.3724138372926973e-05,72249,,2.872497081756592,,1.0607470273971558,,0.6263076663017273,,0.0932675376534462
,5504.0,28,2.366896478633862e-05,72299,,2.8595798015594482,,1.007591962814331,,0.6263382434844971,,0.09327426552772522
,5488.0,28,2.361379301873967e-05,72349,,3.1483407020568848,,1.2638037204742432,,0.6263643503189087,,0.09328233450651169
,5408.0,28,2.355862125114072e-05,72399,,3.2512385845184326,,1.2168124914169312,,0.6263981461524963,,0.09329091012477875
,5388.0,28,2.3503447664552368e-05,72449,,3.141260862350464,,1.1675037145614624,,0.6264322400093079,,0.09329699724912643
,5432.0,28,2.344827589695342e-05,72499,,3.6707096099853516,,1.392559289932251,,0.6264652609825134,,0.09330443292856216
,5384.0,28,2.339310412935447e-05,72549,,3.044189691543579,,1.3381224870681763,,0.6264963150024414,,0.09331344813108444
,5296.0,28,2.3337930542766117e-05,72599,,3.145662784576416,,1.4929925203323364,,0.6265220642089844,,0.09331962466239929
,5396.0,28,2.3282758775167167e-05,72649,,3.436281442642212,,0.9004777669906616,,0.6265552043914795,,0.09332804381847382
,5420.0,28,2.3227587007568218e-05,72699,,3.330475330352783,,0.9569841623306274,,0.6265807151794434,,0.09333382546901703
5462.5537109375,,28,,72733,2.9885571002960205,,1.1039549112319946,,0.6258280873298645,,0.09316994994878769,
,5468.0,29,2.3172413420979865e-05,72749,,3.1701159477233887,,1.2820870876312256,,0.6266090869903564,,0.09333966672420502
,5388.0,29,2.3117241653380916e-05,72799,,2.74027156829834,,1.3163446187973022,,0.6266408562660217,,0.09334557503461838
,5472.0,29,2.3062068066792563e-05,72849,,3.2828381061553955,,1.347286343574524,,0.6266754269599915,,0.0933557003736496
,5456.0,29,2.3006896299193613e-05,72899,,3.0303521156311035,,1.3566532135009766,,0.6267088055610657,,0.0933660939335823
,5492.0,29,2.2951724531594664e-05,72949,,2.988454580307007,,1.5495022535324097,,0.6267404556274414,,0.09337255358695984
,5544.0,29,2.289655094500631e-05,72999,,3.3886454105377197,,1.2451995611190796,,0.626777172088623,,0.09338004887104034
,5560.0,29,2.284137917740736e-05,73049,,2.59002423286438,,1.0938876867294312,,0.6268048286437988,,0.09338781982660294
,5500.0,29,2.2786207409808412e-05,73099,,3.6962902545928955,,1.014073133468628,,0.6268332004547119,,0.09339532256126404
,5412.0,29,2.273103382322006e-05,73149,,3.2367405891418457,,1.1843767166137695,,0.626867413520813,,0.09340568631887436
,5444.0,29,2.267586205562111e-05,73199,,3.857837677001953,,0.7424907684326172,,0.6268982887268066,,0.09341514110565186
,5548.0,29,2.262069028802216e-05,73249,,2.3768622875213623,,0.7106789946556091,,0.626932680606842,,0.09342522919178009
,5320.0,29,2.2565516701433808e-05,73299,,3.2317311763763428,,1.0165274143218994,,0.6269621849060059,,0.09342779219150543
,5488.0,29,2.2510344933834858e-05,73349,,3.776081085205078,,1.1324996948242188,,0.6269952654838562,,0.09343259781599045
,5476.0,29,2.245517316623591e-05,73399,,2.5077176094055176,,0.8795914649963379,,0.6270220279693604,,0.09343133866786957
,5436.0,29,2.2399999579647556e-05,73449,,2.9327499866485596,,0.9507707357406616,,0.6270554661750793,,0.09343661367893219
,5520.0,29,2.2344827812048607e-05,73499,,3.1678547859191895,,1.1549350023269653,,0.6270872354507446,,0.0934455394744873
,5468.0,29,2.2289656044449657e-05,73549,,3.0000596046447754,,1.2462722063064575,,0.6271121501922607,,0.09345103055238724
,5560.0,29,2.2234482457861304e-05,73599,,2.919114351272583,,1.0787111520767212,,0.627143383026123,,0.09345360100269318
,5488.0,29,2.2179310690262355e-05,73649,,3.156111240386963,,1.2967219352722168,,0.6271758079528809,,0.0934629961848259
,5524.0,29,2.2124137103674002e-05,73699,,3.1242451667785645,,0.7924312949180603,,0.6271969676017761,,0.09346871078014374
,5488.0,29,2.2068965336075053e-05,73749,,3.254875659942627,,1.0845730304718018,,0.6272192001342773,,0.0934731587767601
,5496.0,29,2.2013793568476103e-05,73799,,3.506134510040283,,1.225508689880371,,0.6272508502006531,,0.09347925335168839
,5468.0,29,2.195861998188775e-05,73849,,2.210088014602661,,0.8380557894706726,,0.6272839307785034,,0.09348856657743454
,5456.0,29,2.19034482142888e-05,73899,,2.4905173778533936,,0.879794180393219,,0.6273119449615479,,0.09349517524242401
,5412.0,29,2.184827644668985e-05,73949,,2.7891476154327393,,0.8173744678497314,,0.6273502707481384,,0.09350068122148514
,5448.0,29,2.17931028601015e-05,73999,,3.690765619277954,,0.8932276368141174,,0.6273825764656067,,0.0935080349445343
,5472.0,29,2.173793109250255e-05,74049,,3.0979368686676025,,1.5632795095443726,,0.6274166107177734,,0.09351366758346558
,5388.0,29,2.16827593249036e-05,74099,,3.280571222305298,,1.6441094875335693,,0.6274538040161133,,0.09351806342601776
,5496.0,29,2.1627585738315247e-05,74149,,2.774894952774048,,1.2681511640548706,,0.6274805665016174,,0.09352454543113708
,5500.0,29,2.1572413970716298e-05,74199,,3.1581664085388184,,0.789905309677124,,0.6275080442428589,,0.09352850168943405
,5436.0,29,2.1517242203117348e-05,74249,,2.7093920707702637,,1.0821573734283447,,0.6275389790534973,,0.09353148192167282
,5368.0,29,2.1462068616528995e-05,74299,,3.408181667327881,,0.9625739455223083,,0.6275734305381775,,0.09353481978178024
,5524.0,29,2.1406896848930046e-05,74349,,3.126039505004883,,0.9033692479133606,,0.6276016235351562,,0.09354336559772491
,5484.0,29,2.1351723262341693e-05,74399,,3.0973188877105713,,1.0140275955200195,,0.6276340484619141,,0.09354771673679352
,5504.0,29,2.1296551494742744e-05,74449,,3.214280605316162,,1.3089196681976318,,0.6276605129241943,,0.0935528427362442
,5464.0,29,2.1241379727143794e-05,74499,,3.0361361503601074,,1.093748927116394,,0.6276963949203491,,0.09355656802654266
,5552.0,29,2.118620614055544e-05,74549,,2.8539419174194336,,1.2198909521102905,,0.6277336478233337,,0.09355597198009491
,5468.0,29,2.1131034372956492e-05,74599,,3.3891029357910156,,1.4402910470962524,,0.6277679204940796,,0.09356094896793365
,5444.0,29,2.1075862605357543e-05,74649,,3.19675874710083,,0.9976438879966736,,0.6277989149093628,,0.0935671254992485
,5556.0,29,2.102068901876919e-05,74699,,3.2259418964385986,,1.4254183769226074,,0.6278268098831177,,0.09357361495494843
,5412.0,29,2.096551725117024e-05,74749,,3.281404972076416,,0.6949474215507507,,0.6278553605079651,,0.09357905387878418
,5404.0,29,2.091034548357129e-05,74799,,2.893735408782959,,1.1042039394378662,,0.6278959512710571,,0.0935850739479065
,5496.0,29,2.0855171896982938e-05,74849,,2.589960813522339,,0.9613363742828369,,0.6279191374778748,,0.09358876943588257
,5404.0,29,2.080000012938399e-05,74899,,3.3260085582733154,,1.2786983251571655,,0.627949595451355,,0.09359395503997803
,5472.0,29,2.074482836178504e-05,74949,,3.1930856704711914,,1.0140923261642456,,0.6279768943786621,,0.09359472244977951
,5452.0,29,2.0689654775196686e-05,74999,,3.6356732845306396,,1.1126381158828735,,0.6280121803283691,,0.09359544515609741
,5492.0,29,2.0634483007597737e-05,75049,,3.50807785987854,,1.1036049127578735,,0.6280450820922852,,0.09359908849000931
,5444.0,29,2.0579311239998788e-05,75099,,2.3958098888397217,,1.0560705661773682,,0.6280781626701355,,0.09360401332378387
,5376.0,29,2.0524137653410435e-05,75149,,2.998806953430176,,1.0810941457748413,,0.6281071901321411,,0.09361330419778824
,5488.0,29,2.0468965885811485e-05,75199,,3.4541075229644775,,0.9919388294219971,,0.6281373500823975,,0.09361860156059265
5461.3740234375,,29,,75241,3.050373077392578,,1.0986744165420532,,0.6273981332778931,,0.09349844604730606,
,5496.0,30,2.0413792299223132e-05,75249,,2.976229190826416,,1.266405463218689,,0.628150999546051,,0.09362362325191498
,5508.0,30,2.0358620531624183e-05,75299,,3.270533561706543,,1.2888240814208984,,0.6281790733337402,,0.093630850315094
,5560.0,30,2.0303448764025234e-05,75349,,3.2253012657165527,,1.2418705224990845,,0.6282073259353638,,0.093635194003582
,5480.0,30,2.024827517743688e-05,75399,,3.6988701820373535,,1.0542075634002686,,0.6282426714897156,,0.09364074468612671
,5480.0,30,2.019310340983793e-05,75449,,2.679452896118164,,1.1113450527191162,,0.6282713413238525,,0.09364646673202515
,5448.0,30,2.0137931642238982e-05,75499,,2.7338528633117676,,0.765094518661499,,0.6283093094825745,,0.09365145862102509
,5436.0,30,2.008275805565063e-05,75549,,2.528193235397339,,0.9128525257110596,,0.6283447742462158,,0.09365665912628174
,5408.0,30,2.002758628805168e-05,75599,,2.9817535877227783,,0.9297884702682495,,0.6283802390098572,,0.09366157650947571
,5384.0,30,1.997241452045273e-05,75649,,3.1072347164154053,,1.191718578338623,,0.6284118890762329,,0.09366656839847565
,5508.0,30,1.9917240933864377e-05,75699,,3.275487184524536,,1.510758876800537,,0.6284509897232056,,0.09367218613624573
,5448.0,30,1.9862069166265428e-05,75749,,2.805492877960205,,1.1195437908172607,,0.6284878253936768,,0.09367940574884415
,5480.0,30,1.980689739866648e-05,75799,,3.091961622238159,,1.2381306886672974,,0.6285098791122437,,0.09368913620710373
,5488.0,30,1.9751723812078126e-05,75849,,2.858823537826538,,0.9422718286514282,,0.6285436153411865,,0.09369434416294098
,5436.0,30,1.9696552044479176e-05,75899,,2.6593165397644043,,0.9040798544883728,,0.6285730600357056,,0.09370175004005432
,5416.0,30,1.9641378457890823e-05,75949,,3.248487710952759,,1.0149040222167969,,0.6286020278930664,,0.09371326118707657
,5400.0,30,1.9586206690291874e-05,75999,,3.2595765590667725,,0.9168047904968262,,0.628629744052887,,0.0937250629067421
,5432.0,30,1.9531034922692925e-05,76049,,3.3765997886657715,,0.9389352202415466,,0.6286580562591553,,0.09373358637094498
,5524.0,30,1.9475861336104572e-05,76099,,2.8059191703796387,,1.0500266551971436,,0.6286842823028564,,0.09373733401298523
,5508.0,30,1.9420689568505622e-05,76149,,3.1332359313964844,,1.2464679479599,,0.628709614276886,,0.09374351054430008
,5556.0,30,1.9365517800906673e-05,76199,,3.0838239192962646,,1.1771107912063599,,0.6287320852279663,,0.09374965727329254
,5452.0,30,1.931034421431832e-05,76249,,3.4624154567718506,,0.7326746582984924,,0.6287673115730286,,0.09375722706317902
,5480.0,30,1.925517244671937e-05,76299,,3.0391833782196045,,1.0265040397644043,,0.6287987232208252,,0.09376440942287445
,5444.0,30,1.920000067912042e-05,76349,,3.1034390926361084,,0.9854874014854431,,0.6288259029388428,,0.09377408027648926
,5444.0,30,1.914482709253207e-05,76399,,2.6099331378936768,,1.064346432685852,,0.6288634538650513,,0.09377913177013397
,5464.0,30,1.908965532493312e-05,76449,,2.803788661956787,,1.2056771516799927,,0.6288934946060181,,0.09378287196159363
,5488.0,30,1.903448355733417e-05,76499,,3.364298105239868,,1.4083917140960693,,0.628921389579773,,0.09378591179847717
,5460.0,30,1.8979309970745817e-05,76549,,2.5142061710357666,,0.8485079407691956,,0.6289548873901367,,0.09378714114427567
,5440.0,30,1.8924138203146867e-05,76599,,3.167382001876831,,1.1615735292434692,,0.6289840936660767,,0.093790203332901
,5436.0,30,1.8868964616558515e-05,76649,,2.9227893352508545,,1.1351685523986816,,0.6290127038955688,,0.0937969759106636
,5508.0,30,1.8813792848959565e-05,76699,,3.049708843231201,,0.9967971444129944,,0.6290435194969177,,0.09380404651165009
,5496.0,30,1.8758621081360616e-05,76749,,3.3591651916503906,,1.071398377418518,,0.6290782690048218,,0.09381420910358429
,5484.0,30,1.8703447494772263e-05,76799,,3.88374400138855,,1.230731725692749,,0.629107654094696,,0.09381405264139175
,5432.0,30,1.8648275727173313e-05,76849,,3.0837926864624023,,1.2870045900344849,,0.6291387677192688,,0.09381502121686935
,5516.0,30,1.8593103959574364e-05,76899,,3.4713823795318604,,1.3326642513275146,,0.629172146320343,,0.09382082521915436
,5440.0,30,1.853793037298601e-05,76949,,3.354412078857422,,1.396984338760376,,0.6292046308517456,,0.09382426738739014
,5428.0,30,1.8482758605387062e-05,76999,,3.333935022354126,,1.418269395828247,,0.6292273998260498,,0.09383124113082886
,5476.0,30,1.8427586837788112e-05,77049,,3.7148003578186035,,1.3008230924606323,,0.6292516589164734,,0.0938427597284317
,5400.0,30,1.837241325119976e-05,77099,,3.197176694869995,,1.0467582941055298,,0.629278302192688,,0.0938454121351242
,5488.0,30,1.831724148360081e-05,77149,,3.1860551834106445,,1.4843392372131348,,0.6293113231658936,,0.09384637326002121
,5472.0,30,1.826206971600186e-05,77199,,3.384765386581421,,1.2397730350494385,,0.6293385028839111,,0.09385273605585098
,5388.0,30,1.8206896129413508e-05,77249,,2.911566972732544,,1.1307286024093628,,0.6293666362762451,,0.09385649859905243
,5460.0,30,1.815172436181456e-05,77299,,2.50473952293396,,0.7886388897895813,,0.6293919086456299,,0.09385891258716583
,5364.0,30,1.809655259421561e-05,77349,,3.3572144508361816,,1.0516844987869263,,0.6294227838516235,,0.09386593103408813
,5508.0,30,1.8041379007627256e-05,77399,,3.0777177810668945,,0.959539532661438,,0.629449188709259,,0.0938696563243866
,5464.0,30,1.7986207240028307e-05,77449,,3.0094122886657715,,1.164805293083191,,0.6294764876365662,,0.09387290477752686
,5456.0,30,1.7931033653439954e-05,77499,,3.405250310897827,,0.9262858033180237,,0.6295071840286255,,0.0938740074634552
,5464.0,30,1.7875861885841005e-05,77549,,2.5882112979888916,,1.2273976802825928,,0.6295259594917297,,0.0938815325498581
,5436.0,30,1.7820690118242055e-05,77599,,3.369546890258789,,1.0353065729141235,,0.6295512318611145,,0.09388741850852966
,5492.0,30,1.7765516531653702e-05,77649,,3.6575751304626465,,1.1502021551132202,,0.6295742988586426,,0.09389258921146393
,5508.0,30,1.7710344764054753e-05,77699,,3.206648588180542,,1.176705002784729,,0.6296073198318481,,0.09389844536781311
,5456.0,30,1.7655172996455804e-05,77749,,3.005770206451416,,1.2580598592758179,,0.6296376585960388,,0.09390194714069366
5460.92333984375,,30,,77749,3.103775978088379,,1.0913783311843872,,0.6289309859275818,,0.09377530962228775,
,5488.0,31,1.759999940986745e-05,77799,,3.030707836151123,,1.3275694847106934,,0.6296682357788086,,0.09390236437320709
,5460.0,31,1.75448276422685e-05,77849,,3.1455702781677246,,1.435518503189087,,0.6296930313110352,,0.0939049944281578
,5460.0,31,1.7489655874669552e-05,77899,,2.7009429931640625,,1.0447269678115845,,0.6297224164009094,,0.09390867501497269
,5412.0,31,1.74344822880812e-05,77949,,3.354353904724121,,1.0576508045196533,,0.6297445893287659,,0.09391319751739502
,5440.0,31,1.737931052048225e-05,77999,,3.471269130706787,,1.2172795534133911,,0.6297723054885864,,0.09391886740922928
,5400.0,31,1.73241387528833e-05,78049,,2.8041718006134033,,0.8687765598297119,,0.6298015713691711,,0.09392181038856506
,5560.0,31,1.7268965166294947e-05,78099,,3.227350950241089,,0.9602121710777283,,0.6298201680183411,,0.093928761780262
,5384.0,31,1.7213793398695998e-05,78149,,3.1957106590270996,,1.0052992105484009,,0.6298555135726929,,0.09393548965454102
,5540.0,31,1.7158619812107645e-05,78199,,3.334463357925415,,0.9763264060020447,,0.629880428314209,,0.09393832087516785
,5480.0,31,1.7103448044508696e-05,78249,,3.1616952419281006,,0.8654482364654541,,0.6299147605895996,,0.09394244104623795
,5500.0,31,1.7048276276909746e-05,78299,,3.6920855045318604,,1.4482160806655884,,0.6299432516098022,,0.09394761174917221
,5464.0,31,1.6993102690321393e-05,78349,,3.1433398723602295,,0.994775652885437,,0.6299698948860168,,0.09395405650138855
,5480.0,31,1.6937930922722444e-05,78399,,3.9870259761810303,,1.0519540309906006,,0.6299923062324524,,0.09396147727966309
,5524.0,31,1.6882759155123495e-05,78449,,4.321381092071533,,1.720341444015503,,0.6300208568572998,,0.09397134929895401
,5436.0,31,1.682758556853514e-05,78499,,3.2440757751464844,,1.3982384204864502,,0.6300544142723083,,0.09397789090871811
,5468.0,31,1.6772413800936192e-05,78549,,2.6187827587127686,,1.0562686920166016,,0.6300843954086304,,0.09398216754198074
,5512.0,31,1.6717242033337243e-05,78599,,3.471999406814575,,1.3787763118743896,,0.6301121115684509,,0.09398940205574036
,5472.0,31,1.666206844674889e-05,78649,,2.6696956157684326,,1.247544527053833,,0.6301378607749939,,0.09399238973855972
,5512.0,31,1.660689667914994e-05,78699,,2.73852276802063,,1.1444494724273682,,0.6301577687263489,,0.0939934104681015
,5480.0,31,1.655172491155099e-05,78749,,2.3660824298858643,,1.0650713443756104,,0.6301891803741455,,0.09399540722370148
,5448.0,31,1.649655132496264e-05,78799,,3.4065258502960205,,1.0541386604309082,,0.6302187442779541,,0.09399926662445068
,5464.0,31,1.644137955736369e-05,78849,,3.6013073921203613,,1.5764318704605103,,0.6302520036697388,,0.09400216490030289
,5472.0,31,1.638620778976474e-05,78899,,2.833432197570801,,1.2627280950546265,,0.6302761435508728,,0.09400647133588791
,5492.0,31,1.6331034203176387e-05,78949,,2.9738802909851074,,1.0235158205032349,,0.6303023099899292,,0.09401153028011322
,5508.0,31,1.6275862435577437e-05,78999,,3.3938276767730713,,1.0312749147415161,,0.6303335428237915,,0.09401719272136688
,5472.0,31,1.6220688848989084e-05,79049,,3.1809401512145996,,1.132236123085022,,0.6303702592849731,,0.09402264654636383
,5460.0,31,1.6165517081390135e-05,79099,,2.9993157386779785,,1.2219643592834473,,0.6304039359092712,,0.09402842074632645
,5440.0,31,1.6110345313791186e-05,79149,,3.4068520069122314,,1.4126369953155518,,0.6304314732551575,,0.09403063356876373
,5544.0,31,1.6055171727202833e-05,79199,,3.1387929916381836,,0.8726851344108582,,0.630466103553772,,0.09403491020202637
,5500.0,31,1.5999999959603883e-05,79249,,3.441211462020874,,1.10333251953125,,0.6304906606674194,,0.09404054284095764
,5544.0,31,1.5944828192004934e-05,79299,,3.5419485569000244,,1.3141499757766724,,0.6305209398269653,,0.0940466970205307
,5484.0,31,1.588965460541658e-05,79349,,3.013251543045044,,1.1943217515945435,,0.6305493712425232,,0.09405384957790375
,5528.0,31,1.583448283781763e-05,79399,,3.17149019241333,,0.8056471347808838,,0.630580484867096,,0.09405535459518433
,5512.0,31,1.5779311070218682e-05,79449,,2.936758518218994,,1.204935908317566,,0.6306090950965881,,0.09406238794326782
,5516.0,31,1.572413748363033e-05,79499,,4.0439772605896,,0.7594895362854004,,0.6306376457214355,,0.0940648689866066
,5336.0,31,1.566896571603138e-05,79549,,3.0167088508605957,,1.122349500656128,,0.6306637525558472,,0.09407157450914383
,5476.0,31,1.561379394843243e-05,79599,,3.158285617828369,,1.0066957473754883,,0.6306909322738647,,0.09407757222652435
,5524.0,31,1.5558620361844078e-05,79649,,3.734553098678589,,0.9536610841751099,,0.6307192444801331,,0.09408098459243774
,5488.0,31,1.550344859424513e-05,79699,,3.331662178039551,,1.0074127912521362,,0.6307470798492432,,0.09408731013536453
,5468.0,31,1.5448275007656775e-05,79749,,3.063586473464966,,1.1968183517456055,,0.6307711601257324,,0.09409278631210327
,5460.0,31,1.5393103240057826e-05,79799,,3.48299241065979,,1.1621848344802856,,0.630797803401947,,0.09409552067518234
,5440.0,31,1.5337931472458877e-05,79849,,2.4721333980560303,,0.9910816550254822,,0.6308243274688721,,0.09410037845373154
,5428.0,31,1.5282757885870524e-05,79899,,2.6530942916870117,,1.099548578262329,,0.6308565735816956,,0.09410379081964493
,5472.0,31,1.5227586118271574e-05,79949,,2.8288750648498535,,0.9452977180480957,,0.630878746509552,,0.094107985496521
,5408.0,31,1.5172413441177923e-05,79999,,3.224609375,,1.2779887914657593,,0.6309131383895874,,0.09411552548408508
,5456.0,31,1.5117241673578974e-05,80049,,2.964237689971924,,1.1019080877304077,,0.630942702293396,,0.09411852061748505
,5468.0,31,1.5062068996485323e-05,80099,,3.8382391929626465,,1.2145332098007202,,0.6309734582901001,,0.09411974996328354
,5468.0,31,1.5006896319391672e-05,80149,,3.368370771408081,,1.3786648511886597,,0.630996584892273,,0.09412262588739395
,5480.0,31,1.4951724551792722e-05,80199,,3.933821678161621,,0.9973081350326538,,0.6310256123542786,,0.09412463009357452
,5500.0,31,1.4896551874699071e-05,80249,,3.6072733402252197,,1.3289074897766113,,0.6310566663742065,,0.09412810951471329
5463.00341796875,,31,,80257,3.173468828201294,,1.0884062051773071,,0.6303605437278748,,0.0940205305814743,
,5396.0,32,1.484137919760542e-05,80299,,2.9406065940856934,,0.740388810634613,,0.631088376045227,,0.09412730485200882
,5484.0,32,1.4786206520511769e-05,80349,,3.825258731842041,,1.101648211479187,,0.6311072111129761,,0.09413080662488937
,5456.0,32,1.473103475291282e-05,80399,,3.9415030479431152,,1.0447313785552979,,0.6311377286911011,,0.0941387414932251
,5472.0,32,1.4675862075819168e-05,80449,,2.9123096466064453,,1.3559614419937134,,0.6311716437339783,,0.09414376318454742
,5460.0,32,1.4620689398725517e-05,80499,,3.10164213180542,,1.0134496688842773,,0.631202757358551,,0.09414999186992645
,5420.0,32,1.4565517631126568e-05,80549,,3.181476354598999,,1.107587218284607,,0.6312339305877686,,0.09415287524461746
,5484.0,32,1.4510344954032917e-05,80599,,3.183744192123413,,1.2341208457946777,,0.6312568187713623,,0.09416176378726959
,5432.0,32,1.4455172276939265e-05,80649,,3.2005233764648438,,1.4357821941375732,,0.6312861442565918,,0.0941646546125412
,5436.0,32,1.4399999599845614e-05,80699,,2.6549365520477295,,0.9235740303993225,,0.6313128471374512,,0.0941699743270874
,5456.0,32,1.4344827832246665e-05,80749,,3.491323471069336,,1.2835462093353271,,0.6313353180885315,,0.09417340904474258
,5416.0,32,1.4289655155153014e-05,80799,,3.6055126190185547,,1.2499858140945435,,0.6313650608062744,,0.09417556971311569
,5408.0,32,1.4234482478059363e-05,80849,,3.480372428894043,,1.1632784605026245,,0.6313832998275757,,0.0941833108663559
,5376.0,32,1.4179310710460413e-05,80899,,3.6969003677368164,,0.822681725025177,,0.6314130425453186,,0.0941879004240036
,5452.0,32,1.4124138033366762e-05,80949,,3.282221555709839,,1.4264097213745117,,0.6314433813095093,,0.09419364482164383
,5504.0,32,1.4068965356273111e-05,80999,,3.317349433898926,,1.130022406578064,,0.6314636468887329,,0.09419777989387512
,5428.0,32,1.401379267917946e-05,81049,,2.7841029167175293,,0.7883847951889038,,0.6314900517463684,,0.09420252591371536
,5452.0,32,1.395862091158051e-05,81099,,3.3021955490112305,,1.2164287567138672,,0.6315174698829651,,0.09420839697122574
,5448.0,32,1.390344823448686e-05,81149,,3.0813136100769043,,0.8378670811653137,,0.6315458416938782,,0.09421060979366302
,5476.0,32,1.3848275557393208e-05,81199,,3.0108420848846436,,0.8018810749053955,,0.631580114364624,,0.09421862661838531
,5424.0,32,1.3793103789794259e-05,81249,,2.878617286682129,,1.0734896659851074,,0.631613552570343,,0.09422698616981506
,5476.0,32,1.3737931112700608e-05,81299,,3.1884257793426514,,0.8021507263183594,,0.6316509246826172,,0.0942317321896553
,5420.0,32,1.3682758435606956e-05,81349,,3.009700059890747,,1.0888992547988892,,0.6316717267036438,,0.0942377820611
,5392.0,32,1.3627585758513305e-05,81399,,3.039682149887085,,0.9960086345672607,,0.631698489189148,,0.09424221515655518
,5472.0,32,1.3572413990914356e-05,81449,,3.6105926036834717,,1.2439815998077393,,0.6317251920700073,,0.09424999356269836
,5392.0,32,1.3517241313820705e-05,81499,,3.338756561279297,,1.0501376390457153,,0.6317511200904846,,0.09425514191389084
,5428.0,32,1.3462068636727054e-05,81549,,3.1130099296569824,,0.74544358253479,,0.6317762732505798,,0.09425811469554901
,5432.0,32,1.3406896869128104e-05,81599,,3.1704115867614746,,1.4328166246414185,,0.6318010687828064,,0.0942603349685669
,5440.0,32,1.3351724192034453e-05,81649,,3.1682770252227783,,0.8015228509902954,,0.631831169128418,,0.09426241368055344
,5420.0,32,1.3296551514940802e-05,81699,,3.002704620361328,,0.9312551617622375,,0.631851315498352,,0.09426891803741455
,5416.0,32,1.3241379747341853e-05,81749,,3.3467421531677246,,0.9427495002746582,,0.6318807601928711,,0.09427009522914886
,5440.0,32,1.3186207070248201e-05,81799,,2.7301464080810547,,1.0808650255203247,,0.6319069862365723,,0.09427367895841599
,5492.0,32,1.313103439315455e-05,81849,,3.4427459239959717,,0.7813577055931091,,0.6319361925125122,,0.0942787230014801
,5508.0,32,1.30758617160609e-05,81899,,3.392502784729004,,1.0737937688827515,,0.6319681406021118,,0.09427829831838608
,5468.0,32,1.302068994846195e-05,81949,,2.2519478797912598,,0.9009544849395752,,0.631993293762207,,0.09428027272224426
,5496.0,32,1.2965517271368299e-05,81999,,3.1877219676971436,,0.9404975175857544,,0.6320228576660156,,0.09428433328866959
,5524.0,32,1.2910344594274648e-05,82049,,3.0003862380981445,,1.127164602279663,,0.6320470571517944,,0.09428777545690536
,5464.0,32,1.2855172826675698e-05,82099,,3.1648435592651367,,1.128314733505249,,0.6320810317993164,,0.09428928792476654
,5404.0,32,1.2800000149582047e-05,82149,,3.0195913314819336,,0.8027014136314392,,0.6321051716804504,,0.0942920595407486
,5440.0,32,1.2744827472488396e-05,82199,,2.692500114440918,,0.6195231676101685,,0.6321332454681396,,0.09429618716239929
,5516.0,32,1.2689654795394745e-05,82249,,2.7925052642822266,,0.9984310865402222,,0.6321513652801514,,0.09429790079593658
,5524.0,32,1.2634483027795795e-05,82299,,3.2528927326202393,,1.0520919561386108,,0.6321821212768555,,0.09430434554815292
,5484.0,32,1.2579310350702144e-05,82349,,3.659449815750122,,1.0912739038467407,,0.6322073936462402,,0.09430772811174393
,5420.0,32,1.2524137673608493e-05,82399,,3.751331329345703,,1.1862558126449585,,0.6322302222251892,,0.09431023895740509
,5480.0,32,1.2468965906009544e-05,82449,,4.39824104309082,,0.6280001401901245,,0.6322609782218933,,0.0943102091550827
,5428.0,32,1.2413793228915893e-05,82499,,3.2953572273254395,,1.030495047569275,,0.6322876214981079,,0.09431225806474686
,5420.0,32,1.2358620551822241e-05,82549,,3.5108747482299805,,1.2839791774749756,,0.6323145627975464,,0.09431496262550354
,5560.0,32,1.230344787472859e-05,82599,,4.017120361328125,,1.318291187286377,,0.6323493719100952,,0.09431631863117218
,5532.0,32,1.2248276107129641e-05,82649,,2.489455223083496,,0.9855126738548279,,0.6323760747909546,,0.09432125091552734
,5348.0,32,1.219310343003599e-05,82699,,3.2978315353393555,,1.321969747543335,,0.6324072480201721,,0.09432715177536011
,5436.0,32,1.2137930752942339e-05,82749,,3.8090717792510986,,0.9664426445960999,,0.6324329972267151,,0.09433068335056305
5462.5595703125,,32,,82765,3.2235960960388184,,1.080843210220337,,0.6317689418792725,,0.09424267709255219,
,5448.0,33,1.208275898534339e-05,82799,,2.878467321395874,,0.9874117970466614,,0.6324551105499268,,0.09433778375387192
,5420.0,33,1.2027586308249738e-05,82849,,3.027559280395508,,1.03650963306427,,0.6324828863143921,,0.09434211254119873
,5540.0,33,1.1972413631156087e-05,82899,,3.1091604232788086,,1.0497334003448486,,0.6325179934501648,,0.09434551000595093
,5464.0,33,1.1917240954062436e-05,82949,,3.504889965057373,,0.9802772402763367,,0.6325394511222839,,0.09434644877910614
,5512.0,33,1.1862069186463486e-05,82999,,3.122824192047119,,1.1625592708587646,,0.6325667500495911,,0.0943514034152031
,5460.0,33,1.1806896509369835e-05,83049,,3.644787073135376,,0.9852527379989624,,0.6325927376747131,,0.09435252845287323
,5488.0,33,1.1751723832276184e-05,83099,,2.902851104736328,,1.051952600479126,,0.632620632648468,,0.09435535967350006
,5492.0,33,1.1696552064677235e-05,83149,,3.5537784099578857,,1.22555673122406,,0.6326526403427124,,0.09435966610908508
,5452.0,33,1.1641379387583584e-05,83199,,3.2718544006347656,,1.069346308708191,,0.6326718330383301,,0.09436215460300446
,5412.0,33,1.1586206710489932e-05,83249,,3.1745336055755615,,1.0670366287231445,,0.6326924562454224,,0.09436734765768051
,5488.0,33,1.1531034033396281e-05,83299,,3.508458137512207,,1.4069944620132446,,0.632720410823822,,0.09437146037817001
,5504.0,33,1.1475862265797332e-05,83349,,3.418078660964966,,1.3303683996200562,,0.6327452659606934,,0.09437616169452667
,5452.0,33,1.142068958870368e-05,83399,,3.974414348602295,,1.1619079113006592,,0.6327786445617676,,0.09437895566225052
,5456.0,33,1.136551691161003e-05,83449,,2.811781644821167,,1.0347856283187866,,0.632810652256012,,0.09438329190015793
,5336.0,33,1.131034514401108e-05,83499,,3.5708303451538086,,1.210487961769104,,0.6328394412994385,,0.0943884551525116
,5504.0,33,1.1255172466917429e-05,83549,,3.3601300716400146,,1.0971125364303589,,0.6328665018081665,,0.0943935289978981
,5516.0,33,1.1199999789823778e-05,83599,,3.3038671016693115,,0.6932816505432129,,0.6328898668289185,,0.09439706802368164
,5376.0,33,1.1144828022224829e-05,83649,,3.266455888748169,,1.382812738418579,,0.6329160332679749,,0.09440161287784576
,5452.0,33,1.1089655345131177e-05,83699,,3.739959716796875,,1.0505160093307495,,0.6329485774040222,,0.09440281242132187
,5468.0,33,1.1034482668037526e-05,83749,,3.4628641605377197,,1.3852757215499878,,0.6329716444015503,,0.09440607577562332
,5436.0,33,1.0979309990943875e-05,83799,,3.8363242149353027,,0.8955217003822327,,0.6329941749572754,,0.09441232681274414
,5388.0,33,1.0924138223344926e-05,83849,,3.9334774017333984,,1.3038097620010376,,0.6330233216285706,,0.09441399574279785
,5464.0,33,1.0868965546251275e-05,83899,,4.085116863250732,,1.2092700004577637,,0.6330521106719971,,0.09441781789064407
,5412.0,33,1.0813792869157623e-05,83949,,3.732408046722412,,1.042263150215149,,0.6330792903900146,,0.09442173689603806
,5428.0,33,1.0758621101558674e-05,83999,,3.3818039894104004,,0.739311695098877,,0.6331081986427307,,0.09442460536956787
,5436.0,33,1.0703448424465023e-05,84049,,3.347504138946533,,1.2352343797683716,,0.6331359148025513,,0.09442399442195892
,5448.0,33,1.0648275747371372e-05,84099,,3.51849365234375,,1.1722978353500366,,0.6331565380096436,,0.09442584961652756
,5444.0,33,1.059310307027772e-05,84149,,3.8372702598571777,,1.178603172302246,,0.6331852078437805,,0.09442935883998871
,5536.0,33,1.0537931302678771e-05,84199,,3.2638046741485596,,1.3064557313919067,,0.6332122087478638,,0.09443369507789612
,5544.0,33,1.048275862558512e-05,84249,,3.4116299152374268,,0.7302314043045044,,0.6332427263259888,,0.09443743526935577
,5448.0,33,1.0427585948491469e-05,84299,,3.5644891262054443,,1.281273603439331,,0.6332645416259766,,0.09444441646337509
,5540.0,33,1.037241418089252e-05,84349,,3.595111131668091,,1.0218104124069214,,0.6332982182502747,,0.09444727748632431
,5424.0,33,1.0317241503798869e-05,84399,,3.4443469047546387,,0.8735276460647583,,0.6333211660385132,,0.09445329755544662
,5468.0,33,1.0262068826705217e-05,84449,,2.987591505050659,,0.9421709179878235,,0.6333487033843994,,0.09445820748806
,5432.0,33,1.0206896149611566e-05,84499,,3.2326319217681885,,0.8620448112487793,,0.6333789825439453,,0.09446351230144501
,5356.0,33,1.0151724382012617e-05,84549,,3.4053075313568115,,1.299095630645752,,0.6334095001220703,,0.09446525573730469
,5500.0,33,1.0096551704918966e-05,84599,,3.5495779514312744,,0.645274817943573,,0.6334377527236938,,0.09447088837623596
,5456.0,33,1.0041379027825315e-05,84649,,3.4141359329223633,,1.1398332118988037,,0.6334619522094727,,0.09447041898965836
,5424.0,33,9.986207260226365e-06,84699,,3.516735315322876,,1.4497319459915161,,0.633491575717926,,0.09447329491376877
,5356.0,33,9.931034583132714e-06,84749,,3.220017910003662,,1.1572083234786987,,0.6335157155990601,,0.09447867423295975
,5560.0,33,9.875861906039063e-06,84799,,3.059626817703247,,0.8752782940864563,,0.6335403919219971,,0.09448187053203583
,5496.0,33,9.820689228945412e-06,84849,,3.0013740062713623,,0.8919637799263,,0.6335699558258057,,0.09448462724685669
,5376.0,33,9.765517461346462e-06,84899,,3.4294207096099854,,1.1749942302703857,,0.6335870027542114,,0.09448563307523727
,5436.0,33,9.710344784252811e-06,84949,,4.303378105163574,,1.4095138311386108,,0.6336090564727783,,0.0944901779294014
,5544.0,33,9.65517210715916e-06,84999,,3.0638294219970703,,0.8017055988311768,,0.633637547492981,,0.0944908931851387
,5396.0,33,9.60000033956021e-06,85049,,3.1796531677246094,,0.7972884178161621,,0.6336581707000732,,0.09449543058872223
,5328.0,33,9.54482766246656e-06,85099,,3.4623100757598877,,1.8798105716705322,,0.6336809396743774,,0.09449975192546844
,5488.0,33,9.489654985372908e-06,85149,,3.928553581237793,,0.870816707611084,,0.6337069272994995,,0.09450317174196243
,5444.0,33,9.434482308279257e-06,85199,,2.95109224319458,,1.0916444063186646,,0.6337298154830933,,0.09450328350067139
,5480.0,33,9.379310540680308e-06,85249,,2.839118242263794,,1.2475475072860718,,0.6337493062019348,,0.09450680017471313
5462.29296875,,33,,85273,3.276262044906616,,1.0730096101760864,,0.6331309080123901,,0.09442661702632904,
,5344.0,34,9.324137863586657e-06,85299,,3.821568012237549,,1.4111084938049316,,0.6337712407112122,,0.094510018825531
,5376.0,34,9.268965186493006e-06,85349,,3.2480101585388184,,1.0799586772918701,,0.6337932348251343,,0.09451174736022949
,5536.0,34,9.213793418894056e-06,85399,,2.868029832839966,,0.8478967547416687,,0.6338177919387817,,0.09451551735401154
,5520.0,34,9.158620741800405e-06,85449,,3.8134539127349854,,0.7908884882926941,,0.6338458061218262,,0.09451627731323242
,5472.0,34,9.103448064706754e-06,85499,,3.0554327964782715,,1.2000982761383057,,0.6338779926300049,,0.09451758116483688
,5428.0,34,9.048276297107805e-06,85549,,3.7490367889404297,,1.2623540163040161,,0.6339011788368225,,0.09451717138290405
,5436.0,34,8.993103620014153e-06,85599,,3.1578121185302734,,1.1135218143463135,,0.6339257955551147,,0.09451878070831299
,5440.0,34,8.937930942920502e-06,85649,,3.4319396018981934,,1.2182599306106567,,0.63395094871521,,0.09452193230390549
,5428.0,34,8.882758265826851e-06,85699,,3.856874465942383,,1.2576299905776978,,0.6339696645736694,,0.09452329576015472
,5512.0,34,8.827586498227902e-06,85749,,3.3572425842285156,,0.8679391145706177,,0.6339954137802124,,0.09452404081821442
,5480.0,34,8.77241382113425e-06,85799,,3.524703025817871,,0.8663618564605713,,0.6340120434761047,,0.0945269986987114
,5432.0,34,8.7172411440406e-06,85849,,3.0574588775634766,,1.1194720268249512,,0.6340338587760925,,0.09453178942203522
,5448.0,34,8.66206937644165e-06,85899,,3.463090658187866,,1.02083158493042,,0.6340659260749817,,0.09453238546848297
,5460.0,34,8.606896699347999e-06,85949,,3.824998378753662,,1.257125973701477,,0.6340939998626709,,0.09453374147415161
,5436.0,34,8.551724022254348e-06,85999,,3.4212629795074463,,0.9033557772636414,,0.634116530418396,,0.09453516453504562
,5532.0,34,8.496551345160697e-06,86049,,2.7224252223968506,,0.9559503793716431,,0.634145200252533,,0.09453460574150085
,5484.0,34,8.441379577561747e-06,86099,,3.8768177032470703,,0.8993430137634277,,0.6341736912727356,,0.09453897923231125
,5408.0,34,8.386206900468096e-06,86149,,2.9916305541992188,,0.9776378273963928,,0.6342008113861084,,0.09454365074634552
,5460.0,34,8.331034223374445e-06,86199,,3.1294291019439697,,1.1632647514343262,,0.6342315077781677,,0.09454554319381714
,5504.0,34,8.275862455775496e-06,86249,,3.565131902694702,,1.2297816276550293,,0.6342635750770569,,0.09455080330371857
,5564.0,34,8.220689778681844e-06,86299,,3.3635706901550293,,1.2516720294952393,,0.634290337562561,,0.09455353021621704
,5424.0,34,8.165517101588193e-06,86349,,1.9454816579818726,,0.6679757833480835,,0.6343171000480652,,0.09455917775630951
,5468.0,34,8.110344424494542e-06,86399,,3.0559732913970947,,0.9385945796966553,,0.6343468427658081,,0.09456242620944977
,5456.0,34,8.055172656895593e-06,86449,,3.546531915664673,,1.413439154624939,,0.6343761682510376,,0.09456770867109299
,5460.0,34,7.999999979801942e-06,86499,,3.194370985031128,,1.2953907251358032,,0.6344044208526611,,0.09457071125507355
,5396.0,34,7.94482730270829e-06,86549,,3.295515775680542,,1.2273991107940674,,0.634432852268219,,0.09457488358020782
,5496.0,34,7.889655535109341e-06,86599,,3.4202513694763184,,1.0538851022720337,,0.6344538927078247,,0.09457851946353912
,5484.0,34,7.83448285801569e-06,86649,,3.5862977504730225,,1.1063008308410645,,0.634475588798523,,0.09457898139953613
,5412.0,34,7.779310180922039e-06,86699,,3.9975790977478027,,1.2287178039550781,,0.6345046758651733,,0.09458211064338684
,5488.0,34,7.724137503828388e-06,86749,,2.59694766998291,,1.1312845945358276,,0.6345213651657104,,0.09458792954683304
,5424.0,34,7.668965736229438e-06,86799,,3.923330545425415,,1.357123851776123,,0.6345500946044922,,0.09459219127893448
,5420.0,34,7.613793059135787e-06,86849,,2.8301594257354736,,1.1529111862182617,,0.6345759034156799,,0.09459683299064636
,5448.0,34,7.558620836789487e-06,86899,,3.2292568683624268,,1.1215934753417969,,0.6346009969711304,,0.09460227191448212
,5456.0,34,7.503448159695836e-06,86949,,3.2168188095092773,,1.0526777505874634,,0.6346215009689331,,0.09460999816656113
,5524.0,34,7.4482759373495355e-06,86999,,3.9476962089538574,,0.843872606754303,,0.6346428990364075,,0.09461098909378052
,5472.0,34,7.393103260255884e-06,87049,,2.4846415519714355,,1.043946385383606,,0.6346690654754639,,0.09461554139852524
,5540.0,34,7.337931037909584e-06,87099,,3.2996389865875244,,1.228342056274414,,0.634697437286377,,0.09461784362792969
,5428.0,34,7.282758815563284e-06,87149,,2.8874318599700928,,0.9594296216964722,,0.6347250938415527,,0.09462244808673859
,5388.0,34,7.227586138469633e-06,87199,,3.3472063541412354,,1.1170803308486938,,0.6347485780715942,,0.09462609142065048
,5468.0,34,7.1724139161233325e-06,87249,,2.714627265930176,,0.9954195022583008,,0.6347726583480835,,0.09462802112102509
,5484.0,34,7.117241239029681e-06,87299,,2.9070885181427,,0.8831670880317688,,0.6347981095314026,,0.0946333035826683
,5456.0,34,7.062069016683381e-06,87349,,2.5871872901916504,,0.9298750758171082,,0.6348243951797485,,0.0946376696228981
,5556.0,34,7.00689633958973e-06,87399,,3.910029411315918,,1.3814351558685303,,0.6348492503166199,,0.09464187920093536
,5448.0,34,6.95172411724343e-06,87449,,3.036954402923584,,1.1182971000671387,,0.634873628616333,,0.09464234858751297
,5428.0,34,6.896551894897129e-06,87499,,3.941038131713867,,1.0786988735198975,,0.6348987817764282,,0.09464468061923981
,5480.0,34,6.841379217803478e-06,87549,,3.0258572101593018,,0.8341081142425537,,0.6349223852157593,,0.09464690089225769
,5436.0,34,6.786206995457178e-06,87599,,3.593804121017456,,1.1523138284683228,,0.6349488496780396,,0.09465257823467255
,5480.0,34,6.731034318363527e-06,87649,,3.513078451156616,,0.9175089597702026,,0.6349790692329407,,0.09465401619672775
,5496.0,34,6.675862096017227e-06,87699,,2.6275322437286377,,0.7874274253845215,,0.6350032687187195,,0.09465828537940979
,5500.0,34,6.620689873670926e-06,87749,,2.7535693645477295,,0.7906003594398499,,0.635026752948761,,0.09466136991977692
5463.11669921875,,34,,87781,3.2997255325317383,,1.0697829723358154,,0.6344189047813416,,0.0945797935128212,
,5444.0,35,6.565517196577275e-06,87799,,3.3360276222229004,,1.4218553304672241,,0.6350487470626831,,0.0946638286113739
,5460.0,35,6.510344974230975e-06,87849,,3.8962624073028564,,1.0267798900604248,,0.6350760459899902,,0.09466590732336044
,5472.0,35,6.455172297137324e-06,87899,,3.4353439807891846,,1.098801612854004,,0.6351062059402466,,0.09467074275016785
,5516.0,35,6.4000000747910235e-06,87949,,3.4213550090789795,,1.406370997428894,,0.6351310014724731,,0.09467390179634094
,5496.0,35,6.344827397697372e-06,87999,,3.200329542160034,,0.9394484758377075,,0.6351531147956848,,0.09467718005180359
,5412.0,35,6.289655175351072e-06,88049,,3.3314971923828125,,1.1603803634643555,,0.6351784467697144,,0.09468171745538712
,5528.0,35,6.234482953004772e-06,88099,,3.788846015930176,,0.8317168951034546,,0.6352018117904663,,0.09468588978052139
,5504.0,35,6.179310275911121e-06,88149,,3.2259480953216553,,0.7626470923423767,,0.6352250576019287,,0.09468794614076614
,5404.0,35,6.1241380535648204e-06,88199,,3.8941802978515625,,1.0879639387130737,,0.6352527141571045,,0.09469185024499893
,5444.0,35,6.068965376471169e-06,88249,,3.0965373516082764,,0.9632764458656311,,0.635273277759552,,0.09469421952962875
,5440.0,35,6.013793154124869e-06,88299,,3.332733631134033,,1.084267020225525,,0.6352963447570801,,0.09469915926456451
,5476.0,35,5.958620477031218e-06,88349,,3.7263126373291016,,1.2774462699890137,,0.6353256702423096,,0.09470313042402267
,5508.0,35,5.903448254684918e-06,88399,,3.132765054702759,,1.1501951217651367,,0.6353524327278137,,0.09470851719379425
,5472.0,35,5.848276032338617e-06,88449,,3.732105255126953,,1.1413856744766235,,0.6353784799575806,,0.09471207857131958
,5440.0,35,5.793103355244966e-06,88499,,3.2423691749572754,,1.147635817527771,,0.6354023218154907,,0.09471540153026581
,5456.0,35,5.737931132898666e-06,88549,,4.074046611785889,,1.168278694152832,,0.6354243755340576,,0.09472272545099258
,5452.0,35,5.682758455805015e-06,88599,,3.1088368892669678,,1.3925045728683472,,0.635451078414917,,0.09472806006669998
,5444.0,35,5.6275862334587146e-06,88649,,3.5423691272735596,,1.2302154302597046,,0.6354736089706421,,0.09472984820604324
,5396.0,35,5.572414011112414e-06,88699,,3.436892509460449,,1.3704513311386108,,0.6354962587356567,,0.09473102539777756
,5404.0,35,5.517241334018763e-06,88749,,3.5569498538970947,,1.2214769124984741,,0.6355167031288147,,0.09473562985658646
,5500.0,35,5.462069111672463e-06,88799,,3.0304107666015625,,1.2528518438339233,,0.6355401873588562,,0.09473680704832077
,5480.0,35,5.406896434578812e-06,88849,,3.6138193607330322,,0.9573366045951843,,0.6355692148208618,,0.09473787248134613
,5440.0,35,5.3517242122325115e-06,88899,,3.9546172618865967,,0.7476000785827637,,0.6355921626091003,,0.09474055469036102
,5444.0,35,5.29655153513886e-06,88949,,2.3935670852661133,,0.8885788917541504,,0.6356141567230225,,0.09474260360002518
,5424.0,35,5.24137931279256e-06,88999,,3.0699923038482666,,1.199901819229126,,0.6356372833251953,,0.0947466641664505
,5484.0,35,5.18620709044626e-06,89049,,2.8110620975494385,,0.8564721345901489,,0.6356626749038696,,0.09475013613700867
,5432.0,35,5.131034413352609e-06,89099,,3.4410064220428467,,1.2117774486541748,,0.6356925964355469,,0.09475493431091309
,5416.0,35,5.075862191006308e-06,89149,,2.9693281650543213,,1.0861799716949463,,0.6357131004333496,,0.09475879371166229
,5572.0,35,5.020689513912657e-06,89199,,3.5762112140655518,,0.998009979724884,,0.6357302665710449,,0.09475964307785034
,5472.0,35,4.965517291566357e-06,89249,,3.2602505683898926,,1.134508490562439,,0.635755181312561,,0.09476446360349655
,5448.0,35,4.910344614472706e-06,89299,,2.880959987640381,,1.0184937715530396,,0.6357795000076294,,0.09476789087057114
,5480.0,35,4.855172392126406e-06,89349,,3.0424838066101074,,0.9944584369659424,,0.6358047723770142,,0.09476993978023529
,5436.0,35,4.800000169780105e-06,89399,,2.9599084854125977,,1.0760700702667236,,0.6358304619789124,,0.09477384388446808
,5492.0,35,4.744827492686454e-06,89449,,3.547992706298828,,1.3034913539886475,,0.6358463764190674,,0.09477847069501877
,5528.0,35,4.689655270340154e-06,89499,,2.986475706100464,,0.7014840245246887,,0.6358771920204163,,0.09477869421243668
,5460.0,35,4.634482593246503e-06,89549,,2.2274792194366455,,0.859782338142395,,0.6359077095985413,,0.09478044509887695
,5464.0,35,4.5793103709002025e-06,89599,,3.3002562522888184,,1.4131839275360107,,0.6359319686889648,,0.09478427469730377
,5512.0,35,4.524138148553902e-06,89649,,2.7474241256713867,,0.7276535034179688,,0.6359556913375854,,0.09478414058685303
,5460.0,35,4.468965471460251e-06,89699,,3.413099527359009,,0.9031941294670105,,0.6359696388244629,,0.09478473663330078
,5476.0,35,4.413793249113951e-06,89749,,3.4894189834594727,,0.9409182071685791,,0.6359919309616089,,0.09479056298732758
,5472.0,35,4.3586205720203e-06,89799,,4.472780704498291,,0.7505832314491272,,0.6360129117965698,,0.09479749947786331
,5448.0,35,4.3034483496739995e-06,89849,,1.835120439529419,,0.8436979055404663,,0.6360427737236023,,0.0947989821434021
,5476.0,35,4.248275672580348e-06,89899,,2.6114678382873535,,0.9893180727958679,,0.6360655426979065,,0.09479712694883347
,5472.0,35,4.193103450234048e-06,89949,,2.364123821258545,,0.8694543242454529,,0.6360933184623718,,0.09479894489049911
,5460.0,35,4.137931227887748e-06,89999,,2.7851366996765137,,0.8191506266593933,,0.6361191272735596,,0.09480174630880356
,5456.0,35,4.082758550794097e-06,90049,,2.8709182739257812,,0.6014828681945801,,0.6361426115036011,,0.09480363875627518
,5484.0,35,4.027586328447796e-06,90099,,3.072498321533203,,0.8536465167999268,,0.6361704468727112,,0.09480796754360199
,5448.0,35,3.972413651354145e-06,90149,,3.6881940364837646,,1.2980573177337646,,0.6361912488937378,,0.09481169283390045
,5456.0,35,3.917241429007845e-06,90199,,4.2162394523620605,,0.9471662640571594,,0.6362165212631226,,0.09481547772884369
,5400.0,35,3.862068751914194e-06,90249,,3.710064172744751,,1.1238436698913574,,0.6362383961677551,,0.09481951594352722
5461.03369140625,,35,,90289,3.30856990814209,,1.060668706893921,,0.6356711387634277,,0.09474963694810867,
,5496.0,36,3.8068965295678936e-06,90299,,3.3367726802825928,,1.1372805833816528,,0.6362593173980713,,0.09482043981552124
,5480.0,36,3.751724079847918e-06,90349,,3.444854259490967,,1.1784584522247314,,0.6362826824188232,,0.09482359886169434
,5492.0,36,3.696551630127942e-06,90399,,3.850386142730713,,1.1262706518173218,,0.6363050937652588,,0.09482643008232117
,5500.0,36,3.641379407781642e-06,90449,,4.391167640686035,,1.2150628566741943,,0.6363266706466675,,0.09482914954423904
,5472.0,36,3.5862069580616662e-06,90499,,3.697305679321289,,0.7430443167686462,,0.6363533139228821,,0.09483052790164948
,5480.0,36,3.5310345083416905e-06,90549,,3.746107339859009,,1.0432652235031128,,0.6363785862922668,,0.09483380615711212
,5404.0,36,3.475862058621715e-06,90599,,2.74897837638855,,0.7543215751647949,,0.6364032626152039,,0.09483563899993896
,5472.0,36,3.420689608901739e-06,90649,,2.8715267181396484,,0.8525874614715576,,0.6364287734031677,,0.09484018385410309
,5420.0,36,3.3655171591817634e-06,90699,,4.012391567230225,,1.2003016471862793,,0.6364510655403137,,0.09484218806028366
,5456.0,36,3.310344936835463e-06,90749,,4.3921942710876465,,1.2974148988723755,,0.6364738345146179,,0.09484639763832092
,5460.0,36,3.2551724871154875e-06,90799,,3.2412805557250977,,1.063684105873108,,0.6365005970001221,,0.09484712779521942
,5460.0,36,3.2000000373955118e-06,90849,,3.113940954208374,,1.0268795490264893,,0.636526346206665,,0.09484832733869553
,5480.0,36,3.144827587675536e-06,90899,,3.319978952407837,,1.1686066389083862,,0.6365498304367065,,0.09485257416963577
,5456.0,36,3.0896551379555603e-06,90949,,2.887410879135132,,0.9270703196525574,,0.6365774869918823,,0.09485675394535065
,5488.0,36,3.0344826882355846e-06,90999,,3.5109291076660156,,1.2641879320144653,,0.6365964412689209,,0.09485594183206558
,5388.0,36,2.979310238515609e-06,91049,,2.445202589035034,,1.1061888933181763,,0.6366235017776489,,0.09485991299152374
,5380.0,36,2.9241380161693087e-06,91099,,3.410695791244507,,1.1512235403060913,,0.6366446018218994,,0.09486141800880432
,5448.0,36,2.868965566449333e-06,91149,,4.151194095611572,,1.4175552129745483,,0.636670708656311,,0.09486017376184464
,5500.0,36,2.8137931167293573e-06,91199,,3.470149517059326,,0.8514532446861267,,0.6366902589797974,,0.09486186504364014
,5356.0,36,2.7586206670093816e-06,91249,,3.138421058654785,,0.8948200941085815,,0.6367149353027344,,0.09486366808414459
,5444.0,36,2.703448217289406e-06,91299,,3.0460944175720215,,0.9134106636047363,,0.6367330551147461,,0.09486743062734604
,5436.0,36,2.64827576756943e-06,91349,,3.471114158630371,,1.3709782361984253,,0.6367557644844055,,0.09487231075763702
,5416.0,36,2.59310354522313e-06,91399,,3.088977813720703,,0.9961156249046326,,0.6367767453193665,,0.09487755596637726
,5472.0,36,2.537931095503154e-06,91449,,3.591808557510376,,1.202236294746399,,0.6367988586425781,,0.0948791578412056
,5488.0,36,2.4827586457831785e-06,91499,,3.9609291553497314,,0.827204167842865,,0.6368241310119629,,0.09488217532634735
,5472.0,36,2.427586196063203e-06,91549,,3.1789777278900146,,1.044386386871338,,0.6368494033813477,,0.09488687664270401
,5380.0,36,2.372413746343227e-06,91599,,3.6439952850341797,,1.4088636636734009,,0.6368686556816101,,0.09488662332296371
,5428.0,36,2.3172412966232514e-06,91649,,2.9649648666381836,,0.9310114979743958,,0.6368983387947083,,0.09488780051469803
,5524.0,36,2.262069074276951e-06,91699,,3.1758580207824707,,0.7985913753509521,,0.6369210481643677,,0.09489218890666962
,5444.0,36,2.2068966245569754e-06,91749,,3.433777093887329,,0.9067410826683044,,0.6369422674179077,,0.09489532560110092
,5480.0,36,2.1517241748369997e-06,91799,,3.042745351791382,,0.958601713180542,,0.6369642019271851,,0.09490011632442474
,5436.0,36,2.096551725117024e-06,91849,,3.5612034797668457,,1.5078705549240112,,0.6369856595993042,,0.09490171074867249
,5436.0,36,2.0413792753970483e-06,91899,,3.227731227874756,,1.287109375,,0.6370105147361755,,0.09490367770195007
,5408.0,36,1.9862068256770726e-06,91949,,3.3737165927886963,,1.2778829336166382,,0.6370313167572021,,0.09490638971328735
,5376.0,36,1.931034375957097e-06,91999,,3.9317548274993896,,0.8808579444885254,,0.637055516242981,,0.09490970522165298
,5516.0,36,1.875862039923959e-06,92049,,3.0676355361938477,,1.036957025527954,,0.6370798349380493,,0.0949130579829216
,5508.0,36,1.820689703890821e-06,92099,,3.1411185264587402,,0.8552495837211609,,0.6370998024940491,,0.09491801261901855
,5412.0,36,1.7655172541708453e-06,92149,,3.2030296325683594,,1.1500996351242065,,0.6371261477470398,,0.09492307901382446
,5420.0,36,1.7103448044508696e-06,92199,,3.1806371212005615,,1.1682881116867065,,0.6371428966522217,,0.09492680430412292
,5484.0,36,1.6551724684177316e-06,92249,,3.244149923324585,,1.0386680364608765,,0.6371681094169617,,0.09493179619312286
,5464.0,36,1.6000000186977559e-06,92299,,2.937424659729004,,1.09767484664917,,0.6371886134147644,,0.09493686258792877
,5504.0,36,1.5448275689777802e-06,92349,,3.3374550342559814,,1.031693935394287,,0.6372127532958984,,0.0949394479393959
,5476.0,36,1.4896551192578045e-06,92399,,3.4352736473083496,,0.9338629841804504,,0.6372350454330444,,0.09494398534297943
,5484.0,36,1.4344827832246665e-06,92449,,3.6831274032592773,,1.1334747076034546,,0.6372523307800293,,0.09494753926992416
,5452.0,36,1.3793103335046908e-06,92499,,2.8259377479553223,,1.0818796157836914,,0.6372729539871216,,0.09495291113853455
,5424.0,36,1.324137883784715e-06,92549,,3.119859457015991,,1.2152563333511353,,0.6372985243797302,,0.09495708346366882
,5444.0,36,1.268965547751577e-06,92599,,2.291611671447754,,1.000998616218567,,0.6373222470283508,,0.09495888650417328
,5524.0,36,1.2137930980316014e-06,92649,,3.476475477218628,,1.0251100063323975,,0.6373489499092102,,0.09496216475963593
,5476.0,36,1.1586206483116257e-06,92699,,2.6935627460479736,,0.7718921303749084,,0.6373697519302368,,0.09496589750051498
,5476.0,36,1.1034483122784877e-06,92749,,3.3424644470214844,,1.128127098083496,,0.6373879313468933,,0.09496888518333435
5462.01123046875,,36,,92797,3.3167099952697754,,1.0594823360443115,,0.6368584632873535,,0.0948915034532547,
,5492.0,37,1.048275862558512e-06,92799,,3.1141788959503174,,0.9949802756309509,,0.6374159455299377,,0.09497316926717758
,5428.0,37,9.931034128385363e-07,92849,,3.0591542720794678,,1.1264091730117798,,0.6374421119689941,,0.0949760302901268
,5388.0,37,9.379310199619795e-07,92899,,3.4833054542541504,,0.7855465412139893,,0.6374726295471191,,0.09498005360364914
,5544.0,37,8.827586270854226e-07,92949,,4.099864959716797,,1.160607099533081,,0.6374907493591309,,0.09498493373394012
,5424.0,37,8.275862342088658e-07,92999,,2.610933303833008,,0.874569296836853,,0.6375179886817932,,0.09498951584100723
,5468.0,37,7.724137844888901e-07,93049,,2.507357358932495,,0.8311771750450134,,0.6375443935394287,,0.09499119222164154
,5440.0,37,7.172413916123332e-07,93099,,3.0850980281829834,,1.3055418729782104,,0.6375672817230225,,0.09499368816614151
,5432.0,37,6.620689418923575e-07,93149,,3.8984296321868896,,1.5111531019210815,,0.6375884413719177,,0.0949953943490982
,5476.0,37,6.068965490158007e-07,93199,,3.987643003463745,,0.8817200660705566,,0.6376095414161682,,0.09499944746494293
,5488.0,37,5.517241561392439e-07,93249,,3.2687506675720215,,1.067803144454956,,0.6376248002052307,,0.0950024425983429
,5480.0,37,4.965517064192682e-07,93299,,3.4031119346618652,,0.866232693195343,,0.637649655342102,,0.09500627964735031
,5436.0,37,4.413793135427113e-07,93349,,3.63433575630188,,1.132251501083374,,0.6376675367355347,,0.09500974416732788
,5456.0,37,3.8620689224444504e-07,93399,,2.204547882080078,,0.7586396932601929,,0.6376888155937195,,0.09501509368419647
,5376.0,37,3.3103447094617877e-07,93449,,3.2370495796203613,,1.148288607597351,,0.6377123594284058,,0.09501735866069794
,5500.0,37,2.7586207806962193e-07,93499,,2.9054477214813232,,1.197771668434143,,0.6377358436584473,,0.0950210839509964
,5460.0,37,2.2068965677135566e-07,93549,,3.0308003425598145,,0.8394848704338074,,0.6377579569816589,,0.09502287209033966
,5424.0,37,1.6551723547308939e-07,93599,,2.891918420791626,,1.1793618202209473,,0.6377829909324646,,0.09502433985471725
,5468.0,37,1.1034482838567783e-07,93649,,3.144498348236084,,1.0554726123809814,,0.6378107666969299,,0.09502772241830826
,5412.0,37,5.5172414192838914e-08,93699,,3.2842583656311035,,1.0351256132125854,,0.6378286480903625,,0.0950319766998291
,5372.0,37,0.0,93749,,3.2968990802764893,,0.9391838908195496,,0.637853741645813,,0.09503427892923355
5462.318359375,,37,,93784,3.3126139640808105,,1.0550670623779297,,0.6376864314079285,,0.0950118824839592,
