Gathered number of frames_epoch,Gathered number of frames_step,epoch,lr,step,train_feature_penalty_epoch,train_feature_penalty_step,train_loss_epoch,train_loss_step,train_masked_accuracy_epoch,train_masked_accuracy_step,train_unmasked_accuracy_epoch,train_unmasked_accuracy_step
,5440.0,0,1.6000000186977559e-06,49,,0.3502679467201233,,4.758888244628906,,0.05278782546520233,,0.04630976915359497
,5472.0,0,3.2000000373955118e-06,99,,0.26543325185775757,,4.859039306640625,,0.08892294019460678,,0.08609841763973236
,5488.0,0,4.800000169780105e-06,149,,0.3331964910030365,,4.911952972412109,,0.10222269594669342,,0.1004132553935051
,5280.0,0,6.4000000747910235e-06,199,,0.46077966690063477,,4.921317100524902,,0.10842962563037872,,0.10610311478376389
,5424.0,0,7.999999979801942e-06,249,,0.6700295805931091,,4.799184799194336,,0.11378791928291321,,0.10892538726329803
,5552.0,0,9.60000033956021e-06,299,,0.663765549659729,,3.755497694015503,,0.11833073198795319,,0.11110495030879974
,5376.0,0,1.1199999789823778e-05,349,,0.5856685042381287,,4.894378662109375,,0.12342201173305511,,0.1135401502251625
,5456.0,0,1.2800000149582047e-05,399,,0.5708716511726379,,4.5806965827941895,,0.1283218264579773,,0.1156713217496872
,5408.0,0,1.4399999599845614e-05,449,,0.6879472136497498,,4.204825401306152,,0.1330687403678894,,0.11800448596477509
,5632.0,0,1.5999999959603883e-05,499,,0.673250138759613,,4.0340256690979,,0.1365259438753128,,0.11896376311779022
,5584.0,0,1.759999940986745e-05,549,,0.7774503231048584,,4.346749782562256,,0.13997198641300201,,0.12022972851991653
,5536.0,0,1.920000067912042e-05,599,,0.6075364947319031,,4.323606491088867,,0.14310121536254883,,0.12120727449655533
,5392.0,0,2.080000012938399e-05,649,,0.6620844006538391,,3.9105865955352783,,0.14663758873939514,,0.12301072478294373
,5488.0,0,2.2399999579647556e-05,699,,0.7340406775474548,,4.304276466369629,,0.14965659379959106,,0.12421593815088272
,5488.0,0,2.4000000848900527e-05,749,,0.5989985466003418,,3.8069441318511963,,0.15298202633857727,,0.12587890028953552
,5424.0,0,2.5600000299164094e-05,799,,0.7954195737838745,,3.945209264755249,,0.15545427799224854,,0.1258528083562851
,5488.0,0,2.719999974942766e-05,849,,0.5346277952194214,,4.621769905090332,,0.15847742557525635,,0.12579603493213654
,5520.0,0,2.879999919969123e-05,899,,0.6677959561347961,,4.065359115600586,,0.16171814501285553,,0.1253993958234787
,5364.0,0,3.04000004689442e-05,949,,0.5008943676948547,,3.6712660789489746,,0.16466468572616577,,0.12544503808021545
,5500.0,0,3.199999991920777e-05,999,,0.750843346118927,,3.726475715637207,,0.1677246242761612,,0.12531974911689758
,5456.0,0,3.360000118846074e-05,1049,,0.3678135573863983,,3.932943344116211,,0.17091752588748932,,0.12497588992118835
,5348.0,0,3.51999988197349e-05,1099,,0.4782583713531494,,4.419386386871338,,0.17347118258476257,,0.12393628060817719
,5464.0,0,3.680000008898787e-05,1149,,0.7113892436027527,,3.951354503631592,,0.17639514803886414,,0.12320157140493393
,5524.0,0,3.840000135824084e-05,1199,,0.7506407499313354,,3.4078571796417236,,0.1784856915473938,,0.12173298001289368
5466.06298828125,,0,,1206,0.5962385535240173,,4.325604438781738,,0.1358111947774887,,0.11250480264425278,
,5492.0,1,3.9999998989515007e-05,1249,,0.6341185569763184,,4.255180835723877,,0.18141397833824158,,0.12078116089105606
,5484.0,1,4.160000025876798e-05,1299,,0.3754954934120178,,3.2402687072753906,,0.18342939019203186,,0.11968256533145905
,5404.0,1,4.320000152802095e-05,1349,,0.6281071305274963,,3.563863754272461,,0.1857624053955078,,0.11835415661334991
,5500.0,1,4.479999915929511e-05,1399,,0.44680091738700867,,3.720980167388916,,0.18765555322170258,,0.11701046675443649
,5388.0,1,4.640000042854808e-05,1449,,0.4909950792789459,,3.81343412399292,,0.18983197212219238,,0.11585339903831482
,5416.0,1,4.8000001697801054e-05,1499,,0.383220911026001,,2.848724842071533,,0.1919875293970108,,0.11466933786869049
,5540.0,1,4.959999932907522e-05,1549,,0.4117220938205719,,3.9572789669036865,,0.19399404525756836,,0.11369404196739197
,5616.0,1,5.120000059832819e-05,1599,,0.5722724795341492,,3.647573232650757,,0.1957811862230301,,0.11263630539178848
,5372.0,1,5.279999822960235e-05,1649,,0.3560549318790436,,3.9022316932678223,,0.19772839546203613,,0.11146461963653564
,5468.0,1,5.439999949885532e-05,1699,,0.543544590473175,,4.178614616394043,,0.19909733533859253,,0.11028788238763809
,5556.0,1,5.6000000768108293e-05,1749,,0.4688258767127991,,3.0700621604919434,,0.20092621445655823,,0.10921023041009903
,5392.0,1,5.759999839938246e-05,1799,,0.5899494290351868,,3.5302064418792725,,0.20255765318870544,,0.10794194042682648
,5516.0,1,5.919999966863543e-05,1849,,0.3983460068702698,,3.350667953491211,,0.2042103409767151,,0.10698854923248291
,5344.0,1,6.08000009378884e-05,1899,,0.42177367210388184,,3.888561248779297,,0.2059738039970398,,0.10594982653856277
,5412.0,1,6.240000220714137e-05,1949,,0.46222350001335144,,3.652263879776001,,0.2071659117937088,,0.1049407422542572
,5464.0,1,6.399999983841553e-05,1999,,0.4517017602920532,,3.8918609619140625,,0.20859627425670624,,0.1038261130452156
,5416.0,1,6.55999974696897e-05,2049,,0.32689982652664185,,3.6658103466033936,,0.20986217260360718,,0.10276682674884796
,5424.0,1,6.720000237692147e-05,2099,,0.37563255429267883,,2.7652018070220947,,0.21140944957733154,,0.10178402066230774
,5364.0,1,6.880000000819564e-05,2149,,0.5092825889587402,,3.419948101043701,,0.21274644136428833,,0.1006757989525795
,5552.0,1,7.03999976394698e-05,2199,,0.44386541843414307,,4.026194095611572,,0.2137034386396408,,0.09949951618909836
,5492.0,1,7.200000254670158e-05,2249,,0.3686220943927765,,3.2105369567871094,,0.21484677493572235,,0.0987498015165329
,5508.0,1,7.360000017797574e-05,2299,,0.2808358371257782,,3.617182493209839,,0.2162921130657196,,0.09794902801513672
,5388.0,1,7.519999780924991e-05,2349,,0.4786473512649536,,3.3057034015655518,,0.21747785806655884,,0.09717608988285065
,5456.0,1,7.680000271648169e-05,2399,,0.3357469141483307,,3.120807409286499,,0.21875450015068054,,0.09627865254878998
5462.76220703125,,1,,2413,0.4472961723804474,,3.642896890640259,,0.20165087282657623,,0.108140729367733,
,5412.0,2,7.840000034775585e-05,2449,,0.37381014227867126,,3.3217098712921143,,0.2198006808757782,,0.09564296156167984
,5508.0,2,7.999999797903001e-05,2499,,0.5130954384803772,,3.4959747791290283,,0.220929354429245,,0.09503725171089172
,5508.0,2,8.160000288626179e-05,2549,,0.4191301167011261,,3.282761335372925,,0.2220841944217682,,0.09422502666711807
,5552.0,2,8.320000051753595e-05,2599,,0.5773975849151611,,2.986398458480835,,0.22328844666481018,,0.09352253377437592
,5600.0,2,8.479999814881012e-05,2649,,0.2918453514575958,,3.4062650203704834,,0.22430728375911713,,0.09290212392807007
,5324.0,2,8.64000030560419e-05,2699,,0.30311089754104614,,3.401005744934082,,0.22519436478614807,,0.0919894278049469
,5460.0,2,8.800000068731606e-05,2749,,0.38958191871643066,,3.009878396987915,,0.22630451619625092,,0.09125719964504242
,5460.0,2,8.959999831859022e-05,2799,,0.30319443345069885,,3.6756012439727783,,0.2274773120880127,,0.09056102484464645
,5336.0,2,9.1200003225822e-05,2849,,0.32277411222457886,,2.6221563816070557,,0.2285146713256836,,0.08990201354026794
,5432.0,2,9.280000085709617e-05,2899,,0.5477738976478577,,3.386275053024292,,0.22952179610729218,,0.08919050544500351
,5488.0,2,9.439999848837033e-05,2949,,0.2752927839756012,,3.338905096054077,,0.23056760430335999,,0.08871430158615112
,5396.0,2,9.600000339560211e-05,2999,,0.34415560960769653,,2.792100667953491,,0.2314673215150833,,0.08804794400930405
,5544.0,2,9.760000102687627e-05,3049,,0.371996134519577,,2.6018927097320557,,0.2324143499135971,,0.08759836852550507
,5444.0,2,9.919999865815043e-05,3099,,0.25665345788002014,,3.458406686782837,,0.23329168558120728,,0.0871022492647171
,5372.0,2,9.997241431847215e-05,3149,,0.39761582016944885,,3.355052947998047,,0.23419111967086792,,0.08675792813301086
,5452.0,2,9.99172407318838e-05,3199,,0.38072580099105835,,3.813978433609009,,0.23525284230709076,,0.08622273802757263
,5388.0,2,9.986206714529544e-05,3249,,0.24790696799755096,,3.66019606590271,,0.23599594831466675,,0.08577153086662292
,5496.0,2,9.980689355870709e-05,3299,,0.3194401264190674,,2.764277696609497,,0.23680786788463593,,0.08545122295618057
,5464.0,2,9.975172724807635e-05,3349,,0.32176363468170166,,3.5045652389526367,,0.23783735930919647,,0.08504757285118103
,5464.0,2,9.9696553661488e-05,3399,,0.34747034311294556,,3.1637744903564453,,0.23855412006378174,,0.08459167927503586
,5344.0,2,9.964138007489964e-05,3449,,0.37488746643066406,,3.223379135131836,,0.23957575857639313,,0.08425319194793701
,5548.0,2,9.958620648831129e-05,3499,,0.2770136892795563,,2.63218355178833,,0.2404593676328659,,0.08385447412729263
,5388.0,2,9.953103290172294e-05,3549,,0.36958685517311096,,2.80853533744812,,0.24128369987010956,,0.0833372101187706
,5348.0,2,9.947585931513458e-05,3599,,0.30174896121025085,,3.1254284381866455,,0.24220731854438782,,0.08295834064483643
5461.24755859375,,2,,3620,0.3370979130268097,,3.2154974937438965,,0.23144708573818207,,0.08859246224164963,
,5516.0,3,9.942069300450385e-05,3649,,0.36545780301094055,,3.3530778884887695,,0.24315162003040314,,0.08270058035850525
,5356.0,3,9.93655194179155e-05,3699,,0.361214280128479,,3.1385703086853027,,0.24395890533924103,,0.08220423012971878
,5388.0,3,9.931034583132714e-05,3749,,0.3235693573951721,,2.5586793422698975,,0.24477529525756836,,0.08170978724956512
,5460.0,3,9.925517224473879e-05,3799,,0.21502843499183655,,2.7502670288085938,,0.24570982158184052,,0.08122528344392776
,5496.0,3,9.919999865815043e-05,3849,,0.29962143301963806,,2.7963931560516357,,0.24664980173110962,,0.08079864829778671
,5532.0,3,9.914482507156208e-05,3899,,0.23830509185791016,,2.485175371170044,,0.24751394987106323,,0.08030524849891663
,5444.0,3,9.908965876093134e-05,3949,,0.300085186958313,,2.544191598892212,,0.2484760582447052,,0.07998161762952805
,5544.0,3,9.903448517434299e-05,3999,,0.3677586317062378,,2.8112568855285645,,0.24939149618148804,,0.07954108715057373
,5520.0,3,9.897931158775464e-05,4049,,0.2996527850627899,,2.8302831649780273,,0.2501879334449768,,0.0791260376572609
,5452.0,3,9.892413800116628e-05,4099,,0.2619829773902893,,3.3985729217529297,,0.2511298954486847,,0.0788331851363182
,5440.0,3,9.886896441457793e-05,4149,,0.23385442793369293,,2.8534493446350098,,0.25204670429229736,,0.07851611077785492
,5392.0,3,9.881379082798958e-05,4199,,0.29709622263908386,,3.27370285987854,,0.2528875470161438,,0.07817866653203964
,5204.0,3,9.875861724140123e-05,4249,,0.27950650453567505,,2.9647042751312256,,0.2537515461444855,,0.07790118455886841
,5440.0,3,9.870345093077049e-05,4299,,0.2393341362476349,,2.6592135429382324,,0.2546863853931427,,0.07758388668298721
,5320.0,3,9.864827734418213e-05,4349,,0.2981998026371002,,3.138878345489502,,0.25554147362709045,,0.077311210334301
,5472.0,3,9.859310375759378e-05,4399,,0.36901164054870605,,2.80121111869812,,0.2565571963787079,,0.0770367905497551
,5416.0,3,9.853793017100543e-05,4449,,0.27540114521980286,,2.6304750442504883,,0.25727176666259766,,0.07674615830183029
,5468.0,3,9.848275658441707e-05,4499,,0.24760277569293976,,2.6198127269744873,,0.2584008574485779,,0.07646580040454865
,5456.0,3,9.842758299782872e-05,4549,,0.3603890836238861,,2.884915351867676,,0.2591784596443176,,0.07625975459814072
,5368.0,3,9.837241668719798e-05,4599,,0.2871270775794983,,2.6427385807037354,,0.2600133717060089,,0.07600541412830353
,5496.0,3,9.831724310060963e-05,4649,,0.28868040442466736,,2.137897491455078,,0.2608426809310913,,0.07577021420001984
,5464.0,3,9.826206951402128e-05,4699,,0.3346024453639984,,3.3387081623077393,,0.2616869807243347,,0.07550819218158722
,5456.0,3,9.820689592743292e-05,4749,,0.2531032860279083,,2.5853095054626465,,0.26255002617836,,0.07522544264793396
,5500.0,3,9.815172234084457e-05,4799,,0.314746618270874,,2.9077329635620117,,0.26343896985054016,,0.07500012218952179
5464.537109375,,3,,4827,0.2909088134765625,,2.8395376205444336,,0.2533471882343292,,0.07834106683731079,
,5448.0,4,9.809654875425622e-05,4849,,0.3070277273654938,,3.087480068206787,,0.2642285227775574,,0.07477906346321106
,5448.0,4,9.804138244362548e-05,4899,,0.2617087662220001,,3.385220766067505,,0.2649950683116913,,0.0745057463645935
,5424.0,4,9.798620885703713e-05,4949,,0.22780008614063263,,2.916903495788574,,0.26596254110336304,,0.07429493963718414
,5468.0,4,9.793103527044877e-05,4999,,0.27894625067710876,,2.2942750453948975,,0.26693469285964966,,0.07410301268100739
,5424.0,4,9.787586168386042e-05,5049,,0.2726096510887146,,2.258476495742798,,0.2677299976348877,,0.07391209155321121
,5464.0,4,9.782068809727207e-05,5099,,0.2696533799171448,,3.277406930923462,,0.26860931515693665,,0.07368232309818268
,5476.0,4,9.776551451068372e-05,5149,,0.23122037947177887,,2.378244161605835,,0.26948031783103943,,0.07344362139701843
,5436.0,4,9.771034820005298e-05,5199,,0.24325823783874512,,2.9275577068328857,,0.27033641934394836,,0.07324675470590591
,5500.0,4,9.765517461346462e-05,5249,,0.29859432578086853,,2.153733253479004,,0.27118170261383057,,0.07302233576774597
,5516.0,4,9.760000102687627e-05,5299,,0.35618478059768677,,3.1113839149475098,,0.27202123403549194,,0.07283522933721542
,5372.0,4,9.754482744028792e-05,5349,,0.22277498245239258,,2.4079885482788086,,0.2728613018989563,,0.07268048822879791
,5532.0,4,9.748965385369956e-05,5399,,0.25716444849967957,,2.5491411685943604,,0.27375778555870056,,0.07254306972026825
,5476.0,4,9.743448026711121e-05,5449,,0.20441614091396332,,2.2306292057037354,,0.2746158838272095,,0.07247035205364227
,5424.0,4,9.737931395648047e-05,5499,,0.22312626242637634,,2.7644665241241455,,0.2753817141056061,,0.0723504051566124
,5420.0,4,9.732414036989212e-05,5549,,0.24177730083465576,,3.1591527462005615,,0.276182621717453,,0.0722084492444992
,5472.0,4,9.726896678330377e-05,5599,,0.19149982929229736,,2.3731815814971924,,0.27708113193511963,,0.07211349904537201
,5440.0,4,9.721379319671541e-05,5649,,0.1852848082780838,,2.008561372756958,,0.2778814136981964,,0.07198796421289444
,5400.0,4,9.715861961012706e-05,5699,,0.3160540759563446,,2.4301648139953613,,0.2786671817302704,,0.0718337818980217
,5452.0,4,9.710344602353871e-05,5749,,0.3211623728275299,,2.527769088745117,,0.2795600891113281,,0.07166297733783722
,5504.0,4,9.704827243695036e-05,5799,,0.39047378301620483,,2.5528769493103027,,0.28032979369163513,,0.07153263688087463
,5408.0,4,9.699310612631962e-05,5849,,0.28116142749786377,,2.614950656890869,,0.2811961770057678,,0.0713745653629303
,5488.0,4,9.693793253973126e-05,5899,,0.34289705753326416,,3.1458487510681152,,0.2820044159889221,,0.07122447341680527
,5448.0,4,9.688275895314291e-05,5949,,0.18705929815769196,,1.8870413303375244,,0.28272876143455505,,0.07107852399349213
,5452.0,4,9.682758536655456e-05,5999,,0.1684744656085968,,2.0489401817321777,,0.28348618745803833,,0.07094746828079224
5461.486328125,,4,,6034,0.2569113075733185,,2.574822425842285,,0.27420076727867126,,0.07264488935470581,
,5488.0,5,9.67724117799662e-05,6049,,0.2643350660800934,,2.1735405921936035,,0.28427445888519287,,0.07079504430294037
,5524.0,5,9.671723819337785e-05,6099,,0.3563600778579712,,2.699214458465576,,0.2849690020084381,,0.07064494490623474
,5408.0,5,9.666207188274711e-05,6149,,0.21893206238746643,,2.6781253814697266,,0.28584614396095276,,0.07048896700143814
,5408.0,5,9.660689829615876e-05,6199,,0.248174250125885,,2.147198438644409,,0.28668659925460815,,0.07037469744682312
,5468.0,5,9.655172470957041e-05,6249,,0.2521832287311554,,2.33537220954895,,0.28744983673095703,,0.07026614248752594
,5472.0,5,9.649655112298205e-05,6299,,0.28014013171195984,,2.5464160442352295,,0.28829899430274963,,0.0701638013124466
,5392.0,5,9.64413775363937e-05,6349,,0.21614757180213928,,2.5631608963012695,,0.289072185754776,,0.07005450129508972
,5480.0,5,9.638620394980535e-05,6399,,0.1956777274608612,,3.401857614517212,,0.2900061309337616,,0.0699644535779953
,5520.0,5,9.633103763917461e-05,6449,,0.2497255504131317,,2.6185340881347656,,0.2908506393432617,,0.06984345614910126
,5468.0,5,9.627586405258626e-05,6499,,0.201031893491745,,2.4078245162963867,,0.29167962074279785,,0.06972983479499817
,5484.0,5,9.62206904659979e-05,6549,,0.20587041974067688,,2.4044065475463867,,0.2925434708595276,,0.0696154460310936
,5500.0,5,9.616551687940955e-05,6599,,0.19890302419662476,,2.0302133560180664,,0.2934131622314453,,0.06950642168521881
,5488.0,5,9.61103432928212e-05,6649,,0.22981560230255127,,2.7687618732452393,,0.2942865192890167,,0.06937073916196823
,5524.0,5,9.605516970623285e-05,6699,,0.22560666501522064,,2.1388587951660156,,0.29512256383895874,,0.06924466788768768
,5480.0,5,9.600000339560211e-05,6749,,0.2087678462266922,,2.1694235801696777,,0.295979380607605,,0.06912393867969513
,5440.0,5,9.594482980901375e-05,6799,,0.28225618600845337,,1.856737732887268,,0.29672059416770935,,0.06902182102203369
,5472.0,5,9.58896562224254e-05,6849,,0.2023884803056717,,2.0516223907470703,,0.29751744866371155,,0.06891973316669464
,5504.0,5,9.583448263583705e-05,6899,,0.22655925154685974,,2.2655231952667236,,0.29839301109313965,,0.06878963857889175
,5472.0,5,9.57793090492487e-05,6949,,0.18553154170513153,,1.7398988008499146,,0.29909706115722656,,0.06867367029190063
,5460.0,5,9.572413546266034e-05,6999,,0.19451040029525757,,2.216188430786133,,0.29988041520118713,,0.06858676671981812
,5528.0,5,9.56689691520296e-05,7049,,0.24545611441135406,,3.034294366836548,,0.30073249340057373,,0.06851571053266525
,5420.0,5,9.561379556544125e-05,7099,,0.2955658733844757,,2.397697925567627,,0.3015187978744507,,0.06841710209846497
,5436.0,5,9.55586219788529e-05,7149,,0.24515503644943237,,2.4098076820373535,,0.30229222774505615,,0.06836587190628052
,5456.0,5,9.550344839226454e-05,7199,,0.1883562058210373,,2.126676321029663,,0.303130567073822,,0.06825224310159683
5460.77099609375,,5,,7241,0.22232604026794434,,2.3361005783081055,,0.29399117827415466,,0.06942250579595566,
,5464.0,6,9.544827480567619e-05,7249,,0.2137424498796463,,1.8456346988677979,,0.3039412498474121,,0.06813877075910568
,5504.0,6,9.539310121908784e-05,7299,,0.18664708733558655,,2.441871404647827,,0.3046806752681732,,0.06806250661611557
,5476.0,6,9.533792763249949e-05,7349,,0.19655516743659973,,1.968516230583191,,0.30549192428588867,,0.06802726536989212
,5388.0,6,9.528276132186875e-05,7399,,0.3186035752296448,,1.6875989437103271,,0.3063076138496399,,0.06792221963405609
,5448.0,6,9.52275877352804e-05,7449,,0.2101946622133255,,1.9785197973251343,,0.30715280771255493,,0.06785672903060913
,5456.0,6,9.517241414869204e-05,7499,,0.28753477334976196,,2.2852590084075928,,0.3077728748321533,,0.06779232621192932
,5448.0,6,9.511724056210369e-05,7549,,0.19869548082351685,,2.0173499584198,,0.3086147904396057,,0.0678088590502739
,5464.0,6,9.506206697551534e-05,7599,,0.21815356612205505,,2.4976017475128174,,0.3093971908092499,,0.0677620992064476
,5392.0,6,9.500689338892698e-05,7649,,0.20416100323200226,,1.7403814792633057,,0.3100855052471161,,0.06771691143512726
,5420.0,6,9.495172707829624e-05,7699,,0.2118268460035324,,1.8424463272094727,,0.31085121631622314,,0.06766866892576218
,5528.0,6,9.489655349170789e-05,7749,,0.19863548874855042,,2.211313486099243,,0.31149375438690186,,0.06761627644300461
,5552.0,6,9.484137990511954e-05,7799,,0.1986534148454666,,2.5362913608551025,,0.31234487891197205,,0.06754103302955627
,5452.0,6,9.478620631853119e-05,7849,,0.20315136015415192,,2.0159912109375,,0.31312406063079834,,0.06744751334190369
,5468.0,6,9.473103273194283e-05,7899,,0.2181880921125412,,2.1549136638641357,,0.3137924075126648,,0.06738588958978653
,5488.0,6,9.467585914535448e-05,7949,,0.20086513459682465,,1.9095268249511719,,0.3145226836204529,,0.06731058657169342
,5336.0,6,9.462069283472374e-05,7999,,0.19198092818260193,,1.9531069993972778,,0.31522631645202637,,0.06726087629795074
,5388.0,6,9.456551924813539e-05,8049,,0.21149031817913055,,1.9667876958847046,,0.31595179438591003,,0.06721533834934235
,5444.0,6,9.451034566154703e-05,8099,,0.2299956977367401,,2.2177352905273438,,0.3166150748729706,,0.06718020141124725
,5492.0,6,9.445517207495868e-05,8149,,0.23590947687625885,,2.634594202041626,,0.3172551989555359,,0.0671219676733017
,5448.0,6,9.439999848837033e-05,8199,,0.19139744341373444,,2.222712755203247,,0.3180444538593292,,0.06707450747489929
,5484.0,6,9.434482490178198e-05,8249,,0.18868128955364227,,1.7625998258590698,,0.3187706172466278,,0.06703536957502365
,5452.0,6,9.428965859115124e-05,8299,,0.18504133820533752,,1.8639706373214722,,0.3194423317909241,,0.06700393557548523
,5484.0,6,9.423448500456288e-05,8349,,0.2549688518047333,,2.1434693336486816,,0.32007527351379395,,0.06696655601263046
,5404.0,6,9.417931141797453e-05,8399,,0.25406989455223083,,3.1426475048065186,,0.32080280780792236,,0.06693463772535324
5461.0390625,,6,,8448,0.2101898342370987,,2.1801576614379883,,0.3129115402698517,,0.067482590675354,
,5520.0,7,9.412413783138618e-05,8449,,0.1837913691997528,,1.686392068862915,,0.3215814232826233,,0.06692411005496979
,5468.0,7,9.406896424479783e-05,8499,,0.1866408884525299,,2.301323652267456,,0.3222811818122864,,0.06689800322055817
,5448.0,7,9.401379065820947e-05,8549,,0.2067650556564331,,1.6243818998336792,,0.32308030128479004,,0.06685423851013184
,5444.0,7,9.395861707162112e-05,8599,,0.1889103502035141,,2.1306512355804443,,0.32380419969558716,,0.06681283563375473
,5508.0,7,9.390345076099038e-05,8649,,0.2673760652542114,,1.857778549194336,,0.32461845874786377,,0.06677713990211487
,5536.0,7,9.384827717440203e-05,8699,,0.22069911658763885,,2.1398234367370605,,0.32532525062561035,,0.06674384325742722
,5440.0,7,9.379310358781368e-05,8749,,0.22178269922733307,,2.3846144676208496,,0.3260417580604553,,0.06674200296401978
,5420.0,7,9.373793000122532e-05,8799,,0.19078455865383148,,1.9704557657241821,,0.3267739415168762,,0.06671856343746185
,5532.0,7,9.368275641463697e-05,8849,,0.22100499272346497,,1.414964199066162,,0.3275018334388733,,0.06668858230113983
,5428.0,7,9.362758282804862e-05,8899,,0.17616768181324005,,2.426321506500244,,0.32823646068573,,0.06667490303516388
,5400.0,7,9.357241651741788e-05,8949,,0.2517373859882355,,2.09152889251709,,0.3289985656738281,,0.06665289402008057
,5452.0,7,9.351724293082952e-05,8999,,0.1872943788766861,,1.539015531539917,,0.32966673374176025,,0.06661967933177948
,5512.0,7,9.346206934424117e-05,9049,,0.25268056988716125,,1.4798182249069214,,0.3303680121898651,,0.06660059094429016
,5424.0,7,9.340689575765282e-05,9099,,0.22276905179023743,,1.8530789613723755,,0.3310762643814087,,0.06655866652727127
,5388.0,7,9.335172217106447e-05,9149,,0.2740364968776703,,2.004448890686035,,0.33171743154525757,,0.06652360409498215
,5456.0,7,9.329654858447611e-05,9199,,0.18797345459461212,,2.227644920349121,,0.33232852816581726,,0.06649265438318253
,5536.0,7,9.324138227384537e-05,9249,,0.1803543120622635,,2.151703119277954,,0.33295464515686035,,0.06646468490362167
,5504.0,7,9.318620868725702e-05,9299,,0.2246391624212265,,2.037882089614868,,0.3336440324783325,,0.06642988324165344
,5464.0,7,9.313103510066867e-05,9349,,0.19810698926448822,,2.2760655879974365,,0.33421629667282104,,0.06641185283660889
,5376.0,7,9.307586151408032e-05,9399,,0.2700957655906677,,2.4143290519714355,,0.3348706364631653,,0.06638063490390778
,5468.0,7,9.302068792749196e-05,9449,,0.20231080055236816,,1.952781319618225,,0.33549970388412476,,0.06631603837013245
,5412.0,7,9.296551434090361e-05,9499,,0.20349299907684326,,2.2458345890045166,,0.33619850873947144,,0.06628012657165527
,5416.0,7,9.291034803027287e-05,9549,,0.1772933006286621,,2.157611131668091,,0.3368545174598694,,0.06624414771795273
,5432.0,7,9.285517444368452e-05,9599,,0.24193896353244781,,2.143372058868408,,0.3373485505580902,,0.06619703024625778
,5432.0,7,9.280000085709617e-05,9649,,0.15643401443958282,,1.5829442739486694,,0.3379736542701721,,0.0661727637052536
5461.69189453125,,7,,9655,0.21227174997329712,,2.028748035430908,,0.3302064538002014,,0.06657157838344574,
,5488.0,8,9.274482727050781e-05,9699,,0.2132115513086319,,1.9073171615600586,,0.33876338601112366,,0.06616085022687912
,5472.0,8,9.268965368391946e-05,9749,,0.22719761729240417,,1.8140078783035278,,0.3394547998905182,,0.06613540649414062
,5448.0,8,9.26344800973311e-05,9799,,0.18913884460926056,,1.990073800086975,,0.3402176797389984,,0.06611495465040207
,5524.0,8,9.257931378670037e-05,9849,,0.1818067580461502,,1.6249607801437378,,0.3408140242099762,,0.06610257923603058
,5456.0,8,9.252414020011202e-05,9899,,0.24934110045433044,,2.0391507148742676,,0.34148579835891724,,0.06607914716005325
,5444.0,8,9.246896661352366e-05,9949,,0.2278481125831604,,1.8132346868515015,,0.34211641550064087,,0.06606395542621613
,5432.0,8,9.241379302693531e-05,9999,,0.17604634165763855,,2.169626474380493,,0.34278616309165955,,0.06604602932929993
,5440.0,8,9.235861944034696e-05,10049,,0.2055424600839615,,2.0449416637420654,,0.34343230724334717,,0.06605638563632965
,5528.0,8,9.23034458537586e-05,10099,,0.23819349706172943,,2.218677520751953,,0.3439680337905884,,0.06603208929300308
,5456.0,8,9.224827226717025e-05,10149,,0.2103772759437561,,2.085235118865967,,0.34463509917259216,,0.06599051505327225
,5512.0,8,9.219310595653951e-05,10199,,0.2186110019683838,,1.6699719429016113,,0.3453427851200104,,0.06598295271396637
,5440.0,8,9.213793236995116e-05,10249,,0.2074655145406723,,2.01888370513916,,0.3459530770778656,,0.06596866250038147
,5440.0,8,9.20827587833628e-05,10299,,0.22805827856063843,,1.5177781581878662,,0.34661850333213806,,0.06593971699476242
,5440.0,8,9.202758519677445e-05,10349,,0.19660471379756927,,2.396400213241577,,0.3472539484500885,,0.06589268893003464
,5444.0,8,9.19724116101861e-05,10399,,0.20762360095977783,,1.6527096033096313,,0.34794580936431885,,0.06588070094585419
,5556.0,8,9.191723802359775e-05,10449,,0.20633597671985626,,1.6609693765640259,,0.34851980209350586,,0.06587217003107071
,5424.0,8,9.186207171296701e-05,10499,,0.24946323037147522,,2.488948345184326,,0.349082887172699,,0.06584526598453522
,5416.0,8,9.180689812637866e-05,10549,,0.24008530378341675,,1.8585752248764038,,0.349698007106781,,0.06582367420196533
,5460.0,8,9.17517245397903e-05,10599,,0.2326400727033615,,1.7606537342071533,,0.35030561685562134,,0.06580905616283417
,5504.0,8,9.169655095320195e-05,10649,,0.21212133765220642,,1.7742342948913574,,0.3509473204612732,,0.06581614911556244
,5408.0,8,9.16413773666136e-05,10699,,0.18063507974147797,,1.6841981410980225,,0.3515332341194153,,0.06580902636051178
,5400.0,8,9.158620378002524e-05,10749,,0.20753294229507446,,1.878699779510498,,0.3521275818347931,,0.06578372418880463
,5456.0,8,9.15310374693945e-05,10799,,0.21186652779579163,,2.0192534923553467,,0.3527691960334778,,0.06575322151184082
,5480.0,8,9.147586388280615e-05,10849,,0.19831252098083496,,2.2726569175720215,,0.35330480337142944,,0.06573823094367981
5462.2880859375,,8,,10862,0.22096630930900574,,1.9209073781967163,,0.3460535705089569,,0.06595734506845474,
,5460.0,9,9.14206902962178e-05,10899,,0.2062930464744568,,1.6488451957702637,,0.3539201319217682,,0.06575334817171097
,5464.0,9,9.136551670962945e-05,10949,,0.19441398978233337,,2.109236240386963,,0.35460618138313293,,0.06575516611337662
,5508.0,9,9.13103431230411e-05,10999,,0.20120611786842346,,2.1805849075317383,,0.3552784323692322,,0.06577788293361664
,5448.0,9,9.125516953645274e-05,11049,,0.18317212164402008,,1.675339937210083,,0.35595422983169556,,0.06575313210487366
,5452.0,9,9.1200003225822e-05,11099,,0.2129577100276947,,1.8510304689407349,,0.3566455841064453,,0.06576800346374512
,5492.0,9,9.114482963923365e-05,11149,,0.22996017336845398,,1.7539527416229248,,0.35731059312820435,,0.06578361243009567
,5456.0,9,9.10896560526453e-05,11199,,0.26348626613616943,,2.0263266563415527,,0.35790836811065674,,0.06575503945350647
,5548.0,9,9.103448246605694e-05,11249,,0.25164443254470825,,1.839152455329895,,0.3584606647491455,,0.06574848294258118
,5404.0,9,9.097930887946859e-05,11299,,0.1939651072025299,,2.3933217525482178,,0.35900649428367615,,0.06573766469955444
,5548.0,9,9.092413529288024e-05,11349,,0.20232518017292023,,1.9219205379486084,,0.35956406593322754,,0.06573549658060074
,5476.0,9,9.08689689822495e-05,11399,,0.2164587676525116,,1.5823489427566528,,0.3601756691932678,,0.06574498116970062
,5428.0,9,9.081379539566115e-05,11449,,0.31748947501182556,,1.6262964010238647,,0.36068814992904663,,0.06576527655124664
,5428.0,9,9.075862180907279e-05,11499,,0.24040797352790833,,1.4556488990783691,,0.361299067735672,,0.06577028334140778
,5472.0,9,9.070344822248444e-05,11549,,0.16725966334342957,,1.5308328866958618,,0.3618021607398987,,0.06576193869113922
,5424.0,9,9.064827463589609e-05,11599,,0.22927525639533997,,1.7665294408798218,,0.3623623847961426,,0.06573010981082916
,5492.0,9,9.059310104930773e-05,11649,,0.22665637731552124,,1.8110167980194092,,0.3629501760005951,,0.06572625786066055
,5436.0,9,9.053792746271938e-05,11699,,0.24492855370044708,,1.8396331071853638,,0.36348164081573486,,0.06573554873466492
,5432.0,9,9.048276115208864e-05,11749,,0.22342434525489807,,1.8417123556137085,,0.36404383182525635,,0.0657513290643692
,5464.0,9,9.042758756550029e-05,11799,,0.2935618758201599,,1.5890004634857178,,0.36464518308639526,,0.0657617524266243
,5388.0,9,9.037241397891194e-05,11849,,0.34845709800720215,,1.6552965641021729,,0.36525189876556396,,0.06575629115104675
,5456.0,9,9.031724039232358e-05,11899,,0.24167996644973755,,1.6080487966537476,,0.36579325795173645,,0.06576515734195709
,5456.0,9,9.026206680573523e-05,11949,,0.27239030599594116,,2.137346029281616,,0.36628058552742004,,0.06574500352144241
,5468.0,9,9.020689321914688e-05,11999,,0.22973939776420593,,1.8120390176773071,,0.3668162226676941,,0.06572892516851425
,5472.0,9,9.015172690851614e-05,12049,,0.35759127140045166,,1.7578717470169067,,0.3673853874206543,,0.06571775674819946
5460.12109375,,9,,12069,0.23151959478855133,,1.838221549987793,,0.36084190011024475,,0.06575821340084076,
,5480.0,10,9.009655332192779e-05,12099,,0.38616856932640076,,1.1840178966522217,,0.3680161237716675,,0.06571818888187408
,5476.0,10,9.004137973533943e-05,12149,,0.23310717940330505,,1.6567131280899048,,0.36861100792884827,,0.06571787595748901
,5352.0,10,8.998620614875108e-05,12199,,0.3631802201271057,,1.5578327178955078,,0.3691557049751282,,0.06573128700256348
,5468.0,10,8.993103256216273e-05,12249,,0.2184653878211975,,2.1911253929138184,,0.36976858973503113,,0.06576699018478394
,5468.0,10,8.987585897557437e-05,12299,,0.24190135300159454,,1.9824517965316772,,0.3703562021255493,,0.06576477736234665
,5472.0,10,8.982069266494364e-05,12349,,0.2986932098865509,,1.6032981872558594,,0.3709608018398285,,0.06577073782682419
,5432.0,10,8.976551907835528e-05,12399,,0.2981497645378113,,1.9120776653289795,,0.37150976061820984,,0.06578151881694794
,5452.0,10,8.971034549176693e-05,12449,,0.24529671669006348,,1.5622538328170776,,0.37205374240875244,,0.06577517092227936
,5464.0,10,8.965517190517858e-05,12499,,0.15487530827522278,,1.186332106590271,,0.37258297204971313,,0.06578559428453445
,5480.0,10,8.959999831859022e-05,12549,,0.26947131752967834,,1.7747712135314941,,0.37314096093177795,,0.06581033021211624
,5476.0,10,8.954482473200187e-05,12599,,0.23670771718025208,,1.8773449659347534,,0.37366822361946106,,0.06582951545715332
,5440.0,10,8.948965842137113e-05,12649,,0.20878687500953674,,1.8042253255844116,,0.37418633699417114,,0.06585833430290222
,5440.0,10,8.943448483478278e-05,12699,,0.3564850389957428,,1.9809187650680542,,0.3747088313102722,,0.0658729299902916
,5448.0,10,8.937931124819443e-05,12749,,0.21515008807182312,,1.365714192390442,,0.37525883316993713,,0.06588327884674072
,5448.0,10,8.932413766160607e-05,12799,,0.25470665097236633,,1.7936859130859375,,0.3757973909378052,,0.06589870154857635
,5444.0,10,8.926896407501772e-05,12849,,0.2831537425518036,,1.63892662525177,,0.3763332664966583,,0.06591354310512543
,5448.0,10,8.921379048842937e-05,12899,,0.2393786609172821,,1.5226329565048218,,0.3768741488456726,,0.06591592729091644
,5460.0,10,8.915862417779863e-05,12949,,0.26014065742492676,,1.5707703828811646,,0.37738141417503357,,0.0659218281507492
,5532.0,10,8.910345059121028e-05,12999,,0.22980710864067078,,1.8665486574172974,,0.3779395520687103,,0.06592658162117004
,5432.0,10,8.904827700462192e-05,13049,,0.21088728308677673,,1.6649874448776245,,0.37844544649124146,,0.06592417508363724
,5444.0,10,8.899310341803357e-05,13099,,0.2058514505624771,,2.345978260040283,,0.37896448373794556,,0.06593141704797745
,5476.0,10,8.893792983144522e-05,13149,,0.28593504428863525,,1.5598063468933105,,0.37946051359176636,,0.06595297902822495
,5492.0,10,8.888275624485686e-05,13199,,0.22945085167884827,,1.489349126815796,,0.37995025515556335,,0.06595105677843094
,5456.0,10,8.882758265826851e-05,13249,,0.25287747383117676,,1.9309654235839844,,0.38043513894081116,,0.06597700715065002
5461.748046875,,10,,13276,0.250304251909256,,1.7473087310791016,,0.3744259774684906,,0.06585720181465149,
,5420.0,11,8.877241634763777e-05,13299,,0.23618902266025543,,1.5052653551101685,,0.380985289812088,,0.06600861996412277
,5472.0,11,8.871724276104942e-05,13349,,0.2139161229133606,,2.1482951641082764,,0.38155388832092285,,0.06604582816362381
,5492.0,11,8.866206917446107e-05,13399,,0.25019243359565735,,1.8512322902679443,,0.3820960521697998,,0.06607755273580551
,5420.0,11,8.860689558787271e-05,13449,,0.21594315767288208,,1.4928362369537354,,0.38255631923675537,,0.06609854102134705
,5476.0,11,8.855172200128436e-05,13499,,0.2604297995567322,,1.2041734457015991,,0.3831426799297333,,0.06612547487020493
,5424.0,11,8.849654841469601e-05,13549,,0.24177487194538116,,1.8090795278549194,,0.38368096947669983,,0.0661526769399643
,5532.0,11,8.844138210406527e-05,13599,,0.36073991656303406,,1.3436205387115479,,0.38421860337257385,,0.06618069112300873
,5468.0,11,8.838620851747692e-05,13649,,0.29457852244377136,,1.675474762916565,,0.38475608825683594,,0.06620599329471588
,5420.0,11,8.833103493088856e-05,13699,,0.29944518208503723,,1.8822882175445557,,0.38527923822402954,,0.06622307002544403
,5528.0,11,8.827586134430021e-05,13749,,0.24851156771183014,,2.071260690689087,,0.38578447699546814,,0.06623908132314682
,5472.0,11,8.822068775771186e-05,13799,,0.20558591187000275,,1.6163361072540283,,0.3863210678100586,,0.06626858562231064
,5500.0,11,8.81655141711235e-05,13849,,0.35479962825775146,,1.137833595275879,,0.3868216872215271,,0.06628978252410889
,5528.0,11,8.811034786049277e-05,13899,,0.26024937629699707,,1.4931721687316895,,0.38732805848121643,,0.06629087775945663
,5468.0,11,8.805517427390441e-05,13949,,0.22551484405994415,,1.7393437623977661,,0.3878480792045593,,0.06631490588188171
,5484.0,11,8.800000068731606e-05,13999,,0.21624307334423065,,1.751471996307373,,0.3882850706577301,,0.0663209781050682
,5492.0,11,8.794482710072771e-05,14049,,0.25260454416275024,,2.1304116249084473,,0.3887999653816223,,0.06633176654577255
,5468.0,11,8.788965351413935e-05,14099,,0.306498646736145,,1.4100394248962402,,0.38929128646850586,,0.06634341925382614
,5456.0,11,8.7834479927551e-05,14149,,0.26475438475608826,,1.4704030752182007,,0.38980773091316223,,0.06636370718479156
,5436.0,11,8.777931361692026e-05,14199,,0.23539020121097565,,1.877520203590393,,0.3902783691883087,,0.06637829542160034
,5456.0,11,8.772414003033191e-05,14249,,0.26982077956199646,,1.8020944595336914,,0.3907691240310669,,0.06638547778129578
,5508.0,11,8.766896644374356e-05,14299,,0.26474517583847046,,1.4132201671600342,,0.39124318957328796,,0.06637081503868103
,5408.0,11,8.76137928571552e-05,14349,,0.37694478034973145,,1.5921902656555176,,0.3916834592819214,,0.06638064235448837
,5564.0,11,8.755861927056685e-05,14399,,0.2817777693271637,,1.6305080652236938,,0.3921010494232178,,0.06639117747545242
,5420.0,11,8.75034456839785e-05,14449,,0.19757360219955444,,1.8078713417053223,,0.39257538318634033,,0.06640207767486572
5461.40087890625,,11,,14483,0.26005327701568604,,1.6833786964416504,,0.3870680034160614,,0.06626732647418976,
,5412.0,12,8.744827937334776e-05,14499,,0.2898629605770111,,1.4595972299575806,,0.39308226108551025,,0.0664251297712326
,5528.0,12,8.73931057867594e-05,14549,,0.23281805217266083,,1.8663710355758667,,0.39363324642181396,,0.06644928455352783
,5524.0,12,8.733793220017105e-05,14599,,0.31332147121429443,,1.7290163040161133,,0.39409705996513367,,0.06646972894668579
,5436.0,12,8.72827586135827e-05,14649,,0.28370341658592224,,1.721024990081787,,0.394605815410614,,0.0664781779050827
,5500.0,12,8.722758502699435e-05,14699,,0.22482998669147491,,1.7001816034317017,,0.39511504769325256,,0.06649306416511536
,5460.0,12,8.7172411440406e-05,14749,,0.24008885025978088,,1.7326656579971313,,0.3955985903739929,,0.06651096791028976
,5480.0,12,8.711723785381764e-05,14799,,0.24369339644908905,,1.931429386138916,,0.3961344361305237,,0.06654608994722366
,5440.0,12,8.70620715431869e-05,14849,,0.40747514367103577,,1.6899439096450806,,0.39662548899650574,,0.06659623980522156
,5516.0,12,8.700689795659855e-05,14899,,0.2244877964258194,,1.7289479970932007,,0.3971429467201233,,0.06662876904010773
,5500.0,12,8.69517243700102e-05,14949,,0.21856994926929474,,1.3839776515960693,,0.3976333439350128,,0.06665950268507004
,5480.0,12,8.689655078342184e-05,14999,,0.27722668647766113,,1.6250202655792236,,0.3981021046638489,,0.06668791174888611
,5452.0,12,8.684137719683349e-05,15049,,0.2695978283882141,,1.4494602680206299,,0.3985820412635803,,0.06673627346754074
,5484.0,12,8.678620361024514e-05,15099,,0.2871744632720947,,2.022611618041992,,0.3990272581577301,,0.06677307188510895
,5484.0,12,8.67310372996144e-05,15149,,0.33118897676467896,,1.6473565101623535,,0.39946967363357544,,0.0668194591999054
,5472.0,12,8.667586371302605e-05,15199,,0.264216810464859,,1.6947057247161865,,0.39991673827171326,,0.0668521523475647
,5484.0,12,8.66206901264377e-05,15249,,0.34983086585998535,,1.8538066148757935,,0.40035802125930786,,0.0668841004371643
,5460.0,12,8.656551653984934e-05,15299,,0.22650732100009918,,2.315610408782959,,0.40080058574676514,,0.06690820306539536
,5480.0,12,8.651034295326099e-05,15349,,0.36664244532585144,,1.4494153261184692,,0.4012684226036072,,0.06693090498447418
,5476.0,12,8.645516936667264e-05,15399,,0.3473784029483795,,1.5170083045959473,,0.4017350375652313,,0.06698066741228104
,5484.0,12,8.64000030560419e-05,15449,,0.28992006182670593,,1.677502155303955,,0.40220749378204346,,0.06701157987117767
,5428.0,12,8.634482946945354e-05,15499,,0.2402632087469101,,1.3834376335144043,,0.4026030898094177,,0.06702905148267746
,5428.0,12,8.628965588286519e-05,15549,,0.3398417830467224,,1.3020193576812744,,0.4030686914920807,,0.06705552339553833
,5532.0,12,8.623448229627684e-05,15599,,0.25302836298942566,,1.7239561080932617,,0.40353262424468994,,0.0670870840549469
,5504.0,12,8.617930870968848e-05,15649,,0.24245212972164154,,1.8844788074493408,,0.4039883017539978,,0.06710759550333023
5464.30810546875,,12,,15690,0.26886823773384094,,1.6080306768417358,,0.39884325861930847,,0.06676920503377914,
,5460.0,13,8.612413512310013e-05,15699,,0.2618832290172577,,1.5692076683044434,,0.404447078704834,,0.06712188571691513
,5500.0,13,8.606896881246939e-05,15749,,0.3730156123638153,,1.5881842374801636,,0.40495771169662476,,0.06715031713247299
,5444.0,13,8.601379522588104e-05,15799,,0.3415963649749756,,2.1964569091796875,,0.4054127037525177,,0.0671938881278038
,5436.0,13,8.595862163929269e-05,15849,,0.36535754799842834,,1.435029149055481,,0.4059126079082489,,0.06722624599933624
,5492.0,13,8.590344805270433e-05,15899,,0.37305426597595215,,1.5647058486938477,,0.40639322996139526,,0.06725268065929413
,5348.0,13,8.584827446611598e-05,15949,,0.277992308139801,,1.6225240230560303,,0.40686675906181335,,0.06729558110237122
,5440.0,13,8.579310087952763e-05,15999,,0.2764224708080292,,1.8355369567871094,,0.4073147177696228,,0.06733173131942749
,5468.0,13,8.573793456889689e-05,16049,,0.2128526270389557,,1.347942590713501,,0.4077908396720886,,0.06735621392726898
,5488.0,13,8.568276098230854e-05,16099,,0.36315739154815674,,1.6782201528549194,,0.40826475620269775,,0.06740009039640427
,5420.0,13,8.562758739572018e-05,16149,,0.28017404675483704,,1.8990697860717773,,0.4086664021015167,,0.06744557619094849
,5420.0,13,8.557241380913183e-05,16199,,0.25252091884613037,,1.7004578113555908,,0.40915539860725403,,0.06746798753738403
,5488.0,13,8.551724022254348e-05,16249,,0.4091680943965912,,1.0511879920959473,,0.4096492528915405,,0.06749776005744934
,5440.0,13,8.546206663595513e-05,16299,,0.2278410792350769,,1.287679672241211,,0.41007694602012634,,0.06753502786159515
,5516.0,13,8.540689304936677e-05,16349,,0.3526437282562256,,1.445320725440979,,0.41050341725349426,,0.06756678223609924
,5420.0,13,8.535172673873603e-05,16399,,0.2776058614253998,,1.6893848180770874,,0.41089916229248047,,0.06761772185564041
,5476.0,13,8.529655315214768e-05,16449,,0.2588646113872528,,1.8142207860946655,,0.41128912568092346,,0.06764441728591919
,5484.0,13,8.524137956555933e-05,16499,,0.2737416625022888,,1.5239193439483643,,0.41171565651893616,,0.06769883632659912
,5496.0,13,8.518620597897097e-05,16549,,0.3303096890449524,,1.663900375366211,,0.41217049956321716,,0.06774754077196121
,5440.0,13,8.513103239238262e-05,16599,,0.3470744788646698,,1.4349985122680664,,0.41255706548690796,,0.06777510792016983
,5492.0,13,8.507585880579427e-05,16649,,0.3331373929977417,,1.7354873418807983,,0.41295135021209717,,0.06779935210943222
,5460.0,13,8.502069249516353e-05,16699,,0.28667348623275757,,1.519558072090149,,0.41337305307388306,,0.06782333552837372
,5492.0,13,8.496551890857518e-05,16749,,0.2670535445213318,,1.6566126346588135,,0.4138246178627014,,0.06786581128835678
,5496.0,13,8.491034532198682e-05,16799,,0.2671167254447937,,1.6121071577072144,,0.41424623131752014,,0.067891426384449
,5456.0,13,8.485517173539847e-05,16849,,0.43505093455314636,,1.5540449619293213,,0.4146740734577179,,0.06794488430023193
5462.916015625,,13,,16897,0.28515586256980896,,1.5649734735488892,,0.4099321961402893,,0.06754859536886215,
,5488.0,14,8.479999814881012e-05,16899,,0.4747365713119507,,1.7671018838882446,,0.4150969684123993,,0.06798878312110901
,5424.0,14,8.474482456222177e-05,16949,,0.35143133997917175,,1.4129810333251953,,0.415524423122406,,0.06802283972501755
,5468.0,14,8.468965825159103e-05,16999,,0.30402466654777527,,1.6987619400024414,,0.4159674048423767,,0.06807389855384827
,5492.0,14,8.463448466500267e-05,17049,,0.25583070516586304,,1.4441554546356201,,0.4164257347583771,,0.06812596321105957
,5496.0,14,8.457931107841432e-05,17099,,0.2762151062488556,,1.1849366426467896,,0.41689181327819824,,0.06818778067827225
,5512.0,14,8.452413749182597e-05,17149,,0.24675202369689941,,1.975959300994873,,0.4173286557197571,,0.06825052946805954
,5544.0,14,8.446896390523762e-05,17199,,0.24464796483516693,,1.389087438583374,,0.4177616834640503,,0.06831608712673187
,5428.0,14,8.441379031864926e-05,17249,,0.2685437500476837,,1.5510964393615723,,0.4182139039039612,,0.06835458427667618
,5536.0,14,8.435862400801852e-05,17299,,0.29127562046051025,,1.2577887773513794,,0.4186365604400635,,0.06840987503528595
,5456.0,14,8.430345042143017e-05,17349,,0.2377290576696396,,1.5427509546279907,,0.4190504550933838,,0.06847259402275085
,5508.0,14,8.424827683484182e-05,17399,,0.41250526905059814,,1.7011585235595703,,0.41946250200271606,,0.06852948665618896
,5500.0,14,8.419310324825346e-05,17449,,0.259572833776474,,1.225958228111267,,0.41988474130630493,,0.06860433518886566
,5420.0,14,8.413792966166511e-05,17499,,0.3656281530857086,,1.2260608673095703,,0.4202873110771179,,0.0686509981751442
,5440.0,14,8.408275607507676e-05,17549,,0.25213056802749634,,1.6424167156219482,,0.4207099676132202,,0.06871870905160904
,5428.0,14,8.402758976444602e-05,17599,,0.2462448924779892,,1.6309101581573486,,0.4211214780807495,,0.06879038363695145
,5484.0,14,8.397241617785767e-05,17649,,0.28304702043533325,,1.2569907903671265,,0.42153531312942505,,0.06887941062450409
,5436.0,14,8.391724259126931e-05,17699,,0.3516550064086914,,1.1851915121078491,,0.4219599664211273,,0.06894132494926453
,5440.0,14,8.386206900468096e-05,17749,,0.26025331020355225,,1.1543828248977661,,0.42237207293510437,,0.06900538504123688
,5448.0,14,8.380689541809261e-05,17799,,0.29974499344825745,,1.5781362056732178,,0.4227612614631653,,0.06905682384967804
,5464.0,14,8.375172183150426e-05,17849,,0.3500448763370514,,1.2264477014541626,,0.4231458306312561,,0.06911806762218475
,5508.0,14,8.36965482449159e-05,17899,,0.3759671449661255,,1.4248692989349365,,0.4235270023345947,,0.0691780224442482
,5492.0,14,8.364138193428516e-05,17949,,0.2920340895652771,,1.885083556175232,,0.4239351749420166,,0.06925087422132492
,5492.0,14,8.358620834769681e-05,17999,,0.2486586570739746,,1.4860109090805054,,0.42431363463401794,,0.06931903958320618
,5432.0,14,8.353103476110846e-05,18049,,0.28946617245674133,,2.2919156551361084,,0.42471808195114136,,0.06938056647777557
,5524.0,14,8.34758611745201e-05,18099,,0.2806850075721741,,1.2981971502304077,,0.42511552572250366,,0.06944108009338379
5462.44580078125,,14,,18104,0.30302172899246216,,1.505099892616272,,0.42029502987861633,,0.06869139522314072,
,5488.0,15,8.342068758793175e-05,18149,,0.33389097452163696,,1.129324197769165,,0.4255392849445343,,0.06950784474611282
,5452.0,15,8.33655140013434e-05,18199,,0.3454588055610657,,1.4846700429916382,,0.42596715688705444,,0.06957431882619858
,5420.0,15,8.331034769071266e-05,18249,,0.3952416181564331,,1.289459228515625,,0.42640364170074463,,0.06964996457099915
,5396.0,15,8.325517410412431e-05,18299,,0.29976704716682434,,1.2811038494110107,,0.42682963609695435,,0.0697222352027893
,5396.0,15,8.320000051753595e-05,18349,,0.30488666892051697,,1.2689939737319946,,0.4272662401199341,,0.06979010999202728
,5476.0,15,8.31448269309476e-05,18399,,0.29424574971199036,,1.4764314889907837,,0.42766690254211426,,0.06985457241535187
,5424.0,15,8.308965334435925e-05,18449,,0.2987399697303772,,1.561625599861145,,0.42804858088493347,,0.06994706392288208
,5468.0,15,8.30344797577709e-05,18499,,0.28984254598617554,,1.4026545286178589,,0.42847973108291626,,0.07004213333129883
,5496.0,15,8.297931344714016e-05,18549,,0.3725866973400116,,1.9777553081512451,,0.4289024770259857,,0.07012667506933212
,5452.0,15,8.29241398605518e-05,18599,,0.382688045501709,,1.8143261671066284,,0.4293002188205719,,0.07019837200641632
,5488.0,15,8.286896627396345e-05,18649,,0.3038223087787628,,1.607650637626648,,0.4297117590904236,,0.0702798068523407
,5432.0,15,8.28137926873751e-05,18699,,0.2513858675956726,,1.4200997352600098,,0.4301050305366516,,0.07034636288881302
,5468.0,15,8.275861910078675e-05,18749,,0.3195185363292694,,1.3362494707107544,,0.4304932951927185,,0.07042460143566132
,5356.0,15,8.270344551419839e-05,18799,,0.3447652757167816,,1.478590965270996,,0.430913507938385,,0.0705070048570633
,5424.0,15,8.264827920356765e-05,18849,,0.27726754546165466,,1.4292593002319336,,0.4313103258609772,,0.07059947401285172
,5456.0,15,8.25931056169793e-05,18899,,0.2891969680786133,,1.375928282737732,,0.43169936537742615,,0.07068049907684326
,5496.0,15,8.253793203039095e-05,18949,,0.3210432529449463,,1.6137514114379883,,0.4320999085903168,,0.07076786458492279
,5420.0,15,8.24827584438026e-05,18999,,0.41801804304122925,,1.9825458526611328,,0.4324820935726166,,0.07084106653928757
,5488.0,15,8.242758485721424e-05,19049,,0.33170175552368164,,1.831515908241272,,0.432847261428833,,0.07091148942708969
,5460.0,15,8.237241127062589e-05,19099,,0.35574883222579956,,1.3026304244995117,,0.43323129415512085,,0.07098737359046936
,5488.0,15,8.231724495999515e-05,19149,,0.32660961151123047,,1.4715977907180786,,0.43363189697265625,,0.0710606649518013
,5516.0,15,8.22620713734068e-05,19199,,0.3048512041568756,,1.562351107597351,,0.4340304732322693,,0.07112639397382736
,5420.0,15,8.220689778681844e-05,19249,,0.3223278522491455,,1.608436942100525,,0.4344044029712677,,0.07119390368461609
,5464.0,15,8.215172420023009e-05,19299,,0.3084980249404907,,1.3629764318466187,,0.43479353189468384,,0.07127035409212112
5462.5966796875,,15,,19311,0.32327359914779663,,1.4557240009307861,,0.43017101287841797,,0.07037517428398132,
,5488.0,16,8.209655061364174e-05,19349,,0.30658215284347534,,1.6996930837631226,,0.43516862392425537,,0.07133996486663818
,5316.0,16,8.204137702705339e-05,19399,,0.30892688035964966,,1.4817043542861938,,0.4355620741844177,,0.07138875126838684
,5512.0,16,8.198620344046503e-05,19449,,0.366947203874588,,1.6902766227722168,,0.4359223544597626,,0.07145975530147552
,5520.0,16,8.19310371298343e-05,19499,,0.28875789046287537,,1.579866886138916,,0.4363158941268921,,0.07153011858463287
,5400.0,16,8.187586354324594e-05,19549,,0.33248966932296753,,1.3309506177902222,,0.43670397996902466,,0.07159679383039474
,5444.0,16,8.182068995665759e-05,19599,,0.4368274509906769,,1.0489211082458496,,0.43707484006881714,,0.0716739147901535
,5440.0,16,8.176551637006924e-05,19649,,0.3203199505805969,,1.9930170774459839,,0.4374648332595825,,0.0717381164431572
,5384.0,16,8.171034278348088e-05,19699,,0.5270870923995972,,1.5340529680252075,,0.43786758184432983,,0.07182315737009048
,5412.0,16,8.165516919689253e-05,19749,,0.3595461845397949,,1.3065896034240723,,0.43824878334999084,,0.07190410047769547
,5444.0,16,8.160000288626179e-05,19799,,0.4068942070007324,,1.4809390306472778,,0.4386148154735565,,0.07197442650794983
,5444.0,16,8.154482929967344e-05,19849,,0.324772447347641,,1.2147784233093262,,0.4390031695365906,,0.07204987108707428
,5476.0,16,8.148965571308509e-05,19899,,0.37682628631591797,,1.0777688026428223,,0.4393573999404907,,0.07212339341640472
,5508.0,16,8.143448212649673e-05,19949,,0.3406977355480194,,1.4374876022338867,,0.4397217631340027,,0.07218661159276962
,5460.0,16,8.137930853990838e-05,19999,,0.2753550410270691,,1.3242918252944946,,0.440085768699646,,0.07226300984621048
,5516.0,16,8.132413495332003e-05,20049,,0.32126376032829285,,1.4125585556030273,,0.44045180082321167,,0.07233629375696182
,5448.0,16,8.126896864268929e-05,20099,,0.2789354920387268,,1.4497357606887817,,0.44078299403190613,,0.07239049673080444
,5504.0,16,8.121379505610093e-05,20149,,0.3380770981311798,,1.68336820602417,,0.44116929173469543,,0.07247687876224518
,5468.0,16,8.115862146951258e-05,20199,,0.2935471832752228,,1.7213321924209595,,0.4415028691291809,,0.07255770266056061
,5476.0,16,8.110344788292423e-05,20249,,0.25827518105506897,,1.5285530090332031,,0.4418516755104065,,0.07263152301311493
,5488.0,16,8.104827429633588e-05,20299,,0.33827635645866394,,1.8060228824615479,,0.4421926438808441,,0.07269912958145142
,5468.0,16,8.099310070974752e-05,20349,,0.43658992648124695,,1.2840430736541748,,0.4425315856933594,,0.07277003675699234
,5504.0,16,8.093793439911678e-05,20399,,0.3067001700401306,,1.9211069345474243,,0.44287779927253723,,0.07284069061279297
,5400.0,16,8.088276081252843e-05,20449,,0.3391387462615967,,1.2649799585342407,,0.44325175881385803,,0.07292801141738892
,5404.0,16,8.082758722594008e-05,20499,,0.34339866042137146,,1.3015542030334473,,0.4436163306236267,,0.07301759719848633
5461.01220703125,,16,,20518,0.3443234860897064,,1.4222949743270874,,0.43945297598838806,,0.07214967161417007,
,5480.0,17,8.077241363935173e-05,20549,,0.30911490321159363,,1.1763619184494019,,0.4439850151538849,,0.07309263944625854
,5456.0,17,8.071724005276337e-05,20599,,0.29159364104270935,,1.1292083263397217,,0.4443621039390564,,0.07316942512989044
,5452.0,17,8.066206646617502e-05,20649,,0.32210615277290344,,1.238947868347168,,0.44474926590919495,,0.07325338572263718
,5416.0,17,8.060690015554428e-05,20699,,0.32393836975097656,,1.5150989294052124,,0.4451214075088501,,0.0733509436249733
,5552.0,17,8.055172656895593e-05,20749,,0.4054102897644043,,1.3895783424377441,,0.4454992115497589,,0.07344736158847809
,5448.0,17,8.049655298236758e-05,20799,,0.32795923948287964,,1.3919466733932495,,0.44585996866226196,,0.07352792471647263
,5484.0,17,8.044137939577922e-05,20849,,0.4256708025932312,,1.2072466611862183,,0.44622570276260376,,0.0736045241355896
,5448.0,17,8.038620580919087e-05,20899,,0.4394567310810089,,1.59012770652771,,0.44658541679382324,,0.07367672771215439
,5532.0,17,8.033103222260252e-05,20949,,0.379289448261261,,1.5797781944274902,,0.44694337248802185,,0.07375785708427429
,5488.0,17,8.027585863601416e-05,20999,,0.35795924067497253,,1.4273568391799927,,0.4472831189632416,,0.07382484525442123
,5460.0,17,8.022069232538342e-05,21049,,0.3948984444141388,,1.294342041015625,,0.4476393163204193,,0.0738922730088234
,5476.0,17,8.016551873879507e-05,21099,,0.3731999397277832,,0.9850260615348816,,0.4480059742927551,,0.07396756857633591
,5432.0,17,8.011034515220672e-05,21149,,0.34602510929107666,,1.7746026515960693,,0.4483462870121002,,0.07403035461902618
,5472.0,17,8.005517156561837e-05,21199,,0.35055577754974365,,1.4457776546478271,,0.44868505001068115,,0.074083112180233
,5484.0,17,7.999999797903001e-05,21249,,0.3626719117164612,,1.2447724342346191,,0.4490395784378052,,0.07413025945425034
,5456.0,17,7.994482439244166e-05,21299,,0.3123551309108734,,1.4418237209320068,,0.4493553042411804,,0.07419753074645996
,5448.0,17,7.988965808181092e-05,21349,,0.3355243504047394,,1.4124478101730347,,0.4496701955795288,,0.07426218688488007
,5460.0,17,7.983448449522257e-05,21399,,0.4559604525566101,,1.168524980545044,,0.44999271631240845,,0.07431970536708832
,5472.0,17,7.977931090863422e-05,21449,,0.38485345244407654,,1.564775824546814,,0.4503366947174072,,0.07439114898443222
,5456.0,17,7.972413732204586e-05,21499,,0.3556520938873291,,1.268532395362854,,0.4506496489048004,,0.07445453852415085
,5492.0,17,7.966896373545751e-05,21549,,0.5689839720726013,,1.1638472080230713,,0.4509899318218231,,0.07451103627681732
,5436.0,17,7.961379014886916e-05,21599,,0.3059920370578766,,1.8762686252593994,,0.45134106278419495,,0.07458451390266418
,5476.0,17,7.955862383823842e-05,21649,,0.4098680913448334,,1.3748128414154053,,0.45169275999069214,,0.07466614991426468
,5424.0,17,7.950345025165007e-05,21699,,0.34506943821907043,,1.1990644931793213,,0.45204153656959534,,0.07474499195814133
5461.85400390625,,17,,21725,0.36769238114356995,,1.3759881258010864,,0.4481332004070282,,0.07396036386489868,
,5468.0,18,7.944827666506171e-05,21749,,0.29382196068763733,,1.2519959211349487,,0.4523692727088928,,0.07482907176017761
,5392.0,18,7.939310307847336e-05,21799,,0.3728504776954651,,1.471501350402832,,0.45272278785705566,,0.07492205500602722
,5444.0,18,7.9337929491885e-05,21849,,0.4571668803691864,,1.6597611904144287,,0.45306843519210815,,0.07500326633453369
,5492.0,18,7.928275590529665e-05,21899,,0.5100494623184204,,1.2218754291534424,,0.45340782403945923,,0.07507244497537613
,5500.0,18,7.922758959466591e-05,21949,,0.33331170678138733,,1.674416184425354,,0.45373910665512085,,0.07513692229986191
,5388.0,18,7.917241600807756e-05,21999,,0.3015243411064148,,1.1951501369476318,,0.45409494638442993,,0.07521165907382965
,5516.0,18,7.911724242148921e-05,22049,,0.41297000646591187,,1.0712685585021973,,0.4544260501861572,,0.07528801262378693
,5400.0,18,7.906206883490086e-05,22099,,0.3309970200061798,,1.5530768632888794,,0.45476430654525757,,0.07536575198173523
,5428.0,18,7.90068952483125e-05,22149,,0.33992457389831543,,1.1199522018432617,,0.4551388919353485,,0.0754438266158104
,5484.0,18,7.895172166172415e-05,22199,,0.5494382977485657,,1.5481349229812622,,0.45547541975975037,,0.07551492750644684
,5456.0,18,7.889655535109341e-05,22249,,0.43100613355636597,,1.8341621160507202,,0.45581087470054626,,0.07559065520763397
,5468.0,18,7.884138176450506e-05,22299,,0.4176411032676697,,1.4199985265731812,,0.4561440348625183,,0.0756663978099823
,5448.0,18,7.87862081779167e-05,22349,,0.4582306146621704,,0.7864928245544434,,0.4564736783504486,,0.07574700564146042
,5392.0,18,7.873103459132835e-05,22399,,0.37712034583091736,,0.9373437762260437,,0.45681679248809814,,0.07582036405801773
,5504.0,18,7.867586100474e-05,22449,,0.3557911515235901,,1.281816840171814,,0.45714956521987915,,0.0758933424949646
,5492.0,18,7.862068741815165e-05,22499,,0.41371577978134155,,1.1085046529769897,,0.45747309923171997,,0.07595992088317871
,5524.0,18,7.85655138315633e-05,22549,,0.36743512749671936,,1.2831778526306152,,0.45777347683906555,,0.07604037970304489
,5480.0,18,7.851034752093256e-05,22599,,0.5412570834159851,,1.2595833539962769,,0.4581238627433777,,0.0761176198720932
,5416.0,18,7.84551739343442e-05,22649,,0.40778499841690063,,0.9172901511192322,,0.4584387540817261,,0.07620072364807129
,5456.0,18,7.840000034775585e-05,22699,,0.4069397747516632,,1.087490439414978,,0.45874717831611633,,0.07628732919692993
,5508.0,18,7.83448267611675e-05,22749,,0.3723394572734833,,1.238545536994934,,0.4590780735015869,,0.07635818421840668
,5428.0,18,7.828965317457914e-05,22799,,0.3665129244327545,,1.4626237154006958,,0.4593897759914398,,0.07645166665315628
,5432.0,18,7.823447958799079e-05,22849,,0.36086905002593994,,1.0266913175582886,,0.45970839262008667,,0.0765262097120285
,5544.0,18,7.817931327736005e-05,22899,,0.5379672646522522,,1.4028124809265137,,0.4600232243537903,,0.0766020342707634
5462.83154296875,,18,,22932,0.3968695104122162,,1.3454623222351074,,0.45634520053863525,,0.07572616636753082,
,5476.0,19,7.81241396907717e-05,22949,,0.4085598587989807,,1.2290071249008179,,0.4603240191936493,,0.07667093724012375
,5404.0,19,7.806896610418335e-05,22999,,0.42703625559806824,,1.1649447679519653,,0.4606406092643738,,0.07675627619028091
,5492.0,19,7.801379251759499e-05,23049,,0.5095397233963013,,1.220456600189209,,0.4609673321247101,,0.0768461748957634
,5492.0,19,7.795861893100664e-05,23099,,0.43491265177726746,,1.3846842050552368,,0.4612945020198822,,0.07692483067512512
,5440.0,19,7.790344534441829e-05,23149,,0.37339213490486145,,1.5339689254760742,,0.4616170823574066,,0.0770212933421135
,5500.0,19,7.784827903378755e-05,23199,,0.36187511682510376,,0.8499030470848083,,0.46193355321884155,,0.07709628343582153
,5456.0,19,7.77931054471992e-05,23249,,0.3293971121311188,,0.8196628093719482,,0.4622563421726227,,0.07717582583427429
,5388.0,19,7.773793186061084e-05,23299,,0.3788662552833557,,1.322259783744812,,0.4625719487667084,,0.07725442200899124
,5532.0,19,7.768275827402249e-05,23349,,0.44105079770088196,,0.9719157218933105,,0.4628930389881134,,0.07734121382236481
,5380.0,19,7.762758468743414e-05,23399,,0.3339231610298157,,1.7304507493972778,,0.46322253346443176,,0.07743754982948303
,5480.0,19,7.757241110084578e-05,23449,,0.41211938858032227,,1.2474581003189087,,0.46354249119758606,,0.0775168240070343
,5456.0,19,7.751724479021505e-05,23499,,0.3377741575241089,,1.2458192110061646,,0.46384406089782715,,0.07758287340402603
,5400.0,19,7.746207120362669e-05,23549,,0.36910709738731384,,1.4625484943389893,,0.4641624093055725,,0.0776529610157013
,5444.0,19,7.740689761703834e-05,23599,,0.3540816009044647,,1.1879706382751465,,0.464469313621521,,0.07772089540958405
,5484.0,19,7.735172403044999e-05,23649,,0.32080215215682983,,1.7589412927627563,,0.46478429436683655,,0.07777196168899536
,5484.0,19,7.729655044386163e-05,23699,,0.3504790663719177,,0.9494500160217285,,0.46510040760040283,,0.07783042639493942
,5480.0,19,7.724137685727328e-05,23749,,0.3222760260105133,,1.39158296585083,,0.46539491415023804,,0.0778941661119461
,5436.0,19,7.718620327068493e-05,23799,,0.5031732320785522,,1.1927179098129272,,0.4657089114189148,,0.07796980440616608
,5484.0,19,7.713103696005419e-05,23849,,0.48612040281295776,,1.702576756477356,,0.46599993109703064,,0.07802574336528778
,5452.0,19,7.707586337346584e-05,23899,,0.4390396475791931,,1.1512386798858643,,0.46630099415779114,,0.07808051258325577
,5376.0,19,7.702068978687748e-05,23949,,0.4256857931613922,,1.4862489700317383,,0.4666196405887604,,0.07814694195985794
,5508.0,19,7.696551620028913e-05,23999,,0.5275173783302307,,1.3730030059814453,,0.4669204354286194,,0.07822315394878387
,5464.0,19,7.691034261370078e-05,24049,,0.32443079352378845,,1.2985503673553467,,0.46720072627067566,,0.07829435169696808
,5412.0,19,7.685516902711242e-05,24099,,0.5275191068649292,,1.3764879703521729,,0.4674947261810303,,0.07836531102657318
5461.03125,,19,,24139,0.41405144333839417,,1.321597933769226,,0.46409180760383606,,0.07759212702512741,
,5504.0,20,7.680000271648169e-05,24149,,0.3359397053718567,,1.3127516508102417,,0.4678173065185547,,0.07844850420951843
,5480.0,20,7.674482912989333e-05,24199,,0.36396539211273193,,1.4693806171417236,,0.4681214392185211,,0.07854007184505463
,5400.0,20,7.668965554330498e-05,24249,,0.33556005358695984,,1.612074375152588,,0.4684258699417114,,0.07863613218069077
,5492.0,20,7.663448195671663e-05,24299,,0.45295628905296326,,1.4436067342758179,,0.4687209129333496,,0.07871828228235245
,5448.0,20,7.657930837012827e-05,24349,,0.37626197934150696,,1.51681649684906,,0.46904587745666504,,0.07878571003675461
,5416.0,20,7.652413478353992e-05,24399,,0.38098686933517456,,0.9480477571487427,,0.4693388342857361,,0.07884661853313446
,5472.0,20,7.646896847290918e-05,24449,,0.40362218022346497,,1.3494688272476196,,0.46965503692626953,,0.0789267048239708
,5456.0,20,7.641379488632083e-05,24499,,0.432892382144928,,1.0268652439117432,,0.46996021270751953,,0.07899906486272812
,5480.0,20,7.635862129973248e-05,24549,,0.3915739357471466,,1.6008977890014648,,0.4702622592449188,,0.07906217873096466
,5496.0,20,7.630344771314412e-05,24599,,0.4252144992351532,,1.1188030242919922,,0.47053292393684387,,0.07914585620164871
,5408.0,20,7.624827412655577e-05,24649,,0.541802167892456,,1.5098721981048584,,0.4708237648010254,,0.0792294442653656
,5544.0,20,7.619310053996742e-05,24699,,0.6589370965957642,,1.0838011503219604,,0.47112318873405457,,0.07931983470916748
,5428.0,20,7.613793422933668e-05,24749,,0.5680814385414124,,1.262142300605774,,0.4714342951774597,,0.07941364496946335
,5468.0,20,7.608276064274833e-05,24799,,0.42198020219802856,,1.2862889766693115,,0.47171729803085327,,0.0794999748468399
,5508.0,20,7.602758705615997e-05,24849,,0.7849833369255066,,1.3661189079284668,,0.4720222055912018,,0.07957324385643005
,5452.0,20,7.597241346957162e-05,24899,,0.5159485340118408,,1.2212390899658203,,0.4723196029663086,,0.07966051995754242
,5480.0,20,7.591723988298327e-05,24949,,0.3985881507396698,,1.6678986549377441,,0.47260022163391113,,0.07974008470773697
,5388.0,20,7.586206629639491e-05,24999,,0.37561437487602234,,1.0975643396377563,,0.4728831350803375,,0.07982036471366882
,5404.0,20,7.580689998576418e-05,25049,,0.5969941020011902,,1.092624306678772,,0.47315138578414917,,0.07991320639848709
,5452.0,20,7.575172639917582e-05,25099,,0.41685283184051514,,1.0259716510772705,,0.47343671321868896,,0.0799945667386055
,5472.0,20,7.569655281258747e-05,25149,,0.3745346963405609,,1.2033277750015259,,0.47371959686279297,,0.08006700873374939
,5336.0,20,7.564137922599912e-05,25199,,0.4053176939487457,,1.0075576305389404,,0.4740019738674164,,0.08014191687107086
,5460.0,20,7.558620563941076e-05,25249,,0.43693917989730835,,1.3884694576263428,,0.4742843508720398,,0.08022689074277878
,5444.0,20,7.553103205282241e-05,25299,,0.585626482963562,,1.2005137205123901,,0.47457894682884216,,0.0803147628903389
5462.208984375,,20,,25346,0.4389088749885559,,1.2960432767868042,,0.4714100956916809,,0.0794152170419693,
,5540.0,21,7.547585846623406e-05,25349,,0.36298561096191406,,1.594744086265564,,0.4748574495315552,,0.08040082454681396
,5476.0,21,7.542069215560332e-05,25399,,0.41726064682006836,,1.0987749099731445,,0.47517192363739014,,0.08050023019313812
,5476.0,21,7.536551856901497e-05,25449,,0.405335009098053,,1.1441336870193481,,0.4754459261894226,,0.08056139200925827
,5424.0,21,7.531034498242661e-05,25499,,0.4638589322566986,,1.313572645187378,,0.47574174404144287,,0.08064411580562592
,5516.0,21,7.525517139583826e-05,25549,,0.41194939613342285,,1.3946493864059448,,0.47603505849838257,,0.08072199672460556
,5448.0,21,7.519999780924991e-05,25599,,0.45391833782196045,,1.2861124277114868,,0.4763190746307373,,0.08081411570310593
,5516.0,21,7.514482422266155e-05,25649,,0.4716687798500061,,1.2110780477523804,,0.4766101837158203,,0.08091790229082108
,5512.0,21,7.508965791203082e-05,25699,,0.4547303020954132,,1.3733762502670288,,0.4768937826156616,,0.08101844042539597
,5516.0,21,7.503448432544246e-05,25749,,0.49997711181640625,,1.1754614114761353,,0.47719526290893555,,0.08111203461885452
,5428.0,21,7.497931073885411e-05,25799,,0.5281680822372437,,0.9920084476470947,,0.477469801902771,,0.08118262887001038
,5508.0,21,7.492413715226576e-05,25849,,0.5782153010368347,,1.4193408489227295,,0.47775232791900635,,0.08127077668905258
,5464.0,21,7.48689635656774e-05,25899,,0.47638052701950073,,1.2981688976287842,,0.4780120849609375,,0.08135290443897247
,5528.0,21,7.481378997908905e-05,25949,,0.45326516032218933,,1.2015914916992188,,0.4782849848270416,,0.08144032955169678
,5444.0,21,7.475862366845831e-05,25999,,0.4562026560306549,,1.5741266012191772,,0.4785556197166443,,0.08152163773775101
,5412.0,21,7.470345008186996e-05,26049,,0.4657413363456726,,1.341491937637329,,0.47884148359298706,,0.08160533010959625
,5432.0,21,7.464827649528161e-05,26099,,0.43099552392959595,,1.3311527967453003,,0.4791049361228943,,0.08169671148061752
,5408.0,21,7.459310290869325e-05,26149,,0.5229704976081848,,1.3361949920654297,,0.47938433289527893,,0.08179173618555069
,5420.0,21,7.45379293221049e-05,26199,,0.4658010005950928,,1.3088303804397583,,0.4796660840511322,,0.08188308775424957
,5476.0,21,7.448275573551655e-05,26249,,0.44893255829811096,,1.075164556503296,,0.479960560798645,,0.0819716677069664
,5484.0,21,7.442758942488581e-05,26299,,0.39389175176620483,,1.2755969762802124,,0.48023074865341187,,0.08205664902925491
,5528.0,21,7.437241583829746e-05,26349,,0.4084293842315674,,1.2969069480895996,,0.4804818630218506,,0.08214782923460007
,5476.0,21,7.43172422517091e-05,26399,,0.4228431284427643,,1.1080502271652222,,0.4807392358779907,,0.08222304284572601
,5464.0,21,7.426206866512075e-05,26449,,0.43300342559814453,,1.365493893623352,,0.4810224175453186,,0.08232187479734421
,5468.0,21,7.42068950785324e-05,26499,,0.3979489505290985,,1.4445500373840332,,0.4812944531440735,,0.08241255581378937
,5492.0,21,7.415172149194404e-05,26549,,0.4227663278579712,,1.299899935722351,,0.4815656244754791,,0.08248373866081238
5462.880859375,,21,,26553,0.46128422021865845,,1.2671345472335815,,0.47832199931144714,,0.08145200461149216,
,5524.0,22,7.40965551813133e-05,26599,,0.40367770195007324,,1.2504891157150269,,0.48184624314308167,,0.08255952596664429
,5484.0,22,7.404138159472495e-05,26649,,0.493584543466568,,1.0682862997055054,,0.4821128845214844,,0.08262602239847183
,5448.0,22,7.39862080081366e-05,26699,,0.505093514919281,,1.2457586526870728,,0.48238927125930786,,0.08270116150379181
,5472.0,22,7.393103442154825e-05,26749,,0.413168728351593,,1.70233952999115,,0.48265957832336426,,0.0827573761343956
,5452.0,22,7.38758608349599e-05,26799,,0.38741928339004517,,1.4310156106948853,,0.4829340875148773,,0.082835353910923
,5448.0,22,7.382068724837154e-05,26849,,0.6790691018104553,,1.0460284948349,,0.4831726551055908,,0.08289177715778351
,5448.0,22,7.376551366178319e-05,26899,,0.48542240262031555,,1.2731521129608154,,0.483462929725647,,0.08295746892690659
,5492.0,22,7.371034735115245e-05,26949,,0.4469657838344574,,1.1199707984924316,,0.48373356461524963,,0.08303169906139374
,5412.0,22,7.36551737645641e-05,26999,,0.3834417462348938,,1.296790599822998,,0.48400869965553284,,0.08311066031455994
,5436.0,22,7.360000017797574e-05,27049,,0.47340816259384155,,1.3586132526397705,,0.48428356647491455,,0.0831967368721962
,5508.0,22,7.354482659138739e-05,27099,,0.3982486426830292,,0.9118593335151672,,0.4845465421676636,,0.08325979113578796
,5520.0,22,7.348965300479904e-05,27149,,0.5234190225601196,,0.9446402192115784,,0.48481255769729614,,0.08333743363618851
,5524.0,22,7.343447941821069e-05,27199,,0.4342953562736511,,1.341814637184143,,0.48509424924850464,,0.0834280401468277
,5440.0,22,7.337931310757995e-05,27249,,0.5085182785987854,,0.8591511249542236,,0.48536545038223267,,0.08350764214992523
,5432.0,22,7.33241395209916e-05,27299,,0.4075929522514343,,1.2746367454528809,,0.48562169075012207,,0.08356643468141556
,5512.0,22,7.326896593440324e-05,27349,,0.8896607160568237,,0.8441663980484009,,0.4858974814414978,,0.08364038914442062
,5396.0,22,7.321379234781489e-05,27399,,0.8583306074142456,,0.9540792107582092,,0.48615142703056335,,0.08371230959892273
,5416.0,22,7.315861876122653e-05,27449,,0.566012442111969,,1.1410009860992432,,0.48640841245651245,,0.08378042280673981
,5432.0,22,7.310344517463818e-05,27499,,0.5105375647544861,,1.2020771503448486,,0.48666638135910034,,0.08383213728666306
,5472.0,22,7.304827886400744e-05,27549,,0.5146278738975525,,1.4512653350830078,,0.4869109094142914,,0.08389059454202652
,5468.0,22,7.299310527741909e-05,27599,,0.5593143105506897,,1.5415737628936768,,0.48717182874679565,,0.0839356929063797
,5464.0,22,7.293793169083074e-05,27649,,0.4382084608078003,,1.1461126804351807,,0.48741909861564636,,0.08398251235485077
,5420.0,22,7.288275810424238e-05,27699,,0.59356290102005,,1.1784517765045166,,0.48767128586769104,,0.08404378592967987
,5448.0,22,7.282758451765403e-05,27749,,0.5656663179397583,,1.1799968481063843,,0.487898588180542,,0.08409896492958069
5462.56005859375,,22,,27760,0.49129796028137207,,1.240468978881836,,0.4848875105381012,,0.0833478718996048,
,5436.0,23,7.277241093106568e-05,27799,,0.5692152976989746,,0.9711169004440308,,0.4881221652030945,,0.08414317667484283
,5428.0,23,7.271724462043494e-05,27849,,0.3875439763069153,,1.267529845237732,,0.48839253187179565,,0.08420772105455399
,5416.0,23,7.266207103384659e-05,27899,,0.7324550747871399,,1.4978159666061401,,0.4886641502380371,,0.08428299427032471
,5480.0,23,7.260689744725823e-05,27949,,0.501463770866394,,0.9443203806877136,,0.4889369010925293,,0.08436504751443863
,5416.0,23,7.255172386066988e-05,27999,,0.4381134510040283,,0.7655471563339233,,0.4892071783542633,,0.08443295210599899
,5388.0,23,7.249655027408153e-05,28049,,0.6051526069641113,,1.265770435333252,,0.48945873975753784,,0.08448494970798492
,5372.0,23,7.244137668749318e-05,28099,,0.45377764105796814,,0.8988971710205078,,0.48973149061203003,,0.08454398810863495
,5488.0,23,7.238621037686244e-05,28149,,0.5124381184577942,,1.1194167137145996,,0.48998963832855225,,0.08459934592247009
,5512.0,23,7.233103679027408e-05,28199,,0.42922860383987427,,1.0337133407592773,,0.49024146795272827,,0.08466601371765137
,5480.0,23,7.227586320368573e-05,28249,,0.6011033058166504,,0.9086410999298096,,0.49049505591392517,,0.08473201841115952
,5460.0,23,7.222068961709738e-05,28299,,0.5359116792678833,,1.3631032705307007,,0.4907536506652832,,0.08479338884353638
,5512.0,23,7.216551603050902e-05,28349,,0.3640473186969757,,1.3301955461502075,,0.49101656675338745,,0.0848550796508789
,5436.0,23,7.211034244392067e-05,28399,,0.41368383169174194,,1.3825851678848267,,0.49126631021499634,,0.08491250872612
,5420.0,23,7.205516885733232e-05,28449,,0.49751904606819153,,1.4557600021362305,,0.49152788519859314,,0.08496353030204773
,5476.0,23,7.200000254670158e-05,28499,,0.5139849185943604,,1.0683716535568237,,0.4917643070220947,,0.08501582592725754
,5448.0,23,7.194482896011323e-05,28549,,0.5519352555274963,,1.3145955801010132,,0.49199607968330383,,0.08507782220840454
,5516.0,23,7.188965537352487e-05,28599,,0.5371596813201904,,1.5134962797164917,,0.492238312959671,,0.08514312654733658
,5440.0,23,7.183448178693652e-05,28649,,0.47066622972488403,,1.1723473072052002,,0.4924807846546173,,0.08520223200321198
,5484.0,23,7.177930820034817e-05,28699,,0.47735410928726196,,1.3586395978927612,,0.49271759390830994,,0.08526107668876648
,5472.0,23,7.172413461375982e-05,28749,,0.5118098258972168,,1.1357883214950562,,0.4929705262184143,,0.08529888838529587
,5508.0,23,7.166896830312908e-05,28799,,0.4516211450099945,,1.288307547569275,,0.49319273233413696,,0.08535513281822205
,5452.0,23,7.161379471654072e-05,28849,,0.6071727871894836,,0.5732578039169312,,0.4934481978416443,,0.08540470153093338
,5468.0,23,7.155862112995237e-05,28899,,0.44143807888031006,,1.124456524848938,,0.49370333552360535,,0.08545602113008499
,5444.0,23,7.150344754336402e-05,28949,,0.47114986181259155,,1.2971017360687256,,0.49395355582237244,,0.08551725745201111
5461.3818359375,,23,,28967,0.5176934599876404,,1.2292828559875488,,0.4910946190357208,,0.08486004173755646,
,5420.0,24,7.144827395677567e-05,28999,,0.4735461175441742,,1.2572994232177734,,0.4942058324813843,,0.08559325337409973
,5480.0,24,7.139310037018731e-05,29049,,0.5836707353591919,,1.2872061729431152,,0.49446138739585876,,0.0856672078371048
,5444.0,24,7.133793405955657e-05,29099,,0.4446142315864563,,1.1149030923843384,,0.49471810460090637,,0.08574102818965912
,5400.0,24,7.128276047296822e-05,29149,,0.4893849492073059,,1.3417609930038452,,0.494953453540802,,0.08579669892787933
,5472.0,24,7.122758688637987e-05,29199,,0.47115394473075867,,1.3963884115219116,,0.4952026307582855,,0.08584657311439514
,5496.0,24,7.117241329979151e-05,29249,,0.4644985496997833,,1.1490247249603271,,0.4954582750797272,,0.08589893579483032
,5452.0,24,7.111723971320316e-05,29299,,0.49454519152641296,,1.3391422033309937,,0.49570608139038086,,0.08595903217792511
,5488.0,24,7.106206612661481e-05,29349,,0.4443031847476959,,1.1608295440673828,,0.49595069885253906,,0.08602340519428253
,5428.0,24,7.100689981598407e-05,29399,,0.529930591583252,,1.0364089012145996,,0.4961875081062317,,0.08608314394950867
,5420.0,24,7.095172622939572e-05,29449,,0.49654924869537354,,1.0148347616195679,,0.496445894241333,,0.08614318817853928
,5540.0,24,7.089655264280736e-05,29499,,0.624369740486145,,1.6489434242248535,,0.49669480323791504,,0.08620218932628632
,5384.0,24,7.084137905621901e-05,29549,,0.8026041388511658,,1.2536958456039429,,0.49693286418914795,,0.08625166118144989
,5408.0,24,7.078620546963066e-05,29599,,0.5345466136932373,,0.9121704697608948,,0.49717244505882263,,0.08630509674549103
,5420.0,24,7.07310318830423e-05,29649,,0.586266279220581,,1.2705726623535156,,0.49740612506866455,,0.08636277914047241
,5500.0,24,7.067586557241157e-05,29699,,0.5577449798583984,,1.4573309421539307,,0.49763768911361694,,0.08642765879631042
,5492.0,24,7.062069198582321e-05,29749,,0.42890429496765137,,0.8788890242576599,,0.4978598952293396,,0.08648771792650223
,5432.0,24,7.056551839923486e-05,29799,,0.43550559878349304,,1.1930638551712036,,0.4980957806110382,,0.08654052764177322
,5472.0,24,7.051034481264651e-05,29849,,0.44340449571609497,,1.1905862092971802,,0.4983326196670532,,0.0865950956940651
,5440.0,24,7.045517122605816e-05,29899,,0.5726731419563293,,1.0224326848983765,,0.49857354164123535,,0.08666390180587769
,5428.0,24,7.03999976394698e-05,29949,,0.4804975092411041,,1.0459340810775757,,0.49881264567375183,,0.08672235906124115
,5436.0,24,7.034482405288145e-05,29999,,0.4351852834224701,,1.2895863056182861,,0.4990342855453491,,0.0867711529135704
,5508.0,24,7.028965774225071e-05,30049,,0.4662421643733978,,1.039778232574463,,0.4992775321006775,,0.08682350814342499
,5480.0,24,7.023448415566236e-05,30099,,0.6074874997138977,,1.4255186319351196,,0.49948814511299133,,0.08686776459217072
,5436.0,24,7.0179310569074e-05,30149,,0.45860230922698975,,1.338839054107666,,0.49972003698349,,0.08692681044340134
5462.7109375,,24,,30174,0.535984992980957,,1.2010418176651,,0.49705028533935547,,0.08628451079130173,
,5436.0,25,7.012413698248565e-05,30199,,0.6606157422065735,,1.2692408561706543,,0.49995213747024536,,0.08698701113462448
,5504.0,25,7.00689633958973e-05,30249,,0.5409602522850037,,1.2707545757293701,,0.5002008676528931,,0.08704353868961334
,5524.0,25,7.001378980930895e-05,30299,,0.6817225813865662,,1.057835340499878,,0.500444233417511,,0.08709271252155304
,5528.0,25,6.995862349867821e-05,30349,,0.4804319739341736,,1.4452589750289917,,0.5006769895553589,,0.08714686334133148
,5492.0,25,6.990344991208985e-05,30399,,0.4860336482524872,,0.9226428270339966,,0.5009005069732666,,0.08719518780708313
,5388.0,25,6.98482763255015e-05,30449,,0.4936823844909668,,1.0772476196289062,,0.5011324882507324,,0.08724653720855713
,5424.0,25,6.979310273891315e-05,30499,,0.5985918641090393,,1.0757079124450684,,0.5013676285743713,,0.08729715645313263
,5412.0,25,6.97379291523248e-05,30549,,0.5030368566513062,,1.291957139968872,,0.5016092658042908,,0.08734799921512604
,5492.0,25,6.968275556573644e-05,30599,,0.5818822979927063,,1.2013866901397705,,0.5018277764320374,,0.08740364015102386
,5456.0,25,6.96275892551057e-05,30649,,0.5938940644264221,,1.2210768461227417,,0.502056360244751,,0.08743464201688766
,5492.0,25,6.957241566851735e-05,30699,,0.4803949296474457,,1.0765597820281982,,0.5022895932197571,,0.08748234808444977
,5460.0,25,6.9517242081929e-05,30749,,0.6202353835105896,,1.0426687002182007,,0.5025181174278259,,0.08752943575382233
,5476.0,25,6.946206849534065e-05,30799,,0.4955475628376007,,1.2135587930679321,,0.5027515292167664,,0.0875774398446083
,5408.0,25,6.940689490875229e-05,30849,,0.6432486176490784,,0.8674784898757935,,0.5029905438423157,,0.08762473613023758
,5496.0,25,6.935172132216394e-05,30899,,0.6713483929634094,,0.8530436158180237,,0.5032200813293457,,0.08766587823629379
,5548.0,25,6.92965550115332e-05,30949,,0.4424930214881897,,1.2648941278457642,,0.5034342408180237,,0.0877147763967514
,5428.0,25,6.924138142494485e-05,30999,,0.6567355990409851,,1.358167052268982,,0.5036672353744507,,0.08775635063648224
,5444.0,25,6.91862078383565e-05,31049,,0.48464906215667725,,1.2869720458984375,,0.5038981437683105,,0.0877985805273056
,5460.0,25,6.913103425176814e-05,31099,,0.5091888904571533,,1.3075735569000244,,0.5041130781173706,,0.08783166855573654
,5344.0,25,6.907586066517979e-05,31149,,0.5235872864723206,,0.8973830938339233,,0.5043420195579529,,0.08786112070083618
,5448.0,25,6.902068707859144e-05,31199,,0.5536163449287415,,1.1978678703308105,,0.5045586824417114,,0.0879041999578476
,5520.0,25,6.89655207679607e-05,31249,,0.5612074732780457,,1.0623266696929932,,0.5047943592071533,,0.08795151859521866
,5508.0,25,6.891034718137234e-05,31299,,0.6173387169837952,,0.9717118740081787,,0.505009114742279,,0.08799134939908981
,5488.0,25,6.885517359478399e-05,31349,,0.6816848516464233,,1.2621139287948608,,0.5052263736724854,,0.08803440630435944
5461.17626953125,,25,,31381,0.5729138255119324,,1.1875739097595215,,0.5026946067810059,,0.08755120635032654,
,5476.0,26,6.880000000819564e-05,31399,,0.49098461866378784,,1.1846150159835815,,0.5054555535316467,,0.08807679265737534
,5476.0,26,6.874482642160729e-05,31449,,0.7946458458900452,,1.3150050640106201,,0.5056694746017456,,0.08812421560287476
,5392.0,26,6.868965283501893e-05,31499,,0.6298023462295532,,1.4324405193328857,,0.505897045135498,,0.08816438913345337
,5468.0,26,6.863447924843058e-05,31549,,0.6697471737861633,,1.3137308359146118,,0.506118655204773,,0.08819545060396194
,5528.0,26,6.857931293779984e-05,31599,,0.5657989382743835,,0.9460080862045288,,0.5063388347625732,,0.08823125064373016
,5448.0,26,6.852413935121149e-05,31649,,0.7062228322029114,,1.3625166416168213,,0.5065469145774841,,0.08827358484268188
,5440.0,26,6.846896576462314e-05,31699,,0.5378994345664978,,1.400123953819275,,0.5067630410194397,,0.08832446485757828
,5444.0,26,6.841379217803478e-05,31749,,0.644519031047821,,1.2628569602966309,,0.506966233253479,,0.08836174756288528
,5504.0,26,6.835861859144643e-05,31799,,0.6824079751968384,,1.405917763710022,,0.5071839094161987,,0.08840909600257874
,5504.0,26,6.830344500485808e-05,31849,,0.6423921585083008,,1.079203724861145,,0.5074001550674438,,0.08845916390419006
,5484.0,26,6.824827869422734e-05,31899,,0.4739876389503479,,0.9702020883560181,,0.5076073408126831,,0.0885031670331955
,5400.0,26,6.819310510763898e-05,31949,,0.5605496764183044,,0.9450228214263916,,0.5078263282775879,,0.0885566994547844
,5376.0,26,6.813793152105063e-05,31999,,0.5750753879547119,,1.645799160003662,,0.5080467462539673,,0.08860284090042114
,5428.0,26,6.808275793446228e-05,32049,,0.6554673910140991,,0.8876734375953674,,0.5082705616950989,,0.08864296227693558
,5476.0,26,6.802758434787393e-05,32099,,0.5708185434341431,,0.88027423620224,,0.5085019469261169,,0.08868759870529175
,5400.0,26,6.797241076128557e-05,32149,,0.5266149640083313,,1.4914554357528687,,0.5087202191352844,,0.08871699124574661
,5508.0,26,6.791724445065483e-05,32199,,0.6117215752601624,,0.854408860206604,,0.5089364051818848,,0.08875185251235962
,5480.0,26,6.786207086406648e-05,32249,,0.4926523268222809,,1.0824581384658813,,0.5091509222984314,,0.08878688514232635
,5480.0,26,6.780689727747813e-05,32299,,0.6478621959686279,,1.506102442741394,,0.5093684196472168,,0.08881871402263641
,5468.0,26,6.775172369088978e-05,32349,,0.6537269353866577,,1.0927332639694214,,0.5095772743225098,,0.08884729444980621
,5532.0,26,6.769655010430142e-05,32399,,0.5719171762466431,,1.532149076461792,,0.509788453578949,,0.08888277411460876
,5460.0,26,6.764137651771307e-05,32449,,0.7144560217857361,,1.099391222000122,,0.5100058317184448,,0.08891929686069489
,5396.0,26,6.758621020708233e-05,32499,,0.6093462109565735,,0.7667246460914612,,0.510227382183075,,0.08896563202142715
,5528.0,26,6.753103662049398e-05,32549,,0.6769837737083435,,1.470910668373108,,0.5104302167892456,,0.08900555968284607
5462.18798828125,,26,,32588,0.6142503023147583,,1.178717851638794,,0.5080496072769165,,0.08857190608978271,
,5484.0,27,6.747586303390563e-05,32599,,0.6314716339111328,,1.1151286363601685,,0.5106561183929443,,0.0890451967716217
,5476.0,27,6.742068944731727e-05,32649,,0.5044954419136047,,1.4056546688079834,,0.5108692646026611,,0.08908587694168091
,5476.0,27,6.736551586072892e-05,32699,,0.59371018409729,,1.1395456790924072,,0.5110838413238525,,0.08912824839353561
,5388.0,27,6.731034227414057e-05,32749,,0.49099645018577576,,1.1285955905914307,,0.5112920999526978,,0.0891532301902771
,5484.0,27,6.725517596350983e-05,32799,,0.6206135153770447,,1.1691758632659912,,0.5115054845809937,,0.08918307721614838
,5480.0,27,6.720000237692147e-05,32849,,0.6033040881156921,,1.1460105180740356,,0.5117003321647644,,0.08920539915561676
,5508.0,27,6.714482879033312e-05,32899,,0.6264349818229675,,1.2272087335586548,,0.5119069218635559,,0.08925160765647888
,5512.0,27,6.708965520374477e-05,32949,,0.644061267375946,,1.2497154474258423,,0.5121275186538696,,0.08929197490215302
,5476.0,27,6.703448161715642e-05,32999,,0.5321240425109863,,0.8079152703285217,,0.5123457312583923,,0.08932290971279144
,5412.0,27,6.697930803056806e-05,33049,,0.7150911092758179,,1.2828556299209595,,0.5125604867935181,,0.08936597406864166
,5436.0,27,6.692413444397971e-05,33099,,0.5803152918815613,,0.992357075214386,,0.5127719044685364,,0.08941665291786194
,5476.0,27,6.686896813334897e-05,33149,,0.606537938117981,,1.1575522422790527,,0.5129774808883667,,0.0894479900598526
,5384.0,27,6.681379454676062e-05,33199,,0.6551574468612671,,1.4028352499008179,,0.5131906270980835,,0.08948592841625214
,5404.0,27,6.675862096017227e-05,33249,,0.6207674741744995,,1.060426115989685,,0.5133829116821289,,0.08951172232627869
,5448.0,27,6.670344737358391e-05,33299,,0.6311535835266113,,1.3309826850891113,,0.5135921835899353,,0.08954920619726181
,5520.0,27,6.664827378699556e-05,33349,,0.6901699900627136,,1.3892782926559448,,0.5137946009635925,,0.08958479762077332
,5464.0,27,6.659310020040721e-05,33399,,0.6852104663848877,,1.44410240650177,,0.5139956474304199,,0.08962053060531616
,5472.0,27,6.653793388977647e-05,33449,,0.6458196640014648,,1.1587998867034912,,0.5141963958740234,,0.0896558165550232
,5444.0,27,6.648276030318812e-05,33499,,0.7166983485221863,,0.8421958684921265,,0.5144040584564209,,0.08968886733055115
,5500.0,27,6.642758671659976e-05,33549,,0.5967370271682739,,1.34690523147583,,0.5145872831344604,,0.08971671015024185
,5428.0,27,6.637241313001141e-05,33599,,0.5765121579170227,,1.0801223516464233,,0.514793336391449,,0.08975041657686234
,5400.0,27,6.631723954342306e-05,33649,,0.8636042475700378,,1.029349446296692,,0.5150044560432434,,0.0897814929485321
,5476.0,27,6.62620659568347e-05,33699,,0.6008065938949585,,1.0803651809692383,,0.515213668346405,,0.08980734646320343
,5436.0,27,6.620689964620396e-05,33749,,0.5116057395935059,,1.2479859590530396,,0.5154205560684204,,0.08983059227466583
5460.94775390625,,27,,33795,0.6313875317573547,,1.148170828819275,,0.5131847858428955,,0.08947491645812988,
,5448.0,28,6.615172605961561e-05,33799,,0.6045295596122742,,1.141998529434204,,0.5156217217445374,,0.08986887335777283
,5480.0,28,6.609655247302726e-05,33849,,0.5879501104354858,,0.8516451120376587,,0.5158372521400452,,0.0899156928062439
,5448.0,28,6.60413788864389e-05,33899,,0.6913525462150574,,1.0779668092727661,,0.5160225033760071,,0.08994026482105255
,5456.0,28,6.598620529985055e-05,33949,,0.7602413296699524,,1.0788699388504028,,0.5162224769592285,,0.08997273445129395
,5484.0,28,6.59310317132622e-05,33999,,0.6687111258506775,,1.1129119396209717,,0.5164328217506409,,0.09000996500253677
,5444.0,28,6.587586540263146e-05,34049,,0.5601300001144409,,1.323410153388977,,0.5166402459144592,,0.09004302322864532
,5452.0,28,6.582069181604311e-05,34099,,0.6414681673049927,,1.5718390941619873,,0.5168353915214539,,0.09007522463798523
,5492.0,28,6.576551822945476e-05,34149,,0.5616472363471985,,0.9860740900039673,,0.5170484185218811,,0.09012538194656372
,5480.0,28,6.57103446428664e-05,34199,,0.6968199610710144,,1.0545119047164917,,0.5172456502914429,,0.09017257392406464
,5468.0,28,6.565517105627805e-05,34249,,0.5407299399375916,,1.1949394941329956,,0.517441987991333,,0.09020329266786575
,5488.0,28,6.55999974696897e-05,34299,,0.774793803691864,,1.1250332593917847,,0.5176445245742798,,0.09024918079376221
,5456.0,28,6.554483115905896e-05,34349,,0.5912240147590637,,0.9014254808425903,,0.5178509950637817,,0.09029705822467804
,5504.0,28,6.54896575724706e-05,34399,,0.5524827837944031,,1.191111445426941,,0.5180424451828003,,0.0903359204530716
,5456.0,28,6.543448398588225e-05,34449,,0.6315135955810547,,1.1541653871536255,,0.5182318687438965,,0.09036096185445786
,5476.0,28,6.53793103992939e-05,34499,,0.8048573136329651,,1.3210830688476562,,0.5184195041656494,,0.09039853513240814
,5452.0,28,6.532413681270555e-05,34549,,0.592038094997406,,1.1707693338394165,,0.5186167359352112,,0.09044405072927475
,5504.0,28,6.52689632261172e-05,34599,,0.5904603004455566,,0.9424577951431274,,0.5188131332397461,,0.09049318730831146
,5416.0,28,6.521378963952884e-05,34649,,0.7029727697372437,,1.130128026008606,,0.5190086364746094,,0.09053334593772888
,5476.0,28,6.51586233288981e-05,34699,,0.6354798078536987,,0.8819112777709961,,0.5191974639892578,,0.09058186411857605
,5476.0,28,6.510344974230975e-05,34749,,0.6418453454971313,,1.0735446214675903,,0.5193928480148315,,0.09063217043876648
,5484.0,28,6.50482761557214e-05,34799,,0.6337926983833313,,0.7779815793037415,,0.5195977687835693,,0.09067904949188232
,5496.0,28,6.499310256913304e-05,34849,,0.5508784055709839,,0.713529109954834,,0.5197986364364624,,0.09073570370674133
,5416.0,28,6.493792898254469e-05,34899,,0.7100266814231873,,0.8655036091804504,,0.5200018882751465,,0.0907910019159317
,5368.0,28,6.488275539595634e-05,34949,,0.6269470453262329,,1.253710389137268,,0.5201952457427979,,0.09083934873342514
,5408.0,28,6.48275890853256e-05,34999,,0.6806801557540894,,1.0365947484970093,,0.5203783512115479,,0.09088338911533356
5461.65185546875,,28,,35002,0.6520103216171265,,1.1285974979400635,,0.5180757641792297,,0.09035100042819977,
,5364.0,29,6.477241549873725e-05,35049,,0.6500934362411499,,1.1369010210037231,,0.5205718278884888,,0.09093344956636429
,5524.0,29,6.471724191214889e-05,35099,,0.5347080826759338,,1.295794129371643,,0.5207699537277222,,0.09098352491855621
,5544.0,29,6.466206832556054e-05,35149,,0.5589521527290344,,1.0758404731750488,,0.5209702849388123,,0.09102872014045715
,5496.0,29,6.460689473897219e-05,35199,,0.7505323886871338,,0.9083235859870911,,0.5211623311042786,,0.0910714715719223
,5540.0,29,6.455172115238383e-05,35249,,0.5170400142669678,,1.025915265083313,,0.5213503837585449,,0.09111299365758896
,5452.0,29,6.44965548417531e-05,35299,,0.5758816003799438,,1.3856841325759888,,0.5215334892272949,,0.09116004407405853
,5400.0,29,6.444138125516474e-05,35349,,0.6799290776252747,,1.2636812925338745,,0.5217276811599731,,0.09120982885360718
,5400.0,29,6.438620766857639e-05,35399,,0.609002947807312,,0.9771155714988708,,0.5219178199768066,,0.09125253558158875
,5436.0,29,6.433103408198804e-05,35449,,0.7108514904975891,,0.9347590208053589,,0.5221028327941895,,0.09129348397254944
,5424.0,29,6.427586049539968e-05,35499,,0.6756688952445984,,1.0994384288787842,,0.5223017334938049,,0.09135850518941879
,5492.0,29,6.422068690881133e-05,35549,,0.7603886723518372,,1.1112360954284668,,0.5224766135215759,,0.09140101075172424
,5464.0,29,6.416552059818059e-05,35599,,0.6113764047622681,,1.2318179607391357,,0.5226660370826721,,0.09145202487707138
,5508.0,29,6.411034701159224e-05,35649,,0.6370142102241516,,0.7755794525146484,,0.5228601694107056,,0.09149844944477081
,5460.0,29,6.405517342500389e-05,35699,,0.7937473058700562,,0.8922818303108215,,0.5230480432510376,,0.09155063331127167
,5480.0,29,6.399999983841553e-05,35749,,0.6725181937217712,,0.9627776145935059,,0.5232478380203247,,0.09160593152046204
,5404.0,29,6.394482625182718e-05,35799,,0.6312899589538574,,0.8056389689445496,,0.5234388709068298,,0.0916573777794838
,5472.0,29,6.388965266523883e-05,35849,,0.6311761736869812,,0.9274822473526001,,0.5236234664916992,,0.09170868992805481
,5460.0,29,6.383448635460809e-05,35899,,0.8008555769920349,,1.0469601154327393,,0.5238128304481506,,0.09176334738731384
,5448.0,29,6.377931276801974e-05,35949,,0.7558078169822693,,1.0619264841079712,,0.5240119695663452,,0.09181137382984161
,5444.0,29,6.372413918143138e-05,35999,,0.8345106244087219,,1.1833264827728271,,0.5241962671279907,,0.09185115247964859
,5496.0,29,6.366896559484303e-05,36049,,0.5593483448028564,,1.2341450452804565,,0.5243786573410034,,0.09189526736736298
,5364.0,29,6.361379200825468e-05,36099,,0.6432947516441345,,1.1106451749801636,,0.5245540142059326,,0.0919325202703476
,5400.0,29,6.355861842166632e-05,36149,,0.6644648909568787,,1.3330469131469727,,0.5247288942337036,,0.09196491539478302
,5484.0,29,6.350344483507797e-05,36199,,0.7156982421875,,1.251530408859253,,0.5249114036560059,,0.09200184047222137
5461.29736328125,,29,,36209,0.6773185133934021,,1.1229771375656128,,0.522750973701477,,0.09147138893604279,
,5432.0,30,6.344827852444723e-05,36249,,0.7210597991943359,,1.4737685918807983,,0.5251020193099976,,0.09204497188329697
,5492.0,30,6.339310493785888e-05,36299,,0.5715016722679138,,1.2177857160568237,,0.5252947807312012,,0.09208527207374573
,5544.0,30,6.333793135127053e-05,36349,,0.8153958320617676,,1.3237701654434204,,0.5254799723625183,,0.0921281948685646
,5464.0,30,6.328275776468217e-05,36399,,0.5856760144233704,,1.0054553747177124,,0.5256734490394592,,0.0921650305390358
,5492.0,30,6.322758417809382e-05,36449,,0.7307679653167725,,0.832597553730011,,0.525852382183075,,0.09220470488071442
,5488.0,30,6.317241059150547e-05,36499,,0.5790219306945801,,1.147375464439392,,0.52604079246521,,0.09224078804254532
,5492.0,30,6.311724428087473e-05,36549,,0.7909621000289917,,0.9671251177787781,,0.5262162089347839,,0.09227336198091507
,5428.0,30,6.306207069428638e-05,36599,,0.6798685789108276,,1.02556312084198,,0.5263985395431519,,0.09231533855199814
,5528.0,30,6.300689710769802e-05,36649,,0.6278522610664368,,1.1682511568069458,,0.5265799164772034,,0.09235943853855133
,5504.0,30,6.295172352110967e-05,36699,,0.7239503264427185,,1.0268185138702393,,0.5267676115036011,,0.0924040675163269
,5468.0,30,6.289654993452132e-05,36749,,0.7539355754852295,,1.4040336608886719,,0.5269445180892944,,0.09244324266910553
,5472.0,30,6.284137634793296e-05,36799,,0.649214506149292,,0.8154795169830322,,0.5271275639533997,,0.09248511493206024
,5524.0,30,6.278621003730223e-05,36849,,0.6931060552597046,,0.8766855597496033,,0.5273122191429138,,0.092522032558918
,5420.0,30,6.273103645071387e-05,36899,,0.670538067817688,,0.9286903738975525,,0.5274909734725952,,0.0925646424293518
,5504.0,30,6.267586286412552e-05,36949,,0.6998859643936157,,0.8081105947494507,,0.52767014503479,,0.09260591864585876
,5496.0,30,6.262068927753717e-05,36999,,0.9469058513641357,,1.213847041130066,,0.5278576612472534,,0.09264025837182999
,5472.0,30,6.256551569094881e-05,37049,,0.674855649471283,,1.3099777698516846,,0.5280405879020691,,0.09268387407064438
,5512.0,30,6.251034210436046e-05,37099,,0.7102371454238892,,0.9917840957641602,,0.5282158851623535,,0.09272840619087219
,5356.0,30,6.245517579372972e-05,37149,,0.5117730498313904,,1.3274024724960327,,0.5283995866775513,,0.09276266396045685
,5448.0,30,6.240000220714137e-05,37199,,0.6368476152420044,,1.136168122291565,,0.5285771489143372,,0.09280196577310562
,5452.0,30,6.234482862055302e-05,37249,,0.6374944448471069,,1.07284677028656,,0.5287566184997559,,0.09283827990293503
,5428.0,30,6.228965503396466e-05,37299,,0.6402016282081604,,1.271412968635559,,0.528934895992279,,0.0928848385810852
,5480.0,30,6.223448144737631e-05,37349,,1.1090302467346191,,1.0637463331222534,,0.5291190147399902,,0.09292252361774445
,5436.0,30,6.217930786078796e-05,37399,,0.6300294399261475,,1.099604606628418,,0.5293008685112,,0.0929657444357872
5461.23779296875,,30,,37416,0.7094157934188843,,1.1146937608718872,,0.5272289514541626,,0.09250325709581375,
,5400.0,31,6.212414155015722e-05,37449,,0.6981393098831177,,0.8587806820869446,,0.5294756889343262,,0.09300637245178223
,5452.0,31,6.206896796356887e-05,37499,,0.6378887295722961,,1.004347801208496,,0.529649555683136,,0.09303930401802063
,5484.0,31,6.201379437698051e-05,37549,,0.6750133633613586,,1.4127129316329956,,0.5298299789428711,,0.09307542443275452
,5488.0,31,6.195862079039216e-05,37599,,0.8795219659805298,,1.3195096254348755,,0.5300174951553345,,0.09311312437057495
,5404.0,31,6.190344720380381e-05,37649,,0.6911187171936035,,1.255774736404419,,0.5302016735076904,,0.09315323084592819
,5572.0,31,6.184827361721545e-05,37699,,0.6981777548789978,,0.944426417350769,,0.5303736329078674,,0.09318095445632935
,5472.0,31,6.17931000306271e-05,37749,,0.5417928099632263,,1.1821892261505127,,0.5305395126342773,,0.09321744740009308
,5504.0,31,6.173793371999636e-05,37799,,0.648190438747406,,0.9750754833221436,,0.530724287033081,,0.09324916452169418
,5520.0,31,6.168276013340801e-05,37849,,0.7830079793930054,,1.3599237203598022,,0.530902624130249,,0.09327363967895508
,5448.0,31,6.162758654681966e-05,37899,,0.58353590965271,,0.8444109559059143,,0.5310848355293274,,0.09331674128770828
,5440.0,31,6.15724129602313e-05,37949,,0.8396937847137451,,1.1069878339767456,,0.5312652587890625,,0.09334412962198257
,5452.0,31,6.151723937364295e-05,37999,,0.6635434031486511,,0.9336575865745544,,0.5314399003982544,,0.09337875992059708
,5428.0,31,6.14620657870546e-05,38049,,0.7905800342559814,,0.9467289447784424,,0.5316128134727478,,0.09341388195753098
,5444.0,31,6.140689947642386e-05,38099,,0.7557178735733032,,1.0259547233581543,,0.5317844152450562,,0.0934419184923172
,5420.0,31,6.13517258898355e-05,38149,,0.6277549862861633,,1.0712107419967651,,0.5319513082504272,,0.09347350150346756
,5544.0,31,6.129655230324715e-05,38199,,0.8758881092071533,,1.0914218425750732,,0.532127857208252,,0.09350909292697906
,5492.0,31,6.12413787166588e-05,38249,,0.7290155291557312,,1.241154432296753,,0.5322976112365723,,0.09354127198457718
,5460.0,31,6.118620513007045e-05,38299,,0.6962823271751404,,1.1746093034744263,,0.5324772596359253,,0.09358114749193192
,5488.0,31,6.11310315434821e-05,38349,,0.7369117140769958,,0.8674883842468262,,0.5326441526412964,,0.09361475706100464
,5412.0,31,6.107586523285136e-05,38399,,0.6445021033287048,,0.900169849395752,,0.5328153371810913,,0.09364272654056549
,5460.0,31,6.1020688008284196e-05,38449,,0.6600944995880127,,1.3855953216552734,,0.5329954624176025,,0.09367623925209045
,5452.0,31,6.096551805967465e-05,38499,,0.6446200013160706,,1.232000708580017,,0.5331745743751526,,0.0937214270234108
,5452.0,31,6.09103444730863e-05,38549,,0.6895197033882141,,1.057897686958313,,0.5333459377288818,,0.0937509834766388
,5416.0,31,6.0855170886497945e-05,38599,,0.6614398956298828,,0.9883657693862915,,0.5335230231285095,,0.09378267824649811
5462.7275390625,,31,,38623,0.7455857992172241,,1.0965231657028198,,0.5315505266189575,,0.09340261667966843,
,5432.0,32,6.08000009378884e-05,38649,,0.8127695918083191,,1.2628203630447388,,0.5336796045303345,,0.09381557255983353
,5488.0,32,6.0744827351300046e-05,38699,,0.6836850047111511,,1.1086698770523071,,0.5338500142097473,,0.09385572373867035
,5436.0,32,6.068965376471169e-05,38749,,0.8862556219100952,,1.0736857652664185,,0.5340245962142944,,0.09388800710439682
,5444.0,32,6.063448381610215e-05,38799,,0.8040252327919006,,1.0718811750411987,,0.5341908931732178,,0.0939212366938591
,5440.0,32,6.0579310229513794e-05,38849,,0.6133217811584473,,0.8614661693572998,,0.534360408782959,,0.09395242482423782
,5464.0,32,6.052413664292544e-05,38899,,0.6730437278747559,,1.3220090866088867,,0.5345380902290344,,0.09398751705884933
,5476.0,32,6.0468966694315895e-05,38949,,0.777824342250824,,0.9661819338798523,,0.5347166657447815,,0.09402093291282654
,5488.0,32,6.041379310772754e-05,38999,,0.7984557747840881,,1.1707109212875366,,0.5348932147026062,,0.09404677152633667
,5448.0,32,6.035861952113919e-05,39049,,0.7144335508346558,,1.4050376415252686,,0.5350606441497803,,0.0940764844417572
,5424.0,32,6.0303449572529644e-05,39099,,0.8654378056526184,,0.7651365399360657,,0.5352376699447632,,0.09411381185054779
,5444.0,32,6.024827598594129e-05,39149,,0.5474928617477417,,1.0482388734817505,,0.5354037880897522,,0.0941399410367012
,5472.0,32,6.019310239935294e-05,39199,,0.5843503475189209,,1.0443300008773804,,0.5355709195137024,,0.09416264295578003
,5380.0,32,6.013793245074339e-05,39249,,0.7015711665153503,,1.1643552780151367,,0.5357396006584167,,0.09419470280408859
,5448.0,32,6.008275886415504e-05,39299,,0.7091784477233887,,0.9742542505264282,,0.5359148383140564,,0.09422795474529266
,5468.0,32,6.0027585277566686e-05,39349,,0.6492962837219238,,1.1263209581375122,,0.536076545715332,,0.09425082802772522
,5468.0,32,5.997241532895714e-05,39399,,0.8240857720375061,,1.0174124240875244,,0.5362448692321777,,0.09428797662258148
,5416.0,32,5.991724174236879e-05,39449,,0.8339332938194275,,1.0053050518035889,,0.5364170670509338,,0.0943196713924408
,5476.0,32,5.9862068155780435e-05,39499,,0.7183505296707153,,0.9660398364067078,,0.5365813970565796,,0.0943574607372284
,5412.0,32,5.980689820717089e-05,39549,,0.6481146812438965,,1.171172022819519,,0.5367486476898193,,0.09439598023891449
,5480.0,32,5.9751724620582536e-05,39599,,0.9713228940963745,,1.1396713256835938,,0.5369122624397278,,0.09442155063152313
,5388.0,32,5.969655103399418e-05,39649,,0.6590148210525513,,0.9608280062675476,,0.5370716452598572,,0.09445011615753174
,5484.0,32,5.964138108538464e-05,39699,,0.666315495967865,,1.2092134952545166,,0.5372334718704224,,0.09448757767677307
,5428.0,32,5.9586207498796284e-05,39749,,0.786475658416748,,1.0342215299606323,,0.5373917818069458,,0.09451715648174286
,5456.0,32,5.953103391220793e-05,39799,,0.7036184072494507,,1.188755750656128,,0.5375484824180603,,0.0945446714758873
5462.63916015625,,32,,39830,0.7608136534690857,,1.0803734064102173,,0.5357074737548828,,0.09419647604227066,
,5484.0,33,5.947586032561958e-05,39849,,0.6928185224533081,,1.0077074766159058,,0.5377078056335449,,0.09457748383283615
,5480.0,33,5.942069037701003e-05,39899,,0.7094352841377258,,1.0611597299575806,,0.5378736257553101,,0.09460967034101486
,5496.0,33,5.936551679042168e-05,39949,,0.9847297668457031,,1.1673226356506348,,0.5380306243896484,,0.09465247392654419
,5524.0,33,5.931034320383333e-05,39999,,0.8011032938957214,,1.068461537361145,,0.5381968021392822,,0.09469377994537354
,5408.0,33,5.925517325522378e-05,40049,,0.8723973035812378,,1.4492554664611816,,0.5383659601211548,,0.09473983198404312
,5420.0,33,5.919999966863543e-05,40099,,0.8206230998039246,,1.3815944194793701,,0.5385360717773438,,0.094776950776577
,5460.0,33,5.9144826082047075e-05,40149,,0.6424950361251831,,1.2449759244918823,,0.5386927723884583,,0.09481044858694077
,5448.0,33,5.908965613343753e-05,40199,,0.7548081278800964,,1.0789653062820435,,0.5388489365577698,,0.09483851492404938
,5432.0,33,5.9034482546849176e-05,40249,,0.774795413017273,,1.4199708700180054,,0.5390142202377319,,0.0948728621006012
,5408.0,33,5.897930896026082e-05,40299,,0.7513220310211182,,1.2232544422149658,,0.5391732454299927,,0.09490372985601425
,5452.0,33,5.892413901165128e-05,40349,,1.0251303911209106,,1.0116199254989624,,0.5393375158309937,,0.09494232386350632
,5452.0,33,5.8868965425062925e-05,40399,,0.8513630628585815,,1.1510220766067505,,0.5394941568374634,,0.09496589750051498
,5508.0,33,5.881379183847457e-05,40449,,0.7669494152069092,,1.3978755474090576,,0.5396552085876465,,0.09500102698802948
,5472.0,33,5.8758621889865026e-05,40499,,0.9170066118240356,,0.9724250435829163,,0.5398135781288147,,0.09503407031297684
,5544.0,33,5.870344830327667e-05,40549,,0.917488157749176,,0.9521255493164062,,0.5399744510650635,,0.09506616741418839
,5452.0,33,5.864827471668832e-05,40599,,0.7602077126502991,,1.197437047958374,,0.5401341915130615,,0.09510603547096252
,5420.0,33,5.8593104768078774e-05,40649,,0.7968319654464722,,1.3017314672470093,,0.5402844548225403,,0.0951349139213562
,5444.0,33,5.853793118149042e-05,40699,,0.7839788198471069,,1.1531203985214233,,0.5404375195503235,,0.09516240656375885
,5456.0,33,5.848275759490207e-05,40749,,0.7422757744789124,,1.0980839729309082,,0.5406070947647095,,0.09519989788532257
,5412.0,33,5.842758764629252e-05,40799,,0.7893782258033752,,0.952236533164978,,0.5407768487930298,,0.09523680061101913
,5336.0,33,5.837241405970417e-05,40849,,1.0036444664001465,,0.8048602342605591,,0.5409393310546875,,0.09526260942220688
,5472.0,33,5.831724047311582e-05,40899,,1.0267391204833984,,0.7537104487419128,,0.5410990715026855,,0.09529262036085129
,5476.0,33,5.826207052450627e-05,40949,,0.8132045865058899,,1.0714393854141235,,0.5412612557411194,,0.09533075988292694
,5480.0,33,5.820689693791792e-05,40999,,0.6709591746330261,,1.060250163078308,,0.5414209365844727,,0.0953633263707161
5462.3447265625,,33,,41037,0.8027232885360718,,1.0646730661392212,,0.5396578311920166,,0.09499967843294144,
,5464.0,34,5.8151723351329565e-05,41049,,1.035843849182129,,1.0323600769042969,,0.5415818095207214,,0.0954030305147171
,5428.0,34,5.809655340272002e-05,41099,,0.7347044944763184,,1.056575059890747,,0.5417356491088867,,0.09543556720018387
,5460.0,34,5.8041379816131666e-05,41149,,0.817060112953186,,1.0923446416854858,,0.5418933629989624,,0.09546267986297607
,5464.0,34,5.798620622954331e-05,41199,,0.8217656016349792,,1.009804129600525,,0.5420610308647156,,0.09549881517887115
,5480.0,34,5.793103628093377e-05,41249,,0.9297580122947693,,1.0841054916381836,,0.5422175526618958,,0.09553984552621841
,5432.0,34,5.7875862694345415e-05,41299,,0.7532392144203186,,1.378067135810852,,0.5423694849014282,,0.0955902710556984
,5436.0,34,5.782068910775706e-05,41349,,0.8123775720596313,,0.9223434329032898,,0.5425270199775696,,0.09562841802835464
,5508.0,34,5.776551552116871e-05,41399,,0.7584068179130554,,0.8617919683456421,,0.5426855087280273,,0.09566599130630493
,5496.0,34,5.771034557255916e-05,41449,,0.8443654179573059,,0.7243097424507141,,0.5428383350372314,,0.09569867700338364
,5444.0,34,5.765517198597081e-05,41499,,0.7114776968955994,,1.2542139291763306,,0.5429952144622803,,0.09573671966791153
,5480.0,34,5.759999839938246e-05,41549,,0.7750698328018188,,0.993753969669342,,0.5431565642356873,,0.09577371925115585
,5432.0,34,5.754482845077291e-05,41599,,0.6766517162322998,,0.745682954788208,,0.5433171987533569,,0.09582071751356125
,5412.0,34,5.748965486418456e-05,41649,,0.9985712170600891,,1.0984891653060913,,0.543469250202179,,0.09585742652416229
,5520.0,34,5.7434481277596205e-05,41699,,1.1511205434799194,,1.5362727642059326,,0.5436267852783203,,0.09589554369449615
,5408.0,34,5.737931132898666e-05,41749,,0.7541041970252991,,0.7964081168174744,,0.543784499168396,,0.09592827409505844
,5468.0,34,5.732413774239831e-05,41799,,0.7972172498703003,,1.1291662454605103,,0.5439398288726807,,0.09596756845712662
,5516.0,34,5.7268964155809954e-05,41849,,0.7172936797142029,,0.8237045407295227,,0.5440935492515564,,0.09600190818309784
,5480.0,34,5.721379420720041e-05,41899,,0.8130179047584534,,1.0441807508468628,,0.5442562103271484,,0.09604054689407349
,5504.0,34,5.7158620620612055e-05,41949,,0.885002076625824,,0.782252848148346,,0.544407308101654,,0.09607234597206116
,5472.0,34,5.71034470340237e-05,41999,,0.6558482646942139,,1.0992408990859985,,0.5445612668991089,,0.09610563516616821
,5428.0,34,5.7048277085414156e-05,42049,,0.7598839998245239,,0.8849161863327026,,0.5447148084640503,,0.09613925218582153
,5452.0,34,5.6993103498825803e-05,42099,,0.9647740721702576,,1.2557798624038696,,0.5448566675186157,,0.0961647480726242
,5484.0,34,5.693792991223745e-05,42149,,1.0490329265594482,,1.4170409440994263,,0.5450108051300049,,0.09618967771530151
,5484.0,34,5.6882759963627905e-05,42199,,0.861412763595581,,1.302947998046875,,0.5451534986495972,,0.09620674699544907
5460.59326171875,,34,,42244,0.8189591765403748,,1.062573790550232,,0.5434943437576294,,0.09584782272577286,
,5420.0,35,5.682758637703955e-05,42249,,0.7080671191215515,,1.1552953720092773,,0.545300304889679,,0.09623518586158752
,5536.0,35,5.67724127904512e-05,42299,,0.7740527987480164,,1.0132583379745483,,0.545451283454895,,0.09625762701034546
,5452.0,35,5.671724284184165e-05,42349,,0.7936822772026062,,1.1100332736968994,,0.5456022024154663,,0.09628421068191528
,5440.0,35,5.66620692552533e-05,42399,,0.6833553314208984,,0.8422067165374756,,0.5457569360733032,,0.09631596505641937
,5484.0,35,5.660689566866495e-05,42449,,0.6845128536224365,,0.9351447820663452,,0.5459182262420654,,0.09635501354932785
,5548.0,35,5.65517257200554e-05,42499,,0.7561020255088806,,1.0646181106567383,,0.5460703372955322,,0.09639590978622437
,5424.0,35,5.649655213346705e-05,42549,,0.8161301016807556,,1.121270775794983,,0.546215295791626,,0.09642542898654938
,5508.0,35,5.6441378546878695e-05,42599,,0.8535230159759521,,0.9372159838676453,,0.5463608503341675,,0.0964622050523758
,5380.0,35,5.638620859826915e-05,42649,,0.8481115102767944,,1.0701184272766113,,0.5465130805969238,,0.09650097042322159
,5492.0,35,5.63310350116808e-05,42699,,0.8401572704315186,,1.1387298107147217,,0.5466665625572205,,0.09653019905090332
,5472.0,35,5.6275861425092444e-05,42749,,0.8623971343040466,,1.3616679906845093,,0.5468193292617798,,0.09655840694904327
,5388.0,35,5.622068783850409e-05,42799,,0.828425943851471,,0.7527695298194885,,0.5469720363616943,,0.09660055488348007
,5508.0,35,5.6165517889894545e-05,42849,,0.7550365328788757,,0.8484417796134949,,0.5471285581588745,,0.09663020074367523
,5464.0,35,5.611034430330619e-05,42899,,0.8608379364013672,,1.0345500707626343,,0.547274649143219,,0.09666837751865387
,5488.0,35,5.605517071671784e-05,42949,,0.8652333617210388,,0.7883786559104919,,0.5474205613136292,,0.0967060998082161
,5444.0,35,5.6000000768108293e-05,42999,,0.7868667840957642,,0.8669752478599548,,0.5475738048553467,,0.09674113988876343
,5452.0,35,5.594482718151994e-05,43049,,0.905869722366333,,0.9636663794517517,,0.5477204918861389,,0.09677816927433014
,5484.0,35,5.588965359493159e-05,43099,,0.7488719820976257,,1.1671059131622314,,0.5478624105453491,,0.09681475907564163
,5416.0,35,5.583448364632204e-05,43149,,0.7773688435554504,,1.1191197633743286,,0.5480185747146606,,0.0968405157327652
,5504.0,35,5.577931005973369e-05,43199,,0.8456289768218994,,0.8670298457145691,,0.5481716990470886,,0.09686028957366943
,5420.0,35,5.5724136473145336e-05,43249,,0.8744871020317078,,0.9842358827590942,,0.5483234524726868,,0.09688697755336761
,5484.0,35,5.566896652453579e-05,43299,,1.1935445070266724,,1.0951833724975586,,0.5484707951545715,,0.09691217541694641
,5444.0,35,5.561379293794744e-05,43349,,0.7709339261054993,,0.7306989431381226,,0.5486130118370056,,0.09694378077983856
,5480.0,35,5.5558619351359084e-05,43399,,0.9391418695449829,,0.9860221147537231,,0.548751711845398,,0.09696575999259949
,5500.0,35,5.550344940274954e-05,43449,,0.7422204613685608,,1.0972270965576172,,0.5488969087600708,,0.0969833955168724
5461.7880859375,,35,,43451,0.848473846912384,,1.0503219366073608,,0.5471690893173218,,0.09663572162389755,
,5452.0,36,5.5448275816161186e-05,43499,,0.8039278984069824,,1.1740596294403076,,0.5490478277206421,,0.09701573848724365
,5424.0,36,5.539310222957283e-05,43549,,0.8573469519615173,,1.0762660503387451,,0.5491871237754822,,0.09703700244426727
,5548.0,36,5.533793228096329e-05,43599,,0.7513380646705627,,1.0686440467834473,,0.5493310689926147,,0.09705803543329239
,5452.0,36,5.5282758694374934e-05,43649,,0.8152502775192261,,0.7579997777938843,,0.5494736433029175,,0.09707780182361603
,5408.0,36,5.522758510778658e-05,43699,,0.9631236791610718,,1.2611960172653198,,0.5496240854263306,,0.09709757566452026
,5468.0,36,5.5172415159177035e-05,43749,,0.8974736332893372,,0.6857549548149109,,0.5497719645500183,,0.09712517261505127
,5488.0,36,5.511724157258868e-05,43799,,0.8579016923904419,,1.1154215335845947,,0.5499154925346375,,0.09714971482753754
,5456.0,36,5.506206798600033e-05,43849,,1.056901454925537,,1.089582920074463,,0.5500619411468506,,0.09718143194913864
,5504.0,36,5.5006898037390783e-05,43899,,0.9768526554107666,,1.013782024383545,,0.5502042770385742,,0.09721149504184723
,5412.0,36,5.495172445080243e-05,43949,,0.7198706269264221,,1.0811231136322021,,0.5503504276275635,,0.09723842144012451
,5488.0,36,5.489655086421408e-05,43999,,0.8644033074378967,,1.2357662916183472,,0.550489068031311,,0.09725691378116608
,5452.0,36,5.484138091560453e-05,44049,,0.8004578351974487,,1.5596542358398438,,0.5506196022033691,,0.0972725972533226
,5496.0,36,5.478620732901618e-05,44099,,0.9331285357475281,,0.8453720211982727,,0.5507711172103882,,0.09730085730552673
,5480.0,36,5.4731033742427826e-05,44149,,0.8266420364379883,,1.1570134162902832,,0.5509100556373596,,0.09732464700937271
,5428.0,36,5.467586379381828e-05,44199,,0.751979649066925,,1.1046475172042847,,0.5510596632957458,,0.09735606610774994
,5520.0,36,5.462069020722993e-05,44249,,1.0730295181274414,,0.8905944228172302,,0.5512053370475769,,0.09737478196620941
,5376.0,36,5.4565516620641574e-05,44299,,0.7499452233314514,,0.7940830588340759,,0.5513535737991333,,0.0974045842885971
,5444.0,36,5.451034303405322e-05,44349,,0.909171998500824,,1.2952651977539062,,0.551488995552063,,0.0974220559000969
,5484.0,36,5.4455173085443676e-05,44399,,0.6960941553115845,,0.9316017031669617,,0.5516393184661865,,0.0974530279636383
,5528.0,36,5.439999949885532e-05,44449,,0.9779730439186096,,0.7680644392967224,,0.551776111125946,,0.09747031331062317
,5388.0,36,5.434482591226697e-05,44499,,0.8043287396430969,,1.005744218826294,,0.5519225001335144,,0.09749308228492737
,5476.0,36,5.4289655963657424e-05,44549,,0.846403181552887,,1.055087685585022,,0.5520689487457275,,0.09751930832862854
,5468.0,36,5.423448237706907e-05,44599,,1.0792076587677002,,0.8744300007820129,,0.552216649055481,,0.0975424274802208
,5500.0,36,5.417930879048072e-05,44649,,0.7095459699630737,,0.8842206597328186,,0.5523514747619629,,0.09757380932569504
5461.74462890625,,36,,44658,0.8650304675102234,,1.040459156036377,,0.5507046580314636,,0.09729045629501343,
,5496.0,37,5.412413884187117e-05,44699,,0.824562668800354,,0.6802223920822144,,0.5524969100952148,,0.09760496020317078
,5424.0,37,5.406896525528282e-05,44749,,1.0271804332733154,,1.1662719249725342,,0.5526323914527893,,0.09762994945049286
,5448.0,37,5.4013791668694466e-05,44799,,0.8029361963272095,,0.8862611651420593,,0.552768349647522,,0.09765102714300156
,5424.0,37,5.395862172008492e-05,44849,,0.7238608598709106,,1.3341221809387207,,0.5529065728187561,,0.09767506271600723
,5440.0,37,5.390344813349657e-05,44899,,0.8177509903907776,,0.9691715240478516,,0.5530501008033752,,0.09771043807268143
,5516.0,37,5.3848274546908215e-05,44949,,0.9949886202812195,,0.6774255633354187,,0.5532034635543823,,0.09773577749729156
,5416.0,37,5.379310459829867e-05,44999,,0.9332166314125061,,1.0611281394958496,,0.5533510446548462,,0.0977669209241867
,5464.0,37,5.3737931011710316e-05,45049,,0.9597724676132202,,1.5498348474502563,,0.553483784198761,,0.09779557585716248
,5472.0,37,5.368275742512196e-05,45099,,0.8504394292831421,,0.6586551666259766,,0.5536237955093384,,0.09782430529594421
,5460.0,37,5.362758747651242e-05,45149,,1.068325400352478,,0.9325998425483704,,0.5537691116333008,,0.09785907715559006
,5440.0,37,5.3572413889924064e-05,45199,,0.938647449016571,,1.0853573083877563,,0.5539082288742065,,0.09788469225168228
,5476.0,37,5.351724030333571e-05,45249,,0.8365345001220703,,1.1337039470672607,,0.5540510416030884,,0.09791246056556702
,5476.0,37,5.3462070354726166e-05,45299,,0.8787643313407898,,1.4611179828643799,,0.5541873574256897,,0.09793718159198761
,5432.0,37,5.340689676813781e-05,45349,,0.7363247871398926,,0.934191882610321,,0.5543218851089478,,0.09796178340911865
,5464.0,37,5.335172318154946e-05,45399,,0.8227980136871338,,1.3438825607299805,,0.5544576048851013,,0.09797985851764679
,5428.0,37,5.3296553232939914e-05,45449,,0.7702180743217468,,1.0363914966583252,,0.5545881986618042,,0.09800320118665695
,5492.0,37,5.324137964635156e-05,45499,,0.9214527010917664,,1.35435950756073,,0.5547268390655518,,0.09802500158548355
,5456.0,37,5.318620605976321e-05,45549,,0.8763313889503479,,0.9140545129776001,,0.5548626184463501,,0.09805454313755035
,5508.0,37,5.313103611115366e-05,45599,,0.9913619756698608,,0.9775473475456238,,0.555000901222229,,0.0980813056230545
,5392.0,37,5.307586252456531e-05,45649,,0.9412321448326111,,0.9290899634361267,,0.5551380515098572,,0.0981026142835617
,5408.0,37,5.3020688937976956e-05,45699,,0.9459848999977112,,0.8969592452049255,,0.5552828907966614,,0.09813083708286285
,5456.0,37,5.296551898936741e-05,45749,,1.1480906009674072,,1.0273007154464722,,0.5554138422012329,,0.0981588214635849
,5460.0,37,5.291034540277906e-05,45799,,0.9305064082145691,,1.1839395761489868,,0.5555525422096252,,0.09818680584430695
,5496.0,37,5.2855171816190705e-05,45849,,1.0297019481658936,,1.2181038856506348,,0.5556848049163818,,0.09821370989084244
5462.1474609375,,37,,45865,0.9120855927467346,,1.0281634330749512,,0.5541263222694397,,0.097915880382061,
,5464.0,38,5.279999822960235e-05,45899,,0.869864821434021,,0.931569516658783,,0.5558205842971802,,0.09823935478925705
,5492.0,38,5.2744828280992806e-05,45949,,0.8729109764099121,,1.0451669692993164,,0.5559576749801636,,0.09827254712581635
,5480.0,38,5.268965469440445e-05,45999,,0.8752317428588867,,1.1951591968536377,,0.5560915470123291,,0.09830175340175629
,5460.0,38,5.26344811078161e-05,46049,,0.8106957674026489,,1.1531394720077515,,0.5562290549278259,,0.09833266586065292
,5416.0,38,5.2579311159206554e-05,46099,,0.9868465065956116,,0.9192870855331421,,0.5563631653785706,,0.09836167842149734
,5480.0,38,5.25241375726182e-05,46149,,0.8001319169998169,,0.9955039620399475,,0.5565040111541748,,0.09839209169149399
,5452.0,38,5.246896398602985e-05,46199,,1.0007869005203247,,1.0552384853363037,,0.5566385388374329,,0.09842683374881744
,5452.0,38,5.24137940374203e-05,46249,,0.8795678019523621,,1.0357595682144165,,0.5567748546600342,,0.09845609962940216
,5504.0,38,5.235862045083195e-05,46299,,0.9484416246414185,,0.9179832935333252,,0.5569140911102295,,0.09849176555871964
,5448.0,38,5.23034468642436e-05,46349,,0.9121778607368469,,1.1211347579956055,,0.5570396184921265,,0.09850739687681198
,5464.0,38,5.224827691563405e-05,46399,,0.8441711664199829,,0.9676589369773865,,0.5571759939193726,,0.098536416888237
,5384.0,38,5.21931033290457e-05,46449,,0.8730193972587585,,1.0008817911148071,,0.557312548160553,,0.09856149554252625
,5512.0,38,5.2137929742457345e-05,46499,,0.8431057333946228,,1.0397573709487915,,0.5574531555175781,,0.09858481585979462
,5488.0,38,5.20827597938478e-05,46549,,0.9527360200881958,,1.0486297607421875,,0.5575878024101257,,0.09861265867948532
,5424.0,38,5.2027586207259446e-05,46599,,1.1001002788543701,,1.193619966506958,,0.5577197074890137,,0.0986422747373581
,5508.0,38,5.1972412620671093e-05,46649,,0.8586337566375732,,1.1372286081314087,,0.5578519105911255,,0.09867703914642334
,5480.0,38,5.191724267206155e-05,46699,,0.8779098391532898,,0.8820744156837463,,0.5579824447631836,,0.09870663285255432
,5484.0,38,5.1862069085473195e-05,46749,,1.1146278381347656,,0.7305939197540283,,0.5581106543540955,,0.09873325377702713
,5448.0,38,5.180689549888484e-05,46799,,0.6967480182647705,,1.2502654790878296,,0.5582436919212341,,0.09876648336648941
,5508.0,38,5.1751725550275296e-05,46849,,0.949234127998352,,0.9852648377418518,,0.5583701133728027,,0.09879126399755478
,5472.0,38,5.169655196368694e-05,46899,,0.9368936419487,,1.061988353729248,,0.558510422706604,,0.09882118552923203
,5448.0,38,5.164137837709859e-05,46949,,0.8327423930168152,,1.0222080945968628,,0.5586361289024353,,0.09885317087173462
,5428.0,38,5.1586208428489044e-05,46999,,0.7325080037117004,,0.7637471556663513,,0.5587747097015381,,0.09888418763875961
,5528.0,38,5.153103484190069e-05,47049,,1.06150221824646,,1.0677525997161865,,0.5589094758033752,,0.09891914576292038
5462.15234375,,38,,47072,0.9500510692596436,,1.0248920917510986,,0.5574173331260681,,0.09858514368534088,
,5412.0,39,5.147586125531234e-05,47099,,1.0950819253921509,,1.0328290462493896,,0.559036374092102,,0.09894357621669769
,5484.0,39,5.142069130670279e-05,47149,,0.9125295877456665,,0.6757711172103882,,0.5591757297515869,,0.09897127747535706
,5424.0,39,5.136551772011444e-05,47199,,0.9331040978431702,,1.1023021936416626,,0.5593087077140808,,0.09899865090847015
,5464.0,39,5.131034413352609e-05,47249,,0.8880863189697266,,1.1209633350372314,,0.5594288110733032,,0.09902328252792358
,5456.0,39,5.125517418491654e-05,47299,,1.007404088973999,,1.2415317296981812,,0.5595634579658508,,0.09904095530509949
,5516.0,39,5.120000059832819e-05,47349,,0.8308270573616028,,1.0766527652740479,,0.5596919655799866,,0.09906564652919769
,5476.0,39,5.1144827011739835e-05,47399,,1.0800524950027466,,1.0195410251617432,,0.5598255395889282,,0.09908738732337952
,5412.0,39,5.108965342515148e-05,47449,,0.8742789030075073,,0.8786820769309998,,0.5599565505981445,,0.0991000086069107
,5528.0,39,5.1034483476541936e-05,47499,,0.80787193775177,,0.8321421146392822,,0.5600900053977966,,0.09912088513374329
,5424.0,39,5.0979309889953583e-05,47549,,0.936034083366394,,1.039790153503418,,0.5602229833602905,,0.09913935512304306
,5460.0,39,5.092413630336523e-05,47599,,0.8573757410049438,,0.8526508212089539,,0.5603495836257935,,0.09915846586227417
,5396.0,39,5.0868966354755685e-05,47649,,0.780832827091217,,1.2044849395751953,,0.5604739785194397,,0.09917691349983215
,5492.0,39,5.081379276816733e-05,47699,,1.0929319858551025,,0.8979273438453674,,0.5606061220169067,,0.09919470548629761
,5492.0,39,5.075861918157898e-05,47749,,0.8007310032844543,,1.244956612586975,,0.5607322454452515,,0.09921301156282425
,5460.0,39,5.070344923296943e-05,47799,,0.8197064399719238,,1.072265625,,0.5608668327331543,,0.09923377633094788
,5424.0,39,5.064827564638108e-05,47849,,0.9020092487335205,,0.9665884375572205,,0.5609853267669678,,0.09925250709056854
,5448.0,39,5.059310205979273e-05,47899,,0.9863025546073914,,0.8952536582946777,,0.5611123442649841,,0.09927242994308472
,5480.0,39,5.053793211118318e-05,47949,,0.970132052898407,,0.7088873982429504,,0.5612479448318481,,0.09929822385311127
,5464.0,39,5.048275852459483e-05,47999,,0.9177890419960022,,0.7295727133750916,,0.5613840222358704,,0.09932146966457367
,5436.0,39,5.0427584938006476e-05,48049,,0.8907409906387329,,0.9813059568405151,,0.5615066885948181,,0.0993456095457077
,5456.0,39,5.037241498939693e-05,48099,,1.1478346586227417,,0.985092043876648,,0.5616443753242493,,0.09936849027872086
,5420.0,39,5.031724140280858e-05,48149,,0.8981286883354187,,0.9826300144195557,,0.5617681741714478,,0.09938213974237442
,5476.0,39,5.0262067816220224e-05,48199,,0.7384132146835327,,1.052927017211914,,0.5618975758552551,,0.09940068423748016
,5420.0,39,5.020689786761068e-05,48249,,0.8294165730476379,,0.8361340165138245,,0.5620173215866089,,0.09941115975379944
5462.95947265625,,39,,48279,0.9569496512413025,,1.0112560987472534,,0.5606001615524292,,0.09919939935207367,
,5456.0,40,5.0151724281022325e-05,48299,,0.9643635153770447,,1.0394960641860962,,0.5621394515037537,,0.09942954778671265
,5460.0,40,5.009655069443397e-05,48349,,1.0386935472488403,,1.031724452972412,,0.5622717142105103,,0.09945168346166611
,5432.0,40,5.0041380745824426e-05,48399,,1.057726502418518,,0.9567000865936279,,0.5624004006385803,,0.09947475045919418
,5432.0,40,4.9986207159236073e-05,48449,,1.2737945318222046,,0.9273549318313599,,0.5625298023223877,,0.09949059784412384
,5456.0,40,4.993103357264772e-05,48499,,0.8514798283576965,,1.1719226837158203,,0.5626507997512817,,0.09950315952301025
,5460.0,40,4.9875863624038175e-05,48549,,0.9151526093482971,,0.9231761693954468,,0.5627759695053101,,0.09951914846897125
,5500.0,40,4.982069003744982e-05,48599,,0.6728053092956543,,0.9259704351425171,,0.5629006028175354,,0.09953079372644424
,5496.0,40,4.976551645086147e-05,48649,,1.0604463815689087,,0.8355216383934021,,0.5630316138267517,,0.09954215586185455
,5560.0,40,4.971034650225192e-05,48699,,0.9380640387535095,,1.1155622005462646,,0.5631515979766846,,0.09955748915672302
,5516.0,40,4.965517291566357e-05,48749,,1.051010012626648,,1.0155839920043945,,0.5632721185684204,,0.09957348555326462
,5484.0,40,4.959999932907522e-05,48799,,1.0033423900604248,,1.3572264909744263,,0.5633957982063293,,0.09958995878696442
,5528.0,40,4.954482938046567e-05,48849,,0.9711384773254395,,1.3219003677368164,,0.5635206699371338,,0.09959974884986877
,5492.0,40,4.948965579387732e-05,48899,,1.1117671728134155,,0.791086733341217,,0.5636535286903381,,0.09961264580488205
,5400.0,40,4.9434482207288966e-05,48949,,0.9708168506622314,,0.7699977159500122,,0.5637844204902649,,0.09962692111730576
,5492.0,40,4.937930862070061e-05,48999,,0.9572056531906128,,0.9329650402069092,,0.5639054775238037,,0.099643774330616
,5480.0,40,4.932413867209107e-05,49049,,0.9910246729850769,,1.2100775241851807,,0.5640255808830261,,0.09965527057647705
,5460.0,40,4.9268965085502714e-05,49099,,1.2019662857055664,,1.0533576011657715,,0.5641556978225708,,0.09967084974050522
,5492.0,40,4.921379149891436e-05,49149,,0.90677809715271,,0.9887348413467407,,0.5642741918563843,,0.09968085587024689
,5500.0,40,4.9158621550304815e-05,49199,,1.076165795326233,,1.171884298324585,,0.5644031763076782,,0.09969919919967651
,5504.0,40,4.910344796371646e-05,49249,,1.0971806049346924,,0.7415253520011902,,0.5645357370376587,,0.09971743822097778
,5436.0,40,4.904827437712811e-05,49299,,1.024396300315857,,0.8769993782043457,,0.5646556615829468,,0.09972134232521057
,5440.0,40,4.8993104428518564e-05,49349,,1.1164087057113647,,0.8525173664093018,,0.5647814273834229,,0.09973657131195068
,5448.0,40,4.893793084193021e-05,49399,,0.9908548593521118,,1.3497058153152466,,0.5649073123931885,,0.09975515305995941
,5424.0,40,4.888275725534186e-05,49449,,0.9692397117614746,,0.6794671416282654,,0.5650324821472168,,0.09977028518915176
5463.11376953125,,40,,49486,0.9913509488105774,,1.006030797958374,,0.5636707544326782,,0.09961941093206406,
,5480.0,41,4.882758730673231e-05,49499,,1.1957560777664185,,0.8967376947402954,,0.5651541948318481,,0.09978237748146057
,5500.0,41,4.877241372014396e-05,49549,,0.9548030495643616,,1.0595495700836182,,0.5652821063995361,,0.09979414194822311
,5496.0,41,4.8717240133555606e-05,49599,,0.8987720608711243,,0.6329100728034973,,0.5654118061065674,,0.09981231391429901
,5464.0,41,4.866207018494606e-05,49649,,0.9453773498535156,,1.0399423837661743,,0.5655353665351868,,0.09982509911060333
,5508.0,41,4.860689659835771e-05,49699,,0.8572573661804199,,0.9244140386581421,,0.565658688545227,,0.09983724355697632
,5448.0,41,4.8551723011769354e-05,49749,,0.943588137626648,,1.1613683700561523,,0.5657804012298584,,0.09985258430242538
,5492.0,41,4.849655306315981e-05,49799,,1.1923739910125732,,0.9894896149635315,,0.565910279750824,,0.0998704805970192
,5452.0,41,4.8441379476571456e-05,49849,,0.9691576361656189,,1.5377863645553589,,0.5660274624824524,,0.09988207370042801
,5448.0,41,4.83862058899831e-05,49899,,1.012274980545044,,1.0819637775421143,,0.5661399960517883,,0.099888876080513
,5408.0,41,4.833103594137356e-05,49949,,1.08871591091156,,0.8690968155860901,,0.5662609934806824,,0.09990213811397552
,5444.0,41,4.8275862354785204e-05,49999,,1.1053301095962524,,0.4656590521335602,,0.5663878321647644,,0.09992043673992157
,5460.0,41,4.822068876819685e-05,50049,,1.4448872804641724,,0.9607845544815063,,0.5665099620819092,,0.0999363511800766
,5492.0,41,4.8165518819587305e-05,50099,,1.2878285646438599,,1.2206813097000122,,0.5666272640228271,,0.09995238482952118
,5444.0,41,4.811034523299895e-05,50149,,0.9940289258956909,,0.8861908316612244,,0.5667436718940735,,0.09996809810400009
,5440.0,41,4.80551716464106e-05,50199,,0.984093964099884,,1.0047467947006226,,0.5668643712997437,,0.09998475015163422
,5416.0,41,4.8000001697801054e-05,50249,,0.9476433396339417,,1.1521333456039429,,0.5669776797294617,,0.09999886900186539
,5468.0,41,4.79448281112127e-05,50299,,1.0031652450561523,,1.0857669115066528,,0.5671069622039795,,0.10001331567764282
,5480.0,41,4.788965452462435e-05,50349,,1.0203254222869873,,1.2795411348342896,,0.5672312378883362,,0.10003339499235153
,5428.0,41,4.78344845760148e-05,50399,,1.0327938795089722,,0.8227788805961609,,0.5673491954803467,,0.10004514455795288
,5484.0,41,4.777931098942645e-05,50449,,1.0402418375015259,,0.9862299561500549,,0.5674684047698975,,0.10005797445774078
,5528.0,41,4.7724137402838096e-05,50499,,1.2129026651382446,,1.3630783557891846,,0.5675904750823975,,0.10007405281066895
,5492.0,41,4.766896381624974e-05,50549,,0.8783491253852844,,0.8665347099304199,,0.567702054977417,,0.10008612275123596
,5472.0,41,4.76137938676402e-05,50599,,0.9076345562934875,,0.9569287300109863,,0.567824125289917,,0.1001078188419342
,5472.0,41,4.7558620281051844e-05,50649,,1.1032572984695435,,1.0603678226470947,,0.5679349899291992,,0.10012295842170715
5465.890625,,41,,50693,1.0150153636932373,,1.0007073879241943,,0.5666590332984924,,0.09996280074119568,
,5452.0,42,4.750344669446349e-05,50699,,1.0296508073806763,,1.1974315643310547,,0.568058431148529,,0.10013937205076218
,5512.0,42,4.7448276745853946e-05,50749,,0.886720597743988,,0.8505305051803589,,0.5681780576705933,,0.10015556961297989
,5460.0,42,4.739310315926559e-05,50799,,0.9682573080062866,,0.9080605506896973,,0.5682995319366455,,0.10017353296279907
,5516.0,42,4.733792957267724e-05,50849,,0.9999087452888489,,1.0446345806121826,,0.5684192776679993,,0.10019221901893616
,5464.0,42,4.7282759624067694e-05,50899,,1.1328957080841064,,1.2953354120254517,,0.5685378909111023,,0.10020799189805984
,5412.0,42,4.722758603747934e-05,50949,,1.02629554271698,,1.2639570236206055,,0.5686516761779785,,0.10021907091140747
,5460.0,42,4.717241245089099e-05,50999,,0.9697293043136597,,0.559170126914978,,0.5687693357467651,,0.10023344308137894
,5484.0,42,4.711724250228144e-05,51049,,0.9248912930488586,,0.9795098900794983,,0.5688852071762085,,0.10024513304233551
,5444.0,42,4.706206891569309e-05,51099,,0.8479931354522705,,1.1022934913635254,,0.5690028667449951,,0.10025611519813538
,5448.0,42,4.7006895329104736e-05,51149,,0.8571314811706543,,0.9262184500694275,,0.5691143274307251,,0.10027097165584564
,5376.0,42,4.695172538049519e-05,51199,,1.072678565979004,,0.9015218019485474,,0.5692341923713684,,0.10028786957263947
,5400.0,42,4.689655179390684e-05,51249,,1.179836392402649,,0.9913171529769897,,0.569355309009552,,0.10030989348888397
,5476.0,42,4.6841378207318485e-05,51299,,1.0895086526870728,,1.2654680013656616,,0.5694726705551147,,0.10032464563846588
,5516.0,42,4.678620825870894e-05,51349,,0.947056233882904,,1.1559317111968994,,0.5695878267288208,,0.10034403204917908
,5532.0,42,4.6731034672120586e-05,51399,,1.1072125434875488,,0.9691391587257385,,0.5697067379951477,,0.1003645732998848
,5448.0,42,4.667586108553223e-05,51449,,1.119368076324463,,0.9846596717834473,,0.5698230266571045,,0.10038645565509796
,5456.0,42,4.662069113692269e-05,51499,,0.998663604259491,,1.2935471534729004,,0.5699431896209717,,0.10040900856256485
,5436.0,42,4.6565517550334334e-05,51549,,0.9090768694877625,,0.9036386013031006,,0.5700635313987732,,0.10043293237686157
,5572.0,42,4.651034396374598e-05,51599,,1.0151091814041138,,0.9651399850845337,,0.5701813101768494,,0.10045070946216583
,5488.0,42,4.6455174015136436e-05,51649,,1.091553807258606,,1.0733814239501953,,0.5703036785125732,,0.10046543926000595
,5460.0,42,4.640000042854808e-05,51699,,0.715437114238739,,0.7341396808624268,,0.5704214572906494,,0.10048272460699081
,5396.0,42,4.634482684195973e-05,51749,,1.03330659866333,,1.1464753150939941,,0.5705357789993286,,0.10050424933433533
,5496.0,42,4.6289656893350184e-05,51799,,0.8714337944984436,,0.8401106595993042,,0.5706429481506348,,0.10051616281270981
,5468.0,42,4.623448330676183e-05,51849,,0.9892231225967407,,0.9046133160591125,,0.5707598924636841,,0.10053003579378128
,5484.0,42,4.617930972017348e-05,51899,,0.9626386165618896,,1.0831167697906494,,0.5708839297294617,,0.10054090619087219
5462.39599609375,,42,,51900,1.0277940034866333,,1.0001710653305054,,0.569527804851532,,0.1003476157784462,
,5472.0,43,4.6124136133585125e-05,51949,,0.9036499857902527,,0.8962041139602661,,0.570999801158905,,0.10055685043334961
,5504.0,43,4.606896618497558e-05,51999,,1.2608524560928345,,0.8624573349952698,,0.5711102485656738,,0.10056162625551224
,5436.0,43,4.6013792598387226e-05,52049,,1.0208724737167358,,0.9930936694145203,,0.5712263584136963,,0.1005757600069046
,5448.0,43,4.5958619011798874e-05,52099,,1.0979256629943848,,1.1689248085021973,,0.5713368654251099,,0.10058629512786865
,5504.0,43,4.590344906318933e-05,52149,,1.185223937034607,,1.0752702951431274,,0.5714485049247742,,0.10059678554534912
,5452.0,43,4.5848275476600975e-05,52199,,1.5090090036392212,,1.164928674697876,,0.5715670585632324,,0.10061029344797134
,5468.0,43,4.579310189001262e-05,52249,,1.2111225128173828,,0.4910004734992981,,0.5716785192489624,,0.10062075406312943
,5468.0,43,4.5737931941403076e-05,52299,,0.8543439507484436,,0.9795711040496826,,0.5717949271202087,,0.10064049065113068
,5436.0,43,4.568275835481472e-05,52349,,1.039137840270996,,1.374037742614746,,0.5719051361083984,,0.10065256804227829
,5496.0,43,4.562758476822637e-05,52399,,0.8791590332984924,,1.4921703338623047,,0.5720177888870239,,0.10066985338926315
,5480.0,43,4.5572414819616824e-05,52449,,1.1068222522735596,,0.9752922654151917,,0.572131335735321,,0.10069042444229126
,5332.0,43,4.551724123302847e-05,52499,,0.8268437385559082,,0.8664684891700745,,0.5722524523735046,,0.1007089614868164
,5400.0,43,4.546206764644012e-05,52549,,1.068235993385315,,0.9485592842102051,,0.572368860244751,,0.10072608292102814
,5468.0,43,4.540689769783057e-05,52599,,1.3408522605895996,,0.7410812377929688,,0.5724799633026123,,0.10073841363191605
,5448.0,43,4.535172411124222e-05,52649,,1.4954463243484497,,0.9884521961212158,,0.5725991129875183,,0.10074970126152039
,5492.0,43,4.529655052465387e-05,52699,,0.9397352933883667,,0.9989624619483948,,0.5727059841156006,,0.100761279463768
,5452.0,43,4.524138057604432e-05,52749,,0.9391886591911316,,1.1029138565063477,,0.5728174448013306,,0.10077393054962158
,5396.0,43,4.518620698945597e-05,52799,,0.9816212058067322,,1.178926706314087,,0.5729299783706665,,0.10079146921634674
,5460.0,43,4.5131033402867615e-05,52849,,1.0694183111190796,,0.7576678991317749,,0.5730493664741516,,0.10080777108669281
,5500.0,43,4.507586345425807e-05,52899,,1.0477501153945923,,0.9237344264984131,,0.5731620788574219,,0.10081907361745834
,5516.0,43,4.5020689867669716e-05,52949,,1.0333791971206665,,0.9341974258422852,,0.5732712745666504,,0.10082979500293732
,5472.0,43,4.4965516281081364e-05,52999,,1.0825835466384888,,1.2093654870986938,,0.573388397693634,,0.10084517300128937
,5556.0,43,4.491034633247182e-05,53049,,1.0396385192871094,,1.0973166227340698,,0.5735092163085938,,0.10086403787136078
,5492.0,43,4.4855172745883465e-05,53099,,1.1126272678375244,,0.8921161890029907,,0.5736194252967834,,0.10087868571281433
5463.78271484375,,43,,53107,1.051804780960083,,0.9892422556877136,,0.5723206996917725,,0.10071546584367752,
,5396.0,44,4.479999915929511e-05,53149,,0.981660008430481,,0.9982497692108154,,0.5737336874008179,,0.10089658945798874
,5536.0,44,4.4744829210685566e-05,53199,,1.0060949325561523,,1.3671830892562866,,0.5738430023193359,,0.10091698169708252
,5444.0,44,4.468965562409721e-05,53249,,1.0500832796096802,,1.067295789718628,,0.5739545226097107,,0.10093142092227936
,5436.0,44,4.463448203750886e-05,53299,,0.9958550333976746,,0.9482622742652893,,0.5740734934806824,,0.10094889998435974
,5496.0,44,4.4579312088899314e-05,53349,,1.0485337972640991,,0.8107567429542542,,0.5741810202598572,,0.10096298903226852
,5444.0,44,4.452413850231096e-05,53399,,1.1142959594726562,,1.1912294626235962,,0.5742889642715454,,0.10097496211528778
,5516.0,44,4.446896491572261e-05,53449,,1.0604627132415771,,1.1022961139678955,,0.5744014382362366,,0.10098344832658768
,5512.0,44,4.4413791329134256e-05,53499,,1.0190640687942505,,0.8486509919166565,,0.5745147466659546,,0.10099288821220398
,5448.0,44,4.435862138052471e-05,53549,,0.9583439230918884,,1.1689236164093018,,0.5746245980262756,,0.10100202262401581
,5420.0,44,4.430344779393636e-05,53599,,1.3788321018218994,,1.1531105041503906,,0.5747281908988953,,0.10100909322500229
,5496.0,44,4.4248274207348004e-05,53649,,0.9963052272796631,,0.8473043441772461,,0.574844479560852,,0.10102297365665436
,5476.0,44,4.419310425873846e-05,53699,,1.0541354417800903,,0.8811421990394592,,0.5749539136886597,,0.10103590041399002
,5420.0,44,4.4137930672150105e-05,53749,,1.1177709102630615,,0.6558542847633362,,0.5750682353973389,,0.10105223953723907
,5424.0,44,4.408275708556175e-05,53799,,1.0488979816436768,,1.136191964149475,,0.5751796960830688,,0.10107148438692093
,5496.0,44,4.4027587136952206e-05,53849,,1.5220755338668823,,1.4041770696640015,,0.575290322303772,,0.10108759254217148
,5388.0,44,4.3972413550363854e-05,53899,,0.9500197768211365,,0.889532744884491,,0.5753980875015259,,0.1010994166135788
,5436.0,44,4.39172399637755e-05,53949,,1.393813967704773,,0.8923660516738892,,0.5755132436752319,,0.10111187398433685
,5420.0,44,4.3862070015165955e-05,53999,,0.982020914554596,,1.108821153640747,,0.5756262540817261,,0.10112685710191727
,5420.0,44,4.38068964285776e-05,54049,,0.8556549549102783,,0.8994876146316528,,0.5757372379302979,,0.10114273428916931
,5488.0,44,4.375172284198925e-05,54099,,0.9676007628440857,,0.826874852180481,,0.5758434534072876,,0.10116133093833923
,5432.0,44,4.36965528933797e-05,54149,,1.081743597984314,,1.0758976936340332,,0.5759566426277161,,0.10118013620376587
,5528.0,44,4.364137930679135e-05,54199,,1.1741855144500732,,1.0711851119995117,,0.5760635137557983,,0.10119704157114029
,5416.0,44,4.3586205720203e-05,54249,,1.0358473062515259,,0.7032144665718079,,0.5761677622795105,,0.10121005773544312
,5460.0,44,4.353103577159345e-05,54299,,1.120187759399414,,0.945846438407898,,0.5762787461280823,,0.10122913867235184
5460.31640625,,44,,54314,1.079136610031128,,0.9761447310447693,,0.5750415921211243,,0.10106302797794342,
,5512.0,45,4.34758621850051e-05,54349,,0.8898282647132874,,0.8424381613731384,,0.57639080286026,,0.10124485939741135
,5388.0,45,4.3420688598416746e-05,54399,,1.222420573234558,,1.160128116607666,,0.5764977931976318,,0.10125647485256195
,5428.0,45,4.33655186498072e-05,54449,,1.0310440063476562,,1.0133686065673828,,0.5766047239303589,,0.10127323120832443
,5560.0,45,4.331034506321885e-05,54499,,1.010147213935852,,0.9566105604171753,,0.576710045337677,,0.10128378868103027
,5428.0,45,4.3255171476630494e-05,54549,,0.9864213466644287,,0.8989401459693909,,0.5768191814422607,,0.10129502415657043
,5508.0,45,4.320000152802095e-05,54599,,1.2059168815612793,,1.1017903089523315,,0.5769253969192505,,0.1013033539056778
,5472.0,45,4.3144827941432595e-05,54649,,0.9877055883407593,,1.2429139614105225,,0.5770325064659119,,0.10131184011697769
,5432.0,45,4.308965435484424e-05,54699,,1.3853880167007446,,0.7951132655143738,,0.5771409869194031,,0.10132158547639847
,5416.0,45,4.3034484406234697e-05,54749,,0.9765028357505798,,1.3164340257644653,,0.5772482752799988,,0.10133101046085358
,5420.0,45,4.2979310819646344e-05,54799,,0.9905608296394348,,1.13296377658844,,0.5773568153381348,,0.1013442799448967
,5424.0,45,4.292413723305799e-05,54849,,1.0226694345474243,,1.1240931749343872,,0.5774636268615723,,0.1013529971241951
,5460.0,45,4.2868967284448445e-05,54899,,1.3623675107955933,,0.7474057674407959,,0.5775740146636963,,0.10136859118938446
,5480.0,45,4.281379369786009e-05,54949,,0.9958941340446472,,0.821691632270813,,0.5776848793029785,,0.10138051956892014
,5388.0,45,4.275862011127174e-05,54999,,0.9111126661300659,,0.9081987142562866,,0.5777958631515503,,0.10139447450637817
,5428.0,45,4.2703446524683386e-05,55049,,1.2010542154312134,,1.0011835098266602,,0.5779100060462952,,0.10140681266784668
,5416.0,45,4.264827657607384e-05,55099,,0.9823511242866516,,0.8951260447502136,,0.5780150294303894,,0.10142326354980469
,5396.0,45,4.259310298948549e-05,55149,,1.1609556674957275,,0.7396292090415955,,0.5781238079071045,,0.10143433511257172
,5460.0,45,4.2537929402897134e-05,55199,,1.023974895477295,,1.3507986068725586,,0.578233003616333,,0.10145651549100876
,5440.0,45,4.248275945428759e-05,55249,,0.8905888199806213,,1.1427147388458252,,0.578335702419281,,0.10147295892238617
,5448.0,45,4.2427585867699236e-05,55299,,0.8774447441101074,,0.9542160630226135,,0.5784399509429932,,0.10148769617080688
,5432.0,45,4.237241228111088e-05,55349,,1.1104846000671387,,1.1934378147125244,,0.578540563583374,,0.10149901360273361
,5420.0,45,4.231724233250134e-05,55399,,1.185811161994934,,0.8210566639900208,,0.578642725944519,,0.10151086002588272
,5396.0,45,4.2262068745912984e-05,55449,,0.9558323621749878,,0.9101827144622803,,0.5787432789802551,,0.1015254482626915
,5380.0,45,4.220689515932463e-05,55499,,1.0358457565307617,,0.9919134974479675,,0.5788536667823792,,0.10153844952583313
5462.5361328125,,45,,55521,1.0998427867889404,,0.9755483269691467,,0.5776752829551697,,0.10139305144548416,
,5440.0,46,4.2151725210715085e-05,55549,,0.9274911880493164,,1.1605381965637207,,0.5789552330970764,,0.10154338926076889
,5500.0,46,4.209655162412673e-05,55599,,1.031272292137146,,1.0192734003067017,,0.5790665149688721,,0.10155019164085388
,5424.0,46,4.204137803753838e-05,55649,,1.1573872566223145,,1.0448797941207886,,0.5791683197021484,,0.10156247019767761
,5504.0,46,4.1986208088928834e-05,55699,,1.0214074850082397,,1.1271421909332275,,0.579271137714386,,0.10157746821641922
,5548.0,46,4.193103450234048e-05,55749,,1.084382176399231,,0.7101441025733948,,0.579376757144928,,0.10159388184547424
,5424.0,46,4.187586091575213e-05,55799,,1.012551188468933,,0.8104926943778992,,0.5794835686683655,,0.1016099601984024
,5384.0,46,4.182069096714258e-05,55849,,1.0067638158798218,,1.2212735414505005,,0.5795944929122925,,0.10162533819675446
,5428.0,46,4.176551738055423e-05,55899,,1.0407556295394897,,0.7144681215286255,,0.5797003507614136,,0.10163937509059906
,5520.0,46,4.1710343793965876e-05,55949,,1.1466631889343262,,0.7114936709403992,,0.5798060894012451,,0.10164914280176163
,5420.0,46,4.165517384535633e-05,55999,,1.2194442749023438,,0.8698815107345581,,0.5799110531806946,,0.10166695713996887
,5452.0,46,4.160000025876798e-05,56049,,1.2806448936462402,,0.7518185377120972,,0.5800141096115112,,0.10167957842350006
,5488.0,46,4.1544826672179624e-05,56099,,1.141291618347168,,0.8949760794639587,,0.5801215767860413,,0.10169260203838348
,5468.0,46,4.148965672357008e-05,56149,,1.2085387706756592,,0.49617335200309753,,0.5802295804023743,,0.10170433670282364
,5496.0,46,4.1434483136981726e-05,56199,,1.6865806579589844,,1.1367636919021606,,0.5803265571594238,,0.101712666451931
,5416.0,46,4.137930955039337e-05,56249,,0.9180395007133484,,0.8536917567253113,,0.5804308652877808,,0.10172183811664581
,5480.0,46,4.132413960178383e-05,56299,,1.1775541305541992,,0.5798094868659973,,0.5805295705795288,,0.10173565149307251
,5460.0,46,4.1268966015195474e-05,56349,,0.8446530103683472,,0.7119227051734924,,0.5806276202201843,,0.10174782574176788
,5424.0,46,4.121379242860712e-05,56399,,1.1069637537002563,,1.0530997514724731,,0.5807300209999084,,0.10176261514425278
,5500.0,46,4.1158622479997575e-05,56449,,1.026033878326416,,1.4091870784759521,,0.5808303356170654,,0.10177154093980789
,5568.0,46,4.110344889340922e-05,56499,,1.157606601715088,,0.865408718585968,,0.5809401869773865,,0.10178909450769424
,5436.0,46,4.104827530682087e-05,56549,,1.0582818984985352,,0.882550060749054,,0.5810422301292419,,0.10180177539587021
,5320.0,46,4.0993101720232517e-05,56599,,1.1497584581375122,,0.9943452477455139,,0.5811390280723572,,0.10181053727865219
,5544.0,46,4.093793177162297e-05,56649,,1.035710334777832,,0.8523635268211365,,0.5812381505966187,,0.10181927680969238
,5492.0,46,4.088275818503462e-05,56699,,1.2802808284759521,,1.011639952659607,,0.5813391208648682,,0.10183130204677582
5461.1982421875,,46,,56728,1.110324740409851,,0.9625445604324341,,0.5802237391471863,,0.10170232504606247,
,5480.0,47,4.0827584598446265e-05,56749,,1.1457479000091553,,1.0857524871826172,,0.581444501876831,,0.10184121131896973
,5376.0,47,4.077241464983672e-05,56799,,1.180933952331543,,0.9158540368080139,,0.5815447568893433,,0.10185258090496063
,5508.0,47,4.0717241063248366e-05,56849,,1.6685359477996826,,1.3101569414138794,,0.5816420316696167,,0.10185970366001129
,5520.0,47,4.066206747666001e-05,56899,,1.5678099393844604,,0.8935394883155823,,0.5817474126815796,,0.10187607258558273
,5472.0,47,4.060689752805047e-05,56949,,0.9683955311775208,,0.9794628024101257,,0.5818457007408142,,0.10188085585832596
,5436.0,47,4.0551723941462114e-05,56999,,1.3580350875854492,,0.9767089486122131,,0.5819475054740906,,0.1018843948841095
,5512.0,47,4.049655035487376e-05,57049,,1.0460489988327026,,0.7950400710105896,,0.582054853439331,,0.10189449787139893
,5436.0,47,4.0441380406264216e-05,57099,,1.145896553993225,,0.9460436701774597,,0.582152247428894,,0.10190409421920776
,5436.0,47,4.038620681967586e-05,57149,,1.1534606218338013,,1.113488793373108,,0.5822498202323914,,0.10191648453474045
,5476.0,47,4.033103323308751e-05,57199,,1.2810577154159546,,0.7838277816772461,,0.5823564529418945,,0.10192934423685074
,5452.0,47,4.0275863284477964e-05,57249,,1.5879956483840942,,0.7820817232131958,,0.5824564695358276,,0.10193847119808197
,5460.0,47,4.022068969788961e-05,57299,,1.197906494140625,,0.8018880486488342,,0.5825608372688293,,0.10194797068834305
,5436.0,47,4.016551611130126e-05,57349,,1.1096843481063843,,1.096308708190918,,0.5826601386070251,,0.10196026414632797
,5388.0,47,4.011034616269171e-05,57399,,0.9891446232795715,,0.6392872929573059,,0.582764744758606,,0.10197126865386963
,5424.0,47,4.005517257610336e-05,57449,,1.1841992139816284,,0.44122135639190674,,0.5828652381896973,,0.10197703540325165
,5496.0,47,3.9999998989515007e-05,57499,,1.2008346319198608,,1.4590052366256714,,0.5829696655273438,,0.10199657827615738
,5432.0,47,3.994482904090546e-05,57549,,1.2739132642745972,,1.0356405973434448,,0.5830729007720947,,0.1020156741142273
,5476.0,47,3.988965545431711e-05,57599,,1.067311406135559,,0.9890477657318115,,0.5831769704818726,,0.10202664136886597
,5428.0,47,3.9834481867728755e-05,57649,,1.2203996181488037,,0.7176983952522278,,0.5832725763320923,,0.10204139351844788
,5428.0,47,3.977931191911921e-05,57699,,1.1407169103622437,,0.6552442312240601,,0.5833685994148254,,0.10205116122961044
,5388.0,47,3.9724138332530856e-05,57749,,0.8702671527862549,,0.9677464962005615,,0.5834705233573914,,0.10206297785043716
,5468.0,47,3.96689647459425e-05,57799,,1.1979278326034546,,0.9878868460655212,,0.5835648775100708,,0.1020708978176117
,5464.0,47,3.961379479733296e-05,57849,,1.3253074884414673,,0.7572261095046997,,0.5836677551269531,,0.10208823531866074
,5440.0,47,3.9558621210744604e-05,57899,,1.1733769178390503,,1.038739562034607,,0.5837657451629639,,0.10210007429122925
5461.17626953125,,47,,57935,1.147660493850708,,0.9566895961761475,,0.582685649394989,,0.10197453200817108,
,5388.0,48,3.950344762415625e-05,57949,,1.6191725730895996,,0.7957229614257812,,0.5838620662689209,,0.10211612284183502
,5504.0,48,3.9448277675546706e-05,57999,,1.2202821969985962,,1.082729458808899,,0.5839650630950928,,0.10213054716587067
,5500.0,48,3.939310408895835e-05,58049,,1.2690876722335815,,1.0536435842514038,,0.5840678215026855,,0.1021454781293869
,5524.0,48,3.933793050237e-05,58099,,0.9560312628746033,,0.9989474415779114,,0.584166944026947,,0.10216349363327026
,5484.0,48,3.928275691578165e-05,58149,,0.8904672265052795,,0.8168047070503235,,0.5842642784118652,,0.10217894613742828
,5540.0,48,3.92275869671721e-05,58199,,1.0013558864593506,,0.8584352135658264,,0.5843642354011536,,0.1021893098950386
,5520.0,48,3.917241338058375e-05,58249,,1.2376585006713867,,1.1568629741668701,,0.5844534635543823,,0.10219790786504745
,5420.0,48,3.9117239793995395e-05,58299,,1.1345860958099365,,0.8415375351905823,,0.5845491886138916,,0.1022099032998085
,5412.0,48,3.906206984538585e-05,58349,,1.116894006729126,,0.8753361701965332,,0.5846523642539978,,0.10222319513559341
,5436.0,48,3.9006896258797497e-05,58399,,1.012805461883545,,0.9759801626205444,,0.5847548246383667,,0.10224536061286926
,5448.0,48,3.8951722672209144e-05,58449,,0.9938335418701172,,0.9966174960136414,,0.58486008644104,,0.10226110368967056
,5484.0,48,3.88965527235996e-05,58499,,1.1050163507461548,,0.8827823400497437,,0.5849562287330627,,0.10227014124393463
,5448.0,48,3.8841379137011245e-05,58549,,1.4423060417175293,,1.3254668712615967,,0.5850490927696228,,0.10228119045495987
,5436.0,48,3.878620555042289e-05,58599,,1.1720150709152222,,1.0151809453964233,,0.5851491689682007,,0.102292999625206
,5352.0,48,3.8731035601813346e-05,58649,,0.9754771590232849,,0.937554657459259,,0.5852422714233398,,0.10229896008968353
,5400.0,48,3.867586201522499e-05,58699,,1.6067957878112793,,1.0525195598602295,,0.5853410959243774,,0.10230885446071625
,5524.0,48,3.862068842863664e-05,58749,,0.9434506893157959,,1.0952198505401611,,0.5854364633560181,,0.10232038050889969
,5424.0,48,3.8565518480027094e-05,58799,,1.4569342136383057,,0.8647040128707886,,0.5855371952056885,,0.10233147442340851
,5456.0,48,3.851034489343874e-05,58849,,1.2280044555664062,,0.6386932730674744,,0.5856337547302246,,0.10233700275421143
,5444.0,48,3.845517130685039e-05,58899,,1.0990674495697021,,1.018234372138977,,0.5857275724411011,,0.10234540700912476
,5468.0,48,3.840000135824084e-05,58949,,1.3146777153015137,,1.0655664205551147,,0.585824728012085,,0.10235690325498581
,5452.0,48,3.834482777165249e-05,58999,,1.0359230041503906,,0.8668491840362549,,0.5859243273735046,,0.10236810892820358
,5480.0,48,3.828965418506414e-05,59049,,1.0691461563110352,,0.8401407599449158,,0.5860165357589722,,0.10237616300582886
,5492.0,48,3.823448423645459e-05,59099,,1.119121789932251,,1.362156629562378,,0.586111843585968,,0.10238310694694519
5463.291015625,,48,,59142,1.1462899446487427,,0.9434738755226135,,0.5850862860679626,,0.10227792710065842,
,5416.0,49,3.817931064986624e-05,59149,,1.1231763362884521,,0.9176666140556335,,0.5862123370170593,,0.10239864885807037
,5420.0,49,3.8124137063277885e-05,59199,,1.0614275932312012,,1.1085110902786255,,0.586305558681488,,0.10241025686264038
,5480.0,49,3.806896711466834e-05,59249,,1.0459158420562744,,1.142625331878662,,0.5864065289497375,,0.10242431610822678
,5504.0,49,3.8013793528079987e-05,59299,,0.97539222240448,,1.1324607133865356,,0.5865007638931274,,0.10242956876754761
,5376.0,49,3.7958619941491634e-05,59349,,1.057105541229248,,0.6469455361366272,,0.5865973830223083,,0.10243629664182663
,5512.0,49,3.790344999288209e-05,59399,,0.933535099029541,,0.8314613103866577,,0.5866954326629639,,0.10244683921337128
,5360.0,49,3.7848276406293735e-05,59449,,1.2170085906982422,,0.9015831351280212,,0.586798906326294,,0.10246113687753677
,5480.0,49,3.779310281970538e-05,59499,,1.2021347284317017,,0.99809730052948,,0.5868977904319763,,0.10246935486793518
,5488.0,49,3.773792923311703e-05,59549,,1.0921244621276855,,1.1352022886276245,,0.5869961977005005,,0.10247797518968582
,5364.0,49,3.768275928450748e-05,59599,,1.2659778594970703,,0.9009941220283508,,0.5870937705039978,,0.10249001532793045
,5444.0,49,3.762758569791913e-05,59649,,1.0709481239318848,,0.9669418334960938,,0.5871908664703369,,0.10249891132116318
,5492.0,49,3.757241211133078e-05,59699,,1.0635740756988525,,1.0775959491729736,,0.5872876644134521,,0.10251041501760483
,5444.0,49,3.751724216272123e-05,59749,,1.1353849172592163,,0.8014264106750488,,0.5873839259147644,,0.10252639651298523
,5508.0,49,3.746206857613288e-05,59799,,1.1051301956176758,,0.9429234266281128,,0.5874834656715393,,0.10253749042749405
,5460.0,49,3.7406894989544526e-05,59849,,1.1404443979263306,,1.133438229560852,,0.5875778794288635,,0.10254956036806107
,5496.0,49,3.735172504093498e-05,59899,,1.1608912944793701,,0.8911510109901428,,0.5876765251159668,,0.10256053507328033
,5428.0,49,3.729655145434663e-05,59949,,1.098061442375183,,1.0123664140701294,,0.5877708792686462,,0.10256965458393097
,5500.0,49,3.7241377867758274e-05,59999,,1.0986634492874146,,1.0059103965759277,,0.5878565311431885,,0.10257796198129654
,5456.0,49,3.718620791914873e-05,60049,,1.4452184438705444,,0.9937375783920288,,0.587954580783844,,0.10259439051151276
,5396.0,49,3.7131034332560375e-05,60099,,1.0593359470367432,,0.9779129028320312,,0.588045597076416,,0.1026047021150589
,5480.0,49,3.707586074597202e-05,60149,,1.033339023590088,,0.9671862125396729,,0.5881402492523193,,0.10261405259370804
,5448.0,49,3.7020690797362477e-05,60199,,1.1518988609313965,,0.9302970170974731,,0.5882366299629211,,0.1026240736246109
,5500.0,49,3.6965517210774124e-05,60249,,1.1201183795928955,,0.8975030183792114,,0.5883253812789917,,0.10263200104236603
,5460.0,49,3.691034362418577e-05,60299,,1.174359679222107,,0.9811788201332092,,0.5884182453155518,,0.10263695567846298
,5468.0,49,3.6855173675576225e-05,60349,,1.1396082639694214,,1.2502927780151367,,0.5885062217712402,,0.10264390707015991
5463.09521484375,,49,,60349,1.1860215663909912,,0.9459646940231323,,0.5874300003051758,,0.10253500193357468,
,5468.0,50,3.680000008898787e-05,60399,,1.1880277395248413,,1.004874348640442,,0.5886001586914062,,0.10265306383371353
,5448.0,50,3.674482650239952e-05,60449,,1.3098576068878174,,0.9411385655403137,,0.588695764541626,,0.10265931487083435
,5512.0,50,3.668965655378997e-05,60499,,1.3086645603179932,,0.962592601776123,,0.5887905359268188,,0.10266601294279099
,5408.0,50,3.663448296720162e-05,60549,,1.305014729499817,,0.7868768572807312,,0.5888804793357849,,0.10267022252082825
,5528.0,50,3.657930938061327e-05,60599,,1.1896554231643677,,1.0008621215820312,,0.5889748334884644,,0.10267631709575653
,5400.0,50,3.652413943200372e-05,60649,,1.077244758605957,,0.776394784450531,,0.5890659689903259,,0.10268139094114304
,5396.0,50,3.646896584541537e-05,60699,,1.0773513317108154,,0.9878125190734863,,0.5891648530960083,,0.10268700122833252
,5480.0,50,3.6413792258827016e-05,60749,,1.1199606657028198,,1.0055407285690308,,0.5892602801322937,,0.10269320011138916
,5492.0,50,3.635862231021747e-05,60799,,0.9461069107055664,,1.0190705060958862,,0.5893508195877075,,0.1026986688375473
,5480.0,50,3.630344872362912e-05,60849,,0.8871291875839233,,0.8084450960159302,,0.5894437432289124,,0.10270900279283524
,5528.0,50,3.6248275137040764e-05,60899,,1.0989536046981812,,0.780093789100647,,0.5895364284515381,,0.10271575301885605
,5472.0,50,3.619310518843122e-05,60949,,1.2141587734222412,,1.234683632850647,,0.5896273851394653,,0.10272298753261566
,5464.0,50,3.6137931601842865e-05,60999,,1.1062816381454468,,0.884222149848938,,0.5897177457809448,,0.10272832214832306
,5468.0,50,3.608275801525451e-05,61049,,1.211369276046753,,0.9722148180007935,,0.5898140668869019,,0.10273677110671997
,5496.0,50,3.602758442866616e-05,61099,,1.1122437715530396,,0.9166041016578674,,0.5899044275283813,,0.10274187475442886
,5552.0,50,3.5972414480056614e-05,61149,,1.0737085342407227,,1.2023755311965942,,0.5899993181228638,,0.10274723917245865
,5476.0,50,3.591724089346826e-05,61199,,1.2962898015975952,,1.1561753749847412,,0.5900928974151611,,0.10275721549987793
,5476.0,50,3.586206730687991e-05,61249,,1.1821858882904053,,1.1498624086380005,,0.5901908874511719,,0.10276610404253006
,5384.0,50,3.580689735827036e-05,61299,,1.4026705026626587,,0.7762717008590698,,0.5902822017669678,,0.10277543216943741
,5472.0,50,3.575172377168201e-05,61349,,1.2137806415557861,,0.7085380554199219,,0.5903764963150024,,0.10278315842151642
,5496.0,50,3.5696550185093656e-05,61399,,1.3578096628189087,,0.7374036312103271,,0.5904697775840759,,0.1027950569987297
,5484.0,50,3.564138023648411e-05,61449,,1.1503561735153198,,1.0940260887145996,,0.5905569195747375,,0.10280131548643112
,5464.0,50,3.558620664989576e-05,61499,,1.1960190534591675,,1.1074841022491455,,0.5906530022621155,,0.10280768573284149
,5472.0,50,3.5531033063307405e-05,61549,,1.074226975440979,,0.9233522415161133,,0.5907430648803711,,0.10281755775213242
5461.517578125,,50,,61556,1.1984814405441284,,0.9358264207839966,,0.5896967053413391,,0.10273650288581848,
,5464.0,51,3.547586311469786e-05,61599,,1.0446573495864868,,0.9534841179847717,,0.590837299823761,,0.10282789170742035
,5452.0,51,3.5420689528109506e-05,61649,,1.2040256261825562,,0.7811155915260315,,0.590926468372345,,0.10283555090427399
,5532.0,51,3.536551594152115e-05,61699,,0.9371145963668823,,0.7034592628479004,,0.5910147428512573,,0.10283870249986649
,5484.0,51,3.531034599291161e-05,61749,,1.0406317710876465,,0.9680303335189819,,0.5911104083061218,,0.10284176468849182
,5468.0,51,3.5255172406323254e-05,61799,,1.271348476409912,,1.1841871738433838,,0.5912058353424072,,0.10284961760044098
,5500.0,51,3.51999988197349e-05,61849,,1.0626075267791748,,0.8384210467338562,,0.5912982225418091,,0.10285483300685883
,5504.0,51,3.5144828871125355e-05,61899,,1.0987094640731812,,1.3867096900939941,,0.5913913249969482,,0.10286245495080948
,5452.0,51,3.5089655284537e-05,61949,,1.3734923601150513,,0.8321437835693359,,0.5914748907089233,,0.10286523401737213
,5484.0,51,3.503448169794865e-05,61999,,1.1346371173858643,,1.3746960163116455,,0.5915669202804565,,0.10287285596132278
,5480.0,51,3.4979311749339104e-05,62049,,1.0559663772583008,,0.9450403451919556,,0.5916590690612793,,0.1028829887509346
,5484.0,51,3.492413816275075e-05,62099,,1.1524062156677246,,1.147591233253479,,0.5917506217956543,,0.10289427638053894
,5396.0,51,3.48689645761624e-05,62149,,1.4429172277450562,,0.9475338459014893,,0.5918344259262085,,0.10289659351110458
,5464.0,51,3.481379462755285e-05,62199,,1.1748359203338623,,1.1563993692398071,,0.5919262766838074,,0.10290279984474182
,5440.0,51,3.47586210409645e-05,62249,,1.4315543174743652,,1.3116179704666138,,0.592013955116272,,0.1029113382101059
,5484.0,51,3.4703447454376146e-05,62299,,1.1101948022842407,,0.6879448294639587,,0.5921080112457275,,0.10292524844408035
,5444.0,51,3.46482775057666e-05,62349,,1.0662280321121216,,0.9546473622322083,,0.5921975374221802,,0.10293485224246979
,5396.0,51,3.459310391917825e-05,62399,,1.5024476051330566,,0.9377489686012268,,0.5922868251800537,,0.10294342786073685
,5460.0,51,3.4537930332589895e-05,62449,,1.349605917930603,,0.8756527304649353,,0.5923802256584167,,0.10295483469963074
,5388.0,51,3.448276038398035e-05,62499,,1.0290100574493408,,1.1047595739364624,,0.592465341091156,,0.10295671969652176
,5512.0,51,3.4427586797391996e-05,62549,,1.099131464958191,,1.0378944873809814,,0.5925527811050415,,0.10296320170164108
,5416.0,51,3.437241321080364e-05,62599,,0.950672447681427,,1.279647946357727,,0.5926401019096375,,0.10296493768692017
,5444.0,51,3.431723962421529e-05,62649,,1.5460476875305176,,0.941578209400177,,0.5927290320396423,,0.10296836495399475
,5564.0,51,3.4262069675605744e-05,62699,,1.2589515447616577,,0.9955205321311951,,0.5928268432617188,,0.10297946631908417
,5508.0,51,3.420689608901739e-05,62749,,0.8710936307907104,,0.8722448348999023,,0.5929170846939087,,0.10298920422792435
5461.64208984375,,51,,62763,1.2167710065841675,,0.9488020539283752,,0.5919153690338135,,0.10291361808776855,
,5456.0,52,3.415172250242904e-05,62799,,1.061919093132019,,0.741156816482544,,0.5930004715919495,,0.10299259424209595
,5456.0,52,3.409655255381949e-05,62849,,1.1022111177444458,,0.9974846839904785,,0.5930911302566528,,0.10299956053495407
,5440.0,52,3.404137896723114e-05,62899,,1.2764160633087158,,1.0312457084655762,,0.59317946434021,,0.10300187021493912
,5416.0,52,3.398620538064279e-05,62949,,1.2570980787277222,,1.1427677869796753,,0.5932689905166626,,0.10300973057746887
,5400.0,52,3.393103543203324e-05,62999,,1.2639760971069336,,1.1317863464355469,,0.59335857629776,,0.10301464051008224
,5484.0,52,3.387586184544489e-05,63049,,1.260861873626709,,1.0127259492874146,,0.5934460163116455,,0.10302208364009857
,5416.0,52,3.3820688258856535e-05,63099,,1.2371115684509277,,0.8403580188751221,,0.593533992767334,,0.10303094983100891
,5420.0,52,3.376551831024699e-05,63149,,1.130503535270691,,1.1535217761993408,,0.5936155319213867,,0.10303808748722076
,5504.0,52,3.3710344723658636e-05,63199,,1.4674068689346313,,0.8018862009048462,,0.5937014222145081,,0.10304630547761917
,5408.0,52,3.365517113707028e-05,63249,,1.3697774410247803,,1.399613618850708,,0.5937909483909607,,0.10305783152580261
,5440.0,52,3.360000118846074e-05,63299,,1.2150272130966187,,0.889350414276123,,0.5938841104507446,,0.10306631028652191
,5416.0,52,3.3544827601872385e-05,63349,,1.3989365100860596,,0.9248175024986267,,0.5939720869064331,,0.10307149589061737
,5412.0,52,3.348965401528403e-05,63399,,1.1842315196990967,,1.0209097862243652,,0.5940602421760559,,0.10307791084051132
,5492.0,52,3.3434484066674486e-05,63449,,1.300170660018921,,1.0814542770385742,,0.5941494107246399,,0.10308167338371277
,5444.0,52,3.337931048008613e-05,63499,,1.2201024293899536,,1.0409178733825684,,0.594240665435791,,0.10308673977851868
,5448.0,52,3.332413689349778e-05,63549,,1.1943670511245728,,0.9468238353729248,,0.5943278670310974,,0.10308915376663208
,5416.0,52,3.3268966944888234e-05,63599,,1.0133012533187866,,0.9459895491600037,,0.5944175720214844,,0.10309448838233948
,5448.0,52,3.321379335829988e-05,63649,,1.1053441762924194,,0.8263558745384216,,0.5945007801055908,,0.10309787094593048
,5468.0,52,3.315861977171153e-05,63699,,1.18776273727417,,0.7817219495773315,,0.594595193862915,,0.10310498625040054
,5496.0,52,3.310344982310198e-05,63749,,1.0629897117614746,,0.8361568450927734,,0.5946886539459229,,0.10311463475227356
,5496.0,52,3.304827623651363e-05,63799,,1.4082410335540771,,0.8272883892059326,,0.5947794318199158,,0.10312333703041077
,5488.0,52,3.299310264992528e-05,63849,,1.4747380018234253,,0.9498729109764099,,0.594867467880249,,0.10313491523265839
,5448.0,52,3.293793270131573e-05,63899,,1.4414030313491821,,0.9030728936195374,,0.5949543118476868,,0.10314048826694489
,5516.0,52,3.288275911472738e-05,63949,,1.2032486200332642,,0.6933168172836304,,0.5950441360473633,,0.10314450412988663
5461.68359375,,52,,63970,1.23866605758667,,0.9279587864875793,,0.594068706035614,,0.103078193962574,
,5436.0,53,3.2827585528139025e-05,63999,,0.9964985847473145,,1.1388859748840332,,0.5951336622238159,,0.10315129160881042
,5476.0,53,3.277241557952948e-05,64049,,1.6716041564941406,,1.0867657661437988,,0.5952240228652954,,0.10315689444541931
,5504.0,53,3.2717241992941126e-05,64099,,1.1961191892623901,,0.8403612971305847,,0.5953094959259033,,0.10315848886966705
,5436.0,53,3.266206840635277e-05,64149,,1.0875660181045532,,0.992403507232666,,0.5953980684280396,,0.10316292941570282
,5468.0,53,3.260689481976442e-05,64199,,1.3908597230911255,,1.1766904592514038,,0.5954847931861877,,0.10316982120275497
,5520.0,53,3.2551724871154875e-05,64249,,1.0552136898040771,,1.0574724674224854,,0.5955666899681091,,0.10317705571651459
,5488.0,53,3.249655128456652e-05,64299,,1.403785228729248,,0.9272292256355286,,0.5956540703773499,,0.1031891405582428
,5456.0,53,3.244137769797817e-05,64349,,1.0848636627197266,,1.1251758337020874,,0.5957397222518921,,0.10319799184799194
,5488.0,53,3.238620774936862e-05,64399,,1.40166175365448,,0.9990434050559998,,0.5958251357078552,,0.10320296883583069
,5428.0,53,3.233103416278027e-05,64449,,1.1974653005599976,,0.6813709139823914,,0.5959129333496094,,0.10320918262004852
,5528.0,53,3.227586057619192e-05,64499,,1.0299776792526245,,0.968137264251709,,0.5959933400154114,,0.10321461409330368
,5432.0,53,3.222069062758237e-05,64549,,1.279491901397705,,1.0666226148605347,,0.596081018447876,,0.10322239249944687
,5480.0,53,3.216551704099402e-05,64599,,1.2050622701644897,,1.0534801483154297,,0.5961694121360779,,0.10322891920804977
,5500.0,53,3.2110343454405665e-05,64649,,1.1176329851150513,,0.6626560091972351,,0.5962531566619873,,0.10323572158813477
,5488.0,53,3.205517350579612e-05,64699,,1.3801841735839844,,1.0216450691223145,,0.5963433980941772,,0.10323915630578995
,5468.0,53,3.199999991920777e-05,64749,,1.4527889490127563,,0.8274220824241638,,0.5964257717132568,,0.10324659943580627
,5496.0,53,3.1944826332619414e-05,64799,,1.1194877624511719,,1.030242681503296,,0.5965135097503662,,0.10325390100479126
,5512.0,53,3.188965638400987e-05,64849,,1.450810194015503,,0.9630680084228516,,0.5965989232063293,,0.10326148569583893
,5520.0,53,3.1834482797421515e-05,64899,,1.5005024671554565,,0.6711362600326538,,0.5966798663139343,,0.10326667129993439
,5332.0,53,3.177930921083316e-05,64949,,1.2746869325637817,,0.6827659606933594,,0.5967652797698975,,0.1032753586769104
,5444.0,53,3.1724139262223616e-05,64999,,1.3465439081192017,,0.9046969413757324,,0.5968490242958069,,0.10328570008277893
,5432.0,53,3.166896567563526e-05,65049,,1.14192533493042,,0.5903685092926025,,0.5969345569610596,,0.10329419374465942
,5432.0,53,3.161379208904691e-05,65099,,1.0133014917373657,,0.7023075222969055,,0.5970198512077332,,0.10329912602901459
,5528.0,53,3.1558622140437365e-05,65149,,1.25859797000885,,0.9258089065551758,,0.5971065163612366,,0.10330758988857269
5459.57080078125,,53,,65177,1.2473441362380981,,0.9297587871551514,,0.5961860418319702,,0.10323620587587357,
,5468.0,54,3.150344855384901e-05,65199,,1.152418613433838,,0.9655444622039795,,0.5971930027008057,,0.10331748425960541
,5440.0,54,3.144827496726066e-05,65249,,1.2407528162002563,,1.1353942155838013,,0.5972787141799927,,0.10332512110471725
,5464.0,54,3.139310501865111e-05,65299,,1.2025377750396729,,0.72995924949646,,0.5973666310310364,,0.10333649814128876
,5440.0,54,3.133793143206276e-05,65349,,1.3080322742462158,,0.9893686175346375,,0.5974538326263428,,0.10334683954715729
,5428.0,54,3.128275784547441e-05,65399,,1.3468917608261108,,0.8549121022224426,,0.5975386500358582,,0.10335798561573029
,5392.0,54,3.122758789686486e-05,65449,,1.121860384941101,,0.9222946166992188,,0.597622275352478,,0.10336536169052124
,5528.0,54,3.117241431027651e-05,65499,,1.269504189491272,,1.0439926385879517,,0.5977091789245605,,0.10337215662002563
,5456.0,54,3.1117240723688155e-05,65549,,1.2837910652160645,,0.9899481534957886,,0.5977897644042969,,0.10337409377098083
,5472.0,54,3.106207077507861e-05,65599,,1.3036961555480957,,1.2294527292251587,,0.5978708267211914,,0.10338160395622253
,5492.0,54,3.100689718849026e-05,65649,,1.1981202363967896,,0.836121141910553,,0.5979592204093933,,0.10338885337114334
,5496.0,54,3.0951723601901904e-05,65699,,1.026175856590271,,0.8317527770996094,,0.5980446338653564,,0.10339411348104477
,5468.0,54,3.089655001531355e-05,65749,,1.673453688621521,,0.9806125164031982,,0.5981307029724121,,0.10340496897697449
,5524.0,54,3.0841380066704005e-05,65799,,1.5516769886016846,,0.6509519219398499,,0.5982138514518738,,0.10341188311576843
,5524.0,54,3.078620648011565e-05,65849,,1.2889134883880615,,0.8361442685127258,,0.5982998609542847,,0.10341854393482208
,5400.0,54,3.07310328935273e-05,65899,,1.0137662887573242,,1.0542176961898804,,0.5983838438987732,,0.10342507809400558
,5424.0,54,3.067586294491775e-05,65949,,1.4561431407928467,,0.9051931500434875,,0.5984708070755005,,0.10343579202890396
,5396.0,54,3.06206893583294e-05,65999,,1.3376190662384033,,0.6859838366508484,,0.5985568165779114,,0.10344421863555908
,5452.0,54,3.056551577174105e-05,66049,,0.8785908818244934,,0.8719387650489807,,0.5986455678939819,,0.10345494747161865
,5444.0,54,3.0510344004142098e-05,66099,,1.3620985746383667,,1.2791695594787598,,0.5987235307693481,,0.1034657433629036
,5432.0,54,3.045517223654315e-05,66149,,1.3730494976043701,,0.8667484521865845,,0.5988023281097412,,0.10347083956003189
,5468.0,54,3.04000004689442e-05,66199,,1.1400259733200073,,0.6921821236610413,,0.5988854169845581,,0.10348045080900192
,5448.0,54,3.0344826882355846e-05,66249,,1.0726064443588257,,0.5594672560691833,,0.5989663600921631,,0.10349003970623016
,5500.0,54,3.0289655114756897e-05,66299,,1.2374058961868286,,0.6956629157066345,,0.5990471243858337,,0.10349878668785095
,5480.0,54,3.0234483347157948e-05,66349,,1.2066091299057007,,1.0830316543579102,,0.5991285443305969,,0.10350410640239716
5462.37451171875,,54,,66384,1.2629749774932861,,0.920283317565918,,0.5982435345649719,,0.1034228503704071,
,5400.0,55,3.0179309760569595e-05,66399,,1.5779714584350586,,1.0296765565872192,,0.5992102026939392,,0.10351231694221497
,5524.0,55,3.0124137992970645e-05,66449,,1.1310858726501465,,1.0962694883346558,,0.5992923378944397,,0.10352067649364471
,5392.0,55,3.0068966225371696e-05,66499,,1.2750147581100464,,0.9212125539779663,,0.5993794202804565,,0.10353235900402069
,5464.0,55,3.0013792638783343e-05,66549,,1.3142915964126587,,0.8966656923294067,,0.5994636416435242,,0.10354101657867432
,5464.0,55,2.9958620871184394e-05,66599,,1.5573937892913818,,1.0602079629898071,,0.5995440483093262,,0.10354530811309814
,5444.0,55,2.9903449103585444e-05,66649,,1.059137225151062,,0.8287642002105713,,0.5996284484863281,,0.10355433076620102
,5556.0,55,2.984827551699709e-05,66699,,1.414115071296692,,1.2812217473983765,,0.5997128486633301,,0.10355961322784424
,5400.0,55,2.9793103749398142e-05,66749,,1.234486699104309,,0.7876034379005432,,0.5997931361198425,,0.10356329381465912
,5456.0,55,2.973793016280979e-05,66799,,1.6394553184509277,,0.7735527753829956,,0.5998743772506714,,0.10356634855270386
,5440.0,55,2.968275839521084e-05,66849,,1.0038563013076782,,1.011427640914917,,0.5999561548233032,,0.103575199842453
,5436.0,55,2.962758662761189e-05,66899,,1.0366933345794678,,0.9875691533088684,,0.6000387668609619,,0.10358218848705292
,5440.0,55,2.9572413041023538e-05,66949,,1.1585745811462402,,0.7477629780769348,,0.6001226305961609,,0.10358822345733643
,5468.0,55,2.9517241273424588e-05,66999,,1.2121115922927856,,0.8232457041740417,,0.6002047061920166,,0.10359430313110352
,5436.0,55,2.946206950582564e-05,67049,,1.15615975856781,,0.9335809946060181,,0.600284218788147,,0.10359883308410645
,5408.0,55,2.9406895919237286e-05,67099,,1.3300769329071045,,0.7809364795684814,,0.6003620028495789,,0.10360415279865265
,5460.0,55,2.9351724151638336e-05,67149,,1.3074980974197388,,0.8527743816375732,,0.6004431247711182,,0.10361222177743912
,5488.0,55,2.9296552384039387e-05,67199,,1.2511659860610962,,1.0314476490020752,,0.6005264520645142,,0.10361792147159576
,5416.0,55,2.9241378797451034e-05,67249,,1.5758748054504395,,0.9429308176040649,,0.600607693195343,,0.10362094640731812
,5440.0,55,2.9186207029852085e-05,67299,,1.1457065343856812,,1.17409348487854,,0.6006885766983032,,0.10362464189529419
,5476.0,55,2.9131035262253135e-05,67349,,1.1200807094573975,,0.9970964193344116,,0.6007738709449768,,0.10363613069057465
,5440.0,55,2.9075861675664783e-05,67399,,1.319940447807312,,0.8983847498893738,,0.6008516550064087,,0.10364194214344025
,5480.0,55,2.9020689908065833e-05,67449,,1.072667121887207,,0.9849835634231567,,0.6009370684623718,,0.10364826023578644
,5436.0,55,2.8965518140466884e-05,67499,,1.2472776174545288,,0.8829547762870789,,0.6010210514068604,,0.10365717113018036
,5472.0,55,2.891034455387853e-05,67549,,1.3573154211044312,,0.6944759488105774,,0.6011004447937012,,0.10365985333919525
5462.23779296875,,55,,67591,1.2763135433197021,,0.9198344349861145,,0.6002441048622131,,0.10360220819711685,
,5472.0,56,2.885517278627958e-05,67599,,1.3031891584396362,,1.159488320350647,,0.6011780500411987,,0.10366378724575043
,5496.0,56,2.879999919969123e-05,67649,,1.1392709016799927,,0.7788990139961243,,0.6012586951255798,,0.10367044061422348
,5452.0,56,2.874482743209228e-05,67699,,1.3607193231582642,,0.8640017509460449,,0.6013339757919312,,0.10367345809936523
,5492.0,56,2.868965566449333e-05,67749,,1.2323189973831177,,0.7237793803215027,,0.6014109253883362,,0.10367631912231445
,5468.0,56,2.8634482077904977e-05,67799,,1.3890464305877686,,0.9954410195350647,,0.6014881730079651,,0.10367999970912933
,5428.0,56,2.8579310310306028e-05,67849,,1.1128615140914917,,0.8653742671012878,,0.6015698313713074,,0.1036871150135994
,5436.0,56,2.8524138542707078e-05,67899,,1.5543509721755981,,1.1396361589431763,,0.6016513705253601,,0.10369366407394409
,5472.0,56,2.8468964956118725e-05,67949,,1.1137614250183105,,0.9127663373947144,,0.6017351746559143,,0.10370174050331116
,5476.0,56,2.8413793188519776e-05,67999,,1.2218068838119507,,0.7956184148788452,,0.6018143892288208,,0.10371007025241852
,5540.0,56,2.8358621420920826e-05,68049,,1.2526326179504395,,1.0442794561386108,,0.6018957495689392,,0.10372082144021988
,5436.0,56,2.8303447834332474e-05,68099,,1.161318063735962,,0.8586053252220154,,0.6019721031188965,,0.10372518002986908
,5436.0,56,2.8248276066733524e-05,68149,,1.2147634029388428,,0.8250342011451721,,0.6020539402961731,,0.10373342037200928
,5456.0,56,2.8193104299134575e-05,68199,,1.0532910823822021,,0.9725082516670227,,0.602131724357605,,0.10373570770025253
,5508.0,56,2.8137930712546222e-05,68249,,1.5471992492675781,,0.9391460418701172,,0.6022109389305115,,0.10373939573764801
,5340.0,56,2.8082758944947273e-05,68299,,1.180957555770874,,0.8857859373092651,,0.6022924184799194,,0.10374162346124649
,5536.0,56,2.802758535835892e-05,68349,,1.4555455446243286,,1.1078689098358154,,0.6023759841918945,,0.10374440252780914
,5476.0,56,2.797241359075997e-05,68399,,1.5859895944595337,,0.853651762008667,,0.6024583578109741,,0.10374723374843597
,5564.0,56,2.791724182316102e-05,68449,,1.3894320726394653,,1.0124406814575195,,0.6025446653366089,,0.10375496000051498
,5484.0,56,2.7862068236572668e-05,68499,,1.4607092142105103,,1.0652141571044922,,0.6026267409324646,,0.10376148670911789
,5504.0,56,2.780689646897372e-05,68549,,1.1520593166351318,,0.7702792286872864,,0.6027072668075562,,0.10376552492380142
,5516.0,56,2.775172470137477e-05,68599,,1.1982717514038086,,1.0495821237564087,,0.6027858853340149,,0.10377070307731628
,5336.0,56,2.7696551114786416e-05,68649,,1.1263797283172607,,0.6365686655044556,,0.6028638482093811,,0.10377383977174759
,5456.0,56,2.7641379347187467e-05,68699,,1.2860740423202515,,0.8765711188316345,,0.6029486656188965,,0.10377995669841766
,5428.0,56,2.7586207579588518e-05,68749,,1.057055115699768,,0.8543241620063782,,0.6030250787734985,,0.10378549993038177
5461.8349609375,,56,,68798,1.294666051864624,,0.909572958946228,,0.602193295955658,,0.10373923927545547,
,5448.0,57,2.7531033993000165e-05,68799,,1.126061201095581,,0.9108818769454956,,0.6030999422073364,,0.10378803312778473
,5376.0,57,2.7475862225401215e-05,68849,,1.9021552801132202,,0.9895978569984436,,0.6031803488731384,,0.10379470884799957
,5460.0,57,2.7420690457802266e-05,68899,,1.1192785501480103,,0.5876163840293884,,0.6032617688179016,,0.10380205512046814
,5392.0,57,2.7365516871213913e-05,68949,,1.1090121269226074,,0.8881463408470154,,0.6033390760421753,,0.10380680859088898
,5452.0,57,2.7310345103614964e-05,68999,,1.2358630895614624,,0.9480224251747131,,0.6034183502197266,,0.10381578654050827
,5404.0,57,2.725517151702661e-05,69049,,1.2242281436920166,,0.8012978434562683,,0.6034963726997375,,0.10382245481014252
,5528.0,57,2.719999974942766e-05,69099,,1.2034140825271606,,1.1307870149612427,,0.603566586971283,,0.1038290411233902
,5460.0,57,2.7144827981828712e-05,69149,,1.4475187063217163,,0.8180791735649109,,0.6036508083343506,,0.10383839905261993
,5580.0,57,2.708965439524036e-05,69199,,1.3350584506988525,,1.0857518911361694,,0.6037247776985168,,0.10384330153465271
,5480.0,57,2.703448262764141e-05,69249,,1.5268131494522095,,0.9143925309181213,,0.6038012504577637,,0.10385020077228546
,5520.0,57,2.697931086004246e-05,69299,,1.5180654525756836,,1.057233214378357,,0.6038775444030762,,0.10385233908891678
,5472.0,57,2.6924137273454107e-05,69349,,1.5312796831130981,,0.8834766149520874,,0.603956937789917,,0.10385672748088837
,5440.0,57,2.6868965505855158e-05,69399,,1.1466705799102783,,0.8029660582542419,,0.6040384769439697,,0.10386449843645096
,5492.0,57,2.681379373825621e-05,69449,,1.2116432189941406,,0.9993386268615723,,0.6041188836097717,,0.10386845469474792
,5504.0,57,2.6758620151667856e-05,69499,,1.3873456716537476,,1.1086163520812988,,0.6041960120201111,,0.1038728803396225
,5468.0,57,2.6703448384068906e-05,69549,,1.2522228956222534,,0.5607505440711975,,0.6042771339416504,,0.10388267785310745
,5456.0,57,2.6648276616469957e-05,69599,,1.2978166341781616,,1.235526204109192,,0.6043587923049927,,0.10389013588428497
,5496.0,57,2.6593103029881604e-05,69649,,1.1345752477645874,,0.8583981990814209,,0.6044323444366455,,0.10389608144760132
,5376.0,57,2.6537931262282655e-05,69699,,1.3851587772369385,,0.960026741027832,,0.6045069694519043,,0.10390283167362213
,5508.0,57,2.6482759494683705e-05,69749,,1.3898307085037231,,0.9402766823768616,,0.6045817732810974,,0.10390918701887131
,5432.0,57,2.6427585908095352e-05,69799,,1.3663727045059204,,1.0785988569259644,,0.6046614050865173,,0.10391785204410553
,5460.0,57,2.6372414140496403e-05,69849,,1.349798321723938,,0.8812134265899658,,0.6047406196594238,,0.10392527282238007
,5484.0,57,2.631724055390805e-05,69899,,1.3225315809249878,,1.022291898727417,,0.6048191785812378,,0.10393361002206802
,5436.0,57,2.62620687863091e-05,69949,,1.6466381549835205,,0.8843717575073242,,0.6048964262008667,,0.10393594950437546
,5460.0,57,2.620689701871015e-05,69999,,1.801695704460144,,0.9439442157745361,,0.6049692034721375,,0.10393879562616348
5462.10009765625,,57,,70005,1.3082389831542969,,0.9084707498550415,,0.604106068611145,,0.10387668013572693,
,5448.0,58,2.61517234321218e-05,70049,,1.400492548942566,,0.8894549012184143,,0.6050417423248291,,0.10394540429115295
,5532.0,58,2.609655166452285e-05,70099,,1.1274919509887695,,1.1502426862716675,,0.6051149368286133,,0.1039511188864708
,5460.0,58,2.60413798969239e-05,70149,,1.3732861280441284,,0.7526255249977112,,0.6051867604255676,,0.10395824909210205
,5488.0,58,2.5986206310335547e-05,70199,,1.535990834236145,,0.588215172290802,,0.6052619814872742,,0.10396130383014679
,5500.0,58,2.5931034542736597e-05,70249,,1.2576040029525757,,1.0447226762771606,,0.6053469181060791,,0.10397468507289886
,5436.0,58,2.5875862775137648e-05,70299,,1.3288300037384033,,0.9544768929481506,,0.6054251194000244,,0.10398243367671967
,5512.0,58,2.5820689188549295e-05,70349,,1.3992067575454712,,0.8277748227119446,,0.6054974794387817,,0.10399004071950912
,5420.0,58,2.5765517420950346e-05,70399,,1.3916902542114258,,0.7977114915847778,,0.6055730581283569,,0.10399691015481949
,5448.0,58,2.5710345653351396e-05,70449,,1.745855450630188,,0.6913976073265076,,0.6056530475616455,,0.10400786250829697
,5540.0,58,2.5655172066763043e-05,70499,,1.4227696657180786,,0.8291242718696594,,0.6057264804840088,,0.1040162593126297
,5564.0,58,2.5600000299164094e-05,70549,,1.1648205518722534,,0.8295257687568665,,0.6058040261268616,,0.10402564704418182
,5504.0,58,2.554482671257574e-05,70599,,1.1290524005889893,,1.0624077320098877,,0.6058815717697144,,0.10403580963611603
,5524.0,58,2.5489654944976792e-05,70649,,1.3021937608718872,,1.1328579187393188,,0.605956494808197,,0.10403980314731598
,5508.0,58,2.5434483177377842e-05,70699,,1.3464330434799194,,1.3796043395996094,,0.606034517288208,,0.10404564440250397
,5420.0,58,2.537930959078949e-05,70749,,1.288081169128418,,0.8332496881484985,,0.6061108112335205,,0.10405062139034271
,5448.0,58,2.532413782319054e-05,70799,,1.1538578271865845,,0.6967569589614868,,0.6061906218528748,,0.10405351221561432
,5504.0,58,2.526896605559159e-05,70849,,1.6335235834121704,,0.67936772108078,,0.6062671542167664,,0.10405955463647842
,5476.0,58,2.5213792469003238e-05,70899,,1.7769302129745483,,0.6903988122940063,,0.6063452959060669,,0.10406474024057388
,5520.0,58,2.515862070140429e-05,70949,,1.3163601160049438,,0.6137186884880066,,0.606425404548645,,0.10407193750143051
,5376.0,58,2.510344893380534e-05,70999,,1.3011687994003296,,0.7833094000816345,,0.6065024137496948,,0.10407772660255432
,5436.0,58,2.5048275347216986e-05,71049,,1.0265222787857056,,0.7373030185699463,,0.6065807938575745,,0.10408225655555725
,5496.0,58,2.4993103579618037e-05,71099,,1.5114208459854126,,0.8508018851280212,,0.6066523790359497,,0.10408885776996613
,5476.0,58,2.4937931812019087e-05,71149,,1.3224518299102783,,0.8083399534225464,,0.6067271828651428,,0.10409334301948547
,5516.0,58,2.4882758225430734e-05,71199,,1.8871043920516968,,0.689080536365509,,0.6067996025085449,,0.1040966808795929
5464.6416015625,,58,,71212,1.3353383541107178,,0.898888349533081,,0.6059608459472656,,0.10403654724359512,
,5456.0,59,2.4827586457831785e-05,71249,,1.3978047370910645,,0.725136935710907,,0.6068738698959351,,0.10410721600055695
,5444.0,59,2.4772414690232836e-05,71299,,1.4129198789596558,,0.6856266260147095,,0.6069525480270386,,0.1041172593832016
,5448.0,59,2.4717241103644483e-05,71349,,1.2914927005767822,,0.905919075012207,,0.6070289611816406,,0.10412119328975677
,5476.0,59,2.4662069336045533e-05,71399,,1.2747161388397217,,0.7222113013267517,,0.6071040630340576,,0.10412317514419556
,5528.0,59,2.460689574945718e-05,71449,,1.1593440771102905,,0.8966661095619202,,0.6071775555610657,,0.10412654280662537
,5448.0,59,2.455172398185823e-05,71499,,1.355171799659729,,0.6673941612243652,,0.607253909111023,,0.10412736237049103
,5524.0,59,2.4496552214259282e-05,71549,,1.1233073472976685,,0.6906934976577759,,0.6073250770568848,,0.10413108766078949
,5540.0,59,2.444137862767093e-05,71599,,1.200108528137207,,0.6800193786621094,,0.6073983907699585,,0.10413450002670288
,5472.0,59,2.438620686007198e-05,71649,,1.07333242893219,,0.8782764077186584,,0.6074738502502441,,0.10414031893014908
,5484.0,59,2.433103509247303e-05,71699,,1.234594464302063,,1.0457017421722412,,0.607549786567688,,0.10414396226406097
,5368.0,59,2.4275861505884677e-05,71749,,1.2850897312164307,,0.7913622856140137,,0.6076275110244751,,0.10414627194404602
,5388.0,59,2.4220689738285728e-05,71799,,1.3493419885635376,,0.8830329179763794,,0.6077014207839966,,0.1041511595249176
,5460.0,59,2.416551797068678e-05,71849,,1.5628578662872314,,1.0361422300338745,,0.6077743768692017,,0.10415056347846985
,5444.0,59,2.4110344384098426e-05,71899,,1.5100305080413818,,0.8773536086082458,,0.6078490018844604,,0.10415545105934143
,5508.0,59,2.4055172616499476e-05,71949,,1.3671728372573853,,0.9001044631004333,,0.607927680015564,,0.10416001081466675
,5452.0,59,2.4000000848900527e-05,71999,,1.4225406646728516,,0.8627554178237915,,0.6080014109611511,,0.10416561365127563
,5372.0,59,2.3944827262312174e-05,72049,,1.369882345199585,,0.8383814692497253,,0.6080777645111084,,0.10416953265666962
,5424.0,59,2.3889655494713224e-05,72099,,1.3628573417663574,,0.8886317610740662,,0.6081493496894836,,0.10417454689741135
,5408.0,59,2.383448190812487e-05,72149,,1.2629050016403198,,0.8307406306266785,,0.6082240343093872,,0.1041812151670456
,5364.0,59,2.3779310140525922e-05,72199,,1.2925063371658325,,0.8908534049987793,,0.608296275138855,,0.10418583452701569
,5368.0,59,2.3724138372926973e-05,72249,,1.5574151277542114,,1.0315333604812622,,0.6083731055259705,,0.10419079661369324
,5416.0,59,2.366896478633862e-05,72299,,1.2906286716461182,,0.8013092875480652,,0.6084456443786621,,0.10419413447380066
,5428.0,59,2.361379301873967e-05,72349,,1.2497267723083496,,0.8958597779273987,,0.6085190773010254,,0.1041959896683693
,5448.0,59,2.355862125114072e-05,72399,,1.6363201141357422,,0.7283642292022705,,0.608589768409729,,0.10419536381959915
5460.8134765625,,59,,72419,1.341579556465149,,0.9084879159927368,,0.6077882647514343,,0.1041637435555458,
,5428.0,60,2.3503447664552368e-05,72449,,1.304674506187439,,0.6869197487831116,,0.6086628437042236,,0.10419769585132599
,5544.0,60,2.344827589695342e-05,72499,,1.3801003694534302,,0.7631219625473022,,0.6087354421615601,,0.10419824719429016
,5476.0,60,2.339310412935447e-05,72549,,1.1709785461425781,,0.8092033863067627,,0.6088080406188965,,0.10420113801956177
,5496.0,60,2.3337930542766117e-05,72599,,1.1261037588119507,,1.0354706048965454,,0.6088829040527344,,0.10420507192611694
,5432.0,60,2.3282758775167167e-05,72649,,1.1477680206298828,,1.2524371147155762,,0.6089558601379395,,0.10421092063188553
,5424.0,60,2.3227587007568218e-05,72699,,1.3013440370559692,,0.7337542176246643,,0.6090306639671326,,0.10421547293663025
,5508.0,60,2.3172413420979865e-05,72749,,1.3053109645843506,,0.8276200890541077,,0.6091024279594421,,0.10421440750360489
,5476.0,60,2.3117241653380916e-05,72799,,1.5246903896331787,,0.7947286367416382,,0.6091732382774353,,0.10421620309352875
,5524.0,60,2.3062068066792563e-05,72849,,1.6212059259414673,,0.8584270477294922,,0.6092434525489807,,0.10421775281429291
,5460.0,60,2.3006896299193613e-05,72899,,1.1932711601257324,,1.0062674283981323,,0.6093164086341858,,0.10422331094741821
,5556.0,60,2.2951724531594664e-05,72949,,1.4126594066619873,,1.0443974733352661,,0.6093906164169312,,0.10422579199075699
,5436.0,60,2.289655094500631e-05,72999,,1.4246020317077637,,0.8416755199432373,,0.6094654202461243,,0.10423142462968826
,5480.0,60,2.284137917740736e-05,73049,,2.0831503868103027,,0.7671323418617249,,0.6095389723777771,,0.10423504561185837
,5488.0,60,2.2786207409808412e-05,73099,,1.4120376110076904,,0.7059221863746643,,0.6096117496490479,,0.1042376160621643
,5416.0,60,2.273103382322006e-05,73149,,1.3128846883773804,,0.7203673720359802,,0.6096882820129395,,0.10424366593360901
,5440.0,60,2.267586205562111e-05,73199,,1.331666350364685,,0.7892012000083923,,0.6097569465637207,,0.10424759984016418
,5492.0,60,2.262069028802216e-05,73249,,1.6618270874023438,,1.140297532081604,,0.6098285913467407,,0.10425107181072235
,5464.0,60,2.2565516701433808e-05,73299,,1.5743905305862427,,0.968558132648468,,0.6098992824554443,,0.10425283014774323
,5492.0,60,2.2510344933834858e-05,73349,,1.201205849647522,,0.7526282668113708,,0.6099709868431091,,0.10425473004579544
,5424.0,60,2.245517316623591e-05,73399,,1.199964165687561,,0.8218507170677185,,0.6100414991378784,,0.10425817966461182
,5448.0,60,2.2399999579647556e-05,73449,,1.5388190746307373,,0.9600788950920105,,0.6101168394088745,,0.1042621061205864
,5452.0,60,2.2344827812048607e-05,73499,,1.2964977025985718,,0.8711965680122375,,0.6101892590522766,,0.10426899790763855
,5472.0,60,2.2289656044449657e-05,73549,,1.3601667881011963,,0.8588901162147522,,0.6102607250213623,,0.10427448898553848
,5484.0,60,2.2234482457861304e-05,73599,,1.6168631315231323,,0.8709025382995605,,0.610331118106842,,0.10427676141262054
5464.5302734375,,60,,73626,1.35410737991333,,0.8963162899017334,,0.60956209897995,,0.10424510389566422,
,5424.0,61,2.2179310690262355e-05,73649,,1.826991081237793,,0.8562664985656738,,0.6104046106338501,,0.1042817085981369
,5508.0,61,2.2124137103674002e-05,73699,,1.6652638912200928,,0.9029245376586914,,0.610476016998291,,0.1042853444814682
,5448.0,61,2.2068965336075053e-05,73749,,1.7211130857467651,,1.2102735042572021,,0.6105449199676514,,0.10428749024868011
,5500.0,61,2.2013793568476103e-05,73799,,1.1787647008895874,,0.7494102716445923,,0.6106182336807251,,0.10429279506206512
,5396.0,61,2.195861998188775e-05,73849,,1.2179794311523438,,0.6347591280937195,,0.6106868982315063,,0.10429511964321136
,5392.0,61,2.19034482142888e-05,73899,,1.2981066703796387,,0.6658980846405029,,0.6107586026191711,,0.10430043935775757
,5440.0,61,2.184827644668985e-05,73949,,1.358823299407959,,0.7689507007598877,,0.6108261942863464,,0.10430508106946945
,5380.0,61,2.17931028601015e-05,73999,,1.1422888040542603,,0.7110491991043091,,0.6108960509300232,,0.1043071523308754
,5420.0,61,2.173793109250255e-05,74049,,1.2207356691360474,,0.9799290299415588,,0.6109709739685059,,0.10431203991174698
,5480.0,61,2.16827593249036e-05,74099,,1.643329381942749,,1.0764235258102417,,0.6110430955886841,,0.10431645810604095
,5496.0,61,2.1627585738315247e-05,74149,,1.5042680501937866,,1.1554112434387207,,0.6111112236976624,,0.10431989282369614
,5464.0,61,2.1572413970716298e-05,74199,,1.9242981672286987,,1.1450557708740234,,0.6111833453178406,,0.10432553291320801
,5516.0,61,2.1517242203117348e-05,74249,,1.1185462474822998,,0.9119137525558472,,0.6112511157989502,,0.10432563722133636
,5460.0,61,2.1462068616528995e-05,74299,,1.3001412153244019,,0.802335798740387,,0.6113202571868896,,0.10433191061019897
,5484.0,61,2.1406896848930046e-05,74349,,1.4856815338134766,,1.0380514860153198,,0.6113958358764648,,0.10433746874332428
,5468.0,61,2.1351723262341693e-05,74399,,1.6128188371658325,,0.6496548652648926,,0.6114654541015625,,0.10434482246637344
,5496.0,61,2.1296551494742744e-05,74449,,1.5852872133255005,,0.9015834927558899,,0.6115365028381348,,0.10434909909963608
,5448.0,61,2.1241379727143794e-05,74499,,1.705187439918518,,0.9813774228096008,,0.6116098761558533,,0.10435616225004196
,5428.0,61,2.118620614055544e-05,74549,,1.468062162399292,,0.7721889615058899,,0.6116811037063599,,0.10436122119426727
,5504.0,61,2.1131034372956492e-05,74599,,1.4165968894958496,,1.025514006614685,,0.6117513179779053,,0.10436497628688812
,5396.0,61,2.1075862605357543e-05,74649,,1.3974804878234863,,0.8471415638923645,,0.6118213534355164,,0.10437273979187012
,5516.0,61,2.102068901876919e-05,74699,,1.5028417110443115,,1.0384947061538696,,0.6118926405906677,,0.10437840223312378
,5524.0,61,2.096551725117024e-05,74749,,1.5856221914291382,,0.5646169781684875,,0.6119625568389893,,0.10438250005245209
,5452.0,61,2.091034548357129e-05,74799,,1.705485463142395,,0.8324720859527588,,0.6120334267616272,,0.1043827161192894
5463.62548828125,,61,,74833,1.3779922723770142,,0.8921706676483154,,0.6112897992134094,,0.10434103012084961,
,5496.0,62,2.0855171896982938e-05,74849,,1.3703299760818481,,0.8429607152938843,,0.6121039390563965,,0.10438709706068039
,5420.0,62,2.080000012938399e-05,74899,,1.5278321504592896,,0.7597635984420776,,0.6121736168861389,,0.10439048707485199
,5448.0,62,2.074482836178504e-05,74949,,1.3533469438552856,,0.9030716419219971,,0.6122462153434753,,0.10439588129520416
,5560.0,62,2.0689654775196686e-05,74999,,1.3513323068618774,,0.546550989151001,,0.6123199462890625,,0.10439920425415039
,5464.0,62,2.0634483007597737e-05,75049,,1.862778663635254,,0.6365341544151306,,0.6123873591423035,,0.10440287739038467
,5476.0,62,2.0579311239998788e-05,75099,,1.2663815021514893,,0.8512551784515381,,0.6124570369720459,,0.10440799593925476
,5556.0,62,2.0524137653410435e-05,75149,,1.1490894556045532,,1.081384301185608,,0.6125273108482361,,0.10441704839468002
,5472.0,62,2.0468965885811485e-05,75199,,1.183194637298584,,0.9223315715789795,,0.612591028213501,,0.10441979020833969
,5424.0,62,2.0413792299223132e-05,75249,,1.1674302816390991,,1.3019342422485352,,0.6126629710197449,,0.10442271083593369
,5468.0,62,2.0358620531624183e-05,75299,,1.2098873853683472,,0.9397417306900024,,0.6127321720123291,,0.10442973673343658
,5476.0,62,2.0303448764025234e-05,75349,,1.3255378007888794,,0.9647852778434753,,0.6128032803535461,,0.10443413257598877
,5504.0,62,2.024827517743688e-05,75399,,1.2189511060714722,,0.9074390530586243,,0.612876832485199,,0.1044391542673111
,5400.0,62,2.019310340983793e-05,75449,,1.660961389541626,,0.5582276582717896,,0.6129440069198608,,0.10444238036870956
,5440.0,62,2.0137931642238982e-05,75499,,1.4177080392837524,,1.2985490560531616,,0.6130156517028809,,0.1044495552778244
,5448.0,62,2.008275805565063e-05,75549,,1.3565468788146973,,0.8305333256721497,,0.6130908131599426,,0.10445941239595413
,5496.0,62,2.002758628805168e-05,75599,,1.322072982788086,,0.8840567469596863,,0.6131573915481567,,0.10446471720933914
,5436.0,62,1.997241452045273e-05,75649,,1.5023739337921143,,1.0381447076797485,,0.6132239699363708,,0.10446763783693314
,5480.0,62,1.9917240933864377e-05,75699,,1.581262469291687,,0.7585201859474182,,0.6132940649986267,,0.10446957498788834
,5432.0,62,1.9862069166265428e-05,75749,,1.293807029724121,,0.8359442353248596,,0.6133617758750916,,0.10447706282138824
,5436.0,62,1.980689739866648e-05,75799,,1.3188904523849487,,0.6834037899971008,,0.6134291887283325,,0.10448221862316132
,5444.0,62,1.9751723812078126e-05,75849,,1.4989874362945557,,0.6741517186164856,,0.6135006546974182,,0.1044921800494194
,5464.0,62,1.9696552044479176e-05,75899,,1.3222864866256714,,0.7155045866966248,,0.6135672330856323,,0.10449480265378952
,5436.0,62,1.9641378457890823e-05,75949,,1.6775060892105103,,1.0364007949829102,,0.6136336922645569,,0.10449749231338501
,5384.0,62,1.9586206690291874e-05,75999,,1.4777953624725342,,1.003831148147583,,0.613699197769165,,0.10450196266174316
5462.982421875,,62,,76040,1.377462387084961,,0.8894234299659729,,0.6129895448684692,,0.10445545613765717,
,5336.0,63,1.9531034922692925e-05,76049,,1.3788108825683594,,0.6171853542327881,,0.6137661933898926,,0.10450438410043716
,5344.0,63,1.9475861336104572e-05,76099,,1.3479653596878052,,0.8915656805038452,,0.61383455991745,,0.1045093983411789
,5476.0,63,1.9420689568505622e-05,76149,,1.2933716773986816,,0.737443745136261,,0.6139042973518372,,0.10451415926218033
,5420.0,63,1.9365517800906673e-05,76199,,1.2169733047485352,,0.7922921776771545,,0.613973081111908,,0.10451828688383102
,5400.0,63,1.931034421431832e-05,76249,,1.2261912822723389,,0.8720431327819824,,0.6140394806861877,,0.10452282428741455
,5492.0,63,1.925517244671937e-05,76299,,1.1213984489440918,,0.9562699794769287,,0.6141051650047302,,0.10452400147914886
,5464.0,63,1.920000067912042e-05,76349,,1.2773598432540894,,0.6639075875282288,,0.6141695976257324,,0.10452605038881302
,5436.0,63,1.914482709253207e-05,76399,,1.3864604234695435,,1.146216630935669,,0.6142367124557495,,0.10453303158283234
,5452.0,63,1.908965532493312e-05,76449,,1.6029279232025146,,0.7761656641960144,,0.6143045425415039,,0.10453706979751587
,5376.0,63,1.903448355733417e-05,76499,,1.4528101682662964,,1.7157738208770752,,0.614378035068512,,0.10454360395669937
,5472.0,63,1.8979309970745817e-05,76549,,1.58866286277771,,0.7797174453735352,,0.6144476532936096,,0.10454601049423218
,5512.0,63,1.8924138203146867e-05,76599,,1.3969066143035889,,0.6632740497589111,,0.6145139932632446,,0.10454963892698288
,5440.0,63,1.8868964616558515e-05,76649,,1.5674182176589966,,1.0215810537338257,,0.6145800948143005,,0.10455013811588287
,5492.0,63,1.8813792848959565e-05,76699,,1.4394934177398682,,0.934143602848053,,0.6146502494812012,,0.1045541986823082
,5476.0,63,1.8758621081360616e-05,76749,,1.1285423040390015,,0.9227498173713684,,0.614715576171875,,0.10455958545207977
,5444.0,63,1.8703447494772263e-05,76799,,1.5437449216842651,,0.8921370506286621,,0.6147791147232056,,0.10456296801567078
,5452.0,63,1.8648275727173313e-05,76849,,1.6547611951828003,,0.9628631472587585,,0.6148437857627869,,0.10456609725952148
,5432.0,63,1.8593103959574364e-05,76899,,1.3178514242172241,,0.9234082102775574,,0.6149131059646606,,0.10456789284944534
,5436.0,63,1.853793037298601e-05,76949,,1.591749668121338,,1.1492992639541626,,0.6149811744689941,,0.10457294434309006
,5488.0,63,1.8482758605387062e-05,76999,,1.5422612428665161,,1.1148912906646729,,0.6150488257408142,,0.10457827150821686
,5428.0,63,1.8427586837788112e-05,77049,,1.3808705806732178,,0.9448251128196716,,0.6151173114776611,,0.10458201169967651
,5456.0,63,1.837241325119976e-05,77099,,1.2474124431610107,,0.8393701910972595,,0.6151883602142334,,0.10458730161190033
,5476.0,63,1.831724148360081e-05,77149,,1.1815681457519531,,0.7846498489379883,,0.615254282951355,,0.10459323227405548
,5452.0,63,1.826206971600186e-05,77199,,1.295546531677246,,0.8242042660713196,,0.6153222322463989,,0.1045990139245987
5460.580078125,,63,,77247,1.400910496711731,,0.8868524432182312,,0.6146354079246521,,0.10456249117851257,
,5436.0,64,1.8206896129413508e-05,77249,,1.3826379776000977,,0.8734753131866455,,0.6153914928436279,,0.10460483282804489
,5408.0,64,1.815172436181456e-05,77299,,1.3302797079086304,,0.9093281626701355,,0.6154603362083435,,0.10461118817329407
,5396.0,64,1.809655259421561e-05,77349,,1.5911062955856323,,0.8716344237327576,,0.6155269145965576,,0.10461648553609848
,5432.0,64,1.8041379007627256e-05,77399,,1.264424204826355,,0.8825507760047913,,0.615593671798706,,0.10462047159671783
,5484.0,64,1.7986207240028307e-05,77449,,1.2745269536972046,,0.9570448398590088,,0.6156617403030396,,0.1046253964304924
,5504.0,64,1.7931033653439954e-05,77499,,1.5174978971481323,,1.0742908716201782,,0.6157240867614746,,0.10462808609008789
,5440.0,64,1.7875861885841005e-05,77549,,1.1676757335662842,,0.8211490511894226,,0.6157872676849365,,0.10463140904903412
,5456.0,64,1.7820690118242055e-05,77599,,1.8407626152038574,,0.6773189306259155,,0.6158511638641357,,0.10463348031044006
,5488.0,64,1.7765516531653702e-05,77649,,1.3265047073364258,,0.9184552431106567,,0.6159228086471558,,0.10463729500770569
,5476.0,64,1.7710344764054753e-05,77699,,1.272706151008606,,0.9633070826530457,,0.6159890294075012,,0.10464487969875336
,5456.0,64,1.7655172996455804e-05,77749,,1.3179987668991089,,0.8272147178649902,,0.616056501865387,,0.10465221107006073
,5496.0,64,1.759999940986745e-05,77799,,1.2752346992492676,,0.5393246412277222,,0.6161245703697205,,0.1046559065580368
,5568.0,64,1.75448276422685e-05,77849,,1.3123067617416382,,1.0867611169815063,,0.6161904335021973,,0.10465969890356064
,5480.0,64,1.7489655874669552e-05,77899,,1.4246958494186401,,1.227224588394165,,0.6162611246109009,,0.10466637462377548
,5500.0,64,1.74344822880812e-05,77949,,1.5512837171554565,,1.1092731952667236,,0.6163263320922852,,0.10466760396957397
,5488.0,64,1.737931052048225e-05,77999,,1.1650702953338623,,0.800923764705658,,0.616391658782959,,0.10467547178268433
,5400.0,64,1.73241387528833e-05,78049,,1.2714734077453613,,0.936295211315155,,0.6164591908454895,,0.1046849861741066
,5472.0,64,1.7268965166294947e-05,78099,,1.9679316282272339,,0.9180030226707458,,0.6165236234664917,,0.10468907654285431
,5396.0,64,1.7213793398695998e-05,78149,,1.2800862789154053,,0.8327622413635254,,0.6165896654129028,,0.10469025373458862
,5464.0,64,1.7158619812107645e-05,78199,,1.5245858430862427,,0.7055411338806152,,0.616656482219696,,0.1046927347779274
,5496.0,64,1.7103448044508696e-05,78249,,1.6081613302230835,,0.6402325630187988,,0.6167247295379639,,0.10469657182693481
,5412.0,64,1.7048276276909746e-05,78299,,1.2611719369888306,,0.6774146556854248,,0.6167919635772705,,0.10469865798950195
,5476.0,64,1.6993102690321393e-05,78349,,1.3553582429885864,,0.9849961996078491,,0.6168580055236816,,0.10470376908779144
,5488.0,64,1.6937930922722444e-05,78399,,1.209975242614746,,0.700767457485199,,0.616922914981842,,0.10470792651176453
,5424.0,64,1.6882759155123495e-05,78449,,1.3819053173065186,,1.1697642803192139,,0.6169862747192383,,0.10471288859844208
5462.0166015625,,64,,78454,1.4023476839065552,,0.8894179463386536,,0.6162574887275696,,0.10467144101858139,
,5352.0,65,1.682758556853514e-05,78499,,1.3338878154754639,,0.48653918504714966,,0.6170540452003479,,0.10471711307764053
,5492.0,65,1.6772413800936192e-05,78549,,1.2943140268325806,,1.1624953746795654,,0.6171154975891113,,0.10472193360328674
,5432.0,65,1.6717242033337243e-05,78599,,1.7015118598937988,,0.8979364633560181,,0.617181658744812,,0.10472510755062103
,5584.0,65,1.666206844674889e-05,78649,,1.31058669090271,,1.2442914247512817,,0.6172487735748291,,0.10473041981458664
,5468.0,65,1.660689667914994e-05,78699,,1.6108062267303467,,0.7399484515190125,,0.6173149347305298,,0.10473591089248657
,5312.0,65,1.655172491155099e-05,78749,,1.6472059488296509,,0.7721181511878967,,0.6173830032348633,,0.10474315285682678
,5476.0,65,1.649655132496264e-05,78799,,1.3227357864379883,,0.7890448570251465,,0.6174485683441162,,0.10474807024002075
,5488.0,65,1.644137955736369e-05,78849,,1.3262349367141724,,0.7987092137336731,,0.6175118088722229,,0.10475067794322968
,5496.0,65,1.638620778976474e-05,78899,,1.3666316270828247,,0.7713897228240967,,0.6175752282142639,,0.10475483536720276
,5440.0,65,1.6331034203176387e-05,78949,,1.1978089809417725,,0.8332360982894897,,0.6176377534866333,,0.10476011037826538
,5436.0,65,1.6275862435577437e-05,78999,,1.5947887897491455,,0.968255341053009,,0.6177053451538086,,0.10476522892713547
,5416.0,65,1.6220688848989084e-05,79049,,1.7472338676452637,,0.9730032086372375,,0.617773175239563,,0.1047704815864563
,5464.0,65,1.6165517081390135e-05,79099,,1.1473901271820068,,0.9950859546661377,,0.6178371906280518,,0.10477349162101746
,5524.0,65,1.6110345313791186e-05,79149,,1.2367644309997559,,1.1311644315719604,,0.6179019212722778,,0.10477813333272934
,5428.0,65,1.6055171727202833e-05,79199,,1.3933994770050049,,0.6954882740974426,,0.6179695129394531,,0.10478252172470093
,5516.0,65,1.5999999959603883e-05,79249,,1.522139072418213,,0.7199414372444153,,0.6180346012115479,,0.10478682070970535
,5432.0,65,1.5944828192004934e-05,79299,,1.2941818237304688,,0.8884550929069519,,0.6180944442749023,,0.1047864705324173
,5528.0,65,1.588965460541658e-05,79349,,1.4811984300613403,,1.0219457149505615,,0.6181550025939941,,0.1047872006893158
,5436.0,65,1.583448283781763e-05,79399,,1.2044062614440918,,1.1501824855804443,,0.6182205080986023,,0.10479196161031723
,5420.0,65,1.5779311070218682e-05,79449,,1.1517791748046875,,0.8223574757575989,,0.6182870268821716,,0.10479980707168579
,5496.0,65,1.572413748363033e-05,79499,,1.8789658546447754,,0.9885075688362122,,0.6183475852012634,,0.10480324178934097
,5520.0,65,1.566896571603138e-05,79549,,1.2767943143844604,,0.9993748664855957,,0.6184099912643433,,0.1048087626695633
,5508.0,65,1.561379394843243e-05,79599,,1.107885479927063,,0.6165336966514587,,0.6184753179550171,,0.10481814295053482
,5480.0,65,1.5558620361844078e-05,79649,,1.2776907682418823,,0.8553577661514282,,0.6185421943664551,,0.10482713580131531
5459.55078125,,65,,79661,1.4151134490966797,,0.8750665187835693,,0.61784428358078,,0.10477891564369202,
,5468.0,66,1.550344859424513e-05,79699,,1.5341203212738037,,0.7286165356636047,,0.6186063289642334,,0.10483185946941376
,5428.0,66,1.5448275007656775e-05,79749,,1.6113499402999878,,0.916620135307312,,0.6186678409576416,,0.10483744740486145
,5468.0,66,1.5393103240057826e-05,79799,,1.265435814857483,,0.761014997959137,,0.6187314987182617,,0.10484220832586288
,5464.0,66,1.5337931472458877e-05,79849,,1.0998687744140625,,0.863138735294342,,0.6187951564788818,,0.10484939813613892
,5500.0,66,1.5282757885870524e-05,79899,,1.500072717666626,,0.8063507676124573,,0.6188627481460571,,0.10485434532165527
,5416.0,66,1.5227586118271574e-05,79949,,1.4015944004058838,,0.6457560658454895,,0.6189281940460205,,0.10486522316932678
,5468.0,66,1.5172413441177923e-05,79999,,1.5579382181167603,,0.8835970163345337,,0.6189922094345093,,0.10486933588981628
,5448.0,66,1.5117241673578974e-05,80049,,1.2208421230316162,,0.6893151998519897,,0.6190567016601562,,0.10487768799066544
,5512.0,66,1.5062068996485323e-05,80099,,1.585615634918213,,0.9188639521598816,,0.6191216707229614,,0.1048828586935997
,5368.0,66,1.5006896319391672e-05,80149,,1.6116149425506592,,0.8291824460029602,,0.6191835999488831,,0.10488902032375336
,5460.0,66,1.4951724551792722e-05,80199,,1.095670461654663,,0.6809003353118896,,0.6192491054534912,,0.10489702224731445
,5412.0,66,1.4896551874699071e-05,80249,,1.2738089561462402,,0.9009404182434082,,0.6193113923072815,,0.10489967465400696
,5492.0,66,1.484137919760542e-05,80299,,1.3630445003509521,,0.8352921605110168,,0.6193735599517822,,0.10490000993013382
,5432.0,66,1.4786206520511769e-05,80349,,1.2066115140914917,,0.6787285804748535,,0.6194371581077576,,0.10490377247333527
,5404.0,66,1.473103475291282e-05,80399,,1.7431312799453735,,0.841860830783844,,0.619497537612915,,0.10491026192903519
,5448.0,66,1.4675862075819168e-05,80449,,1.2298038005828857,,0.9967314600944519,,0.6195591688156128,,0.10491538047790527
,5444.0,66,1.4620689398725517e-05,80499,,1.4817097187042236,,0.8283743858337402,,0.6196240186691284,,0.10492056608200073
,5512.0,66,1.4565517631126568e-05,80549,,1.3748549222946167,,0.47081229090690613,,0.6196883916854858,,0.1049228310585022
,5528.0,66,1.4510344954032917e-05,80599,,1.726070523262024,,0.9178746342658997,,0.619749903678894,,0.10492787510156631
,5496.0,66,1.4455172276939265e-05,80649,,1.3833229541778564,,1.0473744869232178,,0.6198108792304993,,0.10493239760398865
,5408.0,66,1.4399999599845614e-05,80699,,1.3696914911270142,,0.8110504746437073,,0.6198750734329224,,0.10493698716163635
,5512.0,66,1.4344827832246665e-05,80749,,1.461561918258667,,0.7432488203048706,,0.6199389696121216,,0.10494312644004822
,5492.0,66,1.4289655155153014e-05,80799,,1.1569980382919312,,1.0263540744781494,,0.6200041770935059,,0.1049497202038765
,5464.0,66,1.4234482478059363e-05,80849,,1.3278125524520874,,0.5805295705795288,,0.6200674176216125,,0.10495954751968384
5463.2744140625,,66,,80868,1.418237328529358,,0.8810916543006897,,0.6193917393684387,,0.10490668565034866,
,5472.0,67,1.4179310710460413e-05,80899,,1.4456135034561157,,1.1122770309448242,,0.6201313734054565,,0.10496720671653748
,5492.0,67,1.4124138033366762e-05,80949,,1.2945020198822021,,1.0023748874664307,,0.6201964616775513,,0.10497531294822693
,5500.0,67,1.4068965356273111e-05,80999,,1.373481273651123,,0.7929463982582092,,0.6202630996704102,,0.10498403012752533
,5504.0,67,1.401379267917946e-05,81049,,1.5626790523529053,,0.8917424082756042,,0.6203263401985168,,0.10498801618814468
,5384.0,67,1.395862091158051e-05,81099,,1.4756536483764648,,0.7532997131347656,,0.6203896999359131,,0.10499218106269836
,5468.0,67,1.390344823448686e-05,81149,,1.2162963151931763,,1.0971599817276,,0.6204524636268616,,0.10499504208564758
,5472.0,67,1.3848275557393208e-05,81199,,1.335468053817749,,1.0881043672561646,,0.6205132603645325,,0.10499919950962067
,5396.0,67,1.3793103789794259e-05,81249,,1.4256139993667603,,1.0138237476348877,,0.6205774545669556,,0.10500099509954453
,5416.0,67,1.3737931112700608e-05,81299,,1.417941689491272,,0.699273943901062,,0.6206428408622742,,0.1050044372677803
,5460.0,67,1.3682758435606956e-05,81349,,1.3685990571975708,,0.8562821745872498,,0.6207019090652466,,0.10501037538051605
,5492.0,67,1.3627585758513305e-05,81399,,1.2536004781723022,,0.8801478743553162,,0.620765209197998,,0.10501597821712494
,5400.0,67,1.3572413990914356e-05,81449,,1.1533594131469727,,0.9615349769592285,,0.6208264231681824,,0.10502031445503235
,5460.0,67,1.3517241313820705e-05,81499,,1.3138450384140015,,0.7470689415931702,,0.6208897233009338,,0.10502626746892929
,5484.0,67,1.3462068636727054e-05,81549,,1.4402776956558228,,0.574274480342865,,0.6209503412246704,,0.10503238439559937
,5464.0,67,1.3406896869128104e-05,81599,,1.212456464767456,,0.784811794757843,,0.6210073828697205,,0.10503554344177246
,5468.0,67,1.3351724192034453e-05,81649,,1.2647074460983276,,0.8451248407363892,,0.6210685968399048,,0.10503961145877838
,5500.0,67,1.3296551514940802e-05,81699,,1.2733830213546753,,0.8068066239356995,,0.621130108833313,,0.10504176467657089
,5424.0,67,1.3241379747341853e-05,81749,,1.1431490182876587,,0.795883059501648,,0.621195912361145,,0.10504752397537231
,5504.0,67,1.3186207070248201e-05,81799,,1.4614194631576538,,0.8289064764976501,,0.6212559938430786,,0.10505128651857376
,5456.0,67,1.313103439315455e-05,81849,,1.5836741924285889,,0.9355573654174805,,0.621317446231842,,0.10505513101816177
,5488.0,67,1.30758617160609e-05,81899,,1.7584893703460693,,0.7425230145454407,,0.6213785409927368,,0.10506036132574081
,5468.0,67,1.302068994846195e-05,81949,,1.397552728652954,,0.7895040512084961,,0.6214370131492615,,0.10506413877010345
,5540.0,67,1.2965517271368299e-05,81999,,1.5264480113983154,,1.4381319284439087,,0.6214965581893921,,0.10506729036569595
,5488.0,67,1.2910344594274648e-05,82049,,1.4254456758499146,,0.9727330207824707,,0.6215612888336182,,0.10507242381572723
5462.56005859375,,67,,82075,1.4219300746917725,,0.8818058967590332,,0.6209149360656738,,0.10503342747688293,
,5404.0,68,1.2855172826675698e-05,82099,,1.4329689741134644,,0.8062017560005188,,0.6216208934783936,,0.10508010536432266
,5452.0,68,1.2800000149582047e-05,82149,,1.3618584871292114,,1.0276460647583008,,0.6216816902160645,,0.10508427023887634
,5528.0,68,1.2744827472488396e-05,82199,,1.3485020399093628,,0.7208114266395569,,0.6217465996742249,,0.10508962720632553
,5480.0,68,1.2689654795394745e-05,82249,,1.3075393438339233,,0.9718793034553528,,0.6218043565750122,,0.10509102046489716
,5380.0,68,1.2634483027795795e-05,82299,,1.0678558349609375,,0.7747571468353271,,0.6218646168708801,,0.10509584844112396
,5496.0,68,1.2579310350702144e-05,82349,,1.1600124835968018,,1.0377525091171265,,0.6219264268875122,,0.10510063171386719
,5484.0,68,1.2524137673608493e-05,82399,,1.452865481376648,,0.6378588080406189,,0.6219853758811951,,0.10510364174842834
,5504.0,68,1.2468965906009544e-05,82449,,1.2256618738174438,,1.3521019220352173,,0.6220498085021973,,0.10510973632335663
,5444.0,68,1.2413793228915893e-05,82499,,1.4484400749206543,,1.1423561573028564,,0.6221135258674622,,0.10511122643947601
,5476.0,68,1.2358620551822241e-05,82549,,1.3561618328094482,,0.9443091750144958,,0.6221746206283569,,0.10511258989572525
,5516.0,68,1.230344787472859e-05,82599,,1.2445390224456787,,0.8037975430488586,,0.6222335696220398,,0.1051163598895073
,5504.0,68,1.2248276107129641e-05,82649,,1.4105901718139648,,0.8218644261360168,,0.6222963929176331,,0.1051197201013565
,5476.0,68,1.219310343003599e-05,82699,,1.2870893478393555,,0.611206591129303,,0.6223571300506592,,0.10512048751115799
,5536.0,68,1.2137930752942339e-05,82749,,1.479512333869934,,0.9060685038566589,,0.6224198937416077,,0.10512293130159378
,5484.0,68,1.208275898534339e-05,82799,,1.3167980909347534,,1.044790506362915,,0.6224806904792786,,0.1051260381937027
,5428.0,68,1.2027586308249738e-05,82849,,1.3624539375305176,,1.0102812051773071,,0.6225400567054749,,0.10512794554233551
,5488.0,68,1.1972413631156087e-05,82899,,1.1953895092010498,,1.0345550775527954,,0.6226020455360413,,0.10513265430927277
,5532.0,68,1.1917240954062436e-05,82949,,1.6153199672698975,,1.155118703842163,,0.6226602792739868,,0.10513699054718018
,5468.0,68,1.1862069186463486e-05,82999,,1.6853735446929932,,0.8852236270904541,,0.6227221488952637,,0.10514023154973984
,5492.0,68,1.1806896509369835e-05,83049,,1.5875447988510132,,0.7643640041351318,,0.6227794885635376,,0.10514259338378906
,5424.0,68,1.1751723832276184e-05,83099,,1.3127797842025757,,0.9939886331558228,,0.6228419542312622,,0.10514608025550842
,5504.0,68,1.1696552064677235e-05,83149,,1.5268559455871582,,0.7630107402801514,,0.622904360294342,,0.1051512360572815
,5444.0,68,1.1641379387583584e-05,83199,,1.7398560047149658,,0.7415909171104431,,0.6229662299156189,,0.10515470802783966
,5432.0,68,1.1586206710489932e-05,83249,,1.450652837753296,,0.6639541387557983,,0.6230238080024719,,0.10515747219324112
5464.13916015625,,68,,83282,1.4424277544021606,,0.881904661655426,,0.6223953366279602,,0.10513104498386383,
,5484.0,69,1.1531034033396281e-05,83299,,1.344836711883545,,0.9269054532051086,,0.6230878233909607,,0.10516328364610672
,5560.0,69,1.1475862265797332e-05,83349,,1.203485369682312,,0.7648913264274597,,0.6231516599655151,,0.10516878217458725
,5468.0,69,1.142068958870368e-05,83399,,1.3664637804031372,,0.9152781367301941,,0.6232138872146606,,0.1051749512553215
,5552.0,69,1.136551691161003e-05,83449,,1.465404987335205,,0.9094729423522949,,0.6232715249061584,,0.10517628490924835
,5520.0,69,1.131034514401108e-05,83499,,1.2249746322631836,,0.7707999348640442,,0.6233339309692383,,0.10518193244934082
,5448.0,69,1.1255172466917429e-05,83549,,1.2272638082504272,,0.6954178214073181,,0.6233938932418823,,0.10518798232078552
,5492.0,69,1.1199999789823778e-05,83599,,1.6576309204101562,,0.8244643807411194,,0.6234539747238159,,0.10519149899482727
,5464.0,69,1.1144828022224829e-05,83649,,1.3182635307312012,,0.8377290964126587,,0.6235136985778809,,0.10519590228796005
,5452.0,69,1.1089655345131177e-05,83699,,1.4250930547714233,,0.7632070779800415,,0.6235772371292114,,0.10520122945308685
,5520.0,69,1.1034482668037526e-05,83749,,1.77289879322052,,1.131309986114502,,0.6236383318901062,,0.10520701110363007
,5452.0,69,1.0979309990943875e-05,83799,,1.4732493162155151,,1.0382639169692993,,0.623695969581604,,0.1052115261554718
,5488.0,69,1.0924138223344926e-05,83849,,1.3629753589630127,,0.7495699524879456,,0.6237586736679077,,0.10521551221609116
,5424.0,69,1.0868965546251275e-05,83899,,1.3206826448440552,,1.0280702114105225,,0.6238148808479309,,0.10521777719259262
,5392.0,69,1.0813792869157623e-05,83949,,1.3836524486541748,,0.8009788990020752,,0.6238752603530884,,0.10522055625915527
,5532.0,69,1.0758621101558674e-05,83999,,1.3329548835754395,,0.8909869194030762,,0.6239343881607056,,0.10522539913654327
,5484.0,69,1.0703448424465023e-05,84049,,1.1631087064743042,,0.8056991696357727,,0.6239939332008362,,0.10522831976413727
,5400.0,69,1.0648275747371372e-05,84099,,1.6544021368026733,,0.7137870788574219,,0.6240516901016235,,0.10522900521755219
,5460.0,69,1.059310307027772e-05,84149,,1.345091462135315,,1.0707765817642212,,0.6241123676300049,,0.1052333265542984
,5408.0,69,1.0537931302678771e-05,84199,,1.415124535560608,,0.9135165214538574,,0.624171793460846,,0.1052333414554596
,5416.0,69,1.048275862558512e-05,84249,,1.3565279245376587,,0.8006036877632141,,0.6242292523384094,,0.10523468255996704
,5460.0,69,1.0427585948491469e-05,84299,,1.1985706090927124,,0.6370832920074463,,0.6242857575416565,,0.1052367091178894
,5416.0,69,1.037241418089252e-05,84349,,1.097900390625,,0.8987473249435425,,0.624343991279602,,0.10523933172225952
,5464.0,69,1.0317241503798869e-05,84399,,1.3082354068756104,,0.8987457752227783,,0.624403178691864,,0.10524186491966248
,5496.0,69,1.0262068826705217e-05,84449,,1.2524383068084717,,0.8532657623291016,,0.6244626045227051,,0.10524797439575195
5462.51513671875,,69,,84489,1.4451998472213745,,0.8700268864631653,,0.6238613128662109,,0.10522273182868958,
,5488.0,70,1.0206896149611566e-05,84499,,1.2182414531707764,,0.7286338210105896,,0.6245253086090088,,0.10525265336036682
,5520.0,70,1.0151724382012617e-05,84549,,1.3648639917373657,,1.0156569480895996,,0.6245862245559692,,0.10525999218225479
,5488.0,70,1.0096551704918966e-05,84599,,1.6011005640029907,,0.7226123213768005,,0.6246431469917297,,0.10526296496391296
,5432.0,70,1.0041379027825315e-05,84649,,1.3223897218704224,,0.7208184003829956,,0.6246999502182007,,0.10526818037033081
,5452.0,70,9.986207260226365e-06,84699,,1.3062686920166016,,1.017996907234192,,0.6247565746307373,,0.10527123510837555
,5500.0,70,9.931034583132714e-06,84749,,1.233599305152893,,0.7522104978561401,,0.6248116493225098,,0.10527246445417404
,5500.0,70,9.875861906039063e-06,84799,,1.5835654735565186,,1.0417523384094238,,0.6248711943626404,,0.10527383536100388
,5476.0,70,9.820689228945412e-06,84849,,1.7497978210449219,,0.6511057019233704,,0.6249302625656128,,0.10527447611093521
,5488.0,70,9.765517461346462e-06,84899,,1.2106165885925293,,0.9580859541893005,,0.62498939037323,,0.10527781397104263
,5444.0,70,9.710344784252811e-06,84949,,1.1831650733947754,,0.7415520548820496,,0.6250494718551636,,0.10528211295604706
,5440.0,70,9.65517210715916e-06,84999,,1.3002413511276245,,0.6864423751831055,,0.625109076499939,,0.1052868589758873
,5352.0,70,9.60000033956021e-06,85049,,1.5017926692962646,,0.9040308594703674,,0.6251683831214905,,0.10529190301895142
,5472.0,70,9.54482766246656e-06,85099,,1.2944477796554565,,1.0434776544570923,,0.6252264976501465,,0.1052963137626648
,5520.0,70,9.489654985372908e-06,85149,,1.5243735313415527,,0.6920883655548096,,0.6252855658531189,,0.10530204325914383
,5444.0,70,9.434482308279257e-06,85199,,1.4631491899490356,,1.0265640020370483,,0.6253429651260376,,0.10530645400285721
,5408.0,70,9.379310540680308e-06,85249,,1.3070487976074219,,1.1117448806762695,,0.6254004240036011,,0.10530751198530197
,5476.0,70,9.324137863586657e-06,85299,,1.2598624229431152,,0.5993139147758484,,0.625455915927887,,0.10531140863895416
,5440.0,70,9.268965186493006e-06,85349,,1.6691957712173462,,0.7737048268318176,,0.625516951084137,,0.10531432181596756
,5500.0,70,9.213793418894056e-06,85399,,1.5214154720306396,,0.7794649600982666,,0.625575065612793,,0.1053193137049675
,5484.0,70,9.158620741800405e-06,85449,,1.3709778785705566,,0.8983250260353088,,0.6256353855133057,,0.10532516241073608
,5500.0,70,9.103448064706754e-06,85499,,1.2021467685699463,,0.7988088726997375,,0.6256915926933289,,0.10532929748296738
,5524.0,70,9.048276297107805e-06,85549,,1.2135167121887207,,0.7707556486129761,,0.6257462501525879,,0.10533278435468674
,5428.0,70,8.993103620014153e-06,85599,,1.4575164318084717,,0.7536511421203613,,0.6258048415184021,,0.10533805936574936
,5468.0,70,8.937930942920502e-06,85649,,1.5493971109390259,,0.6692541241645813,,0.6258600950241089,,0.10534118115901947
5461.97607421875,,70,,85696,1.4451889991760254,,0.8744338154792786,,0.6252816319465637,,0.10530807822942734,
,5492.0,71,8.882758265826851e-06,85699,,1.5264017581939697,,0.8593389987945557,,0.6259159445762634,,0.10534358769655228
,5424.0,71,8.827586498227902e-06,85749,,1.3621481657028198,,0.8351714611053467,,0.6259755492210388,,0.10534834116697311
,5448.0,71,8.77241382113425e-06,85799,,1.59756600856781,,0.5889307856559753,,0.6260331869125366,,0.1053522452712059
,5476.0,71,8.7172411440406e-06,85849,,1.3010612726211548,,0.5602613687515259,,0.6260907649993896,,0.10535669326782227
,5404.0,71,8.66206937644165e-06,85899,,1.4539839029312134,,0.7191595435142517,,0.6261489391326904,,0.10536094754934311
,5456.0,71,8.606896699347999e-06,85949,,1.3561222553253174,,0.9582165479660034,,0.6262093186378479,,0.1053672581911087
,5444.0,71,8.551724022254348e-06,85999,,1.377853512763977,,1.01932954788208,,0.6262642741203308,,0.10537020117044449
,5540.0,71,8.496551345160697e-06,86049,,1.4123197793960571,,0.9866250157356262,,0.6263214349746704,,0.10537312179803848
,5480.0,71,8.441379577561747e-06,86099,,1.4042410850524902,,0.9775465726852417,,0.6263785362243652,,0.10537834465503693
,5452.0,71,8.386206900468096e-06,86149,,1.5764658451080322,,0.7123700380325317,,0.6264384984970093,,0.10538308322429657
,5440.0,71,8.331034223374445e-06,86199,,1.2459720373153687,,0.8672720789909363,,0.6264947652816772,,0.1053866371512413
,5460.0,71,8.275862455775496e-06,86249,,1.3241528272628784,,0.9347570538520813,,0.6265536546707153,,0.10538715869188309
,5476.0,71,8.220689778681844e-06,86299,,1.5386545658111572,,0.6524650454521179,,0.6266124248504639,,0.10539187490940094
,5544.0,71,8.165517101588193e-06,86349,,2.0082805156707764,,0.8561433553695679,,0.626667857170105,,0.10539404302835464
,5472.0,71,8.110344424494542e-06,86399,,1.5768084526062012,,0.8074058294296265,,0.6267223358154297,,0.10539547353982925
,5456.0,71,8.055172656895593e-06,86449,,1.421578049659729,,1.0251476764678955,,0.6267792582511902,,0.10539891570806503
,5464.0,71,7.999999979801942e-06,86499,,1.330405831336975,,1.0083489418029785,,0.6268324851989746,,0.10539944469928741
,5472.0,71,7.94482730270829e-06,86549,,1.2274811267852783,,0.6934928297996521,,0.6268882751464844,,0.10540299862623215
,5480.0,71,7.889655535109341e-06,86599,,1.3837785720825195,,1.0567916631698608,,0.6269466876983643,,0.10540609806776047
,5408.0,71,7.83448285801569e-06,86649,,1.3111642599105835,,0.7455640435218811,,0.6270067691802979,,0.10541228950023651
,5456.0,71,7.779310180922039e-06,86699,,1.3958364725112915,,0.8493033051490784,,0.6270624995231628,,0.10541421920061111
,5448.0,71,7.724137503828388e-06,86749,,1.3654855489730835,,0.9642826318740845,,0.6271202564239502,,0.10541398823261261
,5460.0,71,7.668965736229438e-06,86799,,1.481043815612793,,0.9287869930267334,,0.6271762847900391,,0.10541658848524094
,5432.0,71,7.613793059135787e-06,86849,,1.7095890045166016,,0.9948599338531494,,0.6272308230400085,,0.10541896522045135
,5460.0,71,7.558620836789487e-06,86899,,1.3864288330078125,,0.9411363005638123,,0.6272884607315063,,0.10542310774326324
5461.46630859375,,71,,86903,1.450068473815918,,0.8666824102401733,,0.626672089099884,,0.10539882630109787,
,5480.0,72,7.503448159695836e-06,86949,,1.8615316152572632,,0.8828699588775635,,0.6273442506790161,,0.10542623698711395
,5456.0,72,7.4482759373495355e-06,86999,,1.3381794691085815,,0.8542923331260681,,0.6273992657661438,,0.10542911291122437
,5504.0,72,7.393103260255884e-06,87049,,1.8483058214187622,,0.8406288027763367,,0.6274548172950745,,0.10543214529752731
,5516.0,72,7.337931037909584e-06,87099,,1.6051969528198242,,0.8321899175643921,,0.6275103092193604,,0.10543619096279144
,5392.0,72,7.282758815563284e-06,87149,,1.9413241147994995,,0.7272170782089233,,0.6275668144226074,,0.10544091463088989
,5448.0,72,7.227586138469633e-06,87199,,1.6292667388916016,,1.172056794166565,,0.6276209354400635,,0.10544492304325104
,5420.0,72,7.1724139161233325e-06,87249,,1.631972074508667,,0.7714425921440125,,0.6276786923408508,,0.10545091331005096
,5536.0,72,7.117241239029681e-06,87299,,1.4703658819198608,,0.959621012210846,,0.6277338862419128,,0.10545647889375687
,5492.0,72,7.062069016683381e-06,87349,,1.2344756126403809,,0.9406802654266357,,0.6277897357940674,,0.10546350479125977
,5456.0,72,7.00689633958973e-06,87399,,1.2863322496414185,,0.9733885526657104,,0.6278440952301025,,0.10546475648880005
,5456.0,72,6.95172411724343e-06,87449,,1.5329680442810059,,0.4844052791595459,,0.6279006600379944,,0.10547059029340744
,5544.0,72,6.896551894897129e-06,87499,,1.5841221809387207,,1.1417768001556396,,0.6279544234275818,,0.10547465831041336
,5516.0,72,6.841379217803478e-06,87549,,1.7952463626861572,,0.985135555267334,,0.6280132532119751,,0.10547856986522675
,5492.0,72,6.786206995457178e-06,87599,,1.3034396171569824,,0.653001606464386,,0.6280717849731445,,0.10548396408557892
,5452.0,72,6.731034318363527e-06,87649,,1.476120114326477,,0.756320595741272,,0.6281296610832214,,0.10548679530620575
,5452.0,72,6.675862096017227e-06,87699,,1.3736072778701782,,0.9948006272315979,,0.6281896233558655,,0.10549230873584747
,5444.0,72,6.620689873670926e-06,87749,,1.3887382745742798,,0.8447316884994507,,0.6282480955123901,,0.10549690574407578
,5408.0,72,6.565517196577275e-06,87799,,1.3464096784591675,,0.7267470955848694,,0.6283058524131775,,0.10550118237733841
,5488.0,72,6.510344974230975e-06,87849,,1.639156460762024,,1.065411925315857,,0.6283584833145142,,0.10550293326377869
,5504.0,72,6.455172297137324e-06,87899,,1.0744296312332153,,0.6874200105667114,,0.6284127235412598,,0.10550448298454285
,5420.0,72,6.4000000747910235e-06,87949,,1.2427583932876587,,0.492732971906662,,0.6284719109535217,,0.10550753772258759
,5532.0,72,6.344827397697372e-06,87999,,1.3499891757965088,,0.7519566416740417,,0.6285301446914673,,0.1055104210972786
,5504.0,72,6.289655175351072e-06,88049,,1.2269110679626465,,1.1525986194610596,,0.6285834908485413,,0.10551268607378006
,5508.0,72,6.234482953004772e-06,88099,,1.4419770240783691,,0.646240770816803,,0.6286389231681824,,0.10551722347736359
5463.662109375,,72,,88110,1.4683340787887573,,0.8562371730804443,,0.6280356049537659,,0.10548389703035355,
,5452.0,73,6.179310275911121e-06,88149,,1.470344066619873,,0.8107729554176331,,0.6286963224411011,,0.10552201420068741
,5412.0,73,6.1241380535648204e-06,88199,,1.1089284420013428,,0.7782614231109619,,0.6287500858306885,,0.10552661865949631
,5468.0,73,6.068965376471169e-06,88249,,1.2765189409255981,,1.0365434885025024,,0.628806471824646,,0.1055288165807724
,5556.0,73,6.013793154124869e-06,88299,,1.2702707052230835,,0.6498392224311829,,0.6288589835166931,,0.10553142428398132
,5464.0,73,5.958620477031218e-06,88349,,1.2620885372161865,,0.6806443333625793,,0.6289111971855164,,0.1055341362953186
,5372.0,73,5.903448254684918e-06,88399,,1.3259382247924805,,1.4843652248382568,,0.6289643049240112,,0.10553725808858871
,5412.0,73,5.848276032338617e-06,88449,,1.6683229207992554,,1.078343152999878,,0.6290187835693359,,0.10553888976573944
,5460.0,73,5.793103355244966e-06,88499,,1.6322993040084839,,0.8179691433906555,,0.6290755271911621,,0.10554138571023941
,5500.0,73,5.737931132898666e-06,88549,,1.7405414581298828,,0.8085108399391174,,0.6291294693946838,,0.10554806888103485
,5452.0,73,5.682758455805015e-06,88599,,1.6298272609710693,,0.6368163228034973,,0.629183828830719,,0.1055530458688736
,5492.0,73,5.6275862334587146e-06,88649,,1.6343154907226562,,1.2420216798782349,,0.6292387843132019,,0.10555633157491684
,5480.0,73,5.572414011112414e-06,88699,,1.3883841037750244,,0.9825536608695984,,0.6292935013771057,,0.10555803775787354
,5440.0,73,5.517241334018763e-06,88749,,1.2879661321640015,,0.9068865776062012,,0.6293460726737976,,0.10556075721979141
,5396.0,73,5.462069111672463e-06,88799,,1.4884313344955444,,0.7260599136352539,,0.6293988227844238,,0.10556542873382568
,5492.0,73,5.406896434578812e-06,88849,,1.213246464729309,,0.9062308073043823,,0.6294562220573425,,0.10556989908218384
,5520.0,73,5.3517242122325115e-06,88899,,1.4580341577529907,,0.7588514089584351,,0.6295135617256165,,0.10557497292757034
,5516.0,73,5.29655153513886e-06,88949,,1.5878597497940063,,1.0125023126602173,,0.629565417766571,,0.10557787865400314
,5412.0,73,5.24137931279256e-06,88999,,1.4991803169250488,,0.9723391532897949,,0.6296209692955017,,0.10558239370584488
,5484.0,73,5.18620709044626e-06,89049,,1.346024513244629,,0.9608913660049438,,0.6296758055686951,,0.10558606684207916
,5500.0,73,5.131034413352609e-06,89099,,1.3540304899215698,,0.7758839130401611,,0.6297340393066406,,0.10559162497520447
,5452.0,73,5.075862191006308e-06,89149,,1.4735190868377686,,1.118104338645935,,0.6297879219055176,,0.10559654235839844
,5512.0,73,5.020689513912657e-06,89199,,1.60468590259552,,0.8081763982772827,,0.6298442482948303,,0.10560010373592377
,5432.0,73,4.965517291566357e-06,89249,,1.2977464199066162,,0.9849740862846375,,0.6298996806144714,,0.10560508817434311
,5392.0,73,4.910344614472706e-06,89299,,1.4133200645446777,,0.55262690782547,,0.6299540400505066,,0.10561175644397736
5463.19287109375,,73,,89317,1.4580544233322144,,0.8696277737617493,,0.629376232624054,,0.10557258874177933,
,5488.0,74,4.855172392126406e-06,89349,,1.3925483226776123,,0.8602792620658875,,0.6300121545791626,,0.10561385005712509
,5468.0,74,4.800000169780105e-06,89399,,1.5580332279205322,,0.9735388159751892,,0.6300680041313171,,0.10561838746070862
,5424.0,74,4.744827492686454e-06,89449,,1.4917409420013428,,0.9817287921905518,,0.6301229000091553,,0.10562201589345932
,5532.0,74,4.689655270340154e-06,89499,,1.5563387870788574,,0.866402804851532,,0.6301761269569397,,0.10562450438737869
,5460.0,74,4.634482593246503e-06,89549,,1.3231459856033325,,0.8924599885940552,,0.6302302479743958,,0.10562676936388016
,5448.0,74,4.5793103709002025e-06,89599,,1.2924686670303345,,0.8132963180541992,,0.6302851438522339,,0.10563138127326965
,5500.0,74,4.524138148553902e-06,89649,,1.487035870552063,,0.7851434946060181,,0.6303380131721497,,0.10563579201698303
,5424.0,74,4.468965471460251e-06,89699,,1.5207463502883911,,0.6747037768363953,,0.6303931474685669,,0.10563775897026062
,5420.0,74,4.413793249113951e-06,89749,,1.492754340171814,,0.9417181015014648,,0.6304483413696289,,0.1056419238448143
,5472.0,74,4.3586205720203e-06,89799,,1.3836864233016968,,0.7768508195877075,,0.6305012106895447,,0.10564351081848145
,5468.0,74,4.3034483496739995e-06,89849,,1.202789068222046,,0.836674153804779,,0.6305561065673828,,0.1056443452835083
,5496.0,74,4.248275672580348e-06,89899,,1.2686827182769775,,0.973959743976593,,0.6306101083755493,,0.10564699023962021
,5424.0,74,4.193103450234048e-06,89949,,1.3921869993209839,,0.8340897560119629,,0.6306638717651367,,0.10564959794282913
,5500.0,74,4.137931227887748e-06,89999,,1.521499752998352,,0.8382328748703003,,0.6307186484336853,,0.10565239936113358
,5456.0,74,4.082758550794097e-06,90049,,1.4858644008636475,,0.9900275468826294,,0.6307711005210876,,0.10565494000911713
,5476.0,74,4.027586328447796e-06,90099,,1.424140214920044,,0.9062657952308655,,0.6308196783065796,,0.10565929859876633
,5500.0,74,3.972413651354145e-06,90149,,1.5681089162826538,,0.7797335386276245,,0.6308755874633789,,0.10566288232803345
,5568.0,74,3.917241429007845e-06,90199,,1.1772878170013428,,0.7399218082427979,,0.6309305429458618,,0.10566794872283936
,5376.0,74,3.862068751914194e-06,90249,,1.4143505096435547,,1.131160020828247,,0.6309835314750671,,0.10567323863506317
,5420.0,74,3.8068965295678936e-06,90299,,1.330356478691101,,0.815207839012146,,0.6310370564460754,,0.10567572712898254
,5512.0,74,3.751724079847918e-06,90349,,1.77022123336792,,0.9580783247947693,,0.6310915350914001,,0.10567952692508698
,5444.0,74,3.696551630127942e-06,90399,,1.2003942728042603,,0.7082865238189697,,0.6311438083648682,,0.10568320751190186
,5580.0,74,3.641379407781642e-06,90449,,1.3145430088043213,,1.1041983366012573,,0.6311959624290466,,0.10568606108427048
,5444.0,74,3.5862069580616662e-06,90499,,1.2793506383895874,,0.8539705872535706,,0.631245493888855,,0.10568977147340775
5464.853515625,,74,,90524,1.4607840776443481,,0.8629708886146545,,0.6306958794593811,,0.10566174238920212,
,5524.0,75,3.5310345083416905e-06,90549,,1.5196542739868164,,0.7919194102287292,,0.6312984228134155,,0.10569406300783157
,5496.0,75,3.475862058621715e-06,90599,,1.3079100847244263,,1.1216241121292114,,0.6313501596450806,,0.1056959256529808
,5544.0,75,3.420689608901739e-06,90649,,1.5425422191619873,,0.821466863155365,,0.6314029097557068,,0.10569874197244644
,5444.0,75,3.3655171591817634e-06,90699,,1.2273260354995728,,0.8955740928649902,,0.6314544677734375,,0.1057015135884285
,5504.0,75,3.310344936835463e-06,90749,,1.671589970588684,,1.1619442701339722,,0.6315037608146667,,0.10570529103279114
,5492.0,75,3.2551724871154875e-06,90799,,1.2771211862564087,,0.8726513981819153,,0.6315569877624512,,0.10570769757032394
,5476.0,75,3.2000000373955118e-06,90849,,1.2936060428619385,,0.9467583298683167,,0.6316089034080505,,0.10571123659610748
,5480.0,75,3.144827587675536e-06,90899,,1.5094314813613892,,0.6851147413253784,,0.6316622495651245,,0.10571344196796417
,5480.0,75,3.0896551379555603e-06,90949,,1.5014636516571045,,0.9448534250259399,,0.6317152380943298,,0.10571765899658203
,5424.0,75,3.0344826882355846e-06,90999,,1.4251630306243896,,0.8886247277259827,,0.6317674517631531,,0.1057206392288208
,5576.0,75,2.979310238515609e-06,91049,,1.4150316715240479,,0.7926205992698669,,0.6318188905715942,,0.1057245284318924
,5452.0,75,2.9241380161693087e-06,91099,,1.3372352123260498,,0.6569840908050537,,0.631870448589325,,0.10572725534439087
,5476.0,75,2.868965566449333e-06,91149,,1.3004300594329834,,1.1342267990112305,,0.6319214105606079,,0.10573140531778336
,5488.0,75,2.8137931167293573e-06,91199,,1.5549039840698242,,0.8803793787956238,,0.6319711208343506,,0.10573463141918182
,5428.0,75,2.7586206670093816e-06,91249,,1.2812201976776123,,0.72343909740448,,0.6320239305496216,,0.10573919862508774
,5412.0,75,2.703448217289406e-06,91299,,1.2584844827651978,,0.8699596524238586,,0.6320776343345642,,0.1057443767786026
,5488.0,75,2.64827576756943e-06,91349,,1.3538767099380493,,0.778593122959137,,0.6321315169334412,,0.10575080662965775
,5448.0,75,2.59310354522313e-06,91399,,1.3346649408340454,,0.6619285941123962,,0.6321845054626465,,0.1057550311088562
,5484.0,75,2.537931095503154e-06,91449,,1.3068958520889282,,0.7060094475746155,,0.6322383284568787,,0.1057569682598114
,5500.0,75,2.4827586457831785e-06,91499,,1.5453685522079468,,1.0725255012512207,,0.6322884559631348,,0.10575790703296661
,5412.0,75,2.427586196063203e-06,91549,,1.3672288656234741,,0.9096885919570923,,0.6323413252830505,,0.10576105117797852
,5436.0,75,2.372413746343227e-06,91599,,1.4990588426589966,,0.44705095887184143,,0.6323951482772827,,0.10576421022415161
,5464.0,75,2.3172412966232514e-06,91649,,1.3171201944351196,,0.8457953333854675,,0.6324501633644104,,0.10576541721820831
,5528.0,75,2.262069074276951e-06,91699,,1.6211267709732056,,0.9824443459510803,,0.6325032711029053,,0.1057666540145874
5463.92236328125,,75,,91731,1.466585636138916,,0.8588013648986816,,0.6319670677185059,,0.10574226081371307,
,5540.0,76,2.2068966245569754e-06,91749,,1.4896904230117798,,0.8881319761276245,,0.6325531601905823,,0.10576953738927841
,5488.0,76,2.1517241748369997e-06,91799,,1.5767992734909058,,0.8615842461585999,,0.6326032280921936,,0.10577138513326645
,5404.0,76,2.096551725117024e-06,91849,,1.2811319828033447,,0.9276788234710693,,0.6326525211334229,,0.10577462613582611
,5452.0,76,2.0413792753970483e-06,91899,,1.3377113342285156,,0.8506234288215637,,0.6327011585235596,,0.10577894002199173
,5504.0,76,1.9862068256770726e-06,91949,,1.5055477619171143,,0.7027551531791687,,0.6327532529830933,,0.10578258335590363
,5504.0,76,1.931034375957097e-06,91999,,1.4749962091445923,,0.9307722449302673,,0.6328049898147583,,0.10578693449497223
,5448.0,76,1.875862039923959e-06,92049,,1.5220823287963867,,0.9109460115432739,,0.6328598260879517,,0.10579082369804382
,5480.0,76,1.820689703890821e-06,92099,,1.2896008491516113,,0.8836395740509033,,0.632915735244751,,0.105794757604599
,5408.0,76,1.7655172541708453e-06,92149,,1.1329149007797241,,0.7371221780776978,,0.6329673528671265,,0.10579954087734222
,5440.0,76,1.7103448044508696e-06,92199,,1.2354744672775269,,0.5955707430839539,,0.6330230236053467,,0.10580284148454666
,5432.0,76,1.6551724684177316e-06,92249,,1.5478825569152832,,0.9896254539489746,,0.6330758929252625,,0.1058061271905899
,5428.0,76,1.6000000186977559e-06,92299,,1.4677907228469849,,0.9790149927139282,,0.6331280469894409,,0.10580884665250778
,5496.0,76,1.5448275689777802e-06,92349,,1.7924543619155884,,0.9731082320213318,,0.6331796050071716,,0.10581235587596893
,5424.0,76,1.4896551192578045e-06,92399,,1.1966222524642944,,1.22458016872406,,0.6332277655601501,,0.10581561177968979
,5516.0,76,1.4344827832246665e-06,92449,,1.5836998224258423,,0.6271488070487976,,0.6332751512527466,,0.10581746697425842
,5476.0,76,1.3793103335046908e-06,92499,,1.6109708547592163,,0.7967502474784851,,0.6333253383636475,,0.10581943392753601
,5428.0,76,1.324137883784715e-06,92549,,1.4203563928604126,,0.5847050547599792,,0.6333785057067871,,0.10582375526428223
,5424.0,76,1.268965547751577e-06,92599,,1.5178894996643066,,0.7318329215049744,,0.633429229259491,,0.10582497715950012
,5492.0,76,1.2137930980316014e-06,92649,,1.1438711881637573,,1.1481308937072754,,0.633479118347168,,0.10583015531301498
,5440.0,76,1.1586206483116257e-06,92699,,1.4671385288238525,,0.6447145342826843,,0.6335307359695435,,0.10583502799272537
,5396.0,76,1.1034483122784877e-06,92749,,1.4350544214248657,,0.692628026008606,,0.6335818767547607,,0.10583941638469696
,5428.0,76,1.048275862558512e-06,92799,,1.3852512836456299,,0.9925718903541565,,0.6336324214935303,,0.10584031045436859
,5384.0,76,9.931034128385363e-07,92849,,1.5208945274353027,,0.901379406452179,,0.6336836814880371,,0.10584285855293274
,5516.0,76,9.379310199619795e-07,92899,,1.3875393867492676,,0.962693989276886,,0.6337342262268066,,0.10584655404090881
5460.35107421875,,76,,92938,1.4646928310394287,,0.8601135015487671,,0.633222758769989,,0.10582058131694794,
,5476.0,77,8.827586270854226e-07,92949,,1.8069089651107788,,1.0721187591552734,,0.6337857842445374,,0.10584822297096252
,5440.0,77,8.275862342088658e-07,92999,,1.5832645893096924,,0.7632924914360046,,0.6338381767272949,,0.10585223883390427
,5456.0,77,7.724137844888901e-07,93049,,1.4614979028701782,,0.6149354577064514,,0.6338896155357361,,0.10585250705480576
,5440.0,77,7.172413916123332e-07,93099,,1.3795828819274902,,0.5530186891555786,,0.6339400410652161,,0.10585485398769379
,5496.0,77,6.620689418923575e-07,93149,,1.4536501169204712,,0.9936822652816772,,0.633988082408905,,0.10585778951644897
,5456.0,77,6.068965490158007e-07,93199,,1.435564637184143,,0.7324665784835815,,0.6340388655662537,,0.10586117208003998
,5332.0,77,5.517241561392439e-07,93249,,1.5566569566726685,,0.9812082648277283,,0.6340885758399963,,0.10586286336183548
,5468.0,77,4.965517064192682e-07,93299,,1.247481346130371,,1.075119137763977,,0.634133517742157,,0.10586247593164444
,5468.0,77,4.413793135427113e-07,93349,,1.725291132926941,,0.8712788820266724,,0.6341867446899414,,0.1058712899684906
,5420.0,77,3.8620689224444504e-07,93399,,1.389394760131836,,0.7722043395042419,,0.6342359781265259,,0.105875164270401
,5420.0,77,3.3103447094617877e-07,93449,,1.4182761907577515,,0.5552479028701782,,0.63428795337677,,0.10587829351425171
,5456.0,77,2.7586207806962193e-07,93499,,1.4302735328674316,,0.6599467992782593,,0.6343362331390381,,0.10588206350803375
,5428.0,77,2.2068965677135566e-07,93549,,1.5754286050796509,,0.6769280433654785,,0.6343859434127808,,0.10588432848453522
,5388.0,77,1.6551723547308939e-07,93599,,1.49917733669281,,1.2236206531524658,,0.6344379782676697,,0.1058882623910904
,5416.0,77,1.1034482838567783e-07,93649,,1.986494779586792,,0.8421671390533447,,0.6344941854476929,,0.10589331388473511
,5472.0,77,5.5172414192838914e-08,93699,,1.353811264038086,,0.7530588507652283,,0.6345438957214355,,0.10589515417814255
,5460.0,77,0.0,93749,,1.179123878479004,,0.8280765414237976,,0.6345944404602051,,0.10589935630559921
5459.375,,77,,93783,1.474267840385437,,0.8607447147369385,,0.6342943906784058,,0.10588817298412323,
