Gathered number of frames_epoch,Gathered number of frames_step,epoch,lr,step,train_feature_penalty_epoch,train_feature_penalty_step,train_loss_epoch,train_loss_step,train_masked_accuracy_epoch,train_masked_accuracy_step,train_unmasked_accuracy_epoch,train_unmasked_accuracy_step
,5552.0,0,1.6000000186977559e-06,49,,0.2534327208995819,,4.779302597045898,,0.03998126834630966,,0.02867237664759159
,5472.0,0,3.2000000373955118e-06,99,,0.24378733336925507,,5.3303751945495605,,0.069920614361763,,0.0645015612244606
,5584.0,0,4.800000169780105e-06,149,,0.32470691204071045,,4.674286842346191,,0.08309629559516907,,0.08269719779491425
,5504.0,0,6.4000000747910235e-06,199,,0.3514203429222107,,4.47503662109375,,0.10066202282905579,,0.10087673366069794
,5440.0,0,7.999999979801942e-06,249,,0.5718863606452942,,4.508089542388916,,0.11295828968286514,,0.11310765147209167
,5456.0,0,9.60000033956021e-06,299,,0.5668653249740601,,4.339114189147949,,0.12125907838344574,,0.12140529602766037
,5424.0,0,1.1199999789823778e-05,349,,0.5998943448066711,,4.354035377502441,,0.12756773829460144,,0.1272220015525818
,5424.0,0,1.2800000149582047e-05,399,,0.4785236716270447,,4.038907051086426,,0.13234581053256989,,0.13082332909107208
,5584.0,0,1.4399999599845614e-05,449,,0.6492831707000732,,4.897258281707764,,0.13842397928237915,,0.13516737520694733
,5536.0,0,1.5999999959603883e-05,499,,0.6285284161567688,,4.244406700134277,,0.14303413033485413,,0.13754555583000183
,5424.0,0,1.759999940986745e-05,549,,0.7251622676849365,,3.9917430877685547,,0.14790108799934387,,0.13978765904903412
,5568.0,0,1.920000067912042e-05,599,,0.6045121550559998,,3.8274824619293213,,0.15385709702968597,,0.1436350792646408
,5328.0,0,2.080000012938399e-05,649,,0.4884902238845825,,4.305433750152588,,0.1587531864643097,,0.1458093374967575
,5424.0,0,2.2399999579647556e-05,699,,0.6720103025436401,,3.838115930557251,,0.16419538855552673,,0.1488121747970581
,5504.0,0,2.4000000848900527e-05,749,,0.8185188174247742,,3.6254947185516357,,0.16867724061012268,,0.1512385457754135
,5520.0,0,2.5600000299164094e-05,799,,0.7043578028678894,,3.620351791381836,,0.17257656157016754,,0.15276287496089935
,5456.0,0,2.719999974942766e-05,849,,0.8993203639984131,,4.056238174438477,,0.17677929997444153,,0.15522648394107819
,5408.0,0,2.879999919969123e-05,899,,0.869746208190918,,3.591282606124878,,0.18077880144119263,,0.1571653038263321
,5440.0,0,3.04000004689442e-05,949,,0.8940662741661072,,3.907579183578491,,0.18436816334724426,,0.15818189084529877
,5472.0,0,3.199999991920777e-05,999,,0.9706258177757263,,3.489368438720703,,0.1875733733177185,,0.15920612215995789
,5472.0,0,3.360000118846074e-05,1049,,0.9853637218475342,,4.106847763061523,,0.1913488358259201,,0.160237118601799
,5392.0,0,3.51999988197349e-05,1099,,0.9836224913597107,,3.6499276161193848,,0.19476164877414703,,0.16064074635505676
,5648.0,0,3.680000008898787e-05,1149,,0.7673950791358948,,3.7679004669189453,,0.19770300388336182,,0.16068974137306213
,5424.0,0,3.840000135824084e-05,1199,,1.0990582704544067,,4.344058036804199,,0.2008136510848999,,0.16104121506214142
,5456.0,0,3.9999998989515007e-05,1249,,1.1325902938842773,,3.636141777038574,,0.20293329656124115,,0.1605454981327057
,5432.0,0,4.160000025876798e-05,1299,,1.2647205591201782,,3.5358657836914062,,0.20616543292999268,,0.1605939120054245
,5536.0,0,4.320000152802095e-05,1349,,0.998501181602478,,3.6063451766967773,,0.20934520661830902,,0.16046078503131866
,5372.0,0,4.479999915929511e-05,1399,,0.8600608706474304,,3.649165153503418,,0.21208982169628143,,0.16021296381950378
,5424.0,0,4.640000042854808e-05,1449,,1.1544150114059448,,3.9725286960601807,,0.2146812081336975,,0.15961149334907532
,5488.0,0,4.8000001697801054e-05,1499,,0.7343088984489441,,3.359340190887451,,0.21730485558509827,,0.15857112407684326
,5380.0,0,4.959999932907522e-05,1549,,0.9026272892951965,,3.3063182830810547,,0.21987223625183105,,0.15774719417095184
,5488.0,0,5.120000059832819e-05,1599,,0.9263089895248413,,3.7782392501831055,,0.22210796177387238,,0.1569947749376297
,5476.0,0,5.279999822960235e-05,1649,,0.6005793213844299,,3.320017099380493,,0.22473040223121643,,0.15599852800369263
,5460.0,0,5.439999949885532e-05,1699,,1.0639723539352417,,3.662355661392212,,0.22696352005004883,,0.15502208471298218
,5516.0,0,5.6000000768108293e-05,1749,,1.0504640340805054,,2.8757314682006836,,0.22890877723693848,,0.15399540960788727
,5516.0,0,5.759999839938246e-05,1799,,1.0522772073745728,,2.9042439460754395,,0.23087558150291443,,0.15278448164463043
,5332.0,0,5.919999966863543e-05,1849,,0.9003925323486328,,3.157811164855957,,0.23261906206607819,,0.15167845785617828
,5332.0,0,6.08000009378884e-05,1899,,1.0290441513061523,,3.930636167526245,,0.23446373641490936,,0.1503194272518158
,5384.0,0,6.240000220714137e-05,1949,,0.8532252311706543,,3.804593086242676,,0.23645660281181335,,0.14935395121574402
,5324.0,0,6.399999983841553e-05,1999,,0.9371882081031799,,3.4848153591156006,,0.23828256130218506,,0.14823096990585327
,5412.0,0,6.55999974696897e-05,2049,,0.9882263541221619,,3.4956583976745605,,0.23988234996795654,,0.14696776866912842
,5452.0,0,6.720000237692147e-05,2099,,1.253387212753296,,2.9857003688812256,,0.24170516431331635,,0.1459619104862213
,5504.0,0,6.880000000819564e-05,2149,,0.9105427265167236,,3.4233295917510986,,0.2436787337064743,,0.14498841762542725
,5456.0,0,7.03999976394698e-05,2199,,0.8206245303153992,,3.4478514194488525,,0.2453170120716095,,0.14356480538845062
,5436.0,0,7.200000254670158e-05,2249,,1.090224266052246,,3.4974350929260254,,0.2469882369041443,,0.14228974282741547
,5536.0,0,7.360000017797574e-05,2299,,0.8246316313743591,,3.3671915531158447,,0.24868011474609375,,0.14116781949996948
,5376.0,0,7.519999780924991e-05,2349,,1.3206465244293213,,3.076625347137451,,0.25037556886672974,,0.14030057191848755
,5452.0,0,7.680000271648169e-05,2399,,0.7025854587554932,,2.9742543697357178,,0.2518545389175415,,0.13944712281227112
,5444.0,0,7.840000034775585e-05,2449,,0.5489726662635803,,3.137988567352295,,0.2532055377960205,,0.1385948807001114
,5420.0,0,7.999999797903001e-05,2499,,0.8332517147064209,,3.0922770500183105,,0.25481700897216797,,0.13776591420173645
5463.7783203125,,0,,2507,0.8045056462287903,,3.6976053714752197,,0.18927574157714844,,0.14080756902694702,
,5464.0,1,8.160000288626179e-05,2549,,1.0378086566925049,,2.4369876384735107,,0.25642743706703186,,0.13681548833847046
,5444.0,1,8.320000051753595e-05,2599,,0.859488308429718,,2.5829977989196777,,0.25779566168785095,,0.13599905371665955
,5440.0,1,8.479999814881012e-05,2649,,0.9583696126937866,,3.150780439376831,,0.25918230414390564,,0.1350414901971817
,5368.0,1,8.64000030560419e-05,2699,,0.7204312086105347,,2.705488443374634,,0.260434091091156,,0.13414712250232697
,5420.0,1,8.800000068731606e-05,2749,,0.9411489963531494,,3.4216408729553223,,0.26196742057800293,,0.13349051773548126
,5396.0,1,8.959999831859022e-05,2799,,0.6935305595397949,,2.3460354804992676,,0.26338064670562744,,0.13260401785373688
,5420.0,1,9.1200003225822e-05,2849,,0.8233084678649902,,3.2115423679351807,,0.26486364006996155,,0.131991446018219
,5460.0,1,9.280000085709617e-05,2899,,0.7494319677352905,,2.776898145675659,,0.2661520540714264,,0.13122773170471191
,5504.0,1,9.439999848837033e-05,2949,,0.93614262342453,,2.6781136989593506,,0.2673451900482178,,0.13063077628612518
,5448.0,1,9.600000339560211e-05,2999,,0.6723322868347168,,2.5579004287719727,,0.26847806572914124,,0.13007454574108124
,5496.0,1,9.760000102687627e-05,3049,,0.3046680688858032,,1.9572142362594604,,0.26958394050598145,,0.12954847514629364
,5520.0,1,9.919999865815043e-05,3099,,0.689317524433136,,2.6886892318725586,,0.2708190977573395,,0.12885785102844238
,5464.0,1,9.997241431847215e-05,3149,,0.44181662797927856,,1.90641188621521,,0.2722090482711792,,0.12819978594779968
,5384.0,1,9.99172407318838e-05,3199,,0.7259899973869324,,2.8224852085113525,,0.27327361702919006,,0.12745685875415802
,5396.0,1,9.986206714529544e-05,3249,,0.7180628180503845,,2.7845423221588135,,0.27450302243232727,,0.12671199440956116
,5488.0,1,9.980689355870709e-05,3299,,0.648472785949707,,2.7685186862945557,,0.2757759094238281,,0.12612879276275635
,5576.0,1,9.975172724807635e-05,3349,,0.8064295649528503,,2.8330609798431396,,0.27694734930992126,,0.12537208199501038
,5652.0,1,9.9696553661488e-05,3399,,0.724573016166687,,2.8266680240631104,,0.27789193391799927,,0.1247803345322609
,5444.0,1,9.964138007489964e-05,3449,,0.6336800456047058,,2.3895158767700195,,0.2790442109107971,,0.12415085732936859
,5384.0,1,9.958620648831129e-05,3499,,0.6220490336418152,,3.3971986770629883,,0.28020283579826355,,0.12357122451066971
,5396.0,1,9.953103290172294e-05,3549,,0.923517107963562,,2.88240647315979,,0.2814450263977051,,0.12305562198162079
,5444.0,1,9.947585931513458e-05,3599,,0.6163385510444641,,2.572664499282837,,0.2823672294616699,,0.12249625474214554
,5420.0,1,9.942069300450385e-05,3649,,0.6658173203468323,,2.7172765731811523,,0.28340983390808105,,0.12206413596868515
,5500.0,1,9.93655194179155e-05,3699,,0.4864666163921356,,2.2099764347076416,,0.28446733951568604,,0.12160871922969818
,5436.0,1,9.931034583132714e-05,3749,,0.7443023920059204,,2.624833106994629,,0.285470187664032,,0.1210225448012352
,5576.0,1,9.925517224473879e-05,3799,,0.7311422824859619,,2.5021679401397705,,0.28648000955581665,,0.12056289613246918
,5384.0,1,9.919999865815043e-05,3849,,0.8267533183097839,,2.91567063331604,,0.28747865557670593,,0.12006402760744095
,5416.0,1,9.914482507156208e-05,3899,,0.8621042370796204,,2.8035836219787598,,0.28870466351509094,,0.11972734332084656
,5516.0,1,9.908965876093134e-05,3949,,0.7515638470649719,,2.830453395843506,,0.2899177372455597,,0.11938559263944626
,5340.0,1,9.903448517434299e-05,3999,,0.6638871431350708,,2.456862688064575,,0.2910173237323761,,0.11907339841127396
,5516.0,1,9.897931158775464e-05,4049,,0.5763688087463379,,2.3340089321136475,,0.2919323444366455,,0.11861513555049896
,5332.0,1,9.892413800116628e-05,4099,,0.5641747713088989,,2.5513548851013184,,0.29283857345581055,,0.118099644780159
,5324.0,1,9.886896441457793e-05,4149,,0.5166628956794739,,3.1573538780212402,,0.29354003071784973,,0.11760743707418442
,5384.0,1,9.881379082798958e-05,4199,,0.8063819408416748,,2.231881856918335,,0.29458075761795044,,0.11729607731103897
,5400.0,1,9.875861724140123e-05,4249,,0.7346965074539185,,2.53539776802063,,0.2955402135848999,,0.11684373021125793
,5400.0,1,9.870345093077049e-05,4299,,0.39824026823043823,,2.349029302597046,,0.2965238392353058,,0.11644493788480759
,5436.0,1,9.864827734418213e-05,4349,,0.6959012150764465,,2.2845778465270996,,0.2975737750530243,,0.11596915870904922
,5464.0,1,9.859310375759378e-05,4399,,0.34954893589019775,,1.6464366912841797,,0.2983541488647461,,0.1155892014503479
,5440.0,1,9.853793017100543e-05,4449,,0.7617954611778259,,2.152195930480957,,0.2993241846561432,,0.11526743322610855
,5552.0,1,9.848275658441707e-05,4499,,0.5556198358535767,,1.921523094177246,,0.30027663707733154,,0.1149250939488411
,5452.0,1,9.842758299782872e-05,4549,,0.5307204723358154,,1.8074876070022583,,0.3013991117477417,,0.11465327441692352
,5364.0,1,9.837241668719798e-05,4599,,0.6559444069862366,,2.709307909011841,,0.3024370074272156,,0.11431460082530975
,5532.0,1,9.831724310060963e-05,4649,,0.34539365768432617,,1.954404592514038,,0.30336523056030273,,0.11396722495555878
,5364.0,1,9.826206951402128e-05,4699,,0.5656972527503967,,2.1548755168914795,,0.3044905662536621,,0.1135680079460144
,5468.0,1,9.820689592743292e-05,4749,,0.6874121427536011,,2.9938392639160156,,0.30556270480155945,,0.11330156028270721
,5336.0,1,9.815172234084457e-05,4799,,0.7816141247749329,,2.974569082260132,,0.3063165843486786,,0.11291362345218658
,5468.0,1,9.809654875425622e-05,4849,,0.8819036483764648,,2.5690572261810303,,0.30727189779281616,,0.11250416934490204
,5472.0,1,9.804138244362548e-05,4899,,0.33030417561531067,,1.7033323049545288,,0.3080258369445801,,0.11208117008209229
,5504.0,1,9.798620885703713e-05,4949,,0.7561829090118408,,2.7204768657684326,,0.3088879883289337,,0.11169476062059402
,5524.0,1,9.793103527044877e-05,4999,,0.6969435214996338,,3.139051675796509,,0.30949315428733826,,0.11133364588022232
5461.6904296875,,1,,5015,0.7303797602653503,,2.689971923828125,,0.2848130762577057,,0.12219661474227905,
,5352.0,2,9.787586168386042e-05,5049,,0.5320651531219482,,2.609066963195801,,0.3104455769062042,,0.11101741343736649
,5420.0,2,9.782068809727207e-05,5099,,0.6033835411071777,,1.9711761474609375,,0.3112933337688446,,0.11076236516237259
,5360.0,2,9.776551451068372e-05,5149,,0.8724684119224548,,3.2039287090301514,,0.3121906518936157,,0.11051628738641739
,5392.0,2,9.771034820005298e-05,5199,,0.46499428153038025,,2.159086227416992,,0.3129395842552185,,0.11024198681116104
,5516.0,2,9.765517461346462e-05,5249,,0.5846651196479797,,1.7965943813323975,,0.31383153796195984,,0.11001840978860855
,5436.0,2,9.760000102687627e-05,5299,,0.6118932366371155,,2.963820219039917,,0.31467390060424805,,0.10972493886947632
,5376.0,2,9.754482744028792e-05,5349,,0.6761942505836487,,2.0029096603393555,,0.31536170840263367,,0.10957984626293182
,5444.0,2,9.748965385369956e-05,5399,,0.5075178742408752,,2.6336886882781982,,0.3162410259246826,,0.10929672420024872
,5488.0,2,9.743448026711121e-05,5449,,0.860697329044342,,2.5343496799468994,,0.3169531226158142,,0.10900334268808365
,5432.0,2,9.737931395648047e-05,5499,,0.6874619722366333,,2.272596836090088,,0.31776225566864014,,0.10877785086631775
,5520.0,2,9.732414036989212e-05,5549,,0.8286117315292358,,2.4115984439849854,,0.31858062744140625,,0.10856428742408752
,5476.0,2,9.726896678330377e-05,5599,,0.5473448038101196,,1.7851684093475342,,0.31937307119369507,,0.10832846164703369
,5392.0,2,9.721379319671541e-05,5649,,0.5693483948707581,,2.059372663497925,,0.3201755881309509,,0.10807693004608154
,5416.0,2,9.715861961012706e-05,5699,,0.7363955974578857,,2.459737777709961,,0.3208808898925781,,0.10781009495258331
,5436.0,2,9.710344602353871e-05,5749,,0.6005922555923462,,3.0256965160369873,,0.3217805325984955,,0.10751786828041077
,5512.0,2,9.704827243695036e-05,5799,,0.761055052280426,,1.9395891427993774,,0.3224758207798004,,0.10729724168777466
,5564.0,2,9.699310612631962e-05,5849,,0.6218918561935425,,2.3371927738189697,,0.323219895362854,,0.10704996436834335
,5504.0,2,9.693793253973126e-05,5899,,0.5171264410018921,,1.848501205444336,,0.32387468218803406,,0.10680832713842392
,5520.0,2,9.688275895314291e-05,5949,,0.6733726263046265,,2.4236252307891846,,0.3247191309928894,,0.10659056901931763
,5432.0,2,9.682758536655456e-05,5999,,0.6908822655677795,,2.2482728958129883,,0.3255119323730469,,0.10636310279369354
,5508.0,2,9.67724117799662e-05,6049,,0.6379403471946716,,2.640453338623047,,0.32630497217178345,,0.10612528026103973
,5464.0,2,9.671723819337785e-05,6099,,0.6094990968704224,,2.230724334716797,,0.32704970240592957,,0.10593231767416
,5468.0,2,9.666207188274711e-05,6149,,0.2801932692527771,,1.4931508302688599,,0.3277786672115326,,0.1057676151394844
,5416.0,2,9.660689829615876e-05,6199,,0.6155613660812378,,2.3148086071014404,,0.3285079300403595,,0.10562058538198471
,5480.0,2,9.655172470957041e-05,6249,,0.9180489778518677,,2.826190233230591,,0.3291614055633545,,0.1054636612534523
,5432.0,2,9.649655112298205e-05,6299,,0.802011251449585,,2.4283206462860107,,0.3298787474632263,,0.10522308200597763
,5532.0,2,9.64413775363937e-05,6349,,0.6435468196868896,,2.079291343688965,,0.33063554763793945,,0.10502585023641586
,5444.0,2,9.638620394980535e-05,6399,,0.5529909729957581,,2.1238584518432617,,0.3313291668891907,,0.10480822622776031
,5388.0,2,9.633103763917461e-05,6449,,0.7977098822593689,,3.1434121131896973,,0.33202192187309265,,0.10460618138313293
,5448.0,2,9.627586405258626e-05,6499,,0.5626969933509827,,1.7368264198303223,,0.3326544761657715,,0.10442443937063217
,5516.0,2,9.62206904659979e-05,6549,,0.5253763198852539,,2.2573680877685547,,0.33324992656707764,,0.10428376495838165
,5464.0,2,9.616551687940955e-05,6599,,0.4658646583557129,,1.7847052812576294,,0.33393558859825134,,0.10416854172945023
,5480.0,2,9.61103432928212e-05,6649,,0.5007147192955017,,2.581583023071289,,0.33452245593070984,,0.10399792343378067
,5532.0,2,9.605516970623285e-05,6699,,0.7070218324661255,,1.8784120082855225,,0.33527231216430664,,0.1037963330745697
,5488.0,2,9.600000339560211e-05,6749,,0.4428037703037262,,1.6203655004501343,,0.3360356390476227,,0.10360623896121979
,5452.0,2,9.594482980901375e-05,6799,,0.476571261882782,,1.521151065826416,,0.3366600275039673,,0.10343803465366364
,5476.0,2,9.58896562224254e-05,6849,,0.9345660209655762,,1.9887219667434692,,0.3373723030090332,,0.10330920666456223
,5492.0,2,9.583448263583705e-05,6899,,0.6400611996650696,,1.862888216972351,,0.33801066875457764,,0.1031813770532608
,5424.0,2,9.57793090492487e-05,6949,,0.5583245158195496,,2.7224721908569336,,0.33872899413108826,,0.10303191840648651
,5408.0,2,9.572413546266034e-05,6999,,0.5544076561927795,,2.0024328231811523,,0.33934515714645386,,0.10285282135009766
,5432.0,2,9.56689691520296e-05,7049,,0.7015624046325684,,2.1974081993103027,,0.33985546231269836,,0.10271947085857391
,5424.0,2,9.561379556544125e-05,7099,,0.8276832103729248,,2.4287707805633545,,0.3405205309391022,,0.10254782438278198
,5472.0,2,9.55586219788529e-05,7149,,0.8365032076835632,,2.5655934810638428,,0.3412882387638092,,0.10240031033754349
,5444.0,2,9.550344839226454e-05,7199,,0.512683629989624,,2.4987473487854004,,0.3419452905654907,,0.1021948829293251
,5472.0,2,9.544827480567619e-05,7249,,0.8368983864784241,,2.189419746398926,,0.342578649520874,,0.1020754799246788
,5492.0,2,9.539310121908784e-05,7299,,0.6070876121520996,,2.155789375305176,,0.3431411385536194,,0.10194573551416397
,5476.0,2,9.533792763249949e-05,7349,,0.7376178503036499,,1.8865606784820557,,0.3437631130218506,,0.10182832926511765
,5460.0,2,9.528276132186875e-05,7399,,0.8751066327095032,,2.2165868282318115,,0.34432220458984375,,0.10171495378017426
,5472.0,2,9.52275877352804e-05,7449,,0.7842265963554382,,2.679992914199829,,0.3449518382549286,,0.10163266956806183
,5452.0,2,9.517241414869204e-05,7499,,0.8024866580963135,,2.1506357192993164,,0.34553059935569763,,0.10155361890792847
5461.33154296875,,2,,7523,0.6576491594314575,,2.2445268630981445,,0.3289114832878113,,0.10567405819892883,
,5396.0,3,9.511724056210369e-05,7549,,0.500460684299469,,1.6247364282608032,,0.34621450304985046,,0.10150288045406342
,5460.0,3,9.506206697551534e-05,7599,,0.4556141793727875,,2.0217514038085938,,0.3467575013637543,,0.1013861894607544
,5496.0,3,9.500689338892698e-05,7649,,0.5575391054153442,,1.9429718255996704,,0.3474110960960388,,0.10127121955156326
,5432.0,3,9.495172707829624e-05,7699,,0.9126672744750977,,2.3088696002960205,,0.34806543588638306,,0.10116837918758392
,5456.0,3,9.489655349170789e-05,7749,,0.5246033668518066,,1.9822776317596436,,0.34870001673698425,,0.1010560393333435
,5328.0,3,9.484137990511954e-05,7799,,0.524623692035675,,2.0485165119171143,,0.3492928445339203,,0.10091882199048996
,5452.0,3,9.478620631853119e-05,7849,,0.5786383152008057,,1.367445945739746,,0.34988752007484436,,0.1007385328412056
,5432.0,3,9.473103273194283e-05,7899,,0.5510983467102051,,2.077357292175293,,0.35048216581344604,,0.10057240724563599
,5480.0,3,9.467585914535448e-05,7949,,0.5973270535469055,,1.7945208549499512,,0.3511146306991577,,0.10043753683567047
,5424.0,3,9.462069283472374e-05,7999,,0.5756770968437195,,2.0310795307159424,,0.3517184853553772,,0.10035113990306854
,5412.0,3,9.456551924813539e-05,8049,,0.5476794838905334,,2.1737799644470215,,0.35227763652801514,,0.10022765398025513
,5504.0,3,9.451034566154703e-05,8099,,0.5321055054664612,,2.0106685161590576,,0.35288500785827637,,0.1001395434141159
,5460.0,3,9.445517207495868e-05,8149,,0.6718100309371948,,1.6947892904281616,,0.3534168601036072,,0.09999953955411911
,5520.0,3,9.439999848837033e-05,8199,,0.8788164258003235,,2.8060367107391357,,0.353972464799881,,0.09985668957233429
,5440.0,3,9.434482490178198e-05,8249,,0.8701345324516296,,2.6419284343719482,,0.3545381426811218,,0.09979589283466339
,5436.0,3,9.428965859115124e-05,8299,,0.6874762773513794,,2.8868746757507324,,0.35507068037986755,,0.09971160441637039
,5468.0,3,9.423448500456288e-05,8349,,0.6658052206039429,,1.4763853549957275,,0.35566070675849915,,0.09963426738977432
,5388.0,3,9.417931141797453e-05,8399,,0.5587267875671387,,1.6970192193984985,,0.3562890291213989,,0.09953948855400085
,5496.0,3,9.412413783138618e-05,8449,,0.580748438835144,,2.3793513774871826,,0.35684332251548767,,0.09943179041147232
,5396.0,3,9.406896424479783e-05,8499,,0.7599948644638062,,2.623415470123291,,0.3574436902999878,,0.09931986778974533
,5472.0,3,9.401379065820947e-05,8549,,0.6621364951133728,,2.0445287227630615,,0.35800495743751526,,0.09922651201486588
,5560.0,3,9.395861707162112e-05,8599,,1.0213581323623657,,2.2188427448272705,,0.3584912419319153,,0.09911780804395676
,5552.0,3,9.390345076099038e-05,8649,,0.5162478685379028,,1.7694902420043945,,0.3590008318424225,,0.0990271344780922
,5536.0,3,9.384827717440203e-05,8699,,1.0338324308395386,,2.1972734928131104,,0.3595595061779022,,0.09894466400146484
,5456.0,3,9.379310358781368e-05,8749,,0.7212890386581421,,2.1277217864990234,,0.3601307272911072,,0.09885869920253754
,5436.0,3,9.373793000122532e-05,8799,,0.9051104784011841,,2.6635372638702393,,0.3607530891895294,,0.09880271553993225
,5496.0,3,9.368275641463697e-05,8849,,0.9421071410179138,,1.9422475099563599,,0.36126935482025146,,0.09864828735589981
,5456.0,3,9.362758282804862e-05,8899,,0.6026319861412048,,2.5178821086883545,,0.3617570996284485,,0.09854677319526672
,5408.0,3,9.357241651741788e-05,8949,,0.7311632633209229,,2.0003318786621094,,0.36230212450027466,,0.09843968600034714
,5400.0,3,9.351724293082952e-05,8999,,0.8032450079917908,,2.253201961517334,,0.3628753125667572,,0.09830550849437714
,5496.0,3,9.346206934424117e-05,9049,,0.6707243323326111,,2.294466972351074,,0.3635270297527313,,0.0981777161359787
,5332.0,3,9.340689575765282e-05,9099,,0.5213857293128967,,1.676265835762024,,0.36400118470191956,,0.09806245565414429
,5540.0,3,9.335172217106447e-05,9149,,0.8323696255683899,,1.9381576776504517,,0.3646000027656555,,0.09793993830680847
,5516.0,3,9.329654858447611e-05,9199,,0.8627694249153137,,2.473205804824829,,0.3651098310947418,,0.09787098318338394
,5540.0,3,9.324138227384537e-05,9249,,0.7929586172103882,,1.8697255849838257,,0.36560288071632385,,0.09781741350889206
,5480.0,3,9.318620868725702e-05,9299,,0.6671655774116516,,1.9535480737686157,,0.3660864531993866,,0.0977410078048706
,5432.0,3,9.313103510066867e-05,9349,,0.9164843559265137,,2.5050461292266846,,0.36653873324394226,,0.09764143079519272
,5564.0,3,9.307586151408032e-05,9399,,0.7720770239830017,,1.9752492904663086,,0.36712169647216797,,0.09757281839847565
,5520.0,3,9.302068792749196e-05,9449,,0.7275487184524536,,2.1225311756134033,,0.3675818145275116,,0.09748444706201553
,5524.0,3,9.296551434090361e-05,9499,,0.7011113166809082,,1.7047673463821411,,0.3680689334869385,,0.09740764647722244
,5400.0,3,9.291034803027287e-05,9549,,0.8470121622085571,,2.065549373626709,,0.36852699518203735,,0.09732057899236679
,5300.0,3,9.285517444368452e-05,9599,,0.8178253769874573,,1.9472918510437012,,0.3690613806247711,,0.09723052382469177
,5528.0,3,9.280000085709617e-05,9649,,0.5704025626182556,,1.1961607933044434,,0.3695923388004303,,0.09713353961706161
,5440.0,3,9.274482727050781e-05,9699,,1.097456693649292,,1.7112306356430054,,0.3700099587440491,,0.09707579016685486
,5448.0,3,9.268965368391946e-05,9749,,0.7507461309432983,,1.8609381914138794,,0.37051504850387573,,0.09699763357639313
,5548.0,3,9.26344800973311e-05,9799,,0.8129726052284241,,2.0153589248657227,,0.3709786832332611,,0.09691937267780304
,5444.0,3,9.257931378670037e-05,9849,,0.8548635244369507,,2.5892529487609863,,0.37136349081993103,,0.09688933193683624
,5444.0,3,9.252414020011202e-05,9899,,0.5616804361343384,,1.6830376386642456,,0.3718898892402649,,0.09681756794452667
,5480.0,3,9.246896661352366e-05,9949,,0.7015054225921631,,2.002337694168091,,0.37234029173851013,,0.09673163294792175
,5452.0,3,9.241379302693531e-05,9999,,0.6782629489898682,,2.0920565128326416,,0.37278592586517334,,0.0966963917016983
5462.31396484375,,3,,10031,0.719650149345398,,2.008284091949463,,0.3601948320865631,,0.09884630143642426,
,5468.0,4,9.235861944034696e-05,10049,,0.9175372123718262,,2.2855677604675293,,0.3732522130012512,,0.09662571549415588
,5460.0,4,9.23034458537586e-05,10099,,0.717047929763794,,2.4557666778564453,,0.37377822399139404,,0.09655970335006714
,5440.0,4,9.224827226717025e-05,10149,,0.6130358576774597,,1.967509388923645,,0.37425675988197327,,0.09651858359575272
,5428.0,4,9.219310595653951e-05,10199,,0.7763848900794983,,1.842079758644104,,0.37476295232772827,,0.09644445776939392
,5332.0,4,9.213793236995116e-05,10249,,0.6794338226318359,,1.9418787956237793,,0.37526220083236694,,0.09641380608081818
,5364.0,4,9.20827587833628e-05,10299,,0.6430394053459167,,2.1159021854400635,,0.3758092522621155,,0.09636501222848892
,5444.0,4,9.202758519677445e-05,10349,,0.8579093813896179,,1.6280847787857056,,0.3763047456741333,,0.09631039202213287
,5536.0,4,9.19724116101861e-05,10399,,1.092453956604004,,2.1352696418762207,,0.3768192231655121,,0.09627939015626907
,5516.0,4,9.191723802359775e-05,10449,,0.9091584086418152,,1.8296523094177246,,0.37724751234054565,,0.09626015275716782
,5432.0,4,9.186207171296701e-05,10499,,0.5830904841423035,,1.9687663316726685,,0.37773096561431885,,0.09624512493610382
,5480.0,4,9.180689812637866e-05,10549,,0.5833130478858948,,1.539677381515503,,0.37825697660446167,,0.09616164863109589
,5492.0,4,9.17517245397903e-05,10599,,0.7039957046508789,,1.620875358581543,,0.37876343727111816,,0.09605680406093597
,5416.0,4,9.169655095320195e-05,10649,,0.9078792333602905,,1.7533600330352783,,0.37925097346305847,,0.09595971554517746
,5432.0,4,9.16413773666136e-05,10699,,0.875174343585968,,1.9553767442703247,,0.37978595495224,,0.09591195732355118
,5488.0,4,9.158620378002524e-05,10749,,1.0054484605789185,,2.300503969192505,,0.38021326065063477,,0.09585612267255783
,5428.0,4,9.15310374693945e-05,10799,,0.607894778251648,,1.4650933742523193,,0.3807165026664734,,0.09573646634817123
,5424.0,4,9.147586388280615e-05,10849,,0.7597872614860535,,1.8343584537506104,,0.3811170756816864,,0.0956389456987381
,5568.0,4,9.14206902962178e-05,10899,,0.8252546787261963,,2.3257105350494385,,0.38163167238235474,,0.09559309482574463
,5468.0,4,9.136551670962945e-05,10949,,0.8114281296730042,,1.92556631565094,,0.3820740878582001,,0.09551486372947693
,5436.0,4,9.13103431230411e-05,10999,,0.7785949110984802,,1.1970728635787964,,0.3825525939464569,,0.09545644372701645
,5424.0,4,9.125516953645274e-05,11049,,0.8692423701286316,,2.2776126861572266,,0.3829808533191681,,0.09540749341249466
,5488.0,4,9.1200003225822e-05,11099,,0.5380913019180298,,1.5812673568725586,,0.383420467376709,,0.09534084051847458
,5472.0,4,9.114482963923365e-05,11149,,0.6890940070152283,,2.5512001514434814,,0.38387230038642883,,0.09530992805957794
,5492.0,4,9.10896560526453e-05,11199,,0.5601441264152527,,1.9272819757461548,,0.38423609733581543,,0.09527356177568436
,5440.0,4,9.103448246605694e-05,11249,,0.7274423837661743,,1.9109957218170166,,0.3846833109855652,,0.09520050138235092
,5416.0,4,9.097930887946859e-05,11299,,0.7020398378372192,,1.8743618726730347,,0.3851395845413208,,0.09514942020177841
,5476.0,4,9.092413529288024e-05,11349,,0.5974587798118591,,1.2063778638839722,,0.3855687379837036,,0.09508467465639114
,5508.0,4,9.08689689822495e-05,11399,,0.9525324702262878,,1.8729820251464844,,0.3859395980834961,,0.09502057731151581
,5496.0,4,9.081379539566115e-05,11449,,0.707120418548584,,1.6112393140792847,,0.38635557889938354,,0.09493722021579742
,5424.0,4,9.075862180907279e-05,11499,,0.7743543982505798,,1.5476789474487305,,0.38676008582115173,,0.09486064314842224
,5380.0,4,9.070344822248444e-05,11549,,0.8239938616752625,,2.3233020305633545,,0.3871331810951233,,0.0948222205042839
,5472.0,4,9.064827463589609e-05,11599,,0.7156376242637634,,1.837619423866272,,0.38754355907440186,,0.09481881558895111
,5436.0,4,9.059310104930773e-05,11649,,0.6949141621589661,,1.8633158206939697,,0.38795313239097595,,0.09475616365671158
,5408.0,4,9.053792746271938e-05,11699,,0.8360546827316284,,1.8770838975906372,,0.3883267045021057,,0.09472223371267319
,5460.0,4,9.048276115208864e-05,11749,,0.6891024112701416,,2.210646629333496,,0.3887556195259094,,0.09467755258083344
,5428.0,4,9.042758756550029e-05,11799,,0.9024494290351868,,1.9947363138198853,,0.389168381690979,,0.09461043030023575
,5480.0,4,9.037241397891194e-05,11849,,0.6750264763832092,,1.7718168497085571,,0.3895600438117981,,0.09454204142093658
,5416.0,4,9.031724039232358e-05,11899,,0.6342339515686035,,1.7149332761764526,,0.3899688124656677,,0.09450496733188629
,5472.0,4,9.026206680573523e-05,11949,,0.9106763005256653,,1.6240198612213135,,0.3903522491455078,,0.09446998685598373
,5568.0,4,9.020689321914688e-05,11999,,0.8190281391143799,,1.6304610967636108,,0.3907877802848816,,0.0944119319319725
,5484.0,4,9.015172690851614e-05,12049,,0.7983056306838989,,1.9658849239349365,,0.3912220597267151,,0.09436588734388351
,5472.0,4,9.009655332192779e-05,12099,,0.43786656856536865,,1.2565960884094238,,0.3916446566581726,,0.09433265030384064
,5484.0,4,9.004137973533943e-05,12149,,0.7515621185302734,,1.7435524463653564,,0.39209234714508057,,0.09429513663053513
,5444.0,4,8.998620614875108e-05,12199,,0.9012808203697205,,1.9173563718795776,,0.3925485908985138,,0.09425326436758041
,5452.0,4,8.993103256216273e-05,12249,,0.7970276474952698,,1.8978835344314575,,0.39297258853912354,,0.09417778253555298
,5400.0,4,8.987585897557437e-05,12299,,0.7965049147605896,,2.1281063556671143,,0.39336535334587097,,0.09413743764162064
,5596.0,4,8.982069266494364e-05,12349,,0.8527413606643677,,2.0923285484313965,,0.3937663435935974,,0.09410107880830765
,5308.0,4,8.976551907835528e-05,12399,,0.6475180983543396,,1.2205711603164673,,0.39416205883026123,,0.09407857060432434
,5528.0,4,8.971034549176693e-05,12449,,0.7338406443595886,,1.6466920375823975,,0.39459940791130066,,0.09409738332033157
,5568.0,4,8.965517190517858e-05,12499,,0.9486908912658691,,2.0412240028381348,,0.394997239112854,,0.09406014531850815
5460.99560546875,,4,,12539,0.7667024731636047,,1.846846103668213,,0.3847002387046814,,0.09522528201341629,
,5512.0,5,8.959999831859022e-05,12549,,1.248932957649231,,1.7740556001663208,,0.39541730284690857,,0.0940660610795021
,5464.0,5,8.954482473200187e-05,12599,,0.7806291580200195,,1.539684772491455,,0.3958149254322052,,0.0940779596567154
,5432.0,5,8.948965842137113e-05,12649,,1.1801679134368896,,1.6027119159698486,,0.39620262384414673,,0.09408413618803024
,5464.0,5,8.943448483478278e-05,12699,,0.7440623641014099,,1.6142821311950684,,0.39666396379470825,,0.09406648576259613
,5460.0,5,8.937931124819443e-05,12749,,0.841373085975647,,1.520646333694458,,0.3971153497695923,,0.09406653046607971
,5468.0,5,8.932413766160607e-05,12799,,0.7439200282096863,,1.5104905366897583,,0.39750009775161743,,0.09405739605426788
,5532.0,5,8.926896407501772e-05,12849,,0.5861160159111023,,1.5707027912139893,,0.397916316986084,,0.09403414279222488
,5424.0,5,8.921379048842937e-05,12899,,0.8060199618339539,,1.665345311164856,,0.3983677327632904,,0.09400925040245056
,5480.0,5,8.915862417779863e-05,12949,,0.8695008158683777,,1.895680546760559,,0.39877063035964966,,0.09398982673883438
,5460.0,5,8.910345059121028e-05,12999,,0.8285317420959473,,1.9397435188293457,,0.3991626501083374,,0.09398427605628967
,5368.0,5,8.904827700462192e-05,13049,,1.007158875465393,,1.4269121885299683,,0.39958563446998596,,0.09395664930343628
,5456.0,5,8.899310341803357e-05,13099,,0.6266592144966125,,1.2266268730163574,,0.3999970555305481,,0.09393548965454102
,5412.0,5,8.893792983144522e-05,13149,,0.8036852478981018,,1.6684954166412354,,0.4004284739494324,,0.09390817582607269
,5388.0,5,8.888275624485686e-05,13199,,0.6390877962112427,,1.6751248836517334,,0.40077170729637146,,0.09386957436800003
,5528.0,5,8.882758265826851e-05,13249,,0.7442377805709839,,1.6599788665771484,,0.40108722448349,,0.09385703504085541
,5504.0,5,8.877241634763777e-05,13299,,0.8352170586585999,,2.0501859188079834,,0.40149056911468506,,0.09380866587162018
,5468.0,5,8.871724276104942e-05,13349,,0.8240736722946167,,1.6103121042251587,,0.4018631875514984,,0.09376951307058334
,5416.0,5,8.866206917446107e-05,13399,,0.9520817995071411,,1.6752119064331055,,0.4022640883922577,,0.09374039620161057
,5432.0,5,8.860689558787271e-05,13449,,0.8124610781669617,,1.7346872091293335,,0.40263038873672485,,0.09372903406620026
,5556.0,5,8.855172200128436e-05,13499,,0.7348088622093201,,1.571890950202942,,0.4029964506626129,,0.0937061458826065
,5392.0,5,8.849654841469601e-05,13549,,0.9602155685424805,,1.6661360263824463,,0.40332382917404175,,0.09367283433675766
,5460.0,5,8.844138210406527e-05,13599,,0.7948716282844543,,1.6691762208938599,,0.4037318825721741,,0.09365680813789368
,5400.0,5,8.838620851747692e-05,13649,,0.6591216325759888,,1.736555576324463,,0.4041092097759247,,0.09363169968128204
,5524.0,5,8.833103493088856e-05,13699,,0.9987677931785583,,2.171037197113037,,0.40442830324172974,,0.09360966831445694
,5448.0,5,8.827586134430021e-05,13749,,0.7301464676856995,,1.8593778610229492,,0.4047885537147522,,0.09359566122293472
,5312.0,5,8.822068775771186e-05,13799,,0.7930042743682861,,1.5017359256744385,,0.40519288182258606,,0.09357980638742447
,5384.0,5,8.81655141711235e-05,13849,,0.6549983620643616,,1.1344029903411865,,0.40552830696105957,,0.09352804720401764
,5468.0,5,8.811034786049277e-05,13899,,0.6547670364379883,,1.4450225830078125,,0.40590548515319824,,0.09353728592395782
,5420.0,5,8.805517427390441e-05,13949,,1.3580471277236938,,1.8728336095809937,,0.40626588463783264,,0.09353245794773102
,5504.0,5,8.800000068731606e-05,13999,,0.7667632699012756,,1.5826547145843506,,0.40662693977355957,,0.09353134036064148
,5464.0,5,8.794482710072771e-05,14049,,0.7966643571853638,,1.8533629179000854,,0.40698230266571045,,0.09351897984743118
,5440.0,5,8.788965351413935e-05,14099,,0.9330917000770569,,1.8885526657104492,,0.40733128786087036,,0.0935276597738266
,5500.0,5,8.7834479927551e-05,14149,,0.9874992966651917,,2.0122365951538086,,0.4077156186103821,,0.09351600706577301
,5508.0,5,8.777931361692026e-05,14199,,0.8337962627410889,,1.7156647443771362,,0.40801742672920227,,0.09350074082612991
,5456.0,5,8.772414003033191e-05,14249,,0.8575994372367859,,1.7697447538375854,,0.40837472677230835,,0.09349270164966583
,5504.0,5,8.766896644374356e-05,14299,,0.8554092049598694,,1.6505967378616333,,0.4087600111961365,,0.09348279982805252
,5440.0,5,8.76137928571552e-05,14349,,0.8194342255592346,,1.249796748161316,,0.4091454744338989,,0.09346694499254227
,5540.0,5,8.755861927056685e-05,14399,,0.6479578614234924,,1.3736873865127563,,0.4094870686531067,,0.09344019740819931
,5424.0,5,8.75034456839785e-05,14449,,0.7084124088287354,,1.7487069368362427,,0.40983542799949646,,0.09342963993549347
,5404.0,5,8.744827937334776e-05,14499,,0.9066810011863708,,1.391830325126648,,0.41019344329833984,,0.09340134263038635
,5492.0,5,8.73931057867594e-05,14549,,0.6451215147972107,,1.6678075790405273,,0.4105604887008667,,0.09339930862188339
,5480.0,5,8.733793220017105e-05,14599,,0.7149512767791748,,1.4675581455230713,,0.41087451577186584,,0.09339872747659683
,5476.0,5,8.72827586135827e-05,14649,,0.8907067179679871,,1.6900120973587036,,0.4112350344657898,,0.09340935945510864
,5432.0,5,8.722758502699435e-05,14699,,0.743770956993103,,1.30767822265625,,0.41158974170684814,,0.09338193386793137
,5468.0,5,8.7172411440406e-05,14749,,0.7500730752944946,,1.3257712125778198,,0.4119233787059784,,0.09336023032665253
,5468.0,5,8.711723785381764e-05,14799,,0.8555071353912354,,1.8894091844558716,,0.412291944026947,,0.09333300590515137
,5480.0,5,8.70620715431869e-05,14849,,0.991378664970398,,1.6288964748382568,,0.4126172363758087,,0.09329524636268616
,5488.0,5,8.700689795659855e-05,14899,,0.987704873085022,,1.4452651739120483,,0.4129358232021332,,0.09326210618019104
,5516.0,5,8.69517243700102e-05,14949,,0.69366455078125,,1.535848617553711,,0.41330409049987793,,0.09320332854986191
,5396.0,5,8.689655078342184e-05,14999,,0.8939695358276367,,1.3238680362701416,,0.4136088490486145,,0.09314281493425369
5461.380859375,,5,,15047,0.8318501710891724,,1.7217319011688232,,0.4050082862377167,,0.09364566951990128,
,5408.0,6,8.684137719683349e-05,15049,,0.7258595824241638,,1.6085150241851807,,0.41397374868392944,,0.09309706091880798
,5536.0,6,8.678620361024514e-05,15099,,0.7987128496170044,,1.414933443069458,,0.41433292627334595,,0.09307925403118134
,5456.0,6,8.67310372996144e-05,15149,,0.7442783713340759,,1.593216896057129,,0.41468021273612976,,0.09305551648139954
,5468.0,6,8.667586371302605e-05,15199,,0.688040554523468,,1.3088985681533813,,0.41502511501312256,,0.09305867552757263
,5432.0,6,8.66206901264377e-05,15249,,0.9914973974227905,,2.127800226211548,,0.4153946340084076,,0.09305144846439362
,5448.0,6,8.656551653984934e-05,15299,,0.7339351177215576,,1.6490118503570557,,0.4157596528530121,,0.0930425226688385
,5424.0,6,8.651034295326099e-05,15349,,1.0323649644851685,,1.6174960136413574,,0.4161500930786133,,0.09302233159542084
,5424.0,6,8.645516936667264e-05,15399,,1.053773045539856,,2.0147838592529297,,0.41650092601776123,,0.0930134579539299
,5484.0,6,8.64000030560419e-05,15449,,0.9008771777153015,,1.6141932010650635,,0.416805624961853,,0.09299832582473755
,5464.0,6,8.634482946945354e-05,15499,,0.8463926315307617,,1.2792476415634155,,0.41716355085372925,,0.0929911732673645
,5532.0,6,8.628965588286519e-05,15549,,0.9439141154289246,,1.2311325073242188,,0.41751348972320557,,0.09298581629991531
,5476.0,6,8.623448229627684e-05,15599,,1.4214084148406982,,2.3483829498291016,,0.41787198185920715,,0.09297782927751541
,5476.0,6,8.617930870968848e-05,15649,,0.8262138366699219,,1.4401674270629883,,0.4181984066963196,,0.09296922385692596
,5452.0,6,8.612413512310013e-05,15699,,1.0724371671676636,,1.9575831890106201,,0.4185216426849365,,0.09294797480106354
,5460.0,6,8.606896881246939e-05,15749,,0.5371963977813721,,0.9969215989112854,,0.4188844561576843,,0.09293957054615021
,5472.0,6,8.601379522588104e-05,15799,,0.8239717483520508,,1.7823405265808105,,0.41922760009765625,,0.09291790425777435
,5508.0,6,8.595862163929269e-05,15849,,1.003617286682129,,1.8476907014846802,,0.4195643663406372,,0.09290797263383865
,5452.0,6,8.590344805270433e-05,15899,,0.9362919330596924,,1.8559445142745972,,0.4199267625808716,,0.09290383756160736
,5448.0,6,8.584827446611598e-05,15949,,0.994781494140625,,1.767107367515564,,0.42022499442100525,,0.09286913275718689
,5512.0,6,8.579310087952763e-05,15999,,0.6125555634498596,,0.9471585750579834,,0.4205789864063263,,0.09285202622413635
,5472.0,6,8.573793456889689e-05,16049,,0.7854229211807251,,1.7239207029342651,,0.42091259360313416,,0.09283038228750229
,5428.0,6,8.568276098230854e-05,16099,,0.9108245372772217,,1.736985206604004,,0.4212486147880554,,0.09282439947128296
,5404.0,6,8.562758739572018e-05,16149,,0.8102906346321106,,1.3446519374847412,,0.42153143882751465,,0.09282003343105316
,5444.0,6,8.557241380913183e-05,16199,,0.8821681141853333,,1.6445989608764648,,0.4218609035015106,,0.09282344579696655
,5504.0,6,8.551724022254348e-05,16249,,1.003912091255188,,1.7602732181549072,,0.42217588424682617,,0.0928255096077919
,5468.0,6,8.546206663595513e-05,16299,,0.7234461307525635,,1.317610502243042,,0.42252302169799805,,0.09281580150127411
,5412.0,6,8.540689304936677e-05,16349,,0.9417226314544678,,1.29595148563385,,0.4228261411190033,,0.09282003343105316
,5524.0,6,8.535172673873603e-05,16399,,0.7836702466011047,,1.6292922496795654,,0.4231277406215668,,0.09280948340892792
,5484.0,6,8.529655315214768e-05,16449,,0.7568878531455994,,1.7439868450164795,,0.42343389987945557,,0.09279528260231018
,5504.0,6,8.524137956555933e-05,16499,,0.9128723740577698,,1.737464427947998,,0.42376261949539185,,0.09278702735900879
,5436.0,6,8.518620597897097e-05,16549,,0.9121766686439514,,1.3517168760299683,,0.4240782856941223,,0.09276669472455978
,5488.0,6,8.513103239238262e-05,16599,,0.9268460273742676,,1.294590711593628,,0.42437639832496643,,0.09275545179843903
,5468.0,6,8.507585880579427e-05,16649,,0.8851496577262878,,1.8920364379882812,,0.4246703088283539,,0.09275628626346588
,5464.0,6,8.502069249516353e-05,16699,,1.2761926651000977,,1.7766621112823486,,0.4249938428401947,,0.0927390530705452
,5436.0,6,8.496551890857518e-05,16749,,0.9396579265594482,,1.3133463859558105,,0.4253048896789551,,0.09273014962673187
,5408.0,6,8.491034532198682e-05,16799,,1.256799340248108,,1.3545969724655151,,0.4256184697151184,,0.09275231510400772
,5468.0,6,8.485517173539847e-05,16849,,0.8689970970153809,,1.5450764894485474,,0.4258931279182434,,0.09276408702135086
,5412.0,6,8.479999814881012e-05,16899,,0.8355006575584412,,1.9088866710662842,,0.4262130856513977,,0.09277348220348358
,5464.0,6,8.474482456222177e-05,16949,,0.9889218807220459,,1.4423601627349854,,0.4265419840812683,,0.09276510775089264
,5484.0,6,8.468965825159103e-05,16999,,1.2658123970031738,,1.6437418460845947,,0.42686963081359863,,0.0927681028842926
,5420.0,6,8.463448466500267e-05,17049,,0.965164303779602,,1.5258734226226807,,0.42718350887298584,,0.09275133907794952
,5420.0,6,8.457931107841432e-05,17099,,0.9645981788635254,,1.5893938541412354,,0.4274827837944031,,0.0927501767873764
,5520.0,6,8.452413749182597e-05,17149,,0.8215658664703369,,1.4998213052749634,,0.4278067946434021,,0.09274481981992722
,5524.0,6,8.446896390523762e-05,17199,,0.8286340832710266,,1.2569712400436401,,0.4281340539455414,,0.0927431732416153
,5500.0,6,8.441379031864926e-05,17249,,0.8278772830963135,,1.8187775611877441,,0.42838752269744873,,0.09274058043956757
,5500.0,6,8.435862400801852e-05,17299,,0.9543805718421936,,1.2934589385986328,,0.42870238423347473,,0.09272229671478271
,5456.0,6,8.430345042143017e-05,17349,,0.9985770583152771,,1.8803683519363403,,0.4290085732936859,,0.09270267188549042
,5472.0,6,8.424827683484182e-05,17399,,0.8702314496040344,,1.342473030090332,,0.42928749322891235,,0.09270790219306946
,5536.0,6,8.419310324825346e-05,17449,,0.8470308780670166,,1.4599336385726929,,0.42957890033721924,,0.09270547330379486
,5508.0,6,8.413792966166511e-05,17499,,0.8404707908630371,,1.3441613912582397,,0.42986053228378296,,0.09269249439239502
,5512.0,6,8.408275607507676e-05,17549,,1.0141223669052124,,1.978966474533081,,0.4301548898220062,,0.09268532693386078
5459.9267578125,,6,,17555,0.9253242015838623,,1.6235783100128174,,0.4223827123641968,,0.09285108745098114,
,5500.0,7,8.402758976444602e-05,17599,,0.8346978425979614,,1.7773115634918213,,0.4304826259613037,,0.09266240149736404
,5484.0,7,8.397241617785767e-05,17649,,0.9788174629211426,,1.3927233219146729,,0.43080684542655945,,0.09264902025461197
,5436.0,7,8.391724259126931e-05,17699,,1.2172828912734985,,1.6959949731826782,,0.4311346709728241,,0.09262768924236298
,5388.0,7,8.386206900468096e-05,17749,,1.0442209243774414,,1.8731855154037476,,0.43144628405570984,,0.092603400349617
,5484.0,7,8.380689541809261e-05,17799,,1.0303653478622437,,1.4412790536880493,,0.4317705035209656,,0.09259232133626938
,5484.0,7,8.375172183150426e-05,17849,,1.0097123384475708,,1.8173840045928955,,0.4320349395275116,,0.09257004410028458
,5500.0,7,8.36965482449159e-05,17899,,1.0702046155929565,,1.7856004238128662,,0.4323415756225586,,0.09256485104560852
,5456.0,7,8.364138193428516e-05,17949,,1.160591721534729,,1.8955001831054688,,0.4326156973838806,,0.09256111830472946
,5524.0,7,8.358620834769681e-05,17999,,1.0862137079238892,,1.7907503843307495,,0.4328852891921997,,0.09254449605941772
,5436.0,7,8.353103476110846e-05,18049,,1.194851279258728,,1.5478606224060059,,0.4332030415534973,,0.09251873195171356
,5392.0,7,8.34758611745201e-05,18099,,0.9834730625152588,,1.6088900566101074,,0.4335342049598694,,0.09251149743795395
,5488.0,7,8.342068758793175e-05,18149,,0.627884566783905,,0.9164563417434692,,0.43384259939193726,,0.0925162062048912
,5428.0,7,8.33655140013434e-05,18199,,0.943117082118988,,1.211073875427246,,0.43414178490638733,,0.09249620884656906
,5440.0,7,8.331034769071266e-05,18249,,0.891394317150116,,1.2603050470352173,,0.434431254863739,,0.09249430149793625
,5548.0,7,8.325517410412431e-05,18299,,1.162963628768921,,1.892913579940796,,0.4347606599330902,,0.09249702095985413
,5496.0,7,8.320000051753595e-05,18349,,1.2302888631820679,,1.2013999223709106,,0.43506425619125366,,0.0925031378865242
,5456.0,7,8.31448269309476e-05,18399,,1.0303162336349487,,1.7774299383163452,,0.43536457419395447,,0.09250995516777039
,5440.0,7,8.308965334435925e-05,18449,,1.0613422393798828,,1.6758437156677246,,0.43562543392181396,,0.09249657392501831
,5496.0,7,8.30344797577709e-05,18499,,1.2163417339324951,,1.9859553575515747,,0.4358947277069092,,0.0924854576587677
,5464.0,7,8.297931344714016e-05,18549,,1.197932481765747,,1.7956960201263428,,0.4362058639526367,,0.09249891340732574
,5472.0,7,8.29241398605518e-05,18599,,0.852480411529541,,1.5314923524856567,,0.43649202585220337,,0.09249413758516312
,5424.0,7,8.286896627396345e-05,18649,,0.7598912119865417,,1.3594194650650024,,0.43679091334342957,,0.09249339997768402
,5448.0,7,8.28137926873751e-05,18699,,1.0794870853424072,,1.507860541343689,,0.43709155917167664,,0.09247175604104996
,5452.0,7,8.275861910078675e-05,18749,,0.8720291256904602,,1.13469660282135,,0.43735501170158386,,0.09245318174362183
,5468.0,7,8.270344551419839e-05,18799,,0.982001006603241,,1.5524624586105347,,0.4376523196697235,,0.09245513379573822
,5432.0,7,8.264827920356765e-05,18849,,0.9783186316490173,,1.7079076766967773,,0.437933087348938,,0.09244053065776825
,5528.0,7,8.25931056169793e-05,18899,,0.8638209104537964,,1.4537056684494019,,0.4382150173187256,,0.09242799133062363
,5436.0,7,8.253793203039095e-05,18949,,1.1697598695755005,,1.4167821407318115,,0.4385109841823578,,0.09241858869791031
,5496.0,7,8.24827584438026e-05,18999,,0.9112729430198669,,1.6234254837036133,,0.4388159215450287,,0.09239741414785385
,5428.0,7,8.242758485721424e-05,19049,,1.0530858039855957,,1.7456679344177246,,0.4391119182109833,,0.09240887314081192
,5492.0,7,8.237241127062589e-05,19099,,1.055910348892212,,1.8235325813293457,,0.43934500217437744,,0.09240898489952087
,5500.0,7,8.231724495999515e-05,19149,,1.5977412462234497,,1.2684117555618286,,0.43959659337997437,,0.09241164475679398
,5376.0,7,8.22620713734068e-05,19199,,0.9418479204177856,,0.9927927255630493,,0.439856618642807,,0.09241420030593872
,5488.0,7,8.220689778681844e-05,19249,,0.8017138242721558,,1.0069279670715332,,0.44012272357940674,,0.09241840988397598
,5484.0,7,8.215172420023009e-05,19299,,1.2236891984939575,,0.8780985474586487,,0.44041407108306885,,0.0924270823597908
,5432.0,7,8.209655061364174e-05,19349,,1.0636816024780273,,1.5522009134292603,,0.4406874477863312,,0.09243185818195343
,5492.0,7,8.204137702705339e-05,19399,,0.9593666195869446,,1.2453206777572632,,0.44095805287361145,,0.0924278050661087
,5452.0,7,8.198620344046503e-05,19449,,0.9328967928886414,,1.5835133790969849,,0.44124314188957214,,0.09243537485599518
,5460.0,7,8.19310371298343e-05,19499,,0.8979057669639587,,1.3481390476226807,,0.4415134787559509,,0.09244315326213837
,5400.0,7,8.187586354324594e-05,19549,,1.029160499572754,,1.3169958591461182,,0.4417847990989685,,0.09245000779628754
,5536.0,7,8.182068995665759e-05,19599,,0.8787894248962402,,1.5352609157562256,,0.442084938287735,,0.09246663749217987
,5460.0,7,8.176551637006924e-05,19649,,0.9842779636383057,,1.7865862846374512,,0.44233986735343933,,0.09247168153524399
,5448.0,7,8.171034278348088e-05,19699,,0.9529789686203003,,1.6701128482818604,,0.4425646662712097,,0.09248094260692596
,5524.0,7,8.165516919689253e-05,19749,,1.6908973455429077,,1.854386806488037,,0.44281572103500366,,0.09247614443302155
,5476.0,7,8.160000288626179e-05,19799,,1.0185167789459229,,1.1851861476898193,,0.44307664036750793,,0.09248003363609314
,5504.0,7,8.154482929967344e-05,19849,,1.2174596786499023,,1.5377277135849,,0.4433569610118866,,0.09249942004680634
,5412.0,7,8.148965571308509e-05,19899,,0.9848768711090088,,1.220406174659729,,0.44363099336624146,,0.092514269053936
,5484.0,7,8.143448212649673e-05,19949,,1.0570518970489502,,1.7483478784561157,,0.4438895285129547,,0.09251853823661804
,5376.0,7,8.137930853990838e-05,19999,,1.3259559869766235,,1.5920509099960327,,0.44412586092948914,,0.09253675490617752
,5448.0,7,8.132413495332003e-05,20049,,1.3380085229873657,,1.7182364463806152,,0.44438520073890686,,0.09255579113960266
5461.9111328125,,7,,20063,1.0422817468643188,,1.5447829961776733,,0.437594473361969,,0.0924965962767601,
,5484.0,8,8.126896864268929e-05,20099,,1.292356014251709,,1.7482792139053345,,0.4446597993373871,,0.09256602823734283
,5400.0,8,8.121379505610093e-05,20149,,1.6403825283050537,,1.5896551609039307,,0.44492700695991516,,0.09257152676582336
,5440.0,8,8.115862146951258e-05,20199,,1.123611330986023,,1.6744678020477295,,0.4452251195907593,,0.09257528185844421
,5496.0,8,8.110344788292423e-05,20249,,1.0215141773223877,,1.184922456741333,,0.44552674889564514,,0.09257960319519043
,5464.0,8,8.104827429633588e-05,20299,,1.042668342590332,,1.495640754699707,,0.4458177089691162,,0.09258431196212769
,5428.0,8,8.099310070974752e-05,20349,,0.9523968696594238,,1.1847003698349,,0.4460853040218353,,0.09259626269340515
,5500.0,8,8.093793439911678e-05,20399,,0.7319052815437317,,1.3804184198379517,,0.44636285305023193,,0.09259988367557526
,5432.0,8,8.088276081252843e-05,20449,,1.157726764678955,,1.2458266019821167,,0.44663161039352417,,0.09259945899248123
,5512.0,8,8.082758722594008e-05,20499,,1.0132068395614624,,1.5610125064849854,,0.4469066560268402,,0.09261006861925125
,5456.0,8,8.077241363935173e-05,20549,,1.0348849296569824,,1.6618618965148926,,0.4471980333328247,,0.09262993931770325
,5492.0,8,8.071724005276337e-05,20599,,1.096479058265686,,1.9143797159194946,,0.44749242067337036,,0.09265720844268799
,5452.0,8,8.066206646617502e-05,20649,,1.6639747619628906,,1.5951107740402222,,0.44774484634399414,,0.0926751121878624
,5448.0,8,8.060690015554428e-05,20699,,1.1025639772415161,,1.6231049299240112,,0.4479954242706299,,0.09267593920230865
,5408.0,8,8.055172656895593e-05,20749,,1.23842453956604,,1.387502908706665,,0.448273241519928,,0.09267834573984146
,5384.0,8,8.049655298236758e-05,20799,,1.092474341392517,,1.4671891927719116,,0.4485201835632324,,0.09268442541360855
,5484.0,8,8.044137939577922e-05,20849,,1.0762079954147339,,1.3544789552688599,,0.4487978219985962,,0.09269941598176956
,5488.0,8,8.038620580919087e-05,20899,,1.2200591564178467,,1.7757595777511597,,0.4490315318107605,,0.09269241243600845
,5424.0,8,8.033103222260252e-05,20949,,1.1557750701904297,,1.404887080192566,,0.4493120610713959,,0.09269797801971436
,5456.0,8,8.027585863601416e-05,20999,,1.1794053316116333,,1.9175108671188354,,0.4495745599269867,,0.09269910305738449
,5428.0,8,8.022069232538342e-05,21049,,1.018777847290039,,1.5194278955459595,,0.44984832406044006,,0.09270333498716354
,5468.0,8,8.016551873879507e-05,21099,,1.3084163665771484,,1.360530138015747,,0.4500614404678345,,0.09272903203964233
,5480.0,8,8.011034515220672e-05,21149,,1.4977359771728516,,1.9040051698684692,,0.45029589533805847,,0.09273622184991837
,5492.0,8,8.005517156561837e-05,21199,,1.359106183052063,,1.5735056400299072,,0.45056286454200745,,0.09273060411214828
,5404.0,8,7.999999797903001e-05,21249,,1.102956771850586,,1.410688042640686,,0.4508151412010193,,0.09273917227983475
,5508.0,8,7.994482439244166e-05,21299,,1.129339575767517,,1.3249847888946533,,0.4510630965232849,,0.09273657202720642
,5492.0,8,7.988965808181092e-05,21349,,1.0555481910705566,,1.3995176553726196,,0.45129266381263733,,0.09273368120193481
,5468.0,8,7.983448449522257e-05,21399,,1.116258144378662,,1.675438642501831,,0.45153677463531494,,0.09273403882980347
,5440.0,8,7.977931090863422e-05,21449,,1.1151573657989502,,1.1651564836502075,,0.4517833888530731,,0.09273194521665573
,5520.0,8,7.972413732204586e-05,21499,,1.1856743097305298,,1.499869465827942,,0.45205268263816833,,0.09273342043161392
,5452.0,8,7.966896373545751e-05,21549,,1.3751816749572754,,1.184532642364502,,0.4523184299468994,,0.09273508191108704
,5488.0,8,7.961379014886916e-05,21599,,1.0763208866119385,,1.207707166671753,,0.45255306363105774,,0.09273242950439453
,5516.0,8,7.955862383823842e-05,21649,,1.1562504768371582,,1.879451036453247,,0.45278000831604004,,0.0927412360906601
,5488.0,8,7.950345025165007e-05,21699,,1.1468955278396606,,1.6314833164215088,,0.4530417323112488,,0.09275909513235092
,5448.0,8,7.944827666506171e-05,21749,,1.364044427871704,,1.8033909797668457,,0.45329582691192627,,0.09276732802391052
,5528.0,8,7.939310307847336e-05,21799,,0.9841237664222717,,1.2666206359863281,,0.45354196429252625,,0.092767134308815
,5500.0,8,7.9337929491885e-05,21849,,1.1331959962844849,,1.2895987033843994,,0.45379438996315,,0.09277226030826569
,5524.0,8,7.928275590529665e-05,21899,,1.3043537139892578,,1.2338544130325317,,0.45403677225112915,,0.09278250485658646
,5468.0,8,7.922758959466591e-05,21949,,1.145189642906189,,1.4489045143127441,,0.45428767800331116,,0.09279939532279968
,5428.0,8,7.917241600807756e-05,21999,,1.1800600290298462,,1.3218278884887695,,0.4545559585094452,,0.09279416501522064
,5496.0,8,7.911724242148921e-05,22049,,1.416182279586792,,1.6146800518035889,,0.4547922909259796,,0.09279816597700119
,5492.0,8,7.906206883490086e-05,22099,,1.346693515777588,,1.32090425491333,,0.4550275206565857,,0.09279675781726837
,5488.0,8,7.90068952483125e-05,22149,,1.1616497039794922,,1.2215609550476074,,0.45526543259620667,,0.09279278665781021
,5372.0,8,7.895172166172415e-05,22199,,1.0828125476837158,,1.536948561668396,,0.45550352334976196,,0.09278729557991028
,5536.0,8,7.889655535109341e-05,22249,,1.2200616598129272,,1.50304114818573,,0.45573946833610535,,0.0927870124578476
,5456.0,8,7.884138176450506e-05,22299,,1.5428454875946045,,1.7154650688171387,,0.45600426197052,,0.09278199076652527
,5384.0,8,7.87862081779167e-05,22349,,1.0933318138122559,,1.2010579109191895,,0.4562503397464752,,0.09278260171413422
,5448.0,8,7.873103459132835e-05,22399,,1.0358854532241821,,1.3405786752700806,,0.4564916789531708,,0.09278015047311783
,5472.0,8,7.867586100474e-05,22449,,1.428315281867981,,1.3152275085449219,,0.45674338936805725,,0.09278729557991028
,5504.0,8,7.862068741815165e-05,22499,,1.2159254550933838,,1.4877396821975708,,0.45698684453964233,,0.09278776496648788
,5360.0,8,7.85655138315633e-05,22549,,1.2445590496063232,,1.2841956615447998,,0.4572298228740692,,0.09278158098459244
5462.85302734375,,8,,22571,1.2011950016021729,,1.481873869895935,,0.45109063386917114,,0.092715322971344,
,5488.0,9,7.851034752093256e-05,22599,,1.3290385007858276,,1.2850936651229858,,0.4574451446533203,,0.09278523921966553
,5420.0,9,7.84551739343442e-05,22649,,1.4350136518478394,,1.2270090579986572,,0.4577134847640991,,0.09279604256153107
,5508.0,9,7.840000034775585e-05,22699,,1.2611404657363892,,1.2933833599090576,,0.4579576253890991,,0.09281498193740845
,5444.0,9,7.83448267611675e-05,22749,,1.467203140258789,,1.4805611371994019,,0.45819801092147827,,0.09281855821609497
,5408.0,9,7.828965317457914e-05,22799,,1.3864622116088867,,1.5790499448776245,,0.45845624804496765,,0.09283899515867233
,5420.0,9,7.823447958799079e-05,22849,,1.0735007524490356,,1.8115466833114624,,0.45867958664894104,,0.09285243600606918
,5532.0,9,7.817931327736005e-05,22899,,1.2483789920806885,,1.4256134033203125,,0.45890888571739197,,0.09284956008195877
,5516.0,9,7.81241396907717e-05,22949,,1.1102550029754639,,1.0804945230484009,,0.4591480791568756,,0.09284932911396027
,5428.0,9,7.806896610418335e-05,22999,,1.4681404829025269,,1.4010764360427856,,0.45940250158309937,,0.09285472333431244
,5408.0,9,7.801379251759499e-05,23049,,1.0473270416259766,,1.3546572923660278,,0.4596511125564575,,0.09284938871860504
,5488.0,9,7.795861893100664e-05,23099,,1.3963297605514526,,1.2998026609420776,,0.45990675687789917,,0.0928569957613945
,5484.0,9,7.790344534441829e-05,23149,,1.3590196371078491,,1.5525907278060913,,0.46014538407325745,,0.0928582102060318
,5492.0,9,7.784827903378755e-05,23199,,1.3287440538406372,,1.6173168420791626,,0.46037188172340393,,0.09286639094352722
,5532.0,9,7.77931054471992e-05,23249,,1.3175263404846191,,1.4283157587051392,,0.4605952501296997,,0.09286978095769882
,5460.0,9,7.773793186061084e-05,23299,,1.283649206161499,,1.6905319690704346,,0.46084582805633545,,0.09289191663265228
,5400.0,9,7.768275827402249e-05,23349,,1.1754640340805054,,1.5275952816009521,,0.46108126640319824,,0.09290428459644318
,5452.0,9,7.762758468743414e-05,23399,,1.1969770193099976,,1.8079339265823364,,0.46130627393722534,,0.09292025864124298
,5488.0,9,7.757241110084578e-05,23449,,1.1388914585113525,,1.3381081819534302,,0.4615427851676941,,0.09294279664754868
,5440.0,9,7.751724479021505e-05,23499,,1.0087007284164429,,1.4108734130859375,,0.46179866790771484,,0.09297236800193787
,5472.0,9,7.746207120362669e-05,23549,,1.364820122718811,,1.6854255199432373,,0.4620245695114136,,0.09299404919147491
,5500.0,9,7.740689761703834e-05,23599,,1.4179494380950928,,1.3706002235412598,,0.462270587682724,,0.09299176186323166
,5452.0,9,7.735172403044999e-05,23649,,1.3089052438735962,,1.568708062171936,,0.4624969959259033,,0.09299634397029877
,5484.0,9,7.729655044386163e-05,23699,,1.3031537532806396,,1.2602736949920654,,0.462717205286026,,0.09300670027732849
,5532.0,9,7.724137685727328e-05,23749,,1.5594767332077026,,1.8450167179107666,,0.4629538059234619,,0.09302204847335815
,5540.0,9,7.718620327068493e-05,23799,,1.2681323289871216,,1.064247727394104,,0.4631887674331665,,0.09302566945552826
,5496.0,9,7.713103696005419e-05,23849,,1.3127819299697876,,1.289991021156311,,0.4634309709072113,,0.09301970154047012
,5504.0,9,7.707586337346584e-05,23899,,1.1482936143875122,,1.5752683877944946,,0.46366021037101746,,0.09303578734397888
,5532.0,9,7.702068978687748e-05,23949,,1.2303591966629028,,1.5072330236434937,,0.4638948440551758,,0.09305714815855026
,5444.0,9,7.696551620028913e-05,23999,,1.1907812356948853,,1.1597975492477417,,0.4641267955303192,,0.09307638555765152
,5388.0,9,7.691034261370078e-05,24049,,1.2354639768600464,,1.1636701822280884,,0.4643447995185852,,0.09309189766645432
,5464.0,9,7.685516902711242e-05,24099,,1.3823829889297485,,1.6067997217178345,,0.4645589292049408,,0.09310626983642578
,5444.0,9,7.680000271648169e-05,24149,,1.4154675006866455,,1.1769647598266602,,0.4647756814956665,,0.09312797337770462
,5420.0,9,7.674482912989333e-05,24199,,1.4170366525650024,,1.3574590682983398,,0.4649866819381714,,0.09314194321632385
,5532.0,9,7.668965554330498e-05,24249,,1.1898330450057983,,1.0222108364105225,,0.46522989869117737,,0.09315337240695953
,5568.0,9,7.663448195671663e-05,24299,,1.4738918542861938,,1.2681231498718262,,0.46545714139938354,,0.09315478056669235
,5516.0,9,7.657930837012827e-05,24349,,1.4532595872879028,,1.4961812496185303,,0.46569085121154785,,0.09315097332000732
,5400.0,9,7.652413478353992e-05,24399,,1.3439799547195435,,1.2716450691223145,,0.46591413021087646,,0.09314947575330734
,5492.0,9,7.646896847290918e-05,24449,,1.0095494985580444,,0.9980651140213013,,0.4661073386669159,,0.09314638376235962
,5448.0,9,7.641379488632083e-05,24499,,1.3642075061798096,,1.5076425075531006,,0.46632683277130127,,0.09314542263746262
,5428.0,9,7.635862129973248e-05,24549,,1.288834571838379,,1.0616135597229004,,0.4665430188179016,,0.09313409775495529
,5420.0,9,7.630344771314412e-05,24599,,1.3598705530166626,,0.8631213307380676,,0.46675366163253784,,0.09312526881694794
,5464.0,9,7.624827412655577e-05,24649,,1.1459344625473022,,1.4083541631698608,,0.466968297958374,,0.09311534464359283
,5352.0,9,7.619310053996742e-05,24699,,1.2884238958358765,,1.203402042388916,,0.4671818017959595,,0.09309682250022888
,5400.0,9,7.613793422933668e-05,24749,,1.4088844060897827,,1.4243358373641968,,0.46739524602890015,,0.09309493005275726
,5420.0,9,7.608276064274833e-05,24799,,1.345131516456604,,1.4225069284439087,,0.4676283597946167,,0.09309393912553787
,5500.0,9,7.602758705615997e-05,24849,,1.505138874053955,,1.4458444118499756,,0.4678388833999634,,0.09309213608503342
,5476.0,9,7.597241346957162e-05,24899,,1.5601098537445068,,1.332925796508789,,0.4680594801902771,,0.09309366345405579
,5436.0,9,7.591723988298327e-05,24949,,1.310412049293518,,1.2862638235092163,,0.4682905673980713,,0.09310171753168106
,5372.0,9,7.586206629639491e-05,24999,,1.3097642660140991,,1.0207144021987915,,0.46849292516708374,,0.0931028425693512
,5360.0,9,7.580689998576418e-05,25049,,1.1563196182250977,,1.1958523988723755,,0.46869704127311707,,0.09311310201883316
5462.30029296875,,9,,25079,1.351948618888855,,1.4261102676391602,,0.4632410407066345,,0.09300560504198074,
,5504.0,10,7.575172639917582e-05,25099,,1.3419127464294434,,1.27028226852417,,0.4689006507396698,,0.09312628954648972
,5464.0,10,7.569655281258747e-05,25149,,1.382448434829712,,1.204392671585083,,0.4691072106361389,,0.0931374579668045
,5472.0,10,7.564137922599912e-05,25199,,1.4854859113693237,,1.2240674495697021,,0.4693073332309723,,0.09314751625061035
,5444.0,10,7.558620563941076e-05,25249,,1.125829815864563,,1.4260503053665161,,0.46951794624328613,,0.09317538887262344
,5552.0,10,7.553103205282241e-05,25299,,1.3113842010498047,,1.555978775024414,,0.4697245657444,,0.09320057928562164
,5496.0,10,7.547585846623406e-05,25349,,1.1579525470733643,,1.5167899131774902,,0.46993425488471985,,0.09321106970310211
,5464.0,10,7.542069215560332e-05,25399,,1.1114633083343506,,0.9499935507774353,,0.47016066312789917,,0.09320973604917526
,5460.0,10,7.536551856901497e-05,25449,,1.4630523920059204,,1.4624085426330566,,0.47037413716316223,,0.09320911765098572
,5424.0,10,7.531034498242661e-05,25499,,1.5828609466552734,,1.3307125568389893,,0.47060805559158325,,0.09320736676454544
,5484.0,10,7.525517139583826e-05,25549,,1.239687204360962,,1.5039798021316528,,0.4708232283592224,,0.09321071207523346
,5444.0,10,7.519999780924991e-05,25599,,1.4883784055709839,,1.6458975076675415,,0.4710332751274109,,0.09321282804012299
,5428.0,10,7.514482422266155e-05,25649,,1.6230268478393555,,1.529357671737671,,0.47125697135925293,,0.09320229291915894
,5460.0,10,7.508965791203082e-05,25699,,1.5109262466430664,,1.1502234935760498,,0.4714820384979248,,0.0932118147611618
,5528.0,10,7.503448432544246e-05,25749,,1.3606747388839722,,1.746895670890808,,0.4716975688934326,,0.0932127833366394
,5416.0,10,7.497931073885411e-05,25799,,1.430756688117981,,1.4433619976043701,,0.47191113233566284,,0.09321805834770203
,5392.0,10,7.492413715226576e-05,25849,,1.5022611618041992,,1.4535958766937256,,0.4721335172653198,,0.09322229027748108
,5384.0,10,7.48689635656774e-05,25899,,1.9252076148986816,,1.892465353012085,,0.4723372459411621,,0.09322815388441086
,5424.0,10,7.481378997908905e-05,25949,,1.310753345489502,,1.3019063472747803,,0.4725288152694702,,0.09324003010988235
,5452.0,10,7.475862366845831e-05,25999,,1.247677206993103,,1.6953556537628174,,0.4727511405944824,,0.09325164556503296
,5480.0,10,7.470345008186996e-05,26049,,1.3906196355819702,,1.1615211963653564,,0.472957968711853,,0.0932648777961731
,5480.0,10,7.464827649528161e-05,26099,,1.4721068143844604,,1.2833374738693237,,0.47316813468933105,,0.09327644109725952
,5476.0,10,7.459310290869325e-05,26149,,1.2315037250518799,,1.589119553565979,,0.4733467996120453,,0.09328825771808624
,5476.0,10,7.45379293221049e-05,26199,,1.7229294776916504,,1.3575904369354248,,0.4735540747642517,,0.09329107403755188
,5520.0,10,7.448275573551655e-05,26249,,1.7243376970291138,,1.6179401874542236,,0.4737647473812103,,0.09330146014690399
,5524.0,10,7.442758942488581e-05,26299,,1.5404307842254639,,1.6824030876159668,,0.47396165132522583,,0.09329734742641449
,5472.0,10,7.437241583829746e-05,26349,,1.4795159101486206,,1.1392627954483032,,0.47417086362838745,,0.09330663830041885
,5408.0,10,7.43172422517091e-05,26399,,1.3899707794189453,,0.9586838483810425,,0.47437992691993713,,0.09330607205629349
,5484.0,10,7.426206866512075e-05,26449,,1.4128642082214355,,1.344238519668579,,0.47459226846694946,,0.09331732243299484
,5492.0,10,7.42068950785324e-05,26499,,1.4437925815582275,,1.3913968801498413,,0.474801242351532,,0.09332685172557831
,5516.0,10,7.415172149194404e-05,26549,,2.0741021633148193,,1.4832192659378052,,0.47500553727149963,,0.09332334995269775
,5548.0,10,7.40965551813133e-05,26599,,1.4214457273483276,,1.593743920326233,,0.4751957058906555,,0.09332549571990967
,5412.0,10,7.404138159472495e-05,26649,,1.546521782875061,,1.5397720336914062,,0.475391149520874,,0.09333260357379913
,5468.0,10,7.39862080081366e-05,26699,,1.4014971256256104,,1.6259770393371582,,0.47559091448783875,,0.09334138035774231
,5388.0,10,7.393103442154825e-05,26749,,1.8352043628692627,,1.4510514736175537,,0.47579920291900635,,0.09334229677915573
,5476.0,10,7.38758608349599e-05,26799,,1.3209474086761475,,1.4086247682571411,,0.47600701451301575,,0.09335638582706451
,5544.0,10,7.382068724837154e-05,26849,,1.5054906606674194,,1.7434263229370117,,0.47619086503982544,,0.09336136281490326
,5412.0,10,7.376551366178319e-05,26899,,1.3996381759643555,,1.3552073240280151,,0.47640007734298706,,0.0933617576956749
,5400.0,10,7.371034735115245e-05,26949,,1.6383023262023926,,1.6342966556549072,,0.4765958786010742,,0.09335891157388687
,5496.0,10,7.36551737645641e-05,26999,,1.756323218345642,,1.8176310062408447,,0.47678130865097046,,0.09334895014762878
,5484.0,10,7.360000017797574e-05,27049,,1.6740453243255615,,1.4040485620498657,,0.47697630524635315,,0.09335090965032578
,5460.0,10,7.354482659138739e-05,27099,,2.110945463180542,,1.4527227878570557,,0.4771754741668701,,0.0933479517698288
,5436.0,10,7.348965300479904e-05,27149,,1.4158658981323242,,1.5151292085647583,,0.4773898422718048,,0.09334982186555862
,5520.0,10,7.343447941821069e-05,27199,,1.666320562362671,,1.290709137916565,,0.4775799512863159,,0.09334894269704819
,5536.0,10,7.337931310757995e-05,27249,,1.4292356967926025,,1.4560770988464355,,0.47775357961654663,,0.09335482865571976
,5424.0,10,7.33241395209916e-05,27299,,1.4023160934448242,,1.589443564414978,,0.4779183566570282,,0.09335461258888245
,5424.0,10,7.326896593440324e-05,27349,,1.7199809551239014,,1.7011256217956543,,0.47812315821647644,,0.09335368871688843
,5464.0,10,7.321379234781489e-05,27399,,1.7741199731826782,,1.2400906085968018,,0.47830501198768616,,0.0933477133512497
,5416.0,10,7.315861876122653e-05,27449,,1.5687576532363892,,1.5652813911437988,,0.4785102605819702,,0.09333132952451706
,5496.0,10,7.310344517463818e-05,27499,,1.5059306621551514,,1.6451448202133179,,0.4786977767944336,,0.09332656860351562
,5436.0,10,7.304827886400744e-05,27549,,1.9656004905700684,,1.7207911014556885,,0.4788849353790283,,0.0933348536491394
5462.1396484375,,10,,27587,1.4946378469467163,,1.3942381143569946,,0.47406136989593506,,0.09328408539295197,
,5424.0,11,7.299310527741909e-05,27599,,1.4983830451965332,,1.4360957145690918,,0.47907140851020813,,0.09333568811416626
,5504.0,11,7.293793169083074e-05,27649,,1.3446693420410156,,1.3690154552459717,,0.4792839288711548,,0.09334796667098999
,5508.0,11,7.288275810424238e-05,27699,,1.6367110013961792,,1.2001885175704956,,0.47949761152267456,,0.09336015582084656
,5468.0,11,7.282758451765403e-05,27749,,1.8998355865478516,,1.2186309099197388,,0.47970670461654663,,0.09336661547422409
,5484.0,11,7.277241093106568e-05,27799,,1.5071052312850952,,1.4501376152038574,,0.4799094498157501,,0.0933719128370285
,5448.0,11,7.271724462043494e-05,27849,,1.801157832145691,,1.5366040468215942,,0.48011863231658936,,0.09338729083538055
,5444.0,11,7.266207103384659e-05,27899,,1.4582509994506836,,1.4148013591766357,,0.4803069531917572,,0.09339213371276855
,5472.0,11,7.260689744725823e-05,27949,,1.850866436958313,,1.232191801071167,,0.4805006682872772,,0.0933995246887207
,5504.0,11,7.255172386066988e-05,27999,,1.6574485301971436,,1.8766744136810303,,0.4806842505931854,,0.09339719265699387
,5540.0,11,7.249655027408153e-05,28049,,1.639182448387146,,0.9701206684112549,,0.4808921813964844,,0.09341470897197723
,5464.0,11,7.244137668749318e-05,28099,,1.528895378112793,,1.0855097770690918,,0.4810875654220581,,0.09342610836029053
,5468.0,11,7.238621037686244e-05,28149,,1.5040334463119507,,1.3421671390533447,,0.48127076029777527,,0.09344303607940674
,5388.0,11,7.233103679027408e-05,28199,,2.649601697921753,,1.5053730010986328,,0.4814527630805969,,0.09345093369483948
,5424.0,11,7.227586320368573e-05,28249,,1.6685184240341187,,1.4516096115112305,,0.4816439151763916,,0.09345445781946182
,5484.0,11,7.222068961709738e-05,28299,,1.9534404277801514,,1.2350986003875732,,0.4818480908870697,,0.09346700459718704
,5424.0,11,7.216551603050902e-05,28349,,1.5863975286483765,,1.7063205242156982,,0.4820401668548584,,0.09347248822450638
,5484.0,11,7.211034244392067e-05,28399,,3.068237543106079,,2.0557804107666016,,0.48221421241760254,,0.09348893910646439
,5464.0,11,7.205516885733232e-05,28449,,1.1194192171096802,,1.041442632675171,,0.4824064373970032,,0.09349679201841354
,5436.0,11,7.200000254670158e-05,28499,,1.8627806901931763,,1.3412452936172485,,0.4825974106788635,,0.09351025521755219
,5440.0,11,7.194482896011323e-05,28549,,1.730284571647644,,1.1855311393737793,,0.48278361558914185,,0.09351441264152527
,5440.0,11,7.188965537352487e-05,28599,,1.708295464515686,,1.4494248628616333,,0.4829524755477905,,0.09352512657642365
,5456.0,11,7.183448178693652e-05,28649,,1.3781594038009644,,0.9915645122528076,,0.48314040899276733,,0.09354273229837418
,5472.0,11,7.177930820034817e-05,28699,,1.789069414138794,,1.4226739406585693,,0.48330944776535034,,0.09354893863201141
,5420.0,11,7.172413461375982e-05,28749,,1.5658113956451416,,1.1937599182128906,,0.4834941327571869,,0.09355342388153076
,5468.0,11,7.166896830312908e-05,28799,,1.9668211936950684,,1.4777202606201172,,0.48367148637771606,,0.09355441480875015
,5496.0,11,7.161379471654072e-05,28849,,1.8470653295516968,,1.3047630786895752,,0.48386043310165405,,0.0935518890619278
,5436.0,11,7.155862112995237e-05,28899,,1.765913486480713,,1.3241660594940186,,0.48403939604759216,,0.09354695677757263
,5416.0,11,7.150344754336402e-05,28949,,1.6136400699615479,,1.2984198331832886,,0.4842250645160675,,0.09354857355356216
,5464.0,11,7.144827395677567e-05,28999,,1.6030198335647583,,1.4794708490371704,,0.4844087064266205,,0.09355710446834564
,5456.0,11,7.139310037018731e-05,29049,,1.7556782960891724,,1.2667739391326904,,0.48460477590560913,,0.09356444329023361
,5356.0,11,7.133793405955657e-05,29099,,1.9704599380493164,,1.623746633529663,,0.4847928285598755,,0.09356395155191422
,5552.0,11,7.128276047296822e-05,29149,,1.77787184715271,,1.43918776512146,,0.4849753677845001,,0.09357558935880661
,5452.0,11,7.122758688637987e-05,29199,,2.2682857513427734,,1.3821216821670532,,0.48515045642852783,,0.09357568621635437
,5404.0,11,7.117241329979151e-05,29249,,1.6141105890274048,,0.8700343370437622,,0.4853357672691345,,0.09358610212802887
,5444.0,11,7.111723971320316e-05,29299,,1.1932740211486816,,1.1776230335235596,,0.4855160415172577,,0.09358952939510345
,5536.0,11,7.106206612661481e-05,29349,,1.4966646432876587,,1.0550200939178467,,0.48568418622016907,,0.09359663724899292
,5464.0,11,7.100689981598407e-05,29399,,1.7298834323883057,,1.0864293575286865,,0.48586398363113403,,0.09360760450363159
,5468.0,11,7.095172622939572e-05,29449,,1.6310887336730957,,1.0893876552581787,,0.4860468804836273,,0.09360948204994202
,5472.0,11,7.089655264280736e-05,29499,,1.7841918468475342,,1.3099181652069092,,0.4862060546875,,0.09361962974071503
,5432.0,11,7.084137905621901e-05,29549,,1.4607990980148315,,1.440747618675232,,0.4863998591899872,,0.09363138675689697
,5444.0,11,7.078620546963066e-05,29599,,1.6059905290603638,,1.5525497198104858,,0.48655784130096436,,0.09363516420125961
,5524.0,11,7.07310318830423e-05,29649,,1.9481490850448608,,1.5310133695602417,,0.48674094676971436,,0.09364181011915207
,5448.0,11,7.067586557241157e-05,29699,,1.5731722116470337,,1.125443458557129,,0.48691266775131226,,0.0936456099152565
,5456.0,11,7.062069198582321e-05,29749,,1.6021003723144531,,1.6025968790054321,,0.4871053695678711,,0.09365637600421906
,5468.0,11,7.056551839923486e-05,29799,,1.4200482368469238,,1.3389869928359985,,0.48729079961776733,,0.09365657716989517
,5436.0,11,7.051034481264651e-05,29849,,1.7698591947555542,,1.0319629907608032,,0.48748013377189636,,0.09365664422512054
,5440.0,11,7.045517122605816e-05,29899,,1.9294414520263672,,1.5732594728469849,,0.4876519739627838,,0.09366494417190552
,5440.0,11,7.03999976394698e-05,29949,,1.6442745923995972,,1.2437870502471924,,0.4878142774105072,,0.09366855025291443
,5376.0,11,7.034482405288145e-05,29999,,2.115658760070801,,1.2558530569076538,,0.4880080819129944,,0.0936807245016098
,5500.0,11,7.028965774225071e-05,30049,,1.8511054515838623,,1.6317179203033447,,0.48816627264022827,,0.09367963671684265
5461.45458984375,,11,,30095,1.7026444673538208,,1.3534122705459595,,0.4838108420372009,,0.09353537857532501,
,5412.0,12,7.023448415566236e-05,30099,,1.9185271263122559,,0.8978508710861206,,0.48833414912223816,,0.0936826765537262
,5476.0,12,7.0179310569074e-05,30149,,2.450052261352539,,1.499666690826416,,0.48851653933525085,,0.09369630366563797
,5472.0,12,7.012413698248565e-05,30199,,1.8621790409088135,,1.4712885618209839,,0.4886959493160248,,0.09371025860309601
,5560.0,12,7.00689633958973e-05,30249,,2.224130392074585,,1.880883812904358,,0.4888817071914673,,0.09372660517692566
,5492.0,12,7.001378980930895e-05,30299,,1.7634027004241943,,1.336228847503662,,0.489057719707489,,0.09374162554740906
,5512.0,12,6.995862349867821e-05,30349,,1.7883788347244263,,1.247399091720581,,0.4892411231994629,,0.0937584936618805
,5448.0,12,6.990344991208985e-05,30399,,2.341064214706421,,1.4443943500518799,,0.48942023515701294,,0.09376423060894012
,5500.0,12,6.98482763255015e-05,30449,,1.872473955154419,,1.2644131183624268,,0.489603728055954,,0.09377145022153854
,5472.0,12,6.979310273891315e-05,30499,,1.4116889238357544,,0.8508914113044739,,0.4897978603839874,,0.09377183020114899
,5488.0,12,6.97379291523248e-05,30549,,1.720885157585144,,1.3336485624313354,,0.48998013138771057,,0.09378964453935623
,5416.0,12,6.968275556573644e-05,30599,,2.702683687210083,,1.6901439428329468,,0.49016445875167847,,0.09380333870649338
,5424.0,12,6.96275892551057e-05,30649,,1.7734652757644653,,1.269485592842102,,0.4903380870819092,,0.09382183849811554
,5464.0,12,6.957241566851735e-05,30699,,1.810689091682434,,0.9015836119651794,,0.49051162600517273,,0.09382627159357071
,5456.0,12,6.9517242081929e-05,30749,,1.9126732349395752,,1.4938437938690186,,0.4906858205795288,,0.09383425861597061
,5472.0,12,6.946206849534065e-05,30799,,2.023517608642578,,1.2527073621749878,,0.49085748195648193,,0.09384293854236603
,5484.0,12,6.940689490875229e-05,30849,,1.5553125143051147,,1.2343661785125732,,0.49102991819381714,,0.09384644031524658
,5536.0,12,6.935172132216394e-05,30899,,3.019625186920166,,2.1287965774536133,,0.49120160937309265,,0.09386671334505081
,5500.0,12,6.92965550115332e-05,30949,,1.6471134424209595,,1.6161675453186035,,0.4913814961910248,,0.09387759119272232
,5448.0,12,6.924138142494485e-05,30999,,1.6359258890151978,,1.3470903635025024,,0.49156397581100464,,0.09389890730381012
,5484.0,12,6.91862078383565e-05,31049,,2.3602733612060547,,1.4491630792617798,,0.4917438328266144,,0.09390520304441452
,5448.0,12,6.913103425176814e-05,31099,,2.0429461002349854,,1.2271466255187988,,0.4919161796569824,,0.09391570091247559
,5460.0,12,6.907586066517979e-05,31149,,2.05281400680542,,1.3342125415802002,,0.49208956956863403,,0.0939137414097786
,5428.0,12,6.902068707859144e-05,31199,,2.4424376487731934,,1.6539421081542969,,0.4922473728656769,,0.09392449259757996
,5452.0,12,6.89655207679607e-05,31249,,1.7160844802856445,,1.270415186882019,,0.49240872263908386,,0.09393725544214249
,5424.0,12,6.891034718137234e-05,31299,,1.7772048711776733,,1.4759140014648438,,0.4925762712955475,,0.0939464196562767
,5484.0,12,6.885517359478399e-05,31349,,1.6929502487182617,,1.204817771911621,,0.4927366375923157,,0.09395628422498703
,5424.0,12,6.880000000819564e-05,31399,,2.5605075359344482,,1.396833062171936,,0.49289458990097046,,0.09396263211965561
,5416.0,12,6.874482642160729e-05,31449,,1.7806413173675537,,0.8281832933425903,,0.4930630922317505,,0.09397100657224655
,5332.0,12,6.868965283501893e-05,31499,,1.7913633584976196,,1.2432894706726074,,0.4932289719581604,,0.09398169815540314
,5520.0,12,6.863447924843058e-05,31549,,2.0336720943450928,,1.2987481355667114,,0.49338531494140625,,0.09399225562810898
,5484.0,12,6.857931293779984e-05,31599,,1.3527802228927612,,1.0609346628189087,,0.49354076385498047,,0.09400719404220581
,5516.0,12,6.852413935121149e-05,31649,,1.9296287298202515,,1.0352932214736938,,0.49370867013931274,,0.09400949627161026
,5512.0,12,6.846896576462314e-05,31699,,2.139322280883789,,1.098734974861145,,0.4938713610172272,,0.09400341659784317
,5460.0,12,6.841379217803478e-05,31749,,2.143120527267456,,1.5870027542114258,,0.49403125047683716,,0.09401573985815048
,5472.0,12,6.835861859144643e-05,31799,,1.6593340635299683,,0.9363458752632141,,0.4941990077495575,,0.09402607381343842
,5420.0,12,6.830344500485808e-05,31849,,1.8880363702774048,,1.5855365991592407,,0.49435955286026,,0.09404128789901733
,5424.0,12,6.824827869422734e-05,31899,,2.954974412918091,,1.3363332748413086,,0.4945262670516968,,0.09405805170536041
,5516.0,12,6.819310510763898e-05,31949,,2.1182754039764404,,1.5109294652938843,,0.49469083547592163,,0.09406978636980057
,5412.0,12,6.813793152105063e-05,31999,,2.3003735542297363,,1.3566930294036865,,0.4948512315750122,,0.09407839179039001
,5476.0,12,6.808275793446228e-05,32049,,1.6928964853286743,,1.4673818349838257,,0.4949966073036194,,0.09408368915319443
,5492.0,12,6.802758434787393e-05,32099,,1.7784403562545776,,1.238944172859192,,0.4951539635658264,,0.0940946489572525
,5428.0,12,6.797241076128557e-05,32149,,1.8107982873916626,,1.118845820426941,,0.49529948830604553,,0.09411028772592545
,5440.0,12,6.791724445065483e-05,32199,,1.8256282806396484,,1.1689764261245728,,0.4954594373703003,,0.09413208812475204
,5456.0,12,6.786207086406648e-05,32249,,1.4739773273468018,,1.1824250221252441,,0.4956187903881073,,0.0941508412361145
,5440.0,12,6.780689727747813e-05,32299,,1.936705231666565,,1.4568232297897339,,0.49578529596328735,,0.09416249394416809
,5512.0,12,6.775172369088978e-05,32349,,2.0626139640808105,,1.3021376132965088,,0.49595385789871216,,0.09416801482439041
,5556.0,12,6.769655010430142e-05,32399,,2.124098300933838,,1.6008707284927368,,0.4961094260215759,,0.09417536109685898
,5464.0,12,6.764137651771307e-05,32449,,1.4782170057296753,,1.2374998331069946,,0.4962664246559143,,0.0941869243979454
,5444.0,12,6.758621020708233e-05,32499,,2.111553907394409,,1.5412436723709106,,0.496418297290802,,0.09420241415500641
,5532.0,12,6.753103662049398e-05,32549,,1.6458925008773804,,1.3091665506362915,,0.4965916872024536,,0.09421075135469437
,5440.0,12,6.747586303390563e-05,32599,,1.8418794870376587,,1.0159602165222168,,0.4967537522315979,,0.09420991688966751
5464.6923828125,,12,,32603,1.8922408819198608,,1.325265645980835,,0.49267786741256714,,0.09395620226860046,
,5436.0,13,6.742068944731727e-05,32649,,1.9286800622940063,,1.39494788646698,,0.49691736698150635,,0.09421373903751373
,5476.0,13,6.736551586072892e-05,32699,,2.2628931999206543,,1.6532268524169922,,0.4970722794532776,,0.0942179262638092
,5436.0,13,6.731034227414057e-05,32749,,2.061626434326172,,1.381177306175232,,0.49723851680755615,,0.094231978058815
,5484.0,13,6.725517596350983e-05,32799,,2.0216400623321533,,1.3397057056427002,,0.49740689992904663,,0.0942467749118805
,5464.0,13,6.720000237692147e-05,32849,,3.1669211387634277,,1.5463829040527344,,0.4975675642490387,,0.09425541758537292
,5472.0,13,6.714482879033312e-05,32899,,2.030427932739258,,1.0035197734832764,,0.4977201819419861,,0.0942666232585907
,5556.0,13,6.708965520374477e-05,32949,,2.1634719371795654,,1.394106388092041,,0.49788177013397217,,0.09426134824752808
,5484.0,13,6.703448161715642e-05,32999,,2.048460006713867,,0.9635347723960876,,0.49803322553634644,,0.09425705671310425
,5456.0,13,6.697930803056806e-05,33049,,1.5396050214767456,,1.187875747680664,,0.49819809198379517,,0.09425947070121765
,5420.0,13,6.692413444397971e-05,33099,,1.860397219657898,,1.2602800130844116,,0.49837684631347656,,0.09426301717758179
,5528.0,13,6.686896813334897e-05,33149,,2.2179675102233887,,1.3292797803878784,,0.4985375702381134,,0.0942729189991951
,5376.0,13,6.681379454676062e-05,33199,,1.702294111251831,,1.1727204322814941,,0.49869653582572937,,0.09429232776165009
,5492.0,13,6.675862096017227e-05,33249,,1.8032937049865723,,0.9732425808906555,,0.498860239982605,,0.09430406987667084
,5516.0,13,6.670344737358391e-05,33299,,1.93644380569458,,1.5278196334838867,,0.49902355670928955,,0.09431084245443344
,5592.0,13,6.664827378699556e-05,33349,,1.5182040929794312,,1.0695176124572754,,0.49918070435523987,,0.09432092308998108
,5456.0,13,6.659310020040721e-05,33399,,2.0015408992767334,,1.3671913146972656,,0.4993497133255005,,0.09433062374591827
,5464.0,13,6.653793388977647e-05,33449,,1.7363300323486328,,1.0851833820343018,,0.4995102882385254,,0.09434051066637039
,5404.0,13,6.648276030318812e-05,33499,,2.01645827293396,,1.0462124347686768,,0.49966728687286377,,0.09433846175670624
,5568.0,13,6.642758671659976e-05,33549,,1.6000546216964722,,1.4573898315429688,,0.4998186230659485,,0.0943484678864479
,5480.0,13,6.637241313001141e-05,33599,,1.6172147989273071,,1.106871247291565,,0.49997830390930176,,0.09436086565256119
,5472.0,13,6.631723954342306e-05,33649,,2.1603076457977295,,1.34722101688385,,0.5001291036605835,,0.09437475353479385
,5460.0,13,6.62620659568347e-05,33699,,1.9799445867538452,,1.07449471950531,,0.5002814531326294,,0.09438423067331314
,5464.0,13,6.620689964620396e-05,33749,,1.813561201095581,,1.4466123580932617,,0.500453531742096,,0.09439161419868469
,5456.0,13,6.615172605961561e-05,33799,,2.309354305267334,,1.3022611141204834,,0.5006101131439209,,0.09439798444509506
,5360.0,13,6.609655247302726e-05,33849,,1.7014003992080688,,1.2836887836456299,,0.5007683038711548,,0.09441527724266052
,5432.0,13,6.60413788864389e-05,33899,,1.1771519184112549,,0.8978250026702881,,0.500919759273529,,0.09442882239818573
,5480.0,13,6.598620529985055e-05,33949,,2.4095730781555176,,1.522131323814392,,0.5010666847229004,,0.09444527328014374
,5500.0,13,6.59310317132622e-05,33999,,2.0816593170166016,,1.6431465148925781,,0.5012083053588867,,0.09446021169424057
,5452.0,13,6.587586540263146e-05,34049,,1.484992265701294,,0.9706337451934814,,0.5013642311096191,,0.09448100626468658
,5524.0,13,6.582069181604311e-05,34099,,2.297043561935425,,1.4321261644363403,,0.5015159249305725,,0.09449612349271774
,5464.0,13,6.576551822945476e-05,34149,,2.352975845336914,,1.6340515613555908,,0.5016696453094482,,0.09451069682836533
,5412.0,13,6.57103446428664e-05,34199,,2.6694023609161377,,1.7069257497787476,,0.5018212795257568,,0.09452588856220245
,5448.0,13,6.565517105627805e-05,34249,,1.765547513961792,,1.156445026397705,,0.5019813776016235,,0.0945335254073143
,5564.0,13,6.55999974696897e-05,34299,,2.02390718460083,,1.207345724105835,,0.5021392107009888,,0.09453734755516052
,5480.0,13,6.554483115905896e-05,34349,,1.6385878324508667,,0.9294092059135437,,0.5022948980331421,,0.09455392509698868
,5516.0,13,6.54896575724706e-05,34399,,2.0197222232818604,,1.5579851865768433,,0.5024386644363403,,0.09456191956996918
,5524.0,13,6.543448398588225e-05,34449,,2.254786968231201,,1.3221672773361206,,0.5025813579559326,,0.09457535296678543
,5444.0,13,6.53793103992939e-05,34499,,2.0450282096862793,,1.258306860923767,,0.5027267932891846,,0.09458460658788681
,5480.0,13,6.532413681270555e-05,34549,,1.8869519233703613,,1.1779084205627441,,0.5028692483901978,,0.09459582716226578
,5392.0,13,6.52689632261172e-05,34599,,2.191094398498535,,1.1642483472824097,,0.5030254125595093,,0.0946122482419014
,5468.0,13,6.521378963952884e-05,34649,,2.1283793449401855,,1.0742994546890259,,0.5031670928001404,,0.09462815523147583
,5500.0,13,6.51586233288981e-05,34699,,2.2236456871032715,,1.1937341690063477,,0.5033164620399475,,0.09464316815137863
,5532.0,13,6.510344974230975e-05,34749,,1.9354554414749146,,1.120737075805664,,0.5034590363502502,,0.09466256201267242
,5444.0,13,6.50482761557214e-05,34799,,2.283514976501465,,1.4674708843231201,,0.5036082863807678,,0.0946805402636528
,5440.0,13,6.499310256913304e-05,34849,,2.1024558544158936,,1.0914075374603271,,0.5037552714347839,,0.09469375014305115
,5500.0,13,6.493792898254469e-05,34899,,2.468980550765991,,1.3176242113113403,,0.5039030909538269,,0.09470562636852264
,5480.0,13,6.488275539595634e-05,34949,,2.10495924949646,,1.2461367845535278,,0.5040479302406311,,0.09471345692873001
,5464.0,13,6.48275890853256e-05,34999,,2.926079511642456,,1.7342311143875122,,0.5041930079460144,,0.09473468363285065
,5456.0,13,6.477241549873725e-05,35049,,2.303373098373413,,1.3875735998153687,,0.5043416023254395,,0.09474407136440277
,5476.0,13,6.471724191214889e-05,35099,,2.3908214569091797,,1.8648799657821655,,0.5044790506362915,,0.09475429356098175
5464.34326171875,,13,,35111,2.0733206272125244,,1.2945756912231445,,0.5007445216178894,,0.09444937109947205,
,5480.0,14,6.466206832556054e-05,35149,,2.3440303802490234,,1.4685683250427246,,0.5046126246452332,,0.09475762397050858
,5504.0,14,6.460689473897219e-05,35199,,1.3646835088729858,,0.890663743019104,,0.5047657489776611,,0.09476741403341293
,5432.0,14,6.455172115238383e-05,35249,,2.2557573318481445,,1.3522251844406128,,0.5049138069152832,,0.09477443993091583
,5428.0,14,6.44965548417531e-05,35299,,2.225350856781006,,0.9880105257034302,,0.5050625801086426,,0.09478884935379028
,5480.0,14,6.444138125516474e-05,35349,,1.6075096130371094,,1.201145887374878,,0.5052077770233154,,0.09479807317256927
,5448.0,14,6.438620766857639e-05,35399,,2.1786839962005615,,1.2868502140045166,,0.5053529739379883,,0.09480208158493042
,5576.0,14,6.433103408198804e-05,35449,,2.041750192642212,,0.5833525657653809,,0.5055059194564819,,0.09480790793895721
,5464.0,14,6.427586049539968e-05,35499,,2.05136775970459,,1.5245726108551025,,0.5056478977203369,,0.09481489658355713
,5420.0,14,6.422068690881133e-05,35549,,3.073425531387329,,1.341399908065796,,0.5057989358901978,,0.09483196586370468
,5468.0,14,6.416552059818059e-05,35599,,2.0111947059631348,,1.134631633758545,,0.5059525370597839,,0.09484708309173584
,5464.0,14,6.411034701159224e-05,35649,,1.90195631980896,,0.9913921356201172,,0.5061010122299194,,0.09485356509685516
,5512.0,14,6.405517342500389e-05,35699,,1.098785161972046,,0.6891120672225952,,0.5062438249588013,,0.09485353529453278
,5468.0,14,6.399999983841553e-05,35749,,2.2761998176574707,,1.1430890560150146,,0.506382405757904,,0.09486249834299088
,5472.0,14,6.394482625182718e-05,35799,,2.517927885055542,,1.5883344411849976,,0.506517767906189,,0.09487178176641464
,5448.0,14,6.388965266523883e-05,35849,,2.2573838233947754,,0.9865369200706482,,0.5066683292388916,,0.0948769599199295
,5520.0,14,6.383448635460809e-05,35899,,2.17082142829895,,1.3938380479812622,,0.5068011283874512,,0.09488777071237564
,5456.0,14,6.377931276801974e-05,35949,,2.1855111122131348,,1.5641075372695923,,0.5069431066513062,,0.09490776807069778
,5500.0,14,6.372413918143138e-05,35999,,2.1646175384521484,,0.8788096904754639,,0.5070813298225403,,0.09492045640945435
,5504.0,14,6.366896559484303e-05,36049,,2.4398510456085205,,1.4336415529251099,,0.5072249174118042,,0.09493577480316162
,5464.0,14,6.361379200825468e-05,36099,,2.3582615852355957,,1.2416396141052246,,0.5073633193969727,,0.09495915472507477
,5516.0,14,6.355861842166632e-05,36149,,3.047171115875244,,1.0979877710342407,,0.5075041651725769,,0.09497442841529846
,5512.0,14,6.350344483507797e-05,36199,,2.329817533493042,,1.4007304906845093,,0.5076509118080139,,0.09498688578605652
,5492.0,14,6.344827852444723e-05,36249,,2.502671480178833,,0.9806239604949951,,0.5078019499778748,,0.09499502182006836
,5412.0,14,6.339310493785888e-05,36299,,2.0942797660827637,,1.296270489692688,,0.5079473257064819,,0.09500453621149063
,5496.0,14,6.333793135127053e-05,36349,,1.7801415920257568,,1.1649144887924194,,0.5080850124359131,,0.095007985830307
,5524.0,14,6.328275776468217e-05,36399,,2.3376989364624023,,1.6000683307647705,,0.508228063583374,,0.09501904249191284
,5460.0,14,6.322758417809382e-05,36449,,1.9136449098587036,,1.0961823463439941,,0.5083692073822021,,0.09503200650215149
,5464.0,14,6.317241059150547e-05,36499,,2.143653392791748,,1.3093422651290894,,0.5085169076919556,,0.09504128247499466
,5500.0,14,6.311724428087473e-05,36549,,2.33166241645813,,1.7184861898422241,,0.5086619853973389,,0.09504605829715729
,5444.0,14,6.306207069428638e-05,36599,,3.5976428985595703,,1.401472568511963,,0.5088066458702087,,0.09504613280296326
,5412.0,14,6.300689710769802e-05,36649,,1.8142123222351074,,1.202984094619751,,0.5089397430419922,,0.09504999220371246
,5400.0,14,6.295172352110967e-05,36699,,1.6856611967086792,,1.2220088243484497,,0.5090633630752563,,0.09504926204681396
,5512.0,14,6.289654993452132e-05,36749,,1.9397586584091187,,1.1710156202316284,,0.5092078447341919,,0.09505841881036758
,5492.0,14,6.284137634793296e-05,36799,,2.3281445503234863,,1.5671205520629883,,0.509344220161438,,0.09506247937679291
,5452.0,14,6.278621003730223e-05,36849,,2.16994571685791,,1.241908311843872,,0.5094777345657349,,0.09506412595510483
,5540.0,14,6.273103645071387e-05,36899,,2.447101354598999,,1.6288654804229736,,0.5096336603164673,,0.0950707346200943
,5460.0,14,6.267586286412552e-05,36949,,2.52614164352417,,1.8808317184448242,,0.5097657442092896,,0.09507766366004944
,5472.0,14,6.262068927753717e-05,36999,,1.8777512311935425,,1.294404149055481,,0.5099030137062073,,0.09509195387363434
,5428.0,14,6.256551569094881e-05,37049,,2.3610236644744873,,1.2678292989730835,,0.5100317001342773,,0.09509535133838654
,5536.0,14,6.251034210436046e-05,37099,,2.884280204772949,,1.2121638059616089,,0.5101720690727234,,0.0950966626405716
,5496.0,14,6.245517579372972e-05,37149,,2.266082525253296,,1.3134198188781738,,0.510297417640686,,0.0950997993350029
,5476.0,14,6.240000220714137e-05,37199,,2.6942827701568604,,1.4963091611862183,,0.5104312896728516,,0.09510305523872375
,5440.0,14,6.234482862055302e-05,37249,,2.498237133026123,,1.2505223751068115,,0.5105780363082886,,0.09511250257492065
,5452.0,14,6.228965503396466e-05,37299,,2.1880342960357666,,1.1604676246643066,,0.5107169151306152,,0.09513271600008011
,5452.0,14,6.223448144737631e-05,37349,,2.1787455081939697,,1.361119270324707,,0.510866105556488,,0.09514568746089935
,5404.0,14,6.217930786078796e-05,37399,,2.011613368988037,,1.2991729974746704,,0.5110029578208923,,0.09515592455863953
,5444.0,14,6.212414155015722e-05,37449,,2.1581175327301025,,1.4166741371154785,,0.5111265778541565,,0.09516621381044388
,5392.0,14,6.206896796356887e-05,37499,,2.1798746585845947,,1.433340311050415,,0.5112573504447937,,0.09517884254455566
,5468.0,14,6.201379437698051e-05,37549,,2.269719123840332,,1.644014596939087,,0.5114079713821411,,0.09518719464540482
,5464.0,14,6.195862079039216e-05,37599,,2.8060662746429443,,1.2168458700180054,,0.5115469694137573,,0.09520041942596436
5462.88916015625,,14,,37619,2.215351104736328,,1.2607195377349854,,0.5081177949905396,,0.09498637914657593,
,5436.0,15,6.190344720380381e-05,37649,,1.6309959888458252,,1.053265929222107,,0.5116770267486572,,0.09521720558404922
,5456.0,15,6.184827361721545e-05,37699,,2.2816004753112793,,1.3238502740859985,,0.5118095874786377,,0.09522487968206406
,5460.0,15,6.17931000306271e-05,37749,,2.052802801132202,,0.9343733787536621,,0.5119413733482361,,0.09523511677980423
,5496.0,15,6.173793371999636e-05,37799,,1.8504184484481812,,1.109631061553955,,0.5120840668678284,,0.09524334967136383
,5516.0,15,6.168276013340801e-05,37849,,2.1582603454589844,,1.0969785451889038,,0.5122256278991699,,0.0952538400888443
,5460.0,15,6.162758654681966e-05,37899,,2.4258334636688232,,1.5093903541564941,,0.5123647451400757,,0.09525509178638458
,5476.0,15,6.15724129602313e-05,37949,,2.0021281242370605,,0.8388907313346863,,0.5124948024749756,,0.09526033699512482
,5392.0,15,6.151723937364295e-05,37999,,1.8926233053207397,,1.07505202293396,,0.5126235485076904,,0.09526842087507248
,5436.0,15,6.14620657870546e-05,38049,,1.827581763267517,,0.5751699805259705,,0.5127624273300171,,0.09528040885925293
,5432.0,15,6.140689947642386e-05,38099,,2.2390964031219482,,0.8354261517524719,,0.5129009485244751,,0.09528111666440964
,5476.0,15,6.13517258898355e-05,38149,,2.0615062713623047,,1.3160974979400635,,0.5130472183227539,,0.09528405219316483
,5460.0,15,6.129655230324715e-05,38199,,1.9998594522476196,,0.9356250166893005,,0.5131789445877075,,0.0952887162566185
,5480.0,15,6.12413787166588e-05,38249,,2.4056248664855957,,1.2178081274032593,,0.5133224129676819,,0.0953046977519989
,5488.0,15,6.118620513007045e-05,38299,,3.274122953414917,,1.4016058444976807,,0.513454258441925,,0.0953131914138794
,5424.0,15,6.11310315434821e-05,38349,,2.772129774093628,,1.2713584899902344,,0.5135853290557861,,0.09532637894153595
,5424.0,15,6.107586523285136e-05,38399,,2.257429361343384,,1.2979700565338135,,0.5137171149253845,,0.09533724933862686
,5448.0,15,6.1020688008284196e-05,38449,,3.7146451473236084,,1.3801565170288086,,0.5138517618179321,,0.0953572690486908
,5424.0,15,6.096551805967465e-05,38499,,2.075465202331543,,1.1141709089279175,,0.5139809846878052,,0.09537523984909058
,5416.0,15,6.09103444730863e-05,38549,,1.7862924337387085,,0.9280230402946472,,0.5141079425811768,,0.09538622200489044
,5476.0,15,6.0855170886497945e-05,38599,,2.127855062484741,,1.2139925956726074,,0.5142409205436707,,0.09539902210235596
,5460.0,15,6.08000009378884e-05,38649,,1.9417967796325684,,1.4639112949371338,,0.5143568515777588,,0.09541300684213638
,5464.0,15,6.0744827351300046e-05,38699,,2.452662706375122,,0.9219493865966797,,0.5145019292831421,,0.09542374312877655
,5472.0,15,6.068965376471169e-05,38749,,2.069643259048462,,0.9264420866966248,,0.5146338939666748,,0.09543005377054214
,5384.0,15,6.063448381610215e-05,38799,,2.4805145263671875,,1.3170080184936523,,0.5147647261619568,,0.09544424712657928
,5512.0,15,6.0579310229513794e-05,38849,,2.2423460483551025,,1.4044678211212158,,0.5148979425430298,,0.09545586258172989
,5428.0,15,6.052413664292544e-05,38899,,2.313040018081665,,0.8795409202575684,,0.5150262117385864,,0.09547136723995209
,5416.0,15,6.0468966694315895e-05,38949,,1.6023147106170654,,1.0209426879882812,,0.5151634216308594,,0.09549244493246078
,5460.0,15,6.041379310772754e-05,38999,,2.699033498764038,,1.1858165264129639,,0.5153049230575562,,0.0955124944448471
,5420.0,15,6.035861952113919e-05,39049,,2.1444692611694336,,1.244771122932434,,0.5154328942298889,,0.09551950544118881
,5496.0,15,6.0303449572529644e-05,39099,,2.439993143081665,,1.2877596616744995,,0.5155618786811829,,0.09552644193172455
,5496.0,15,6.024827598594129e-05,39149,,2.1966054439544678,,1.3289918899536133,,0.5156872272491455,,0.09553274512290955
,5512.0,15,6.019310239935294e-05,39199,,2.1534264087677,,1.1816930770874023,,0.5158168077468872,,0.09553815424442291
,5488.0,15,6.013793245074339e-05,39249,,2.6765384674072266,,1.0476545095443726,,0.5159364342689514,,0.09554806351661682
,5532.0,15,6.008275886415504e-05,39299,,2.4235496520996094,,1.1333495378494263,,0.5160635709762573,,0.09556685388088226
,5532.0,15,6.0027585277566686e-05,39349,,2.951831102371216,,1.5157920122146606,,0.5161812901496887,,0.09557691216468811
,5448.0,15,5.997241532895714e-05,39399,,1.8437376022338867,,1.0739670991897583,,0.5163133144378662,,0.09558665007352829
,5460.0,15,5.991724174236879e-05,39449,,2.1733436584472656,,1.0642842054367065,,0.5164405107498169,,0.0955933928489685
,5472.0,15,5.9862068155780435e-05,39499,,1.6556273698806763,,1.0334646701812744,,0.5165618062019348,,0.09560557454824448
,5508.0,15,5.980689820717089e-05,39549,,2.257312536239624,,1.112007975578308,,0.5166912078857422,,0.09561139345169067
,5524.0,15,5.9751724620582536e-05,39599,,1.895900845527649,,1.0161538124084473,,0.5168097019195557,,0.09561790525913239
,5476.0,15,5.969655103399418e-05,39649,,2.4619228839874268,,1.340790033340454,,0.5169376134872437,,0.09563176333904266
,5416.0,15,5.964138108538464e-05,39699,,2.3603720664978027,,1.65838623046875,,0.5170616507530212,,0.09564092755317688
,5496.0,15,5.9586207498796284e-05,39749,,2.4158425331115723,,1.223596453666687,,0.5171830654144287,,0.09565429389476776
,5392.0,15,5.953103391220793e-05,39799,,2.4720184803009033,,1.2829160690307617,,0.5173060297966003,,0.09566721320152283
,5464.0,15,5.947586032561958e-05,39849,,2.0264809131622314,,1.1827490329742432,,0.5174359679222107,,0.09566831588745117
,5432.0,15,5.942069037701003e-05,39899,,2.4894840717315674,,1.4482923746109009,,0.5175597667694092,,0.09567281603813171
,5484.0,15,5.936551679042168e-05,39949,,2.55480694770813,,1.4702321290969849,,0.5176811814308167,,0.0956718772649765
,5412.0,15,5.931034320383333e-05,39999,,2.782430648803711,,1.210974097251892,,0.5177994966506958,,0.09567829966545105
,5452.0,15,5.925517325522378e-05,40049,,2.7662243843078613,,1.4805933237075806,,0.5179333686828613,,0.09569035470485687
,5468.0,15,5.919999966863543e-05,40099,,2.500617504119873,,0.8665364980697632,,0.518064558506012,,0.09570373594760895
5462.36376953125,,15,,40127,2.3837945461273193,,1.2468478679656982,,0.5149408578872681,,0.09546294808387756,
,5516.0,16,5.9144826082047075e-05,40149,,2.8356428146362305,,0.9810085296630859,,0.5181763172149658,,0.09570977836847305
,5456.0,16,5.908965613343753e-05,40199,,2.5349435806274414,,1.4927124977111816,,0.5182925462722778,,0.09571098536252975
,5496.0,16,5.9034482546849176e-05,40249,,2.4753382205963135,,1.5576235055923462,,0.5184122920036316,,0.09571525454521179
,5488.0,16,5.897930896026082e-05,40299,,3.10575795173645,,1.1447445154190063,,0.5185335278511047,,0.09571851789951324
,5540.0,16,5.892413901165128e-05,40349,,2.223559856414795,,1.3502665758132935,,0.5186581611633301,,0.09572365134954453
,5444.0,16,5.8868965425062925e-05,40399,,1.8492064476013184,,0.9558761715888977,,0.5187875628471375,,0.09572465717792511
,5384.0,16,5.881379183847457e-05,40449,,2.5823349952697754,,0.9929202795028687,,0.5189072489738464,,0.09573386609554291
,5424.0,16,5.8758621889865026e-05,40499,,2.490960121154785,,1.4190829992294312,,0.5190240144729614,,0.09574668854475021
,5472.0,16,5.870344830327667e-05,40549,,2.2442877292633057,,1.3764573335647583,,0.5191478729248047,,0.09575603902339935
,5444.0,16,5.864827471668832e-05,40599,,2.6103272438049316,,1.2011834383010864,,0.5192784070968628,,0.09576486796140671
,5444.0,16,5.8593104768078774e-05,40649,,2.3938658237457275,,1.132843255996704,,0.5194080471992493,,0.09577412903308868
,5460.0,16,5.853793118149042e-05,40699,,2.30960750579834,,1.2848193645477295,,0.5195399522781372,,0.09578695893287659
,5536.0,16,5.848275759490207e-05,40749,,1.365968942642212,,0.9010618329048157,,0.5196696519851685,,0.09579502791166306
,5536.0,16,5.842758764629252e-05,40799,,3.70902681350708,,1.142842411994934,,0.5197932720184326,,0.09580154716968536
,5496.0,16,5.837241405970417e-05,40849,,2.6326797008514404,,1.3655645847320557,,0.5199208855628967,,0.09581312537193298
,5508.0,16,5.831724047311582e-05,40899,,2.5735676288604736,,1.3318876028060913,,0.5200493335723877,,0.09582427144050598
,5464.0,16,5.826207052450627e-05,40949,,3.541842460632324,,1.7914618253707886,,0.5201648473739624,,0.09583531320095062
,5452.0,16,5.820689693791792e-05,40999,,2.798919677734375,,1.526013970375061,,0.520282506942749,,0.09585029631853104
,5424.0,16,5.8151723351329565e-05,41049,,2.461717367172241,,1.1762152910232544,,0.5204034447669983,,0.09586559236049652
,5444.0,16,5.809655340272002e-05,41099,,2.5060861110687256,,1.1924716234207153,,0.5205274820327759,,0.09587886929512024
,5480.0,16,5.8041379816131666e-05,41149,,2.738234281539917,,1.193211317062378,,0.5206484794616699,,0.09588964283466339
,5440.0,16,5.798620622954331e-05,41199,,3.0405232906341553,,1.4000260829925537,,0.5207638144493103,,0.0958983451128006
,5492.0,16,5.793103628093377e-05,41249,,3.0669775009155273,,1.5422886610031128,,0.5208806991577148,,0.09590541571378708
,5440.0,16,5.7875862694345415e-05,41299,,2.2353975772857666,,1.0120137929916382,,0.5210078358650208,,0.09591177105903625
,5540.0,16,5.782068910775706e-05,41349,,2.2920093536376953,,0.959895133972168,,0.5211296081542969,,0.09592089056968689
,5400.0,16,5.776551552116871e-05,41399,,2.9573752880096436,,1.584959626197815,,0.5212475061416626,,0.09593388438224792
,5512.0,16,5.771034557255916e-05,41449,,2.564572334289551,,1.2176668643951416,,0.5213643908500671,,0.09594428539276123
,5356.0,16,5.765517198597081e-05,41499,,3.0554821491241455,,1.2038239240646362,,0.5214872360229492,,0.09594904631376266
,5456.0,16,5.759999839938246e-05,41549,,2.4872357845306396,,1.2182101011276245,,0.5216126441955566,,0.09595610201358795
,5428.0,16,5.754482845077291e-05,41599,,2.3486616611480713,,0.980542004108429,,0.5217323303222656,,0.09596338123083115
,5452.0,16,5.748965486418456e-05,41649,,2.4548041820526123,,1.4119558334350586,,0.5218468904495239,,0.09597676247358322
,5480.0,16,5.7434481277596205e-05,41699,,2.2708005905151367,,1.0462101697921753,,0.5219635963439941,,0.09598742425441742
,5452.0,16,5.737931132898666e-05,41749,,2.6729159355163574,,1.486946940422058,,0.5220748782157898,,0.09599670022726059
,5516.0,16,5.732413774239831e-05,41799,,2.748544931411743,,1.124700665473938,,0.5221828818321228,,0.09600408375263214
,5532.0,16,5.7268964155809954e-05,41849,,2.659381628036499,,1.163216471672058,,0.5223060846328735,,0.09601816534996033
,5472.0,16,5.721379420720041e-05,41899,,3.466763496398926,,1.3054264783859253,,0.5224246382713318,,0.09603089094161987
,5392.0,16,5.7158620620612055e-05,41949,,2.0351667404174805,,1.1361188888549805,,0.5225389003753662,,0.09604024887084961
,5492.0,16,5.71034470340237e-05,41999,,2.734034776687622,,1.1663880348205566,,0.5226558446884155,,0.09605754911899567
,5440.0,16,5.7048277085414156e-05,42049,,2.3610894680023193,,1.2637720108032227,,0.5227731466293335,,0.09607015550136566
,5480.0,16,5.6993103498825803e-05,42099,,1.7882447242736816,,1.0114233493804932,,0.5228869318962097,,0.09608106315135956
,5428.0,16,5.693792991223745e-05,42149,,3.5213005542755127,,1.0918124914169312,,0.5230087637901306,,0.0960940569639206
,5424.0,16,5.6882759963627905e-05,42199,,2.534257411956787,,1.285386323928833,,0.5231273174285889,,0.096106618642807
,5412.0,16,5.682758637703955e-05,42249,,2.4567654132843018,,1.3177499771118164,,0.5232548117637634,,0.09612129628658295
,5452.0,16,5.67724127904512e-05,42299,,3.0364530086517334,,1.5336190462112427,,0.523373544216156,,0.09612929821014404
,5568.0,16,5.671724284184165e-05,42349,,3.4875810146331787,,1.0780906677246094,,0.523492693901062,,0.09613177925348282
,5388.0,16,5.66620692552533e-05,42399,,2.6387782096862793,,1.1299372911453247,,0.5236137509346008,,0.0961356982588768
,5408.0,16,5.660689566866495e-05,42449,,2.845597982406616,,1.3571099042892456,,0.5237259864807129,,0.09614960849285126
,5420.0,16,5.65517257200554e-05,42499,,2.6989855766296387,,1.3686108589172363,,0.5238427519798279,,0.09615424275398254
,5464.0,16,5.649655213346705e-05,42549,,2.712944269180298,,1.3656033277511597,,0.5239612460136414,,0.09617192298173904
,5488.0,16,5.6441378546878695e-05,42599,,3.3788058757781982,,1.2850319147109985,,0.5240819454193115,,0.09617987275123596
5464.00048828125,,16,,42635,2.5741357803344727,,1.2275054454803467,,0.5211908221244812,,0.09593288600444794,
,5452.0,17,5.638620859826915e-05,42649,,2.9259581565856934,,1.018681287765503,,0.5241982936859131,,0.09619355946779251
,5488.0,17,5.63310350116808e-05,42699,,2.7237789630889893,,1.0901466608047485,,0.524315595626831,,0.09619872272014618
,5496.0,17,5.6275861425092444e-05,42749,,2.571479558944702,,1.4602081775665283,,0.5244235396385193,,0.09620622545480728
,5440.0,17,5.622068783850409e-05,42799,,2.930901527404785,,1.4566012620925903,,0.5245485901832581,,0.0962192565202713
,5452.0,17,5.6165517889894545e-05,42849,,2.496875286102295,,1.3183952569961548,,0.5246643424034119,,0.09622588008642197
,5460.0,17,5.611034430330619e-05,42899,,3.2820584774017334,,1.1257634162902832,,0.5247859954833984,,0.0962296649813652
,5472.0,17,5.605517071671784e-05,42949,,2.2219367027282715,,1.1711980104446411,,0.524908185005188,,0.09623256325721741
,5484.0,17,5.6000000768108293e-05,42999,,2.292741537094116,,1.0543805360794067,,0.5250205397605896,,0.09624632447957993
,5520.0,17,5.594482718151994e-05,43049,,2.433011531829834,,1.0284467935562134,,0.5251349210739136,,0.09625498205423355
,5436.0,17,5.588965359493159e-05,43099,,2.185673236846924,,1.210813283920288,,0.5252443552017212,,0.09626300632953644
,5436.0,17,5.583448364632204e-05,43149,,3.1475257873535156,,1.4918955564498901,,0.5253667831420898,,0.0962740108370781
,5472.0,17,5.577931005973369e-05,43199,,2.6287240982055664,,1.435562252998352,,0.52548748254776,,0.09628279507160187
,5488.0,17,5.5724136473145336e-05,43249,,2.784341335296631,,1.3096466064453125,,0.5256112217903137,,0.09629122912883759
,5468.0,17,5.566896652453579e-05,43299,,2.6970369815826416,,1.2339264154434204,,0.5257188677787781,,0.09630413353443146
,5464.0,17,5.561379293794744e-05,43349,,3.0688998699188232,,0.9820497035980225,,0.525834321975708,,0.09631547331809998
,5428.0,17,5.5558619351359084e-05,43399,,2.638571262359619,,1.1998268365859985,,0.5259432792663574,,0.09632158279418945
,5592.0,17,5.550344940274954e-05,43449,,1.2035404443740845,,0.759107232093811,,0.5260526537895203,,0.09633621573448181
,5432.0,17,5.5448275816161186e-05,43499,,2.073664426803589,,1.1290092468261719,,0.526164710521698,,0.09634938091039658
,5436.0,17,5.539310222957283e-05,43549,,2.6885581016540527,,1.3018251657485962,,0.5262765884399414,,0.09636211395263672
,5424.0,17,5.533793228096329e-05,43599,,3.9544620513916016,,1.663476824760437,,0.5263901948928833,,0.09637139737606049
,5456.0,17,5.5282758694374934e-05,43649,,2.4728002548217773,,1.3178961277008057,,0.526508092880249,,0.09637875854969025
,5452.0,17,5.522758510778658e-05,43699,,3.388033866882324,,1.3576289415359497,,0.5266180038452148,,0.09638366103172302
,5396.0,17,5.5172415159177035e-05,43749,,2.649946928024292,,0.9990001320838928,,0.5267308354377747,,0.09639350324869156
,5428.0,17,5.511724157258868e-05,43799,,2.8206658363342285,,1.177720308303833,,0.5268529653549194,,0.0964091569185257
,5500.0,17,5.506206798600033e-05,43849,,2.8634591102600098,,1.1233714818954468,,0.5269559025764465,,0.09641844034194946
,5396.0,17,5.5006898037390783e-05,43899,,2.9359188079833984,,1.5035051107406616,,0.5270681977272034,,0.09642641246318817
,5456.0,17,5.495172445080243e-05,43949,,3.0829925537109375,,1.4106782674789429,,0.5271914005279541,,0.09643463790416718
,5496.0,17,5.489655086421408e-05,43999,,2.5178024768829346,,1.167610764503479,,0.5273106098175049,,0.09644041955471039
,5428.0,17,5.484138091560453e-05,44049,,2.816563367843628,,1.1632349491119385,,0.5274237990379333,,0.09644371271133423
,5428.0,17,5.478620732901618e-05,44099,,2.2287657260894775,,1.0240793228149414,,0.5275389552116394,,0.09645375609397888
,5456.0,17,5.4731033742427826e-05,44149,,2.506316900253296,,1.3145129680633545,,0.5276421904563904,,0.09645896404981613
,5512.0,17,5.467586379381828e-05,44199,,2.5502865314483643,,1.144531488418579,,0.527753472328186,,0.09647081792354584
,5440.0,17,5.462069020722993e-05,44249,,3.170779228210449,,1.261833906173706,,0.527859091758728,,0.09647926688194275
,5536.0,17,5.4565516620641574e-05,44299,,3.0368194580078125,,0.9715474247932434,,0.527961790561676,,0.09648069739341736
,5412.0,17,5.451034303405322e-05,44349,,2.207512855529785,,1.3067485094070435,,0.5280745029449463,,0.09649098664522171
,5492.0,17,5.4455173085443676e-05,44399,,2.5935466289520264,,1.6102041006088257,,0.5281859636306763,,0.09649412333965302
,5492.0,17,5.439999949885532e-05,44449,,2.7614519596099854,,1.159839391708374,,0.5283044576644897,,0.09649884700775146
,5472.0,17,5.434482591226697e-05,44499,,2.5777852535247803,,0.687360405921936,,0.5284199714660645,,0.0965064987540245
,5496.0,17,5.4289655963657424e-05,44549,,2.6962220668792725,,1.264410138130188,,0.5285271406173706,,0.09651514142751694
,5412.0,17,5.423448237706907e-05,44599,,2.9654104709625244,,1.6315138339996338,,0.5286361575126648,,0.09652011096477509
,5392.0,17,5.417930879048072e-05,44649,,2.920440912246704,,1.2887065410614014,,0.5287452936172485,,0.0965268686413765
,5404.0,17,5.412413884187117e-05,44699,,2.736553192138672,,1.181308627128601,,0.5288509130477905,,0.09654161334037781
,5468.0,17,5.406896525528282e-05,44749,,2.6706912517547607,,1.1577671766281128,,0.5289583206176758,,0.09654819220304489
,5444.0,17,5.4013791668694466e-05,44799,,3.196716785430908,,1.1456378698349,,0.5290717482566833,,0.09655961394309998
,5416.0,17,5.395862172008492e-05,44849,,4.513640880584717,,1.197059988975525,,0.5291776657104492,,0.0965663492679596
,5376.0,17,5.390344813349657e-05,44899,,2.911031723022461,,1.3064136505126953,,0.5292836427688599,,0.09657806158065796
,5488.0,17,5.3848274546908215e-05,44949,,2.8186681270599365,,1.3199031352996826,,0.5293980240821838,,0.09658782184123993
,5488.0,17,5.379310459829867e-05,44999,,3.064716339111328,,1.32754385471344,,0.52950119972229,,0.09660103917121887
,5552.0,17,5.3737931011710316e-05,45049,,2.2382278442382812,,0.5334939956665039,,0.5296093225479126,,0.09661056101322174
,5496.0,17,5.368275742512196e-05,45099,,3.13594651222229,,1.318200707435608,,0.5297080278396606,,0.09662026911973953
5462.490234375,,17,,45143,2.763685703277588,,1.2064107656478882,,0.5270469188690186,,0.09641163051128387,
,5480.0,18,5.362758747651242e-05,45149,,3.390061855316162,,1.1866017580032349,,0.5298199653625488,,0.09663475304841995
,5504.0,18,5.3572413889924064e-05,45199,,2.6898903846740723,,1.128638744354248,,0.5299304723739624,,0.09664256870746613
,5424.0,18,5.351724030333571e-05,45249,,2.3969175815582275,,1.2426515817642212,,0.5300421118736267,,0.09665030241012573
,5440.0,18,5.3462070354726166e-05,45299,,2.7596511840820312,,1.1062774658203125,,0.5301424264907837,,0.0966588705778122
,5432.0,18,5.340689676813781e-05,45349,,2.990445375442505,,1.2400459051132202,,0.530242919921875,,0.09667301177978516
,5488.0,18,5.335172318154946e-05,45399,,3.4808483123779297,,1.1974152326583862,,0.53034508228302,,0.09668152034282684
,5448.0,18,5.3296553232939914e-05,45449,,2.774094343185425,,1.0135643482208252,,0.5304582118988037,,0.09669913351535797
,5392.0,18,5.324137964635156e-05,45499,,2.6574645042419434,,1.5848408937454224,,0.5305652618408203,,0.09671203047037125
,5504.0,18,5.318620605976321e-05,45549,,3.288313150405884,,1.5165364742279053,,0.5306671857833862,,0.09672220051288605
,5404.0,18,5.313103611115366e-05,45599,,3.1784582138061523,,0.9395415186882019,,0.5307785272598267,,0.09672960638999939
,5484.0,18,5.307586252456531e-05,45649,,2.8321197032928467,,1.2096649408340454,,0.5308960676193237,,0.09673663228750229
,5492.0,18,5.3020688937976956e-05,45699,,2.705840587615967,,1.1123961210250854,,0.5309991836547852,,0.09674679487943649
,5544.0,18,5.296551898936741e-05,45749,,2.359614372253418,,1.284072756767273,,0.5311065912246704,,0.09675281494855881
,5508.0,18,5.291034540277906e-05,45799,,2.4989936351776123,,1.0662730932235718,,0.5312138199806213,,0.09675963222980499
,5436.0,18,5.2855171816190705e-05,45849,,2.610761880874634,,1.2995253801345825,,0.531315803527832,,0.09677527099847794
,5488.0,18,5.279999822960235e-05,45899,,3.7744691371917725,,1.3186991214752197,,0.5314120054244995,,0.09678806364536285
,5464.0,18,5.2744828280992806e-05,45949,,2.5062062740325928,,1.1403982639312744,,0.5315157175064087,,0.09679722785949707
,5500.0,18,5.268965469440445e-05,45999,,2.0972201824188232,,1.4593762159347534,,0.5316215753555298,,0.09680593013763428
,5412.0,18,5.26344811078161e-05,46049,,3.0253725051879883,,1.269967794418335,,0.531731367111206,,0.09682245552539825
,5400.0,18,5.2579311159206554e-05,46099,,2.0007708072662354,,0.9840984344482422,,0.5318392515182495,,0.09683246165513992
,5296.0,18,5.25241375726182e-05,46149,,2.9331254959106445,,1.331682562828064,,0.5319466590881348,,0.09684886783361435
,5476.0,18,5.246896398602985e-05,46199,,2.805194854736328,,1.4941010475158691,,0.5320426225662231,,0.09686089307069778
,5500.0,18,5.24137940374203e-05,46249,,4.014831066131592,,1.3573203086853027,,0.5321507453918457,,0.0968688428401947
,5360.0,18,5.235862045083195e-05,46299,,2.729276657104492,,1.4655457735061646,,0.5322511792182922,,0.09687963873147964
,5492.0,18,5.23034468642436e-05,46349,,2.247107982635498,,0.8620445132255554,,0.5323590636253357,,0.09689053148031235
,5464.0,18,5.224827691563405e-05,46399,,3.6628122329711914,,1.2440539598464966,,0.5324641466140747,,0.09690733253955841
,5448.0,18,5.21931033290457e-05,46449,,2.658243179321289,,1.3731271028518677,,0.532561182975769,,0.0969226285815239
,5512.0,18,5.2137929742457345e-05,46499,,2.5361855030059814,,1.1449525356292725,,0.5326724052429199,,0.09694135934114456
,5428.0,18,5.20827597938478e-05,46549,,2.5100762844085693,,1.0666518211364746,,0.5327712297439575,,0.09695888310670853
,5428.0,18,5.2027586207259446e-05,46599,,3.1775403022766113,,1.4352442026138306,,0.5328745245933533,,0.09697142243385315
,5512.0,18,5.1972412620671093e-05,46649,,2.803457498550415,,1.380610466003418,,0.5329813957214355,,0.09698593616485596
,5452.0,18,5.191724267206155e-05,46699,,2.914578676223755,,1.0296449661254883,,0.5330923795700073,,0.09699396789073944
,5572.0,18,5.1862069085473195e-05,46749,,2.7173662185668945,,1.2812970876693726,,0.5331891179084778,,0.09700505435466766
,5408.0,18,5.180689549888484e-05,46799,,2.945441246032715,,1.4414796829223633,,0.5332965850830078,,0.0970199853181839
,5408.0,18,5.1751725550275296e-05,46849,,2.963663339614868,,1.0821166038513184,,0.5334030985832214,,0.09703731536865234
,5464.0,18,5.169655196368694e-05,46899,,3.971160650253296,,1.3076173067092896,,0.5335113406181335,,0.0970475971698761
,5452.0,18,5.164137837709859e-05,46949,,2.9313483238220215,,1.0608230829238892,,0.5336148738861084,,0.09705542027950287
,5532.0,18,5.1586208428489044e-05,46999,,2.855299949645996,,1.0628294944763184,,0.5337172150611877,,0.09706387668848038
,5388.0,18,5.153103484190069e-05,47049,,3.5691139698028564,,1.3789656162261963,,0.5338051319122314,,0.09707476198673248
,5428.0,18,5.147586125531234e-05,47099,,3.7525835037231445,,1.0145050287246704,,0.5339095592498779,,0.09709620475769043
,5552.0,18,5.142069130670279e-05,47149,,3.0410714149475098,,1.3830848932266235,,0.5340061187744141,,0.09710676223039627
,5408.0,18,5.136551772011444e-05,47199,,2.1459133625030518,,1.244726538658142,,0.5341099500656128,,0.0971166267991066
,5512.0,18,5.131034413352609e-05,47249,,3.5250368118286133,,1.4647433757781982,,0.5342093110084534,,0.09712626785039902
,5480.0,18,5.125517418491654e-05,47299,,3.0699448585510254,,1.2418301105499268,,0.5343068838119507,,0.09713922441005707
,5468.0,18,5.120000059832819e-05,47349,,2.285062313079834,,0.9695228338241577,,0.5344076156616211,,0.09715089946985245
,5456.0,18,5.1144827011739835e-05,47399,,4.543944835662842,,1.264268398284912,,0.5345126986503601,,0.09716436266899109
,5448.0,18,5.108965342515148e-05,47449,,2.7207040786743164,,1.151313304901123,,0.5346125364303589,,0.09717297554016113
,5380.0,18,5.1034483476541936e-05,47499,,4.38421630859375,,1.221738576889038,,0.5347166657447815,,0.09718763828277588
,5456.0,18,5.0979309889953583e-05,47549,,2.2952334880828857,,0.9060025215148926,,0.5348105430603027,,0.09719760715961456
,5484.0,18,5.092413630336523e-05,47599,,2.4224140644073486,,0.9971118569374084,,0.5349124073982239,,0.09721332788467407
,5432.0,18,5.0868966354755685e-05,47649,,2.6604666709899902,,1.2555948495864868,,0.5350115299224854,,0.09722146391868591
5462.7421875,,18,,47651,2.896458387374878,,1.1956859827041626,,0.5324587225914001,,0.09692040085792542,
,5520.0,19,5.081379276816733e-05,47699,,3.2682530879974365,,1.231293797492981,,0.5351186990737915,,0.09723006933927536
,5544.0,19,5.075861918157898e-05,47749,,3.245378017425537,,1.6773836612701416,,0.5352216958999634,,0.09723798930644989
,5532.0,19,5.070344923296943e-05,47799,,2.4120447635650635,,1.2541840076446533,,0.5353198051452637,,0.09724617004394531
,5500.0,19,5.064827564638108e-05,47849,,2.5849881172180176,,1.1661839485168457,,0.535419225692749,,0.097255639731884
,5380.0,19,5.059310205979273e-05,47899,,3.0081279277801514,,1.3444361686706543,,0.5355154275894165,,0.0972633808851242
,5448.0,19,5.053793211118318e-05,47949,,3.370197296142578,,1.3835653066635132,,0.5356155037879944,,0.09727387130260468
,5488.0,19,5.048275852459483e-05,47999,,3.30505108833313,,1.441261887550354,,0.5357131958007812,,0.09728436172008514
,5508.0,19,5.0427584938006476e-05,48049,,2.836874485015869,,1.2556179761886597,,0.5358178019523621,,0.09729160368442535
,5484.0,19,5.037241498939693e-05,48099,,2.499190330505371,,1.048484444618225,,0.5359269976615906,,0.09730122983455658
,5504.0,19,5.031724140280858e-05,48149,,4.045018196105957,,1.0684144496917725,,0.5360239744186401,,0.09731285274028778
,5520.0,19,5.0262067816220224e-05,48199,,2.376519203186035,,0.9978424310684204,,0.5361166000366211,,0.09731791913509369
,5488.0,19,5.020689786761068e-05,48249,,3.7925894260406494,,1.2396395206451416,,0.5362114906311035,,0.0973241776227951
,5572.0,19,5.0151724281022325e-05,48299,,2.2102460861206055,,0.8561442494392395,,0.5363168120384216,,0.09733457863330841
,5544.0,19,5.009655069443397e-05,48349,,3.3184895515441895,,1.2111910581588745,,0.5364119410514832,,0.09734571725130081
,5432.0,19,5.0041380745824426e-05,48399,,2.7690834999084473,,1.0622544288635254,,0.5365074872970581,,0.09735285490751266
,5524.0,19,4.9986207159236073e-05,48449,,4.17024040222168,,1.0108580589294434,,0.5366004109382629,,0.09736204147338867
,5452.0,19,4.993103357264772e-05,48499,,2.1002907752990723,,1.1410492658615112,,0.5366995930671692,,0.09737560153007507
,5452.0,19,4.9875863624038175e-05,48549,,3.7586960792541504,,1.1262080669403076,,0.5368001461029053,,0.09739107638597488
,5492.0,19,4.982069003744982e-05,48599,,3.0209434032440186,,1.036587119102478,,0.5369018316268921,,0.09740178287029266
,5404.0,19,4.976551645086147e-05,48649,,3.2924747467041016,,1.629547357559204,,0.5369917154312134,,0.09741442650556564
,5436.0,19,4.971034650225192e-05,48699,,2.257873773574829,,1.0444458723068237,,0.5370815396308899,,0.0974263995885849
,5528.0,19,4.965517291566357e-05,48749,,4.0217695236206055,,1.2925546169281006,,0.5371754169464111,,0.0974411815404892
,5516.0,19,4.959999932907522e-05,48799,,1.934035062789917,,0.9391651153564453,,0.5372806787490845,,0.09745705872774124
,5440.0,19,4.954482938046567e-05,48849,,3.1160924434661865,,1.0759371519088745,,0.5373789072036743,,0.09746184200048447
,5420.0,19,4.948965579387732e-05,48899,,2.8890974521636963,,1.3849338293075562,,0.5374681949615479,,0.09747321903705597
,5496.0,19,4.9434482207288966e-05,48949,,2.7800066471099854,,1.0812370777130127,,0.537563145160675,,0.09747903048992157
,5432.0,19,4.937930862070061e-05,48999,,3.0664610862731934,,1.3187005519866943,,0.5376595258712769,,0.09749292582273483
,5444.0,19,4.932413867209107e-05,49049,,3.226161241531372,,1.7573297023773193,,0.5377616882324219,,0.09750346839427948
,5480.0,19,4.9268965085502714e-05,49099,,3.059457302093506,,1.3362194299697876,,0.5378634929656982,,0.09751137346029282
,5460.0,19,4.921379149891436e-05,49149,,2.9761910438537598,,1.3812298774719238,,0.537963330745697,,0.0975222960114479
,5488.0,19,4.9158621550304815e-05,49199,,3.2834978103637695,,1.1721103191375732,,0.5380524396896362,,0.09753291308879852
,5480.0,19,4.910344796371646e-05,49249,,3.620088577270508,,1.3840200901031494,,0.5381433963775635,,0.09754712879657745
,5492.0,19,4.904827437712811e-05,49299,,3.9799585342407227,,1.3356488943099976,,0.5382393002510071,,0.09756161272525787
,5552.0,19,4.8993104428518564e-05,49349,,3.9289605617523193,,1.3446084260940552,,0.5383344292640686,,0.09757518023252487
,5480.0,19,4.893793084193021e-05,49399,,3.7394654750823975,,1.5955514907836914,,0.5384262204170227,,0.09759147465229034
,5520.0,19,4.888275725534186e-05,49449,,2.8415133953094482,,1.033003568649292,,0.5385257005691528,,0.097604900598526
,5408.0,19,4.882758730673231e-05,49499,,3.851285457611084,,1.3328819274902344,,0.5386123061180115,,0.0976192057132721
,5496.0,19,4.877241372014396e-05,49549,,3.3385703563690186,,1.2076318264007568,,0.5387083888053894,,0.09762654453516006
,5508.0,19,4.8717240133555606e-05,49599,,3.9773902893066406,,1.2731000185012817,,0.5388089418411255,,0.09763823449611664
,5424.0,19,4.866207018494606e-05,49649,,3.053128719329834,,1.515725016593933,,0.5389057397842407,,0.09764749556779861
,5392.0,19,4.860689659835771e-05,49699,,2.625001907348633,,1.3839668035507202,,0.5390055179595947,,0.09765563905239105
,5440.0,19,4.8551723011769354e-05,49749,,2.797147274017334,,1.1852208375930786,,0.5391080379486084,,0.09766745567321777
,5512.0,19,4.849655306315981e-05,49799,,2.8949713706970215,,1.1956020593643188,,0.5392023324966431,,0.09768083691596985
,5480.0,19,4.8441379476571456e-05,49849,,3.327746868133545,,1.236706256866455,,0.5392995476722717,,0.09769514948129654
,5556.0,19,4.83862058899831e-05,49899,,3.1637940406799316,,1.3337427377700806,,0.5394010543823242,,0.09771543741226196
,5376.0,19,4.833103594137356e-05,49949,,2.837563991546631,,1.1052696704864502,,0.5394967794418335,,0.0977294072508812
,5524.0,19,4.8275862354785204e-05,49999,,3.1739563941955566,,1.6178662776947021,,0.5395829677581787,,0.09775010496377945
,5496.0,19,4.822068876819685e-05,50049,,2.706958293914795,,1.2606604099273682,,0.5396773815155029,,0.09776507318019867
,5512.0,19,4.8165518819587305e-05,50099,,3.572763681411743,,1.124139666557312,,0.5397701263427734,,0.09777908772230148
,5396.0,19,4.811034523299895e-05,50149,,3.3201541900634766,,1.217214584350586,,0.5398586988449097,,0.09779536724090576
5463.11767578125,,19,,50159,3.0531091690063477,,1.1766411066055298,,0.5374892950057983,,0.09748370200395584,
,5384.0,20,4.80551716464106e-05,50199,,4.0803608894348145,,1.2127127647399902,,0.5399525761604309,,0.09780720621347427
,5428.0,20,4.8000001697801054e-05,50249,,2.2492268085479736,,0.8870899081230164,,0.540047287940979,,0.09781644493341446
,5456.0,20,4.79448281112127e-05,50299,,4.217181205749512,,1.1821151971817017,,0.5401390790939331,,0.09782440960407257
,5460.0,20,4.788965452462435e-05,50349,,2.8791160583496094,,1.151957631111145,,0.5402270555496216,,0.09783301502466202
,5472.0,20,4.78344845760148e-05,50399,,3.556481122970581,,1.3840693235397339,,0.5403164029121399,,0.09784054756164551
,5472.0,20,4.777931098942645e-05,50449,,2.6970911026000977,,1.17050039768219,,0.5404174327850342,,0.09785159677267075
,5596.0,20,4.7724137402838096e-05,50499,,3.2203023433685303,,1.2247698307037354,,0.5405106544494629,,0.09786805510520935
,5488.0,20,4.766896381624974e-05,50549,,3.466730833053589,,1.3065340518951416,,0.540611982345581,,0.09787525981664658
,5368.0,20,4.76137938676402e-05,50599,,3.2436721324920654,,1.1862415075302124,,0.5407025218009949,,0.09788303077220917
,5428.0,20,4.7558620281051844e-05,50649,,2.8288307189941406,,1.4381203651428223,,0.5407896637916565,,0.09789187461137772
,5408.0,20,4.750344669446349e-05,50699,,3.2321741580963135,,1.6354916095733643,,0.5408824682235718,,0.0978982001543045
,5412.0,20,4.7448276745853946e-05,50749,,3.071216583251953,,1.1776773929595947,,0.5409792065620422,,0.09790297597646713
,5464.0,20,4.739310315926559e-05,50799,,2.9728424549102783,,1.092706561088562,,0.5410748720169067,,0.09790975600481033
,5512.0,20,4.733792957267724e-05,50849,,2.6958701610565186,,0.7981425523757935,,0.5411719083786011,,0.09791792929172516
,5436.0,20,4.7282759624067694e-05,50899,,4.210765838623047,,0.9186372756958008,,0.5412713289260864,,0.09792959690093994
,5440.0,20,4.722758603747934e-05,50949,,3.096877098083496,,1.6056710481643677,,0.5413625240325928,,0.09793621301651001
,5388.0,20,4.717241245089099e-05,50999,,2.3539273738861084,,0.7697003483772278,,0.5414539575576782,,0.09794074296951294
,5544.0,20,4.711724250228144e-05,51049,,3.34368634223938,,0.9705215692520142,,0.5415506362915039,,0.09794552624225616
,5512.0,20,4.706206891569309e-05,51099,,3.7623913288116455,,1.2188236713409424,,0.5416478514671326,,0.09795523434877396
,5492.0,20,4.7006895329104736e-05,51149,,3.047091007232666,,1.3676365613937378,,0.5417442321777344,,0.09796406328678131
,5540.0,20,4.695172538049519e-05,51199,,2.8593318462371826,,1.058297872543335,,0.5418314933776855,,0.09797126054763794
,5456.0,20,4.689655179390684e-05,51249,,3.337580680847168,,1.0064173936843872,,0.5419230461120605,,0.09797746688127518
,5376.0,20,4.6841378207318485e-05,51299,,2.96199369430542,,1.3391436338424683,,0.5420090556144714,,0.09798777103424072
,5452.0,20,4.678620825870894e-05,51349,,2.8790407180786133,,1.2460205554962158,,0.5420964360237122,,0.09799943119287491
,5452.0,20,4.6731034672120586e-05,51399,,3.1577811241149902,,1.0572525262832642,,0.5421818494796753,,0.09801018983125687
,5376.0,20,4.667586108553223e-05,51449,,3.6799662113189697,,1.1753559112548828,,0.5422674417495728,,0.09802095592021942
,5372.0,20,4.662069113692269e-05,51499,,3.6569480895996094,,1.6790410280227661,,0.5423611402511597,,0.09803354740142822
,5420.0,20,4.6565517550334334e-05,51549,,3.110067129135132,,1.1855158805847168,,0.5424476265907288,,0.09803824126720428
,5444.0,20,4.651034396374598e-05,51599,,2.9434401988983154,,1.235986590385437,,0.5425354242324829,,0.09804684668779373
,5508.0,20,4.6455174015136436e-05,51649,,2.8354344367980957,,1.1431125402450562,,0.5426231622695923,,0.09805767238140106
,5436.0,20,4.640000042854808e-05,51699,,3.2609007358551025,,1.152065634727478,,0.542711079120636,,0.0980684906244278
,5512.0,20,4.634482684195973e-05,51749,,2.6599254608154297,,1.1629830598831177,,0.5427981615066528,,0.09808085858821869
,5504.0,20,4.6289656893350184e-05,51799,,3.5736045837402344,,1.2007254362106323,,0.5428906679153442,,0.09808885306119919
,5352.0,20,4.623448330676183e-05,51849,,3.2623062133789062,,1.4516304731369019,,0.5429760217666626,,0.09809938818216324
,5456.0,20,4.617930972017348e-05,51899,,3.387104034423828,,0.8966235518455505,,0.5430660843849182,,0.09811262786388397
,5476.0,20,4.6124136133585125e-05,51949,,2.209296703338623,,1.0374209880828857,,0.5431541800498962,,0.09812094271183014
,5504.0,20,4.606896618497558e-05,51999,,2.6479830741882324,,0.6970820426940918,,0.5432472825050354,,0.09812616556882858
,5540.0,20,4.6013792598387226e-05,52049,,4.275963306427002,,1.3594762086868286,,0.5433340668678284,,0.09813396632671356
,5440.0,20,4.5958619011798874e-05,52099,,3.524198055267334,,1.1559116840362549,,0.5434169769287109,,0.09814152121543884
,5504.0,20,4.590344906318933e-05,52149,,2.764146089553833,,0.9200206995010376,,0.5435056686401367,,0.09815098345279694
,5464.0,20,4.5848275476600975e-05,52199,,2.8996188640594482,,1.0521564483642578,,0.5435944199562073,,0.0981639102101326
,5456.0,20,4.579310189001262e-05,52249,,3.1134140491485596,,0.9931591153144836,,0.5436856746673584,,0.09817557781934738
,5480.0,20,4.5737931941403076e-05,52299,,6.436898231506348,,1.081939935684204,,0.543777346611023,,0.09818655997514725
,5532.0,20,4.568275835481472e-05,52349,,3.264279365539551,,1.2635293006896973,,0.5438722372055054,,0.09820100665092468
,5376.0,20,4.562758476822637e-05,52399,,3.853700876235962,,1.4023724794387817,,0.5439617037773132,,0.09820922464132309
,5516.0,20,4.5572414819616824e-05,52449,,3.3515496253967285,,1.2208364009857178,,0.5440518856048584,,0.09822473675012589
,5328.0,20,4.551724123302847e-05,52499,,3.166050672531128,,1.2268916368484497,,0.5441445112228394,,0.09823298454284668
,5412.0,20,4.546206764644012e-05,52549,,3.5787060260772705,,1.499351978302002,,0.5442343950271606,,0.09824458509683609
,5476.0,20,4.540689769783057e-05,52599,,3.611788749694824,,1.2640198469161987,,0.5443247556686401,,0.09825055301189423
,5388.0,20,4.535172411124222e-05,52649,,3.946253776550293,,1.1281622648239136,,0.5444144010543823,,0.09825807809829712
5463.07275390625,,20,,52667,3.2097890377044678,,1.1730804443359375,,0.5421997904777527,,0.09802451729774475,
,5468.0,21,4.529655052465387e-05,52699,,3.7007811069488525,,1.2898353338241577,,0.5444992780685425,,0.09826735407114029
,5472.0,21,4.524138057604432e-05,52749,,2.5523805618286133,,1.0781275033950806,,0.5445936918258667,,0.09828014671802521
,5476.0,21,4.518620698945597e-05,52799,,3.5311615467071533,,1.2187703847885132,,0.5446830987930298,,0.09829003363847733
,5436.0,21,4.5131033402867615e-05,52849,,2.857621192932129,,1.2262884378433228,,0.5447722673416138,,0.09829314798116684
,5512.0,21,4.507586345425807e-05,52899,,3.8348147869110107,,1.3862416744232178,,0.5448693037033081,,0.09829892963171005
,5400.0,21,4.5020689867669716e-05,52949,,3.1654555797576904,,1.0940682888031006,,0.5449541211128235,,0.09830742329359055
,5456.0,21,4.4965516281081364e-05,52999,,3.254049301147461,,1.1112797260284424,,0.5450421571731567,,0.09831544756889343
,5452.0,21,4.491034633247182e-05,53049,,3.6197731494903564,,1.1503853797912598,,0.5451288223266602,,0.09831932187080383
,5460.0,21,4.4855172745883465e-05,53099,,3.1897315979003906,,1.1080199480056763,,0.5452107191085815,,0.09832549840211868
,5420.0,21,4.479999915929511e-05,53149,,2.9461944103240967,,1.1726675033569336,,0.545300304889679,,0.09833390265703201
,5468.0,21,4.4744829210685566e-05,53199,,4.8848042488098145,,1.177971363067627,,0.5453882813453674,,0.09834419935941696
,5488.0,21,4.468965562409721e-05,53249,,3.2296881675720215,,1.2355550527572632,,0.5454814434051514,,0.09835312515497208
,5480.0,21,4.463448203750886e-05,53299,,2.8986573219299316,,0.8353551030158997,,0.5455676913261414,,0.0983603447675705
,5472.0,21,4.4579312088899314e-05,53349,,3.669489860534668,,1.0679442882537842,,0.5456556677818298,,0.09836778044700623
,5440.0,21,4.452413850231096e-05,53399,,2.805936336517334,,0.9633629322052002,,0.5457378029823303,,0.09837701916694641
,5404.0,21,4.446896491572261e-05,53449,,4.330660343170166,,1.2101120948791504,,0.5458284020423889,,0.09838036447763443
,5540.0,21,4.4413791329134256e-05,53499,,4.103283882141113,,1.0907262563705444,,0.545912504196167,,0.09838595241308212
,5512.0,21,4.435862138052471e-05,53549,,3.4967668056488037,,1.3075370788574219,,0.5459968447685242,,0.09839048981666565
,5452.0,21,4.430344779393636e-05,53599,,3.525362014770508,,1.0541514158248901,,0.5460858345031738,,0.09839710593223572
,5452.0,21,4.4248274207348004e-05,53649,,4.7987141609191895,,0.8975598216056824,,0.5461797714233398,,0.0984034538269043
,5540.0,21,4.419310425873846e-05,53699,,3.2952022552490234,,1.0998367071151733,,0.546271562576294,,0.09841227531433105
,5472.0,21,4.4137930672150105e-05,53749,,3.1152217388153076,,1.2687411308288574,,0.5463613271713257,,0.09842077642679214
,5464.0,21,4.408275708556175e-05,53799,,3.414093255996704,,1.037225365638733,,0.5464495420455933,,0.09842865914106369
,5392.0,21,4.4027587136952206e-05,53849,,3.341444492340088,,1.1169204711914062,,0.5465331077575684,,0.098432756960392
,5436.0,21,4.3972413550363854e-05,53899,,2.830936908721924,,1.0846641063690186,,0.5466180443763733,,0.09844152629375458
,5452.0,21,4.39172399637755e-05,53949,,3.0495784282684326,,1.1374400854110718,,0.5466957092285156,,0.09845036268234253
,5496.0,21,4.3862070015165955e-05,53999,,2.729870080947876,,0.8343397378921509,,0.5467782020568848,,0.09845711290836334
,5452.0,21,4.38068964285776e-05,54049,,2.894644260406494,,1.1429747343063354,,0.5468682050704956,,0.09846701472997665
,5512.0,21,4.375172284198925e-05,54099,,3.245596170425415,,1.057905912399292,,0.5469506978988647,,0.09848124533891678
,5416.0,21,4.36965528933797e-05,54149,,5.687303066253662,,1.2299163341522217,,0.54703688621521,,0.09849268198013306
,5488.0,21,4.364137930679135e-05,54199,,3.1638646125793457,,1.468958854675293,,0.547118604183197,,0.09850244224071503
,5448.0,21,4.3586205720203e-05,54249,,2.777113437652588,,0.8275617957115173,,0.5472010970115662,,0.09850889444351196
,5460.0,21,4.353103577159345e-05,54299,,4.132767677307129,,1.0304714441299438,,0.5472846627235413,,0.09851990640163422
,5592.0,21,4.34758621850051e-05,54349,,3.0370872020721436,,1.2777059078216553,,0.5473703742027283,,0.09852789342403412
,5500.0,21,4.3420688598416746e-05,54399,,2.959928035736084,,1.1222343444824219,,0.547463595867157,,0.09853436052799225
,5444.0,21,4.33655186498072e-05,54449,,3.111114501953125,,1.106204867362976,,0.5475426912307739,,0.09854218363761902
,5512.0,21,4.331034506321885e-05,54499,,3.2365622520446777,,1.6031965017318726,,0.5476248264312744,,0.09855352342128754
,5440.0,21,4.3255171476630494e-05,54549,,3.425579309463501,,1.323094367980957,,0.5477107763290405,,0.09855978190898895
,5432.0,21,4.320000152802095e-05,54599,,2.9033687114715576,,1.0666306018829346,,0.5477969646453857,,0.09856918454170227
,5504.0,21,4.3144827941432595e-05,54649,,3.1314923763275146,,1.3928523063659668,,0.5478753447532654,,0.09857673943042755
,5476.0,21,4.308965435484424e-05,54699,,3.6220288276672363,,1.5500571727752686,,0.5479530692100525,,0.09858453273773193
,5448.0,21,4.3034484406234697e-05,54749,,3.5754740238189697,,1.0998454093933105,,0.5480368137359619,,0.09859326481819153
,5496.0,21,4.2979310819646344e-05,54799,,3.7012436389923096,,1.5438255071640015,,0.5481220483779907,,0.09860090911388397
,5456.0,21,4.292413723305799e-05,54849,,3.3391315937042236,,1.506864309310913,,0.5482093691825867,,0.0986080914735794
,5464.0,21,4.2868967284448445e-05,54899,,2.403393507003784,,1.1754789352416992,,0.548294186592102,,0.09861485660076141
,5344.0,21,4.281379369786009e-05,54949,,3.2028965950012207,,1.3859188556671143,,0.548372209072113,,0.09862414002418518
,5488.0,21,4.275862011127174e-05,54999,,4.055102348327637,,1.139112114906311,,0.5484588742256165,,0.09863150119781494
,5452.0,21,4.2703446524683386e-05,55049,,3.214646816253662,,1.2985599040985107,,0.5485296249389648,,0.09863890707492828
,5516.0,21,4.264827657607384e-05,55099,,3.6705005168914795,,1.2543351650238037,,0.5486123561859131,,0.09864851832389832
,5428.0,21,4.259310298948549e-05,55149,,4.743316650390625,,1.292281150817871,,0.5486993789672852,,0.09865854680538177
5462.7939453125,,21,,55175,3.3422741889953613,,1.1564178466796875,,0.5466436147689819,,0.09845936298370361,
,5428.0,22,4.2537929402897134e-05,55199,,2.916717052459717,,1.1694058179855347,,0.5487816333770752,,0.09866736829280853
,5420.0,22,4.248275945428759e-05,55249,,2.999178409576416,,1.2831881046295166,,0.5488599538803101,,0.0986761823296547
,5488.0,22,4.2427585867699236e-05,55299,,3.129314422607422,,1.0505181550979614,,0.5489394664764404,,0.0986853539943695
,5440.0,22,4.237241228111088e-05,55349,,2.71567964553833,,1.2404230833053589,,0.5490173697471619,,0.09869875013828278
,5484.0,22,4.231724233250134e-05,55399,,2.8627841472625732,,1.017281174659729,,0.549102246761322,,0.09870944917201996
,5504.0,22,4.2262068745912984e-05,55449,,3.8589606285095215,,1.0136864185333252,,0.5491903424263,,0.09871692955493927
,5480.0,22,4.220689515932463e-05,55499,,3.4298830032348633,,1.0631647109985352,,0.5492750406265259,,0.09872645139694214
,5440.0,22,4.2151725210715085e-05,55549,,3.25126051902771,,1.116031289100647,,0.5493524670600891,,0.09873180091381073
,5396.0,22,4.209655162412673e-05,55599,,3.527524471282959,,1.370805025100708,,0.5494354963302612,,0.09874020516872406
,5432.0,22,4.204137803753838e-05,55649,,3.1868557929992676,,0.9844154119491577,,0.5495172142982483,,0.09874794632196426
,5488.0,22,4.1986208088928834e-05,55699,,3.449545383453369,,1.218015193939209,,0.549594521522522,,0.09875448048114777
,5428.0,22,4.193103450234048e-05,55749,,3.235520601272583,,0.983153760433197,,0.5496745705604553,,0.09876162558794022
,5512.0,22,4.187586091575213e-05,55799,,3.1395115852355957,,1.332113265991211,,0.5497668385505676,,0.09877035021781921
,5496.0,22,4.182069096714258e-05,55849,,3.941092014312744,,1.1063047647476196,,0.5498488545417786,,0.09877928346395493
,5472.0,22,4.176551738055423e-05,55899,,3.5772345066070557,,1.0315120220184326,,0.5499396324157715,,0.09878934174776077
,5444.0,22,4.1710343793965876e-05,55949,,2.406845808029175,,1.0422316789627075,,0.5500246286392212,,0.09880013763904572
,5440.0,22,4.165517384535633e-05,55999,,2.786086320877075,,1.1425821781158447,,0.5501081943511963,,0.09881368279457092
,5488.0,22,4.160000025876798e-05,56049,,3.239703893661499,,1.0902385711669922,,0.5501810312271118,,0.09882495552301407
,5412.0,22,4.1544826672179624e-05,56099,,4.369306564331055,,0.7000446319580078,,0.5502592921257019,,0.09883271157741547
,5372.0,22,4.148965672357008e-05,56149,,4.234589099884033,,0.9806126952171326,,0.550338864326477,,0.09884337335824966
,5516.0,22,4.1434483136981726e-05,56199,,3.943366050720215,,1.0697513818740845,,0.5504171848297119,,0.09885431826114655
,5468.0,22,4.137930955039337e-05,56249,,3.7950968742370605,,1.283905029296875,,0.550499677658081,,0.09886403381824493
,5488.0,22,4.132413960178383e-05,56299,,2.0754616260528564,,0.7870470881462097,,0.5505792498588562,,0.09887515008449554
,5460.0,22,4.1268966015195474e-05,56349,,3.8245129585266113,,1.4947324991226196,,0.5506632328033447,,0.0988813266158104
,5460.0,22,4.121379242860712e-05,56399,,4.505270004272461,,1.087656855583191,,0.5507392883300781,,0.09889161586761475
,5452.0,22,4.1158622479997575e-05,56449,,4.1500163078308105,,1.5124425888061523,,0.5508117079734802,,0.0988985002040863
,5388.0,22,4.110344889340922e-05,56499,,3.083982467651367,,1.0603177547454834,,0.5508888363838196,,0.09890924394130707
,5472.0,22,4.104827530682087e-05,56549,,3.9842987060546875,,1.0244559049606323,,0.5509717464447021,,0.09892349690198898
,5492.0,22,4.0993101720232517e-05,56599,,3.721653699874878,,1.3310214281082153,,0.5510560870170593,,0.09893478453159332
,5440.0,22,4.093793177162297e-05,56649,,3.1127421855926514,,1.0295687913894653,,0.5511360168457031,,0.09894293546676636
,5452.0,22,4.088275818503462e-05,56699,,3.838143825531006,,1.2173869609832764,,0.5512155294418335,,0.09895090758800507
,5492.0,22,4.0827584598446265e-05,56749,,3.2099196910858154,,1.0554068088531494,,0.5512931942939758,,0.09895706921815872
,5460.0,22,4.077241464983672e-05,56799,,3.499295234680176,,1.044101595878601,,0.5513754487037659,,0.09896647185087204
,5476.0,22,4.0717241063248366e-05,56849,,3.7204155921936035,,0.8483789563179016,,0.5514562129974365,,0.09897845983505249
,5460.0,22,4.066206747666001e-05,56899,,3.607579231262207,,1.227280855178833,,0.5515356063842773,,0.09898745268583298
,5464.0,22,4.060689752805047e-05,56949,,6.044342994689941,,1.3383738994598389,,0.5516232252120972,,0.09899728000164032
,5468.0,22,4.0551723941462114e-05,56999,,4.163717746734619,,1.0111342668533325,,0.5517064929008484,,0.09900842607021332
,5448.0,22,4.049655035487376e-05,57049,,3.2382314205169678,,1.0373015403747559,,0.5517916083335876,,0.09901823103427887
,5492.0,22,4.0441380406264216e-05,57099,,3.844045639038086,,1.3277122974395752,,0.5518695116043091,,0.09902621060609818
,5428.0,22,4.038620681967586e-05,57149,,3.354811906814575,,1.375573992729187,,0.5519564151763916,,0.09903474897146225
,5428.0,22,4.033103323308751e-05,57199,,3.2501285076141357,,1.1166036128997803,,0.5520338416099548,,0.09904185682535172
,5472.0,22,4.0275863284477964e-05,57249,,3.231952667236328,,1.1898690462112427,,0.5521129965782166,,0.09905009716749191
,5416.0,22,4.022068969788961e-05,57299,,3.066551923751831,,1.2745023965835571,,0.5521892309188843,,0.0990602970123291
,5520.0,22,4.016551611130126e-05,57349,,2.548616409301758,,0.9333198070526123,,0.5522682070732117,,0.09907148778438568
,5448.0,22,4.011034616269171e-05,57399,,3.0368943214416504,,1.1472063064575195,,0.5523461699485779,,0.09907902777194977
,5516.0,22,4.005517257610336e-05,57449,,3.4189651012420654,,0.9284143447875977,,0.5524188876152039,,0.0990855023264885
,5424.0,22,3.9999998989515007e-05,57499,,3.813746213912964,,1.3312253952026367,,0.5524969696998596,,0.09909091144800186
,5488.0,22,3.994482904090546e-05,57549,,3.590271472930908,,1.1469119787216187,,0.5525757074356079,,0.09909987449645996
,5412.0,22,3.988965545431711e-05,57599,,3.471440076828003,,1.1684266328811646,,0.552653968334198,,0.09911054372787476
,5476.0,22,3.9834481867728755e-05,57649,,3.2231040000915527,,1.2307853698730469,,0.5527276992797852,,0.09911513328552246
5462.15771484375,,22,,57683,3.4823033809661865,,1.1528639793395996,,0.5507948398590088,,0.0988989844918251,
,5400.0,23,3.977931191911921e-05,57699,,3.786741256713867,,1.0152143239974976,,0.5527992248535156,,0.09912428259849548
,5436.0,23,3.9724138332530856e-05,57749,,2.548767328262329,,1.0025055408477783,,0.5528793931007385,,0.09913390129804611
,5504.0,23,3.96689647459425e-05,57799,,4.461451053619385,,1.2573186159133911,,0.5529571771621704,,0.09914512932300568
,5472.0,23,3.961379479733296e-05,57849,,3.330263376235962,,1.249876618385315,,0.5530324578285217,,0.09915193915367126
,5484.0,23,3.9558621210744604e-05,57899,,2.96658992767334,,1.122849464416504,,0.5531066656112671,,0.09915921092033386
,5452.0,23,3.950344762415625e-05,57949,,4.004560947418213,,1.1909420490264893,,0.5531934499740601,,0.09916690737009048
,5428.0,23,3.9448277675546706e-05,57999,,3.432896852493286,,0.9776042699813843,,0.5532664060592651,,0.09917449951171875
,5456.0,23,3.939310408895835e-05,58049,,3.5382027626037598,,1.0842851400375366,,0.5533422231674194,,0.09918361902236938
,5456.0,23,3.933793050237e-05,58099,,2.6471385955810547,,0.9739934206008911,,0.5534211993217468,,0.09919492155313492
,5480.0,23,3.928275691578165e-05,58149,,2.8294126987457275,,1.1453138589859009,,0.5535005331039429,,0.09920693188905716
,5456.0,23,3.92275869671721e-05,58199,,2.31307053565979,,0.952179491519928,,0.5535706877708435,,0.09921726584434509
,5484.0,23,3.917241338058375e-05,58249,,4.054562091827393,,1.2333214282989502,,0.5536457896232605,,0.09922707825899124
,5392.0,23,3.9117239793995395e-05,58299,,3.6054368019104004,,1.3082741498947144,,0.5537199378013611,,0.09924200922250748
,5460.0,23,3.906206984538585e-05,58349,,3.3393635749816895,,1.223622441291809,,0.5538005828857422,,0.09925471246242523
,5404.0,23,3.9006896258797497e-05,58399,,3.705082893371582,,1.1961908340454102,,0.553879976272583,,0.09926581382751465
,5452.0,23,3.8951722672209144e-05,58449,,3.476320266723633,,1.2029815912246704,,0.5539555549621582,,0.09927328675985336
,5424.0,23,3.88965527235996e-05,58499,,3.147690534591675,,1.3036209344863892,,0.5540366172790527,,0.09928098320960999
,5472.0,23,3.8841379137011245e-05,58549,,3.191899299621582,,1.3575773239135742,,0.5541112422943115,,0.09928654879331589
,5440.0,23,3.878620555042289e-05,58599,,3.182581663131714,,1.1376991271972656,,0.5541870594024658,,0.0992918536067009
,5456.0,23,3.8731035601813346e-05,58649,,3.469935655593872,,1.2521172761917114,,0.5542618036270142,,0.09929821640253067
,5460.0,23,3.867586201522499e-05,58699,,3.410357713699341,,1.1008667945861816,,0.554336428642273,,0.09930332005023956
,5484.0,23,3.862068842863664e-05,58749,,2.7117600440979004,,1.1112170219421387,,0.5544142723083496,,0.09930998831987381
,5512.0,23,3.8565518480027094e-05,58799,,4.0819010734558105,,1.0382119417190552,,0.5544903874397278,,0.09932008385658264
,5496.0,23,3.851034489343874e-05,58849,,4.5230865478515625,,0.9192944169044495,,0.5545697212219238,,0.09932717680931091
,5480.0,23,3.845517130685039e-05,58899,,3.9222207069396973,,1.2981669902801514,,0.5546478033065796,,0.09933357685804367
,5480.0,23,3.840000135824084e-05,58949,,3.2420783042907715,,0.9864883422851562,,0.5547195076942444,,0.09934189915657043
