Gathered number of frames_epoch,Gathered number of frames_step,epoch,lr,step,train_feature_penalty_epoch,train_feature_penalty_step,train_loss_epoch,train_loss_step,train_masked_accuracy_epoch,train_masked_accuracy_step,train_unmasked_accuracy_epoch,train_unmasked_accuracy_step
,1360.0,0,1.6000000186977559e-06,49,,0.2520824670791626,,3.9640870094299316,,0.09720195829868317,,0.060593362897634506
,1368.0,0,3.2000000373955118e-06,99,,0.2710953652858734,,3.3339929580688477,,0.1353035569190979,,0.11777498573064804
,1384.0,0,4.800000169780105e-06,149,,0.3098208010196686,,3.9194321632385254,,0.14997705817222595,,0.13782422244548798
,1392.0,0,6.4000000747910235e-06,199,,0.2363717406988144,,3.749678611755371,,0.15788741409778595,,0.1486550122499466
,1360.0,0,7.999999979801942e-06,249,,0.44091442227363586,,3.517350435256958,,0.1597527712583542,,0.15208852291107178
,1372.0,0,9.60000033956021e-06,299,,0.5876799821853638,,3.969050407409668,,0.16469095647335052,,0.1569700688123703
,1408.0,0,1.1199999789823778e-05,349,,0.6582025289535522,,3.4775495529174805,,0.17049773037433624,,0.1619897484779358
,1336.0,0,1.2800000149582047e-05,399,,0.5308505296707153,,3.829939126968384,,0.17369592189788818,,0.16468285024166107
,1360.0,0,1.4399999599845614e-05,449,,0.6840120553970337,,3.905512571334839,,0.17810209095478058,,0.16888076066970825
,1380.0,0,1.5999999959603883e-05,499,,0.5922154784202576,,3.589247226715088,,0.18332615494728088,,0.1722937822341919
,1380.0,0,1.759999940986745e-05,549,,0.6687594652175903,,3.4144227504730225,,0.19064880907535553,,0.1742028146982193
,1372.0,0,1.920000067912042e-05,599,,0.7758505940437317,,3.367305040359497,,0.19387809932231903,,0.17490041255950928
,1360.0,0,2.080000012938399e-05,649,,0.8463791012763977,,3.5686047077178955,,0.19859272241592407,,0.1747039556503296
,1400.0,0,2.2399999579647556e-05,699,,0.7614783048629761,,2.9980928897857666,,0.20213299989700317,,0.1734243482351303
,1380.0,0,2.4000000848900527e-05,749,,0.7433479428291321,,2.8881778717041016,,0.2050854116678238,,0.17062363028526306
,1356.0,0,2.5600000299164094e-05,799,,1.0368635654449463,,3.993396043777466,,0.21012596786022186,,0.1703452616930008
,1352.0,0,2.719999974942766e-05,849,,0.17506219446659088,,2.1061134338378906,,0.21435703337192535,,0.16839276254177094
,1332.0,0,2.879999919969123e-05,899,,0.922409176826477,,3.0637242794036865,,0.2183462679386139,,0.1685653179883957
,1384.0,0,3.04000004689442e-05,949,,0.9731650948524475,,2.673797130584717,,0.2230697125196457,,0.16986528038978577
,1352.0,0,3.199999991920777e-05,999,,0.9762848615646362,,3.0626025199890137,,0.22752395272254944,,0.16996558010578156
,1372.0,0,3.360000118846074e-05,1049,,1.0822734832763672,,2.864295244216919,,0.23213711380958557,,0.16900788247585297
,1388.0,0,3.51999988197349e-05,1099,,1.085269808769226,,3.0055131912231445,,0.23648539185523987,,0.1691952347755432
,1376.0,0,3.680000008898787e-05,1149,,1.402917742729187,,3.013942241668701,,0.23904749751091003,,0.16682042181491852
,1372.0,0,3.840000135824084e-05,1199,,1.2165268659591675,,2.9550607204437256,,0.24198542535305023,,0.16629712283611298
,1360.0,0,3.9999998989515007e-05,1249,,1.2159419059753418,,2.848188638687134,,0.24637293815612793,,0.16558997333049774
,1372.0,0,4.160000025876798e-05,1299,,1.5199531316757202,,2.859851837158203,,0.24882180988788605,,0.16290470957756042
,1356.0,0,4.320000152802095e-05,1349,,1.4480608701705933,,3.183850049972534,,0.25242626667022705,,0.16101478040218353
,1352.0,0,4.479999915929511e-05,1399,,2.0593717098236084,,2.7432448863983154,,0.25525835156440735,,0.1579296737909317
,1344.0,0,4.640000042854808e-05,1449,,1.8670545816421509,,3.334933280944824,,0.2579004168510437,,0.15572378039360046
,1344.0,0,4.8000001697801054e-05,1499,,1.5891307592391968,,3.1280038356781006,,0.2598099112510681,,0.15238426625728607
,1384.0,0,4.959999932907522e-05,1549,,1.3100556135177612,,2.7528553009033203,,0.2627938687801361,,0.14927399158477783
,1376.0,0,5.120000059832819e-05,1599,,0.9222596287727356,,2.555049180984497,,0.2649184465408325,,0.14645683765411377
,1360.0,0,5.279999822960235e-05,1649,,1.0389214754104614,,2.3440821170806885,,0.2667599022388458,,0.14367170631885529
,1372.0,0,5.439999949885532e-05,1699,,1.0836206674575806,,2.597219467163086,,0.26948198676109314,,0.1411007046699524
,1380.0,0,5.6000000768108293e-05,1749,,1.2401450872421265,,2.9291298389434814,,0.2715822160243988,,0.13891607522964478
,1316.0,0,5.759999839938246e-05,1799,,1.5750901699066162,,2.614877700805664,,0.27397340536117554,,0.13639262318611145
,1344.0,0,5.919999966863543e-05,1849,,1.5421632528305054,,2.938293218612671,,0.27608126401901245,,0.13450458645820618
,1328.0,0,6.08000009378884e-05,1899,,1.4677973985671997,,2.9359371662139893,,0.2782023549079895,,0.13238626718521118
,1376.0,0,6.240000220714137e-05,1949,,1.6300384998321533,,2.7318224906921387,,0.2807242274284363,,0.13024991750717163
,1332.0,0,6.399999983841553e-05,1999,,1.1580644845962524,,2.4437386989593506,,0.2827843129634857,,0.12823885679244995
,1420.0,0,6.55999974696897e-05,2049,,1.748535394668579,,2.6233386993408203,,0.2850642204284668,,0.1262000948190689
,1356.0,0,6.720000237692147e-05,2099,,1.3219913244247437,,2.6332812309265137,,0.2861580550670624,,0.12424299120903015
,1376.0,0,6.880000000819564e-05,2149,,1.2904706001281738,,1.8618781566619873,,0.2887236773967743,,0.12233288586139679
,1388.0,0,7.03999976394698e-05,2199,,1.4932022094726562,,2.6853184700012207,,0.2908110022544861,,0.12044928222894669
,1392.0,0,7.200000254670158e-05,2249,,1.925034523010254,,3.154531955718994,,0.29270488023757935,,0.11885139346122742
,1364.0,0,7.360000017797574e-05,2299,,1.0827194452285767,,2.2327373027801514,,0.2943979799747467,,0.1171257495880127
,1392.0,0,7.519999780924991e-05,2349,,1.7624938488006592,,2.865250587463379,,0.2961455285549164,,0.11559710651636124
,1376.0,0,7.680000271648169e-05,2399,,1.344628930091858,,2.4256441593170166,,0.2977827191352844,,0.11420445144176483
,1348.0,0,7.840000034775585e-05,2449,,1.9318233728408813,,2.421520709991455,,0.29945918917655945,,0.11298644542694092
,1368.0,0,7.999999797903001e-05,2499,,1.5246069431304932,,2.350644588470459,,0.30063551664352417,,0.11166080832481384
,1392.0,0,8.160000288626179e-05,2549,,1.4299174547195435,,2.222106456756592,,0.3026082515716553,,0.11060802638530731
,1400.0,0,8.320000051753595e-05,2599,,1.2089438438415527,,2.3804876804351807,,0.3039526641368866,,0.10960032790899277
,1336.0,0,8.479999814881012e-05,2649,,1.1314828395843506,,2.1131536960601807,,0.30595862865448,,0.10829444229602814
,1340.0,0,8.64000030560419e-05,2699,,1.2623167037963867,,1.8897839784622192,,0.30721136927604675,,0.10702966898679733
,1340.0,0,8.800000068731606e-05,2749,,1.4905608892440796,,2.129812002182007,,0.30908912420272827,,0.10581603646278381
,1380.0,0,8.959999831859022e-05,2799,,1.89165198802948,,2.7767646312713623,,0.3104217052459717,,0.10479951649904251
,1368.0,0,9.1200003225822e-05,2849,,1.410898208618164,,2.360729455947876,,0.31200969219207764,,0.10381503403186798
,1376.0,0,9.280000085709617e-05,2899,,1.0582337379455566,,2.150280714035034,,0.3128063678741455,,0.1028401330113411
,1348.0,0,9.439999848837033e-05,2949,,1.6529542207717896,,2.3821120262145996,,0.31386876106262207,,0.10198763012886047
,1376.0,0,9.600000339560211e-05,2999,,1.676945447921753,,2.1518595218658447,,0.3152882158756256,,0.10115338861942291
,1376.0,0,9.760000102687627e-05,3049,,1.1255539655685425,,1.8538432121276855,,0.3164145052433014,,0.10039091110229492
,1412.0,0,9.919999865815043e-05,3099,,1.6531306505203247,,2.334620237350464,,0.31789645552635193,,0.09957197308540344
,1368.0,0,9.997241431847215e-05,3149,,1.2653241157531738,,1.6817909479141235,,0.31909024715423584,,0.09876716136932373
,1388.0,0,9.99172407318838e-05,3199,,1.8492071628570557,,1.7458178997039795,,0.3205668330192566,,0.09804360568523407
,1380.0,0,9.986206714529544e-05,3249,,1.350277304649353,,2.2040607929229736,,0.32172051072120667,,0.09726560860872269
,1376.0,0,9.980689355870709e-05,3299,,1.9690234661102295,,2.3716909885406494,,0.3229823708534241,,0.09638246148824692
,1376.0,0,9.975172724807635e-05,3349,,2.1650571823120117,,2.5589752197265625,,0.3242436945438385,,0.09556172043085098
,1340.0,0,9.9696553661488e-05,3399,,2.294283390045166,,2.048452615737915,,0.32548296451568604,,0.0948682427406311
,1376.0,0,9.964138007489964e-05,3449,,1.0390187501907349,,1.9269311428070068,,0.3265335261821747,,0.09423057734966278
,1372.0,0,9.958620648831129e-05,3499,,1.3499517440795898,,2.1209607124328613,,0.3280283510684967,,0.09350249171257019
,1368.0,0,9.953103290172294e-05,3549,,1.901129961013794,,2.563042640686035,,0.3290555477142334,,0.0928589478135109
,1372.0,0,9.947585931513458e-05,3599,,1.597182035446167,,2.415764093399048,,0.3303828835487366,,0.09219396114349365
,1356.0,0,9.942069300450385e-05,3649,,1.4076818227767944,,1.5802181959152222,,0.33132827281951904,,0.09156325459480286
,1388.0,0,9.93655194179155e-05,3699,,1.8434364795684814,,2.5033047199249268,,0.33245649933815,,0.09089351445436478
,1364.0,0,9.931034583132714e-05,3749,,2.4448108673095703,,2.7092580795288086,,0.3337951898574829,,0.09025853127241135
,1344.0,0,9.925517224473879e-05,3799,,1.6314014196395874,,2.201852321624756,,0.33503469824790955,,0.08970804512500763
,1352.0,0,9.919999865815043e-05,3849,,1.4541280269622803,,2.0905277729034424,,0.33617913722991943,,0.08920343220233917
,1364.0,0,9.914482507156208e-05,3899,,2.310239791870117,,2.753323554992676,,0.33730819821357727,,0.08869843184947968
,1384.0,0,9.908965876093134e-05,3949,,1.3615261316299438,,1.911605954170227,,0.33826977014541626,,0.08818467706441879
,1356.0,0,9.903448517434299e-05,3999,,1.2421709299087524,,2.1639251708984375,,0.33920931816101074,,0.08767803758382797
,1368.0,0,9.897931158775464e-05,4049,,0.9922988414764404,,1.8324404954910278,,0.3401426374912262,,0.08721794933080673
,1332.0,0,9.892413800116628e-05,4099,,1.7895333766937256,,2.117328643798828,,0.34138014912605286,,0.08684443682432175
,1364.0,0,9.886896441457793e-05,4149,,3.0567786693573,,2.2817482948303223,,0.3421081006526947,,0.08634328097105026
,1348.0,0,9.881379082798958e-05,4199,,2.9132986068725586,,2.1866207122802734,,0.3432260751724243,,0.08584250509738922
,1344.0,0,9.875861724140123e-05,4249,,0.5896819829940796,,1.0857102870941162,,0.34398600459098816,,0.08536121994256973
,1376.0,0,9.870345093077049e-05,4299,,1.5517224073410034,,2.0814857482910156,,0.3451637625694275,,0.08494028449058533
,1368.0,0,9.864827734418213e-05,4349,,2.122412919998169,,2.1381783485412598,,0.34590891003608704,,0.08451180905103683
,1312.0,0,9.859310375759378e-05,4399,,2.7728018760681152,,2.203566312789917,,0.3468466103076935,,0.08410100638866425
,1396.0,0,9.853793017100543e-05,4449,,1.7511011362075806,,2.0040347576141357,,0.34794455766677856,,0.08369582891464233
,1332.0,0,9.848275658441707e-05,4499,,3.2656898498535156,,2.493760347366333,,0.3487365245819092,,0.08329427987337112
,1324.0,0,9.842758299782872e-05,4549,,3.1980230808258057,,2.202028512954712,,0.34983810782432556,,0.0829315185546875
,1364.0,0,9.837241668719798e-05,4599,,1.845943570137024,,2.110316276550293,,0.3509955108165741,,0.08255986124277115
,1388.0,0,9.831724310060963e-05,4649,,2.0513956546783447,,2.0014290809631348,,0.35197654366493225,,0.08219771832227707
,1356.0,0,9.826206951402128e-05,4699,,2.039006471633911,,2.2854502201080322,,0.3528979420661926,,0.08190752565860748
,1384.0,0,9.820689592743292e-05,4749,,1.8407593965530396,,1.9328981637954712,,0.35391414165496826,,0.08159204572439194
,1368.0,0,9.815172234084457e-05,4799,,2.535268545150757,,2.185178518295288,,0.3549700677394867,,0.08125396817922592
,1388.0,0,9.809654875425622e-05,4849,,1.009790301322937,,1.8789960145950317,,0.35575011372566223,,0.08090246468782425
,1404.0,0,9.804138244362548e-05,4899,,0.9547494053840637,,1.6417702436447144,,0.3566306531429291,,0.08053969591856003
,1420.0,0,9.798620885703713e-05,4949,,1.7558249235153198,,2.626413583755493,,0.35733914375305176,,0.08020550012588501
,1340.0,0,9.793103527044877e-05,4999,,1.1343005895614624,,1.7275751829147339,,0.3584110736846924,,0.07989753037691116
,1352.0,0,9.787586168386042e-05,5049,,1.8854752779006958,,1.972519040107727,,0.35927391052246094,,0.07964304834604263
,1396.0,0,9.782068809727207e-05,5099,,1.9008033275604248,,2.530876636505127,,0.35992398858070374,,0.07934246957302094
,1348.0,0,9.776551451068372e-05,5149,,2.1080853939056396,,1.868395209312439,,0.360727459192276,,0.07900820672512054
,1376.0,0,9.771034820005298e-05,5199,,2.291966199874878,,1.6408190727233887,,0.3613903820514679,,0.07874193042516708
1365.5830078125,,0,,5203,1.4455255270004272,,2.578632354736328,,0.28555378317832947,,0.11744311451911926,
,1364.0,1,9.765517461346462e-05,5249,,1.5656836032867432,,1.6658203601837158,,0.3623669743537903,,0.07841409742832184
,1376.0,1,9.760000102687627e-05,5299,,2.635349988937378,,2.1651663780212402,,0.36321091651916504,,0.07809120416641235
,1368.0,1,9.754482744028792e-05,5349,,0.8284396529197693,,1.4190692901611328,,0.3640585243701935,,0.07784902304410934
,1360.0,1,9.748965385369956e-05,5399,,1.3118619918823242,,1.7192271947860718,,0.3646649122238159,,0.07759373635053635
,1368.0,1,9.743448026711121e-05,5449,,2.778660535812378,,2.0558555126190186,,0.3653469383716583,,0.07732400298118591
,1400.0,1,9.737931395648047e-05,5499,,2.341592311859131,,2.3149783611297607,,0.3661028742790222,,0.07703680545091629
,1348.0,1,9.732414036989212e-05,5549,,1.0298703908920288,,1.6527737379074097,,0.36705002188682556,,0.0767873227596283
,1392.0,1,9.726896678330377e-05,5599,,1.7408108711242676,,1.6232181787490845,,0.36797335743904114,,0.07653003931045532
,1340.0,1,9.721379319671541e-05,5649,,1.412391185760498,,1.903386116027832,,0.36859509348869324,,0.07626412063837051
,1388.0,1,9.715861961012706e-05,5699,,2.9057562351226807,,2.20333194732666,,0.36946216225624084,,0.07604417949914932
,1336.0,1,9.710344602353871e-05,5749,,2.458098888397217,,2.194793224334717,,0.37017402052879333,,0.07582642883062363
,1360.0,1,9.704827243695036e-05,5799,,1.2524020671844482,,1.5526769161224365,,0.37109339237213135,,0.07562439888715744
,1372.0,1,9.699310612631962e-05,5849,,2.5348620414733887,,2.3400845527648926,,0.3719431459903717,,0.07545949518680573
,1372.0,1,9.693793253973126e-05,5899,,2.457735061645508,,1.9693105220794678,,0.37286463379859924,,0.07524721324443817
,1360.0,1,9.688275895314291e-05,5949,,1.924653172492981,,2.0806729793548584,,0.37343937158584595,,0.0750807374715805
,1348.0,1,9.682758536655456e-05,5999,,3.2124276161193848,,1.8949929475784302,,0.3741696774959564,,0.074888676404953
,1392.0,1,9.67724117799662e-05,6049,,0.7801187634468079,,1.3566808700561523,,0.37507572770118713,,0.07476185262203217
,1360.0,1,9.671723819337785e-05,6099,,1.29852294921875,,1.3257765769958496,,0.37594205141067505,,0.07456406205892563
,1408.0,1,9.666207188274711e-05,6149,,3.8246278762817383,,1.7105411291122437,,0.3767106235027313,,0.07438799738883972
,1380.0,1,9.660689829615876e-05,6199,,1.502568244934082,,1.5057905912399292,,0.377440869808197,,0.07424058765172958
,1388.0,1,9.655172470957041e-05,6249,,2.0450439453125,,2.1328136920928955,,0.3781447410583496,,0.07408623397350311
,1364.0,1,9.649655112298205e-05,6299,,1.9744360446929932,,1.5998038053512573,,0.3784973621368408,,0.07390259951353073
,1328.0,1,9.64413775363937e-05,6349,,1.7203782796859741,,2.1803691387176514,,0.3792904317378998,,0.07376223802566528
,1360.0,1,9.638620394980535e-05,6399,,1.19065523147583,,1.6650433540344238,,0.3799603283405304,,0.0735684484243393
,1376.0,1,9.633103763917461e-05,6449,,4.7033281326293945,,2.293766975402832,,0.3807695806026459,,0.0734175592660904
,1372.0,1,9.627586405258626e-05,6499,,1.62297523021698,,2.0632920265197754,,0.3815305233001709,,0.0732761099934578
,1368.0,1,9.62206904659979e-05,6549,,1.972908616065979,,2.2708630561828613,,0.38230371475219727,,0.07314042747020721
,1348.0,1,9.616551687940955e-05,6599,,1.2880209684371948,,2.4263646602630615,,0.38276320695877075,,0.07298284024000168
,1388.0,1,9.61103432928212e-05,6649,,1.27634859085083,,1.7017083168029785,,0.38351956009864807,,0.07287545502185822
,1348.0,1,9.605516970623285e-05,6699,,2.0213191509246826,,1.7638273239135742,,0.3842873275279999,,0.07275798171758652
,1380.0,1,9.600000339560211e-05,6749,,1.9051876068115234,,2.246709108352661,,0.384941041469574,,0.07264736294746399
,1356.0,1,9.594482980901375e-05,6799,,1.652046799659729,,1.4744011163711548,,0.38547196984291077,,0.0725305899977684
,1368.0,1,9.58896562224254e-05,6849,,2.1074140071868896,,1.635657787322998,,0.386185884475708,,0.07241010665893555
,1396.0,1,9.583448263583705e-05,6899,,4.123494625091553,,1.9645816087722778,,0.3869285583496094,,0.07228867709636688
,1416.0,1,9.57793090492487e-05,6949,,2.997502326965332,,1.9209296703338623,,0.3875013291835785,,0.07215417176485062
,1384.0,1,9.572413546266034e-05,6999,,1.7531929016113281,,2.185018301010132,,0.38813042640686035,,0.07203146815299988
,1388.0,1,9.56689691520296e-05,7049,,2.4057576656341553,,1.873192548751831,,0.38889989256858826,,0.07196558266878128
,1396.0,1,9.561379556544125e-05,7099,,1.613132119178772,,1.5349828004837036,,0.38946884870529175,,0.07181888818740845
,1336.0,1,9.55586219788529e-05,7149,,2.0901377201080322,,1.8722808361053467,,0.3901572525501251,,0.07163941115140915
,1372.0,1,9.550344839226454e-05,7199,,1.6213515996932983,,1.9665313959121704,,0.390751451253891,,0.07153160870075226
,1384.0,1,9.544827480567619e-05,7249,,1.894553303718567,,2.43709659576416,,0.3913751244544983,,0.07141216844320297
,1352.0,1,9.539310121908784e-05,7299,,2.7643864154815674,,1.3655163049697876,,0.39209046959877014,,0.07131943106651306
,1392.0,1,9.533792763249949e-05,7349,,2.0694448947906494,,1.9110596179962158,,0.39265915751457214,,0.07121240347623825
,1400.0,1,9.528276132186875e-05,7399,,2.5156338214874268,,2.0136990547180176,,0.39327943325042725,,0.07114415615797043
,1376.0,1,9.52275877352804e-05,7449,,1.9077874422073364,,1.6214429140090942,,0.3938755393028259,,0.07102755457162857
,1392.0,1,9.517241414869204e-05,7499,,2.6879920959472656,,2.0917792320251465,,0.3943727910518646,,0.07093723863363266
,1316.0,1,9.511724056210369e-05,7549,,2.685178279876709,,2.258981227874756,,0.3949570655822754,,0.07085582613945007
,1364.0,1,9.506206697551534e-05,7599,,1.0019303560256958,,1.958848476409912,,0.39554154872894287,,0.07077356427907944
,1368.0,1,9.500689338892698e-05,7649,,1.4300007820129395,,1.5651310682296753,,0.3961927592754364,,0.07067376375198364
,1364.0,1,9.495172707829624e-05,7699,,1.2710808515548706,,1.6203488111495972,,0.39678654074668884,,0.07056175917387009
,1348.0,1,9.489655349170789e-05,7749,,2.722769021987915,,2.472363233566284,,0.39730364084243774,,0.07044325023889542
,1388.0,1,9.484137990511954e-05,7799,,1.240108847618103,,1.676550269126892,,0.3978305160999298,,0.07034184783697128
,1368.0,1,9.478620631853119e-05,7849,,2.3405818939208984,,2.1620001792907715,,0.39835694432258606,,0.07023271173238754
,1332.0,1,9.473103273194283e-05,7899,,2.713576078414917,,2.1459076404571533,,0.3988708257675171,,0.0701587125658989
,1380.0,1,9.467585914535448e-05,7949,,1.9157719612121582,,1.8143919706344604,,0.39938807487487793,,0.07008669525384903
,1376.0,1,9.462069283472374e-05,7999,,1.1625261306762695,,1.76124107837677,,0.3998764455318451,,0.07002817839384079
,1372.0,1,9.456551924813539e-05,8049,,2.3983120918273926,,1.6351763010025024,,0.400493860244751,,0.06995273381471634
,1368.0,1,9.451034566154703e-05,8099,,1.7190994024276733,,1.6587053537368774,,0.40108010172843933,,0.06986282020807266
,1392.0,1,9.445517207495868e-05,8149,,4.002231121063232,,2.261899471282959,,0.4015841782093048,,0.06982060521841049
,1388.0,1,9.439999848837033e-05,8199,,1.2720215320587158,,2.0182015895843506,,0.4020698666572571,,0.06975632160902023
,1368.0,1,9.434482490178198e-05,8249,,1.0763678550720215,,1.7628151178359985,,0.4025226831436157,,0.06967727839946747
,1392.0,1,9.428965859115124e-05,8299,,1.30506432056427,,1.7710742950439453,,0.4030727446079254,,0.06958547979593277
,1372.0,1,9.423448500456288e-05,8349,,1.0727661848068237,,1.7164454460144043,,0.40366116166114807,,0.06949928402900696
,1384.0,1,9.417931141797453e-05,8399,,1.216827630996704,,1.6267451047897339,,0.40427958965301514,,0.06942951679229736
,1384.0,1,9.412413783138618e-05,8449,,2.2685914039611816,,2.0230560302734375,,0.40471330285072327,,0.06934282928705215
,1388.0,1,9.406896424479783e-05,8499,,1.9338326454162598,,1.7961955070495605,,0.4052926301956177,,0.06931395828723907
,1380.0,1,9.401379065820947e-05,8549,,2.526089906692505,,2.2942612171173096,,0.4057711064815521,,0.06924804300069809
,1376.0,1,9.395861707162112e-05,8599,,1.568483591079712,,1.7504273653030396,,0.40627023577690125,,0.06922432035207748
,1368.0,1,9.390345076099038e-05,8649,,2.0223305225372314,,1.7618138790130615,,0.40682414174079895,,0.06918147206306458
,1368.0,1,9.384827717440203e-05,8699,,2.076035737991333,,1.7840253114700317,,0.40727800130844116,,0.06914914399385452
,1352.0,1,9.379310358781368e-05,8749,,1.7665377855300903,,1.7931623458862305,,0.40779876708984375,,0.06908608973026276
,1344.0,1,9.373793000122532e-05,8799,,3.158005952835083,,2.1591732501983643,,0.40824323892593384,,0.06902976334095001
,1368.0,1,9.368275641463697e-05,8849,,0.7666634917259216,,1.3501167297363281,,0.40863004326820374,,0.06898733973503113
,1348.0,1,9.362758282804862e-05,8899,,2.3607449531555176,,1.7723203897476196,,0.40918007493019104,,0.068973109126091
,1364.0,1,9.357241651741788e-05,8949,,1.7032244205474854,,2.092254638671875,,0.40971484780311584,,0.0689527839422226
,1380.0,1,9.351724293082952e-05,8999,,2.132371187210083,,1.952222228050232,,0.4101964831352234,,0.06892278045415878
,1388.0,1,9.346206934424117e-05,9049,,2.0196075439453125,,1.5769827365875244,,0.4107041358947754,,0.06888407468795776
,1372.0,1,9.340689575765282e-05,9099,,1.5956984758377075,,1.8206788301467896,,0.4111764132976532,,0.06885582953691483
,1344.0,1,9.335172217106447e-05,9149,,1.245928406715393,,1.6598278284072876,,0.4118507504463196,,0.06884444504976273
,1372.0,1,9.329654858447611e-05,9199,,2.5570902824401855,,1.3516329526901245,,0.41230472922325134,,0.06881836801767349
,1376.0,1,9.324138227384537e-05,9249,,3.2115938663482666,,1.9102150201797485,,0.4127393960952759,,0.06876213103532791
,1380.0,1,9.318620868725702e-05,9299,,1.097606897354126,,1.4489632844924927,,0.41320982575416565,,0.06873058527708054
,1380.0,1,9.313103510066867e-05,9349,,1.091327428817749,,1.4749351739883423,,0.41370660066604614,,0.06870591640472412
,1336.0,1,9.307586151408032e-05,9399,,2.2339367866516113,,1.3151521682739258,,0.41422203183174133,,0.06868351995944977
,1388.0,1,9.302068792749196e-05,9449,,3.227435350418091,,2.028078317642212,,0.4146678149700165,,0.0686655342578888
,1380.0,1,9.296551434090361e-05,9499,,0.7423111796379089,,1.3288651704788208,,0.4150317907333374,,0.06862728297710419
,1388.0,1,9.291034803027287e-05,9549,,2.635071277618408,,1.8033220767974854,,0.41551473736763,,0.06859785318374634
,1300.0,1,9.285517444368452e-05,9599,,2.3503260612487793,,1.7221052646636963,,0.4160068929195404,,0.06856004893779755
,1332.0,1,9.280000085709617e-05,9649,,1.9977893829345703,,1.7248787879943848,,0.41646620631217957,,0.06851440668106079
,1408.0,1,9.274482727050781e-05,9699,,1.6086400747299194,,1.7206141948699951,,0.4169962704181671,,0.06848543137311935
,1312.0,1,9.268965368391946e-05,9749,,0.9780448079109192,,1.4021563529968262,,0.417506605386734,,0.06845570355653763
,1344.0,1,9.26344800973311e-05,9799,,2.0942068099975586,,1.7545057535171509,,0.4179805815219879,,0.06842736899852753
,1360.0,1,9.257931378670037e-05,9849,,1.7421544790267944,,1.6398165225982666,,0.4183856248855591,,0.06841714680194855
,1320.0,1,9.252414020011202e-05,9899,,2.548375129699707,,1.7439457178115845,,0.41887179017066956,,0.06839978694915771
,1376.0,1,9.246896661352366e-05,9949,,2.668776512145996,,1.8541233539581299,,0.4193522334098816,,0.06838644295930862
,1348.0,1,9.241379302693531e-05,9999,,4.907392501831055,,2.0146985054016113,,0.419755756855011,,0.06837113946676254
,1380.0,1,9.235861944034696e-05,10049,,1.8031576871871948,,1.5361301898956299,,0.4202502965927124,,0.0683479830622673
,1368.0,1,9.23034458537586e-05,10099,,2.334367275238037,,1.4620580673217773,,0.42072394490242004,,0.06831822544336319
,1332.0,1,9.224827226717025e-05,10149,,2.2713451385498047,,1.613339900970459,,0.4211762249469757,,0.06830888986587524
,1364.0,1,9.219310595653951e-05,10199,,1.7369825839996338,,1.8890870809555054,,0.421568363904953,,0.06829603016376495
,1392.0,1,9.213793236995116e-05,10249,,3.01798677444458,,2.0071938037872314,,0.4219329357147217,,0.06826447695493698
,1372.0,1,9.20827587833628e-05,10299,,1.2790660858154297,,1.5747387409210205,,0.42240187525749207,,0.06822949647903442
,1384.0,1,9.202758519677445e-05,10349,,0.5903863906860352,,0.9377457499504089,,0.42273736000061035,,0.06821110099554062
,1384.0,1,9.19724116101861e-05,10399,,1.7264198064804077,,1.3057711124420166,,0.4231294095516205,,0.06818240135908127
1366.1527099609375,,1,,10407,1.8364113569259644,,1.783017635345459,,0.39601901173591614,,0.07132129371166229,
,1372.0,2,9.191723802359775e-05,10449,,1.6137274503707886,,2.0109312534332275,,0.4234776198863983,,0.06816741824150085
,1344.0,2,9.186207171296701e-05,10499,,1.0013786554336548,,1.6096315383911133,,0.4239235818386078,,0.06817027926445007
,1356.0,2,9.180689812637866e-05,10549,,1.0850073099136353,,1.3888278007507324,,0.4242784082889557,,0.06817418336868286
,1344.0,2,9.17517245397903e-05,10599,,1.1309953927993774,,1.3788203001022339,,0.42467278242111206,,0.0681668221950531
,1352.0,2,9.169655095320195e-05,10649,,1.5493707656860352,,1.6675931215286255,,0.42511940002441406,,0.06817426532506943
,1316.0,2,9.16413773666136e-05,10699,,2.2986388206481934,,1.7307928800582886,,0.4255666732788086,,0.0681927278637886
,1316.0,2,9.158620378002524e-05,10749,,2.25213885307312,,2.2703745365142822,,0.4259042739868164,,0.06818851828575134
,1380.0,2,9.15310374693945e-05,10799,,0.8362606167793274,,1.1470330953598022,,0.42628687620162964,,0.06818349659442902
,1368.0,2,9.147586388280615e-05,10849,,1.3860024213790894,,1.3431061506271362,,0.42665964365005493,,0.06820125132799149
,1356.0,2,9.14206902962178e-05,10899,,1.4967271089553833,,1.524391770362854,,0.4271116554737091,,0.06821364909410477
,1360.0,2,9.136551670962945e-05,10949,,1.043778896331787,,1.1525888442993164,,0.4275303781032562,,0.06822274625301361
,1384.0,2,9.13103431230411e-05,10999,,1.2985448837280273,,1.6059563159942627,,0.4279578626155853,,0.06821747869253159
,1360.0,2,9.125516953645274e-05,11049,,1.243677020072937,,1.8425250053405762,,0.4284299612045288,,0.06823811680078506
,1364.0,2,9.1200003225822e-05,11099,,1.159495234489441,,1.3994433879852295,,0.4287983477115631,,0.068242147564888
,1368.0,2,9.114482963923365e-05,11149,,1.9322190284729004,,1.578385591506958,,0.42915570735931396,,0.06823518127202988
,1348.0,2,9.10896560526453e-05,11199,,1.1068365573883057,,1.3155659437179565,,0.4295625686645508,,0.06825694441795349
,1336.0,2,9.103448246605694e-05,11249,,1.1685270071029663,,1.3559167385101318,,0.42999881505966187,,0.06825429946184158
,1328.0,2,9.097930887946859e-05,11299,,1.4362974166870117,,1.9913356304168701,,0.4303121566772461,,0.06826207041740417
,1404.0,2,9.092413529288024e-05,11349,,3.3313817977905273,,1.9866958856582642,,0.43068158626556396,,0.06828097999095917
,1340.0,2,9.08689689822495e-05,11399,,1.8123821020126343,,1.680723786354065,,0.4311002790927887,,0.06828318536281586
,1392.0,2,9.081379539566115e-05,11449,,2.611581563949585,,1.8474935293197632,,0.43155890703201294,,0.06830260902643204
,1396.0,2,9.075862180907279e-05,11499,,0.7507189512252808,,1.4282746315002441,,0.4319182336330414,,0.06830843538045883
,1344.0,2,9.070344822248444e-05,11549,,2.551358938217163,,1.7676512002944946,,0.4322923421859741,,0.06832092255353928
,1348.0,2,9.064827463589609e-05,11599,,1.404660701751709,,1.9414080381393433,,0.4327130615711212,,0.06833543628454208
,1352.0,2,9.059310104930773e-05,11649,,2.4875872135162354,,1.5110453367233276,,0.4331204295158386,,0.06834595650434494
,1388.0,2,9.053792746271938e-05,11699,,1.9808489084243774,,1.7210756540298462,,0.4334695041179657,,0.06835801899433136
,1396.0,2,9.048276115208864e-05,11749,,1.026562213897705,,1.5632506608963013,,0.4339340925216675,,0.06835965067148209
,1400.0,2,9.042758756550029e-05,11799,,1.4564149379730225,,1.0506914854049683,,0.43434613943099976,,0.06836049258708954
,1396.0,2,9.037241397891194e-05,11849,,1.4563909769058228,,1.381621241569519,,0.43473803997039795,,0.06836526840925217
,1340.0,2,9.031724039232358e-05,11899,,1.531530499458313,,1.5525509119033813,,0.4350782036781311,,0.06836206465959549
,1392.0,2,9.026206680573523e-05,11949,,1.1900042295455933,,1.6012792587280273,,0.43547844886779785,,0.06836075335741043
,1372.0,2,9.020689321914688e-05,11999,,2.1832330226898193,,1.5414750576019287,,0.43582484126091003,,0.06836765259504318
,1368.0,2,9.015172690851614e-05,12049,,1.5088938474655151,,1.442765474319458,,0.43623408675193787,,0.06835559010505676
,1392.0,2,9.009655332192779e-05,12099,,1.9680289030075073,,1.8390487432479858,,0.43653684854507446,,0.06838051974773407
,1364.0,2,9.004137973533943e-05,12149,,2.0183608531951904,,1.7659077644348145,,0.43688997626304626,,0.0684208795428276
,1372.0,2,8.998620614875108e-05,12199,,1.4392787218093872,,1.8087433576583862,,0.43726593255996704,,0.06845580786466599
,1372.0,2,8.993103256216273e-05,12249,,1.91730797290802,,1.6746649742126465,,0.437698096036911,,0.06848039478063583
,1332.0,2,8.987585897557437e-05,12299,,1.4706319570541382,,1.5639771223068237,,0.438025563955307,,0.06850717961788177
,1376.0,2,8.982069266494364e-05,12349,,1.7494932413101196,,1.3889409303665161,,0.43840670585632324,,0.06851965934038162
,1312.0,2,8.976551907835528e-05,12399,,2.2856059074401855,,1.4639828205108643,,0.43879979848861694,,0.0685366839170456
,1364.0,2,8.971034549176693e-05,12449,,1.266329050064087,,1.4074817895889282,,0.43920058012008667,,0.06856964528560638
,1376.0,2,8.965517190517858e-05,12499,,1.4398744106292725,,1.1402928829193115,,0.4395263195037842,,0.06861364096403122
,1372.0,2,8.959999831859022e-05,12549,,1.8886523246765137,,1.9969779253005981,,0.43989381194114685,,0.06863479316234589
,1344.0,2,8.954482473200187e-05,12599,,1.6865686178207397,,1.6854918003082275,,0.44026049971580505,,0.06863906234502792
,1384.0,2,8.948965842137113e-05,12649,,1.712355613708496,,1.6399469375610352,,0.4406338334083557,,0.06866899877786636
,1348.0,2,8.943448483478278e-05,12699,,1.161557674407959,,1.4553778171539307,,0.44090038537979126,,0.0687015950679779
,1368.0,2,8.937931124819443e-05,12749,,2.080854654312134,,1.287114143371582,,0.44113507866859436,,0.06871984899044037
,1364.0,2,8.932413766160607e-05,12799,,1.8943381309509277,,2.1097874641418457,,0.44146817922592163,,0.06872545182704926
,1352.0,2,8.926896407501772e-05,12849,,1.3296635150909424,,1.6047489643096924,,0.4417441785335541,,0.06875011324882507
,1376.0,2,8.921379048842937e-05,12899,,1.1462422609329224,,1.3087822198867798,,0.4421136975288391,,0.06877364963293076
,1404.0,2,8.915862417779863e-05,12949,,1.6038250923156738,,2.007309675216675,,0.44238924980163574,,0.06879966706037521
,1396.0,2,8.910345059121028e-05,12999,,3.042187213897705,,1.8357112407684326,,0.4427341818809509,,0.06880414485931396
,1380.0,2,8.904827700462192e-05,13049,,1.0490299463272095,,1.302100419998169,,0.4430755376815796,,0.06882476061582565
,1332.0,2,8.899310341803357e-05,13099,,1.479127049446106,,1.4767903089523315,,0.44338423013687134,,0.06884434819221497
,1376.0,2,8.893792983144522e-05,13149,,1.5445911884307861,,1.5641082525253296,,0.44370079040527344,,0.06887613236904144
,1356.0,2,8.888275624485686e-05,13199,,2.3787147998809814,,1.8297948837280273,,0.4439929127693176,,0.06889710575342178
,1324.0,2,8.882758265826851e-05,13249,,1.7325044870376587,,1.6359418630599976,,0.4443055987358093,,0.06893116235733032
,1356.0,2,8.877241634763777e-05,13299,,2.2790417671203613,,1.6630096435546875,,0.4446779787540436,,0.06896734982728958
,1380.0,2,8.871724276104942e-05,13349,,1.884691834449768,,1.6872755289077759,,0.44498366117477417,,0.06901196390390396
,1336.0,2,8.866206917446107e-05,13399,,1.9322527647018433,,1.9022185802459717,,0.44524645805358887,,0.0690411925315857
,1344.0,2,8.860689558787271e-05,13449,,1.983383059501648,,1.6383098363876343,,0.4455645680427551,,0.06905762851238251
,1360.0,2,8.855172200128436e-05,13499,,1.634018063545227,,1.5232019424438477,,0.44590985774993896,,0.0690932348370552
,1380.0,2,8.849654841469601e-05,13549,,2.9635210037231445,,1.4643127918243408,,0.44623395800590515,,0.06912514567375183
,1356.0,2,8.844138210406527e-05,13599,,0.8529255390167236,,0.8238824009895325,,0.44661784172058105,,0.06914924830198288
,1356.0,2,8.838620851747692e-05,13649,,0.8245834708213806,,1.0586189031600952,,0.44696566462516785,,0.06917595118284225
,1356.0,2,8.833103493088856e-05,13699,,1.4901649951934814,,1.7088954448699951,,0.4472782611846924,,0.06917346268892288
,1372.0,2,8.827586134430021e-05,13749,,1.688125729560852,,1.562082052230835,,0.4475744068622589,,0.06920012086629868
,1392.0,2,8.822068775771186e-05,13799,,2.1567230224609375,,1.7890198230743408,,0.44790226221084595,,0.06921602040529251
,1332.0,2,8.81655141711235e-05,13849,,1.542321801185608,,1.8700230121612549,,0.4481741487979889,,0.06922830641269684
,1364.0,2,8.811034786049277e-05,13899,,1.6978793144226074,,1.809122085571289,,0.44843289256095886,,0.0692598968744278
,1392.0,2,8.805517427390441e-05,13949,,1.7926290035247803,,1.4102058410644531,,0.448758065700531,,0.06928033381700516
,1364.0,2,8.800000068731606e-05,13999,,2.0634541511535645,,1.719826102256775,,0.44915536046028137,,0.06929600983858109
,1388.0,2,8.794482710072771e-05,14049,,1.2229160070419312,,1.3799896240234375,,0.4494524896144867,,0.06932131946086884
,1384.0,2,8.788965351413935e-05,14099,,0.8636435270309448,,1.1295909881591797,,0.44981396198272705,,0.06934276968240738
,1348.0,2,8.7834479927551e-05,14149,,1.6972370147705078,,1.6520713567733765,,0.4500913918018341,,0.06937865167856216
,1368.0,2,8.777931361692026e-05,14199,,1.5528970956802368,,1.6517555713653564,,0.45043665170669556,,0.06940437853336334
,1376.0,2,8.772414003033191e-05,14249,,1.5591384172439575,,1.5219672918319702,,0.4507778584957123,,0.0694425106048584
,1376.0,2,8.766896644374356e-05,14299,,1.8438128232955933,,1.632799506187439,,0.451069176197052,,0.06947282701730728
,1372.0,2,8.76137928571552e-05,14349,,1.8692392110824585,,1.4766939878463745,,0.4513542056083679,,0.06950835883617401
,1376.0,2,8.755861927056685e-05,14399,,1.401123046875,,1.4360843896865845,,0.4516180455684662,,0.06955458223819733
,1392.0,2,8.75034456839785e-05,14449,,2.2167043685913086,,1.4024072885513306,,0.4518927037715912,,0.06958601623773575
,1380.0,2,8.744827937334776e-05,14499,,2.6695001125335693,,2.058506965637207,,0.45224761962890625,,0.06962714344263077
,1368.0,2,8.73931057867594e-05,14549,,1.3696051836013794,,1.2128828763961792,,0.45248696208000183,,0.06966745108366013
,1380.0,2,8.733793220017105e-05,14599,,3.160341262817383,,1.6970864534378052,,0.45282846689224243,,0.06968967616558075
,1380.0,2,8.72827586135827e-05,14649,,1.911474347114563,,1.5373191833496094,,0.4531816840171814,,0.0697353184223175
,1348.0,2,8.722758502699435e-05,14699,,1.0967704057693481,,1.678782343864441,,0.4534892141819,,0.06975355744361877
,1380.0,2,8.7172411440406e-05,14749,,1.1708801984786987,,1.248511791229248,,0.4537840485572815,,0.06979956477880478
,1356.0,2,8.711723785381764e-05,14799,,1.9134224653244019,,1.006500005722046,,0.4540724754333496,,0.06985601782798767
,1328.0,2,8.70620715431869e-05,14849,,1.4315733909606934,,1.5963674783706665,,0.4543992877006531,,0.06992065906524658
,1384.0,2,8.700689795659855e-05,14899,,1.4449949264526367,,1.3048758506774902,,0.45468053221702576,,0.06996249407529831
,1328.0,2,8.69517243700102e-05,14949,,1.729441523551941,,1.6639404296875,,0.4549417793750763,,0.06999430805444717
,1364.0,2,8.689655078342184e-05,14999,,1.3047178983688354,,1.3211547136306763,,0.4552339017391205,,0.07005918771028519
,1360.0,2,8.684137719683349e-05,15049,,1.444725513458252,,1.2996143102645874,,0.4555695056915283,,0.07008842378854752
,1388.0,2,8.678620361024514e-05,15099,,2.1027426719665527,,1.7254016399383545,,0.45580458641052246,,0.07012509554624557
,1384.0,2,8.67310372996144e-05,15149,,2.0787665843963623,,1.2509483098983765,,0.4561904966831207,,0.0701434463262558
,1352.0,2,8.667586371302605e-05,15199,,1.9510613679885864,,1.7349032163619995,,0.45648691058158875,,0.07018295675516129
,1376.0,2,8.66206901264377e-05,15249,,1.6471432447433472,,1.6714967489242554,,0.4567943811416626,,0.07024117559194565
,1388.0,2,8.656551653984934e-05,15299,,1.5649529695510864,,1.6080029010772705,,0.45707792043685913,,0.07028353959321976
,1372.0,2,8.651034295326099e-05,15349,,1.2584278583526611,,1.2805629968643188,,0.4573672115802765,,0.0703253224492073
,1356.0,2,8.645516936667264e-05,15399,,1.210602879524231,,1.2749905586242676,,0.45763665437698364,,0.0703728049993515
,1376.0,2,8.64000030560419e-05,15449,,2.3326921463012695,,1.7838690280914307,,0.457880437374115,,0.07042192667722702
,1360.0,2,8.634482946945354e-05,15499,,1.2588303089141846,,1.2956160306930542,,0.4582076668739319,,0.0704508125782013
,1368.0,2,8.628965588286519e-05,15549,,1.299553632736206,,1.0480842590332031,,0.4584255814552307,,0.07048618048429489
,1372.0,2,8.623448229627684e-05,15599,,1.902807354927063,,1.8581453561782837,,0.45869019627571106,,0.07053939998149872
1365.9970703125,,2,,15611,1.7101761102676392,,1.5674470663070679,,0.44219422340393066,,0.06898330897092819,
,1388.0,3,8.617930870968848e-05,15649,,1.9721317291259766,,1.6914048194885254,,0.45903265476226807,,0.07057924568653107
,1380.0,3,8.612413512310013e-05,15699,,1.8987833261489868,,1.5708253383636475,,0.45935067534446716,,0.07061201333999634
,1352.0,3,8.606896881246939e-05,15749,,2.395505905151367,,1.8337644338607788,,0.4596225321292877,,0.07063645124435425
,1348.0,3,8.601379522588104e-05,15799,,0.7888801693916321,,0.972951352596283,,0.4598677158355713,,0.07068444043397903
,1368.0,3,8.595862163929269e-05,15849,,1.8328139781951904,,1.3813105821609497,,0.46014904975891113,,0.07072601467370987
,1392.0,3,8.590344805270433e-05,15899,,2.1600136756896973,,1.5960748195648193,,0.46044373512268066,,0.07074198126792908
,1340.0,3,8.584827446611598e-05,15949,,1.739006519317627,,1.513395071029663,,0.460653692483902,,0.07076580822467804
,1352.0,3,8.579310087952763e-05,15999,,2.213923931121826,,1.5628201961517334,,0.4609318673610687,,0.07078416645526886
,1340.0,3,8.573793456889689e-05,16049,,1.5435041189193726,,1.4945539236068726,,0.4611722528934479,,0.07080981135368347
,1384.0,3,8.568276098230854e-05,16099,,1.5208340883255005,,1.5997586250305176,,0.4614393413066864,,0.07084523886442184
,1364.0,3,8.562758739572018e-05,16149,,2.063786268234253,,1.522293210029602,,0.4616987705230713,,0.0708717629313469
,1340.0,3,8.557241380913183e-05,16199,,2.0159928798675537,,1.3171545267105103,,0.4619714319705963,,0.07090828567743301
,1348.0,3,8.551724022254348e-05,16249,,1.3380135297775269,,1.3786991834640503,,0.46224215626716614,,0.07093732059001923
,1340.0,3,8.546206663595513e-05,16299,,1.7316668033599854,,1.378130316734314,,0.4625149667263031,,0.07096923142671585
,1344.0,3,8.540689304936677e-05,16349,,1.45780348777771,,1.4240473508834839,,0.4627823829650879,,0.07098889350891113
,1336.0,3,8.535172673873603e-05,16399,,1.305864691734314,,1.258686900138855,,0.4630274176597595,,0.07101789116859436
,1404.0,3,8.529655315214768e-05,16449,,1.7768776416778564,,1.5774129629135132,,0.46328550577163696,,0.07105044275522232
,1376.0,3,8.524137956555933e-05,16499,,1.4141302108764648,,1.4278572797775269,,0.46350613236427307,,0.07109054923057556
,1360.0,3,8.518620597897097e-05,16549,,2.1617681980133057,,1.4009771347045898,,0.46379590034484863,,0.07110633701086044
,1340.0,3,8.513103239238262e-05,16599,,1.446047306060791,,1.3178660869598389,,0.46409133076667786,,0.07112717628479004
,1376.0,3,8.507585880579427e-05,16649,,3.564822196960449,,1.9899051189422607,,0.46436357498168945,,0.0711454227566719
,1360.0,3,8.502069249516353e-05,16699,,2.311206102371216,,1.251034140586853,,0.4645785689353943,,0.0711752325296402
,1352.0,3,8.496551890857518e-05,16749,,2.611132860183716,,1.4536967277526855,,0.46482980251312256,,0.07120873034000397
,1384.0,3,8.491034532198682e-05,16799,,2.9871864318847656,,1.5424926280975342,,0.4651310443878174,,0.07123594731092453
,1380.0,3,8.485517173539847e-05,16849,,1.9180374145507812,,1.604108452796936,,0.4653669595718384,,0.07127635180950165
,1344.0,3,8.479999814881012e-05,16899,,1.569027304649353,,1.7031080722808838,,0.4656373858451843,,0.07131074368953705
,1368.0,3,8.474482456222177e-05,16949,,1.8155937194824219,,1.8720158338546753,,0.46585971117019653,,0.0713566392660141
,1372.0,3,8.468965825159103e-05,16999,,1.273233413696289,,1.1780847311019897,,0.4661378860473633,,0.07137945294380188
,1368.0,3,8.463448466500267e-05,17049,,1.8153613805770874,,1.7185806035995483,,0.4663390815258026,,0.07141746580600739
,1332.0,3,8.457931107841432e-05,17099,,1.7609424591064453,,1.6768499612808228,,0.4665859043598175,,0.07146292179822922
,1380.0,3,8.452413749182597e-05,17149,,1.6700387001037598,,1.6262520551681519,,0.46683594584465027,,0.07149948179721832
,1380.0,3,8.446896390523762e-05,17199,,2.0023045539855957,,1.66692054271698,,0.4670799672603607,,0.07154534012079239
,1336.0,3,8.441379031864926e-05,17249,,1.8904902935028076,,1.2444016933441162,,0.4672723114490509,,0.07158409059047699
,1364.0,3,8.435862400801852e-05,17299,,3.234100818634033,,1.7293580770492554,,0.467505544424057,,0.07162225246429443
,1364.0,3,8.430345042143017e-05,17349,,1.5947940349578857,,1.3290199041366577,,0.4677247405052185,,0.07164304703474045
,1396.0,3,8.424827683484182e-05,17399,,1.9571020603179932,,1.5047974586486816,,0.4679851531982422,,0.07166209816932678
,1380.0,3,8.419310324825346e-05,17449,,1.705517053604126,,1.2246235609054565,,0.46823638677597046,,0.07169736176729202
,1364.0,3,8.413792966166511e-05,17499,,2.4658687114715576,,1.7349299192428589,,0.46845394372940063,,0.07173304259777069
,1364.0,3,8.408275607507676e-05,17549,,2.05389142036438,,1.7692277431488037,,0.4687024652957916,,0.0717664435505867
,1396.0,3,8.402758976444602e-05,17599,,2.3856844902038574,,1.6770342588424683,,0.4689197540283203,,0.07180900871753693
,1372.0,3,8.397241617785767e-05,17649,,2.1501355171203613,,1.3890631198883057,,0.4691549241542816,,0.07182390242815018
,1344.0,3,8.391724259126931e-05,17699,,1.4519197940826416,,1.28206467628479,,0.46938180923461914,,0.07184872776269913
,1360.0,3,8.386206900468096e-05,17749,,1.8779455423355103,,1.4835439920425415,,0.46962741017341614,,0.07186555862426758
,1368.0,3,8.380689541809261e-05,17799,,1.5947142839431763,,1.317224383354187,,0.469899445772171,,0.07189349830150604
,1392.0,3,8.375172183150426e-05,17849,,2.6393630504608154,,1.8070533275604248,,0.4700981676578522,,0.07193028181791306
,1368.0,3,8.36965482449159e-05,17899,,1.9882276058197021,,1.7036168575286865,,0.47030067443847656,,0.071962371468544
,1356.0,3,8.364138193428516e-05,17949,,1.9754782915115356,,1.5389186143875122,,0.47054603695869446,,0.07198315858840942
,1348.0,3,8.358620834769681e-05,17999,,2.0311439037323,,1.5564285516738892,,0.4708041250705719,,0.07201018184423447
,1364.0,3,8.353103476110846e-05,18049,,3.4478261470794678,,1.963381052017212,,0.47099947929382324,,0.07204536348581314
,1376.0,3,8.34758611745201e-05,18099,,1.5561132431030273,,1.2891556024551392,,0.4712426960468292,,0.07208260148763657
,1348.0,3,8.342068758793175e-05,18149,,2.338392496109009,,1.5545881986618042,,0.47147950530052185,,0.07211943715810776
,1384.0,3,8.33655140013434e-05,18199,,2.5869715213775635,,1.400151014328003,,0.4717619717121124,,0.07213594019412994
,1344.0,3,8.331034769071266e-05,18249,,1.5799272060394287,,1.5054762363433838,,0.47200286388397217,,0.07217695564031601
,1360.0,3,8.325517410412431e-05,18299,,1.918243169784546,,1.674255132675171,,0.4721943438053131,,0.07220222055912018
,1368.0,3,8.320000051753595e-05,18349,,2.596099376678467,,1.3260726928710938,,0.47246289253234863,,0.0722288265824318
,1340.0,3,8.31448269309476e-05,18399,,2.437476873397827,,1.8053040504455566,,0.47263774275779724,,0.07226847857236862
,1376.0,3,8.308965334435925e-05,18449,,1.3689467906951904,,1.2082871198654175,,0.472898930311203,,0.07229724526405334
,1348.0,3,8.30344797577709e-05,18499,,2.0986011028289795,,1.3762788772583008,,0.47311335802078247,,0.07233553379774094
,1372.0,3,8.297931344714016e-05,18549,,1.8560118675231934,,1.5433602333068848,,0.4733556807041168,,0.07236721366643906
,1412.0,3,8.29241398605518e-05,18599,,1.7900974750518799,,1.3974967002868652,,0.47354745864868164,,0.07241281121969223
,1388.0,3,8.286896627396345e-05,18649,,2.315260648727417,,1.596766710281372,,0.47377699613571167,,0.07245811820030212
,1384.0,3,8.28137926873751e-05,18699,,1.875424861907959,,1.3259328603744507,,0.4740258455276489,,0.07249365746974945
,1360.0,3,8.275861910078675e-05,18749,,2.1630606651306152,,1.5003416538238525,,0.47423169016838074,,0.07252702116966248
,1360.0,3,8.270344551419839e-05,18799,,1.812792420387268,,1.6225090026855469,,0.4744328260421753,,0.07254822552204132
,1368.0,3,8.264827920356765e-05,18849,,2.086390495300293,,1.7702124118804932,,0.47465312480926514,,0.07256660610437393
,1380.0,3,8.25931056169793e-05,18899,,1.7146168947219849,,1.2479362487792969,,0.4748523235321045,,0.0725909024477005
,1380.0,3,8.253793203039095e-05,18949,,2.2837026119232178,,1.308924674987793,,0.47507405281066895,,0.07262961566448212
,1384.0,3,8.24827584438026e-05,18999,,1.6646158695220947,,1.4851795434951782,,0.4752589464187622,,0.07267782092094421
,1384.0,3,8.242758485721424e-05,19049,,1.8049284219741821,,1.5187565088272095,,0.4754860997200012,,0.07271072268486023
,1364.0,3,8.237241127062589e-05,19099,,1.6927424669265747,,1.218819260597229,,0.47572702169418335,,0.07276315242052078
,1376.0,3,8.231724495999515e-05,19149,,1.825705885887146,,1.6949193477630615,,0.47598788142204285,,0.07280486077070236
,1376.0,3,8.22620713734068e-05,19199,,2.5534703731536865,,1.665508508682251,,0.47623497247695923,,0.0728464350104332
,1400.0,3,8.220689778681844e-05,19249,,1.7236700057983398,,1.3765217065811157,,0.47643572092056274,,0.07287760078907013
,1356.0,3,8.215172420023009e-05,19299,,2.7672293186187744,,1.6788146495819092,,0.47668492794036865,,0.07289214432239532
,1360.0,3,8.209655061364174e-05,19349,,2.2726190090179443,,1.4821455478668213,,0.4769199788570404,,0.07292188704013824
,1384.0,3,8.204137702705339e-05,19399,,1.801270842552185,,1.4962502717971802,,0.47715461254119873,,0.0729542002081871
,1392.0,3,8.198620344046503e-05,19449,,2.456171751022339,,1.5934823751449585,,0.47736576199531555,,0.07298175245523453
,1376.0,3,8.19310371298343e-05,19499,,1.5595109462738037,,1.2947372198104858,,0.4775838553905487,,0.07300262153148651
,1348.0,3,8.187586354324594e-05,19549,,1.6041467189788818,,1.2191581726074219,,0.47780248522758484,,0.07302340865135193
,1348.0,3,8.182068995665759e-05,19599,,1.3753461837768555,,1.1444964408874512,,0.4780087471008301,,0.07304370403289795
,1364.0,3,8.176551637006924e-05,19649,,1.7597846984863281,,1.1266993284225464,,0.47819754481315613,,0.07307905703783035
,1376.0,3,8.171034278348088e-05,19699,,1.965924859046936,,1.5442047119140625,,0.47839733958244324,,0.07313716411590576
,1336.0,3,8.165516919689253e-05,19749,,2.0582082271575928,,1.5177371501922607,,0.47860488295555115,,0.07319197058677673
,1368.0,3,8.160000288626179e-05,19799,,2.6840226650238037,,1.6313444375991821,,0.47877249121665955,,0.0732375904917717
,1380.0,3,8.154482929967344e-05,19849,,1.9551739692687988,,1.6245545148849487,,0.47894397377967834,,0.07328040152788162
,1400.0,3,8.148965571308509e-05,19899,,2.4809319972991943,,1.5720535516738892,,0.4791341722011566,,0.07331524789333344
,1368.0,3,8.143448212649673e-05,19949,,1.6080372333526611,,1.101274847984314,,0.4793652296066284,,0.07334613054990768
,1364.0,3,8.137930853990838e-05,19999,,2.7286949157714844,,1.4229693412780762,,0.4795796275138855,,0.07338542491197586
,1344.0,3,8.132413495332003e-05,20049,,2.8980414867401123,,1.463049292564392,,0.4798261523246765,,0.07341492176055908
,1340.0,3,8.126896864268929e-05,20099,,3.2013742923736572,,1.4452530145645142,,0.48000943660736084,,0.07347691804170609
,1356.0,3,8.121379505610093e-05,20149,,3.071739673614502,,1.7744895219802856,,0.48019516468048096,,0.07354635000228882
,1348.0,3,8.115862146951258e-05,20199,,1.9195857048034668,,1.2094396352767944,,0.4803870916366577,,0.0735732913017273
,1356.0,3,8.110344788292423e-05,20249,,1.8275389671325684,,1.1262192726135254,,0.4806157052516937,,0.07362761348485947
,1380.0,3,8.104827429633588e-05,20299,,2.514568567276001,,0.9493322372436523,,0.48082512617111206,,0.07367725670337677
,1336.0,3,8.099310070974752e-05,20349,,1.9556143283843994,,1.61509108543396,,0.48101359605789185,,0.07371754199266434
,1376.0,3,8.093793439911678e-05,20399,,2.3030154705047607,,1.5171726942062378,,0.48121315240859985,,0.07376875728368759
,1364.0,3,8.088276081252843e-05,20449,,2.210024118423462,,1.4143351316452026,,0.4814242124557495,,0.07381483167409897
,1376.0,3,8.082758722594008e-05,20499,,2.2026774883270264,,1.6396361589431763,,0.4815942943096161,,0.07384897768497467
,1352.0,3,8.077241363935173e-05,20549,,2.2915525436401367,,1.57582426071167,,0.48176369071006775,,0.0738738626241684
,1384.0,3,8.071724005276337e-05,20599,,1.8153661489486694,,1.3943324089050293,,0.4819367527961731,,0.07391209900379181
,1392.0,3,8.066206646617502e-05,20649,,1.9594855308532715,,1.4756413698196411,,0.4821372628211975,,0.07394279539585114
,1392.0,3,8.060690015554428e-05,20699,,2.382168769836426,,1.4881181716918945,,0.4823091924190521,,0.07397264242172241
,1344.0,3,8.055172656895593e-05,20749,,1.9447036981582642,,1.0470542907714844,,0.4825008809566498,,0.07399319112300873
,1360.0,3,8.049655298236758e-05,20799,,2.26908016204834,,1.4067420959472656,,0.48268935084342957,,0.07402269542217255
1365.6927490234375,,3,,20815,2.0016472339630127,,1.4553416967391968,,0.4715052545070648,,0.07220712304115295,
,1388.0,4,8.044137939577922e-05,20849,,2.523970127105713,,1.5779825448989868,,0.48285990953445435,,0.07406488060951233
,1360.0,4,8.038620580919087e-05,20899,,2.957723379135132,,1.1898691654205322,,0.48303672671318054,,0.07410064339637756
,1344.0,4,8.033103222260252e-05,20949,,3.1045889854431152,,1.7136685848236084,,0.4832216203212738,,0.07414882630109787
,1400.0,4,8.027585863601416e-05,20999,,1.6552045345306396,,1.142282247543335,,0.483389675617218,,0.07417099922895432
,1344.0,4,8.022069232538342e-05,21049,,2.51352858543396,,1.4654096364974976,,0.4835946261882782,,0.0742063894867897
,1400.0,4,8.016551873879507e-05,21099,,2.191190719604492,,1.53077232837677,,0.4838365912437439,,0.07423046231269836
,1392.0,4,8.011034515220672e-05,21149,,2.6158204078674316,,1.5670661926269531,,0.48402079939842224,,0.07425995916128159
,1376.0,4,8.005517156561837e-05,21199,,1.813662052154541,,1.2991254329681396,,0.4842663109302521,,0.07429144531488419
,1376.0,4,7.999999797903001e-05,21249,,2.177035093307495,,1.428463101387024,,0.48447757959365845,,0.07431839406490326
,1376.0,4,7.994482439244166e-05,21299,,2.297531843185425,,1.3270504474639893,,0.4846898019313812,,0.07435334473848343
,1356.0,4,7.988965808181092e-05,21349,,2.4630298614501953,,1.1958929300308228,,0.48487919569015503,,0.07439377903938293
,1324.0,4,7.983448449522257e-05,21399,,1.982692837715149,,0.9206037521362305,,0.4850805103778839,,0.07442183047533035
,1428.0,4,7.977931090863422e-05,21449,,2.6215271949768066,,1.5236438512802124,,0.48530495166778564,,0.07447195053100586
,1404.0,4,7.972413732204586e-05,21499,,1.9711977243423462,,1.288636326789856,,0.48549333214759827,,0.07452797889709473
,1372.0,4,7.966896373545751e-05,21549,,3.0899243354797363,,1.5071829557418823,,0.48567724227905273,,0.07459383457899094
,1332.0,4,7.961379014886916e-05,21599,,2.7431728839874268,,1.3895013332366943,,0.485860675573349,,0.07464782148599625
,1364.0,4,7.955862383823842e-05,21649,,2.1075809001922607,,1.5445504188537598,,0.48601749539375305,,0.07470989227294922
,1356.0,4,7.950345025165007e-05,21699,,2.3137288093566895,,1.4977014064788818,,0.4862229824066162,,0.07475590705871582
,1376.0,4,7.944827666506171e-05,21749,,3.185368537902832,,1.7194163799285889,,0.4863761067390442,,0.07481087744235992
,1376.0,4,7.939310307847336e-05,21799,,2.834993600845337,,1.2592666149139404,,0.4865780472755432,,0.07484380900859833
,1356.0,4,7.9337929491885e-05,21849,,2.0494699478149414,,1.5726674795150757,,0.48674240708351135,,0.07488764077425003
,1388.0,4,7.928275590529665e-05,21899,,1.5506364107131958,,1.1156322956085205,,0.4868974983692169,,0.07492075115442276
,1348.0,4,7.922758959466591e-05,21949,,2.617563009262085,,1.6535303592681885,,0.4870806634426117,,0.07494024932384491
,1368.0,4,7.917241600807756e-05,21999,,2.653372287750244,,1.5659352540969849,,0.4872852563858032,,0.07496485114097595
,1368.0,4,7.911724242148921e-05,22049,,1.7293710708618164,,1.085546612739563,,0.48746925592422485,,0.07499082386493683
,1372.0,4,7.906206883490086e-05,22099,,2.242166519165039,,1.4362174272537231,,0.48759913444519043,,0.0750284492969513
,1360.0,4,7.90068952483125e-05,22149,,2.3602116107940674,,1.450687050819397,,0.4877565801143646,,0.07505349069833755
,1364.0,4,7.895172166172415e-05,22199,,2.3336265087127686,,1.4050910472869873,,0.4879002273082733,,0.07508949190378189
,1360.0,4,7.889655535109341e-05,22249,,2.932880401611328,,1.663468360900879,,0.4880707263946533,,0.07511581480503082
,1392.0,4,7.884138176450506e-05,22299,,1.6760497093200684,,1.2272392511367798,,0.488260954618454,,0.07513605058193207
,1364.0,4,7.87862081779167e-05,22349,,1.7037137746810913,,0.9815955758094788,,0.48842161893844604,,0.07516258209943771
,1320.0,4,7.873103459132835e-05,22399,,2.6764636039733887,,1.7724722623825073,,0.48860180377960205,,0.0751904845237732
,1356.0,4,7.867586100474e-05,22449,,2.39149808883667,,1.388600468635559,,0.4887586832046509,,0.07521844655275345
,1380.0,4,7.862068741815165e-05,22499,,2.205329179763794,,1.3050466775894165,,0.48892277479171753,,0.07524170726537704
,1352.0,4,7.85655138315633e-05,22549,,2.3525805473327637,,1.0944397449493408,,0.4890769422054291,,0.07526347041130066
,1368.0,4,7.851034752093256e-05,22599,,2.1754462718963623,,1.4909276962280273,,0.48927703499794006,,0.07529148459434509
,1416.0,4,7.84551739343442e-05,22649,,2.1093032360076904,,1.2730655670166016,,0.48945972323417664,,0.07531026750802994
,1384.0,4,7.840000034775585e-05,22699,,2.047473669052124,,1.2181743383407593,,0.4896339476108551,,0.07533508539199829
,1388.0,4,7.83448267611675e-05,22749,,1.808091402053833,,1.2764995098114014,,0.4898066818714142,,0.0753537267446518
,1344.0,4,7.828965317457914e-05,22799,,2.2534589767456055,,1.6430836915969849,,0.48999205231666565,,0.07538221776485443
,1356.0,4,7.823447958799079e-05,22849,,2.4284870624542236,,1.1683366298675537,,0.49013638496398926,,0.07542865723371506
,1332.0,4,7.817931327736005e-05,22899,,2.3928205966949463,,1.4752063751220703,,0.49033260345458984,,0.07545419037342072
,1312.0,4,7.81241396907717e-05,22949,,3.395594835281372,,1.6103407144546509,,0.49048683047294617,,0.07549870759248734
,1364.0,4,7.806896610418335e-05,22999,,1.8358737230300903,,1.046461582183838,,0.4906229078769684,,0.0755491852760315
,1376.0,4,7.801379251759499e-05,23049,,2.5651285648345947,,1.6573060750961304,,0.49080440402030945,,0.07558560371398926
,1344.0,4,7.795861893100664e-05,23099,,2.672589063644409,,1.4908219575881958,,0.4909769296646118,,0.07561687380075455
,1356.0,4,7.790344534441829e-05,23149,,1.8731056451797485,,1.1435164213180542,,0.49115055799484253,,0.07566569000482559
,1376.0,4,7.784827903378755e-05,23199,,2.5803380012512207,,1.4402308464050293,,0.49133503437042236,,0.07569550722837448
,1384.0,4,7.77931054471992e-05,23249,,3.2770774364471436,,1.89091956615448,,0.4915226995944977,,0.07572285830974579
,1360.0,4,7.773793186061084e-05,23299,,2.447960376739502,,1.3981926441192627,,0.49169623851776123,,0.07573291659355164
,1356.0,4,7.768275827402249e-05,23349,,2.923720598220825,,1.5867282152175903,,0.4918477237224579,,0.07576321810483932
,1372.0,4,7.762758468743414e-05,23399,,3.550419330596924,,1.1885266304016113,,0.4920154809951782,,0.07579134404659271
,1372.0,4,7.757241110084578e-05,23449,,2.9149715900421143,,1.4351675510406494,,0.4921702444553375,,0.07581225782632828
,1360.0,4,7.751724479021505e-05,23499,,2.809520959854126,,1.4845292568206787,,0.4923587441444397,,0.07584551721811295
,1376.0,4,7.746207120362669e-05,23549,,1.5795409679412842,,0.7727301120758057,,0.49259427189826965,,0.07586400210857391
,1328.0,4,7.740689761703834e-05,23599,,3.759157657623291,,1.519992709159851,,0.49279049038887024,,0.07588326930999756
,1384.0,4,7.735172403044999e-05,23649,,1.9819519519805908,,1.3246865272521973,,0.49296706914901733,,0.07590916007757187
,1356.0,4,7.729655044386163e-05,23699,,2.412801504135132,,1.5071072578430176,,0.4931327700614929,,0.07594046741724014
,1348.0,4,7.724137685727328e-05,23749,,2.3864500522613525,,1.6353425979614258,,0.49331989884376526,,0.07595837861299515
,1376.0,4,7.718620327068493e-05,23799,,3.4059360027313232,,1.6883206367492676,,0.4934784770011902,,0.0759878158569336
,1336.0,4,7.713103696005419e-05,23849,,2.1840944290161133,,1.082656741142273,,0.4936101734638214,,0.07602249085903168
,1356.0,4,7.707586337346584e-05,23899,,1.8207145929336548,,1.0115904808044434,,0.493744820356369,,0.07606462389230728
,1372.0,4,7.702068978687748e-05,23949,,1.8410662412643433,,1.2343333959579468,,0.49390557408332825,,0.07610482722520828
,1352.0,4,7.696551620028913e-05,23999,,2.3412115573883057,,1.637192964553833,,0.4940203130245209,,0.07613429427146912
,1328.0,4,7.691034261370078e-05,24049,,2.2170732021331787,,1.5591386556625366,,0.4941863715648651,,0.07616958767175674
,1372.0,4,7.685516902711242e-05,24099,,2.5708441734313965,,1.3628846406936646,,0.4943788945674896,,0.07619791477918625
,1356.0,4,7.680000271648169e-05,24149,,3.466581106185913,,1.6994142532348633,,0.494525283575058,,0.07623291015625
,1388.0,4,7.674482912989333e-05,24199,,2.4810314178466797,,1.2548680305480957,,0.4946625232696533,,0.07627768069505692
,1356.0,4,7.668965554330498e-05,24249,,2.107628107070923,,0.8569173216819763,,0.49483948945999146,,0.07630465924739838
,1364.0,4,7.663448195671663e-05,24299,,2.0414464473724365,,1.04777193069458,,0.49499818682670593,,0.07632622122764587
,1328.0,4,7.657930837012827e-05,24349,,2.103706121444702,,1.0904523134231567,,0.4951292872428894,,0.076353058218956
,1348.0,4,7.652413478353992e-05,24399,,2.2537128925323486,,1.2283380031585693,,0.49525830149650574,,0.07638959586620331
,1380.0,4,7.646896847290918e-05,24449,,1.5741840600967407,,1.0098350048065186,,0.49541789293289185,,0.07643019407987595
,1332.0,4,7.641379488632083e-05,24499,,2.0789382457733154,,1.275575876235962,,0.49556267261505127,,0.0764542669057846
,1380.0,4,7.635862129973248e-05,24549,,2.4324538707733154,,1.5636205673217773,,0.49573174118995667,,0.07648147642612457
,1352.0,4,7.630344771314412e-05,24599,,2.1877496242523193,,1.08261239528656,,0.4958581328392029,,0.07651171088218689
,1332.0,4,7.624827412655577e-05,24649,,2.8832645416259766,,1.6152725219726562,,0.49598848819732666,,0.07654696702957153
,1384.0,4,7.619310053996742e-05,24699,,2.8937437534332275,,1.4858118295669556,,0.4961192011833191,,0.07658995687961578
,1364.0,4,7.613793422933668e-05,24749,,2.10052227973938,,1.2439539432525635,,0.4962572753429413,,0.07662391662597656
,1360.0,4,7.608276064274833e-05,24799,,3.409437417984009,,1.3581238985061646,,0.49640917778015137,,0.07665818929672241
,1400.0,4,7.602758705615997e-05,24849,,3.0034031867980957,,1.6067399978637695,,0.49654123187065125,,0.07670886814594269
,1376.0,4,7.597241346957162e-05,24899,,2.584522247314453,,1.6169030666351318,,0.4967025816440582,,0.07675420492887497
,1396.0,4,7.591723988298327e-05,24949,,1.9263144731521606,,1.0316765308380127,,0.49683260917663574,,0.07680203765630722
,1368.0,4,7.586206629639491e-05,24999,,1.4493167400360107,,0.9567134976387024,,0.49697718024253845,,0.07684797048568726
,1388.0,4,7.580689998576418e-05,25049,,2.483957529067993,,1.3108726739883423,,0.4971533715724945,,0.07687301188707352
,1356.0,4,7.575172639917582e-05,25099,,2.535505771636963,,1.5753886699676514,,0.4973222017288208,,0.07691287249326706
,1372.0,4,7.569655281258747e-05,25149,,2.4679527282714844,,1.5305691957473755,,0.4974493086338043,,0.07694089412689209
,1404.0,4,7.564137922599912e-05,25199,,2.8332433700561523,,1.5696312189102173,,0.49757447838783264,,0.07697400450706482
,1364.0,4,7.558620563941076e-05,25249,,2.8670008182525635,,1.7096107006072998,,0.497710645198822,,0.07700186222791672
,1404.0,4,7.553103205282241e-05,25299,,2.5166831016540527,,1.461806297302246,,0.4978475570678711,,0.07701432704925537
,1396.0,4,7.547585846623406e-05,25349,,3.086158514022827,,1.8762915134429932,,0.49798640608787537,,0.07704067975282669
,1372.0,4,7.542069215560332e-05,25399,,3.3691515922546387,,1.6509132385253906,,0.49815934896469116,,0.07704360783100128
,1380.0,4,7.536551856901497e-05,25449,,1.7957273721694946,,1.241521954536438,,0.49829214811325073,,0.07706798613071442
,1360.0,4,7.531034498242661e-05,25499,,3.550116539001465,,1.7230210304260254,,0.49842944741249084,,0.07709074765443802
,1372.0,4,7.525517139583826e-05,25549,,2.24712872505188,,1.1652854681015015,,0.4985847473144531,,0.07711827009916306
,1380.0,4,7.519999780924991e-05,25599,,3.1334352493286133,,1.338423252105713,,0.4987623989582062,,0.07714910805225372
,1360.0,4,7.514482422266155e-05,25649,,3.697733163833618,,1.5406564474105835,,0.4989214241504669,,0.07719685882329941
,1312.0,4,7.508965791203082e-05,25699,,2.3572306632995605,,0.9160000085830688,,0.4990944564342499,,0.07722257822751999
,1368.0,4,7.503448432544246e-05,25749,,3.166034698486328,,1.7357102632522583,,0.49923133850097656,,0.07725924998521805
,1372.0,4,7.497931073885411e-05,25799,,2.715683698654175,,1.4091907739639282,,0.4993787407875061,,0.07729140669107437
,1388.0,4,7.492413715226576e-05,25849,,3.3576271533966064,,1.4449756145477295,,0.4995400905609131,,0.07731720805168152
,1384.0,4,7.48689635656774e-05,25899,,2.7589664459228516,,1.4064940214157104,,0.4997071623802185,,0.07733948528766632
,1388.0,4,7.481378997908905e-05,25949,,2.2777884006500244,,1.2389609813690186,,0.49987316131591797,,0.07736945897340775
,1360.0,4,7.475862366845831e-05,25999,,2.9297709465026855,,1.4497549533843994,,0.5000339150428772,,0.07739308476448059
1365.6744384765625,,4,,26019,2.5350277423858643,,1.3895409107208252,,0.49186626076698303,,0.07578911632299423,
,1356.0,5,7.470345008186996e-05,26049,,3.61184024810791,,1.5506151914596558,,0.500183641910553,,0.07742267102003098
,1316.0,5,7.464827649528161e-05,26099,,2.933537483215332,,1.5902507305145264,,0.5003220438957214,,0.07745634764432907
,1360.0,5,7.459310290869325e-05,26149,,3.1278634071350098,,1.3240869045257568,,0.5004721879959106,,0.07748543471097946
,1328.0,5,7.45379293221049e-05,26199,,3.3050739765167236,,1.3224046230316162,,0.5006321668624878,,0.0775134265422821
,1332.0,5,7.448275573551655e-05,26249,,2.684372663497925,,1.0874524116516113,,0.5008095502853394,,0.07753857970237732
,1352.0,5,7.442758942488581e-05,26299,,4.3969573974609375,,1.3941015005111694,,0.5009635090827942,,0.07757959514856339
,1384.0,5,7.437241583829746e-05,26349,,3.0610146522521973,,1.6027824878692627,,0.5011051893234253,,0.07763485610485077
,1384.0,5,7.43172422517091e-05,26399,,2.2447853088378906,,1.24208664894104,,0.5012467503547668,,0.07768427580595016
,1336.0,5,7.426206866512075e-05,26449,,2.452319860458374,,1.3454889059066772,,0.5014030933380127,,0.07772061973810196
,1372.0,5,7.42068950785324e-05,26499,,2.1963722705841064,,1.1101223230361938,,0.5015438199043274,,0.07774782180786133
,1372.0,5,7.415172149194404e-05,26549,,2.1434154510498047,,1.2703258991241455,,0.5016648173332214,,0.07777129113674164
,1404.0,5,7.40965551813133e-05,26599,,2.833975076675415,,1.3474270105361938,,0.501788318157196,,0.07779164612293243
,1364.0,5,7.404138159472495e-05,26649,,2.128704071044922,,1.0653342008590698,,0.5019225478172302,,0.07782289385795593
,1380.0,5,7.39862080081366e-05,26699,,2.240915536880493,,1.279942274093628,,0.5020827054977417,,0.07784388959407806
,1384.0,5,7.393103442154825e-05,26749,,2.924797296524048,,1.568956971168518,,0.5022016763687134,,0.07787476480007172
,1324.0,5,7.38758608349599e-05,26799,,1.99356210231781,,1.2450048923492432,,0.5023387670516968,,0.0779203474521637
,1388.0,5,7.382068724837154e-05,26849,,3.373223066329956,,1.3204412460327148,,0.5024880766868591,,0.07795918732881546
,1380.0,5,7.376551366178319e-05,26899,,2.886909246444702,,1.4442638158798218,,0.5026232004165649,,0.07798696309328079
,1364.0,5,7.371034735115245e-05,26949,,1.9439826011657715,,1.0787874460220337,,0.502754271030426,,0.0780281350016594
,1356.0,5,7.36551737645641e-05,26999,,3.7081573009490967,,1.3481112718582153,,0.5028899312019348,,0.07805090397596359
,1392.0,5,7.360000017797574e-05,27049,,2.2135636806488037,,1.2125908136367798,,0.503045380115509,,0.07807067036628723
,1404.0,5,7.354482659138739e-05,27099,,2.5366504192352295,,1.172548532485962,,0.5031766891479492,,0.07809220254421234
,1348.0,5,7.348965300479904e-05,27149,,3.1598708629608154,,1.4065532684326172,,0.503300666809082,,0.07812021672725677
,1412.0,5,7.343447941821069e-05,27199,,2.8026013374328613,,1.0667058229446411,,0.5034242272377014,,0.07814595103263855
,1364.0,5,7.337931310757995e-05,27249,,3.0824596881866455,,1.8681279420852661,,0.5035818815231323,,0.07815427333116531
,1340.0,5,7.33241395209916e-05,27299,,3.884884834289551,,1.2787442207336426,,0.50369793176651,,0.07817895710468292
,1372.0,5,7.326896593440324e-05,27349,,3.302096366882324,,1.6494024991989136,,0.503856360912323,,0.0781961977481842
,1388.0,5,7.321379234781489e-05,27399,,2.531653642654419,,1.117577075958252,,0.5039757490158081,,0.07822176069021225
,1380.0,5,7.315861876122653e-05,27449,,3.07393217086792,,1.7085230350494385,,0.5041232109069824,,0.07825594395399094
,1392.0,5,7.310344517463818e-05,27499,,3.6706016063690186,,1.388962984085083,,0.5042429566383362,,0.07826866954565048
,1408.0,5,7.304827886400744e-05,27549,,3.0153331756591797,,1.4639039039611816,,0.5043724775314331,,0.07827464491128922
,1360.0,5,7.299310527741909e-05,27599,,3.2122581005096436,,1.2872456312179565,,0.5045063495635986,,0.07829800248146057
,1376.0,5,7.293793169083074e-05,27649,,2.460740089416504,,1.2595844268798828,,0.5046514868736267,,0.07831022143363953
,1344.0,5,7.288275810424238e-05,27699,,3.080660581588745,,1.5286413431167603,,0.504787802696228,,0.07832666486501694
,1352.0,5,7.282758451765403e-05,27749,,2.575383424758911,,1.2980124950408936,,0.5049058794975281,,0.0783408135175705
,1352.0,5,7.277241093106568e-05,27799,,3.1293349266052246,,1.4435936212539673,,0.5050419569015503,,0.07835764437913895
,1328.0,5,7.271724462043494e-05,27849,,2.778122901916504,,1.1155532598495483,,0.5051815509796143,,0.07838328182697296
,1344.0,5,7.266207103384659e-05,27899,,3.130248785018921,,1.365737795829773,,0.5053041577339172,,0.07841533422470093
,1384.0,5,7.260689744725823e-05,27949,,2.9922268390655518,,1.4027936458587646,,0.5054437518119812,,0.07844041287899017
,1396.0,5,7.255172386066988e-05,27999,,2.5709176063537598,,1.0472679138183594,,0.505572497844696,,0.07847505062818527
,1380.0,5,7.249655027408153e-05,28049,,2.8888237476348877,,1.1591792106628418,,0.5057302713394165,,0.07849802821874619
,1376.0,5,7.244137668749318e-05,28099,,3.270986318588257,,1.204619288444519,,0.5058633685112,,0.07852564752101898
,1396.0,5,7.238621037686244e-05,28149,,2.680644989013672,,0.9332392811775208,,0.5059885382652283,,0.07855353504419327
,1360.0,5,7.233103679027408e-05,28199,,2.6143946647644043,,1.2914046049118042,,0.5061191916465759,,0.0785944014787674
,1380.0,5,7.227586320368573e-05,28249,,2.891356945037842,,1.3862557411193848,,0.506242573261261,,0.07863003760576248
,1372.0,5,7.222068961709738e-05,28299,,2.348957061767578,,1.4065581560134888,,0.5063738226890564,,0.07866205275058746
,1364.0,5,7.216551603050902e-05,28349,,3.124213933944702,,1.617785096168518,,0.5065143704414368,,0.0786859393119812
,1368.0,5,7.211034244392067e-05,28399,,2.372411012649536,,1.4051952362060547,,0.5066200494766235,,0.07872582972049713
,1376.0,5,7.205516885733232e-05,28449,,3.711843729019165,,1.6116535663604736,,0.5067650675773621,,0.07876472175121307
,1380.0,5,7.200000254670158e-05,28499,,3.9645192623138428,,1.8818373680114746,,0.5069119334220886,,0.07880226522684097
,1400.0,5,7.194482896011323e-05,28549,,3.153323173522949,,1.480413794517517,,0.5070633888244629,,0.07883299887180328
,1388.0,5,7.188965537352487e-05,28599,,2.459953784942627,,1.0222163200378418,,0.5071945786476135,,0.07886246591806412
,1372.0,5,7.183448178693652e-05,28649,,3.3205084800720215,,1.2880442142486572,,0.5072813034057617,,0.07890114188194275
,1364.0,5,7.177930820034817e-05,28699,,4.0522685050964355,,1.6656101942062378,,0.5074153542518616,,0.078924261033535
,1368.0,5,7.172413461375982e-05,28749,,2.3962337970733643,,1.2659385204315186,,0.5075269937515259,,0.07896751165390015
,1388.0,5,7.166896830312908e-05,28799,,3.1750524044036865,,1.2699679136276245,,0.5076627135276794,,0.07899481803178787
,1344.0,5,7.161379471654072e-05,28849,,3.249788761138916,,1.5796623229980469,,0.5077723264694214,,0.07902440428733826
,1384.0,5,7.155862112995237e-05,28899,,3.4341237545013428,,1.6900837421417236,,0.507897138595581,,0.07905682921409607
,1352.0,5,7.150344754336402e-05,28949,,3.345964193344116,,1.2990813255310059,,0.5080163478851318,,0.07908666878938675
,1340.0,5,7.144827395677567e-05,28999,,4.454545974731445,,1.4039466381072998,,0.5081288814544678,,0.07912993431091309
,1352.0,5,7.139310037018731e-05,29049,,3.2835326194763184,,1.3268667459487915,,0.5082773566246033,,0.07916220277547836
,1404.0,5,7.133793405955657e-05,29099,,3.314908027648926,,1.3832836151123047,,0.5083764791488647,,0.07918857038021088
,1340.0,5,7.128276047296822e-05,29149,,3.0407729148864746,,1.6245585680007935,,0.508518636226654,,0.07921602576971054
,1380.0,5,7.122758688637987e-05,29199,,2.9053778648376465,,1.1841281652450562,,0.5086607933044434,,0.07924559712409973
,1396.0,5,7.117241329979151e-05,29249,,3.3390166759490967,,1.6390297412872314,,0.5087800621986389,,0.07926814258098602
,1372.0,5,7.111723971320316e-05,29299,,2.7983598709106445,,1.2735196352005005,,0.5089119672775269,,0.07929310947656631
,1376.0,5,7.106206612661481e-05,29349,,2.348694324493408,,1.2131738662719727,,0.5090360641479492,,0.0793248862028122
,1364.0,5,7.100689981598407e-05,29399,,3.200685977935791,,1.5460740327835083,,0.5091527104377747,,0.07936647534370422
,1344.0,5,7.095172622939572e-05,29449,,2.819415330886841,,1.091755747795105,,0.5092509984970093,,0.07939896732568741
,1356.0,5,7.089655264280736e-05,29499,,3.0141761302948,,1.2708113193511963,,0.5093607902526855,,0.07943189144134521
,1412.0,5,7.084137905621901e-05,29549,,3.0431201457977295,,1.6089850664138794,,0.5094758868217468,,0.07946654409170151
,1408.0,5,7.078620546963066e-05,29599,,3.046680450439453,,1.4046154022216797,,0.5096202492713928,,0.07950063794851303
,1380.0,5,7.07310318830423e-05,29649,,2.3092329502105713,,1.1543632745742798,,0.509753942489624,,0.07952749729156494
,1344.0,5,7.067586557241157e-05,29699,,3.4443838596343994,,1.2882921695709229,,0.5098622441291809,,0.07955072075128555
,1368.0,5,7.062069198582321e-05,29749,,3.4381372928619385,,1.4906245470046997,,0.5099878907203674,,0.07957641035318375
,1380.0,5,7.056551839923486e-05,29799,,2.7842233180999756,,1.2356431484222412,,0.5100896954536438,,0.07961919903755188
,1348.0,5,7.051034481264651e-05,29849,,2.401401996612549,,1.1663295030593872,,0.5102041959762573,,0.0796433836221695
,1380.0,5,7.045517122605816e-05,29899,,4.539856433868408,,1.7139921188354492,,0.5103324055671692,,0.0796840563416481
,1360.0,5,7.03999976394698e-05,29949,,4.472872734069824,,1.2129693031311035,,0.5104349255561829,,0.07971781492233276
,1376.0,5,7.034482405288145e-05,29999,,4.2608442306518555,,1.5860246419906616,,0.510554313659668,,0.0797475054860115
,1380.0,5,7.028965774225071e-05,30049,,2.8498995304107666,,1.4386547803878784,,0.5106943845748901,,0.0797799676656723
,1380.0,5,7.023448415566236e-05,30099,,2.8915083408355713,,1.529117465019226,,0.5108240842819214,,0.07982049137353897
,1368.0,5,7.0179310569074e-05,30149,,3.0315144062042236,,1.3944469690322876,,0.5109370946884155,,0.07985670864582062
,1360.0,5,7.012413698248565e-05,30199,,3.4204742908477783,,1.412246823310852,,0.511059582233429,,0.07988700270652771
,1324.0,5,7.00689633958973e-05,30249,,3.3779995441436768,,1.3965835571289062,,0.5111943483352661,,0.07990710437297821
,1360.0,5,7.001378980930895e-05,30299,,3.0613701343536377,,1.2359564304351807,,0.5113083124160767,,0.07992857694625854
,1384.0,5,6.995862349867821e-05,30349,,2.3203158378601074,,0.9291309714317322,,0.5114362835884094,,0.07994702458381653
,1336.0,5,6.990344991208985e-05,30399,,3.8836941719055176,,1.7134863138198853,,0.5115705132484436,,0.07996173202991486
,1396.0,5,6.98482763255015e-05,30449,,3.2399215698242188,,1.150780200958252,,0.511687159538269,,0.07998441159725189
,1304.0,5,6.979310273891315e-05,30499,,4.026027202606201,,1.3584920167922974,,0.5117970108985901,,0.08001992106437683
,1352.0,5,6.97379291523248e-05,30549,,3.5834145545959473,,1.1672695875167847,,0.5119307637214661,,0.08004147559404373
,1300.0,5,6.968275556573644e-05,30599,,3.4273808002471924,,1.3229808807373047,,0.5120713710784912,,0.08006959408521652
,1376.0,5,6.96275892551057e-05,30649,,3.8941915035247803,,1.655596375465393,,0.5121853947639465,,0.08009806275367737
,1368.0,5,6.957241566851735e-05,30699,,3.2075512409210205,,1.4585905075073242,,0.5122904181480408,,0.08012697100639343
,1372.0,5,6.9517242081929e-05,30749,,4.915624141693115,,1.5884008407592773,,0.5124154090881348,,0.08015070110559464
,1364.0,5,6.946206849534065e-05,30799,,4.2879958152771,,1.2322843074798584,,0.5125155448913574,,0.08019067347049713
,1364.0,5,6.940689490875229e-05,30849,,2.579157590866089,,1.0706509351730347,,0.5126524567604065,,0.08023392409086227
,1352.0,5,6.935172132216394e-05,30899,,3.3017914295196533,,1.5798200368881226,,0.512779951095581,,0.080268993973732
,1348.0,5,6.92965550115332e-05,30949,,4.186774253845215,,1.2852661609649658,,0.5128975510597229,,0.0803041011095047
,1356.0,5,6.924138142494485e-05,30999,,3.4884963035583496,,1.0563145875930786,,0.5130173563957214,,0.08035416156053543
,1388.0,5,6.91862078383565e-05,31049,,3.7014458179473877,,1.2239041328430176,,0.5131226181983948,,0.08039730787277222
,1336.0,5,6.913103425176814e-05,31099,,3.571324110031128,,1.423658013343811,,0.5132454633712769,,0.08043896406888962
,1340.0,5,6.907586066517979e-05,31149,,5.0984039306640625,,2.4548966884613037,,0.5133538842201233,,0.08047740161418915
,1376.0,5,6.902068707859144e-05,31199,,3.6004080772399902,,1.5543049573898315,,0.5134574174880981,,0.08051959425210953
1365.6748046875,,5,,31223,3.096510887145996,,1.3434350490570068,,0.5070680975914001,,0.07892227172851562,
,1340.0,6,6.89655207679607e-05,31249,,3.5704658031463623,,1.6529699563980103,,0.5135686993598938,,0.08055341243743896
,1340.0,6,6.891034718137234e-05,31299,,2.6011850833892822,,1.0204085111618042,,0.513680100440979,,0.08058656007051468
,1388.0,6,6.885517359478399e-05,31349,,3.0830399990081787,,1.668304681777954,,0.5138195157051086,,0.08061657845973969
,1364.0,6,6.880000000819564e-05,31399,,2.5564582347869873,,1.0862914323806763,,0.5139463543891907,,0.08065471053123474
,1352.0,6,6.874482642160729e-05,31449,,2.97823166847229,,1.2236300706863403,,0.5140482187271118,,0.08069644123315811
,1388.0,6,6.868965283501893e-05,31499,,3.1746087074279785,,1.2572067975997925,,0.5141391754150391,,0.08073633909225464
,1388.0,6,6.863447924843058e-05,31549,,4.1720290184021,,1.2493958473205566,,0.5142592191696167,,0.08077988028526306
,1364.0,6,6.857931293779984e-05,31599,,3.016671895980835,,1.362855315208435,,0.5143669843673706,,0.08083715289831161
,1352.0,6,6.852413935121149e-05,31649,,3.2531402111053467,,1.0600981712341309,,0.514461874961853,,0.08088146150112152
,1376.0,6,6.846896576462314e-05,31699,,1.8079942464828491,,0.7059435844421387,,0.5145944356918335,,0.08091822266578674
,1348.0,6,6.841379217803478e-05,31749,,3.297938108444214,,1.2208833694458008,,0.5147038698196411,,0.08096092939376831
,1376.0,6,6.835861859144643e-05,31799,,3.2988736629486084,,1.2923530340194702,,0.5148228406906128,,0.08100799471139908
,1384.0,6,6.830344500485808e-05,31849,,3.8954811096191406,,1.5059115886688232,,0.5149044394493103,,0.0810607299208641
,1352.0,6,6.824827869422734e-05,31899,,3.361830949783325,,1.464813470840454,,0.5150031447410583,,0.08110209554433823
,1348.0,6,6.819310510763898e-05,31949,,3.5959055423736572,,1.0965673923492432,,0.515118420124054,,0.08114399760961533
,1388.0,6,6.813793152105063e-05,31999,,3.909986972808838,,1.4260766506195068,,0.5152324438095093,,0.08119534701108932
,1376.0,6,6.808275793446228e-05,32049,,3.5370991230010986,,1.30937922000885,,0.5153372883796692,,0.08124755322933197
,1380.0,6,6.802758434787393e-05,32099,,3.9748177528381348,,1.312256097793579,,0.5154485106468201,,0.08130232989788055
,1380.0,6,6.797241076128557e-05,32149,,3.8936891555786133,,1.5739446878433228,,0.5155634880065918,,0.08135096728801727
,1344.0,6,6.791724445065483e-05,32199,,3.249025821685791,,1.3049671649932861,,0.515673816204071,,0.0813983902335167
,1388.0,6,6.786207086406648e-05,32249,,2.8803348541259766,,0.8331587910652161,,0.5158078670501709,,0.08143918216228485
,1396.0,6,6.780689727747813e-05,32299,,4.214787483215332,,1.365465521812439,,0.5159155130386353,,0.08149274438619614
,1376.0,6,6.775172369088978e-05,32349,,4.0721211433410645,,1.2811450958251953,,0.516034722328186,,0.08154305070638657
,1384.0,6,6.769655010430142e-05,32399,,4.555263519287109,,1.6401548385620117,,0.5161451101303101,,0.08158908784389496
,1348.0,6,6.764137651771307e-05,32449,,3.8777575492858887,,1.4009584188461304,,0.5162443518638611,,0.081637442111969
,1348.0,6,6.758621020708233e-05,32499,,3.4310741424560547,,1.4411424398422241,,0.516345202922821,,0.0816924124956131
,1396.0,6,6.753103662049398e-05,32549,,4.303328990936279,,1.520646095275879,,0.5164503455162048,,0.08174405246973038
,1384.0,6,6.747586303390563e-05,32599,,3.4474644660949707,,1.1739903688430786,,0.5165703892707825,,0.08179136365652084
,1364.0,6,6.742068944731727e-05,32649,,4.7104339599609375,,1.8778619766235352,,0.5166877508163452,,0.08182470500469208
,1372.0,6,6.736551586072892e-05,32699,,3.45351243019104,,1.4170230627059937,,0.5167893171310425,,0.08185216784477234
,1404.0,6,6.731034227414057e-05,32749,,2.740175724029541,,1.3303542137145996,,0.5169029831886292,,0.08187966793775558
,1384.0,6,6.725517596350983e-05,32799,,3.7812514305114746,,1.5872235298156738,,0.5170114040374756,,0.08192356675863266
,1376.0,6,6.720000237692147e-05,32849,,4.620147228240967,,1.1661818027496338,,0.5171418190002441,,0.08195895701646805
,1384.0,6,6.714482879033312e-05,32899,,3.336463212966919,,1.4723049402236938,,0.5172486901283264,,0.08199204504489899
,1344.0,6,6.708965520374477e-05,32949,,3.292616844177246,,1.4032812118530273,,0.5173508524894714,,0.08202826231718063
,1364.0,6,6.703448161715642e-05,32999,,3.4573652744293213,,1.0336642265319824,,0.5174737572669983,,0.08206478506326675
,1360.0,6,6.697930803056806e-05,33049,,2.3783767223358154,,1.1038134098052979,,0.517568051815033,,0.08209767192602158
,1348.0,6,6.692413444397971e-05,33099,,3.3192288875579834,,1.3648810386657715,,0.5176852345466614,,0.08213452249765396
,1360.0,6,6.686896813334897e-05,33149,,3.489875316619873,,1.1672968864440918,,0.5177779197692871,,0.08216866850852966
,1372.0,6,6.681379454676062e-05,33199,,3.215155601501465,,1.399617314338684,,0.5178728103637695,,0.08220984786748886
,1328.0,6,6.675862096017227e-05,33249,,3.5036251544952393,,0.9391350746154785,,0.5179736614227295,,0.0822601467370987
,1384.0,6,6.670344737358391e-05,33299,,3.4196414947509766,,1.237324833869934,,0.5181007385253906,,0.08228989690542221
,1380.0,6,6.664827378699556e-05,33349,,4.8136162757873535,,1.5691163539886475,,0.5182136297225952,,0.0823272243142128
,1376.0,6,6.659310020040721e-05,33399,,3.007321357727051,,1.233359932899475,,0.5183292627334595,,0.08237616717815399
,1368.0,6,6.653793388977647e-05,33449,,2.563091278076172,,1.0432031154632568,,0.5184386372566223,,0.08241055905818939
,1352.0,6,6.648276030318812e-05,33499,,3.513512372970581,,1.4880419969558716,,0.5185258984565735,,0.08245041221380234
,1396.0,6,6.642758671659976e-05,33549,,3.6768765449523926,,1.252240538597107,,0.5186460614204407,,0.08248772472143173
,1392.0,6,6.637241313001141e-05,33599,,3.860905170440674,,1.5316038131713867,,0.5187610983848572,,0.08253271877765656
,1376.0,6,6.631723954342306e-05,33649,,2.9565281867980957,,1.2554341554641724,,0.518851637840271,,0.08257877826690674
,1340.0,6,6.62620659568347e-05,33699,,3.2196497917175293,,1.433046579360962,,0.5189513564109802,,0.08261977881193161
,1400.0,6,6.620689964620396e-05,33749,,4.065903663635254,,1.4728102684020996,,0.5190529227256775,,0.08266152441501617
,1360.0,6,6.615172605961561e-05,33799,,3.8385660648345947,,1.361843466758728,,0.5191549062728882,,0.08269235491752625
,1380.0,6,6.609655247302726e-05,33849,,5.1600141525268555,,1.3257626295089722,,0.5192336440086365,,0.0827188789844513
,1352.0,6,6.60413788864389e-05,33899,,4.789168834686279,,1.5921719074249268,,0.5193264484405518,,0.08275669813156128
,1376.0,6,6.598620529985055e-05,33949,,3.358264684677124,,1.1533881425857544,,0.5194312334060669,,0.08279165625572205
,1380.0,6,6.59310317132622e-05,33999,,3.4106547832489014,,1.533935546875,,0.519536018371582,,0.08282096683979034
,1384.0,6,6.587586540263146e-05,34049,,4.829598903656006,,1.5463496446609497,,0.5196437835693359,,0.08285372704267502
,1344.0,6,6.582069181604311e-05,34099,,4.520302772521973,,1.5894958972930908,,0.5197272300720215,,0.08288644999265671
,1368.0,6,6.576551822945476e-05,34149,,4.011214733123779,,1.310301423072815,,0.519824206829071,,0.0829114019870758
,1392.0,6,6.57103446428664e-05,34199,,4.234677791595459,,1.5345569849014282,,0.5199163556098938,,0.08293966948986053
,1372.0,6,6.565517105627805e-05,34249,,3.733283519744873,,1.2459319829940796,,0.5200126767158508,,0.08297313749790192
,1364.0,6,6.55999974696897e-05,34299,,4.01016092300415,,1.5249662399291992,,0.5201026201248169,,0.08300648629665375
,1380.0,6,6.554483115905896e-05,34349,,4.508331298828125,,1.4441667795181274,,0.5201897621154785,,0.08304204046726227
,1352.0,6,6.54896575724706e-05,34399,,3.131450653076172,,1.195708155632019,,0.5202807784080505,,0.08306463062763214
,1348.0,6,6.543448398588225e-05,34449,,4.061561584472656,,1.6124473810195923,,0.5203843712806702,,0.08308444917201996
,1312.0,6,6.53793103992939e-05,34499,,3.681617021560669,,1.2636433839797974,,0.5204581022262573,,0.08312549442052841
,1340.0,6,6.532413681270555e-05,34549,,3.5579798221588135,,1.3484559059143066,,0.5205539464950562,,0.08314760774374008
,1368.0,6,6.52689632261172e-05,34599,,3.8700625896453857,,1.4744058847427368,,0.5206619501113892,,0.08317697793245316
,1396.0,6,6.521378963952884e-05,34649,,2.993549108505249,,1.2537126541137695,,0.5207745432853699,,0.08320578932762146
,1388.0,6,6.51586233288981e-05,34699,,4.555479049682617,,1.4991906881332397,,0.5208767652511597,,0.08323844522237778
,1328.0,6,6.510344974230975e-05,34749,,5.41815710067749,,1.287239909172058,,0.5210033655166626,,0.08326921612024307
,1300.0,6,6.50482761557214e-05,34799,,4.8922271728515625,,1.275722622871399,,0.5211146473884583,,0.08329331874847412
,1376.0,6,6.499310256913304e-05,34849,,4.554916858673096,,1.2559064626693726,,0.5212257504463196,,0.0833168774843216
,1408.0,6,6.493792898254469e-05,34899,,4.4162211418151855,,1.3750841617584229,,0.5213283896446228,,0.08334814757108688
,1376.0,6,6.488275539595634e-05,34949,,2.795492172241211,,1.1304854154586792,,0.5214347839355469,,0.08336874097585678
,1376.0,6,6.48275890853256e-05,34999,,4.1914191246032715,,1.564704418182373,,0.5215197801589966,,0.08340062201023102
,1392.0,6,6.477241549873725e-05,35049,,2.878297805786133,,1.3277472257614136,,0.5216008424758911,,0.08342907577753067
,1392.0,6,6.471724191214889e-05,35099,,2.227323055267334,,0.9945324659347534,,0.5217185616493225,,0.08345691859722137
,1316.0,6,6.466206832556054e-05,35149,,3.654844045639038,,1.458795428276062,,0.5218040943145752,,0.08348987251520157
,1324.0,6,6.460689473897219e-05,35199,,3.5883045196533203,,1.398146390914917,,0.5219247937202454,,0.08351574838161469
,1384.0,6,6.455172115238383e-05,35249,,3.0385448932647705,,1.3401305675506592,,0.5220096707344055,,0.08355068415403366
,1396.0,6,6.44965548417531e-05,35299,,4.283687114715576,,1.2545177936553955,,0.5221109986305237,,0.08358556032180786
,1400.0,6,6.444138125516474e-05,35349,,3.650250196456909,,1.2400494813919067,,0.5222067832946777,,0.08362450450658798
,1388.0,6,6.438620766857639e-05,35399,,4.4322028160095215,,1.3642758131027222,,0.5222930312156677,,0.08366653323173523
,1360.0,6,6.433103408198804e-05,35449,,2.7077677249908447,,0.8800649046897888,,0.5223869681358337,,0.08370278775691986
,1376.0,6,6.427586049539968e-05,35499,,4.568539619445801,,1.20609712600708,,0.5224905014038086,,0.08373740315437317
,1380.0,6,6.422068690881133e-05,35549,,4.356339931488037,,1.48659348487854,,0.5225985646247864,,0.08377055078744888
,1356.0,6,6.416552059818059e-05,35599,,4.189751148223877,,1.40714693069458,,0.522707998752594,,0.08380462229251862
,1400.0,6,6.411034701159224e-05,35649,,4.432314872741699,,1.456220030784607,,0.5228046774864197,,0.08383874595165253
,1380.0,6,6.405517342500389e-05,35699,,4.3290324211120605,,1.4242398738861084,,0.5229148268699646,,0.0838758796453476
,1336.0,6,6.399999983841553e-05,35749,,2.818497657775879,,1.037780523300171,,0.5230323076248169,,0.0839027687907219
,1380.0,6,6.394482625182718e-05,35799,,2.673917055130005,,0.8573074340820312,,0.5231189727783203,,0.08393755555152893
,1360.0,6,6.388965266523883e-05,35849,,3.1246914863586426,,1.024006724357605,,0.5232202410697937,,0.08396918326616287
,1388.0,6,6.383448635460809e-05,35899,,3.4676387310028076,,1.5132203102111816,,0.5233045816421509,,0.08399925380945206
,1368.0,6,6.377931276801974e-05,35949,,4.155224323272705,,0.9521783590316772,,0.5234169363975525,,0.08404309302568436
,1388.0,6,6.372413918143138e-05,35999,,4.819362640380859,,1.6515698432922363,,0.5234974026679993,,0.08408931642770767
,1312.0,6,6.366896559484303e-05,36049,,4.7125563621521,,1.1772757768630981,,0.5235735774040222,,0.08412353694438934
,1360.0,6,6.361379200825468e-05,36099,,4.081976413726807,,1.4268412590026855,,0.5236756801605225,,0.08415757864713669
,1344.0,6,6.355861842166632e-05,36149,,2.92146635055542,,1.1206642389297485,,0.5237796306610107,,0.08418735861778259
,1360.0,6,6.350344483507797e-05,36199,,3.924359083175659,,1.339164137840271,,0.5238744020462036,,0.08422460407018661
,1324.0,6,6.344827852444723e-05,36249,,3.448427438735962,,1.0214506387710571,,0.5239699482917786,,0.08426088839769363
,1380.0,6,6.339310493785888e-05,36299,,5.098438739776611,,1.8071274757385254,,0.5240470767021179,,0.08429963886737823
,1364.0,6,6.333793135127053e-05,36349,,4.217588424682617,,0.9555598497390747,,0.5241485834121704,,0.08432845771312714
,1396.0,6,6.328275776468217e-05,36399,,4.542294025421143,,1.7108179330825806,,0.5242293477058411,,0.08435571938753128
1365.617431640625,,6,,36427,3.731853485107422,,1.308966875076294,,0.5190761685371399,,0.08258254826068878,
,1400.0,7,6.322758417809382e-05,36449,,4.299398899078369,,1.2819381952285767,,0.524324893951416,,0.08439046889543533
,1348.0,7,6.317241059150547e-05,36499,,4.340915203094482,,1.4523297548294067,,0.5244115591049194,,0.08442139625549316
,1404.0,7,6.311724428087473e-05,36549,,4.6294074058532715,,1.5245459079742432,,0.5244922041893005,,0.08444660156965256
,1372.0,7,6.306207069428638e-05,36599,,3.764629602432251,,0.865278959274292,,0.52458655834198,,0.08447612822055817
,1376.0,7,6.300689710769802e-05,36649,,2.6149802207946777,,1.1025774478912354,,0.5246773958206177,,0.08450602740049362
,1352.0,7,6.295172352110967e-05,36699,,5.065587520599365,,1.6071703433990479,,0.5247330665588379,,0.08453848212957382
,1376.0,7,6.289654993452132e-05,36749,,4.180849552154541,,1.516796350479126,,0.5248347520828247,,0.08457247912883759
,1384.0,7,6.284137634793296e-05,36799,,2.4287049770355225,,0.7025648951530457,,0.5248993635177612,,0.08460358530282974
,1368.0,7,6.278621003730223e-05,36849,,5.066572189331055,,1.8059016466140747,,0.5249863862991333,,0.08464223891496658
,1340.0,7,6.273103645071387e-05,36899,,4.43234920501709,,1.5080076456069946,,0.5250823497772217,,0.08467920869588852
,1336.0,7,6.267586286412552e-05,36949,,3.099940061569214,,1.0279566049575806,,0.5251864194869995,,0.0847097709774971
,1376.0,7,6.262068927753717e-05,36999,,4.141879081726074,,1.327322006225586,,0.5252640247344971,,0.08475018292665482
,1400.0,7,6.256551569094881e-05,37049,,4.842641353607178,,1.7151787281036377,,0.5253710746765137,,0.08477345108985901
,1364.0,7,6.251034210436046e-05,37099,,3.344183921813965,,0.945884644985199,,0.5254727005958557,,0.0847935676574707
,1372.0,7,6.245517579372972e-05,37149,,4.038443565368652,,1.2984827756881714,,0.5255735516548157,,0.08481711149215698
,1344.0,7,6.240000220714137e-05,37199,,3.581385850906372,,1.0398645401000977,,0.5256502628326416,,0.08485002815723419
,1348.0,7,6.234482862055302e-05,37249,,2.625668525695801,,1.0060006380081177,,0.5257335305213928,,0.08488122373819351
,1360.0,7,6.228965503396466e-05,37299,,3.439251184463501,,0.9735991358757019,,0.5258408784866333,,0.084904246032238
,1364.0,7,6.223448144737631e-05,37349,,4.6387410163879395,,1.3679890632629395,,0.5259217023849487,,0.08494309335947037
,1384.0,7,6.217930786078796e-05,37399,,3.8620245456695557,,1.6299835443496704,,0.5259996652603149,,0.08497339487075806
,1396.0,7,6.212414155015722e-05,37449,,3.6231002807617188,,1.2765166759490967,,0.5261021852493286,,0.0850016251206398
,1336.0,7,6.206896796356887e-05,37499,,4.988856792449951,,1.6903669834136963,,0.5261763334274292,,0.08503186702728271
,1352.0,7,6.201379437698051e-05,37549,,4.434930801391602,,1.5454918146133423,,0.5262541770935059,,0.08506892621517181
,1376.0,7,6.195862079039216e-05,37599,,3.6291840076446533,,1.3470652103424072,,0.5263530611991882,,0.08510471135377884
,1400.0,7,6.190344720380381e-05,37649,,3.597599983215332,,1.1641799211502075,,0.5264078378677368,,0.08513840287923813
,1352.0,7,6.184827361721545e-05,37699,,3.7528412342071533,,1.0091654062271118,,0.5264914631843567,,0.08516941964626312
,1364.0,7,6.17931000306271e-05,37749,,4.190204620361328,,1.2466115951538086,,0.5265650153160095,,0.08520446717739105
,1372.0,7,6.173793371999636e-05,37799,,3.7660140991210938,,1.217337965965271,,0.5266878008842468,,0.08523155748844147
,1384.0,7,6.168276013340801e-05,37849,,3.8882789611816406,,1.2475292682647705,,0.5267643332481384,,0.08526930958032608
,1396.0,7,6.162758654681966e-05,37899,,4.331193447113037,,1.6549652814865112,,0.5268667340278625,,0.08530028164386749
,1356.0,7,6.15724129602313e-05,37949,,4.367994785308838,,1.167874813079834,,0.526947021484375,,0.08532489091157913
,1340.0,7,6.151723937364295e-05,37999,,4.978560447692871,,1.4718865156173706,,0.5270335674285889,,0.08535198867321014
,1360.0,7,6.14620657870546e-05,38049,,4.456879615783691,,1.513763427734375,,0.5271216034889221,,0.08538495749235153
,1360.0,7,6.140689947642386e-05,38099,,4.155163764953613,,1.2678390741348267,,0.5272079110145569,,0.08541145920753479
,1396.0,7,6.13517258898355e-05,38149,,3.1741628646850586,,0.9888955950737,,0.5272976756095886,,0.0854402482509613
,1340.0,7,6.129655230324715e-05,38199,,4.186108112335205,,1.316589593887329,,0.5273992419242859,,0.08546663075685501
,1332.0,7,6.12413787166588e-05,38249,,6.0513763427734375,,1.9698868989944458,,0.52747642993927,,0.08548993617296219
,1364.0,7,6.118620513007045e-05,38299,,3.7671563625335693,,1.094602346420288,,0.5275686979293823,,0.08551833778619766
,1372.0,7,6.11310315434821e-05,38349,,3.929832696914673,,1.439963698387146,,0.5276527404785156,,0.08554431796073914
,1372.0,7,6.107586523285136e-05,38399,,3.460115671157837,,0.9478552341461182,,0.5277310609817505,,0.08556564897298813
,1364.0,7,6.1020688008284196e-05,38449,,4.662896156311035,,1.4985673427581787,,0.5278043150901794,,0.08559012413024902
,1352.0,7,6.096551805967465e-05,38499,,5.3964619636535645,,1.5183403491973877,,0.5278935432434082,,0.08561764657497406
,1324.0,7,6.09103444730863e-05,38549,,4.636351108551025,,1.0821670293807983,,0.5279970765113831,,0.08563639968633652
,1360.0,7,6.0855170886497945e-05,38599,,5.414767265319824,,1.30474853515625,,0.5280722379684448,,0.08566100895404816
,1360.0,7,6.08000009378884e-05,38649,,4.915303707122803,,1.3648368120193481,,0.528148889541626,,0.08569034934043884
,1356.0,7,6.0744827351300046e-05,38699,,4.640447616577148,,1.2653589248657227,,0.5282389521598816,,0.08571193367242813
,1388.0,7,6.068965376471169e-05,38749,,4.637573719024658,,1.6038193702697754,,0.5283166170120239,,0.08573253452777863
,1316.0,7,6.063448381610215e-05,38799,,3.3177807331085205,,0.971570611000061,,0.5284147262573242,,0.08575797080993652
,1360.0,7,6.0579310229513794e-05,38849,,5.0870771408081055,,1.4530385732650757,,0.5285008549690247,,0.08577828854322433
,1360.0,7,6.052413664292544e-05,38899,,5.322732448577881,,1.3220863342285156,,0.528579831123352,,0.08580630272626877
,1348.0,7,6.0468966694315895e-05,38949,,3.980116367340088,,1.1979855298995972,,0.5286720991134644,,0.08582855015993118
,1368.0,7,6.041379310772754e-05,38999,,5.570693016052246,,1.6830110549926758,,0.5287615656852722,,0.08586373180150986
,1368.0,7,6.035861952113919e-05,39049,,3.751643180847168,,1.1257436275482178,,0.5288592576980591,,0.08589448779821396
,1348.0,7,6.0303449572529644e-05,39099,,4.169103622436523,,1.3242789506912231,,0.5289199948310852,,0.08592623472213745
,1364.0,7,6.024827598594129e-05,39149,,4.838435649871826,,1.41363525390625,,0.5290168523788452,,0.0859508067369461
,1388.0,7,6.019310239935294e-05,39199,,4.4839653968811035,,1.5738385915756226,,0.5291318297386169,,0.0859769880771637
,1368.0,7,6.013793245074339e-05,39249,,2.796741008758545,,0.9985072016716003,,0.5292407274246216,,0.08599670231342316
,1360.0,7,6.008275886415504e-05,39299,,3.7690398693084717,,1.2777771949768066,,0.5293319225311279,,0.08602923154830933
,1360.0,7,6.0027585277566686e-05,39349,,5.310944080352783,,1.3011502027511597,,0.5294373035430908,,0.08605320006608963
,1376.0,7,5.997241532895714e-05,39399,,3.746164083480835,,1.2919989824295044,,0.5295371413230896,,0.08607780933380127
,1348.0,7,5.991724174236879e-05,39449,,4.214568138122559,,1.406187653541565,,0.5296120643615723,,0.08610726147890091
,1392.0,7,5.9862068155780435e-05,39499,,4.007406711578369,,1.2517633438110352,,0.5297067165374756,,0.08614321798086166
,1368.0,7,5.980689820717089e-05,39549,,3.7534472942352295,,1.1135833263397217,,0.529805064201355,,0.08617525547742844
,1364.0,7,5.9751724620582536e-05,39599,,2.98364520072937,,1.1276214122772217,,0.5298855304718018,,0.08621011674404144
,1372.0,7,5.969655103399418e-05,39649,,3.981536626815796,,1.411084771156311,,0.5299555659294128,,0.08624739199876785
,1348.0,7,5.964138108538464e-05,39699,,4.332056999206543,,1.2422325611114502,,0.5300288200378418,,0.08628023415803909
,1360.0,7,5.9586207498796284e-05,39749,,4.280350685119629,,1.3009523153305054,,0.5301076769828796,,0.08631638437509537
,1348.0,7,5.953103391220793e-05,39799,,3.56722092628479,,1.1570711135864258,,0.5301796197891235,,0.08634553104639053
,1364.0,7,5.947586032561958e-05,39849,,3.8853039741516113,,0.9064635038375854,,0.5302711725234985,,0.0863676443696022
,1408.0,7,5.942069037701003e-05,39899,,3.688162326812744,,1.1335906982421875,,0.5303495526313782,,0.0863889679312706
,1368.0,7,5.936551679042168e-05,39949,,6.232595920562744,,1.8092856407165527,,0.5304219722747803,,0.08641449362039566
,1372.0,7,5.931034320383333e-05,39999,,3.567455530166626,,1.0282495021820068,,0.530515193939209,,0.0864311009645462
,1356.0,7,5.925517325522378e-05,40049,,4.74592924118042,,1.4195570945739746,,0.5305882692337036,,0.08645724505186081
,1364.0,7,5.919999966863543e-05,40099,,5.079577445983887,,1.508951187133789,,0.5306622385978699,,0.08647774159908295
,1416.0,7,5.9144826082047075e-05,40149,,3.5514588356018066,,1.0811243057250977,,0.5307363867759705,,0.08650530874729156
,1356.0,7,5.908965613343753e-05,40199,,4.479440212249756,,1.199256181716919,,0.5308162569999695,,0.08653327822685242
,1320.0,7,5.9034482546849176e-05,40249,,4.20989465713501,,1.50794517993927,,0.5308993458747864,,0.08656039834022522
,1344.0,7,5.897930896026082e-05,40299,,4.253015041351318,,1.329892635345459,,0.5309790968894958,,0.08657735586166382
,1364.0,7,5.892413901165128e-05,40349,,4.193620204925537,,0.9999839067459106,,0.531063437461853,,0.08659650385379791
,1372.0,7,5.8868965425062925e-05,40399,,3.005837917327881,,1.078717589378357,,0.531144380569458,,0.08662451058626175
,1352.0,7,5.881379183847457e-05,40449,,2.9333558082580566,,0.9490487575531006,,0.5312411189079285,,0.08664588630199432
,1404.0,7,5.8758621889865026e-05,40499,,3.4827351570129395,,1.0789257287979126,,0.5313283801078796,,0.08667589724063873
,1328.0,7,5.870344830327667e-05,40549,,4.790754318237305,,1.7175191640853882,,0.5314054489135742,,0.08669453114271164
,1384.0,7,5.864827471668832e-05,40599,,3.711949348449707,,1.1541539430618286,,0.531487226486206,,0.08671250939369202
,1380.0,7,5.8593104768078774e-05,40649,,5.66292142868042,,1.364105224609375,,0.5315937995910645,,0.0867300033569336
,1388.0,7,5.853793118149042e-05,40699,,4.321722984313965,,1.360466718673706,,0.5316639542579651,,0.08674778789281845
,1384.0,7,5.848275759490207e-05,40749,,4.085340976715088,,1.4024001359939575,,0.5317540764808655,,0.08677101135253906
,1392.0,7,5.842758764629252e-05,40799,,3.493117570877075,,1.1101757287979126,,0.5318403840065002,,0.08679226785898209
,1376.0,7,5.837241405970417e-05,40849,,4.836254596710205,,1.3853139877319336,,0.5319106578826904,,0.08681217581033707
,1360.0,7,5.831724047311582e-05,40899,,3.7466342449188232,,1.2058637142181396,,0.5319995880126953,,0.08682862669229507
,1336.0,7,5.826207052450627e-05,40949,,4.862628936767578,,1.5079668760299683,,0.5320782661437988,,0.0868493914604187
,1364.0,7,5.820689693791792e-05,40999,,2.932504177093506,,1.0828708410263062,,0.5321423411369324,,0.08686687797307968
,1380.0,7,5.8151723351329565e-05,41049,,5.943404197692871,,1.5075764656066895,,0.5322059392929077,,0.08687969297170639
,1356.0,7,5.809655340272002e-05,41099,,4.9028801918029785,,1.540000557899475,,0.5322845578193665,,0.08690096437931061
,1368.0,7,5.8041379816131666e-05,41149,,3.9638309478759766,,1.2981377840042114,,0.5323623418807983,,0.08692257106304169
,1336.0,7,5.798620622954331e-05,41199,,3.7221109867095947,,1.1312382221221924,,0.5324342846870422,,0.08694315701723099
,1356.0,7,5.793103628093377e-05,41249,,3.631268262863159,,1.205448865890503,,0.5325071811676025,,0.08695866167545319
,1364.0,7,5.7875862694345415e-05,41299,,4.7852911949157715,,1.4967052936553955,,0.5325866937637329,,0.08697839081287384
,1396.0,7,5.782068910775706e-05,41349,,5.688544273376465,,1.4563534259796143,,0.5326573848724365,,0.08699866384267807
,1376.0,7,5.776551552116871e-05,41399,,3.0834007263183594,,0.9835498929023743,,0.5327162146568298,,0.08701486140489578
,1372.0,7,5.771034557255916e-05,41449,,3.95986008644104,,1.220177173614502,,0.5328116416931152,,0.08702953904867172
,1376.0,7,5.765517198597081e-05,41499,,4.149861812591553,,1.0536328554153442,,0.5328930616378784,,0.08704132586717606
,1364.0,7,5.759999839938246e-05,41549,,4.300775527954102,,1.1098482608795166,,0.5329805612564087,,0.08705342561006546
,1416.0,7,5.754482845077291e-05,41599,,5.01479959487915,,1.5488691329956055,,0.5330430269241333,,0.0870746374130249
1365.479736328125,,7,,41631,4.2625226974487305,,1.2839499711990356,,0.5287947058677673,,0.08585820347070694,
,1348.0,8,5.748965486418456e-05,41649,,4.280179500579834,,1.1750127077102661,,0.5331267714500427,,0.08708652853965759
,1360.0,8,5.7434481277596205e-05,41699,,4.979506969451904,,1.4339399337768555,,0.5332057476043701,,0.08710680156946182
,1400.0,8,5.737931132898666e-05,41749,,4.429356098175049,,1.5434075593948364,,0.5332855582237244,,0.08712360262870789
,1372.0,8,5.732413774239831e-05,41799,,3.7618203163146973,,1.0278769731521606,,0.533370316028595,,0.08713743090629578
,1384.0,8,5.7268964155809954e-05,41849,,4.325757026672363,,1.372927188873291,,0.5334390997886658,,0.08716166764497757
,1400.0,8,5.721379420720041e-05,41899,,4.427944660186768,,1.3242534399032593,,0.5335125923156738,,0.08717818558216095
,1344.0,8,5.7158620620612055e-05,41949,,4.269710063934326,,1.36307692527771,,0.5335946679115295,,0.08718658983707428
,1384.0,8,5.71034470340237e-05,41999,,5.067491054534912,,1.3366076946258545,,0.5336565971374512,,0.08720611035823822
,1388.0,8,5.7048277085414156e-05,42049,,3.5587761402130127,,0.928526759147644,,0.5337414145469666,,0.0872204601764679
,1380.0,8,5.6993103498825803e-05,42099,,5.0308403968811035,,1.2228209972381592,,0.5338222980499268,,0.08723106235265732
,1384.0,8,5.693792991223745e-05,42149,,3.9506583213806152,,1.3436037302017212,,0.5338832139968872,,0.08724397420883179
,1344.0,8,5.6882759963627905e-05,42199,,3.3968372344970703,,0.8239564299583435,,0.5339560508728027,,0.08725952357053757
,1344.0,8,5.682758637703955e-05,42249,,5.181707382202148,,1.504056692123413,,0.5340192914009094,,0.08728522062301636
,1368.0,8,5.67724127904512e-05,42299,,4.9719038009643555,,1.3639203310012817,,0.5340974926948547,,0.0872965082526207
,1360.0,8,5.671724284184165e-05,42349,,4.180240631103516,,0.998234212398529,,0.5341688990592957,,0.08731534332036972
,1352.0,8,5.66620692552533e-05,42399,,4.41597843170166,,1.1682729721069336,,0.5342461466789246,,0.08732909709215164
,1348.0,8,5.660689566866495e-05,42449,,4.890317916870117,,1.308125615119934,,0.5343258380889893,,0.08735063672065735
,1348.0,8,5.65517257200554e-05,42499,,4.890583038330078,,1.5308691263198853,,0.5343961119651794,,0.08736944943666458
,1360.0,8,5.649655213346705e-05,42549,,4.9044084548950195,,1.2781164646148682,,0.5344720482826233,,0.08739186078310013
,1380.0,8,5.6441378546878695e-05,42599,,5.073983192443848,,1.229818344116211,,0.534548819065094,,0.08740340918302536
,1312.0,8,5.638620859826915e-05,42649,,3.39536452293396,,1.1080998182296753,,0.5346167683601379,,0.08741530776023865
,1348.0,8,5.63310350116808e-05,42699,,4.690345764160156,,1.4851219654083252,,0.5346867442131042,,0.08742516487836838
,1372.0,8,5.6275861425092444e-05,42749,,5.597829341888428,,1.556715726852417,,0.5347593426704407,,0.08743355423212051
,1356.0,8,5.622068783850409e-05,42799,,3.920133352279663,,1.0484764575958252,,0.5348332524299622,,0.0874427929520607
,1372.0,8,5.6165517889894545e-05,42849,,4.516633987426758,,1.406530499458313,,0.534896194934845,,0.08745215088129044
,1396.0,8,5.611034430330619e-05,42899,,5.958285331726074,,1.5953024625778198,,0.5349611639976501,,0.08747867494821548
,1392.0,8,5.605517071671784e-05,42949,,4.111490249633789,,1.2689908742904663,,0.5350304841995239,,0.08750247210264206
,1380.0,8,5.6000000768108293e-05,42999,,3.9896936416625977,,1.35321843624115,,0.5351309776306152,,0.08752752095460892
,1340.0,8,5.594482718151994e-05,43049,,3.1945714950561523,,0.8810046911239624,,0.5351946353912354,,0.08755398541688919
,1344.0,8,5.588965359493159e-05,43099,,5.137418746948242,,1.3187239170074463,,0.5352583527565002,,0.0875847190618515
,1320.0,8,5.583448364632204e-05,43149,,3.873079538345337,,1.0868219137191772,,0.5353339910507202,,0.08761076629161835
,1384.0,8,5.577931005973369e-05,43199,,4.9146575927734375,,1.3080123662948608,,0.5354254841804504,,0.08763410896062851
,1364.0,8,5.5724136473145336e-05,43249,,4.2405500411987305,,1.2253092527389526,,0.5355090498924255,,0.08766304701566696
,1332.0,8,5.566896652453579e-05,43299,,5.305103302001953,,1.5236409902572632,,0.535564661026001,,0.08769038319587708
,1356.0,8,5.561379293794744e-05,43349,,2.807602643966675,,1.1599409580230713,,0.5356511473655701,,0.0877164825797081
,1396.0,8,5.5558619351359084e-05,43399,,4.701955318450928,,1.4103844165802002,,0.5357035398483276,,0.08774589747190475
,1336.0,8,5.550344940274954e-05,43449,,5.040372848510742,,1.2126822471618652,,0.5357837080955505,,0.08776802569627762
,1364.0,8,5.5448275816161186e-05,43499,,5.330639362335205,,1.5411405563354492,,0.5358524918556213,,0.08779994398355484
,1376.0,8,5.539310222957283e-05,43549,,4.366642475128174,,1.322189211845398,,0.535916805267334,,0.08782684057950974
,1372.0,8,5.533793228096329e-05,43599,,5.36932373046875,,1.4392668008804321,,0.5359916687011719,,0.0878530740737915
,1352.0,8,5.5282758694374934e-05,43649,,4.876413345336914,,1.5274302959442139,,0.5360803604125977,,0.08787813037633896
,1336.0,8,5.522758510778658e-05,43699,,4.172173976898193,,1.2061855792999268,,0.5361703634262085,,0.08789917826652527
,1360.0,8,5.5172415159177035e-05,43749,,4.106174468994141,,1.616715908050537,,0.5362427830696106,,0.08793167024850845
,1356.0,8,5.511724157258868e-05,43799,,4.117974281311035,,1.4061667919158936,,0.5363280177116394,,0.0879526287317276
,1388.0,8,5.506206798600033e-05,43849,,4.85122013092041,,1.2796138525009155,,0.536397397518158,,0.08797552436590195
,1368.0,8,5.5006898037390783e-05,43899,,3.985193967819214,,1.2906761169433594,,0.536482036113739,,0.08800036460161209
,1352.0,8,5.495172445080243e-05,43949,,4.589606285095215,,1.0694749355316162,,0.5365506410598755,,0.08802434056997299
,1380.0,8,5.489655086421408e-05,43999,,3.936091423034668,,1.2955323457717896,,0.5366252660751343,,0.08805008977651596
,1376.0,8,5.484138091560453e-05,44049,,3.6272032260894775,,0.8306665420532227,,0.5366972088813782,,0.08806672692298889
,1384.0,8,5.478620732901618e-05,44099,,3.688934087753296,,1.0128413438796997,,0.5367676019668579,,0.08809112012386322
,1352.0,8,5.4731033742427826e-05,44149,,4.394998550415039,,1.4537347555160522,,0.5368363857269287,,0.08811724931001663
,1356.0,8,5.467586379381828e-05,44199,,4.659643173217773,,1.3254024982452393,,0.5368888974189758,,0.08815228193998337
,1340.0,8,5.462069020722993e-05,44249,,5.58935022354126,,1.6620445251464844,,0.5369517207145691,,0.08818083256483078
,1400.0,8,5.4565516620641574e-05,44299,,4.7380781173706055,,1.3994954824447632,,0.5370288491249084,,0.08820786327123642
,1388.0,8,5.451034303405322e-05,44349,,4.317140102386475,,1.2553987503051758,,0.5371109247207642,,0.0882335752248764
,1380.0,8,5.4455173085443676e-05,44399,,5.191403865814209,,1.3038718700408936,,0.5371831655502319,,0.08826692402362823
,1372.0,8,5.439999949885532e-05,44449,,4.845759391784668,,1.06964910030365,,0.5372422933578491,,0.08829470723867416
,1396.0,8,5.434482591226697e-05,44499,,4.942993640899658,,1.4437583684921265,,0.5373156666755676,,0.08832480758428574
,1372.0,8,5.4289655963657424e-05,44549,,5.382150173187256,,1.4754923582077026,,0.5373705625534058,,0.08834806084632874
,1376.0,8,5.423448237706907e-05,44599,,5.78600549697876,,1.3110988140106201,,0.5374409556388855,,0.08837419748306274
,1380.0,8,5.417930879048072e-05,44649,,4.210115432739258,,1.2236989736557007,,0.5374841094017029,,0.08839884400367737
,1360.0,8,5.412413884187117e-05,44699,,3.823753833770752,,0.8974868059158325,,0.5375502109527588,,0.08842113614082336
,1364.0,8,5.406896525528282e-05,44749,,4.216895580291748,,1.2558982372283936,,0.5376138091087341,,0.088441401720047
,1352.0,8,5.4013791668694466e-05,44799,,4.710331439971924,,1.0863484144210815,,0.5376782417297363,,0.08846744149923325
,1368.0,8,5.395862172008492e-05,44849,,4.250329494476318,,1.3436808586120605,,0.5377603769302368,,0.08849260210990906
,1356.0,8,5.390344813349657e-05,44899,,4.941218376159668,,1.6031486988067627,,0.5378401279449463,,0.08851766586303711
,1348.0,8,5.3848274546908215e-05,44949,,4.432591915130615,,1.0377130508422852,,0.5378947854042053,,0.0885472372174263
,1380.0,8,5.379310459829867e-05,44999,,6.201491832733154,,1.4373420476913452,,0.537976086139679,,0.0885750874876976
,1396.0,8,5.3737931011710316e-05,45049,,3.818301200866699,,1.0864602327346802,,0.5380535125732422,,0.08860237151384354
,1380.0,8,5.368275742512196e-05,45099,,6.529902458190918,,1.5722283124923706,,0.5381175875663757,,0.08863017708063126
,1388.0,8,5.362758747651242e-05,45149,,2.713974714279175,,0.85887211561203,,0.5381821990013123,,0.08866178244352341
,1380.0,8,5.3572413889924064e-05,45199,,5.184872150421143,,1.3989776372909546,,0.5382471680641174,,0.08868959546089172
,1380.0,8,5.351724030333571e-05,45249,,4.141034126281738,,0.9478695392608643,,0.5383017659187317,,0.08871929347515106
,1340.0,8,5.3462070354726166e-05,45299,,5.699377059936523,,1.45407235622406,,0.538374662399292,,0.08874423056840897
,1352.0,8,5.340689676813781e-05,45349,,4.495673179626465,,1.6286895275115967,,0.5384408235549927,,0.08877971023321152
,1324.0,8,5.335172318154946e-05,45399,,4.901733875274658,,1.375864863395691,,0.5385105609893799,,0.08881174027919769
,1380.0,8,5.3296553232939914e-05,45449,,5.939328193664551,,1.5205838680267334,,0.5385669469833374,,0.08883362263441086
,1344.0,8,5.324137964635156e-05,45499,,5.424531936645508,,1.3345521688461304,,0.5386393666267395,,0.08886352181434631
,1388.0,8,5.318620605976321e-05,45549,,4.474609851837158,,1.5388602018356323,,0.538699746131897,,0.088896743953228
,1356.0,8,5.313103611115366e-05,45599,,5.812705039978027,,1.8006874322891235,,0.5387684106826782,,0.0889257863163948
,1364.0,8,5.307586252456531e-05,45649,,5.5040411949157715,,1.26681387424469,,0.538848340511322,,0.08894920349121094
,1348.0,8,5.3020688937976956e-05,45699,,5.374500274658203,,1.1381213665008545,,0.5389178395271301,,0.0889713391661644
,1336.0,8,5.296551898936741e-05,45749,,4.106525421142578,,1.1394048929214478,,0.5389927625656128,,0.08899857848882675
,1356.0,8,5.291034540277906e-05,45799,,3.10685133934021,,0.8665164113044739,,0.539063036441803,,0.08902421593666077
,1380.0,8,5.2855171816190705e-05,45849,,4.387276649475098,,0.9930880069732666,,0.5391351580619812,,0.08904973417520523
,1340.0,8,5.279999822960235e-05,45899,,4.509647846221924,,1.216033935546875,,0.5391947627067566,,0.08908256888389587
,1344.0,8,5.2744828280992806e-05,45949,,4.4729905128479,,1.0276659727096558,,0.5392700433731079,,0.08911509066820145
,1384.0,8,5.268965469440445e-05,45999,,5.370904445648193,,1.4302549362182617,,0.5393346548080444,,0.08914031088352203
,1372.0,8,5.26344811078161e-05,46049,,4.661892890930176,,1.0656931400299072,,0.5394089818000793,,0.08915802091360092
,1392.0,8,5.2579311159206554e-05,46099,,6.328554630279541,,1.377508521080017,,0.5394718050956726,,0.0891876220703125
,1356.0,8,5.25241375726182e-05,46149,,4.270009994506836,,1.098302960395813,,0.5395400524139404,,0.08921276777982712
,1376.0,8,5.246896398602985e-05,46199,,5.076376914978027,,0.9118370413780212,,0.5396198034286499,,0.0892379879951477
,1368.0,8,5.24137940374203e-05,46249,,4.364755153656006,,1.230169653892517,,0.5396902561187744,,0.08925992995500565
,1384.0,8,5.235862045083195e-05,46299,,5.085549354553223,,1.2824738025665283,,0.5397467017173767,,0.0892922431230545
,1396.0,8,5.23034468642436e-05,46349,,4.296723365783691,,1.1008074283599854,,0.5398231744766235,,0.08931489288806915
,1368.0,8,5.224827691563405e-05,46399,,4.386345386505127,,1.0887389183044434,,0.5398790240287781,,0.08934149891138077
,1356.0,8,5.21931033290457e-05,46449,,3.2330949306488037,,1.033100962638855,,0.5399572253227234,,0.08936505764722824
,1320.0,8,5.2137929742457345e-05,46499,,6.0187225341796875,,1.3412894010543823,,0.5400311350822449,,0.08940241485834122
,1388.0,8,5.20827597938478e-05,46549,,3.9719595909118652,,1.0548783540725708,,0.5401139855384827,,0.08943446725606918
,1376.0,8,5.2027586207259446e-05,46599,,5.086101055145264,,1.3922984600067139,,0.5401949286460876,,0.08946598321199417
,1344.0,8,5.1972412620671093e-05,46649,,4.082406520843506,,0.8942673206329346,,0.5402641892433167,,0.08949767053127289
,1384.0,8,5.191724267206155e-05,46699,,4.9021148681640625,,1.4024858474731445,,0.5403392910957336,,0.08952508866786957
,1372.0,8,5.1862069085473195e-05,46749,,4.254078388214111,,1.1254754066467285,,0.5404101014137268,,0.08955767750740051
,1404.0,8,5.180689549888484e-05,46799,,3.9659416675567627,,0.8752050399780273,,0.540469765663147,,0.08959175646305084
1365.475341796875,,8,,46835,4.604846954345703,,1.263953447341919,,0.5368697643280029,,0.0882219448685646,
,1368.0,9,5.1751725550275296e-05,46849,,4.186582088470459,,1.000808596611023,,0.540541410446167,,0.08961852639913559
,1364.0,9,5.169655196368694e-05,46899,,3.672292947769165,,1.0388628244400024,,0.5406047105789185,,0.08964701741933823
,1384.0,9,5.164137837709859e-05,46949,,4.760021686553955,,1.3224049806594849,,0.5406643152236938,,0.08967950940132141
,1376.0,9,5.1586208428489044e-05,46999,,6.184080123901367,,1.422518014907837,,0.5407198071479797,,0.08970312774181366
,1352.0,9,5.153103484190069e-05,47049,,4.866154193878174,,1.4102325439453125,,0.5407915711402893,,0.08972703665494919
,1372.0,9,5.147586125531234e-05,47099,,5.690602779388428,,1.224278211593628,,0.5408610701560974,,0.08975809067487717
,1368.0,9,5.142069130670279e-05,47149,,5.1927971839904785,,1.3129137754440308,,0.5409175753593445,,0.08978059887886047
,1380.0,9,5.136551772011444e-05,47199,,5.011063575744629,,1.416648507118225,,0.5409825444221497,,0.08980591595172882
,1320.0,9,5.131034413352609e-05,47249,,2.6311395168304443,,0.883689820766449,,0.5410524010658264,,0.08983058482408524
,1360.0,9,5.125517418491654e-05,47299,,4.958784103393555,,1.3586143255233765,,0.5411174297332764,,0.08986127376556396
,1340.0,9,5.120000059832819e-05,47349,,5.809591770172119,,1.3303521871566772,,0.5411815643310547,,0.08989265561103821
,1352.0,9,5.1144827011739835e-05,47399,,2.764268398284912,,1.0467673540115356,,0.541251003742218,,0.08992255479097366
,1336.0,9,5.108965342515148e-05,47449,,5.8016180992126465,,1.5784428119659424,,0.5413119792938232,,0.08994519710540771
,1344.0,9,5.1034483476541936e-05,47499,,2.8272719383239746,,0.9392202496528625,,0.5413781404495239,,0.08996959775686264
,1396.0,9,5.0979309889953583e-05,47549,,5.958686351776123,,1.2539960145950317,,0.5414608120918274,,0.08999289572238922
,1372.0,9,5.092413630336523e-05,47599,,4.351932048797607,,1.2822179794311523,,0.5415215492248535,,0.09001772105693817
,1348.0,9,5.0868966354755685e-05,47649,,4.935123920440674,,1.262986660003662,,0.5415828824043274,,0.09004039317369461
,1380.0,9,5.081379276816733e-05,47699,,4.452733993530273,,1.3820295333862305,,0.5416451096534729,,0.09006445854902267
,1380.0,9,5.075861918157898e-05,47749,,4.967467308044434,,1.4613498449325562,,0.5417116284370422,,0.09008131176233292
,1384.0,9,5.070344923296943e-05,47799,,5.94713830947876,,1.2612375020980835,,0.5417762398719788,,0.09010890871286392
,1364.0,9,5.064827564638108e-05,47849,,5.370816707611084,,1.396026849746704,,0.5418365001678467,,0.09013456851243973
,1396.0,9,5.059310205979273e-05,47899,,4.509873390197754,,1.1455782651901245,,0.5419023633003235,,0.09016989916563034
,1352.0,9,5.053793211118318e-05,47949,,6.21237325668335,,1.7060481309890747,,0.541961669921875,,0.09019436687231064
,1344.0,9,5.048275852459483e-05,47999,,5.866682052612305,,1.3518956899642944,,0.5420181155204773,,0.09022011607885361
,1336.0,9,5.0427584938006476e-05,48049,,4.277448654174805,,1.0516705513000488,,0.5420818328857422,,0.09024981409311295
,1344.0,9,5.037241498939693e-05,48099,,6.230563640594482,,1.3653208017349243,,0.5421522855758667,,0.09027116745710373
,1404.0,9,5.031724140280858e-05,48149,,5.847447872161865,,1.4529320001602173,,0.5422174334526062,,0.09030014276504517
,1376.0,9,5.0262067816220224e-05,48199,,4.230825424194336,,1.129504919052124,,0.5422789454460144,,0.09032406657934189
,1392.0,9,5.020689786761068e-05,48249,,4.944066524505615,,1.220209002494812,,0.5423322916030884,,0.09034886956214905
,1364.0,9,5.0151724281022325e-05,48299,,4.222400188446045,,1.1287736892700195,,0.542393147945404,,0.09036881476640701
,1336.0,9,5.009655069443397e-05,48349,,5.628134250640869,,1.1863164901733398,,0.5424659252166748,,0.09038734436035156
,1364.0,9,5.0041380745824426e-05,48399,,4.331864356994629,,1.0514940023422241,,0.5425291657447815,,0.09040843695402145
,1368.0,9,4.9986207159236073e-05,48449,,3.6291637420654297,,0.9701635241508484,,0.5425941944122314,,0.0904390960931778
,1340.0,9,4.993103357264772e-05,48499,,5.574028491973877,,1.2357712984085083,,0.5426571369171143,,0.09046193957328796
,1372.0,9,4.9875863624038175e-05,48549,,4.000731945037842,,1.2640031576156616,,0.5427165627479553,,0.09048651903867722
,1356.0,9,4.982069003744982e-05,48599,,6.742312431335449,,1.505638599395752,,0.5427774786949158,,0.09051433205604553
,1404.0,9,4.976551645086147e-05,48649,,5.255491256713867,,1.2894256114959717,,0.5428444743156433,,0.09053466469049454
,1368.0,9,4.971034650225192e-05,48699,,5.576154708862305,,1.4316140413284302,,0.5429142117500305,,0.0905507281422615
,1368.0,9,4.965517291566357e-05,48749,,5.755234718322754,,1.2149947881698608,,0.5429795980453491,,0.0905747264623642
,1352.0,9,4.959999932907522e-05,48799,,5.8282999992370605,,1.2607126235961914,,0.5430625677108765,,0.0905938670039177
,1364.0,9,4.954482938046567e-05,48849,,6.060976028442383,,1.5436009168624878,,0.5431299209594727,,0.09061963856220245
,1332.0,9,4.948965579387732e-05,48899,,4.775808811187744,,1.044887900352478,,0.5431976914405823,,0.09064313024282455
,1340.0,9,4.9434482207288966e-05,48949,,4.322265625,,0.9287500381469727,,0.5432743430137634,,0.09066663682460785
,1368.0,9,4.937930862070061e-05,48999,,3.9191157817840576,,0.9324049949645996,,0.5433418154716492,,0.09068959951400757
,1400.0,9,4.932413867209107e-05,49049,,4.490952491760254,,1.1379904747009277,,0.5434037446975708,,0.09071540832519531
,1360.0,9,4.9268965085502714e-05,49099,,5.646401405334473,,1.699044108390808,,0.5434583425521851,,0.0907379761338234
,1384.0,9,4.921379149891436e-05,49149,,4.753785610198975,,1.32877516746521,,0.5435172915458679,,0.09075875580310822
,1364.0,9,4.9158621550304815e-05,49199,,5.824224472045898,,1.6026328802108765,,0.5435848236083984,,0.09078533202409744
,1368.0,9,4.910344796371646e-05,49249,,5.106858730316162,,1.4478086233139038,,0.5436460971832275,,0.09081246703863144
,1404.0,9,4.904827437712811e-05,49299,,3.670264959335327,,1.0996253490447998,,0.5437015295028687,,0.09083400666713715
,1408.0,9,4.8993104428518564e-05,49349,,4.900662422180176,,1.1175868511199951,,0.5437715649604797,,0.09084906429052353
,1380.0,9,4.893793084193021e-05,49399,,5.144720077514648,,1.2344257831573486,,0.5438339710235596,,0.09086964279413223
,1376.0,9,4.888275725534186e-05,49449,,5.441221237182617,,1.6381484270095825,,0.5438954830169678,,0.0908908024430275
,1400.0,9,4.882758730673231e-05,49499,,4.469395637512207,,1.3867616653442383,,0.5439602732658386,,0.09091491997241974
,1344.0,9,4.877241372014396e-05,49549,,5.629347801208496,,1.475190281867981,,0.5440225005149841,,0.09093672037124634
,1364.0,9,4.8717240133555606e-05,49599,,5.2755446434021,,1.2399598360061646,,0.5440889000892639,,0.09095663577318192
,1356.0,9,4.866207018494606e-05,49649,,5.566720962524414,,1.2640618085861206,,0.544151782989502,,0.09097407758235931
,1404.0,9,4.860689659835771e-05,49699,,4.898557186126709,,1.414604663848877,,0.5442051887512207,,0.09099891036748886
,1400.0,9,4.8551723011769354e-05,49749,,5.370084285736084,,1.3139839172363281,,0.5442636609077454,,0.09102083742618561
,1388.0,9,4.849655306315981e-05,49799,,4.784388542175293,,1.1597353219985962,,0.5443187355995178,,0.09104353189468384
,1384.0,9,4.8441379476571456e-05,49849,,5.184463977813721,,1.1402504444122314,,0.5443755984306335,,0.0910644382238388
,1368.0,9,4.83862058899831e-05,49899,,4.751308917999268,,1.046693205833435,,0.5444303750991821,,0.09109137952327728
,1388.0,9,4.833103594137356e-05,49949,,6.297840595245361,,1.5571156740188599,,0.5444874167442322,,0.09111666679382324
,1392.0,9,4.8275862354785204e-05,49999,,6.570179462432861,,1.7762160301208496,,0.5445519685745239,,0.09113609790802002
,1352.0,9,4.822068876819685e-05,50049,,5.643153667449951,,1.1669543981552124,,0.5446070432662964,,0.09115608781576157
,1380.0,9,4.8165518819587305e-05,50099,,5.533395767211914,,1.4737931489944458,,0.5446513891220093,,0.09117992222309113
,1376.0,9,4.811034523299895e-05,50149,,3.626112937927246,,1.0390346050262451,,0.5447244644165039,,0.09120243042707443
,1388.0,9,4.80551716464106e-05,50199,,6.373590469360352,,1.5782644748687744,,0.5447883009910583,,0.09123009443283081
,1360.0,9,4.8000001697801054e-05,50249,,7.474066257476807,,1.1105912923812866,,0.5448403358459473,,0.09125825017690659
,1372.0,9,4.79448281112127e-05,50299,,5.9259352684021,,1.2533929347991943,,0.5449032187461853,,0.09128005057573318
,1360.0,9,4.788965452462435e-05,50349,,7.999411582946777,,1.5523141622543335,,0.5449656844139099,,0.09130194783210754
,1368.0,9,4.78344845760148e-05,50399,,5.282773017883301,,1.2479724884033203,,0.5450215339660645,,0.09133323282003403
,1392.0,9,4.777931098942645e-05,50449,,5.806936264038086,,1.2467671632766724,,0.5450840592384338,,0.09135324507951736
,1356.0,9,4.7724137402838096e-05,50499,,5.72192907333374,,1.2690547704696655,,0.5451301336288452,,0.0913824513554573
,1364.0,9,4.766896381624974e-05,50549,,4.510272979736328,,1.0375733375549316,,0.5451923608779907,,0.09140927344560623
,1348.0,9,4.76137938676402e-05,50599,,6.756082534790039,,1.5346697568893433,,0.545254111289978,,0.09143102169036865
,1364.0,9,4.7558620281051844e-05,50649,,3.837205171585083,,1.0815865993499756,,0.5453092455863953,,0.09145183116197586
,1364.0,9,4.750344669446349e-05,50699,,5.742990016937256,,1.1743062734603882,,0.545379638671875,,0.09147173911333084
,1344.0,9,4.7448276745853946e-05,50749,,4.081664562225342,,1.255218744277954,,0.5454379320144653,,0.09149538725614548
,1376.0,9,4.739310315926559e-05,50799,,4.69360876083374,,1.1509191989898682,,0.5454913973808289,,0.09151823073625565
,1324.0,9,4.733792957267724e-05,50849,,3.284946918487549,,1.0985032320022583,,0.545549750328064,,0.09153858572244644
,1368.0,9,4.7282759624067694e-05,50899,,4.926785945892334,,1.1433417797088623,,0.5456088781356812,,0.09155847132205963
,1368.0,9,4.722758603747934e-05,50949,,3.5261971950531006,,0.822856068611145,,0.5456686615943909,,0.09157940745353699
,1376.0,9,4.717241245089099e-05,50999,,3.8087408542633057,,1.1263213157653809,,0.5457397699356079,,0.09160406142473221
,1340.0,9,4.711724250228144e-05,51049,,4.368268966674805,,0.6576958298683167,,0.5457981824874878,,0.09162794053554535
,1356.0,9,4.706206891569309e-05,51099,,7.017390727996826,,1.6514596939086914,,0.5458470582962036,,0.0916571393609047
,1396.0,9,4.7006895329104736e-05,51149,,5.42771577835083,,1.3359688520431519,,0.5459128618240356,,0.09168114513158798
,1344.0,9,4.695172538049519e-05,51199,,4.588659763336182,,1.1470143795013428,,0.545967161655426,,0.09170964360237122
,1404.0,9,4.689655179390684e-05,51249,,5.478551864624023,,1.2550557851791382,,0.5460277199745178,,0.09172643721103668
,1372.0,9,4.6841378207318485e-05,51299,,3.397427797317505,,0.9368146657943726,,0.5461006760597229,,0.09174484759569168
,1372.0,9,4.678620825870894e-05,51349,,4.149505138397217,,0.7753620743751526,,0.5461711883544922,,0.09176583588123322
,1344.0,9,4.6731034672120586e-05,51399,,4.217060565948486,,1.099229097366333,,0.546232283115387,,0.09178691357374191
,1360.0,9,4.667586108553223e-05,51449,,4.887112617492676,,1.033979892730713,,0.5462942719459534,,0.09180717170238495
,1360.0,9,4.662069113692269e-05,51499,,5.552385330200195,,1.3812187910079956,,0.5463516116142273,,0.09182769060134888
,1360.0,9,4.6565517550334334e-05,51549,,4.963169097900391,,1.1185017824172974,,0.5464155673980713,,0.09185327589511871
,1344.0,9,4.651034396374598e-05,51599,,5.5857696533203125,,1.0634034872055054,,0.5464766025543213,,0.09187208116054535
,1356.0,9,4.6455174015136436e-05,51649,,6.305037021636963,,1.4429019689559937,,0.5465478897094727,,0.09188901633024216
,1376.0,9,4.640000042854808e-05,51699,,4.346150875091553,,1.1732136011123657,,0.5466142892837524,,0.09190483391284943
,1384.0,9,4.634482684195973e-05,51749,,5.149420261383057,,1.3028569221496582,,0.5466554164886475,,0.09192542731761932
,1376.0,9,4.6289656893350184e-05,51799,,4.0373215675354,,0.9150426387786865,,0.5467268228530884,,0.09194444864988327
,1324.0,9,4.623448330676183e-05,51849,,6.74674129486084,,1.5316685438156128,,0.5467714071273804,,0.09196548163890839
,1348.0,9,4.617930972017348e-05,51899,,5.5333428382873535,,0.8969165086746216,,0.5468250513076782,,0.09198175370693207
,1400.0,9,4.6124136133585125e-05,51949,,5.915052890777588,,1.0103228092193604,,0.5468910336494446,,0.09200149029493332
,1396.0,9,4.606896618497558e-05,51999,,5.963935375213623,,1.327322244644165,,0.546949028968811,,0.09201699495315552
1366.156005859375,,9,,52039,5.079501152038574,,1.243046522140503,,0.5438175797462463,,0.09087686240673065,
,1360.0,10,4.6013792598387226e-05,52049,,5.006011486053467,,1.1160941123962402,,0.5469977855682373,,0.09203857183456421
,1356.0,10,4.5958619011798874e-05,52099,,5.555185794830322,,0.9970895051956177,,0.5470666289329529,,0.09205768257379532
,1328.0,10,4.590344906318933e-05,52149,,5.121389865875244,,1.5394452810287476,,0.5471239686012268,,0.09208109229803085
,1360.0,10,4.5848275476600975e-05,52199,,3.8080389499664307,,0.8383192420005798,,0.547179639339447,,0.09209669381380081
,1376.0,10,4.579310189001262e-05,52249,,3.787290096282959,,1.0494379997253418,,0.5472373962402344,,0.09211640805006027
,1332.0,10,4.5737931941403076e-05,52299,,3.605154275894165,,1.083313226699829,,0.5472950339317322,,0.09213101863861084
,1388.0,10,4.568275835481472e-05,52349,,5.303200721740723,,1.0710206031799316,,0.5473353862762451,,0.09215378016233444
,1408.0,10,4.562758476822637e-05,52399,,5.73435640335083,,1.7601864337921143,,0.5473899841308594,,0.0921752005815506
,1352.0,10,4.5572414819616824e-05,52449,,4.352949619293213,,0.9025893211364746,,0.5474521517753601,,0.09219705313444138
,1400.0,10,4.551724123302847e-05,52499,,4.858152866363525,,1.3267074823379517,,0.5475080013275146,,0.092217355966568
,1360.0,10,4.546206764644012e-05,52549,,5.61285924911499,,1.3453075885772705,,0.5475636124610901,,0.09224516153335571
,1372.0,10,4.540689769783057e-05,52599,,5.515480041503906,,1.2471227645874023,,0.5476136207580566,,0.09227504581212997
,1356.0,10,4.535172411124222e-05,52649,,7.236081600189209,,1.4073837995529175,,0.547664225101471,,0.09230249375104904
,1380.0,10,4.529655052465387e-05,52699,,5.562723159790039,,1.092149257659912,,0.5477262735366821,,0.09232673794031143
,1392.0,10,4.524138057604432e-05,52749,,4.484455585479736,,0.8803195953369141,,0.547783374786377,,0.0923512727022171
,1368.0,10,4.518620698945597e-05,52799,,4.244185447692871,,1.2201690673828125,,0.5478212833404541,,0.09237559139728546
,1396.0,10,4.5131033402867615e-05,52849,,5.881271839141846,,1.2247470617294312,,0.5478694438934326,,0.09240372478961945
,1392.0,10,4.507586345425807e-05,52899,,4.774288654327393,,1.0457770824432373,,0.5479322671890259,,0.09243136644363403
,1328.0,10,4.5020689867669716e-05,52949,,4.437043190002441,,1.051682472229004,,0.5479872822761536,,0.09245318174362183
,1364.0,10,4.4965516281081364e-05,52999,,5.347182273864746,,1.1740107536315918,,0.5480359196662903,,0.09247328341007233
,1356.0,10,4.491034633247182e-05,53049,,3.9668726921081543,,1.071549654006958,,0.5481034517288208,,0.09249524772167206
,1360.0,10,4.4855172745883465e-05,53099,,5.7264909744262695,,1.5437390804290771,,0.5481700301170349,,0.09252049773931503
,1348.0,10,4.479999915929511e-05,53149,,4.681687831878662,,1.0854750871658325,,0.5482316613197327,,0.09254489839076996
,1392.0,10,4.4744829210685566e-05,53199,,5.2573676109313965,,1.1877813339233398,,0.5482797622680664,,0.09256387501955032
,1316.0,10,4.468965562409721e-05,53249,,5.598708629608154,,1.3048282861709595,,0.5483260154724121,,0.09258706122636795
,1340.0,10,4.463448203750886e-05,53299,,5.271764278411865,,1.2270575761795044,,0.5483786463737488,,0.09261032193899155
,1388.0,10,4.4579312088899314e-05,53349,,4.426296234130859,,1.2178617715835571,,0.5484353303909302,,0.09262958914041519
,1348.0,10,4.452413850231096e-05,53399,,6.18001651763916,,1.2776719331741333,,0.5484989881515503,,0.09265659004449844
,1388.0,10,4.446896491572261e-05,53449,,4.960644245147705,,1.2450991868972778,,0.5485559105873108,,0.09267611801624298
,1376.0,10,4.4413791329134256e-05,53499,,5.37168550491333,,1.2362068891525269,,0.5486154556274414,,0.09269885718822479
,1372.0,10,4.435862138052471e-05,53549,,6.157961368560791,,1.3858920335769653,,0.5486594438552856,,0.09272062033414841
,1376.0,10,4.430344779393636e-05,53599,,4.698248863220215,,1.446766972541809,,0.5487170219421387,,0.09274126589298248
,1396.0,10,4.4248274207348004e-05,53649,,4.403806686401367,,0.9542372822761536,,0.5487436056137085,,0.09276176989078522
,1404.0,10,4.419310425873846e-05,53699,,5.273473739624023,,1.3574126958847046,,0.5488042831420898,,0.09278494864702225
,1356.0,10,4.4137930672150105e-05,53749,,5.076735019683838,,1.3320236206054688,,0.5488556623458862,,0.09281288832426071
,1384.0,10,4.408275708556175e-05,53799,,4.673948764801025,,1.1795601844787598,,0.5489177107810974,,0.09283231943845749
,1360.0,10,4.4027587136952206e-05,53849,,4.602989673614502,,1.0737709999084473,,0.5489729046821594,,0.09285160154104233
,1332.0,10,4.3972413550363854e-05,53899,,3.23710560798645,,0.8542712330818176,,0.5490311980247498,,0.09287095814943314
,1384.0,10,4.39172399637755e-05,53949,,6.318240165710449,,1.3412270545959473,,0.5490900874137878,,0.09289395809173584
,1368.0,10,4.3862070015165955e-05,53999,,6.91190767288208,,1.626366138458252,,0.5491385459899902,,0.09291720390319824
,1324.0,10,4.38068964285776e-05,54049,,4.483644485473633,,1.1324896812438965,,0.5491908192634583,,0.09293809533119202
,1392.0,10,4.375172284198925e-05,54099,,5.314872741699219,,1.1680119037628174,,0.5492483973503113,,0.09296774119138718
,1368.0,10,4.36965528933797e-05,54149,,5.7363739013671875,,2.09029221534729,,0.5492938756942749,,0.09298985451459885
,1360.0,10,4.364137930679135e-05,54199,,4.665218830108643,,1.3476606607437134,,0.5493704080581665,,0.09300776571035385
,1352.0,10,4.3586205720203e-05,54249,,5.551918983459473,,1.117769718170166,,0.549435019493103,,0.09302698820829391
,1360.0,10,4.353103577159345e-05,54299,,5.7764105796813965,,1.3965346813201904,,0.5494909286499023,,0.09305231273174286
,1356.0,10,4.34758621850051e-05,54349,,4.376646995544434,,0.8961873650550842,,0.5495365858078003,,0.09307220578193665
,1352.0,10,4.3420688598416746e-05,54399,,4.359757900238037,,1.185138463973999,,0.5495817065238953,,0.09309740364551544
,1396.0,10,4.33655186498072e-05,54449,,5.962856769561768,,1.420876383781433,,0.5496230125427246,,0.09312261641025543
,1380.0,10,4.331034506321885e-05,54499,,5.862095832824707,,1.1502697467803955,,0.5496732592582703,,0.09314768761396408
,1380.0,10,4.3255171476630494e-05,54549,,4.7594709396362305,,1.0101732015609741,,0.5497388243675232,,0.0931757465004921
,1332.0,10,4.320000152802095e-05,54599,,5.709049224853516,,1.3351613283157349,,0.5497972965240479,,0.09320006519556046
,1380.0,10,4.3144827941432595e-05,54649,,3.466317653656006,,0.8711710572242737,,0.5498483180999756,,0.09322497993707657
,1400.0,10,4.308965435484424e-05,54699,,5.304301738739014,,1.311594843864441,,0.5499073266983032,,0.09325175732374191
,1368.0,10,4.3034484406234697e-05,54749,,5.189263343811035,,1.4010682106018066,,0.5499610900878906,,0.09327554702758789
,1376.0,10,4.2979310819646344e-05,54799,,4.884037494659424,,1.1688379049301147,,0.5500153303146362,,0.09330437332391739
,1388.0,10,4.292413723305799e-05,54849,,5.598228454589844,,1.3777389526367188,,0.5500655174255371,,0.0933263748884201
,1356.0,10,4.2868967284448445e-05,54899,,5.8386335372924805,,1.2743664979934692,,0.5501082539558411,,0.09335651248693466
,1376.0,10,4.281379369786009e-05,54949,,5.198237419128418,,1.3796916007995605,,0.5501583218574524,,0.09337841719388962
,1336.0,10,4.275862011127174e-05,54999,,5.772983551025391,,1.0077259540557861,,0.5502084493637085,,0.09340570122003555
,1356.0,10,4.2703446524683386e-05,55049,,5.306759834289551,,1.0992481708526611,,0.5502542853355408,,0.09343390166759491
,1312.0,10,4.264827657607384e-05,55099,,5.775394439697266,,1.3028111457824707,,0.5503150820732117,,0.09345806390047073
,1356.0,10,4.259310298948549e-05,55149,,4.65588903427124,,1.0480529069900513,,0.5503668189048767,,0.09348400682210922
,1348.0,10,4.2537929402897134e-05,55199,,4.853127479553223,,0.9515413641929626,,0.5504191517829895,,0.09350740164518356
,1364.0,10,4.248275945428759e-05,55249,,4.157341957092285,,0.9008811712265015,,0.5504775047302246,,0.09352706372737885
,1336.0,10,4.2427585867699236e-05,55299,,5.672565937042236,,1.0046634674072266,,0.5505317449569702,,0.09355027973651886
,1392.0,10,4.237241228111088e-05,55349,,5.194693088531494,,1.214347004890442,,0.5505844354629517,,0.09357994049787521
,1388.0,10,4.231724233250134e-05,55399,,6.57162618637085,,1.4200310707092285,,0.5506401062011719,,0.09360324591398239
,1388.0,10,4.2262068745912984e-05,55449,,3.8694231510162354,,1.0753592252731323,,0.5506822466850281,,0.09362688660621643
,1380.0,10,4.220689515932463e-05,55499,,6.654658794403076,,1.1765201091766357,,0.5507358312606812,,0.09365497529506683
,1396.0,10,4.2151725210715085e-05,55549,,6.179069995880127,,1.691954493522644,,0.5507935285568237,,0.0936790406703949
,1384.0,10,4.209655162412673e-05,55599,,4.911265850067139,,1.1633961200714111,,0.550859808921814,,0.09369808435440063
,1408.0,10,4.204137803753838e-05,55649,,4.627321720123291,,1.3392083644866943,,0.5509170889854431,,0.09372151643037796
,1356.0,10,4.1986208088928834e-05,55699,,4.560240745544434,,1.08364999294281,,0.5509856343269348,,0.09374582022428513
,1380.0,10,4.193103450234048e-05,55749,,5.1829023361206055,,1.1506390571594238,,0.5510317087173462,,0.09376533329486847
,1324.0,10,4.187586091575213e-05,55799,,4.642877101898193,,1.256162166595459,,0.5510921478271484,,0.09378910064697266
,1376.0,10,4.182069096714258e-05,55849,,6.153591156005859,,1.3505711555480957,,0.5511390566825867,,0.09381246566772461
,1392.0,10,4.176551738055423e-05,55899,,4.35400390625,,1.1559604406356812,,0.5511736273765564,,0.09383493661880493
,1380.0,10,4.1710343793965876e-05,55949,,6.054386138916016,,1.3428236246109009,,0.5512256622314453,,0.09385377913713455
,1352.0,10,4.165517384535633e-05,55999,,4.551708221435547,,1.2581167221069336,,0.5512753129005432,,0.09387634694576263
,1388.0,10,4.160000025876798e-05,56049,,5.265166282653809,,0.8897616863250732,,0.5513303875923157,,0.09389708936214447
,1348.0,10,4.1544826672179624e-05,56099,,2.918290853500366,,0.39896848797798157,,0.5513939261436462,,0.09391576796770096
,1380.0,10,4.148965672357008e-05,56149,,5.23305606842041,,1.1289091110229492,,0.5514413118362427,,0.09393820911645889
,1384.0,10,4.1434483136981726e-05,56199,,6.769567489624023,,1.4818296432495117,,0.5514929294586182,,0.09395886212587357
,1372.0,10,4.137930955039337e-05,56249,,4.946900844573975,,0.8206900954246521,,0.5515594482421875,,0.09397818893194199
,1388.0,10,4.132413960178383e-05,56299,,4.753159046173096,,1.0004938840866089,,0.5516015887260437,,0.09400185197591782
,1356.0,10,4.1268966015195474e-05,56349,,4.957255840301514,,1.385009765625,,0.5516647696495056,,0.0940280482172966
,1384.0,10,4.121379242860712e-05,56399,,3.674680233001709,,1.0725297927856445,,0.5517207980155945,,0.09405434876680374
,1356.0,10,4.1158622479997575e-05,56449,,5.28151273727417,,1.5420926809310913,,0.5517818331718445,,0.09407416731119156
,1408.0,10,4.110344889340922e-05,56499,,6.414425373077393,,1.795607089996338,,0.5518380999565125,,0.09409255534410477
,1348.0,10,4.104827530682087e-05,56549,,5.707939147949219,,1.2622348070144653,,0.5518800616264343,,0.09411253780126572
,1356.0,10,4.0993101720232517e-05,56599,,6.036701202392578,,1.2727737426757812,,0.5519313216209412,,0.09413420408964157
,1360.0,10,4.093793177162297e-05,56649,,3.643456220626831,,0.784302830696106,,0.5519914031028748,,0.09415612369775772
,1348.0,10,4.088275818503462e-05,56699,,6.484829425811768,,1.2438809871673584,,0.5520427823066711,,0.09417703747749329
,1336.0,10,4.0827584598446265e-05,56749,,6.037343978881836,,1.286163330078125,,0.5521035194396973,,0.09419698268175125
,1364.0,10,4.077241464983672e-05,56799,,5.051510334014893,,1.4172207117080688,,0.5521611571311951,,0.0942167341709137
,1352.0,10,4.0717241063248366e-05,56849,,7.294947147369385,,1.5781031847000122,,0.5522055625915527,,0.0942377895116806
,1364.0,10,4.066206747666001e-05,56899,,5.005160331726074,,0.996642529964447,,0.5522607564926147,,0.09425785392522812
,1388.0,10,4.060689752805047e-05,56949,,4.890315055847168,,1.2284295558929443,,0.5523129105567932,,0.0942877009510994
,1344.0,10,4.0551723941462114e-05,56999,,6.555568218231201,,1.611188292503357,,0.5523591637611389,,0.09431444108486176
,1384.0,10,4.049655035487376e-05,57049,,4.164089679718018,,1.011004090309143,,0.5524073839187622,,0.09433404356241226
,1360.0,10,4.0441380406264216e-05,57099,,5.761433124542236,,1.0636184215545654,,0.5524588227272034,,0.09435812383890152
,1368.0,10,4.038620681967586e-05,57149,,4.596505641937256,,1.0212798118591309,,0.5525262355804443,,0.09437669068574905
,1376.0,10,4.033103323308751e-05,57199,,4.652318477630615,,0.665534257888794,,0.5525868535041809,,0.09440160542726517
1365.6436767578125,,10,,57243,5.365921974182129,,1.2278071641921997,,0.5498254895210266,,0.09323026984930038,
,1388.0,11,4.0275863284477964e-05,57249,,4.69937801361084,,1.2595974206924438,,0.5526418089866638,,0.09442774206399918
,1388.0,11,4.022068969788961e-05,57299,,7.128776550292969,,1.6870262622833252,,0.5526931285858154,,0.09445224702358246
,1352.0,11,4.016551611130126e-05,57349,,6.1510114669799805,,1.3952604532241821,,0.5527545213699341,,0.0944778248667717
,1380.0,11,4.011034616269171e-05,57399,,6.705078601837158,,1.3988145589828491,,0.5528029799461365,,0.09450143575668335
,1372.0,11,4.005517257610336e-05,57449,,6.267788887023926,,1.1696891784667969,,0.5528632998466492,,0.09452777355909348
,1352.0,11,3.9999998989515007e-05,57499,,6.217824459075928,,1.262906789779663,,0.5529080033302307,,0.09455471485853195
,1372.0,11,3.994482904090546e-05,57549,,7.005797863006592,,1.2404625415802002,,0.5529647469520569,,0.09458456188440323
,1356.0,11,3.988965545431711e-05,57599,,6.759036540985107,,1.6483629941940308,,0.5530056953430176,,0.0946100726723671
,1356.0,11,3.9834481867728755e-05,57649,,5.501966953277588,,1.274370551109314,,0.5530674457550049,,0.09463706612586975
,1328.0,11,3.977931191911921e-05,57699,,8.444604873657227,,1.10023033618927,,0.5531200170516968,,0.09466373175382614
,1340.0,11,3.9724138332530856e-05,57749,,4.588214874267578,,1.0088624954223633,,0.5531752109527588,,0.09469038993120193
,1388.0,11,3.96689647459425e-05,57799,,6.617516994476318,,1.2863751649856567,,0.5532185435295105,,0.09471289068460464
,1380.0,11,3.961379479733296e-05,57849,,6.594351768493652,,1.3056306838989258,,0.5532737970352173,,0.09473862498998642
,1380.0,11,3.9558621210744604e-05,57899,,4.924952030181885,,0.9064154028892517,,0.5533310770988464,,0.09476092457771301
,1304.0,11,3.950344762415625e-05,57949,,6.822355270385742,,1.3958227634429932,,0.5533890128135681,,0.09477948397397995
,1352.0,11,3.9448277675546706e-05,57999,,5.408591270446777,,1.33061945438385,,0.5534313917160034,,0.09480136632919312
,1408.0,11,3.939310408895835e-05,58049,,5.73966646194458,,1.3950968980789185,,0.5534747242927551,,0.09482716768980026
,1348.0,11,3.933793050237e-05,58099,,6.742358207702637,,1.228600025177002,,0.5535380840301514,,0.09484878182411194
,1364.0,11,3.928275691578165e-05,58149,,4.36593770980835,,1.0725164413452148,,0.5535928010940552,,0.09487517923116684
,1348.0,11,3.92275869671721e-05,58199,,6.4980788230896,,1.3231109380722046,,0.5536397099494934,,0.09489893168210983
,1352.0,11,3.917241338058375e-05,58249,,6.520402431488037,,0.8433236479759216,,0.5536949038505554,,0.0949237048625946
,1336.0,11,3.9117239793995395e-05,58299,,5.313110828399658,,1.3384238481521606,,0.5537526607513428,,0.09494340419769287
,1368.0,11,3.906206984538585e-05,58349,,6.524478435516357,,1.292162537574768,,0.5537981986999512,,0.09496817737817764
,1400.0,11,3.9006896258797497e-05,58399,,4.740780353546143,,1.1107820272445679,,0.553841233253479,,0.09499330818653107
,1384.0,11,3.8951722672209144e-05,58449,,7.081250190734863,,1.469986915588379,,0.5538870096206665,,0.09501495957374573
,1368.0,11,3.88965527235996e-05,58499,,6.78653621673584,,1.567888617515564,,0.5539337992668152,,0.09503202885389328
,1360.0,11,3.8841379137011245e-05,58549,,5.4464874267578125,,0.9778637886047363,,0.5539781451225281,,0.09505320340394974
,1348.0,11,3.878620555042289e-05,58599,,5.234001159667969,,1.1143826246261597,,0.5540340542793274,,0.09507536143064499
,1340.0,11,3.8731035601813346e-05,58649,,5.40783166885376,,1.1020562648773193,,0.554085910320282,,0.09509998559951782
,1376.0,11,3.867586201522499e-05,58699,,7.088275909423828,,1.3763041496276855,,0.55412358045578,,0.09512295573949814
,1372.0,11,3.862068842863664e-05,58749,,5.143103122711182,,0.946226954460144,,0.5541746020317078,,0.09514404833316803
,1376.0,11,3.8565518480027094e-05,58799,,6.230749607086182,,1.2728615999221802,,0.5542139410972595,,0.09516683965921402
,1368.0,11,3.851034489343874e-05,58849,,5.242374897003174,,1.0756853818893433,,0.5542692542076111,,0.09518928825855255
,1388.0,11,3.845517130685039e-05,58899,,5.971583843231201,,1.0822175741195679,,0.5543052554130554,,0.095210961997509
,1352.0,11,3.840000135824084e-05,58949,,6.98024320602417,,1.17043936252594,,0.5543550848960876,,0.09522835165262222
,1364.0,11,3.834482777165249e-05,58999,,6.103020191192627,,1.0894027948379517,,0.554409384727478,,0.09524664282798767
,1364.0,11,3.828965418506414e-05,59049,,5.880963325500488,,1.3723576068878174,,0.5544637441635132,,0.09526090323925018
,1360.0,11,3.823448423645459e-05,59099,,5.947254657745361,,1.2821202278137207,,0.5545217394828796,,0.09528300166130066
,1332.0,11,3.817931064986624e-05,59149,,5.824317455291748,,1.1055811643600464,,0.554572343826294,,0.0953039675951004
,1372.0,11,3.8124137063277885e-05,59199,,6.680205821990967,,0.9139382839202881,,0.5546244382858276,,0.09532369673252106
,1356.0,11,3.806896711466834e-05,59249,,7.198882579803467,,1.4704073667526245,,0.5546735525131226,,0.09534048289060593
,1396.0,11,3.8013793528079987e-05,59299,,5.518948554992676,,0.9303324818611145,,0.5547298789024353,,0.09536120295524597
,1368.0,11,3.7958619941491634e-05,59349,,5.593244552612305,,1.2287266254425049,,0.5547741651535034,,0.09538634121417999
,1328.0,11,3.790344999288209e-05,59399,,5.08738374710083,,1.2666150331497192,,0.5548262596130371,,0.09540734440088272
,1348.0,11,3.7848276406293735e-05,59449,,4.404659748077393,,0.8839496970176697,,0.5548664927482605,,0.09542573988437653
,1388.0,11,3.779310281970538e-05,59499,,7.308948516845703,,1.6091294288635254,,0.5549084544181824,,0.09544071555137634
,1348.0,11,3.773792923311703e-05,59549,,5.619071960449219,,1.207680583000183,,0.5549481511116028,,0.09545817226171494
,1324.0,11,3.768275928450748e-05,59599,,5.939345359802246,,1.0641801357269287,,0.5549976825714111,,0.09547708928585052
,1368.0,11,3.762758569791913e-05,59649,,5.382680416107178,,1.2341022491455078,,0.5550432801246643,,0.09550204128026962
,1396.0,11,3.757241211133078e-05,59699,,6.1182637214660645,,1.5047920942306519,,0.5550934672355652,,0.09552334249019623
,1352.0,11,3.751724216272123e-05,59749,,4.446922302246094,,1.0081382989883423,,0.5551436543464661,,0.09553935378789902
,1320.0,11,3.746206857613288e-05,59799,,6.134494781494141,,1.3017629384994507,,0.5551904439926147,,0.0955614224076271
,1344.0,11,3.7406894989544526e-05,59849,,5.351363182067871,,0.927418053150177,,0.5552346110343933,,0.09558308124542236
,1392.0,11,3.735172504093498e-05,59899,,3.2950942516326904,,0.7180824875831604,,0.5552855134010315,,0.095598965883255
,1380.0,11,3.729655145434663e-05,59949,,6.959026336669922,,1.22476065158844,,0.555324912071228,,0.09561621397733688
,1348.0,11,3.7241377867758274e-05,59999,,7.547586441040039,,1.4058403968811035,,0.5553704500198364,,0.09563478082418442
,1376.0,11,3.718620791914873e-05,60049,,3.7072250843048096,,0.802527129650116,,0.5554307103157043,,0.09565330296754837
,1400.0,11,3.7131034332560375e-05,60099,,5.383133411407471,,1.244825839996338,,0.5554892420768738,,0.09566988050937653
,1372.0,11,3.707586074597202e-05,60149,,5.98899507522583,,1.1156649589538574,,0.5555385947227478,,0.09569351375102997
,1356.0,11,3.7020690797362477e-05,60199,,6.0264716148376465,,1.3313536643981934,,0.5555820465087891,,0.09570977836847305
,1368.0,11,3.6965517210774124e-05,60249,,5.574566841125488,,1.1569886207580566,,0.5556252598762512,,0.09573125839233398
,1356.0,11,3.691034362418577e-05,60299,,7.928706169128418,,1.6545737981796265,,0.5556718707084656,,0.09575117379426956
,1396.0,11,3.6855173675576225e-05,60349,,7.967346668243408,,1.6329619884490967,,0.5557193756103516,,0.09577206522226334
,1380.0,11,3.680000008898787e-05,60399,,4.552718162536621,,1.056746006011963,,0.5557717680931091,,0.09578649699687958
,1384.0,11,3.674482650239952e-05,60449,,7.015211582183838,,1.32161545753479,,0.5558193325996399,,0.09580666571855545
,1340.0,11,3.668965655378997e-05,60499,,7.182838439941406,,1.4055471420288086,,0.5558673143386841,,0.09582642465829849
,1344.0,11,3.663448296720162e-05,60549,,5.922635555267334,,1.2889407873153687,,0.5559067130088806,,0.09584435075521469
,1332.0,11,3.657930938061327e-05,60599,,4.02140474319458,,1.1046817302703857,,0.5559601783752441,,0.09586119651794434
,1396.0,11,3.652413943200372e-05,60649,,6.643609046936035,,1.3137999773025513,,0.5560007095336914,,0.09588269144296646
,1376.0,11,3.646896584541537e-05,60699,,4.616446495056152,,1.0986731052398682,,0.5560445785522461,,0.0959058478474617
,1360.0,11,3.6413792258827016e-05,60749,,6.329792499542236,,1.3821079730987549,,0.556087851524353,,0.09592670947313309
,1344.0,11,3.635862231021747e-05,60799,,6.182276725769043,,1.1880098581314087,,0.5561320185661316,,0.09594736993312836
,1332.0,11,3.630344872362912e-05,60849,,3.355393409729004,,0.8325514197349548,,0.5561755895614624,,0.09597029536962509
,1356.0,11,3.6248275137040764e-05,60899,,6.332679748535156,,1.1610857248306274,,0.5562235116958618,,0.09599093347787857
,1392.0,11,3.619310518843122e-05,60949,,4.535409450531006,,1.1055976152420044,,0.556266188621521,,0.09600765258073807
,1352.0,11,3.6137931601842865e-05,60999,,5.599035263061523,,1.1784451007843018,,0.5563075542449951,,0.09602703154087067
,1384.0,11,3.608275801525451e-05,61049,,6.169857501983643,,1.3311363458633423,,0.5563640594482422,,0.09604549407958984
,1360.0,11,3.602758442866616e-05,61099,,6.416318416595459,,1.3734195232391357,,0.5564032793045044,,0.0960657075047493
,1376.0,11,3.5972414480056614e-05,61149,,5.853259563446045,,1.0816291570663452,,0.5564519762992859,,0.09608910232782364
,1376.0,11,3.591724089346826e-05,61199,,5.251345634460449,,1.0101720094680786,,0.5564887523651123,,0.09610728174448013
,1364.0,11,3.586206730687991e-05,61249,,5.219860553741455,,1.139674425125122,,0.5565354228019714,,0.09612921625375748
,1368.0,11,3.580689735827036e-05,61299,,6.6029133796691895,,1.2039663791656494,,0.5565831661224365,,0.09615105390548706
,1356.0,11,3.575172377168201e-05,61349,,7.215914726257324,,1.5130565166473389,,0.556623637676239,,0.0961754098534584
,1352.0,11,3.5696550185093656e-05,61399,,6.728213787078857,,1.3036953210830688,,0.556662917137146,,0.09620251506567001
,1360.0,11,3.564138023648411e-05,61449,,4.2832112312316895,,1.1535141468048096,,0.5567080974578857,,0.09622354805469513
,1372.0,11,3.558620664989576e-05,61499,,6.221523761749268,,1.2567434310913086,,0.5567603707313538,,0.09625039249658585
,1388.0,11,3.5531033063307405e-05,61549,,4.475404739379883,,0.8155869245529175,,0.5568088889122009,,0.09627524018287659
,1364.0,11,3.547586311469786e-05,61599,,5.852555751800537,,1.2978589534759521,,0.5568577647209167,,0.09629594534635544
,1324.0,11,3.5420689528109506e-05,61649,,6.739427089691162,,1.449040412902832,,0.5569056272506714,,0.09631658345460892
,1368.0,11,3.536551594152115e-05,61699,,6.110301494598389,,1.250552773475647,,0.5569510459899902,,0.09634442627429962
,1392.0,11,3.531034599291161e-05,61749,,7.201445579528809,,1.5882984399795532,,0.5569950938224792,,0.0963628962635994
,1352.0,11,3.5255172406323254e-05,61799,,5.296139240264893,,1.2044780254364014,,0.5570471286773682,,0.09638448059558868
,1340.0,11,3.51999988197349e-05,61849,,5.409304141998291,,1.2143391370773315,,0.557108461856842,,0.09640346467494965
,1360.0,11,3.5144828871125355e-05,61899,,5.468987464904785,,1.2412593364715576,,0.5571591258049011,,0.09642360359430313
,1344.0,11,3.5089655284537e-05,61949,,5.666085720062256,,1.1306604146957397,,0.557206392288208,,0.09643977135419846
,1412.0,11,3.503448169794865e-05,61999,,5.790134906768799,,1.1514908075332642,,0.5572646260261536,,0.09645655006170273
,1372.0,11,3.4979311749339104e-05,62049,,6.487520217895508,,1.2100021839141846,,0.557308554649353,,0.0964784249663353
,1380.0,11,3.492413816275075e-05,62099,,5.141631603240967,,1.2600055932998657,,0.5573518872261047,,0.0964994803071022
,1348.0,11,3.48689645761624e-05,62149,,5.112879276275635,,1.3115696907043457,,0.5574008226394653,,0.09652301669120789
,1360.0,11,3.481379462755285e-05,62199,,6.158544063568115,,1.603713035583496,,0.5574353337287903,,0.09654802829027176
,1360.0,11,3.47586210409645e-05,62249,,7.405003547668457,,1.4905643463134766,,0.5574867129325867,,0.09657131880521774
,1352.0,11,3.4703447454376146e-05,62299,,3.601047992706299,,0.951210081577301,,0.5575276613235474,,0.09659060835838318
,1380.0,11,3.46482775057666e-05,62349,,7.166723251342773,,1.2656831741333008,,0.5575770139694214,,0.09661025553941727
,1368.0,11,3.459310391917825e-05,62399,,6.966337203979492,,1.2684595584869385,,0.5576209425926208,,0.09663162380456924
1365.613037109375,,11,,62447,5.788992881774902,,1.213327169418335,,0.5552094578742981,,0.09556856006383896,
,1388.0,12,3.4537930332589895e-05,62449,,6.473155498504639,,1.26412832736969,,0.5576760768890381,,0.09665153920650482
,1388.0,12,3.448276038398035e-05,62499,,6.159494400024414,,1.3902935981750488,,0.5577194094657898,,0.0966741144657135
,1352.0,12,3.4427586797391996e-05,62549,,4.0988945960998535,,0.7105990648269653,,0.557761549949646,,0.09670072793960571
,1368.0,12,3.437241321080364e-05,62599,,6.750022888183594,,1.5285120010375977,,0.5578054785728455,,0.09671997278928757
,1356.0,12,3.431723962421529e-05,62649,,7.682206630706787,,1.5846906900405884,,0.5578476190567017,,0.09674237668514252
,1404.0,12,3.4262069675605744e-05,62699,,7.453848361968994,,1.1615335941314697,,0.5578824281692505,,0.09676192700862885
,1280.0,12,3.420689608901739e-05,62749,,6.622042179107666,,1.3804054260253906,,0.5579195618629456,,0.096782386302948
,1352.0,12,3.415172250242904e-05,62799,,4.76144552230835,,1.0576454401016235,,0.5579628944396973,,0.0967998206615448
,1376.0,12,3.409655255381949e-05,62849,,4.708449363708496,,0.8949406743049622,,0.5580174922943115,,0.09681927412748337
,1372.0,12,3.404137896723114e-05,62899,,7.636368274688721,,1.1960347890853882,,0.5580552220344543,,0.09684211015701294
,1352.0,12,3.398620538064279e-05,62949,,6.934221267700195,,1.4336634874343872,,0.5580950379371643,,0.09686054289340973
,1372.0,12,3.393103543203324e-05,62999,,5.167795658111572,,1.024349331855774,,0.5581480264663696,,0.09688137471675873
,1400.0,12,3.387586184544489e-05,63049,,5.301122188568115,,1.2373522520065308,,0.5581983327865601,,0.0969073548913002
,1356.0,12,3.3820688258856535e-05,63099,,6.95218563079834,,1.231805443763733,,0.558250367641449,,0.09692846238613129
,1348.0,12,3.376551831024699e-05,63149,,5.822438716888428,,1.1786681413650513,,0.5583108067512512,,0.0969475582242012
,1380.0,12,3.3710344723658636e-05,63199,,5.82858419418335,,0.9972042441368103,,0.5583521127700806,,0.0969652608036995
,1360.0,12,3.365517113707028e-05,63249,,6.943952560424805,,1.2808046340942383,,0.5583932399749756,,0.09698474407196045
,1380.0,12,3.360000118846074e-05,63299,,6.83530330657959,,1.2165898084640503,,0.5584392547607422,,0.09700101613998413
,1316.0,12,3.3544827601872385e-05,63349,,6.435502052307129,,1.3374876976013184,,0.5584802031517029,,0.09702558070421219
,1328.0,12,3.348965401528403e-05,63399,,5.682631015777588,,1.0801236629486084,,0.5585335493087769,,0.09704596549272537
,1360.0,12,3.3434484066674486e-05,63449,,6.64213228225708,,1.1709986925125122,,0.5585716962814331,,0.09706735610961914
,1384.0,12,3.337931048008613e-05,63499,,4.4900007247924805,,1.1455341577529907,,0.5586202144622803,,0.09709085524082184
,1360.0,12,3.332413689349778e-05,63549,,6.446625232696533,,1.2153258323669434,,0.5586686134338379,,0.09710901230573654
,1408.0,12,3.3268966944888234e-05,63599,,4.451485633850098,,0.7580314874649048,,0.5587111115455627,,0.0971326008439064
,1380.0,12,3.321379335829988e-05,63649,,4.416654109954834,,1.0639729499816895,,0.5587511658668518,,0.09715188294649124
,1288.0,12,3.315861977171153e-05,63699,,6.630032062530518,,1.3482859134674072,,0.558799147605896,,0.09717760980129242
,1352.0,12,3.310344982310198e-05,63749,,6.279862880706787,,1.2489649057388306,,0.5588436722755432,,0.09720037877559662
,1352.0,12,3.304827623651363e-05,63799,,6.302876949310303,,1.1269521713256836,,0.5588959455490112,,0.09722166508436203
,1380.0,12,3.299310264992528e-05,63849,,6.577583312988281,,1.2488303184509277,,0.558943510055542,,0.09724535793066025
,1376.0,12,3.293793270131573e-05,63899,,6.0087714195251465,,0.89046311378479,,0.5589897036552429,,0.09726452082395554
,1380.0,12,3.288275911472738e-05,63949,,4.745509147644043,,1.0414355993270874,,0.5590319633483887,,0.09728948771953583
,1368.0,12,3.2827585528139025e-05,63999,,7.096789836883545,,1.404529333114624,,0.559076189994812,,0.09731141477823257
,1336.0,12,3.277241557952948e-05,64049,,6.496798038482666,,1.3231456279754639,,0.5591229796409607,,0.0973346009850502
,1336.0,12,3.2717241992941126e-05,64099,,5.573936462402344,,1.0970889329910278,,0.5591581463813782,,0.09735610336065292
,1368.0,12,3.266206840635277e-05,64149,,8.740411758422852,,1.2840241193771362,,0.559199869632721,,0.09737957268953323
,1380.0,12,3.260689481976442e-05,64199,,6.870484352111816,,1.2740466594696045,,0.5592381954193115,,0.09740166366100311
,1364.0,12,3.2551724871154875e-05,64249,,4.220522403717041,,1.0783891677856445,,0.5592864751815796,,0.09742513298988342
,1372.0,12,3.249655128456652e-05,64299,,6.223963260650635,,1.26516854763031,,0.5593382716178894,,0.0974518433213234
,1328.0,12,3.244137769797817e-05,64349,,5.352267265319824,,0.8170561194419861,,0.5593905448913574,,0.09746994823217392
,1380.0,12,3.238620774936862e-05,64399,,4.625093936920166,,0.9037283658981323,,0.5594401955604553,,0.09748511016368866
,1316.0,12,3.233103416278027e-05,64449,,5.01786470413208,,1.0849941968917847,,0.5594752430915833,,0.09750627726316452
,1380.0,12,3.227586057619192e-05,64499,,5.0483832359313965,,0.8495134115219116,,0.5595279932022095,,0.09752465784549713
,1372.0,12,3.222069062758237e-05,64549,,3.9273931980133057,,0.7748813629150391,,0.5595823526382446,,0.09754694998264313
,1352.0,12,3.216551704099402e-05,64599,,5.649534702301025,,1.1237026453018188,,0.5596311092376709,,0.0975668653845787
,1376.0,12,3.2110343454405665e-05,64649,,5.774088382720947,,0.901096522808075,,0.559676468372345,,0.09759355336427689
,1348.0,12,3.205517350579612e-05,64699,,5.280808925628662,,1.1236909627914429,,0.559726357460022,,0.09761790931224823
,1372.0,12,3.199999991920777e-05,64749,,5.812255382537842,,1.400564432144165,,0.5597766041755676,,0.09763574600219727
,1352.0,12,3.1944826332619414e-05,64799,,6.033166408538818,,1.3404208421707153,,0.5598079562187195,,0.09765592217445374
,1368.0,12,3.188965638400987e-05,64849,,4.724450588226318,,0.9777548909187317,,0.5598444938659668,,0.097681425511837
,1348.0,12,3.1834482797421515e-05,64899,,4.631049156188965,,1.1269583702087402,,0.5598892569541931,,0.09770568460226059
,1324.0,12,3.177930921083316e-05,64949,,5.568145751953125,,1.114708423614502,,0.5599424839019775,,0.09772510826587677
,1380.0,12,3.1724139262223616e-05,64999,,5.767253875732422,,1.1071237325668335,,0.5599833726882935,,0.09774652123451233
,1356.0,12,3.166896567563526e-05,65049,,7.589826583862305,,1.2869007587432861,,0.560023307800293,,0.09777148067951202
,1380.0,12,3.161379208904691e-05,65099,,6.595743179321289,,1.2725584506988525,,0.5600696802139282,,0.09779191762208939
,1376.0,12,3.1558622140437365e-05,65149,,7.071402549743652,,1.1281472444534302,,0.560114860534668,,0.09781274944543839
,1364.0,12,3.150344855384901e-05,65199,,5.134279251098633,,0.9891924858093262,,0.5601597428321838,,0.09783265739679337
,1352.0,12,3.144827496726066e-05,65249,,7.0660080909729,,1.4573379755020142,,0.5601983070373535,,0.09785646945238113
,1344.0,12,3.139310501865111e-05,65299,,6.230350494384766,,1.3879450559616089,,0.5602388381958008,,0.09787632524967194
,1352.0,12,3.133793143206276e-05,65349,,6.493790149688721,,1.4532221555709839,,0.5602737665176392,,0.09789690375328064
,1340.0,12,3.128275784547441e-05,65399,,6.019730567932129,,1.4509921073913574,,0.5603169798851013,,0.0979180634021759
,1360.0,12,3.122758789686486e-05,65449,,6.005460262298584,,1.1548643112182617,,0.5603652000427246,,0.0979389101266861
,1384.0,12,3.117241431027651e-05,65499,,4.951684951782227,,0.9436907172203064,,0.560408353805542,,0.09796404093503952
,1380.0,12,3.1117240723688155e-05,65549,,6.362768650054932,,1.233952283859253,,0.5604526400566101,,0.09799274057149887
,1376.0,12,3.106207077507861e-05,65599,,7.479298114776611,,1.0369311571121216,,0.5604888200759888,,0.09801372140645981
,1340.0,12,3.100689718849026e-05,65649,,4.508846282958984,,0.8642988204956055,,0.5605353116989136,,0.09802910685539246
,1396.0,12,3.0951723601901904e-05,65699,,4.8921637535095215,,0.9161590337753296,,0.56057208776474,,0.09805025160312653
,1380.0,12,3.089655001531355e-05,65749,,6.975705146789551,,1.420390009880066,,0.5606143474578857,,0.09807484596967697
,1372.0,12,3.0841380066704005e-05,65799,,4.728348731994629,,0.8270682096481323,,0.5606602430343628,,0.09809673577547073
,1400.0,12,3.078620648011565e-05,65849,,6.635066986083984,,1.1880035400390625,,0.5607036352157593,,0.09811729192733765
,1392.0,12,3.07310328935273e-05,65899,,6.261314868927002,,1.3647992610931396,,0.5607625842094421,,0.09813596308231354
,1396.0,12,3.067586294491775e-05,65949,,6.126148700714111,,0.993243396282196,,0.5608088970184326,,0.09815889596939087
,1348.0,12,3.06206893583294e-05,65999,,4.6313700675964355,,1.0044784545898438,,0.5608487129211426,,0.09818203002214432
,1356.0,12,3.056551577174105e-05,66049,,5.883388996124268,,1.2842512130737305,,0.5608903169631958,,0.09820462763309479
,1372.0,12,3.0510344004142098e-05,66099,,6.152566432952881,,0.9639858603477478,,0.5609230399131775,,0.09823092818260193
,1384.0,12,3.045517223654315e-05,66149,,6.486982822418213,,1.2421839237213135,,0.5609623193740845,,0.0982561931014061
,1336.0,12,3.04000004689442e-05,66199,,7.105146408081055,,1.1955795288085938,,0.5609909296035767,,0.09827952086925507
,1396.0,12,3.0344826882355846e-05,66249,,4.9674763679504395,,1.0817804336547852,,0.56102454662323,,0.09829956293106079
,1388.0,12,3.0289655114756897e-05,66299,,6.676312446594238,,1.2149521112442017,,0.5610619783401489,,0.09831854701042175
,1368.0,12,3.0234483347157948e-05,66349,,6.147909164428711,,1.4402766227722168,,0.5610929727554321,,0.09834148734807968
,1356.0,12,3.0179309760569595e-05,66399,,5.717169284820557,,1.184272050857544,,0.5611395835876465,,0.0983642041683197
,1372.0,12,3.0124137992970645e-05,66449,,7.488040924072266,,1.339738130569458,,0.5611778497695923,,0.09838934242725372
,1372.0,12,3.0068966225371696e-05,66499,,7.102890491485596,,1.1678062677383423,,0.5612179636955261,,0.09840940684080124
,1356.0,12,3.0013792638783343e-05,66549,,7.4336676597595215,,1.311395287513733,,0.5612573623657227,,0.0984286218881607
,1372.0,12,2.9958620871184394e-05,66599,,4.839021682739258,,0.9534464478492737,,0.5613097548484802,,0.09844640642404556
,1384.0,12,2.9903449103585444e-05,66649,,5.745540142059326,,1.0791698694229126,,0.5613440871238708,,0.09847486764192581
,1360.0,12,2.984827551699709e-05,66699,,5.597972869873047,,1.373475193977356,,0.5613927245140076,,0.09849863499403
,1368.0,12,2.9793103749398142e-05,66749,,6.758149147033691,,1.2216088771820068,,0.5614369511604309,,0.09851725399494171
,1324.0,12,2.973793016280979e-05,66799,,4.928346633911133,,0.9871110916137695,,0.5614836812019348,,0.09853915125131607
,1368.0,12,2.968275839521084e-05,66849,,5.480234146118164,,0.9761151075363159,,0.5615302920341492,,0.09855999797582626
,1408.0,12,2.962758662761189e-05,66899,,6.347423553466797,,1.1310051679611206,,0.5615717172622681,,0.0985819548368454
,1364.0,12,2.9572413041023538e-05,66949,,4.1664299964904785,,0.8391954302787781,,0.5616052746772766,,0.09860413521528244
,1356.0,12,2.9517241273424588e-05,66999,,4.5776567459106445,,1.036320447921753,,0.5616540908813477,,0.09862621128559113
,1364.0,12,2.946206950582564e-05,67049,,5.125097751617432,,1.1098192930221558,,0.5616907477378845,,0.09865166246891022
,1356.0,12,2.9406895919237286e-05,67099,,5.3347039222717285,,1.1011343002319336,,0.5617339015007019,,0.09867183864116669
,1396.0,12,2.9351724151638336e-05,67149,,5.122607707977295,,1.003933310508728,,0.561776876449585,,0.09869221597909927
,1396.0,12,2.9296552384039387e-05,67199,,6.632472038269043,,1.428835391998291,,0.5618247985839844,,0.09870994836091995
,1364.0,12,2.9241378797451034e-05,67249,,6.933226108551025,,1.3376959562301636,,0.5618616938591003,,0.09873145073652267
,1372.0,12,2.9186207029852085e-05,67299,,6.9849419593811035,,1.1729105710983276,,0.5619176030158997,,0.09875162690877914
,1368.0,12,2.9131035262253135e-05,67349,,7.829105377197266,,1.544581413269043,,0.5619580745697021,,0.09877721220254898
,1360.0,12,2.9075861675664783e-05,67399,,7.23540735244751,,1.5672510862350464,,0.561999499797821,,0.09879675507545471
,1352.0,12,2.9020689908065833e-05,67449,,7.3906941413879395,,1.3713594675064087,,0.5620495080947876,,0.09881412237882614
,1388.0,12,2.8965518140466884e-05,67499,,6.932252883911133,,1.2565523386001587,,0.5620869994163513,,0.0988355502486229
,1376.0,12,2.891034455387853e-05,67549,,6.147749900817871,,1.1397725343704224,,0.5621302723884583,,0.09885361045598984
,1384.0,12,2.885517278627958e-05,67599,,6.055352687835693,,1.0296276807785034,,0.5621788501739502,,0.09887740015983582
,1380.0,12,2.879999919969123e-05,67649,,6.883060932159424,,1.2250678539276123,,0.5622223615646362,,0.09889598935842514
1366.087890625,,12,,67651,6.029942035675049,,1.1986894607543945,,0.5599818825721741,,0.09777210652828217,
,1356.0,13,2.874482743209228e-05,67699,,6.769287586212158,,1.3348045349121094,,0.5622613430023193,,0.09891901165246964
,1360.0,13,2.868965566449333e-05,67749,,6.2494916915893555,,1.4329084157943726,,0.562295138835907,,0.09894128888845444
,1336.0,13,2.8634482077904977e-05,67799,,7.292901039123535,,1.1136075258255005,,0.5623288750648499,,0.09896077960729599
,1348.0,13,2.8579310310306028e-05,67849,,6.281491279602051,,1.0600411891937256,,0.5623742341995239,,0.09897605329751968
,1356.0,13,2.8524138542707078e-05,67899,,7.448752403259277,,1.164888620376587,,0.5624212026596069,,0.09899706393480301
,1376.0,13,2.8468964956118725e-05,67949,,4.421936511993408,,0.9370842576026917,,0.5624775290489197,,0.09901512414216995
,1344.0,13,2.8413793188519776e-05,67999,,6.297085762023926,,1.4167691469192505,,0.562514066696167,,0.09903238713741302
,1396.0,13,2.8358621420920826e-05,68049,,5.955191612243652,,0.9438302516937256,,0.5625579357147217,,0.09905004501342773
,1392.0,13,2.8303447834332474e-05,68099,,7.2258477210998535,,1.1797493696212769,,0.5625991821289062,,0.09907277673482895
,1344.0,13,2.8248276066733524e-05,68149,,5.895732402801514,,1.1127629280090332,,0.5626342296600342,,0.09909521043300629
,1376.0,13,2.8193104299134575e-05,68199,,6.502443790435791,,1.3420474529266357,,0.5626729726791382,,0.09911288321018219
,1364.0,13,2.8137930712546222e-05,68249,,6.324807643890381,,1.401979684829712,,0.5627179145812988,,0.09913264214992523
,1384.0,13,2.8082758944947273e-05,68299,,7.063230037689209,,1.4498356580734253,,0.5627546310424805,,0.0991535410284996
,1404.0,13,2.802758535835892e-05,68349,,4.607433319091797,,1.044735074043274,,0.5627954602241516,,0.09917373210191727
,1388.0,13,2.797241359075997e-05,68399,,7.124477863311768,,1.6227754354476929,,0.5628416538238525,,0.09919529408216476
,1356.0,13,2.791724182316102e-05,68449,,5.681461334228516,,1.1493841409683228,,0.5628818273544312,,0.09921001642942429
,1396.0,13,2.7862068236572668e-05,68499,,6.522130966186523,,1.0272481441497803,,0.5629298686981201,,0.09922605007886887
,1368.0,13,2.780689646897372e-05,68549,,5.215981483459473,,1.043144941329956,,0.562972903251648,,0.09924521297216415
,1380.0,13,2.775172470137477e-05,68599,,6.104180812835693,,0.8716920614242554,,0.5630177855491638,,0.09926433861255646
,1332.0,13,2.7696551114786416e-05,68649,,7.183345317840576,,1.4385995864868164,,0.563062846660614,,0.09928644448518753
,1364.0,13,2.7641379347187467e-05,68699,,7.109361171722412,,1.2270426750183105,,0.563098669052124,,0.09930646419525146
,1380.0,13,2.7586207579588518e-05,68749,,5.008932113647461,,0.947066068649292,,0.5631407499313354,,0.09932409226894379
,1364.0,13,2.7531033993000165e-05,68799,,5.895841121673584,,0.879905641078949,,0.563181459903717,,0.09934336692094803
,1368.0,13,2.7475862225401215e-05,68849,,6.661303997039795,,1.3381038904190063,,0.563208818435669,,0.09936308860778809
,1336.0,13,2.7420690457802266e-05,68899,,5.120112419128418,,1.0552717447280884,,0.563239336013794,,0.09938013553619385
,1400.0,13,2.7365516871213913e-05,68949,,6.252230167388916,,1.260257601737976,,0.5632811188697815,,0.09939412772655487
,1324.0,13,2.7310345103614964e-05,68999,,5.841283798217773,,1.3121148347854614,,0.5633242130279541,,0.09940822422504425
,1368.0,13,2.725517151702661e-05,69049,,7.41151762008667,,1.4852033853530884,,0.5633631348609924,,0.09942508488893509
,1380.0,13,2.719999974942766e-05,69099,,6.295660972595215,,1.3818162679672241,,0.5633977055549622,,0.09944611042737961
,1368.0,13,2.7144827981828712e-05,69149,,7.86109733581543,,1.6655080318450928,,0.5634317994117737,,0.09946797788143158
,1412.0,13,2.708965439524036e-05,69199,,6.311152935028076,,1.3186559677124023,,0.5634679794311523,,0.09948796033859253
,1392.0,13,2.703448262764141e-05,69249,,7.231970310211182,,1.445001244544983,,0.5635091066360474,,0.09950911998748779
,1344.0,13,2.697931086004246e-05,69299,,4.807620048522949,,0.9293897747993469,,0.563556969165802,,0.09953200817108154
,1364.0,13,2.6924137273454107e-05,69349,,6.166502475738525,,1.3495506048202515,,0.5635900497436523,,0.09954951703548431
,1376.0,13,2.6868965505855158e-05,69399,,6.165639400482178,,0.90240079164505,,0.5636268854141235,,0.0995735451579094
,1384.0,13,2.681379373825621e-05,69449,,5.6806745529174805,,1.024739384651184,,0.5636662840843201,,0.0995953232049942
,1360.0,13,2.6758620151667856e-05,69499,,7.3171491622924805,,1.148154616355896,,0.5637147426605225,,0.09961603581905365
,1360.0,13,2.6703448384068906e-05,69549,,5.599095344543457,,0.9216039180755615,,0.5637510418891907,,0.09963717311620712
,1360.0,13,2.6648276616469957e-05,69599,,7.16067361831665,,1.3856512308120728,,0.5637888312339783,,0.09965697675943375
,1352.0,13,2.6593103029881604e-05,69649,,7.047971248626709,,1.3013728857040405,,0.5638306140899658,,0.09968362003564835
,1360.0,13,2.6537931262282655e-05,69699,,5.237100601196289,,0.9037097692489624,,0.5638611912727356,,0.0997001975774765
,1292.0,13,2.6482759494683705e-05,69749,,5.498870849609375,,1.283036470413208,,0.5639016628265381,,0.09972632676362991
,1348.0,13,2.6427585908095352e-05,69799,,6.858338832855225,,1.408560037612915,,0.5639367699623108,,0.09974602609872818
,1384.0,13,2.6372414140496403e-05,69849,,7.4200758934021,,1.3400003910064697,,0.5639699101448059,,0.09976549446582794
,1376.0,13,2.631724055390805e-05,69899,,6.849121570587158,,1.4179936647415161,,0.5640077590942383,,0.0997857078909874
,1388.0,13,2.62620687863091e-05,69949,,4.3518853187561035,,1.005208969116211,,0.5640435218811035,,0.09980535507202148
,1372.0,13,2.620689701871015e-05,69999,,6.170948505401611,,1.283439040184021,,0.5640795826911926,,0.09982839226722717
,1336.0,13,2.61517234321218e-05,70049,,7.432696342468262,,1.2943098545074463,,0.5641095042228699,,0.099851593375206
,1380.0,13,2.609655166452285e-05,70099,,6.814643859863281,,1.280760645866394,,0.5641402006149292,,0.09987060725688934
,1348.0,13,2.60413798969239e-05,70149,,5.782049179077148,,1.0868449211120605,,0.5641911029815674,,0.09988561272621155
,1392.0,13,2.5986206310335547e-05,70199,,6.160469055175781,,1.1081514358520508,,0.5642312169075012,,0.0999075397849083
,1336.0,13,2.5931034542736597e-05,70249,,5.688772678375244,,1.165945053100586,,0.5642738938331604,,0.09992285817861557
,1372.0,13,2.5875862775137648e-05,70299,,6.631314277648926,,0.9487566351890564,,0.5643193125724792,,0.09994044899940491
,1316.0,13,2.5820689188549295e-05,70349,,5.900013446807861,,1.2465872764587402,,0.5643544793128967,,0.09996217489242554
,1360.0,13,2.5765517420950346e-05,70399,,5.25515079498291,,1.1158679723739624,,0.5643916130065918,,0.09998387843370438
,1360.0,13,2.5710345653351396e-05,70449,,6.419248104095459,,1.0177186727523804,,0.5644359588623047,,0.10000064969062805
,1364.0,13,2.5655172066763043e-05,70499,,3.8588876724243164,,0.8262283205986023,,0.5644761919975281,,0.10001970827579498
,1364.0,13,2.5600000299164094e-05,70549,,5.827245235443115,,1.3933022022247314,,0.5645147562026978,,0.1000400260090828
,1356.0,13,2.554482671257574e-05,70599,,5.774774551391602,,1.0600457191467285,,0.5645631551742554,,0.1000615656375885
,1336.0,13,2.5489654944976792e-05,70649,,7.843536376953125,,1.5639874935150146,,0.5645933151245117,,0.10008375346660614
,1376.0,13,2.5434483177377842e-05,70699,,7.965963840484619,,1.3392539024353027,,0.564622700214386,,0.10010489076375961
,1372.0,13,2.537930959078949e-05,70749,,7.975135326385498,,1.4023295640945435,,0.5646578669548035,,0.10012481361627579
,1356.0,13,2.532413782319054e-05,70799,,6.383969783782959,,1.2987992763519287,,0.5646882057189941,,0.10014614462852478
,1352.0,13,2.526896605559159e-05,70849,,6.129047870635986,,1.1101417541503906,,0.5647315979003906,,0.10016288608312607
,1368.0,13,2.5213792469003238e-05,70899,,4.361147880554199,,0.8323306441307068,,0.5647711157798767,,0.1001807153224945
,1368.0,13,2.515862070140429e-05,70949,,7.061873435974121,,0.9841254949569702,,0.5648069381713867,,0.10019700974225998
,1376.0,13,2.510344893380534e-05,70999,,5.325904846191406,,1.1341310739517212,,0.5648385882377625,,0.1002206802368164
,1364.0,13,2.5048275347216986e-05,71049,,4.052777290344238,,0.8000537753105164,,0.5648880004882812,,0.10023936629295349
,1392.0,13,2.4993103579618037e-05,71099,,7.347954273223877,,1.384152889251709,,0.5649330019950867,,0.10025826841592789
,1380.0,13,2.4937931812019087e-05,71149,,6.512121200561523,,1.2428913116455078,,0.5649617314338684,,0.10027781128883362
,1392.0,13,2.4882758225430734e-05,71199,,6.255807399749756,,1.025559663772583,,0.5649908185005188,,0.10029619187116623
,1396.0,13,2.4827586457831785e-05,71249,,6.35753870010376,,1.3023978471755981,,0.5650349855422974,,0.10031575709581375
,1392.0,13,2.4772414690232836e-05,71299,,7.135518550872803,,1.5692431926727295,,0.5650795102119446,,0.10033074021339417
,1380.0,13,2.4717241103644483e-05,71349,,6.182622909545898,,1.3259443044662476,,0.5651113986968994,,0.10034678876399994
,1368.0,13,2.4662069336045533e-05,71399,,5.695648670196533,,1.1035410165786743,,0.5651536583900452,,0.10035975277423859
,1380.0,13,2.460689574945718e-05,71449,,7.016780853271484,,1.1767812967300415,,0.5652076005935669,,0.10037094354629517
,1360.0,13,2.455172398185823e-05,71499,,7.234376430511475,,1.189239501953125,,0.5652474164962769,,0.10039129108190536
,1340.0,13,2.4496552214259282e-05,71549,,6.584585666656494,,1.3229631185531616,,0.5652813911437988,,0.10041126608848572
,1340.0,13,2.444137862767093e-05,71599,,5.007084846496582,,0.9216922521591187,,0.5653174519538879,,0.10042580217123032
,1328.0,13,2.438620686007198e-05,71649,,5.797275543212891,,1.0914225578308105,,0.565344512462616,,0.10044152289628983
,1372.0,13,2.433103509247303e-05,71699,,5.264998435974121,,1.1152018308639526,,0.565375804901123,,0.10045894980430603
,1340.0,13,2.4275861505884677e-05,71749,,7.079792499542236,,1.2741082906723022,,0.5654217600822449,,0.10047435015439987
,1356.0,13,2.4220689738285728e-05,71799,,6.969972610473633,,1.2486952543258667,,0.5654703378677368,,0.10048548877239227
,1356.0,13,2.416551797068678e-05,71849,,6.903982639312744,,1.1629835367202759,,0.5655043721199036,,0.10050205886363983
,1376.0,13,2.4110344384098426e-05,71899,,7.490570545196533,,1.2199617624282837,,0.565532922744751,,0.10052154213190079
,1344.0,13,2.4055172616499476e-05,71949,,4.430861949920654,,0.8300222754478455,,0.5655791759490967,,0.10053404420614243
,1364.0,13,2.4000000848900527e-05,71999,,5.791346549987793,,1.2154698371887207,,0.5656177401542664,,0.10054841637611389
,1356.0,13,2.3944827262312174e-05,72049,,6.540454387664795,,1.3382521867752075,,0.5656650066375732,,0.10056175291538239
,1352.0,13,2.3889655494713224e-05,72099,,6.007817268371582,,1.4080766439437866,,0.5657036900520325,,0.1005791574716568
,1376.0,13,2.383448190812487e-05,72149,,8.667691230773926,,1.4025129079818726,,0.5657424330711365,,0.10059592127799988
,1372.0,13,2.3779310140525922e-05,72199,,4.488009929656982,,0.9085900783538818,,0.565778374671936,,0.10061193257570267
,1380.0,13,2.3724138372926973e-05,72249,,4.8075642585754395,,1.0086251497268677,,0.5658230781555176,,0.10062767565250397
,1392.0,13,2.366896478633862e-05,72299,,5.525264263153076,,0.8021939992904663,,0.5658580660820007,,0.10064633190631866
,1344.0,13,2.361379301873967e-05,72349,,7.12760591506958,,1.2621091604232788,,0.5658960938453674,,0.1006656289100647
,1372.0,13,2.355862125114072e-05,72399,,7.793359756469727,,1.442451000213623,,0.5659363865852356,,0.1006789356470108
,1360.0,13,2.3503447664552368e-05,72449,,6.011229038238525,,1.0589032173156738,,0.5659740567207336,,0.100698322057724
,1352.0,13,2.344827589695342e-05,72499,,5.876716136932373,,1.0389506816864014,,0.5660238862037659,,0.10071064531803131
,1360.0,13,2.339310412935447e-05,72549,,6.117020606994629,,1.2110342979431152,,0.5660659670829773,,0.10072766244411469
,1376.0,13,2.3337930542766117e-05,72599,,5.789257049560547,,1.0680416822433472,,0.566113293170929,,0.10074464231729507
,1376.0,13,2.3282758775167167e-05,72649,,7.327890396118164,,1.297093391418457,,0.5661463737487793,,0.10076624155044556
,1356.0,13,2.3227587007568218e-05,72699,,7.093303680419922,,1.3634693622589111,,0.5661872625350952,,0.10078558325767517
,1384.0,13,2.3172413420979865e-05,72749,,6.690117359161377,,1.2636983394622803,,0.5662238597869873,,0.10080689191818237
,1360.0,13,2.3117241653380916e-05,72799,,4.3198981285095215,,0.7857034206390381,,0.5662649273872375,,0.10082732141017914
,1372.0,13,2.3062068066792563e-05,72849,,4.138028144836426,,0.739764928817749,,0.5663068294525146,,0.10084645450115204
1365.6004638671875,,13,,72855,6.23341703414917,,1.18875253200531,,0.5642772316932678,,0.09990222752094269,
,1368.0,14,2.3006896299193613e-05,72899,,7.7671051025390625,,1.4521822929382324,,0.5663443207740784,,0.1008620634675026
,1380.0,14,2.2951724531594664e-05,72949,,7.241865634918213,,1.322972059249878,,0.5663809776306152,,0.10087905824184418
,1368.0,14,2.289655094500631e-05,72999,,4.092967510223389,,1.0312175750732422,,0.5664211511611938,,0.10089924186468124
,1404.0,14,2.284137917740736e-05,73049,,7.49899959564209,,1.5458358526229858,,0.5664586424827576,,0.10091745853424072
,1376.0,14,2.2786207409808412e-05,73099,,6.221136093139648,,1.1595149040222168,,0.5664957761764526,,0.10093750804662704
,1364.0,14,2.273103382322006e-05,73149,,6.129611492156982,,1.3675819635391235,,0.5665323138237,,0.10095779597759247
,1364.0,14,2.267586205562111e-05,73199,,6.276218414306641,,1.3124445676803589,,0.5665634274482727,,0.1009763702750206
,1376.0,14,2.262069028802216e-05,73249,,6.486636638641357,,1.4084957838058472,,0.566595733165741,,0.10099902749061584
,1360.0,14,2.2565516701433808e-05,73299,,7.3832550048828125,,1.2518187761306763,,0.5666258335113525,,0.10102059692144394
,1380.0,14,2.2510344933834858e-05,73349,,6.388521194458008,,1.0713002681732178,,0.5666673183441162,,0.10104220360517502
,1392.0,14,2.245517316623591e-05,73399,,6.858128547668457,,1.3753528594970703,,0.5667058825492859,,0.1010618582367897
,1376.0,14,2.2399999579647556e-05,73449,,7.351071834564209,,1.4042036533355713,,0.5667262077331543,,0.10108873248100281
,1376.0,14,2.2344827812048607e-05,73499,,6.735541343688965,,1.1173267364501953,,0.5667644739151001,,0.10110675543546677
,1372.0,14,2.2289656044449657e-05,73549,,7.025777816772461,,1.4831923246383667,,0.5667948722839355,,0.10112617909908295
,1336.0,14,2.2234482457861304e-05,73599,,8.201650619506836,,1.3483258485794067,,0.5668274164199829,,0.1011476144194603
,1392.0,14,2.2179310690262355e-05,73649,,5.4842047691345215,,0.9520304203033447,,0.5668707489967346,,0.10116604715585709
,1364.0,14,2.2124137103674002e-05,73699,,5.718469142913818,,1.1082595586776733,,0.56691974401474,,0.10118091851472855
,1372.0,14,2.2068965336075053e-05,73749,,6.989438533782959,,1.221136212348938,,0.5669443607330322,,0.10120587795972824
,1352.0,14,2.2013793568476103e-05,73799,,5.477352619171143,,0.881526529788971,,0.5669828653335571,,0.10122417658567429
,1384.0,14,2.195861998188775e-05,73849,,3.1575076580047607,,0.7255258560180664,,0.5670214295387268,,0.10124298185110092
,1368.0,14,2.19034482142888e-05,73899,,4.44930362701416,,0.9233736395835876,,0.5670657157897949,,0.10125921666622162
,1376.0,14,2.184827644668985e-05,73949,,3.092567205429077,,0.9370489120483398,,0.5671008825302124,,0.10127905756235123
,1356.0,14,2.17931028601015e-05,73999,,4.562215328216553,,0.7913033366203308,,0.5671396255493164,,0.10129602253437042
,1368.0,14,2.173793109250255e-05,74049,,7.691270351409912,,1.329464077949524,,0.5671738386154175,,0.10131827741861343
,1304.0,14,2.16827593249036e-05,74099,,5.818650722503662,,0.9582312703132629,,0.5672135949134827,,0.10133954137563705
,1376.0,14,2.1627585738315247e-05,74149,,4.744657039642334,,0.8286573886871338,,0.5672447681427002,,0.10136398673057556
,1384.0,14,2.1572413970716298e-05,74199,,6.611955642700195,,1.3270682096481323,,0.567284345626831,,0.10138536244630814
,1376.0,14,2.1517242203117348e-05,74249,,6.952694892883301,,1.4327442646026611,,0.5673246383666992,,0.1014045774936676
,1380.0,14,2.1462068616528995e-05,74299,,6.402585983276367,,1.3184484243392944,,0.567370593547821,,0.101421058177948
,1364.0,14,2.1406896848930046e-05,74349,,6.016003608703613,,1.092885971069336,,0.5674165487289429,,0.1014353409409523
,1392.0,14,2.1351723262341693e-05,74399,,4.489042282104492,,0.8576939105987549,,0.567450761795044,,0.10145032405853271
,1388.0,14,2.1296551494742744e-05,74449,,7.100915431976318,,1.365329623222351,,0.5674810409545898,,0.10146903991699219
,1360.0,14,2.1241379727143794e-05,74499,,6.663351535797119,,1.329271912574768,,0.5675101280212402,,0.10148563981056213
,1368.0,14,2.118620614055544e-05,74549,,8.498589515686035,,1.4785767793655396,,0.5675535202026367,,0.10150003433227539
,1388.0,14,2.1131034372956492e-05,74599,,5.8633952140808105,,1.215286374092102,,0.5675861239433289,,0.10151690244674683
,1356.0,14,2.1075862605357543e-05,74649,,7.034804344177246,,0.8804650902748108,,0.5676218867301941,,0.10153205692768097
,1368.0,14,2.102068901876919e-05,74699,,7.326377868652344,,1.265449047088623,,0.5676689147949219,,0.10154756903648376
,1356.0,14,2.096551725117024e-05,74749,,7.245634078979492,,1.2355647087097168,,0.5677046179771423,,0.10156360268592834
,1352.0,14,2.091034548357129e-05,74799,,6.330718517303467,,1.056731939315796,,0.5677396655082703,,0.10158180445432663
,1360.0,14,2.0855171896982938e-05,74849,,6.1357645988464355,,1.0891989469528198,,0.5677868723869324,,0.10159865021705627
,1372.0,14,2.080000012938399e-05,74899,,5.737912654876709,,1.345776915550232,,0.5678170919418335,,0.1016157791018486
,1376.0,14,2.074482836178504e-05,74949,,6.381070613861084,,1.4248155355453491,,0.5678531527519226,,0.10163451731204987
,1324.0,14,2.0689654775196686e-05,74999,,6.486446380615234,,1.1502903699874878,,0.5678920149803162,,0.1016492173075676
,1340.0,14,2.0634483007597737e-05,75049,,7.584609031677246,,1.457087516784668,,0.5679301619529724,,0.10166895389556885
,1384.0,14,2.0579311239998788e-05,75099,,6.899138450622559,,1.0952403545379639,,0.567958652973175,,0.10169027000665665
,1360.0,14,2.0524137653410435e-05,75149,,7.269355297088623,,1.277159333229065,,0.5679943561553955,,0.10170769691467285
,1368.0,14,2.0468965885811485e-05,75199,,7.076587200164795,,1.2143696546554565,,0.5680278539657593,,0.10172582417726517
,1324.0,14,2.0413792299223132e-05,75249,,5.268636703491211,,0.9700005650520325,,0.5680636167526245,,0.10174521803855896
,1368.0,14,2.0358620531624183e-05,75299,,6.414453983306885,,1.2348973751068115,,0.5681021809577942,,0.10176679491996765
,1360.0,14,2.0303448764025234e-05,75349,,5.460004806518555,,1.20095956325531,,0.5681456923484802,,0.10178164392709732
,1324.0,14,2.024827517743688e-05,75399,,6.439637184143066,,1.1381325721740723,,0.5681830048561096,,0.10179750621318817
,1360.0,14,2.019310340983793e-05,75449,,6.415538311004639,,1.2130426168441772,,0.5682247877120972,,0.10180968046188354
,1316.0,14,2.0137931642238982e-05,75499,,7.074753284454346,,1.3037270307540894,,0.5682508945465088,,0.10182976722717285
,1360.0,14,2.008275805565063e-05,75549,,3.5575714111328125,,0.8830944895744324,,0.5682840943336487,,0.10184509307146072
,1360.0,14,2.002758628805168e-05,75599,,6.353735446929932,,1.4650452136993408,,0.5683231949806213,,0.10186509788036346
,1376.0,14,1.997241452045273e-05,75649,,6.622863292694092,,1.271891713142395,,0.5683568120002747,,0.10187956690788269
,1348.0,14,1.9917240933864377e-05,75699,,8.12576675415039,,1.2674094438552856,,0.5683925747871399,,0.10189545899629593
,1384.0,14,1.9862069166265428e-05,75749,,5.370075225830078,,0.9493125081062317,,0.5684330463409424,,0.10191281884908676
,1368.0,14,1.980689739866648e-05,75799,,6.222744464874268,,1.1098623275756836,,0.5684624910354614,,0.10193339735269547
,1356.0,14,1.9751723812078126e-05,75849,,5.608363151550293,,1.0974514484405518,,0.568493664264679,,0.10195426642894745
,1384.0,14,1.9696552044479176e-05,75899,,6.705180644989014,,1.190117597579956,,0.5685293674468994,,0.10197337716817856
,1368.0,14,1.9641378457890823e-05,75949,,4.253344535827637,,1.0387715101242065,,0.568562388420105,,0.10199687629938126
,1352.0,14,1.9586206690291874e-05,75999,,6.065716743469238,,1.1094731092453003,,0.5686023831367493,,0.1020180806517601
,1392.0,14,1.9531034922692925e-05,76049,,5.057636737823486,,0.9517726898193359,,0.5686399936676025,,0.10203705728054047
,1364.0,14,1.9475861336104572e-05,76099,,7.5629682540893555,,1.1958569288253784,,0.5686612725257874,,0.10205931961536407
,1356.0,14,1.9420689568505622e-05,76149,,5.722768783569336,,1.0404080152511597,,0.5686942934989929,,0.10207545012235641
,1368.0,14,1.9365517800906673e-05,76199,,8.193975448608398,,1.6607753038406372,,0.5687248706817627,,0.10209275782108307
,1376.0,14,1.931034421431832e-05,76249,,7.425428867340088,,1.2855256795883179,,0.5687741041183472,,0.10211080312728882
,1396.0,14,1.925517244671937e-05,76299,,6.843871116638184,,1.2012104988098145,,0.5688084363937378,,0.10212834179401398
,1372.0,14,1.920000067912042e-05,76349,,5.965864658355713,,0.9301806092262268,,0.5688381195068359,,0.10214430838823318
,1360.0,14,1.914482709253207e-05,76399,,6.896758079528809,,1.2517586946487427,,0.5688747763633728,,0.10215947031974792
,1360.0,14,1.908965532493312e-05,76449,,7.514726638793945,,1.634695291519165,,0.5689047574996948,,0.10217709094285965
,1356.0,14,1.903448355733417e-05,76499,,6.8625569343566895,,1.2866933345794678,,0.5689455270767212,,0.10219255834817886
,1328.0,14,1.8979309970745817e-05,76549,,5.905948162078857,,1.339236855506897,,0.5689747333526611,,0.10221068561077118
,1364.0,14,1.8924138203146867e-05,76599,,6.977362155914307,,1.3761680126190186,,0.5690009593963623,,0.10222373157739639
,1368.0,14,1.8868964616558515e-05,76649,,6.7503275871276855,,1.2709182500839233,,0.5690407156944275,,0.10223915427923203
,1380.0,14,1.8813792848959565e-05,76699,,7.951395511627197,,1.4774547815322876,,0.569083034992218,,0.10225677490234375
,1368.0,14,1.8758621081360616e-05,76749,,6.7506537437438965,,1.318237066268921,,0.5691174268722534,,0.10227520018815994
,1356.0,14,1.8703447494772263e-05,76799,,5.471746921539307,,1.2027288675308228,,0.5691545605659485,,0.10228821635246277
,1384.0,14,1.8648275727173313e-05,76849,,5.866104602813721,,1.3733973503112793,,0.5691882371902466,,0.102307990193367
,1384.0,14,1.8593103959574364e-05,76899,,4.482491493225098,,1.0184719562530518,,0.5692311525344849,,0.10231875628232956
,1372.0,14,1.853793037298601e-05,76949,,5.463222026824951,,1.0553377866744995,,0.5692627429962158,,0.1023348867893219
,1376.0,14,1.8482758605387062e-05,76999,,6.993982791900635,,1.2008295059204102,,0.5692983865737915,,0.10234694927930832
,1404.0,14,1.8427586837788112e-05,77049,,6.726142883300781,,1.3699328899383545,,0.5693375468254089,,0.10235926508903503
,1380.0,14,1.837241325119976e-05,77099,,6.820518493652344,,1.2836114168167114,,0.5693731307983398,,0.10237517207860947
,1332.0,14,1.831724148360081e-05,77149,,8.260236740112305,,1.283693552017212,,0.5694026947021484,,0.10238923132419586
,1376.0,14,1.826206971600186e-05,77199,,7.1685357093811035,,1.3068444728851318,,0.5694326758384705,,0.10240673273801804
,1336.0,14,1.8206896129413508e-05,77249,,5.500208854675293,,1.2035367488861084,,0.5694682598114014,,0.10242260247468948
,1356.0,14,1.815172436181456e-05,77299,,7.436054229736328,,1.1639350652694702,,0.5695044994354248,,0.10243893414735794
,1392.0,14,1.809655259421561e-05,77349,,7.926746845245361,,1.431381344795227,,0.569534957408905,,0.10245784372091293
,1368.0,14,1.8041379007627256e-05,77399,,4.204631328582764,,0.9881539940834045,,0.5695783495903015,,0.10247695446014404
,1356.0,14,1.7986207240028307e-05,77449,,7.087274551391602,,1.2459619045257568,,0.5696182250976562,,0.10249097645282745
,1392.0,14,1.7931033653439954e-05,77499,,8.086949348449707,,1.4855371713638306,,0.5696543455123901,,0.1025087982416153
,1392.0,14,1.7875861885841005e-05,77549,,7.43449592590332,,1.4044350385665894,,0.5696926116943359,,0.10252504795789719
,1360.0,14,1.7820690118242055e-05,77599,,7.508568286895752,,1.716975450515747,,0.5697296857833862,,0.10254049301147461
,1360.0,14,1.7765516531653702e-05,77649,,6.514679431915283,,1.5004615783691406,,0.5697624683380127,,0.1025548204779625
,1344.0,14,1.7710344764054753e-05,77699,,4.969769477844238,,0.8421764373779297,,0.5698001384735107,,0.10257091373205185
,1356.0,14,1.7655172996455804e-05,77749,,6.722977638244629,,1.1744316816329956,,0.5698341727256775,,0.10258657485246658
,1352.0,14,1.759999940986745e-05,77799,,6.400225639343262,,1.2638615369796753,,0.5698695182800293,,0.10260073840618134
,1356.0,14,1.75448276422685e-05,77849,,8.28508186340332,,1.2782659530639648,,0.569900393486023,,0.10261823982000351
,1376.0,14,1.7489655874669552e-05,77899,,6.3430938720703125,,1.1619478464126587,,0.5699338316917419,,0.10263276845216751
,1400.0,14,1.74344822880812e-05,77949,,7.52606725692749,,1.3479037284851074,,0.5699674487113953,,0.10264894366264343
,1352.0,14,1.737931052048225e-05,77999,,7.399312496185303,,1.219207525253296,,0.5699988603591919,,0.10266530513763428
,1316.0,14,1.73241387528833e-05,78049,,7.410996913909912,,1.1664092540740967,,0.5700240731239319,,0.10268304497003555
1365.0242919921875,,14,,78059,6.346428871154785,,1.1782454252243042,,0.5681965947151184,,0.10180602222681046,
,1376.0,15,1.7268965166294947e-05,78099,,4.6283159255981445,,0.906610369682312,,0.5700601935386658,,0.10269676148891449
,1356.0,15,1.7213793398695998e-05,78149,,6.007284164428711,,1.1678531169891357,,0.5700951218605042,,0.10271532088518143
,1340.0,15,1.7158619812107645e-05,78199,,7.348631858825684,,1.5472698211669922,,0.5701305866241455,,0.1027311235666275
,1336.0,15,1.7103448044508696e-05,78249,,4.955976486206055,,1.0514440536499023,,0.5701627135276794,,0.10274799168109894
,1340.0,15,1.7048276276909746e-05,78299,,7.180367946624756,,1.458341360092163,,0.5702029466629028,,0.10275983065366745
,1380.0,15,1.6993102690321393e-05,78349,,5.618090629577637,,0.9191179871559143,,0.5702475905418396,,0.1027727872133255
,1388.0,15,1.6937930922722444e-05,78399,,6.816664218902588,,1.0738855600357056,,0.5702871680259705,,0.10278579592704773
,1356.0,15,1.6882759155123495e-05,78449,,7.794328212738037,,1.1926661729812622,,0.5703068375587463,,0.10280071198940277
,1368.0,15,1.682758556853514e-05,78499,,5.023292064666748,,1.0101516246795654,,0.5703463554382324,,0.1028129979968071
,1408.0,15,1.6772413800936192e-05,78549,,5.254687309265137,,0.9025617837905884,,0.5703800320625305,,0.10282983630895615
,1364.0,15,1.6717242033337243e-05,78599,,6.416497230529785,,1.1058387756347656,,0.5704120397567749,,0.1028422862291336
,1380.0,15,1.666206844674889e-05,78649,,5.538869857788086,,0.9378684163093567,,0.5704466104507446,,0.10285410284996033
,1360.0,15,1.660689667914994e-05,78699,,6.859503269195557,,1.318026065826416,,0.5704742670059204,,0.10286855697631836
,1332.0,15,1.655172491155099e-05,78749,,5.828884601593018,,0.8895058631896973,,0.5705148577690125,,0.10288245230913162
,1364.0,15,1.649655132496264e-05,78799,,7.049505710601807,,1.2989705801010132,,0.5705478191375732,,0.10289234668016434
,1372.0,15,1.644137955736369e-05,78849,,6.917272090911865,,1.1963329315185547,,0.5705941319465637,,0.10290686041116714
,1388.0,15,1.638620778976474e-05,78899,,7.265744209289551,,1.2896555662155151,,0.5706294178962708,,0.10292099416255951
,1360.0,15,1.6331034203176387e-05,78949,,5.667377471923828,,1.0721124410629272,,0.5706634521484375,,0.1029365211725235
,1356.0,15,1.6275862435577437e-05,78999,,5.719240188598633,,1.1040840148925781,,0.5706959366798401,,0.10295026749372482
,1384.0,15,1.6220688848989084e-05,79049,,5.779191017150879,,1.0977568626403809,,0.5707287192344666,,0.10296585410833359
,1020.0,15,1.6165517081390135e-05,79099,,5.839804649353027,,1.003434658050537,,0.5707614421844482,,0.10298263281583786
,1360.0,15,1.6110345313791186e-05,79149,,5.716770172119141,,1.2807739973068237,,0.5707918405532837,,0.10299669951200485
,1336.0,15,1.6055171727202833e-05,79199,,7.635812282562256,,1.3315328359603882,,0.5708222389221191,,0.1030086949467659
,1364.0,15,1.5999999959603883e-05,79249,,6.485963344573975,,1.150291919708252,,0.5708581805229187,,0.1030220091342926
,1340.0,15,1.5944828192004934e-05,79299,,6.407416343688965,,0.9707247018814087,,0.5708993077278137,,0.10303933173418045
,1356.0,15,1.588965460541658e-05,79349,,5.777026176452637,,0.9561100602149963,,0.5709368586540222,,0.10305497795343399
,1360.0,15,1.583448283781763e-05,79399,,3.6931633949279785,,0.724838376045227,,0.5709728002548218,,0.10307091474533081
,1368.0,15,1.5779311070218682e-05,79449,,7.041012287139893,,1.156028151512146,,0.5710031390190125,,0.10308405011892319
,1384.0,15,1.572413748363033e-05,79499,,5.442261695861816,,1.1284173727035522,,0.5710391402244568,,0.10310066491365433
,1360.0,15,1.566896571603138e-05,79549,,5.902954578399658,,1.113499402999878,,0.5710687637329102,,0.10311621427536011
,1372.0,15,1.561379394843243e-05,79599,,8.06784439086914,,1.434167742729187,,0.5710916519165039,,0.10313711315393448
,1364.0,15,1.5558620361844078e-05,79649,,7.638516426086426,,1.4163520336151123,,0.5711213946342468,,0.10315267741680145
,1352.0,15,1.550344859424513e-05,79699,,7.299753189086914,,1.4089215993881226,,0.571160614490509,,0.10316610336303711
,1348.0,15,1.5448275007656775e-05,79749,,7.124728202819824,,1.1781343221664429,,0.5711884498596191,,0.1031789556145668
,1416.0,15,1.5393103240057826e-05,79799,,6.786538600921631,,1.056684136390686,,0.5712239146232605,,0.10319481045007706
,1384.0,15,1.5337931472458877e-05,79849,,6.18692684173584,,1.1353459358215332,,0.5712563395500183,,0.10320933163166046
,1392.0,15,1.5282757885870524e-05,79899,,6.986996650695801,,1.3057795763015747,,0.5712903738021851,,0.10322504490613937
,1344.0,15,1.5227586118271574e-05,79949,,6.030133247375488,,1.0977815389633179,,0.5713188052177429,,0.1032409816980362
,1336.0,15,1.5172413441177923e-05,79999,,6.062607288360596,,1.213532567024231,,0.5713503956794739,,0.10326000303030014
,1356.0,15,1.5117241673578974e-05,80049,,6.575207233428955,,1.3033711910247803,,0.5713774561882019,,0.10327667742967606
,1360.0,15,1.5062068996485323e-05,80099,,7.225975036621094,,1.3333865404129028,,0.571411669254303,,0.10329388082027435
,1400.0,15,1.5006896319391672e-05,80149,,3.2193961143493652,,0.6005082130432129,,0.5714450478553772,,0.103308767080307
,1336.0,15,1.4951724551792722e-05,80199,,7.5029802322387695,,1.29268479347229,,0.5714792609214783,,0.10332449525594711
,1356.0,15,1.4896551874699071e-05,80249,,7.717140197753906,,1.1468032598495483,,0.5715187788009644,,0.10333925485610962
,1396.0,15,1.484137919760542e-05,80299,,6.323141574859619,,1.1639240980148315,,0.5715572237968445,,0.10335535556077957
,1332.0,15,1.4786206520511769e-05,80349,,7.577666282653809,,1.2455068826675415,,0.571591317653656,,0.10336852818727493
,1348.0,15,1.473103475291282e-05,80399,,6.14506721496582,,1.0845967531204224,,0.571622908115387,,0.10338737070560455
,1376.0,15,1.4675862075819168e-05,80449,,7.912211894989014,,1.3021469116210938,,0.5716623663902283,,0.1034010797739029
,1348.0,15,1.4620689398725517e-05,80499,,7.6974077224731445,,1.2115083932876587,,0.5716955065727234,,0.10341457277536392
,1376.0,15,1.4565517631126568e-05,80549,,5.883910179138184,,1.1728702783584595,,0.5717209577560425,,0.10342976450920105
,1368.0,15,1.4510344954032917e-05,80599,,7.813994407653809,,1.2249683141708374,,0.5717622637748718,,0.10344274342060089
,1352.0,15,1.4455172276939265e-05,80649,,7.365024089813232,,1.109997034072876,,0.5717977285385132,,0.1034567579627037
,1372.0,15,1.4399999599845614e-05,80699,,7.834787368774414,,1.3926217555999756,,0.5718262791633606,,0.10347197949886322
,1348.0,15,1.4344827832246665e-05,80749,,7.363589286804199,,1.08921480178833,,0.5718560814857483,,0.10348760336637497
,1360.0,15,1.4289655155153014e-05,80799,,7.015567302703857,,1.1981555223464966,,0.5718928575515747,,0.1035040020942688
,1408.0,15,1.4234482478059363e-05,80849,,6.981896877288818,,1.1691468954086304,,0.5719251036643982,,0.1035199984908104
,1332.0,15,1.4179310710460413e-05,80899,,8.115379333496094,,1.4764695167541504,,0.5719616413116455,,0.10353598743677139
,1372.0,15,1.4124138033366762e-05,80949,,7.440530776977539,,1.3472081422805786,,0.5719923377037048,,0.10355477035045624
,1328.0,15,1.4068965356273111e-05,80999,,6.471580982208252,,1.0305538177490234,,0.572027325630188,,0.10357371717691422
,1372.0,15,1.401379267917946e-05,81049,,5.082701683044434,,1.0557020902633667,,0.5720610618591309,,0.10359061509370804
,1364.0,15,1.395862091158051e-05,81099,,6.621744632720947,,1.20359206199646,,0.5720837712287903,,0.10361205041408539
,1380.0,15,1.390344823448686e-05,81149,,6.67329740524292,,1.0972901582717896,,0.5721181631088257,,0.10362903773784637
,1348.0,15,1.3848275557393208e-05,81199,,6.335108280181885,,0.8890925049781799,,0.5721526145935059,,0.1036401093006134
,1364.0,15,1.3793103789794259e-05,81249,,6.7152934074401855,,1.2894874811172485,,0.572179913520813,,0.103654645383358
,1332.0,15,1.3737931112700608e-05,81299,,6.033351421356201,,0.917303204536438,,0.5722112655639648,,0.10367364436388016
,1348.0,15,1.3682758435606956e-05,81349,,7.158502578735352,,1.3754926919937134,,0.5722339749336243,,0.10369089990854263
,1344.0,15,1.3627585758513305e-05,81399,,5.708072185516357,,1.0464324951171875,,0.572266697883606,,0.10370448976755142
,1356.0,15,1.3572413990914356e-05,81449,,6.091999053955078,,0.9243747591972351,,0.5722991228103638,,0.10372072458267212
,1348.0,15,1.3517241313820705e-05,81499,,6.466399669647217,,1.1870718002319336,,0.5723284482955933,,0.10373260080814362
,1332.0,15,1.3462068636727054e-05,81549,,5.152887344360352,,1.0482407808303833,,0.5723624229431152,,0.10375145822763443
,1368.0,15,1.3406896869128104e-05,81599,,6.376461505889893,,1.3483153581619263,,0.5723890066146851,,0.10376536101102829
,1380.0,15,1.3351724192034453e-05,81649,,4.9820661544799805,,0.9428900480270386,,0.572421669960022,,0.10378309339284897
,1360.0,15,1.3296551514940802e-05,81699,,6.602879047393799,,1.3590335845947266,,0.5724520087242126,,0.10379786044359207
,1408.0,15,1.3241379747341853e-05,81749,,7.719501495361328,,1.4145361185073853,,0.572486937046051,,0.10381300747394562
,1328.0,15,1.3186207070248201e-05,81799,,6.992118835449219,,1.2630733251571655,,0.5725187659263611,,0.10382720828056335
,1344.0,15,1.313103439315455e-05,81849,,6.222822189331055,,1.1720280647277832,,0.5725545287132263,,0.10384366661310196
,1360.0,15,1.30758617160609e-05,81899,,4.8783745765686035,,0.8640612363815308,,0.5725870728492737,,0.10385730117559433
,1372.0,15,1.302068994846195e-05,81949,,5.805484294891357,,0.9237080216407776,,0.5726204514503479,,0.10386908054351807
,1396.0,15,1.2965517271368299e-05,81999,,5.500417232513428,,1.228634238243103,,0.5726491808891296,,0.10388457030057907
,1380.0,15,1.2910344594274648e-05,82049,,7.2515788078308105,,1.2425273656845093,,0.572675347328186,,0.10390178859233856
,1380.0,15,1.2855172826675698e-05,82099,,7.10705041885376,,1.5049190521240234,,0.5727109313011169,,0.10391905903816223
,1368.0,15,1.2800000149582047e-05,82149,,6.410159587860107,,0.8894268870353699,,0.5727493166923523,,0.10393347591161728
,1316.0,15,1.2744827472488396e-05,82199,,7.475979328155518,,1.3126511573791504,,0.5727837681770325,,0.10394762456417084
,1332.0,15,1.2689654795394745e-05,82249,,5.4291605949401855,,0.9008210897445679,,0.5728139281272888,,0.10396916419267654
,1392.0,15,1.2634483027795795e-05,82299,,3.5349645614624023,,0.7753193974494934,,0.5728456377983093,,0.10398556292057037
,1372.0,15,1.2579310350702144e-05,82349,,4.209012508392334,,1.0031102895736694,,0.5728774070739746,,0.10399936139583588
,1364.0,15,1.2524137673608493e-05,82399,,4.456299304962158,,0.8868923783302307,,0.5729193687438965,,0.10401323437690735
,1360.0,15,1.2468965906009544e-05,82449,,6.75223445892334,,1.0884451866149902,,0.5729500651359558,,0.10402784496545792
,1364.0,15,1.2413793228915893e-05,82499,,5.598511695861816,,1.0553977489471436,,0.5729838013648987,,0.10404112190008163
,1344.0,15,1.2358620551822241e-05,82549,,7.506853103637695,,1.4845095872879028,,0.5730125904083252,,0.10405576974153519
,1380.0,15,1.230344787472859e-05,82599,,6.875803470611572,,1.1411241292953491,,0.5730456113815308,,0.10407105088233948
,1388.0,15,1.2248276107129641e-05,82649,,5.5228376388549805,,1.0480763912200928,,0.5730741620063782,,0.10408670455217361
,1356.0,15,1.219310343003599e-05,82699,,6.5653910636901855,,1.0208466053009033,,0.5731059312820435,,0.10410253703594208
,1372.0,15,1.2137930752942339e-05,82749,,6.698960781097412,,1.107983946800232,,0.5731349587440491,,0.10411892086267471
,1388.0,15,1.208275898534339e-05,82799,,6.859363555908203,,1.2359014749526978,,0.5731635689735413,,0.1041349396109581
,1368.0,15,1.2027586308249738e-05,82849,,3.619187593460083,,0.7117463946342468,,0.5731900930404663,,0.10415090620517731
,1368.0,15,1.1972413631156087e-05,82899,,8.059917449951172,,1.4717481136322021,,0.573215126991272,,0.10416693240404129
,1384.0,15,1.1917240954062436e-05,82949,,8.433116912841797,,1.4015700817108154,,0.5732467174530029,,0.10418210178613663
,1380.0,15,1.1862069186463486e-05,82999,,6.936213493347168,,1.1431914567947388,,0.5732808709144592,,0.10419668257236481
,1344.0,15,1.1806896509369835e-05,83049,,6.600250720977783,,1.390779972076416,,0.5733079314231873,,0.10420925170183182
,1340.0,15,1.1751723832276184e-05,83099,,6.4514641761779785,,1.1839814186096191,,0.5733400583267212,,0.10422354191541672
,1356.0,15,1.1696552064677235e-05,83149,,3.6278440952301025,,0.8653276562690735,,0.5733759999275208,,0.1042390689253807
,1368.0,15,1.1641379387583584e-05,83199,,5.243203163146973,,0.9838883280754089,,0.573409914970398,,0.10425364226102829
,1352.0,15,1.1586206710489932e-05,83249,,5.636281490325928,,1.176698088645935,,0.5734423995018005,,0.10426685214042664
1366.4217529296875,,15,,83263,6.431378364562988,,1.1689541339874268,,0.5717787742614746,,0.10347092896699905,
,1372.0,16,1.1531034033396281e-05,83299,,7.207015037536621,,1.117739200592041,,0.57347571849823,,0.10428197681903839
,1324.0,16,1.1475862265797332e-05,83349,,6.144134044647217,,1.1108530759811401,,0.5735058784484863,,0.10430033504962921
,1376.0,16,1.142068958870368e-05,83399,,6.03802490234375,,1.1328976154327393,,0.5735393762588501,,0.1043185442686081
,1380.0,16,1.136551691161003e-05,83449,,5.796170234680176,,1.0741559267044067,,0.5735776424407959,,0.10433083772659302
,1344.0,16,1.131034514401108e-05,83499,,5.972243785858154,,0.8024335503578186,,0.5736109614372253,,0.10434476286172867
,1344.0,16,1.1255172466917429e-05,83549,,5.368570804595947,,1.1295347213745117,,0.5736417174339294,,0.1043616309762001
,1360.0,16,1.1199999789823778e-05,83599,,4.878848552703857,,1.0802022218704224,,0.5736777782440186,,0.10437353700399399
,1344.0,16,1.1144828022224829e-05,83649,,4.4574971199035645,,0.9511368274688721,,0.5737046599388123,,0.10439029335975647
,1344.0,16,1.1089655345131177e-05,83699,,4.310023784637451,,0.8737919330596924,,0.5737268328666687,,0.10440529882907867
,1344.0,16,1.1034482668037526e-05,83749,,7.129622936248779,,1.2932201623916626,,0.5737579464912415,,0.10442104190587997
,1368.0,16,1.0979309990943875e-05,83799,,6.3272247314453125,,1.1263575553894043,,0.5738009214401245,,0.10443268716335297
,1384.0,16,1.0924138223344926e-05,83849,,7.624588489532471,,1.4829579591751099,,0.5738348960876465,,0.10444901138544083
,1372.0,16,1.0868965546251275e-05,83899,,5.457008361816406,,0.9954636693000793,,0.5738699436187744,,0.10446004569530487
,1384.0,16,1.0813792869157623e-05,83949,,6.238352298736572,,1.3062238693237305,,0.5739070773124695,,0.1044701561331749
,1376.0,16,1.0758621101558674e-05,83999,,7.080813884735107,,1.1971176862716675,,0.5739310383796692,,0.10448560863733292
,1336.0,16,1.0703448424465023e-05,84049,,6.788219451904297,,1.2704854011535645,,0.5739587545394897,,0.10450416058301926
,1356.0,16,1.0648275747371372e-05,84099,,7.817770957946777,,1.4107855558395386,,0.5739884972572327,,0.10451533645391464
,1364.0,16,1.059310307027772e-05,84149,,6.663195610046387,,1.0756337642669678,,0.5740306377410889,,0.10452643036842346
,1336.0,16,1.0537931302678771e-05,84199,,7.746574401855469,,1.392409086227417,,0.5740654468536377,,0.10454007983207703
,1364.0,16,1.048275862558512e-05,84249,,6.627617835998535,,1.3921998739242554,,0.5740932822227478,,0.10455483198165894
,1328.0,16,1.0427585948491469e-05,84299,,7.000677585601807,,1.2721922397613525,,0.5741225481033325,,0.10456951707601547
,1368.0,16,1.037241418089252e-05,84349,,6.522246360778809,,1.3087434768676758,,0.5741512179374695,,0.10458327829837799
,1372.0,16,1.0317241503798869e-05,84399,,6.342536449432373,,1.1197236776351929,,0.5741882920265198,,0.10459361225366592
,1364.0,16,1.0262068826705217e-05,84449,,6.2695231437683105,,1.411756992340088,,0.5742197036743164,,0.10460487008094788
,1372.0,16,1.0206896149611566e-05,84499,,7.5919647216796875,,1.284074306488037,,0.5742510557174683,,0.10461801290512085
,1376.0,16,1.0151724382012617e-05,84549,,7.475877285003662,,1.267470121383667,,0.5742771625518799,,0.10463261604309082
,1364.0,16,1.0096551704918966e-05,84599,,8.021933555603027,,1.4443590641021729,,0.5742999315261841,,0.10464619100093842
,1380.0,16,1.0041379027825315e-05,84649,,8.051684379577637,,1.587685227394104,,0.5743221640586853,,0.10466066002845764
,1348.0,16,9.986207260226365e-06,84699,,6.057029724121094,,1.1316115856170654,,0.5743566155433655,,0.10467427223920822
,1376.0,16,9.931034583132714e-06,84749,,6.5478692054748535,,1.0464928150177002,,0.5743901133537292,,0.10468833893537521
,1360.0,16,9.875861906039063e-06,84799,,4.570611476898193,,1.017462134361267,,0.5744169354438782,,0.10470123589038849
,1380.0,16,9.820689228945412e-06,84849,,6.624870300292969,,1.270455241203308,,0.5744385123252869,,0.1047152578830719
,1348.0,16,9.765517461346462e-06,84899,,4.67866849899292,,0.7884732484817505,,0.574469804763794,,0.10472935438156128
,1372.0,16,9.710344784252811e-06,84949,,6.639717102050781,,1.0000040531158447,,0.5744999051094055,,0.10474546253681183
,1372.0,16,9.65517210715916e-06,84999,,7.083514213562012,,1.3268616199493408,,0.5745329856872559,,0.10476255416870117
,1356.0,16,9.60000033956021e-06,85049,,6.48322057723999,,1.3406896591186523,,0.574560821056366,,0.10477744042873383
,1340.0,16,9.54482766246656e-06,85099,,7.1720781326293945,,1.1235758066177368,,0.574591338634491,,0.10479433089494705
,1332.0,16,9.489654985372908e-06,85149,,5.514891624450684,,0.9713468551635742,,0.5746216773986816,,0.10480251163244247
,1356.0,16,9.434482308279257e-06,85199,,5.196674346923828,,0.945178747177124,,0.5746601223945618,,0.10481517016887665
,1344.0,16,9.379310540680308e-06,85249,,5.734182357788086,,0.8063238859176636,,0.5746939182281494,,0.10482998192310333
,1332.0,16,9.324137863586657e-06,85299,,7.764346122741699,,1.40970778465271,,0.5747200846672058,,0.10484784841537476
,1352.0,16,9.268965186493006e-06,85349,,5.846482276916504,,1.1392744779586792,,0.5747491121292114,,0.10486027598381042
,1372.0,16,9.213793418894056e-06,85399,,7.020484924316406,,1.1417458057403564,,0.5747842788696289,,0.1048748567700386
,1316.0,16,9.158620741800405e-06,85449,,5.880736827850342,,1.0609159469604492,,0.5748109221458435,,0.10489023476839066
,1368.0,16,9.103448064706754e-06,85499,,5.152627944946289,,1.139747977256775,,0.5748372673988342,,0.10490599274635315
,1368.0,16,9.048276297107805e-06,85549,,6.605129241943359,,0.9192252159118652,,0.5748742818832397,,0.10491812974214554
,1368.0,16,8.993103620014153e-06,85599,,7.010594367980957,,1.298893928527832,,0.5749046206474304,,0.10493280738592148
,1360.0,16,8.937930942920502e-06,85649,,5.948306083679199,,1.087514042854309,,0.5749372243881226,,0.10494676977396011
,1364.0,16,8.882758265826851e-06,85699,,6.3507981300354,,1.1982204914093018,,0.5749607682228088,,0.10496056824922562
,1316.0,16,8.827586498227902e-06,85749,,5.858416557312012,,0.704879879951477,,0.5749890804290771,,0.10497379302978516
,1348.0,16,8.77241382113425e-06,85799,,6.874242305755615,,1.2542380094528198,,0.5750192403793335,,0.10498855262994766
,1404.0,16,8.7172411440406e-06,85849,,5.982170104980469,,1.0777705907821655,,0.5750550031661987,,0.10500368475914001
,1376.0,16,8.66206937644165e-06,85899,,6.391922950744629,,0.9489829540252686,,0.5750899910926819,,0.1050177738070488
,1340.0,16,8.606896699347999e-06,85949,,7.401932239532471,,1.6848911046981812,,0.5751173496246338,,0.10503281652927399
,1364.0,16,8.551724022254348e-06,85999,,6.794093132019043,,1.1958143711090088,,0.5751546025276184,,0.10504166036844254
,1356.0,16,8.496551345160697e-06,86049,,7.354950904846191,,1.3158589601516724,,0.5751950144767761,,0.10505342483520508
,1332.0,16,8.441379577561747e-06,86099,,7.361697673797607,,1.313253402709961,,0.5752174854278564,,0.10506809502840042
,1352.0,16,8.386206900468096e-06,86149,,4.259720802307129,,0.8997054100036621,,0.5752449035644531,,0.105081707239151
,1348.0,16,8.331034223374445e-06,86199,,7.0093560218811035,,1.3963472843170166,,0.5752772688865662,,0.1050940528512001
,1372.0,16,8.275862455775496e-06,86249,,5.644060134887695,,1.1576950550079346,,0.5753095149993896,,0.10510390251874924
,1344.0,16,8.220689778681844e-06,86299,,6.417224407196045,,1.1018483638763428,,0.5753438472747803,,0.10511686652898788
,1368.0,16,8.165517101588193e-06,86349,,4.630612850189209,,0.8784405589103699,,0.5753778219223022,,0.10512875020503998
,1360.0,16,8.110344424494542e-06,86399,,4.211940288543701,,0.6110489368438721,,0.5754114389419556,,0.10514425486326218
,1348.0,16,8.055172656895593e-06,86449,,5.533494472503662,,0.920638382434845,,0.5754363536834717,,0.10515891015529633
,1372.0,16,7.999999979801942e-06,86499,,6.1913838386535645,,1.0244275331497192,,0.5754613876342773,,0.10517405718564987
,1384.0,16,7.94482730270829e-06,86549,,5.4136152267456055,,1.2214112281799316,,0.5754902958869934,,0.10518775135278702
,1380.0,16,7.889655535109341e-06,86599,,6.243574619293213,,1.3071502447128296,,0.5755227208137512,,0.10519988089799881
,1340.0,16,7.83448285801569e-06,86649,,6.315435409545898,,1.2370754480361938,,0.575544536113739,,0.10521072894334793
,1376.0,16,7.779310180922039e-06,86699,,7.320217609405518,,0.8946008086204529,,0.5755710601806641,,0.10522125661373138
,1372.0,16,7.724137503828388e-06,86749,,7.084654808044434,,1.1384291648864746,,0.5756016969680786,,0.10523434728384018
,1380.0,16,7.668965736229438e-06,86799,,7.279300689697266,,1.3635684251785278,,0.5756354928016663,,0.1052452027797699
,1328.0,16,7.613793059135787e-06,86849,,6.745943546295166,,1.2452081441879272,,0.57566237449646,,0.10525843501091003
,1360.0,16,7.558620836789487e-06,86899,,6.711459636688232,,1.2523071765899658,,0.5756918787956238,,0.10527157783508301
,1368.0,16,7.503448159695836e-06,86949,,5.157692909240723,,0.9755222201347351,,0.5757251977920532,,0.10528364777565002
,1348.0,16,7.4482759373495355e-06,86999,,8.133916854858398,,1.1433173418045044,,0.575753390789032,,0.10529585182666779
,1352.0,16,7.393103260255884e-06,87049,,5.57810640335083,,0.9930709004402161,,0.5757763385772705,,0.10531380027532578
,1408.0,16,7.337931037909584e-06,87099,,7.670932769775391,,1.2454053163528442,,0.5758047699928284,,0.10532941669225693
,1380.0,16,7.282758815563284e-06,87149,,4.968072891235352,,0.9721736311912537,,0.5758348107337952,,0.10534489899873734
,1380.0,16,7.227586138469633e-06,87199,,5.014229774475098,,1.008121371269226,,0.5758568644523621,,0.10535997897386551
,1360.0,16,7.1724139161233325e-06,87249,,6.580592155456543,,1.1139543056488037,,0.5758841633796692,,0.10537463426589966
,1364.0,16,7.117241239029681e-06,87299,,7.234864234924316,,1.4343047142028809,,0.5759159326553345,,0.10538536310195923
,1360.0,16,7.062069016683381e-06,87349,,7.935503959655762,,1.4546422958374023,,0.5759576559066772,,0.10539815574884415
,1356.0,16,7.00689633958973e-06,87399,,7.074690818786621,,1.157553791999817,,0.5759831070899963,,0.1054125651717186
,1368.0,16,6.95172411724343e-06,87449,,5.302764415740967,,1.1346099376678467,,0.5760114192962646,,0.10542692244052887
,1328.0,16,6.896551894897129e-06,87499,,7.443894863128662,,1.3897229433059692,,0.5760412216186523,,0.10543912649154663
,1384.0,16,6.841379217803478e-06,87549,,6.675403594970703,,1.187713623046875,,0.5760800242424011,,0.10545016080141068
,1372.0,16,6.786206995457178e-06,87599,,5.7848734855651855,,1.0036324262619019,,0.576103687286377,,0.10546606779098511
,1316.0,16,6.731034318363527e-06,87649,,4.4687180519104,,0.9659097194671631,,0.5761282444000244,,0.10548429191112518
,1372.0,16,6.675862096017227e-06,87699,,4.908951759338379,,0.9299878478050232,,0.5761614441871643,,0.10549653321504593
,1380.0,16,6.620689873670926e-06,87749,,6.382356643676758,,0.890374481678009,,0.5761997103691101,,0.10550609230995178
,1388.0,16,6.565517196577275e-06,87799,,7.224079608917236,,1.238884449005127,,0.5762282609939575,,0.10551714897155762
,1336.0,16,6.510344974230975e-06,87849,,6.95770263671875,,1.1407595872879028,,0.5762547254562378,,0.10553297400474548
,1356.0,16,6.455172297137324e-06,87899,,5.897407531738281,,1.1443836688995361,,0.5762822031974792,,0.10554864257574081
,1396.0,16,6.4000000747910235e-06,87949,,6.167368412017822,,1.2384045124053955,,0.5763058662414551,,0.1055617704987526
,1328.0,16,6.344827397697372e-06,87999,,5.16217565536499,,0.9508689045906067,,0.5763334631919861,,0.10557810962200165
,1376.0,16,6.289655175351072e-06,88049,,4.961380481719971,,0.9129468202590942,,0.5763548016548157,,0.10559019446372986
,1364.0,16,6.234482953004772e-06,88099,,6.840277194976807,,1.1692129373550415,,0.5763821601867676,,0.10560023784637451
,1376.0,16,6.179310275911121e-06,88149,,6.920508861541748,,1.2338719367980957,,0.5764111876487732,,0.10561288148164749
,990.0,16,6.1241380535648204e-06,88199,,6.910193920135498,,1.0695021152496338,,0.5764419436454773,,0.1056264117360115
,1344.0,16,6.068965376471169e-06,88249,,6.382408142089844,,1.2433825731277466,,0.576475203037262,,0.10563960671424866
,1360.0,16,6.013793154124869e-06,88299,,6.88202428817749,,1.135288119316101,,0.5765042901039124,,0.1056538000702858
,1368.0,16,5.958620477031218e-06,88349,,7.3035359382629395,,0.9381773471832275,,0.5765319466590881,,0.10566828399896622
,1380.0,16,5.903448254684918e-06,88399,,6.822475910186768,,1.2265329360961914,,0.5765604972839355,,0.10568302869796753
,1344.0,16,5.848276032338617e-06,88449,,6.047359466552734,,1.0226304531097412,,0.5765856504440308,,0.10569849610328674
1365.5618896484375,,16,,88467,6.496850967407227,,1.1616724729537964,,0.5750579237937927,,0.10499623417854309,
,1380.0,17,5.793103355244966e-06,88499,,5.777691841125488,,1.0197745561599731,,0.5766182541847229,,0.10571391880512238
,1380.0,17,5.737931132898666e-06,88549,,6.985539436340332,,1.2648944854736328,,0.5766449570655823,,0.1057271733880043
,1380.0,17,5.682758455805015e-06,88599,,7.192164897918701,,1.1328158378601074,,0.5766695737838745,,0.10574354231357574
,1352.0,17,5.6275862334587146e-06,88649,,7.620019435882568,,1.3027732372283936,,0.5767009258270264,,0.10576045513153076
,1356.0,17,5.572414011112414e-06,88699,,7.431009769439697,,1.345314621925354,,0.5767307281494141,,0.10577663779258728
,1372.0,17,5.517241334018763e-06,88749,,5.126598358154297,,0.8452343940734863,,0.5767665505409241,,0.10579128563404083
,1344.0,17,5.462069111672463e-06,88799,,5.981560230255127,,1.1593365669250488,,0.5767984986305237,,0.10580137372016907
,1384.0,17,5.406896434578812e-06,88849,,7.839415550231934,,1.2753125429153442,,0.5768260359764099,,0.10581178963184357
,1416.0,17,5.3517242122325115e-06,88899,,5.555464267730713,,1.0387033224105835,,0.5768519639968872,,0.10582631081342697
,1376.0,17,5.29655153513886e-06,88949,,7.144682884216309,,1.3381099700927734,,0.5768771171569824,,0.10583968460559845
,1320.0,17,5.24137931279256e-06,88999,,6.149528980255127,,1.004792332649231,,0.5769072771072388,,0.10585007071495056
,1376.0,17,5.18620709044626e-06,89049,,7.920233726501465,,1.2193206548690796,,0.5769327878952026,,0.10586405545473099
,1364.0,17,5.131034413352609e-06,89099,,7.894791126251221,,1.893388271331787,,0.5769601464271545,,0.10587933659553528
,1392.0,17,5.075862191006308e-06,89149,,5.55963659286499,,0.6116374135017395,,0.5769881010055542,,0.10588925331830978
,1352.0,17,5.020689513912657e-06,89199,,5.625245094299316,,1.0995104312896729,,0.5770190954208374,,0.10589966922998428
,1336.0,17,4.965517291566357e-06,89249,,8.234684944152832,,1.2938019037246704,,0.5770498514175415,,0.10591533780097961
,1336.0,17,4.910344614472706e-06,89299,,7.3147454261779785,,1.422304391860962,,0.5770732164382935,,0.10592807829380035
,1372.0,17,4.855172392126406e-06,89349,,5.770664215087891,,1.000281810760498,,0.5771008729934692,,0.10594134032726288
,1364.0,17,4.800000169780105e-06,89399,,5.9733805656433105,,0.9934106469154358,,0.5771283507347107,,0.10595392435789108
,1344.0,17,4.744827492686454e-06,89449,,5.369323253631592,,0.926547110080719,,0.5771581530570984,,0.10596708953380585
,1392.0,17,4.689655270340154e-06,89499,,8.09460163116455,,1.5454713106155396,,0.5771774053573608,,0.10597968101501465
,1376.0,17,4.634482593246503e-06,89549,,5.186110973358154,,0.7806549072265625,,0.5772042870521545,,0.10599493980407715
,1352.0,17,4.5793103709002025e-06,89599,,4.455955982208252,,0.7992829084396362,,0.577239990234375,,0.10600586235523224
,1376.0,17,4.524138148553902e-06,89649,,4.602291107177734,,0.6974056959152222,,0.5772672891616821,,0.10602270066738129
,1384.0,17,4.468965471460251e-06,89699,,5.825971603393555,,1.000236988067627,,0.5772925019264221,,0.1060367226600647
,1368.0,17,4.413793249113951e-06,89749,,4.854735374450684,,0.7437494397163391,,0.5773298144340515,,0.10604874044656754
,1376.0,17,4.3586205720203e-06,89799,,6.437917709350586,,1.050575852394104,,0.5773627161979675,,0.1060570701956749
,1396.0,17,4.3034483496739995e-06,89849,,7.4883317947387695,,1.1025687456130981,,0.5773875713348389,,0.10607125610113144
,1384.0,17,4.248275672580348e-06,89899,,6.762060165405273,,1.263267159461975,,0.5774184465408325,,0.10608525574207306
,1380.0,17,4.193103450234048e-06,89949,,6.951512813568115,,0.9133337736129761,,0.5774483680725098,,0.10609717667102814
,1336.0,17,4.137931227887748e-06,89999,,8.689738273620605,,1.4221450090408325,,0.5774825215339661,,0.10610993951559067
,1352.0,17,4.082758550794097e-06,90049,,6.051748752593994,,0.9841562509536743,,0.5775085687637329,,0.10612339526414871
,1340.0,17,4.027586328447796e-06,90099,,6.832359790802002,,1.1830135583877563,,0.5775426030158997,,0.10613427311182022
,1360.0,17,3.972413651354145e-06,90149,,7.137910842895508,,1.435557246208191,,0.5775657296180725,,0.10614681243896484
,1364.0,17,3.917241429007845e-06,90199,,7.734097480773926,,1.265610933303833,,0.5775909423828125,,0.10615859925746918
,1328.0,17,3.862068751914194e-06,90249,,7.307783126831055,,1.3325749635696411,,0.577623724937439,,0.10617160052061081
,1328.0,17,3.8068965295678936e-06,90299,,7.0486297607421875,,1.0151417255401611,,0.5776450634002686,,0.10618708282709122
,1352.0,17,3.751724079847918e-06,90349,,8.315471649169922,,1.4144232273101807,,0.5776718854904175,,0.10619959235191345
,1356.0,17,3.696551630127942e-06,90399,,6.21553373336792,,1.1279243230819702,,0.5776986479759216,,0.10621488094329834
,1344.0,17,3.641379407781642e-06,90449,,4.818698406219482,,0.8309997320175171,,0.5777241587638855,,0.10622610151767731
,1368.0,17,3.5862069580616662e-06,90499,,6.107053756713867,,0.908406674861908,,0.5777505040168762,,0.1062374860048294
,1368.0,17,3.5310345083416905e-06,90549,,6.193195819854736,,0.840798020362854,,0.5777843594551086,,0.10624942928552628
,1348.0,17,3.475862058621715e-06,90599,,6.947351455688477,,1.3033674955368042,,0.5778126120567322,,0.10626398772001266
,1388.0,17,3.420689608901739e-06,90649,,7.375121116638184,,1.3698064088821411,,0.5778405070304871,,0.10627597570419312
,1376.0,17,3.3655171591817634e-06,90699,,5.095385551452637,,1.0886566638946533,,0.5778668522834778,,0.1062905564904213
,1376.0,17,3.310344936835463e-06,90749,,5.396383285522461,,0.8112145066261292,,0.5779016613960266,,0.10630233585834503
,1388.0,17,3.2551724871154875e-06,90799,,6.7446794509887695,,1.1007177829742432,,0.5779330730438232,,0.10631341487169266
,1332.0,17,3.2000000373955118e-06,90849,,7.915223598480225,,1.1759883165359497,,0.5779603719711304,,0.10632461309432983
,1364.0,17,3.144827587675536e-06,90899,,5.0556511878967285,,0.9691576361656189,,0.5779860615730286,,0.10633683949708939
,1392.0,17,3.0896551379555603e-06,90949,,5.827193260192871,,1.0191742181777954,,0.578003466129303,,0.1063520610332489
,1364.0,17,3.0344826882355846e-06,90999,,5.88670539855957,,1.2588568925857544,,0.5780354738235474,,0.10636232048273087
,1344.0,17,2.979310238515609e-06,91049,,8.253153800964355,,1.2527098655700684,,0.5780641436576843,,0.10637576878070831
,1388.0,17,2.9241380161693087e-06,91099,,6.398461818695068,,1.1720963716506958,,0.5780890583992004,,0.10638640075922012
,1340.0,17,2.868965566449333e-06,91149,,8.094978332519531,,1.247443675994873,,0.5781171917915344,,0.10639606416225433
,1360.0,17,2.8137931167293573e-06,91199,,7.516592025756836,,1.1900280714035034,,0.5781431198120117,,0.10640791803598404
,1372.0,17,2.7586206670093816e-06,91249,,6.452805995941162,,1.3715457916259766,,0.5781702399253845,,0.10641944408416748
,1368.0,17,2.703448217289406e-06,91299,,4.848864555358887,,1.0153133869171143,,0.5782023668289185,,0.1064331904053688
,1360.0,17,2.64827576756943e-06,91349,,6.015192031860352,,0.9933544397354126,,0.5782355666160583,,0.10644550621509552
,1380.0,17,2.59310354522313e-06,91399,,4.959278583526611,,0.9177893400192261,,0.5782597064971924,,0.10645972937345505
,1356.0,17,2.537931095503154e-06,91449,,5.427479267120361,,1.0821164846420288,,0.5782850980758667,,0.10647471994161606
,1320.0,17,2.4827586457831785e-06,91499,,4.644872188568115,,0.8628917336463928,,0.5783131122589111,,0.10648701339960098
,1324.0,17,2.427586196063203e-06,91549,,5.482507705688477,,0.8054986596107483,,0.5783473253250122,,0.1064973846077919
,1356.0,17,2.372413746343227e-06,91599,,6.865122318267822,,1.1453938484191895,,0.5783784985542297,,0.10650899261236191
,1376.0,17,2.3172412966232514e-06,91649,,5.755815505981445,,1.0767186880111694,,0.5784068703651428,,0.10652235895395279
,1392.0,17,2.262069074276951e-06,91699,,5.880342960357666,,1.136715292930603,,0.5784459710121155,,0.10653543472290039
,1392.0,17,2.2068966245569754e-06,91749,,5.575691223144531,,0.8758394718170166,,0.5784764289855957,,0.10655086487531662
,1372.0,17,2.1517241748369997e-06,91799,,4.668935298919678,,0.8768495321273804,,0.5785093903541565,,0.1065630316734314
,1352.0,17,2.096551725117024e-06,91849,,6.793895244598389,,1.2942943572998047,,0.5785315036773682,,0.10657532513141632
,1364.0,17,2.0413792753970483e-06,91899,,7.715506553649902,,1.3164311647415161,,0.578563928604126,,0.10658595710992813
,1356.0,17,1.9862068256770726e-06,91949,,6.488396644592285,,1.1043310165405273,,0.5785910487174988,,0.1066017597913742
,1388.0,17,1.931034375957097e-06,91999,,5.057182788848877,,1.050668478012085,,0.578625500202179,,0.1066141277551651
,1364.0,17,1.875862039923959e-06,92049,,4.595101833343506,,0.8512673377990723,,0.5786542892456055,,0.10662387311458588
,1348.0,17,1.820689703890821e-06,92099,,6.263676643371582,,1.0963072776794434,,0.578682541847229,,0.10663478821516037
,1388.0,17,1.7655172541708453e-06,92149,,7.451473712921143,,1.3248004913330078,,0.578701913356781,,0.10665188729763031
,1376.0,17,1.7103448044508696e-06,92199,,6.909036159515381,,1.377724528312683,,0.578727126121521,,0.10666803270578384
,1364.0,17,1.6551724684177316e-06,92249,,5.80958890914917,,0.9659882187843323,,0.5787519216537476,,0.10668141394853592
,1340.0,17,1.6000000186977559e-06,92299,,4.900333881378174,,0.8166882991790771,,0.5787743926048279,,0.1066957414150238
,1392.0,17,1.5448275689777802e-06,92349,,5.481424808502197,,0.9894620776176453,,0.578805685043335,,0.10670652985572815
,1384.0,17,1.4896551192578045e-06,92399,,6.855722904205322,,1.1448088884353638,,0.5788351893424988,,0.10671671479940414
,1352.0,17,1.4344827832246665e-06,92449,,6.648573875427246,,1.3438315391540527,,0.5788629651069641,,0.10672850906848907
,1364.0,17,1.3793103335046908e-06,92499,,6.353605270385742,,1.1779277324676514,,0.5788902640342712,,0.10673882067203522
,1352.0,17,1.324137883784715e-06,92549,,6.704324245452881,,1.2344657182693481,,0.5789174437522888,,0.10675079375505447
,1392.0,17,1.268965547751577e-06,92599,,7.804553985595703,,1.4521701335906982,,0.5789474248886108,,0.1067628264427185
,1396.0,17,1.2137930980316014e-06,92649,,6.228115558624268,,1.058374047279358,,0.5789706707000732,,0.10677187889814377
,1360.0,17,1.1586206483116257e-06,92699,,7.663089752197266,,1.3886542320251465,,0.5789975523948669,,0.10678309202194214
,1348.0,17,1.1034483122784877e-06,92749,,6.9493536949157715,,1.213687539100647,,0.579023540019989,,0.1067977175116539
,1360.0,17,1.048275862558512e-06,92799,,7.757309913635254,,1.1285603046417236,,0.5790494084358215,,0.10681194812059402
,1364.0,17,9.931034128385363e-07,92849,,4.741264820098877,,0.7219132781028748,,0.5790709257125854,,0.10682535171508789
,1348.0,17,9.379310199619795e-07,92899,,6.311759948730469,,1.282717227935791,,0.5790944695472717,,0.10683665424585342
,1400.0,17,8.827586270854226e-07,92949,,7.53879451751709,,1.38375985622406,,0.5791206955909729,,0.10685361921787262
,1380.0,17,8.275862342088658e-07,92999,,7.433882236480713,,1.2625888586044312,,0.5791473388671875,,0.10686584562063217
,1344.0,17,7.724137844888901e-07,93049,,6.340139389038086,,1.317325472831726,,0.5791711807250977,,0.10687924921512604
,1328.0,17,7.172413916123332e-07,93099,,7.4032440185546875,,1.2939469814300537,,0.5792005658149719,,0.10688886046409607
,1384.0,17,6.620689418923575e-07,93149,,6.660312652587891,,1.1258599758148193,,0.5792303681373596,,0.10689990967512131
,1372.0,17,6.068965490158007e-07,93199,,7.623125076293945,,1.1720631122589111,,0.5792617201805115,,0.10691145807504654
,1352.0,17,5.517241561392439e-07,93249,,7.715813159942627,,1.2639076709747314,,0.5792840123176575,,0.10692522674798965
,1316.0,17,4.965517064192682e-07,93299,,6.2996978759765625,,1.2371151447296143,,0.5793088674545288,,0.10693825781345367
,1372.0,17,4.413793135427113e-07,93349,,6.1130876541137695,,1.2486809492111206,,0.579339325428009,,0.10694928467273712
,1352.0,17,3.8620689224444504e-07,93399,,7.492716312408447,,1.3363200426101685,,0.5793673992156982,,0.10695938020944595
,1352.0,17,3.3103447094617877e-07,93449,,7.887716293334961,,1.5242878198623657,,0.5793914794921875,,0.10697228461503983
,1336.0,17,2.7586207806962193e-07,93499,,8.138920783996582,,1.2477245330810547,,0.5794167518615723,,0.10698556900024414
,1364.0,17,2.2068965677135566e-07,93549,,6.527707576751709,,0.9980946779251099,,0.5794378519058228,,0.10699935257434845
,1356.0,17,1.6551723547308939e-07,93599,,7.3124237060546875,,1.222179889678955,,0.5794651508331299,,0.10701066255569458
,1284.0,17,1.1034482838567783e-07,93649,,6.419726371765137,,1.1205962896347046,,0.5794880986213684,,0.10702120512723923
1366.0179443359375,,17,,93671,6.5503926277160645,,1.1541999578475952,,0.5780729055404663,,0.10637670010328293,
,1388.0,18,5.5172414192838914e-08,93699,,7.70611047744751,,1.3989263772964478,,0.5795177221298218,,0.10703231394290924
,1368.0,18,0.0,93749,,6.057533264160156,,1.1821280717849731,,0.5795468688011169,,0.10704412311315536
1366.769287109375,,18,,93788,6.485447883605957,,1.1491786241531372,,0.5795368552207947,,0.10704011470079422,
