Gathered number of frames_epoch,Gathered number of frames_step,epoch,lr,step,train_feature_penalty_epoch,train_feature_penalty_step,train_loss_epoch,train_loss_step,train_masked_accuracy_epoch,train_masked_accuracy_step,train_unmasked_accuracy_epoch,train_unmasked_accuracy_step
,1360.0,0,1.6000000186977559e-06,49,,0.47545886039733887,,6.261707305908203,,0.00186730467248708,,0.001607594545930624
,1368.0,0,3.2000000373955118e-06,99,,0.5193154215812683,,6.2076311111450195,,0.002663455903530121,,0.0018738574581220746
,1384.0,0,4.800000169780105e-06,149,,0.4526340663433075,,6.220282554626465,,0.002850476885214448,,0.0019820951856672764
,1392.0,0,6.4000000747910235e-06,199,,0.3986150324344635,,6.215873718261719,,0.003537088166922331,,0.002332911128178239
,1360.0,0,7.999999979801942e-06,249,,0.49678173661231995,,6.031674861907959,,0.005003075581043959,,0.003467806614935398
,1372.0,0,9.60000033956021e-06,299,,0.5338821411132812,,6.210066318511963,,0.0058270907029509544,,0.004138371907174587
,1408.0,0,1.1199999789823778e-05,349,,0.5929185152053833,,6.1257243156433105,,0.006227397359907627,,0.0045015886425971985
,1336.0,0,1.2800000149582047e-05,399,,0.5406216979026794,,6.152998924255371,,0.006536402273923159,,0.005023203324526548
,1360.0,0,1.4399999599845614e-05,449,,0.49238479137420654,,6.180224418640137,,0.007973020896315575,,0.0062545295804739
,1380.0,0,1.5999999959603883e-05,499,,0.4826085865497589,,6.148587703704834,,0.008971510455012321,,0.00744599150493741
,1380.0,0,1.759999940986745e-05,549,,0.602710485458374,,6.171572208404541,,0.009483201429247856,,0.007892805151641369
,1372.0,0,1.920000067912042e-05,599,,0.735530436038971,,6.056888103485107,,0.009757519699633121,,0.008290721103549004
,1360.0,0,2.080000012938399e-05,649,,0.7989556789398193,,6.096134185791016,,0.010602481663227081,,0.008885405026376247
,1400.0,0,2.2399999579647556e-05,699,,0.7469697594642639,,5.935307025909424,,0.010963999666273594,,0.00937268789857626
,1380.0,0,2.4000000848900527e-05,749,,0.9750354290008545,,6.034173965454102,,0.01172580011188984,,0.010006032884120941
,1356.0,0,2.5600000299164094e-05,799,,0.9384304881095886,,6.043778419494629,,0.012602582573890686,,0.010684513486921787
,1352.0,0,2.719999974942766e-05,849,,0.7102880477905273,,6.014586448669434,,0.013612128794193268,,0.011638239957392216
,1332.0,0,2.879999919969123e-05,899,,1.3602691888809204,,5.910587310791016,,0.014158299192786217,,0.012032800354063511
,1384.0,0,3.04000004689442e-05,949,,1.8224059343338013,,5.928211212158203,,0.01519100647419691,,0.012792832218110561
,1352.0,0,3.199999991920777e-05,999,,1.622348666191101,,5.886790752410889,,0.01596885360777378,,0.013359248638153076
,1372.0,0,3.360000118846074e-05,1049,,1.5835846662521362,,5.859013557434082,,0.016874827444553375,,0.013968659564852715
,1388.0,0,3.51999988197349e-05,1099,,1.2154834270477295,,5.850992679595947,,0.0179014652967453,,0.014718071557581425
,1376.0,0,3.680000008898787e-05,1149,,1.947609543800354,,5.603341102600098,,0.01851821132004261,,0.015098076313734055
,1372.0,0,3.840000135824084e-05,1199,,1.7617995738983154,,5.813325881958008,,0.01939735934138298,,0.015666212886571884
,1360.0,0,3.9999998989515007e-05,1249,,1.8373517990112305,,5.674911022186279,,0.02043266035616398,,0.01651052199304104
,1372.0,0,4.160000025876798e-05,1299,,1.6565965414047241,,5.802520751953125,,0.0212507676333189,,0.01707516424357891
,1356.0,0,4.320000152802095e-05,1349,,2.1316137313842773,,5.6555256843566895,,0.022467810660600662,,0.01785002462565899
,1352.0,0,4.479999915929511e-05,1399,,1.9708448648452759,,5.554040431976318,,0.023447800427675247,,0.018284158781170845
,1344.0,0,4.640000042854808e-05,1449,,2.106156349182129,,5.617729663848877,,0.024156346917152405,,0.01854163594543934
,1344.0,0,4.8000001697801054e-05,1499,,2.2632668018341064,,5.677651405334473,,0.02468053251504898,,0.018752673640847206
,1384.0,0,4.959999932907522e-05,1549,,2.099282741546631,,5.278158187866211,,0.025368133559823036,,0.019047483801841736
,1376.0,0,5.120000059832819e-05,1599,,1.4752514362335205,,5.499122619628906,,0.02613740786910057,,0.01937653310596943
,1360.0,0,5.279999822960235e-05,1649,,1.6721192598342896,,5.4561767578125,,0.026859527453780174,,0.019534219056367874
,1372.0,0,5.439999949885532e-05,1699,,1.6521614789962769,,5.739272117614746,,0.027670033276081085,,0.019906096160411835
,1380.0,0,5.6000000768108293e-05,1749,,1.7289007902145386,,5.623593330383301,,0.028489822521805763,,0.020358555018901825
,1316.0,0,5.759999839938246e-05,1799,,1.5830481052398682,,5.466228485107422,,0.029497168958187103,,0.020961850881576538
,1344.0,0,5.919999966863543e-05,1849,,1.8392888307571411,,5.520534038543701,,0.030324678868055344,,0.02135610394179821
,1328.0,0,6.08000009378884e-05,1899,,2.3446385860443115,,5.563201427459717,,0.03127651661634445,,0.021970875561237335
,1376.0,0,6.240000220714137e-05,1949,,2.058690071105957,,5.4702277183532715,,0.03232843428850174,,0.02247776836156845
,1332.0,0,6.399999983841553e-05,1999,,1.9739099740982056,,5.550343036651611,,0.03292069584131241,,0.022684046998620033
,1420.0,0,6.55999974696897e-05,2049,,2.155362367630005,,5.474693298339844,,0.033619679510593414,,0.02286454476416111
,1356.0,0,6.720000237692147e-05,2099,,1.8512102365493774,,5.507321357727051,,0.03441506251692772,,0.02319042943418026
,1376.0,0,6.880000000819564e-05,2149,,1.860524296760559,,5.3929443359375,,0.03498060628771782,,0.023372767493128777
,1388.0,0,7.03999976394698e-05,2199,,1.6802306175231934,,5.465929985046387,,0.03555324301123619,,0.023597048595547676
,1392.0,0,7.200000254670158e-05,2249,,2.1327691078186035,,5.30996036529541,,0.036330800503492355,,0.02384021505713463
,1364.0,0,7.360000017797574e-05,2299,,1.6028409004211426,,5.425284385681152,,0.03692147135734558,,0.024078145623207092
,1392.0,0,7.519999780924991e-05,2349,,1.8787944316864014,,5.235656261444092,,0.03760714456439018,,0.024338319897651672
,1376.0,0,7.680000271648169e-05,2399,,1.7301366329193115,,5.409308910369873,,0.038299139589071274,,0.024479353800415993
,1348.0,0,7.840000034775585e-05,2449,,2.381028175354004,,5.403282642364502,,0.039121802896261215,,0.02485334314405918
,1368.0,0,7.999999797903001e-05,2499,,1.6717205047607422,,5.407402038574219,,0.039791371673345566,,0.02506694756448269
,1392.0,0,8.160000288626179e-05,2549,,1.6422539949417114,,5.387761116027832,,0.04045179858803749,,0.025326894596219063
,1400.0,0,8.320000051753595e-05,2599,,1.661979079246521,,5.533888339996338,,0.041188329458236694,,0.02568499930202961
,1336.0,0,8.479999814881012e-05,2649,,1.7251899242401123,,4.9422454833984375,,0.04180847480893135,,0.02590775117278099
,1340.0,0,8.64000030560419e-05,2699,,1.5376032590866089,,5.273935794830322,,0.04241255670785904,,0.026126287877559662
,1340.0,0,8.800000068731606e-05,2749,,1.9255105257034302,,5.091358184814453,,0.04308416321873665,,0.026382489129900932
,1380.0,0,8.959999831859022e-05,2799,,1.8088940382003784,,5.252653121948242,,0.04374714568257332,,0.026664618402719498
,1368.0,0,9.1200003225822e-05,2849,,1.511094093322754,,5.472429275512695,,0.04452931880950928,,0.027098828926682472
,1376.0,0,9.280000085709617e-05,2899,,1.341193437576294,,5.160471439361572,,0.045178018510341644,,0.027397768571972847
,1348.0,0,9.439999848837033e-05,2949,,2.1960272789001465,,5.188727855682373,,0.045854441821575165,,0.027635613456368446
,1376.0,0,9.600000339560211e-05,2999,,1.5649701356887817,,5.163951873779297,,0.04653504118323326,,0.0278853140771389
,1376.0,0,9.760000102687627e-05,3049,,1.4079015254974365,,4.713201522827148,,0.04716970771551132,,0.028125636279582977
,1412.0,0,9.919999865815043e-05,3099,,1.5083739757537842,,5.144509792327881,,0.04776182398200035,,0.028392134234309196
,1368.0,0,9.997241431847215e-05,3149,,2.247319221496582,,5.079351902008057,,0.0483173243701458,,0.02865017205476761
,1388.0,0,9.99172407318838e-05,3199,,2.3095703125,,5.304901599884033,,0.0489225871860981,,0.02891872636973858
,1380.0,0,9.986206714529544e-05,3249,,1.8532110452651978,,4.791682720184326,,0.04950317367911339,,0.02912754751741886
,1376.0,0,9.980689355870709e-05,3299,,2.007321357727051,,4.9662909507751465,,0.05013030767440796,,0.029368869960308075
,1376.0,0,9.975172724807635e-05,3349,,2.0311357975006104,,4.957250595092773,,0.05081569403409958,,0.029585903510451317
,1340.0,0,9.9696553661488e-05,3399,,2.5788283348083496,,5.029965400695801,,0.05144122615456581,,0.029802754521369934
,1376.0,0,9.964138007489964e-05,3449,,1.6688618659973145,,5.322455883026123,,0.05204000696539879,,0.030011452734470367
,1372.0,0,9.958620648831129e-05,3499,,1.365376353263855,,4.808377265930176,,0.05268269032239914,,0.030282236635684967
,1368.0,0,9.953103290172294e-05,3549,,1.8200995922088623,,5.0355329513549805,,0.05339645594358444,,0.030556688085198402
,1372.0,0,9.947585931513458e-05,3599,,1.6203397512435913,,5.037056922912598,,0.054025739431381226,,0.0308197233825922
,1356.0,0,9.942069300450385e-05,3649,,1.4970145225524902,,4.677308559417725,,0.05468728393316269,,0.03108922950923443
,1388.0,0,9.93655194179155e-05,3699,,1.8324967622756958,,4.895018100738525,,0.05541541799902916,,0.03140897676348686
,1364.0,0,9.931034583132714e-05,3749,,2.084547996520996,,5.100986003875732,,0.05613280087709427,,0.03162560984492302
,1344.0,0,9.925517224473879e-05,3799,,1.789452075958252,,4.970393657684326,,0.05665280297398567,,0.031798407435417175
,1352.0,0,9.919999865815043e-05,3849,,2.0220656394958496,,4.767187118530273,,0.057321079075336456,,0.03196863457560539
,1364.0,0,9.914482507156208e-05,3899,,2.273404121398926,,4.806677341461182,,0.05793455243110657,,0.0322052538394928
,1384.0,0,9.908965876093134e-05,3949,,1.8882490396499634,,4.752710342407227,,0.05857711285352707,,0.03246142715215683
,1356.0,0,9.903448517434299e-05,3999,,1.9230749607086182,,4.880496978759766,,0.05921880155801773,,0.0327100045979023
,1368.0,0,9.897931158775464e-05,4049,,1.645040512084961,,4.860777854919434,,0.059816788882017136,,0.03292828053236008
,1332.0,0,9.892413800116628e-05,4099,,2.202709674835205,,4.755253791809082,,0.06041007488965988,,0.03313412517309189
,1364.0,0,9.886896441457793e-05,4149,,2.7513535022735596,,4.799744606018066,,0.0610370934009552,,0.03339836373925209
,1348.0,0,9.881379082798958e-05,4199,,2.1686832904815674,,4.826323986053467,,0.06180751696228981,,0.03369332477450371
,1344.0,0,9.875861724140123e-05,4249,,1.6877012252807617,,4.775124549865723,,0.06254550814628601,,0.03403926640748978
,1376.0,0,9.870345093077049e-05,4299,,1.996203064918518,,4.777073383331299,,0.06326477974653244,,0.034297678619623184
,1368.0,0,9.864827734418213e-05,4349,,2.1103053092956543,,4.549460411071777,,0.06389898806810379,,0.03454749658703804
,1312.0,0,9.859310375759378e-05,4399,,2.353987693786621,,4.609176158905029,,0.06458526104688644,,0.034783985465765
,1396.0,0,9.853793017100543e-05,4449,,2.2283473014831543,,5.015719413757324,,0.06526290625333786,,0.03502717614173889
,1332.0,0,9.848275658441707e-05,4499,,1.8130862712860107,,4.693028926849365,,0.06596634536981583,,0.03522000089287758
,1324.0,0,9.842758299782872e-05,4549,,2.288529634475708,,4.3066887855529785,,0.06666184961795807,,0.03546807914972305
,1364.0,0,9.837241668719798e-05,4599,,1.7633819580078125,,4.574005603790283,,0.06743249297142029,,0.03573426604270935
,1388.0,0,9.831724310060963e-05,4649,,2.251267433166504,,4.679535388946533,,0.06806971877813339,,0.03598029166460037
,1356.0,0,9.826206951402128e-05,4699,,1.8214918375015259,,4.632650375366211,,0.06876969337463379,,0.0363287515938282
,1384.0,0,9.820689592743292e-05,4749,,2.1465747356414795,,4.534083843231201,,0.06941274553537369,,0.03662034496665001
,1368.0,0,9.815172234084457e-05,4799,,2.7062578201293945,,4.571215629577637,,0.07015229761600494,,0.03686254471540451
,1388.0,0,9.809654875425622e-05,4849,,2.510936737060547,,4.730899333953857,,0.07072162628173828,,0.037119653075933456
,1404.0,0,9.804138244362548e-05,4899,,1.9516085386276245,,4.663046836853027,,0.07144422084093094,,0.037415824830532074
,1420.0,0,9.798620885703713e-05,4949,,2.836465835571289,,4.55068302154541,,0.07213076204061508,,0.037739258259534836
,1340.0,0,9.793103527044877e-05,4999,,2.259887218475342,,4.6510210037231445,,0.07277724146842957,,0.03797818720340729
,1352.0,0,9.787586168386042e-05,5049,,2.149495840072632,,4.495330810546875,,0.07343804836273193,,0.03826276957988739
,1396.0,0,9.782068809727207e-05,5099,,1.7979644536972046,,4.53718376159668,,0.0741715207695961,,0.03857754170894623
,1348.0,0,9.776551451068372e-05,5149,,2.689500570297241,,4.3156819343566895,,0.07495639473199844,,0.038833048194646835
,1376.0,0,9.771034820005298e-05,5199,,2.844374656677246,,4.509603977203369,,0.07564152777194977,,0.039091743528842926
1365.5830078125,,0,,5203,1.7491891384124756,,5.323643207550049,,0.0397135429084301,,0.023835282772779465,
,1364.0,1,9.765517461346462e-05,5249,,2.1171112060546875,,4.380462646484375,,0.07629792392253876,,0.03935496136546135
,1376.0,1,9.760000102687627e-05,5299,,2.9120521545410156,,4.443212509155273,,0.07705821096897125,,0.03960411623120308
,1368.0,1,9.754482744028792e-05,5349,,1.888096809387207,,4.407027244567871,,0.07791507989168167,,0.039863016456365585
,1360.0,1,9.748965385369956e-05,5399,,2.5785961151123047,,4.490540504455566,,0.07864104956388474,,0.04011211544275284
,1368.0,1,9.743448026711121e-05,5449,,2.2099971771240234,,4.293468475341797,,0.07930954545736313,,0.04037744179368019
,1400.0,1,9.737931395648047e-05,5499,,3.392625093460083,,4.273936748504639,,0.07997393608093262,,0.04060745984315872
,1348.0,1,9.732414036989212e-05,5549,,2.1611742973327637,,4.446932315826416,,0.0806402713060379,,0.04087958484888077
,1392.0,1,9.726896678330377e-05,5599,,2.0293221473693848,,4.339374542236328,,0.08134731650352478,,0.041137851774692535
,1340.0,1,9.721379319671541e-05,5649,,1.9054560661315918,,4.528090000152588,,0.08198439329862595,,0.04143312945961952
,1388.0,1,9.715861961012706e-05,5699,,2.469743251800537,,4.200495719909668,,0.08272865414619446,,0.041703443974256516
,1336.0,1,9.710344602353871e-05,5749,,2.058091402053833,,4.35116720199585,,0.0834372416138649,,0.04198993369936943
,1360.0,1,9.704827243695036e-05,5799,,2.533008337020874,,4.3271331787109375,,0.08420310169458389,,0.042242832481861115
,1372.0,1,9.699310612631962e-05,5849,,2.8447048664093018,,4.400319576263428,,0.08496776968240738,,0.042533937841653824
,1372.0,1,9.693793253973126e-05,5899,,2.9605090618133545,,4.223900318145752,,0.08574259281158447,,0.04279661178588867
,1360.0,1,9.688275895314291e-05,5949,,3.6086320877075195,,4.523920059204102,,0.08650669455528259,,0.04312526062130928
,1348.0,1,9.682758536655456e-05,5999,,3.271254539489746,,4.354490280151367,,0.08714635670185089,,0.043391477316617966
,1392.0,1,9.67724117799662e-05,6049,,1.658773422241211,,4.124857425689697,,0.08778013288974762,,0.04362379387021065
,1360.0,1,9.671723819337785e-05,6099,,3.413954019546509,,4.061946868896484,,0.08848448097705841,,0.043867651373147964
,1408.0,1,9.666207188274711e-05,6149,,3.7211668491363525,,4.113041400909424,,0.0891382098197937,,0.04405502602458
,1380.0,1,9.660689829615876e-05,6199,,3.4441702365875244,,4.0086541175842285,,0.08985118567943573,,0.04432985559105873
,1388.0,1,9.655172470957041e-05,6249,,3.115121364593506,,4.272729873657227,,0.09055881947278976,,0.044583819806575775
,1364.0,1,9.649655112298205e-05,6299,,3.287686586380005,,4.083250999450684,,0.0911850854754448,,0.044839464128017426
,1328.0,1,9.64413775363937e-05,6349,,2.234588146209717,,4.24266242980957,,0.09190191328525543,,0.045120786875486374
,1360.0,1,9.638620394980535e-05,6399,,2.7399251461029053,,4.331497669219971,,0.09260835498571396,,0.045414868742227554
,1376.0,1,9.633103763917461e-05,6449,,4.701927185058594,,4.2681989669799805,,0.09334812313318253,,0.045667871832847595
,1372.0,1,9.627586405258626e-05,6499,,2.852597236633301,,4.086010932922363,,0.09398551285266876,,0.04589921981096268
,1368.0,1,9.62206904659979e-05,6549,,2.8350443840026855,,4.125100612640381,,0.09465056657791138,,0.046174321323633194
,1348.0,1,9.616551687940955e-05,6599,,2.2786502838134766,,4.075680732727051,,0.09535430371761322,,0.04645781219005585
,1388.0,1,9.61103432928212e-05,6649,,2.1101391315460205,,4.224745273590088,,0.09610436111688614,,0.04676363244652748
,1348.0,1,9.605516970623285e-05,6699,,2.899435520172119,,4.108007907867432,,0.09678027033805847,,0.04696715250611305
,1380.0,1,9.600000339560211e-05,6749,,2.554487943649292,,4.042884349822998,,0.09744375199079514,,0.047209106385707855
,1356.0,1,9.594482980901375e-05,6799,,2.5489072799682617,,4.2992777824401855,,0.0981689840555191,,0.0475115142762661
,1368.0,1,9.58896562224254e-05,6849,,3.3669562339782715,,4.130711078643799,,0.09884780645370483,,0.04776020720601082
,1396.0,1,9.583448263583705e-05,6899,,3.6313400268554688,,3.8678083419799805,,0.09958707541227341,,0.04804334044456482
,1416.0,1,9.57793090492487e-05,6949,,4.103150367736816,,3.8934719562530518,,0.10028092563152313,,0.048294421285390854
,1384.0,1,9.572413546266034e-05,6999,,2.7542014122009277,,3.7968637943267822,,0.10098471492528915,,0.0485486201941967
,1388.0,1,9.56689691520296e-05,7049,,3.2493209838867188,,3.962088108062744,,0.10163090378046036,,0.048799507319927216
,1396.0,1,9.561379556544125e-05,7099,,2.1735196113586426,,3.940680503845215,,0.10233870148658752,,0.04899272322654724
,1336.0,1,9.55586219788529e-05,7149,,3.86908221244812,,4.0577826499938965,,0.10306432843208313,,0.049234457314014435
,1372.0,1,9.550344839226454e-05,7199,,2.7550699710845947,,4.010905742645264,,0.10373052954673767,,0.04947767034173012
,1384.0,1,9.544827480567619e-05,7249,,3.1994986534118652,,3.97282075881958,,0.10447172075510025,,0.049720849841833115
,1352.0,1,9.539310121908784e-05,7299,,3.7931337356567383,,3.9763424396514893,,0.10508705675601959,,0.04996086657047272
,1392.0,1,9.533792763249949e-05,7349,,2.7153162956237793,,4.214192867279053,,0.10569554567337036,,0.05021566152572632
,1400.0,1,9.528276132186875e-05,7399,,3.2380387783050537,,4.0535454750061035,,0.10633400827646255,,0.05045456066727638
,1376.0,1,9.52275877352804e-05,7449,,3.267786979675293,,3.943359136581421,,0.10703804343938828,,0.050659384578466415
,1392.0,1,9.517241414869204e-05,7499,,2.585496187210083,,3.950103998184204,,0.10769383609294891,,0.05089021846652031
,1316.0,1,9.511724056210369e-05,7549,,3.135319948196411,,3.8617610931396484,,0.10838833451271057,,0.05111842602491379
,1364.0,1,9.506206697551534e-05,7599,,2.7795310020446777,,4.235517501831055,,0.10905217379331589,,0.05136130005121231
,1368.0,1,9.500689338892698e-05,7649,,2.0724544525146484,,3.9419708251953125,,0.10965901613235474,,0.05161251500248909
,1364.0,1,9.495172707829624e-05,7699,,2.470463991165161,,3.8539159297943115,,0.1102929338812828,,0.05181460455060005
,1348.0,1,9.489655349170789e-05,7749,,2.7183690071105957,,3.929598093032837,,0.11091718077659607,,0.052096571773290634
,1388.0,1,9.484137990511954e-05,7799,,2.2023966312408447,,3.9411604404449463,,0.11157607287168503,,0.05232081562280655
,1368.0,1,9.478620631853119e-05,7849,,2.9388504028320312,,3.891465187072754,,0.11221988499164581,,0.05256117135286331
,1332.0,1,9.473103273194283e-05,7899,,3.1013474464416504,,4.042788505554199,,0.11286640167236328,,0.052762147039175034
,1380.0,1,9.467585914535448e-05,7949,,4.580513000488281,,4.106578350067139,,0.11350192129611969,,0.05299289897084236
,1376.0,1,9.462069283472374e-05,7999,,2.900792360305786,,3.8193984031677246,,0.11414545029401779,,0.05323389172554016
,1372.0,1,9.456551924813539e-05,8049,,3.7013933658599854,,3.2995548248291016,,0.11480658501386642,,0.053452443331480026
,1368.0,1,9.451034566154703e-05,8099,,2.749410390853882,,4.126959800720215,,0.11550509184598923,,0.05370568856596947
,1392.0,1,9.445517207495868e-05,8149,,3.429614782333374,,3.8992793560028076,,0.11611245572566986,,0.05395324528217316
,1388.0,1,9.439999848837033e-05,8199,,2.680344820022583,,3.7424707412719727,,0.11666922271251678,,0.05418970808386803
,1368.0,1,9.434482490178198e-05,8249,,2.8568551540374756,,3.8847835063934326,,0.11723630875349045,,0.054440874606370926
,1392.0,1,9.428965859115124e-05,8299,,2.6366336345672607,,4.000214099884033,,0.11787426471710205,,0.05464339628815651
,1372.0,1,9.423448500456288e-05,8349,,2.1509432792663574,,4.040459632873535,,0.11854302883148193,,0.05489502474665642
,1384.0,1,9.417931141797453e-05,8399,,3.102383613586426,,3.5560245513916016,,0.11917741596698761,,0.05510520190000534
,1384.0,1,9.412413783138618e-05,8449,,3.044628143310547,,3.846940040588379,,0.11980268359184265,,0.055348653346300125
,1388.0,1,9.406896424479783e-05,8499,,3.3986899852752686,,3.5968618392944336,,0.12047018110752106,,0.055616214871406555
,1380.0,1,9.401379065820947e-05,8549,,3.5270557403564453,,3.7587809562683105,,0.12102286517620087,,0.05585244297981262
,1376.0,1,9.395861707162112e-05,8599,,2.7568037509918213,,4.204214572906494,,0.12162122875452042,,0.0560997873544693
,1368.0,1,9.390345076099038e-05,8649,,3.1339244842529297,,3.9973905086517334,,0.12220249325037003,,0.05632683262228966
,1368.0,1,9.384827717440203e-05,8699,,3.460871934890747,,3.775191068649292,,0.12282997369766235,,0.056601740419864655
,1352.0,1,9.379310358781368e-05,8749,,3.2466025352478027,,3.8078572750091553,,0.12341276556253433,,0.056815873831510544
,1344.0,1,9.373793000122532e-05,8799,,3.6295053958892822,,3.6868181228637695,,0.12400928884744644,,0.05703951045870781
,1368.0,1,9.368275641463697e-05,8849,,2.7125320434570312,,3.9279916286468506,,0.12459824234247208,,0.05723029747605324
,1348.0,1,9.362758282804862e-05,8899,,3.8450968265533447,,3.7296650409698486,,0.12522292137145996,,0.0574570894241333
,1364.0,1,9.357241651741788e-05,8949,,3.232161521911621,,4.041651725769043,,0.12574495375156403,,0.057669684290885925
,1380.0,1,9.351724293082952e-05,8999,,3.2897467613220215,,3.6406850814819336,,0.1263544261455536,,0.05795922875404358
,1388.0,1,9.346206934424117e-05,9049,,3.7172000408172607,,3.6143405437469482,,0.12693814933300018,,0.05817380174994469
,1372.0,1,9.340689575765282e-05,9099,,3.2843942642211914,,3.6235222816467285,,0.12754054367542267,,0.05837591364979744
,1344.0,1,9.335172217106447e-05,9149,,2.797050714492798,,3.8864376544952393,,0.12809261679649353,,0.05854906514286995
,1372.0,1,9.329654858447611e-05,9199,,3.550356864929199,,3.596001386642456,,0.12871485948562622,,0.05876416340470314
,1376.0,1,9.324138227384537e-05,9249,,2.662691116333008,,3.454362630844116,,0.1292935609817505,,0.059004202485084534
,1380.0,1,9.318620868725702e-05,9299,,3.0810461044311523,,3.5995872020721436,,0.1298477053642273,,0.059209536761045456
,1380.0,1,9.313103510066867e-05,9349,,3.077503204345703,,3.5979743003845215,,0.13044516742229462,,0.05942699685692787
,1336.0,1,9.307586151408032e-05,9399,,4.284087657928467,,3.463541269302368,,0.13098721206188202,,0.05962369218468666
,1388.0,1,9.302068792749196e-05,9449,,3.2925636768341064,,3.679651975631714,,0.13159418106079102,,0.059871722012758255
,1380.0,1,9.296551434090361e-05,9499,,3.3149726390838623,,3.861008882522583,,0.1322156935930252,,0.06012240797281265
,1388.0,1,9.291034803027287e-05,9549,,3.426830530166626,,3.6426823139190674,,0.13280510902404785,,0.06036955863237381
,1300.0,1,9.285517444368452e-05,9599,,3.791613817214966,,3.7318270206451416,,0.13344240188598633,,0.060568854212760925
,1332.0,1,9.280000085709617e-05,9649,,3.537771701812744,,3.664644241333008,,0.13404196500778198,,0.060796305537223816
,1408.0,1,9.274482727050781e-05,9699,,3.6196444034576416,,3.543609619140625,,0.13466690480709076,,0.06098800525069237
,1312.0,1,9.268965368391946e-05,9749,,2.79712176322937,,3.5281107425689697,,0.13528962433338165,,0.06121128797531128
,1344.0,1,9.26344800973311e-05,9799,,4.120973587036133,,3.7299282550811768,,0.13583475351333618,,0.06140125170350075
,1360.0,1,9.257931378670037e-05,9849,,3.715658664703369,,3.721198320388794,,0.1363430768251419,,0.06163835525512695
,1320.0,1,9.252414020011202e-05,9899,,3.7037580013275146,,3.5789592266082764,,0.13688568770885468,,0.061854638159275055
,1376.0,1,9.246896661352366e-05,9949,,3.7890048027038574,,3.55290150642395,,0.13747327029705048,,0.06207028776407242
,1348.0,1,9.241379302693531e-05,9999,,3.271904468536377,,3.8416950702667236,,0.13800430297851562,,0.06229889765381813
,1380.0,1,9.235861944034696e-05,10049,,4.020044326782227,,3.6841647624969482,,0.13860240578651428,,0.06253911554813385
,1368.0,1,9.23034458537586e-05,10099,,4.477856159210205,,3.353036880493164,,0.13916337490081787,,0.06276494264602661
,1332.0,1,9.224827226717025e-05,10149,,4.174297332763672,,3.700240135192871,,0.13973070681095123,,0.06300698220729828
,1364.0,1,9.219310595653951e-05,10199,,3.2094483375549316,,3.5720977783203125,,0.14025168120861053,,0.06323067843914032
,1392.0,1,9.213793236995116e-05,10249,,4.508406162261963,,3.7968759536743164,,0.14080078899860382,,0.06347107887268066
,1372.0,1,9.20827587833628e-05,10299,,3.5163488388061523,,3.670415163040161,,0.14131438732147217,,0.0636565238237381
,1384.0,1,9.202758519677445e-05,10349,,3.4238264560699463,,3.954169750213623,,0.14179976284503937,,0.06388001888990402
,1384.0,1,9.19724116101861e-05,10399,,3.0891735553741455,,3.741462230682373,,0.14235182106494904,,0.06412211805582047
1366.1527099609375,,1,,10407,3.0569674968719482,,3.9542465209960938,,0.11074495315551758,,0.05210215598344803,
,1372.0,2,9.191723802359775e-05,10449,,3.6961538791656494,,3.55649471282959,,0.1429121345281601,,0.06439756602048874
,1344.0,2,9.186207171296701e-05,10499,,3.389806032180786,,3.583834648132324,,0.1434452086687088,,0.06460384279489517
,1356.0,2,9.180689812637866e-05,10549,,3.517479181289673,,3.6592390537261963,,0.14396421611309052,,0.06481841206550598
,1344.0,2,9.17517245397903e-05,10599,,4.151886940002441,,3.1983578205108643,,0.14452329277992249,,0.06503602117300034
,1352.0,2,9.169655095320195e-05,10649,,3.7742834091186523,,3.3159728050231934,,0.14506036043167114,,0.06525123864412308
,1316.0,2,9.16413773666136e-05,10699,,4.278845310211182,,3.5229411125183105,,0.1456613838672638,,0.06547011435031891
,1316.0,2,9.158620378002524e-05,10749,,3.8538005352020264,,3.429332733154297,,0.14623866975307465,,0.06568711251020432
,1380.0,2,9.15310374693945e-05,10799,,3.515846014022827,,3.6037757396698,,0.1467105597257614,,0.06590932607650757
,1368.0,2,9.147586388280615e-05,10849,,3.3448193073272705,,3.791581630706787,,0.14717510342597961,,0.06611122936010361
,1356.0,2,9.14206902962178e-05,10899,,4.13648796081543,,3.51094913482666,,0.14770029485225677,,0.06629592180252075
,1360.0,2,9.136551670962945e-05,10949,,3.1235570907592773,,3.5789787769317627,,0.1482124775648117,,0.0664917379617691
,1384.0,2,9.13103431230411e-05,10999,,3.6300504207611084,,3.4010324478149414,,0.1487249881029129,,0.06669513136148453
,1360.0,2,9.125516953645274e-05,11049,,3.2745285034179688,,3.5212297439575195,,0.14927802979946136,,0.06689181923866272
,1364.0,2,9.1200003225822e-05,11099,,2.991793394088745,,3.503467082977295,,0.1498447209596634,,0.06709594279527664
,1368.0,2,9.114482963923365e-05,11149,,3.5297982692718506,,3.1000795364379883,,0.15039652585983276,,0.06732252985239029
,1348.0,2,9.10896560526453e-05,11199,,3.32602858543396,,3.268075942993164,,0.1508847177028656,,0.06752966344356537
,1336.0,2,9.103448246605694e-05,11249,,3.9466280937194824,,3.229639768600464,,0.15142396092414856,,0.06774711608886719
,1328.0,2,9.097930887946859e-05,11299,,3.5532968044281006,,3.5825319290161133,,0.15188594162464142,,0.06797734647989273
,1404.0,2,9.092413529288024e-05,11349,,4.48164701461792,,3.038492202758789,,0.15242530405521393,,0.0681990310549736
,1340.0,2,9.08689689822495e-05,11399,,3.755730390548706,,3.49499773979187,,0.1529165804386139,,0.06837555021047592
,1392.0,2,9.081379539566115e-05,11449,,4.6041951179504395,,3.3318891525268555,,0.15342529118061066,,0.06857220828533173
,1396.0,2,9.075862180907279e-05,11499,,3.620668411254883,,3.8320717811584473,,0.1538757085800171,,0.0687672570347786
,1344.0,2,9.070344822248444e-05,11549,,4.124763011932373,,3.550539970397949,,0.1543813794851303,,0.06898786127567291
,1348.0,2,9.064827463589609e-05,11599,,3.264238119125366,,3.503300666809082,,0.15482166409492493,,0.06918143481016159
,1352.0,2,9.059310104930773e-05,11649,,4.672754764556885,,3.016260862350464,,0.15532532334327698,,0.06941118091344833
,1388.0,2,9.053792746271938e-05,11699,,5.613007545471191,,3.547224998474121,,0.15580540895462036,,0.06961175054311752
,1396.0,2,9.048276115208864e-05,11749,,3.6346144676208496,,3.699774980545044,,0.15632595121860504,,0.06979668885469437
,1400.0,2,9.042758756550029e-05,11799,,3.807851791381836,,3.117446184158325,,0.15680143237113953,,0.06996741890907288
,1396.0,2,9.037241397891194e-05,11849,,4.542520046234131,,3.312967538833618,,0.15731704235076904,,0.07016923278570175
,1340.0,2,9.031724039232358e-05,11899,,4.611968040466309,,3.5132174491882324,,0.15783143043518066,,0.07035060971975327
,1392.0,2,9.026206680573523e-05,11949,,4.506378173828125,,3.621673822402954,,0.15834347903728485,,0.07054027915000916
,1372.0,2,9.020689321914688e-05,11999,,5.534716606140137,,3.1546385288238525,,0.15884321928024292,,0.0707337036728859
,1368.0,2,9.015172690851614e-05,12049,,5.114757537841797,,3.5397160053253174,,0.15928955376148224,,0.07091640681028366
,1392.0,2,9.009655332192779e-05,12099,,4.234250068664551,,3.573181390762329,,0.15972663462162018,,0.07113376259803772
,1364.0,2,9.004137973533943e-05,12149,,4.528082847595215,,3.117833375930786,,0.16018779575824738,,0.07134106010198593
,1372.0,2,8.998620614875108e-05,12199,,3.703003406524658,,3.6066267490386963,,0.16067732870578766,,0.07156337052583694
,1372.0,2,8.993103256216273e-05,12249,,4.241598129272461,,3.4623584747314453,,0.16114367544651031,,0.07172293215990067
,1332.0,2,8.987585897557437e-05,12299,,4.668044090270996,,3.5910146236419678,,0.16160771250724792,,0.07188381254673004
,1376.0,2,8.982069266494364e-05,12349,,4.015730381011963,,2.981646776199341,,0.1620570570230484,,0.07206010818481445
,1312.0,2,8.976551907835528e-05,12399,,4.979083061218262,,3.330162286758423,,0.16254784166812897,,0.07225369662046432
,1364.0,2,8.971034549176693e-05,12449,,4.425378322601318,,3.6934800148010254,,0.16301019489765167,,0.0724620521068573
,1376.0,2,8.965517190517858e-05,12499,,4.298335552215576,,3.3405396938323975,,0.16346558928489685,,0.07266999781131744
,1372.0,2,8.959999831859022e-05,12549,,3.522336483001709,,3.3350021839141846,,0.1639299988746643,,0.07286621630191803
,1344.0,2,8.954482473200187e-05,12599,,3.8083040714263916,,3.5602550506591797,,0.16438071429729462,,0.0730382651090622
,1384.0,2,8.948965842137113e-05,12649,,4.553166389465332,,3.3056046962738037,,0.16480280458927155,,0.0732075497508049
,1348.0,2,8.943448483478278e-05,12699,,5.099938869476318,,3.6016225814819336,,0.16524483263492584,,0.07340380549430847
,1368.0,2,8.937931124819443e-05,12749,,5.71427059173584,,3.477865219116211,,0.1656903475522995,,0.07361327111721039
,1364.0,2,8.932413766160607e-05,12799,,4.11056661605835,,3.621824026107788,,0.1661195456981659,,0.07380231469869614
,1352.0,2,8.926896407501772e-05,12849,,4.720547199249268,,3.494662046432495,,0.16657954454421997,,0.07402067631483078
,1376.0,2,8.921379048842937e-05,12899,,3.8747007846832275,,3.3352415561676025,,0.16702118515968323,,0.07419314980506897
,1404.0,2,8.915862417779863e-05,12949,,3.9747726917266846,,3.427212715148926,,0.16740283370018005,,0.07438447326421738
,1396.0,2,8.910345059121028e-05,12999,,5.708923816680908,,3.0025813579559326,,0.16785523295402527,,0.07457990199327469
,1380.0,2,8.904827700462192e-05,13049,,3.986776113510132,,3.4366111755371094,,0.1682989001274109,,0.07477562129497528
,1332.0,2,8.899310341803357e-05,13099,,3.929896116256714,,3.3989462852478027,,0.1687234789133072,,0.07499117404222488
,1376.0,2,8.893792983144522e-05,13149,,4.197714328765869,,3.1679129600524902,,0.16915664076805115,,0.07519204169511795
,1356.0,2,8.888275624485686e-05,13199,,4.477082252502441,,3.289585828781128,,0.16955876350402832,,0.0753999724984169
,1324.0,2,8.882758265826851e-05,13249,,4.0186591148376465,,3.313831329345703,,0.1699676513671875,,0.07559596002101898
,1356.0,2,8.877241634763777e-05,13299,,4.843990802764893,,3.3837709426879883,,0.1703612506389618,,0.07578784227371216
,1380.0,2,8.871724276104942e-05,13349,,5.040619373321533,,3.3525989055633545,,0.17080475389957428,,0.07600525766611099
,1336.0,2,8.866206917446107e-05,13399,,4.948114395141602,,3.1891767978668213,,0.17124222218990326,,0.07624327391386032
,1344.0,2,8.860689558787271e-05,13449,,5.269431114196777,,3.4083354473114014,,0.1716727614402771,,0.07645192742347717
,1360.0,2,8.855172200128436e-05,13499,,3.903999090194702,,3.0963516235351562,,0.1721160113811493,,0.07663436979055405
,1380.0,2,8.849654841469601e-05,13549,,6.279510021209717,,3.2293641567230225,,0.17257659137248993,,0.07682686299085617
,1356.0,2,8.844138210406527e-05,13599,,5.412778377532959,,3.3300042152404785,,0.17298395931720734,,0.07699711620807648
,1356.0,2,8.838620851747692e-05,13649,,4.024191856384277,,3.1554484367370605,,0.17340698838233948,,0.0771862342953682
,1356.0,2,8.833103493088856e-05,13699,,3.9684412479400635,,3.485691547393799,,0.17383751273155212,,0.07737977802753448
,1372.0,2,8.827586134430021e-05,13749,,4.1955976486206055,,3.360422134399414,,0.17425447702407837,,0.0775831863284111
,1392.0,2,8.822068775771186e-05,13799,,4.523950576782227,,3.2105510234832764,,0.17471155524253845,,0.07776471227407455
,1332.0,2,8.81655141711235e-05,13849,,4.417690277099609,,3.2409720420837402,,0.17516371607780457,,0.0779561996459961
,1364.0,2,8.811034786049277e-05,13899,,4.7308669090271,,3.453925371170044,,0.17555388808250427,,0.0781286433339119
,1392.0,2,8.805517427390441e-05,13949,,5.738269329071045,,3.506232500076294,,0.17597034573554993,,0.07832426577806473
,1364.0,2,8.800000068731606e-05,13999,,4.922799587249756,,3.332703113555908,,0.17640937864780426,,0.07847989350557327
,1388.0,2,8.794482710072771e-05,14049,,4.189998626708984,,3.25893235206604,,0.17678306996822357,,0.07865635305643082
,1384.0,2,8.788965351413935e-05,14099,,3.577756404876709,,3.243098735809326,,0.177167609333992,,0.07882141321897507
,1348.0,2,8.7834479927551e-05,14149,,5.153843402862549,,3.3322577476501465,,0.17752745747566223,,0.07902117818593979
,1368.0,2,8.777931361692026e-05,14199,,3.876506805419922,,3.1737356185913086,,0.17795565724372864,,0.0792047381401062
,1376.0,2,8.772414003033191e-05,14249,,4.357321262359619,,3.0468437671661377,,0.17838066816329956,,0.07938101142644882
,1376.0,2,8.766896644374356e-05,14299,,4.684726238250732,,3.185551881790161,,0.17882603406906128,,0.07956507802009583
,1372.0,2,8.76137928571552e-05,14349,,4.359885215759277,,3.2578914165496826,,0.17922794818878174,,0.07975102216005325
,1376.0,2,8.755861927056685e-05,14399,,4.653812408447266,,3.2196943759918213,,0.1796043962240219,,0.07992926239967346
,1392.0,2,8.75034456839785e-05,14449,,4.9915080070495605,,3.4000792503356934,,0.1799936592578888,,0.08012030273675919
,1380.0,2,8.744827937334776e-05,14499,,5.290526390075684,,3.648956298828125,,0.180370032787323,,0.08028431981801987
,1368.0,2,8.73931057867594e-05,14549,,4.090233325958252,,3.2685914039611816,,0.18073156476020813,,0.08048417419195175
,1380.0,2,8.733793220017105e-05,14599,,5.4114532470703125,,3.0581440925598145,,0.18112310767173767,,0.08062399923801422
,1380.0,2,8.72827586135827e-05,14649,,5.0598554611206055,,3.2423059940338135,,0.18149921298027039,,0.08077269047498703
,1348.0,2,8.722758502699435e-05,14699,,4.100269317626953,,3.439674139022827,,0.1818270981311798,,0.08092965930700302
,1380.0,2,8.7172411440406e-05,14749,,4.440827369689941,,3.3738019466400146,,0.18219952285289764,,0.08112050592899323
,1356.0,2,8.711723785381764e-05,14799,,5.540153980255127,,2.2181355953216553,,0.18261319398880005,,0.08133450150489807
,1328.0,2,8.70620715431869e-05,14849,,3.6379919052124023,,3.1490397453308105,,0.18303610384464264,,0.08150678128004074
,1384.0,2,8.700689795659855e-05,14899,,4.824578285217285,,2.989234447479248,,0.18341465294361115,,0.08166766911745071
,1328.0,2,8.69517243700102e-05,14949,,4.0973405838012695,,3.0699543952941895,,0.18382176756858826,,0.08185235410928726
,1364.0,2,8.689655078342184e-05,14999,,3.7070531845092773,,3.0882160663604736,,0.1842118501663208,,0.08204074949026108
,1360.0,2,8.684137719683349e-05,15049,,4.753324508666992,,3.1859476566314697,,0.18462029099464417,,0.08221568167209625
,1388.0,2,8.678620361024514e-05,15099,,4.181154727935791,,3.140554666519165,,0.184988871216774,,0.08239145576953888
,1384.0,2,8.67310372996144e-05,15149,,4.50589656829834,,3.2598185539245605,,0.18536749482154846,,0.08254189789295197
,1352.0,2,8.667586371302605e-05,15199,,5.299245357513428,,3.1835391521453857,,0.18578487634658813,,0.08271832764148712
,1376.0,2,8.66206901264377e-05,15249,,5.504361152648926,,3.298255443572998,,0.1861598938703537,,0.08288643509149551
,1388.0,2,8.656551653984934e-05,15299,,4.840221881866455,,3.3140227794647217,,0.18652001023292542,,0.08307049423456192
,1372.0,2,8.651034295326099e-05,15349,,4.940345287322998,,3.213737964630127,,0.18690145015716553,,0.08325310796499252
,1356.0,2,8.645516936667264e-05,15399,,5.719065189361572,,3.3019800186157227,,0.1872749924659729,,0.08343727886676788
,1376.0,2,8.64000030560419e-05,15449,,5.196624279022217,,3.2691004276275635,,0.1876583844423294,,0.08363713324069977
,1360.0,2,8.634482946945354e-05,15499,,4.49756383895874,,3.392195463180542,,0.18804457783699036,,0.08378803730010986
,1368.0,2,8.628965588286519e-05,15549,,6.174045562744141,,3.0489158630371094,,0.18838945031166077,,0.0839332789182663
,1372.0,2,8.623448229627684e-05,15599,,4.605341911315918,,3.049051284790039,,0.18874254822731018,,0.08412649482488632
1365.9970703125,,2,,15611,4.398455619812012,,3.3449671268463135,,0.16720463335514069,,0.07453972846269608,
,1388.0,3,8.617930870968848e-05,15649,,4.933244228363037,,3.3071043491363525,,0.18910643458366394,,0.08427946269512177
,1380.0,3,8.612413512310013e-05,15699,,5.166811466217041,,3.3209142684936523,,0.1895236223936081,,0.08442915976047516
,1352.0,3,8.606896881246939e-05,15749,,5.352162837982178,,3.5808043479919434,,0.18985715508460999,,0.08459265530109406
,1348.0,3,8.601379522588104e-05,15799,,4.739233493804932,,3.286113977432251,,0.19021321833133698,,0.08476515859365463
,1368.0,3,8.595862163929269e-05,15849,,5.04721212387085,,3.055624008178711,,0.19056962430477142,,0.08494634181261063
,1392.0,3,8.590344805270433e-05,15899,,5.863358974456787,,3.1273980140686035,,0.1909317821264267,,0.08507584035396576
,1340.0,3,8.584827446611598e-05,15949,,5.5166826248168945,,3.142937660217285,,0.19129300117492676,,0.08524663746356964
,1352.0,3,8.579310087952763e-05,15999,,4.927549362182617,,3.182784080505371,,0.19166594743728638,,0.08540176600217819
,1340.0,3,8.573793456889689e-05,16049,,4.693207740783691,,3.1884047985076904,,0.1920142024755478,,0.08557427674531937
,1384.0,3,8.568276098230854e-05,16099,,4.9739789962768555,,3.20039701461792,,0.19238267838954926,,0.08575327694416046
,1364.0,3,8.562758739572018e-05,16149,,4.980423927307129,,3.21540904045105,,0.19273704290390015,,0.08590607345104218
,1340.0,3,8.557241380913183e-05,16199,,5.0792131423950195,,2.7579681873321533,,0.1931198090314865,,0.0860898420214653
,1348.0,3,8.551724022254348e-05,16249,,5.561479091644287,,3.1508266925811768,,0.1934727430343628,,0.08624257892370224
,1340.0,3,8.546206663595513e-05,16299,,5.303335189819336,,3.0727896690368652,,0.1938558965921402,,0.0863959789276123
,1344.0,3,8.540689304936677e-05,16349,,4.287777423858643,,3.061269760131836,,0.19420532882213593,,0.08654215931892395
,1336.0,3,8.535172673873603e-05,16399,,5.203619480133057,,3.2284154891967773,,0.1945326030254364,,0.08670975267887115
,1404.0,3,8.529655315214768e-05,16449,,6.7211480140686035,,3.0452730655670166,,0.19488395750522614,,0.08687996119260788
,1376.0,3,8.524137956555933e-05,16499,,5.147459030151367,,3.0035486221313477,,0.19523930549621582,,0.08705966919660568
,1360.0,3,8.518620597897097e-05,16549,,7.047204494476318,,2.828968048095703,,0.19557568430900574,,0.08720681071281433
,1340.0,3,8.513103239238262e-05,16599,,6.011753559112549,,3.2121243476867676,,0.19590634107589722,,0.08736416697502136
,1376.0,3,8.507585880579427e-05,16649,,6.108242034912109,,3.170112133026123,,0.19628892838954926,,0.08752091228961945
,1360.0,3,8.502069249516353e-05,16699,,7.009986877441406,,3.0461461544036865,,0.1966181993484497,,0.08767570555210114
,1352.0,3,8.496551890857518e-05,16749,,7.972523212432861,,3.0786657333374023,,0.19700025022029877,,0.08786331862211227
,1384.0,3,8.491034532198682e-05,16799,,6.408018112182617,,3.233893394470215,,0.19732362031936646,,0.08801513910293579
,1380.0,3,8.485517173539847e-05,16849,,6.733703136444092,,3.219464063644409,,0.19769005477428436,,0.0882188230752945
,1344.0,3,8.479999814881012e-05,16899,,5.32288122177124,,3.2679378986358643,,0.19806130230426788,,0.08839407563209534
,1368.0,3,8.474482456222177e-05,16949,,5.334864139556885,,3.1262378692626953,,0.1983928233385086,,0.08858411014080048
,1372.0,3,8.468965825159103e-05,16999,,6.378762722015381,,3.0844573974609375,,0.19875963032245636,,0.08875930309295654
,1368.0,3,8.463448466500267e-05,17049,,5.703275680541992,,3.4382216930389404,,0.19911737740039825,,0.08894088119268417
,1332.0,3,8.457931107841432e-05,17099,,5.8641228675842285,,3.02360200881958,,0.1994403600692749,,0.08909442275762558
,1380.0,3,8.452413749182597e-05,17149,,5.851532459259033,,3.2785894870758057,,0.19978414475917816,,0.08926573395729065
,1380.0,3,8.446896390523762e-05,17199,,6.294869899749756,,3.314722776412964,,0.20011895895004272,,0.08942609280347824
,1336.0,3,8.441379031864926e-05,17249,,5.198301315307617,,2.572718381881714,,0.2004774957895279,,0.08960391581058502
,1364.0,3,8.435862400801852e-05,17299,,5.241057872772217,,2.9542124271392822,,0.200800821185112,,0.0897628590464592
,1364.0,3,8.430345042143017e-05,17349,,5.894249439239502,,3.099597215652466,,0.2010975182056427,,0.08992285281419754
,1396.0,3,8.424827683484182e-05,17399,,5.933452129364014,,3.102205276489258,,0.2014094889163971,,0.09007568657398224
,1380.0,3,8.419310324825346e-05,17449,,5.322793006896973,,2.8668904304504395,,0.20174865424633026,,0.09024066478013992
,1364.0,3,8.413792966166511e-05,17499,,5.89851188659668,,2.880601167678833,,0.20208871364593506,,0.09042724967002869
,1364.0,3,8.408275607507676e-05,17549,,5.508957862854004,,3.0030133724212646,,0.20242175459861755,,0.09057805687189102
,1396.0,3,8.402758976444602e-05,17599,,5.808116912841797,,2.8300578594207764,,0.20276401937007904,,0.09076545387506485
,1372.0,3,8.397241617785767e-05,17649,,5.881033420562744,,2.9296600818634033,,0.20310266315937042,,0.09093406796455383
,1344.0,3,8.391724259126931e-05,17699,,5.696474552154541,,3.0244600772857666,,0.2034214586019516,,0.09111319482326508
,1360.0,3,8.386206900468096e-05,17749,,6.049446105957031,,2.980252742767334,,0.20373737812042236,,0.0912698358297348
,1368.0,3,8.380689541809261e-05,17799,,4.850580215454102,,2.887021064758301,,0.20404228568077087,,0.09144256263971329
,1392.0,3,8.375172183150426e-05,17849,,5.622122764587402,,2.764693260192871,,0.20435261726379395,,0.09163784235715866
,1368.0,3,8.36965482449159e-05,17899,,5.987942695617676,,3.2230923175811768,,0.20466671884059906,,0.09180929511785507
,1356.0,3,8.364138193428516e-05,17949,,6.050783634185791,,3.203639268875122,,0.20496901869773865,,0.0919603481888771
,1348.0,3,8.358620834769681e-05,17999,,5.8090291023254395,,3.0982155799865723,,0.20526985824108124,,0.09212202578783035
,1364.0,3,8.353103476110846e-05,18049,,6.6451239585876465,,3.041041374206543,,0.205558642745018,,0.0922907143831253
,1376.0,3,8.34758611745201e-05,18099,,6.145204544067383,,3.2044641971588135,,0.205865740776062,,0.09246127307415009
,1348.0,3,8.342068758793175e-05,18149,,6.016415596008301,,2.927856922149658,,0.20623207092285156,,0.09264329820871353
,1384.0,3,8.33655140013434e-05,18199,,5.862727642059326,,3.0668880939483643,,0.20657964050769806,,0.09277290850877762
,1344.0,3,8.331034769071266e-05,18249,,6.0197577476501465,,3.331846237182617,,0.20686198770999908,,0.09293308854103088
,1360.0,3,8.325517410412431e-05,18299,,5.6380133628845215,,2.9861502647399902,,0.20719113945960999,,0.09310325235128403
,1368.0,3,8.320000051753595e-05,18349,,5.872383117675781,,2.840083599090576,,0.20747190713882446,,0.0932454988360405
,1340.0,3,8.31448269309476e-05,18399,,6.721449851989746,,2.9707746505737305,,0.20777460932731628,,0.09342411160469055
,1376.0,3,8.308965334435925e-05,18449,,5.0875935554504395,,2.9660427570343018,,0.2080402821302414,,0.09355948120355606
,1348.0,3,8.30344797577709e-05,18499,,6.366683006286621,,2.7987143993377686,,0.20832708477973938,,0.0937233716249466
,1372.0,3,8.297931344714016e-05,18549,,5.705653190612793,,3.312804937362671,,0.20863737165927887,,0.09387782216072083
,1412.0,3,8.29241398605518e-05,18599,,6.480471611022949,,3.1334726810455322,,0.2089320421218872,,0.09405165165662766
,1388.0,3,8.286896627396345e-05,18649,,7.34954833984375,,3.3678488731384277,,0.20923973619937897,,0.09421707689762115
,1384.0,3,8.28137926873751e-05,18699,,6.046019554138184,,3.0924887657165527,,0.20952282845973969,,0.09436272829771042
,1360.0,3,8.275861910078675e-05,18749,,6.719696998596191,,2.7087290287017822,,0.20981214940547943,,0.09453170001506805
,1360.0,3,8.270344551419839e-05,18799,,5.630398273468018,,3.060689687728882,,0.21010373532772064,,0.09469899535179138
,1368.0,3,8.264827920356765e-05,18849,,6.142819404602051,,3.366853713989258,,0.2103828638792038,,0.0948239117860794
,1380.0,3,8.25931056169793e-05,18899,,6.31065034866333,,3.1546132564544678,,0.21067143976688385,,0.0949721485376358
,1380.0,3,8.253793203039095e-05,18949,,6.822041988372803,,2.770469903945923,,0.2109270542860031,,0.09510691463947296
,1384.0,3,8.24827584438026e-05,18999,,5.675851345062256,,3.1411287784576416,,0.21123841404914856,,0.09528974443674088
,1384.0,3,8.242758485721424e-05,19049,,6.307347297668457,,3.4209916591644287,,0.21151530742645264,,0.09543035179376602
,1364.0,3,8.237241127062589e-05,19099,,5.975436210632324,,3.1098475456237793,,0.2118149846792221,,0.09559359401464462
,1376.0,3,8.231724495999515e-05,19149,,5.464996814727783,,3.1656088829040527,,0.21208256483078003,,0.0957147628068924
,1376.0,3,8.22620713734068e-05,19199,,6.864986419677734,,3.0329902172088623,,0.21238350868225098,,0.09585953503847122
,1400.0,3,8.220689778681844e-05,19249,,5.762410640716553,,3.0188486576080322,,0.21268302202224731,,0.09602649509906769
,1356.0,3,8.215172420023009e-05,19299,,6.129927158355713,,2.9183905124664307,,0.2129877805709839,,0.09616115689277649
,1360.0,3,8.209655061364174e-05,19349,,6.385591983795166,,2.6674561500549316,,0.21328212320804596,,0.09632129222154617
,1384.0,3,8.204137702705339e-05,19399,,5.734306335449219,,3.1752915382385254,,0.21358159184455872,,0.0964757651090622
,1392.0,3,8.198620344046503e-05,19449,,6.871909141540527,,2.881528854370117,,0.2138635665178299,,0.09661363065242767
,1376.0,3,8.19310371298343e-05,19499,,5.270233631134033,,3.0318045616149902,,0.21413466334342957,,0.09675265103578568
,1348.0,3,8.187586354324594e-05,19549,,7.315911293029785,,3.1673460006713867,,0.2143881618976593,,0.09690752625465393
,1348.0,3,8.182068995665759e-05,19599,,5.875517845153809,,3.036724090576172,,0.2146489918231964,,0.09705567359924316
,1364.0,3,8.176551637006924e-05,19649,,6.918494701385498,,2.8792898654937744,,0.21491527557373047,,0.09721149504184723
,1376.0,3,8.171034278348088e-05,19699,,6.211949825286865,,3.210564613342285,,0.21519680321216583,,0.09736614674329758
,1336.0,3,8.165516919689253e-05,19749,,6.568367958068848,,2.9440112113952637,,0.2154904007911682,,0.09751546382904053
,1368.0,3,8.160000288626179e-05,19799,,6.365862846374512,,3.1062605381011963,,0.21577954292297363,,0.09767543524503708
,1380.0,3,8.154482929967344e-05,19849,,6.182920932769775,,3.1059577465057373,,0.216067835688591,,0.09782648086547852
,1400.0,3,8.148965571308509e-05,19899,,6.6016974449157715,,2.8305699825286865,,0.21631857752799988,,0.0979614108800888
,1368.0,3,8.143448212649673e-05,19949,,6.212194442749023,,2.965041160583496,,0.2166311889886856,,0.09809816628694534
,1364.0,3,8.137930853990838e-05,19999,,6.480800628662109,,2.8373656272888184,,0.21689115464687347,,0.09823336452245712
,1344.0,3,8.132413495332003e-05,20049,,6.387640476226807,,2.6855945587158203,,0.2171485871076584,,0.09835055470466614
,1340.0,3,8.126896864268929e-05,20099,,8.213119506835938,,2.7933735847473145,,0.21739986538887024,,0.09849536418914795
,1356.0,3,8.121379505610093e-05,20149,,8.19062614440918,,3.06343150138855,,0.21768464148044586,,0.0986519530415535
,1348.0,3,8.115862146951258e-05,20199,,7.0914306640625,,2.8165152072906494,,0.2179705947637558,,0.09878052026033401
,1356.0,3,8.110344788292423e-05,20249,,7.061431407928467,,2.3905086517333984,,0.21822844445705414,,0.09890220314264297
,1380.0,3,8.104827429633588e-05,20299,,7.789831638336182,,3.0564658641815186,,0.2185039520263672,,0.09903384745121002
,1336.0,3,8.099310070974752e-05,20349,,7.396413803100586,,3.1046340465545654,,0.2187505066394806,,0.09914548695087433
,1376.0,3,8.093793439911678e-05,20399,,7.8130083084106445,,3.0863988399505615,,0.21901147067546844,,0.09927888214588165
,1364.0,3,8.088276081252843e-05,20449,,6.8576788902282715,,3.002300262451172,,0.21926230192184448,,0.09942224621772766
,1376.0,3,8.082758722594008e-05,20499,,6.350950717926025,,2.938103199005127,,0.21951815485954285,,0.09956797957420349
,1352.0,3,8.077241363935173e-05,20549,,6.3133544921875,,2.9989850521087646,,0.21979248523712158,,0.09971773624420166
,1384.0,3,8.071724005276337e-05,20599,,7.342164516448975,,3.0742151737213135,,0.22007645666599274,,0.09988057613372803
,1392.0,3,8.066206646617502e-05,20649,,5.9394307136535645,,3.0355470180511475,,0.220297709107399,,0.10001220554113388
,1392.0,3,8.060690015554428e-05,20699,,6.829349040985107,,3.0581555366516113,,0.2205658257007599,,0.10015606135129929
,1344.0,3,8.055172656895593e-05,20749,,7.243462562561035,,2.621364116668701,,0.2208036631345749,,0.10029159486293793
,1360.0,3,8.049655298236758e-05,20799,,6.436102867126465,,2.919161796569824,,0.22105233371257782,,0.10042727738618851
1365.6927490234375,,3,,20815,6.110306262969971,,3.0541088581085205,,0.20605023205280304,,0.0926101952791214,
,1388.0,4,8.044137939577922e-05,20849,,6.6746344566345215,,3.061131477355957,,0.22135107219219208,,0.10056779533624649
,1360.0,4,8.038620580919087e-05,20899,,7.033945083618164,,2.437119483947754,,0.22162431478500366,,0.10071421414613724
,1344.0,4,8.033103222260252e-05,20949,,6.886988639831543,,2.8968584537506104,,0.22187644243240356,,0.10086239874362946
,1400.0,4,8.027585863601416e-05,20999,,7.590417385101318,,2.9583775997161865,,0.22212287783622742,,0.10098860412836075
,1344.0,4,8.022069232538342e-05,21049,,6.759121417999268,,2.9957401752471924,,0.22238580882549286,,0.101131372153759
,1400.0,4,8.016551873879507e-05,21099,,7.570271968841553,,3.1284894943237305,,0.2226581573486328,,0.10125447064638138
,1392.0,4,8.011034515220672e-05,21149,,6.811894416809082,,2.9529025554656982,,0.22291375696659088,,0.10139641910791397
,1376.0,4,8.005517156561837e-05,21199,,7.8372483253479,,3.0053398609161377,,0.22317184507846832,,0.10151804238557816
,1376.0,4,7.999999797903001e-05,21249,,8.485590934753418,,3.1746084690093994,,0.22343268990516663,,0.10165846347808838
,1376.0,4,7.994482439244166e-05,21299,,7.495062351226807,,2.79313588142395,,0.22370274364948273,,0.1017947643995285
,1356.0,4,7.988965808181092e-05,21349,,8.091739654541016,,2.9220004081726074,,0.22391818463802338,,0.10191011428833008
,1324.0,4,7.983448449522257e-05,21399,,8.008450508117676,,2.5147178173065186,,0.22419524192810059,,0.10203349590301514
,1428.0,4,7.977931090863422e-05,21449,,6.538184642791748,,2.8890280723571777,,0.2244468629360199,,0.10215186327695847
,1404.0,4,7.972413732204586e-05,21499,,7.057873725891113,,3.0495386123657227,,0.22469398379325867,,0.1022946685552597
,1372.0,4,7.966896373545751e-05,21549,,8.071335792541504,,3.0935111045837402,,0.2249552309513092,,0.10245093703269958
,1332.0,4,7.961379014886916e-05,21599,,8.47310733795166,,2.941282033920288,,0.2252127081155777,,0.10258641839027405
,1364.0,4,7.955862383823842e-05,21649,,7.640524387359619,,2.9810361862182617,,0.22544586658477783,,0.10273154824972153
,1356.0,4,7.950345025165007e-05,21699,,7.147140979766846,,2.9127626419067383,,0.22567489743232727,,0.10285941511392593
,1376.0,4,7.944827666506171e-05,21749,,8.559004783630371,,3.427675485610962,,0.22593645751476288,,0.10302519798278809
,1376.0,4,7.939310307847336e-05,21799,,7.429915904998779,,2.901529550552368,,0.22618630528450012,,0.10314540565013885
,1356.0,4,7.9337929491885e-05,21849,,7.714267730712891,,3.1189234256744385,,0.22643759846687317,,0.10330016911029816
,1388.0,4,7.928275590529665e-05,21899,,7.580790996551514,,2.8757827281951904,,0.22669845819473267,,0.10344542562961578
,1348.0,4,7.922758959466591e-05,21949,,7.572913646697998,,3.217052698135376,,0.22694526612758636,,0.10358503460884094
,1368.0,4,7.917241600807756e-05,21999,,8.029850006103516,,3.09529185295105,,0.22717660665512085,,0.1037057489156723
,1368.0,4,7.911724242148921e-05,22049,,8.214303970336914,,2.925426721572876,,0.22740978002548218,,0.10383713245391846
,1372.0,4,7.906206883490086e-05,22099,,7.845493793487549,,2.952580213546753,,0.22766967117786407,,0.10399734973907471
,1360.0,4,7.90068952483125e-05,22149,,7.799254894256592,,2.9214608669281006,,0.22792726755142212,,0.10414329171180725
,1364.0,4,7.895172166172415e-05,22199,,7.1395721435546875,,3.0275135040283203,,0.22816193103790283,,0.10429254919290543
,1360.0,4,7.889655535109341e-05,22249,,7.7414374351501465,,2.9323036670684814,,0.22841821610927582,,0.10443194210529327
,1392.0,4,7.884138176450506e-05,22299,,7.426600456237793,,3.0291473865509033,,0.2286473512649536,,0.10456404834985733
,1364.0,4,7.87862081779167e-05,22349,,8.34544849395752,,2.511324167251587,,0.22887298464775085,,0.10468051582574844
,1320.0,4,7.873103459132835e-05,22399,,8.348021507263184,,3.2072701454162598,,0.22911418974399567,,0.10481377691030502
,1356.0,4,7.867586100474e-05,22449,,8.637173652648926,,3.1710352897644043,,0.2293493151664734,,0.1049552857875824
,1380.0,4,7.862068741815165e-05,22499,,6.8254241943359375,,2.786287784576416,,0.2295922487974167,,0.10510117560625076
,1352.0,4,7.85655138315633e-05,22549,,9.243196487426758,,2.9856514930725098,,0.2298305332660675,,0.1052231714129448
,1368.0,4,7.851034752093256e-05,22599,,7.4018354415893555,,2.8879175186157227,,0.23008202016353607,,0.10534721612930298
,1416.0,4,7.84551739343442e-05,22649,,6.792582035064697,,3.0010406970977783,,0.23029372096061707,,0.10545796155929565
,1384.0,4,7.840000034775585e-05,22699,,7.474781036376953,,3.0335404872894287,,0.2305172085762024,,0.10559327900409698
,1388.0,4,7.83448267611675e-05,22749,,8.025012016296387,,3.145399808883667,,0.23074322938919067,,0.10572341829538345
,1344.0,4,7.828965317457914e-05,22799,,8.833853721618652,,3.1011061668395996,,0.23097333312034607,,0.10584795475006104
,1356.0,4,7.823447958799079e-05,22849,,8.082549095153809,,2.678593635559082,,0.231221005320549,,0.10600043088197708
,1332.0,4,7.817931327736005e-05,22899,,7.8432230949401855,,2.9060399532318115,,0.2314624786376953,,0.10611875355243683
,1312.0,4,7.81241396907717e-05,22949,,8.830801010131836,,2.869436740875244,,0.23170144855976105,,0.10625621676445007
,1364.0,4,7.806896610418335e-05,22999,,7.923605918884277,,3.1049611568450928,,0.2319227010011673,,0.10637403279542923
,1376.0,4,7.801379251759499e-05,23049,,6.795527935028076,,3.107020854949951,,0.23212598264217377,,0.10648956894874573
,1344.0,4,7.795861893100664e-05,23099,,7.867679119110107,,3.0965540409088135,,0.23235516250133514,,0.10661864280700684
,1356.0,4,7.790344534441829e-05,23149,,7.296623706817627,,3.0685977935791016,,0.23256152868270874,,0.10673608630895615
,1376.0,4,7.784827903378755e-05,23199,,7.653134346008301,,2.8078060150146484,,0.23279960453510284,,0.10684986412525177
,1384.0,4,7.77931054471992e-05,23249,,7.833886623382568,,2.929169178009033,,0.23303402960300446,,0.10696467757225037
,1360.0,4,7.773793186061084e-05,23299,,7.920215606689453,,2.9610955715179443,,0.23325684666633606,,0.10708131641149521
,1356.0,4,7.768275827402249e-05,23349,,7.8759050369262695,,2.8560760021209717,,0.23346668481826782,,0.10721679776906967
,1372.0,4,7.762758468743414e-05,23399,,7.945866107940674,,2.6224472522735596,,0.23369434475898743,,0.10734681785106659
,1372.0,4,7.757241110084578e-05,23449,,7.695695877075195,,3.010485887527466,,0.2339002788066864,,0.1074657291173935
,1360.0,4,7.751724479021505e-05,23499,,7.574729919433594,,2.8514480590820312,,0.23412656784057617,,0.10759395360946655
,1376.0,4,7.746207120362669e-05,23549,,9.681266784667969,,2.638765811920166,,0.2343541532754898,,0.10772000998258591
,1328.0,4,7.740689761703834e-05,23599,,8.261916160583496,,2.6344358921051025,,0.23456944525241852,,0.10783801972866058
,1384.0,4,7.735172403044999e-05,23649,,8.288634300231934,,3.3085858821868896,,0.23478488624095917,,0.10797873884439468
,1356.0,4,7.729655044386163e-05,23699,,8.69472599029541,,2.830035924911499,,0.23502132296562195,,0.1081271842122078
,1348.0,4,7.724137685727328e-05,23749,,7.274335861206055,,3.0404136180877686,,0.2352491021156311,,0.10826376080513
,1376.0,4,7.718620327068493e-05,23799,,9.059883117675781,,2.87058162689209,,0.23546317219734192,,0.10840501636266708
,1336.0,4,7.713103696005419e-05,23849,,8.630224227905273,,3.04718017578125,,0.23568297922611237,,0.10854928195476532
,1356.0,4,7.707586337346584e-05,23899,,7.964139938354492,,2.907198429107666,,0.23590926826000214,,0.1086936965584755
,1372.0,4,7.702068978687748e-05,23949,,8.926761627197266,,3.1026229858398438,,0.2361036241054535,,0.10882340371608734
,1352.0,4,7.696551620028913e-05,23999,,8.522294998168945,,3.3505725860595703,,0.2363094985485077,,0.10893995314836502
,1328.0,4,7.691034261370078e-05,24049,,7.64247465133667,,3.0153918266296387,,0.23649799823760986,,0.10906603187322617
,1372.0,4,7.685516902711242e-05,24099,,7.79557466506958,,2.782012701034546,,0.23671770095825195,,0.10917891561985016
,1356.0,4,7.680000271648169e-05,24149,,9.446608543395996,,2.8914828300476074,,0.23695389926433563,,0.10931703448295593
,1388.0,4,7.674482912989333e-05,24199,,8.647086143493652,,2.9041712284088135,,0.2371952384710312,,0.10944941639900208
,1356.0,4,7.668965554330498e-05,24249,,8.643199920654297,,2.5796351432800293,,0.23741215467453003,,0.10956045240163803
,1364.0,4,7.663448195671663e-05,24299,,8.112133026123047,,2.875077962875366,,0.23761658370494843,,0.10968916118144989
,1328.0,4,7.657930837012827e-05,24349,,9.741161346435547,,2.9385759830474854,,0.23783420026302338,,0.10982321947813034
,1348.0,4,7.652413478353992e-05,24399,,8.19744873046875,,2.8918204307556152,,0.23805201053619385,,0.10997053235769272
,1380.0,4,7.646896847290918e-05,24449,,8.26358413696289,,3.0678179264068604,,0.238254114985466,,0.11010156571865082
,1332.0,4,7.641379488632083e-05,24499,,9.072187423706055,,3.0585339069366455,,0.23846468329429626,,0.11023673415184021
,1380.0,4,7.635862129973248e-05,24549,,8.842336654663086,,3.136216402053833,,0.2386893928050995,,0.11035925894975662
,1352.0,4,7.630344771314412e-05,24599,,8.875408172607422,,2.829451084136963,,0.23889081180095673,,0.11048542708158493
,1332.0,4,7.624827412655577e-05,24649,,7.8664774894714355,,2.8666481971740723,,0.23910926282405853,,0.11062705516815186
,1384.0,4,7.619310053996742e-05,24699,,9.08307933807373,,2.75071382522583,,0.23932549357414246,,0.11077050119638443
,1364.0,4,7.613793422933668e-05,24749,,9.35052490234375,,3.061950922012329,,0.2395309954881668,,0.11088450998067856
,1360.0,4,7.608276064274833e-05,24799,,8.59896183013916,,2.783679246902466,,0.23973111808300018,,0.11100377142429352
,1400.0,4,7.602758705615997e-05,24849,,8.446430206298828,,2.716482162475586,,0.23994411528110504,,0.11113770306110382
,1376.0,4,7.597241346957162e-05,24899,,7.779937267303467,,2.937392473220825,,0.2401454895734787,,0.11124781519174576
,1396.0,4,7.591723988298327e-05,24949,,9.057857513427734,,2.878601312637329,,0.24034978449344635,,0.11139066517353058
,1368.0,4,7.586206629639491e-05,24999,,9.192538261413574,,2.7966325283050537,,0.24055644869804382,,0.11152012646198273
,1388.0,4,7.580689998576418e-05,25049,,8.185115814208984,,3.0825204849243164,,0.2407720983028412,,0.11161820590496063
,1356.0,4,7.575172639917582e-05,25099,,8.22705078125,,2.754194974899292,,0.2409648299217224,,0.11172697693109512
,1372.0,4,7.569655281258747e-05,25149,,7.9670000076293945,,2.9752190113067627,,0.2411566525697708,,0.1118425503373146
,1404.0,4,7.564137922599912e-05,25199,,8.277992248535156,,2.767000913619995,,0.2413603663444519,,0.11197307705879211
,1364.0,4,7.558620563941076e-05,25249,,7.517624855041504,,2.9138362407684326,,0.24155528843402863,,0.11207655072212219
,1404.0,4,7.553103205282241e-05,25299,,7.8967108726501465,,2.7485690116882324,,0.24174553155899048,,0.112177774310112
,1396.0,4,7.547585846623406e-05,25349,,7.7170233726501465,,2.9462409019470215,,0.2419423609972,,0.11228518187999725
,1372.0,4,7.542069215560332e-05,25399,,8.461384773254395,,2.9086861610412598,,0.24215053021907806,,0.11238593608140945
,1380.0,4,7.536551856901497e-05,25449,,8.857428550720215,,2.8731653690338135,,0.2423630803823471,,0.11251203715801239
,1360.0,4,7.531034498242661e-05,25499,,7.921699523925781,,2.734586715698242,,0.24254748225212097,,0.11262878775596619
,1372.0,4,7.525517139583826e-05,25549,,10.10573673248291,,2.765984535217285,,0.2427162081003189,,0.11273323744535446
,1380.0,4,7.519999780924991e-05,25599,,9.510713577270508,,2.6959593296051025,,0.2429279386997223,,0.11284265667200089
,1360.0,4,7.514482422266155e-05,25649,,9.099604606628418,,3.368647575378418,,0.24312523007392883,,0.11294635385274887
,1312.0,4,7.508965791203082e-05,25699,,8.870529174804688,,2.4736897945404053,,0.2433294951915741,,0.11303785443305969
,1368.0,4,7.503448432544246e-05,25749,,9.035240173339844,,3.177974224090576,,0.24354824423789978,,0.11315657943487167
,1372.0,4,7.497931073885411e-05,25799,,9.140893936157227,,2.5337977409362793,,0.24374417960643768,,0.1132749542593956
,1388.0,4,7.492413715226576e-05,25849,,8.57675838470459,,2.7223727703094482,,0.24394239485263824,,0.11336972564458847
,1384.0,4,7.48689635656774e-05,25899,,8.355034828186035,,2.685276508331299,,0.24416707456111908,,0.11347635835409164
,1388.0,4,7.481378997908905e-05,25949,,9.154932975769043,,2.952951192855835,,0.24436776340007782,,0.11358914524316788
,1360.0,4,7.475862366845831e-05,25999,,9.952316284179688,,2.997450590133667,,0.24455739557743073,,0.11369656771421432
1365.6744384765625,,4,,26019,8.256731986999512,,2.891139268875122,,0.2334909290075302,,0.10735578089952469,
,1356.0,5,7.470345008186996e-05,26049,,10.049072265625,,2.638977527618408,,0.24475005269050598,,0.11380844563245773
,1316.0,5,7.464827649528161e-05,26099,,9.179827690124512,,2.7826642990112305,,0.24495215713977814,,0.1139320507645607
,1360.0,5,7.459310290869325e-05,26149,,10.239624977111816,,2.8544538021087646,,0.24515125155448914,,0.11404932290315628
,1328.0,5,7.45379293221049e-05,26199,,9.308904647827148,,2.7366983890533447,,0.24533773958683014,,0.1141505241394043
,1332.0,5,7.448275573551655e-05,26249,,10.104022979736328,,2.8177812099456787,,0.24553759396076202,,0.11425556987524033
,1352.0,5,7.442758942488581e-05,26299,,10.226849555969238,,2.298682451248169,,0.24572528898715973,,0.11437788605690002
,1384.0,5,7.437241583829746e-05,26349,,8.742070198059082,,2.7405946254730225,,0.24593329429626465,,0.11448795348405838
,1384.0,5,7.43172422517091e-05,26399,,9.454559326171875,,2.757457971572876,,0.24612373113632202,,0.11460070312023163
,1336.0,5,7.426206866512075e-05,26449,,10.288232803344727,,3.0050241947174072,,0.2463054656982422,,0.11470285058021545
,1372.0,5,7.42068950785324e-05,26499,,10.050520896911621,,2.9586405754089355,,0.24647948145866394,,0.11480068415403366
,1372.0,5,7.415172149194404e-05,26549,,9.683419227600098,,2.8259241580963135,,0.24665772914886475,,0.11491496860980988
,1404.0,5,7.40965551813133e-05,26599,,10.853303909301758,,2.7840118408203125,,0.2468518763780594,,0.11502780020236969
,1364.0,5,7.404138159472495e-05,26649,,8.897028923034668,,2.533184051513672,,0.24705642461776733,,0.11514720320701599
,1380.0,5,7.39862080081366e-05,26699,,9.621420860290527,,3.007816791534424,,0.24724066257476807,,0.11525631695985794
,1384.0,5,7.393103442154825e-05,26749,,9.470685005187988,,2.8259949684143066,,0.2474483698606491,,0.1153852790594101
,1324.0,5,7.38758608349599e-05,26799,,10.350592613220215,,3.0979483127593994,,0.2476503551006317,,0.11550406366586685
,1388.0,5,7.382068724837154e-05,26849,,9.584229469299316,,2.804683208465576,,0.2478528916835785,,0.11561772227287292
,1380.0,5,7.376551366178319e-05,26899,,9.630054473876953,,2.777252197265625,,0.24803468585014343,,0.11572815477848053
,1364.0,5,7.371034735115245e-05,26949,,11.353713035583496,,2.8205761909484863,,0.24821126461029053,,0.11585260182619095
,1356.0,5,7.36551737645641e-05,26999,,10.074152946472168,,2.6167781352996826,,0.24839165806770325,,0.11596261709928513
,1392.0,5,7.360000017797574e-05,27049,,9.945521354675293,,3.1023635864257812,,0.24859344959259033,,0.11607860028743744
,1404.0,5,7.354482659138739e-05,27099,,8.122919082641602,,2.736708164215088,,0.2487577199935913,,0.11618708074092865
,1348.0,5,7.348965300479904e-05,27149,,10.661904335021973,,2.9449901580810547,,0.24893945455551147,,0.11631162464618683
,1412.0,5,7.343447941821069e-05,27199,,9.898900985717773,,2.797177314758301,,0.2491152584552765,,0.11642532795667648
,1364.0,5,7.337931310757995e-05,27249,,10.564303398132324,,3.280935049057007,,0.24930480122566223,,0.11652485281229019
,1340.0,5,7.33241395209916e-05,27299,,10.06534481048584,,2.518047571182251,,0.24947962164878845,,0.116644486784935
,1372.0,5,7.326896593440324e-05,27349,,8.433632850646973,,2.8394203186035156,,0.24966062605381012,,0.11673406511545181
,1388.0,5,7.321379234781489e-05,27399,,11.042926788330078,,2.5468599796295166,,0.24982459843158722,,0.11683902889490128
,1380.0,5,7.315861876122653e-05,27449,,10.234335899353027,,3.055356979370117,,0.25002121925354004,,0.1169644370675087
,1392.0,5,7.310344517463818e-05,27499,,10.155320167541504,,2.9488532543182373,,0.2501976191997528,,0.11706987023353577
,1408.0,5,7.304827886400744e-05,27549,,8.93212890625,,2.825258493423462,,0.2503848373889923,,0.11719068884849548
,1360.0,5,7.299310527741909e-05,27599,,10.575225830078125,,2.5674943923950195,,0.2505807876586914,,0.11730480194091797
,1376.0,5,7.293793169083074e-05,27649,,9.091546058654785,,3.020411729812622,,0.2507733106613159,,0.11740969866514206
,1344.0,5,7.288275810424238e-05,27699,,8.36885929107666,,2.6929149627685547,,0.2509612739086151,,0.11751209199428558
,1352.0,5,7.282758451765403e-05,27749,,10.492146492004395,,2.8704144954681396,,0.2511408030986786,,0.11763334274291992
,1352.0,5,7.277241093106568e-05,27799,,9.735407829284668,,2.881223678588867,,0.25130942463874817,,0.11774636059999466
,1328.0,5,7.271724462043494e-05,27849,,11.297815322875977,,3.123152494430542,,0.2514839470386505,,0.11785432696342468
,1344.0,5,7.266207103384659e-05,27899,,9.709500312805176,,2.84309720993042,,0.25166618824005127,,0.11798778176307678
,1384.0,5,7.260689744725823e-05,27949,,9.006317138671875,,2.710233688354492,,0.2518230676651001,,0.11807297170162201
,1396.0,5,7.255172386066988e-05,27999,,11.53097915649414,,2.3623929023742676,,0.25199589133262634,,0.11817613989114761
,1380.0,5,7.249655027408153e-05,28049,,10.310478210449219,,2.67317533493042,,0.25219178199768066,,0.1182817742228508
,1376.0,5,7.244137668749318e-05,28099,,9.08837604522705,,2.601410150527954,,0.25237441062927246,,0.11839569360017776
,1396.0,5,7.238621037686244e-05,28149,,9.626497268676758,,2.6097118854522705,,0.25253069400787354,,0.11849811673164368
,1360.0,5,7.233103679027408e-05,28199,,9.93979263305664,,2.892369270324707,,0.25271376967430115,,0.11859843134880066
,1380.0,5,7.227586320368573e-05,28249,,9.498836517333984,,2.7634339332580566,,0.2528950572013855,,0.118717722594738
,1372.0,5,7.222068961709738e-05,28299,,10.399393081665039,,3.138632297515869,,0.2530580163002014,,0.11881522089242935
,1364.0,5,7.216551603050902e-05,28349,,10.693370819091797,,3.0472254753112793,,0.2532261908054352,,0.11891184747219086
,1368.0,5,7.211034244392067e-05,28399,,9.76263427734375,,3.218971014022827,,0.2534009516239166,,0.11901938170194626
,1376.0,5,7.205516885733232e-05,28449,,10.717514038085938,,3.0274860858917236,,0.25356143712997437,,0.11911492049694061
,1380.0,5,7.200000254670158e-05,28499,,10.376925468444824,,2.8853864669799805,,0.25375789403915405,,0.11922554671764374
,1400.0,5,7.194482896011323e-05,28549,,9.523002624511719,,2.8694074153900146,,0.2539253234863281,,0.119322270154953
,1388.0,5,7.188965537352487e-05,28599,,9.536165237426758,,2.5302770137786865,,0.25409480929374695,,0.11942552030086517
,1372.0,5,7.183448178693652e-05,28649,,9.518967628479004,,2.5604381561279297,,0.2542726993560791,,0.11954248696565628
,1364.0,5,7.177930820034817e-05,28699,,10.35020637512207,,2.72430157661438,,0.2544524073600769,,0.11963564902544022
,1368.0,5,7.172413461375982e-05,28749,,12.095372200012207,,2.761995315551758,,0.25462421774864197,,0.11976467818021774
,1388.0,5,7.166896830312908e-05,28799,,10.151293754577637,,3.0371861457824707,,0.25478923320770264,,0.11987411230802536
,1344.0,5,7.161379471654072e-05,28849,,11.310800552368164,,3.0564990043640137,,0.25494319200515747,,0.11998292058706284
,1384.0,5,7.155862112995237e-05,28899,,10.001753807067871,,3.054197072982788,,0.25512176752090454,,0.12010342627763748
,1352.0,5,7.150344754336402e-05,28949,,10.811445236206055,,2.0915398597717285,,0.25530126690864563,,0.12021591514348984
,1340.0,5,7.144827395677567e-05,28999,,10.150810241699219,,2.3677287101745605,,0.2554663419723511,,0.12034421414136887
,1352.0,5,7.139310037018731e-05,29049,,10.446343421936035,,2.974560022354126,,0.2556414008140564,,0.12045207619667053
,1404.0,5,7.133793405955657e-05,29099,,10.296796798706055,,2.6177561283111572,,0.2557951509952545,,0.12056080251932144
,1340.0,5,7.128276047296822e-05,29149,,9.959356307983398,,2.894167900085449,,0.25594738125801086,,0.12065546959638596
,1380.0,5,7.122758688637987e-05,29199,,10.40272331237793,,2.461254596710205,,0.2561115622520447,,0.12075390666723251
,1396.0,5,7.117241329979151e-05,29249,,10.56386947631836,,2.778743267059326,,0.25627580285072327,,0.12085261940956116
,1372.0,5,7.111723971320316e-05,29299,,9.208992958068848,,2.991872787475586,,0.25643089413642883,,0.12094922363758087
,1376.0,5,7.106206612661481e-05,29349,,10.944862365722656,,2.9150466918945312,,0.2565821707248688,,0.12105832248926163
,1364.0,5,7.100689981598407e-05,29399,,9.370823860168457,,2.749202013015747,,0.25674787163734436,,0.12117641419172287
,1344.0,5,7.095172622939572e-05,29449,,11.099242210388184,,2.336582660675049,,0.25691646337509155,,0.12128729373216629
,1356.0,5,7.089655264280736e-05,29499,,10.354145050048828,,2.8263609409332275,,0.2570803463459015,,0.121395044028759
,1412.0,5,7.084137905621901e-05,29549,,9.119099617004395,,3.021315574645996,,0.2572269141674042,,0.12150077521800995
,1408.0,5,7.078620546963066e-05,29599,,9.26461410522461,,2.8529253005981445,,0.2573901414871216,,0.12159846723079681
,1380.0,5,7.07310318830423e-05,29649,,11.325927734375,,2.9223265647888184,,0.2575681507587433,,0.12169431149959564
,1344.0,5,7.067586557241157e-05,29699,,10.930667877197266,,2.5118746757507324,,0.2577303946018219,,0.12180092930793762
,1368.0,5,7.062069198582321e-05,29749,,10.616972923278809,,2.8242547512054443,,0.2578837275505066,,0.12189161032438278
,1380.0,5,7.056551839923486e-05,29799,,11.251049995422363,,2.765393018722534,,0.25804558396339417,,0.12201368808746338
,1348.0,5,7.051034481264651e-05,29849,,11.844348907470703,,2.9016225337982178,,0.25820621848106384,,0.12212751060724258
,1380.0,5,7.045517122605816e-05,29899,,10.044867515563965,,2.581343173980713,,0.25835368037223816,,0.1222384050488472
,1360.0,5,7.03999976394698e-05,29949,,10.146251678466797,,2.374234914779663,,0.25851163268089294,,0.12233688682317734
,1376.0,5,7.034482405288145e-05,29999,,9.949189186096191,,2.496478796005249,,0.2586800158023834,,0.12243493646383286
,1380.0,5,7.028965774225071e-05,30049,,9.894499778747559,,2.804330587387085,,0.25883400440216064,,0.12253548949956894
,1380.0,5,7.023448415566236e-05,30099,,11.350724220275879,,3.007661819458008,,0.25901615619659424,,0.12264250218868256
,1368.0,5,7.0179310569074e-05,30149,,10.873778343200684,,2.7285211086273193,,0.2591622769832611,,0.12274722009897232
,1360.0,5,7.012413698248565e-05,30199,,10.37392520904541,,2.5136935710906982,,0.25931981205940247,,0.1228547990322113
,1324.0,5,7.00689633958973e-05,30249,,11.279983520507812,,2.8123629093170166,,0.2594676911830902,,0.12295064330101013
,1360.0,5,7.001378980930895e-05,30299,,10.457115173339844,,2.6313328742980957,,0.2596215605735779,,0.12305000424385071
,1384.0,5,6.995862349867821e-05,30349,,11.58375358581543,,2.6338579654693604,,0.2597709000110626,,0.12314856052398682
,1336.0,5,6.990344991208985e-05,30399,,11.994193077087402,,2.887807846069336,,0.25992485880851746,,0.1232384666800499
,1396.0,5,6.98482763255015e-05,30449,,10.968546867370605,,2.5362305641174316,,0.26008889079093933,,0.12334486097097397
,1304.0,5,6.979310273891315e-05,30499,,11.445301055908203,,2.4704999923706055,,0.2602485716342926,,0.12345278263092041
,1352.0,5,6.97379291523248e-05,30549,,11.608410835266113,,2.5791985988616943,,0.26040682196617126,,0.12354639917612076
,1300.0,5,6.968275556573644e-05,30599,,10.304970741271973,,2.6665894985198975,,0.2605638802051544,,0.1236368715763092
,1376.0,5,6.96275892551057e-05,30649,,9.892965316772461,,2.966773271560669,,0.2607089579105377,,0.12372449785470963
,1368.0,5,6.957241566851735e-05,30699,,11.537456512451172,,2.8431570529937744,,0.2608673870563507,,0.12383212149143219
,1372.0,5,6.9517242081929e-05,30749,,10.089469909667969,,2.511091947555542,,0.2610238790512085,,0.12391338497400284
,1364.0,5,6.946206849534065e-05,30799,,11.144702911376953,,2.608424425125122,,0.26116931438446045,,0.124005027115345
,1364.0,5,6.940689490875229e-05,30849,,11.857483863830566,,2.6975438594818115,,0.2613203823566437,,0.12409289181232452
,1352.0,5,6.935172132216394e-05,30899,,10.709806442260742,,2.789390802383423,,0.2614751160144806,,0.12417357414960861
,1348.0,5,6.92965550115332e-05,30949,,10.106649398803711,,2.2319769859313965,,0.2615991532802582,,0.12425052374601364
,1356.0,5,6.924138142494485e-05,30999,,11.970804214477539,,2.636948585510254,,0.26177340745925903,,0.12436439096927643
,1388.0,5,6.91862078383565e-05,31049,,11.619441986083984,,2.642850637435913,,0.26192378997802734,,0.12446772307157516
,1336.0,5,6.913103425176814e-05,31099,,9.398677825927734,,2.592262029647827,,0.26206865906715393,,0.12456973642110825
,1340.0,5,6.907586066517979e-05,31149,,12.962181091308594,,3.208144187927246,,0.2622291147708893,,0.124673031270504
,1376.0,5,6.902068707859144e-05,31199,,11.694428443908691,,2.64984130859375,,0.262376993894577,,0.12477626651525497
1365.6748046875,,5,,31223,10.360596656799316,,2.7898354530334473,,0.2539568245410919,,0.11944403499364853,
,1340.0,6,6.89655207679607e-05,31249,,11.00683307647705,,2.868110418319702,,0.26253271102905273,,0.12486840039491653
,1340.0,6,6.891034718137234e-05,31299,,11.761434555053711,,2.590184450149536,,0.26267868280410767,,0.12495937943458557
,1388.0,6,6.885517359478399e-05,31349,,10.348801612854004,,2.941679000854492,,0.2628258168697357,,0.12503886222839355
,1364.0,6,6.880000000819564e-05,31399,,12.686076164245605,,2.6266214847564697,,0.2629741132259369,,0.12513110041618347
,1352.0,6,6.874482642160729e-05,31449,,12.411014556884766,,3.055994987487793,,0.26313817501068115,,0.12523095309734344
,1388.0,6,6.868965283501893e-05,31499,,11.997421264648438,,2.7780375480651855,,0.2632801830768585,,0.12532471120357513
,1388.0,6,6.863447924843058e-05,31549,,13.09853744506836,,2.712407112121582,,0.26343539357185364,,0.12542206048965454
,1364.0,6,6.857931293779984e-05,31599,,10.791630744934082,,2.923588752746582,,0.26358652114868164,,0.12551945447921753
,1352.0,6,6.852413935121149e-05,31649,,10.18179988861084,,2.5244970321655273,,0.2637515366077423,,0.12562254071235657
,1376.0,6,6.846896576462314e-05,31699,,11.92448616027832,,2.8913347721099854,,0.26389461755752563,,0.12569014728069305
,1348.0,6,6.841379217803478e-05,31749,,13.881001472473145,,2.9158079624176025,,0.2640348970890045,,0.12577557563781738
,1376.0,6,6.835861859144643e-05,31799,,10.828524589538574,,2.658905029296875,,0.264190673828125,,0.12586365640163422
,1384.0,6,6.830344500485808e-05,31849,,11.090904235839844,,2.8369381427764893,,0.264333039522171,,0.12596331536769867
,1352.0,6,6.824827869422734e-05,31899,,11.918259620666504,,2.6809165477752686,,0.26448315382003784,,0.12605953216552734
,1348.0,6,6.819310510763898e-05,31949,,11.475434303283691,,2.63629150390625,,0.2646290063858032,,0.1261412501335144
,1388.0,6,6.813793152105063e-05,31999,,10.280673027038574,,2.548041820526123,,0.2647949755191803,,0.12624472379684448
,1376.0,6,6.808275793446228e-05,32049,,10.172076225280762,,2.669269323348999,,0.2649446129798889,,0.1263405829668045
,1380.0,6,6.802758434787393e-05,32099,,12.007555961608887,,2.663113832473755,,0.26508665084838867,,0.12642668187618256
,1380.0,6,6.797241076128557e-05,32149,,11.442294120788574,,2.8708081245422363,,0.2652238607406616,,0.12651608884334564
,1344.0,6,6.791724445065483e-05,32199,,10.411975860595703,,2.711766242980957,,0.2653685510158539,,0.12660737335681915
,1388.0,6,6.786207086406648e-05,32249,,12.087329864501953,,2.5832502841949463,,0.26551637053489685,,0.1266917735338211
,1396.0,6,6.780689727747813e-05,32299,,10.516982078552246,,2.9566853046417236,,0.2656593918800354,,0.12678483128547668
,1376.0,6,6.775172369088978e-05,32349,,12.03816032409668,,2.7554712295532227,,0.2658088207244873,,0.12687896192073822
,1384.0,6,6.769655010430142e-05,32399,,10.786087989807129,,2.775055170059204,,0.265941858291626,,0.12696295976638794
,1348.0,6,6.764137651771307e-05,32449,,13.53699779510498,,2.700928211212158,,0.26609230041503906,,0.12705087661743164
,1348.0,6,6.758621020708233e-05,32499,,9.664949417114258,,2.9838404655456543,,0.26622092723846436,,0.12714488804340363
,1396.0,6,6.753103662049398e-05,32549,,10.518624305725098,,2.8698675632476807,,0.26635438203811646,,0.12722589075565338
,1384.0,6,6.747586303390563e-05,32599,,13.422561645507812,,2.664020299911499,,0.26649758219718933,,0.12730729579925537
,1364.0,6,6.742068944731727e-05,32649,,10.95816707611084,,2.5830562114715576,,0.26664236187934875,,0.12738525867462158
,1372.0,6,6.736551586072892e-05,32699,,12.127376556396484,,2.4308035373687744,,0.266764372587204,,0.12745894491672516
,1404.0,6,6.731034227414057e-05,32749,,12.545991897583008,,2.8732798099517822,,0.2668941617012024,,0.1275419443845749
,1384.0,6,6.725517596350983e-05,32799,,10.64574909210205,,2.711171865463257,,0.2670608460903168,,0.1276462972164154
,1376.0,6,6.720000237692147e-05,32849,,11.958970069885254,,2.796750545501709,,0.2671905755996704,,0.12771371006965637
,1384.0,6,6.714482879033312e-05,32899,,13.031429290771484,,2.9561922550201416,,0.2673194408416748,,0.1277986764907837
,1344.0,6,6.708965520374477e-05,32949,,10.132802963256836,,2.580227851867676,,0.2674410939216614,,0.12788026034832
,1364.0,6,6.703448161715642e-05,32999,,11.317706108093262,,2.735928535461426,,0.26759228110313416,,0.12796175479888916
,1360.0,6,6.697930803056806e-05,33049,,13.045934677124023,,2.8788623809814453,,0.26773494482040405,,0.1280519664287567
,1348.0,6,6.692413444397971e-05,33099,,11.361030578613281,,2.728890895843506,,0.2678925693035126,,0.12813208997249603
,1360.0,6,6.686896813334897e-05,33149,,11.689552307128906,,2.600959539413452,,0.26802942156791687,,0.1282220333814621
,1372.0,6,6.681379454676062e-05,33199,,9.862276077270508,,2.8160972595214844,,0.2681577801704407,,0.12829527258872986
,1328.0,6,6.675862096017227e-05,33249,,11.594600677490234,,2.2770156860351562,,0.2683066725730896,,0.128396674990654
,1384.0,6,6.670344737358391e-05,33299,,11.237019538879395,,2.8583641052246094,,0.2684537470340729,,0.1284659206867218
,1380.0,6,6.664827378699556e-05,33349,,10.811027526855469,,2.5746335983276367,,0.26859474182128906,,0.1285419911146164
,1376.0,6,6.659310020040721e-05,33399,,9.68922233581543,,2.892188787460327,,0.2687370181083679,,0.12863413989543915
,1368.0,6,6.653793388977647e-05,33449,,10.885339736938477,,2.6964688301086426,,0.26887568831443787,,0.12870992720127106
,1352.0,6,6.648276030318812e-05,33499,,11.047943115234375,,2.7112467288970947,,0.2690006494522095,,0.1288011521100998
,1396.0,6,6.642758671659976e-05,33549,,11.722512245178223,,2.57564377784729,,0.2691584527492523,,0.12889015674591064
,1392.0,6,6.637241313001141e-05,33599,,11.462837219238281,,2.877617597579956,,0.26929405331611633,,0.12898071110248566
,1376.0,6,6.631723954342306e-05,33649,,13.052940368652344,,2.611675500869751,,0.2694360315799713,,0.1290845274925232
,1340.0,6,6.62620659568347e-05,33699,,10.287147521972656,,2.9841320514678955,,0.26956966519355774,,0.12917916476726532
,1400.0,6,6.620689964620396e-05,33749,,12.656734466552734,,2.6269540786743164,,0.26969391107559204,,0.12927092611789703
,1360.0,6,6.615172605961561e-05,33799,,11.625920295715332,,2.642547607421875,,0.26982438564300537,,0.12935586273670197
,1380.0,6,6.609655247302726e-05,33849,,13.08394718170166,,2.296863317489624,,0.269964337348938,,0.12944021821022034
,1352.0,6,6.60413788864389e-05,33899,,11.894686698913574,,2.6274454593658447,,0.2700965106487274,,0.12954486906528473
,1376.0,6,6.598620529985055e-05,33949,,12.673545837402344,,2.6194851398468018,,0.27023419737815857,,0.12963873147964478
,1380.0,6,6.59310317132622e-05,33999,,13.017376899719238,,2.9419167041778564,,0.2703559994697571,,0.1297159045934677
,1384.0,6,6.587586540263146e-05,34049,,12.657806396484375,,2.8684542179107666,,0.2704871892929077,,0.12979328632354736
,1344.0,6,6.582069181604311e-05,34099,,10.976263046264648,,2.451723575592041,,0.270624577999115,,0.12988996505737305
,1368.0,6,6.576551822945476e-05,34149,,13.153135299682617,,2.863267421722412,,0.2707425057888031,,0.12997160851955414
,1392.0,6,6.57103446428664e-05,34199,,12.622210502624512,,2.7759344577789307,,0.27085983753204346,,0.13005855679512024
,1372.0,6,6.565517105627805e-05,34249,,12.797642707824707,,2.7957046031951904,,0.27098777890205383,,0.1301489770412445
,1364.0,6,6.55999974696897e-05,34299,,11.20941162109375,,2.6742429733276367,,0.2711285650730133,,0.13023442029953003
,1380.0,6,6.554483115905896e-05,34349,,10.825520515441895,,2.659294843673706,,0.2712520956993103,,0.13031421601772308
,1352.0,6,6.54896575724706e-05,34399,,13.184619903564453,,2.8411693572998047,,0.27136915922164917,,0.13037925958633423
,1348.0,6,6.543448398588225e-05,34449,,14.183221817016602,,2.941599130630493,,0.2714943289756775,,0.1304549276828766
,1312.0,6,6.53793103992939e-05,34499,,11.34408950805664,,2.6911661624908447,,0.2716248333454132,,0.13054530322551727
,1340.0,6,6.532413681270555e-05,34549,,13.52243423461914,,2.9019224643707275,,0.2717595398426056,,0.13061797618865967
,1368.0,6,6.52689632261172e-05,34599,,10.620503425598145,,2.8769092559814453,,0.27188795804977417,,0.1306883990764618
,1396.0,6,6.521378963952884e-05,34649,,12.506001472473145,,2.9050815105438232,,0.2720177173614502,,0.13076302409172058
,1388.0,6,6.51586233288981e-05,34699,,11.599324226379395,,2.6497602462768555,,0.2721790671348572,,0.13085509836673737
,1328.0,6,6.510344974230975e-05,34749,,11.260828971862793,,2.543633460998535,,0.2723250687122345,,0.1309378445148468
,1300.0,6,6.50482761557214e-05,34799,,11.596307754516602,,2.584822416305542,,0.27246224880218506,,0.13101717829704285
,1376.0,6,6.499310256913304e-05,34849,,12.86325740814209,,2.5840346813201904,,0.27259305119514465,,0.1310890167951584
,1408.0,6,6.493792898254469e-05,34899,,13.17442798614502,,2.5873372554779053,,0.2727246880531311,,0.13115949928760529
,1376.0,6,6.488275539595634e-05,34949,,11.133868217468262,,2.9611990451812744,,0.2728396952152252,,0.13122496008872986
,1376.0,6,6.48275890853256e-05,34999,,11.497859001159668,,2.7918763160705566,,0.27296534180641174,,0.13130392134189606
,1392.0,6,6.477241549873725e-05,35049,,12.084818840026855,,2.9273204803466797,,0.2731122672557831,,0.13139091432094574
,1392.0,6,6.471724191214889e-05,35099,,13.425033569335938,,2.96486759185791,,0.27324801683425903,,0.13146375119686127
,1316.0,6,6.466206832556054e-05,35149,,12.051287651062012,,2.6362781524658203,,0.27336767315864563,,0.1315443366765976
,1324.0,6,6.460689473897219e-05,35199,,12.044437408447266,,2.8959872722625732,,0.2734932601451874,,0.1316121220588684
,1384.0,6,6.455172115238383e-05,35249,,13.731327056884766,,3.0289018154144287,,0.2736208438873291,,0.13170121610164642
,1396.0,6,6.44965548417531e-05,35299,,13.799033164978027,,2.686927318572998,,0.2737494707107544,,0.13178008794784546
,1400.0,6,6.444138125516474e-05,35349,,14.600576400756836,,2.475923538208008,,0.27387627959251404,,0.13186004757881165
,1388.0,6,6.438620766857639e-05,35399,,11.819960594177246,,2.6006264686584473,,0.2740103602409363,,0.1319553256034851
,1360.0,6,6.433103408198804e-05,35449,,12.229454040527344,,2.734083890914917,,0.27413859963417053,,0.13203853368759155
,1376.0,6,6.427586049539968e-05,35499,,11.980561256408691,,2.6292214393615723,,0.27425244450569153,,0.13210955262184143
,1380.0,6,6.422068690881133e-05,35549,,11.992257118225098,,2.602813720703125,,0.2743718922138214,,0.13218072056770325
,1356.0,6,6.416552059818059e-05,35599,,12.788739204406738,,2.747007369995117,,0.2744882106781006,,0.1322544664144516
,1400.0,6,6.411034701159224e-05,35649,,13.092540740966797,,2.3922343254089355,,0.2746230363845825,,0.13233749568462372
,1380.0,6,6.405517342500389e-05,35699,,14.155136108398438,,2.9399664402008057,,0.2747248709201813,,0.13240349292755127
,1336.0,6,6.399999983841553e-05,35749,,12.694707870483398,,3.023967742919922,,0.2748403549194336,,0.1324676126241684
,1380.0,6,6.394482625182718e-05,35799,,13.24672794342041,,2.945241928100586,,0.27495044469833374,,0.13254927098751068
,1360.0,6,6.388965266523883e-05,35849,,12.574542999267578,,2.7299442291259766,,0.27507466077804565,,0.1326301097869873
,1388.0,6,6.383448635460809e-05,35899,,14.13133716583252,,3.1307530403137207,,0.27519190311431885,,0.1327102929353714
,1368.0,6,6.377931276801974e-05,35949,,12.408181190490723,,2.113283157348633,,0.27532196044921875,,0.13278813660144806
,1388.0,6,6.372413918143138e-05,35999,,11.580778121948242,,2.6221776008605957,,0.27545011043548584,,0.13288401067256927
,1312.0,6,6.366896559484303e-05,36049,,12.331755638122559,,2.519075393676758,,0.27556487917900085,,0.1329675167798996
,1360.0,6,6.361379200825468e-05,36099,,12.510315895080566,,2.715636968612671,,0.27568650245666504,,0.13303707540035248
,1344.0,6,6.355861842166632e-05,36149,,13.99272346496582,,3.0607404708862305,,0.27581092715263367,,0.13310764729976654
,1360.0,6,6.350344483507797e-05,36199,,11.615666389465332,,2.6984894275665283,,0.27592119574546814,,0.13317371904850006
,1324.0,6,6.344827852444723e-05,36249,,12.365304946899414,,2.6504249572753906,,0.27604761719703674,,0.13325098156929016
,1380.0,6,6.339310493785888e-05,36299,,13.509663581848145,,2.7262117862701416,,0.2761772572994232,,0.13332617282867432
,1364.0,6,6.333793135127053e-05,36349,,14.574405670166016,,1.9065392017364502,,0.27626943588256836,,0.1333862990140915
,1396.0,6,6.328275776468217e-05,36399,,14.168846130371094,,2.883518934249878,,0.27639901638031006,,0.1334589421749115
1365.617431640625,,6,,36427,12.042920112609863,,2.7235774993896484,,0.26975104212760925,,0.1293233186006546,
,1400.0,7,6.322758417809382e-05,36449,,13.388375282287598,,2.728527069091797,,0.27650898694992065,,0.13353566825389862
,1348.0,7,6.317241059150547e-05,36499,,13.233817100524902,,2.5199105739593506,,0.27661481499671936,,0.13360506296157837
,1404.0,7,6.311724428087473e-05,36549,,13.576287269592285,,2.747584581375122,,0.27673831582069397,,0.13368114829063416
,1372.0,7,6.306207069428638e-05,36599,,12.130356788635254,,2.4338526725769043,,0.27686476707458496,,0.13375608623027802
,1376.0,7,6.300689710769802e-05,36649,,12.767304420471191,,3.0052359104156494,,0.27697521448135376,,0.13382209837436676
,1352.0,7,6.295172352110967e-05,36699,,10.92255687713623,,2.4328348636627197,,0.2770862877368927,,0.1339077353477478
,1376.0,7,6.289654993452132e-05,36749,,13.39141845703125,,2.8964858055114746,,0.277197003364563,,0.13397517800331116
,1384.0,7,6.284137634793296e-05,36799,,14.72533893585205,,2.5428662300109863,,0.2773207724094391,,0.1340540498495102
,1368.0,7,6.278621003730223e-05,36849,,12.564338684082031,,2.842845916748047,,0.27744343876838684,,0.13412968814373016
,1340.0,7,6.273103645071387e-05,36899,,12.208536148071289,,2.6238832473754883,,0.27756279706954956,,0.1341974139213562
,1336.0,7,6.267586286412552e-05,36949,,12.732404708862305,,2.78072190284729,,0.27767497301101685,,0.13426350057125092
,1376.0,7,6.262068927753717e-05,36999,,12.205098152160645,,2.676685333251953,,0.2777981460094452,,0.13435038924217224
,1400.0,7,6.256551569094881e-05,37049,,11.96235466003418,,2.681810140609741,,0.277913361787796,,0.1344098448753357
,1364.0,7,6.251034210436046e-05,37099,,14.01879596710205,,2.741624593734741,,0.278022825717926,,0.13446728885173798
,1372.0,7,6.245517579372972e-05,37149,,12.661703109741211,,2.744771957397461,,0.2781337797641754,,0.13453315198421478
,1344.0,7,6.240000220714137e-05,37199,,13.705475807189941,,2.5501811504364014,,0.27825215458869934,,0.13462495803833008
,1348.0,7,6.234482862055302e-05,37249,,13.32046127319336,,2.813647508621216,,0.27836981415748596,,0.13470566272735596
,1360.0,7,6.228965503396466e-05,37299,,12.221671104431152,,2.6107544898986816,,0.2785070538520813,,0.13477620482444763
,1364.0,7,6.223448144737631e-05,37349,,12.404791831970215,,2.546074867248535,,0.27862006425857544,,0.1348605901002884
,1384.0,7,6.217930786078796e-05,37399,,15.500402450561523,,3.6714913845062256,,0.2787286937236786,,0.13492678105831146
,1396.0,7,6.212414155015722e-05,37449,,14.638787269592285,,2.9982335567474365,,0.27884241938591003,,0.13498790562152863
,1336.0,7,6.206896796356887e-05,37499,,13.200103759765625,,2.9362475872039795,,0.2789514362812042,,0.13505683839321136
,1352.0,7,6.201379437698051e-05,37549,,12.317911148071289,,2.6161301136016846,,0.27906444668769836,,0.1351335495710373
,1376.0,7,6.195862079039216e-05,37599,,13.933277130126953,,2.506211519241333,,0.2791793942451477,,0.13520467281341553
,1400.0,7,6.190344720380381e-05,37649,,13.605834007263184,,2.851426362991333,,0.2792908847332001,,0.1352936327457428
,1352.0,7,6.184827361721545e-05,37699,,12.622212409973145,,2.6170578002929688,,0.2794184386730194,,0.13536830246448517
,1364.0,7,6.17931000306271e-05,37749,,13.538086891174316,,2.881810188293457,,0.2795356810092926,,0.13544374704360962
,1372.0,7,6.173793371999636e-05,37799,,12.698533058166504,,2.6997244358062744,,0.27965205907821655,,0.13551051914691925
,1384.0,7,6.168276013340801e-05,37849,,13.649048805236816,,2.7829601764678955,,0.27976879477500916,,0.13559573888778687
,1396.0,7,6.162758654681966e-05,37899,,12.211560249328613,,2.999718189239502,,0.27986815571784973,,0.1356632262468338
,1356.0,7,6.15724129602313e-05,37949,,12.295210838317871,,2.652940511703491,,0.2799781262874603,,0.13572925329208374
,1340.0,7,6.151723937364295e-05,37999,,11.818093299865723,,2.3019461631774902,,0.2800953686237335,,0.13580068945884705
,1360.0,7,6.14620657870546e-05,38049,,11.65481185913086,,2.7483227252960205,,0.2802177667617798,,0.13586953282356262
,1360.0,7,6.140689947642386e-05,38099,,12.950338363647461,,2.921952247619629,,0.280333936214447,,0.13594019412994385
,1396.0,7,6.13517258898355e-05,38149,,12.764603614807129,,2.663804292678833,,0.280443400144577,,0.13599827885627747
,1340.0,7,6.129655230324715e-05,38199,,13.480281829833984,,2.7370285987854004,,0.28057071566581726,,0.13606242835521698
,1332.0,7,6.12413787166588e-05,38249,,14.672428131103516,,2.9590744972229004,,0.2806890308856964,,0.13613280653953552
,1364.0,7,6.118620513007045e-05,38299,,13.807947158813477,,2.2262887954711914,,0.2807992398738861,,0.1361989825963974
,1372.0,7,6.11310315434821e-05,38349,,14.017192840576172,,2.954242706298828,,0.2809138298034668,,0.1362755447626114
,1372.0,7,6.107586523285136e-05,38399,,13.515196800231934,,2.5048885345458984,,0.2810203433036804,,0.13633857667446136
,1364.0,7,6.1020688008284196e-05,38449,,13.921843528747559,,2.590686559677124,,0.28114113211631775,,0.13641422986984253
,1352.0,7,6.096551805967465e-05,38499,,15.009100914001465,,2.815997362136841,,0.2812449038028717,,0.1364779770374298
,1324.0,7,6.09103444730863e-05,38549,,14.16463565826416,,2.100316286087036,,0.2813630998134613,,0.13654351234436035
,1360.0,7,6.0855170886497945e-05,38599,,15.664827346801758,,2.608872413635254,,0.28147634863853455,,0.13661344349384308
,1360.0,7,6.08000009378884e-05,38649,,13.384648323059082,,2.6116487979888916,,0.28159716725349426,,0.13668763637542725
,1356.0,7,6.0744827351300046e-05,38699,,15.039095878601074,,2.7843029499053955,,0.2817079424858093,,0.13675156235694885
,1388.0,7,6.068965376471169e-05,38749,,13.596226692199707,,2.7120800018310547,,0.28181159496307373,,0.13681560754776
,1316.0,7,6.063448381610215e-05,38799,,15.14124584197998,,2.8434317111968994,,0.281919926404953,,0.13686931133270264
,1360.0,7,6.0579310229513794e-05,38849,,15.166949272155762,,2.5882256031036377,,0.28202930092811584,,0.13693179190158844
,1360.0,7,6.052413664292544e-05,38899,,12.935733795166016,,2.4287307262420654,,0.28214675188064575,,0.13699615001678467
,1348.0,7,6.0468966694315895e-05,38949,,13.741439819335938,,2.881244659423828,,0.2822452187538147,,0.13705499470233917
,1368.0,7,6.041379310772754e-05,38999,,13.61727237701416,,2.8465187549591064,,0.28237301111221313,,0.13712449371814728
,1368.0,7,6.035861952113919e-05,39049,,14.639575004577637,,2.728487968444824,,0.28248390555381775,,0.1371835619211197
,1348.0,7,6.0303449572529644e-05,39099,,12.552179336547852,,2.6869864463806152,,0.28259289264678955,,0.13725964725017548
,1364.0,7,6.024827598594129e-05,39149,,14.26906967163086,,2.7196028232574463,,0.2827143669128418,,0.137327641248703
,1388.0,7,6.019310239935294e-05,39199,,12.268465042114258,,2.6330325603485107,,0.2828199863433838,,0.13738316297531128
,1368.0,7,6.013793245074339e-05,39249,,15.25853157043457,,2.820568561553955,,0.282927930355072,,0.1374334841966629
,1360.0,7,6.008275886415504e-05,39299,,14.124590873718262,,2.8279013633728027,,0.2830335199832916,,0.13750459253787994
,1360.0,7,6.0027585277566686e-05,39349,,12.832653045654297,,2.3700451850891113,,0.28313902020454407,,0.13755787909030914
,1376.0,7,5.997241532895714e-05,39399,,12.721607208251953,,2.5434982776641846,,0.28323400020599365,,0.13760818541049957
,1348.0,7,5.991724174236879e-05,39449,,14.620627403259277,,2.725224733352661,,0.28333112597465515,,0.13766822218894958
,1392.0,7,5.9862068155780435e-05,39499,,13.935517311096191,,2.5598082542419434,,0.28342998027801514,,0.13773594796657562
,1368.0,7,5.980689820717089e-05,39549,,14.102551460266113,,2.9157493114471436,,0.2835368812084198,,0.13779903948307037
,1364.0,7,5.9751724620582536e-05,39599,,18.33622932434082,,2.996697187423706,,0.28365159034729004,,0.13786719739437103
,1372.0,7,5.969655103399418e-05,39649,,13.559185028076172,,2.6933677196502686,,0.2837732136249542,,0.13793669641017914
,1348.0,7,5.964138108538464e-05,39699,,12.95016098022461,,2.708831787109375,,0.28388041257858276,,0.1380070298910141
,1360.0,7,5.9586207498796284e-05,39749,,13.254066467285156,,2.81201434135437,,0.2839944660663605,,0.1380804181098938
,1348.0,7,5.953103391220793e-05,39799,,13.550822257995605,,2.711066722869873,,0.28410235047340393,,0.13815422356128693
,1364.0,7,5.947586032561958e-05,39849,,14.763813972473145,,2.487405300140381,,0.2842121720314026,,0.1382104903459549
,1408.0,7,5.942069037701003e-05,39899,,14.811285972595215,,2.742363929748535,,0.284324586391449,,0.1382737010717392
,1368.0,7,5.936551679042168e-05,39949,,13.028300285339355,,2.5723512172698975,,0.28443729877471924,,0.13834090530872345
,1372.0,7,5.931034320383333e-05,39999,,16.351137161254883,,2.385497808456421,,0.2845474183559418,,0.1383972465991974
,1356.0,7,5.925517325522378e-05,40049,,13.994734764099121,,2.6576504707336426,,0.28465262055397034,,0.13846732676029205
,1364.0,7,5.919999966863543e-05,40099,,13.56213092803955,,2.568899154663086,,0.28476351499557495,,0.13853633403778076
,1416.0,7,5.9144826082047075e-05,40149,,12.630370140075684,,2.753390073776245,,0.28486454486846924,,0.1385992467403412
,1356.0,7,5.908965613343753e-05,40199,,12.953082084655762,,2.298222780227661,,0.28496628999710083,,0.13866226375102997
,1320.0,7,5.9034482546849176e-05,40249,,12.434061050415039,,2.7334728240966797,,0.28507518768310547,,0.13872887194156647
,1344.0,7,5.897930896026082e-05,40299,,13.318594932556152,,2.752706527709961,,0.2851852774620056,,0.13878770172595978
,1364.0,7,5.892413901165128e-05,40349,,12.888472557067871,,2.699953079223633,,0.2852734327316284,,0.13884955644607544
,1372.0,7,5.8868965425062925e-05,40399,,14.863590240478516,,2.612769365310669,,0.2853896915912628,,0.1389158070087433
,1352.0,7,5.881379183847457e-05,40449,,15.390437126159668,,2.7686121463775635,,0.28548523783683777,,0.13896633684635162
,1404.0,7,5.8758621889865026e-05,40499,,15.492742538452148,,2.7807812690734863,,0.2855819761753082,,0.13902589678764343
,1328.0,7,5.870344830327667e-05,40549,,12.576017379760742,,2.7483127117156982,,0.2856919467449188,,0.1390848010778427
,1384.0,7,5.864827471668832e-05,40599,,14.656310081481934,,2.8400685787200928,,0.2857983410358429,,0.13914816081523895
,1380.0,7,5.8593104768078774e-05,40649,,14.214208602905273,,2.50223970413208,,0.285913348197937,,0.13921146094799042
,1388.0,7,5.853793118149042e-05,40699,,12.645401000976562,,2.7275032997131348,,0.2860042154788971,,0.13927629590034485
,1384.0,7,5.848275759490207e-05,40749,,15.300161361694336,,2.6830317974090576,,0.286114901304245,,0.13933522999286652
,1392.0,7,5.842758764629252e-05,40799,,15.280486106872559,,2.7093141078948975,,0.2862085998058319,,0.13938625156879425
,1376.0,7,5.837241405970417e-05,40849,,13.160697937011719,,2.599771738052368,,0.2863059937953949,,0.13944995403289795
,1360.0,7,5.831724047311582e-05,40899,,12.586371421813965,,2.731358528137207,,0.28641194105148315,,0.13950490951538086
,1336.0,7,5.826207052450627e-05,40949,,17.77475929260254,,2.6691532135009766,,0.2865309417247772,,0.13957902789115906
,1364.0,7,5.820689693791792e-05,40999,,15.744027137756348,,2.706838369369507,,0.2866329252719879,,0.1396476775407791
,1380.0,7,5.8151723351329565e-05,41049,,14.13206958770752,,2.354607582092285,,0.28672778606414795,,0.13971050083637238
,1356.0,7,5.809655340272002e-05,41099,,13.665555953979492,,2.638974189758301,,0.2868232727050781,,0.1397792249917984
,1368.0,7,5.8041379816131666e-05,41149,,13.28604793548584,,2.8618714809417725,,0.286922425031662,,0.1398438662290573
,1336.0,7,5.798620622954331e-05,41199,,16.38529396057129,,2.620779037475586,,0.2870194911956787,,0.1399068981409073
,1356.0,7,5.793103628093377e-05,41249,,14.696802139282227,,2.825822114944458,,0.2871260344982147,,0.13997095823287964
,1364.0,7,5.7875862694345415e-05,41299,,13.300738334655762,,2.6091015338897705,,0.28722938895225525,,0.140030175447464
,1396.0,7,5.782068910775706e-05,41349,,13.681861877441406,,2.5499839782714844,,0.2873234152793884,,0.14009492099285126
,1376.0,7,5.776551552116871e-05,41399,,14.718564987182617,,2.701612710952759,,0.2874273657798767,,0.14015476405620575
,1372.0,7,5.771034557255916e-05,41449,,14.794466972351074,,2.467535972595215,,0.28752973675727844,,0.14020684361457825
,1376.0,7,5.765517198597081e-05,41499,,14.301299095153809,,2.518920660018921,,0.28763043880462646,,0.14027003943920135
,1364.0,7,5.759999839938246e-05,41549,,14.0633544921875,,2.681908130645752,,0.2877359986305237,,0.140325665473938
,1416.0,7,5.754482845077291e-05,41599,,11.763266563415527,,2.6085736751556396,,0.28784042596817017,,0.14039985835552216
1365.479736328125,,7,,41631,13.819437980651855,,2.669408082962036,,0.28234249353408813,,0.1370946168899536,
,1348.0,8,5.748965486418456e-05,41649,,18.5018367767334,,2.0963518619537354,,0.2879396677017212,,0.14045163989067078
,1360.0,8,5.7434481277596205e-05,41699,,13.802691459655762,,2.6264536380767822,,0.2880430817604065,,0.14051739871501923
,1400.0,8,5.737931132898666e-05,41749,,14.284555435180664,,2.7699060440063477,,0.28814852237701416,,0.14057955145835876
,1372.0,8,5.732413774239831e-05,41799,,15.936064720153809,,2.6073555946350098,,0.2882591784000397,,0.1406410038471222
,1384.0,8,5.7268964155809954e-05,41849,,12.888388633728027,,2.6202096939086914,,0.28835734724998474,,0.1407075673341751
,1400.0,8,5.721379420720041e-05,41899,,14.029922485351562,,2.9062511920928955,,0.2884564995765686,,0.14077028632164001
,1344.0,8,5.7158620620612055e-05,41949,,13.783156394958496,,2.6526758670806885,,0.2885527014732361,,0.14082296192646027
,1384.0,8,5.71034470340237e-05,41999,,15.824655532836914,,2.353841781616211,,0.2886628210544586,,0.1409003883600235
,1388.0,8,5.7048277085414156e-05,42049,,16.204519271850586,,2.6592767238616943,,0.28876009583473206,,0.14095404744148254
,1380.0,8,5.6993103498825803e-05,42099,,12.891878128051758,,2.489755630493164,,0.28887397050857544,,0.1410112977027893
,1384.0,8,5.693792991223745e-05,42149,,14.298613548278809,,2.7333555221557617,,0.2889684736728668,,0.14107273519039154
,1344.0,8,5.6882759963627905e-05,42199,,16.18338394165039,,2.7270443439483643,,0.28906312584877014,,0.14113356173038483
,1344.0,8,5.682758637703955e-05,42249,,13.766411781311035,,2.458230972290039,,0.28917741775512695,,0.14121457934379578
,1368.0,8,5.67724127904512e-05,42299,,14.76856517791748,,2.7012104988098145,,0.2892780303955078,,0.14126528799533844
,1360.0,8,5.671724284184165e-05,42349,,17.681499481201172,,2.2928409576416016,,0.28937721252441406,,0.14132075011730194
,1352.0,8,5.66620692552533e-05,42399,,15.292071342468262,,2.325993537902832,,0.2894721031188965,,0.14137451350688934
,1348.0,8,5.660689566866495e-05,42449,,14.274508476257324,,2.7072501182556152,,0.28957876563072205,,0.14143548905849457
,1348.0,8,5.65517257200554e-05,42499,,13.682534217834473,,2.6333348751068115,,0.28967180848121643,,0.1415092945098877
,1360.0,8,5.649655213346705e-05,42549,,12.560471534729004,,2.5635271072387695,,0.28975987434387207,,0.1415824443101883
,1380.0,8,5.6441378546878695e-05,42599,,13.482394218444824,,2.7072880268096924,,0.2898458242416382,,0.1416400671005249
,1312.0,8,5.638620859826915e-05,42649,,14.573399543762207,,2.696180820465088,,0.28992918133735657,,0.14169631898403168
,1348.0,8,5.63310350116808e-05,42699,,13.377289772033691,,2.730680465698242,,0.2900395691394806,,0.14176279306411743
,1372.0,8,5.6275861425092444e-05,42749,,13.569482803344727,,2.4732682704925537,,0.2901447117328644,,0.14182358980178833
,1356.0,8,5.622068783850409e-05,42799,,15.55095386505127,,2.608990430831909,,0.29023227095603943,,0.14187799394130707
,1372.0,8,5.6165517889894545e-05,42849,,14.055065155029297,,2.514141082763672,,0.29032209515571594,,0.14193971455097198
,1396.0,8,5.611034430330619e-05,42899,,14.627180099487305,,2.549428939819336,,0.29043060541152954,,0.14201964437961578
,1392.0,8,5.605517071671784e-05,42949,,16.724666595458984,,2.6042613983154297,,0.2905278205871582,,0.14208227396011353
,1380.0,8,5.6000000768108293e-05,42999,,14.073169708251953,,2.814802646636963,,0.2906235158443451,,0.14213991165161133
,1340.0,8,5.594482718151994e-05,43049,,15.111641883850098,,2.726494312286377,,0.29071202874183655,,0.1421998143196106
,1344.0,8,5.588965359493159e-05,43099,,14.787962913513184,,2.690558433532715,,0.2908008396625519,,0.14226287603378296
,1320.0,8,5.583448364632204e-05,43149,,17.157102584838867,,2.8551993370056152,,0.2908903956413269,,0.14232183992862701
,1384.0,8,5.577931005973369e-05,43199,,15.076830863952637,,2.757082223892212,,0.2909783720970154,,0.142374187707901
,1364.0,8,5.5724136473145336e-05,43249,,15.148460388183594,,2.814714193344116,,0.29107365012168884,,0.14243248105049133
,1332.0,8,5.566896652453579e-05,43299,,14.90904712677002,,2.554750919342041,,0.29116472601890564,,0.14248576760292053
,1356.0,8,5.561379293794744e-05,43349,,15.936841011047363,,3.033008337020874,,0.2912529408931732,,0.1425226479768753
,1396.0,8,5.5558619351359084e-05,43399,,13.192668914794922,,2.7481887340545654,,0.29135119915008545,,0.14258648455142975
,1336.0,8,5.550344940274954e-05,43449,,15.676506042480469,,2.70625638961792,,0.2914377748966217,,0.14263416826725006
,1364.0,8,5.5448275816161186e-05,43499,,14.550193786621094,,2.70760178565979,,0.29152458906173706,,0.1426955908536911
,1376.0,8,5.539310222957283e-05,43549,,14.337516784667969,,2.5470845699310303,,0.2916155159473419,,0.1427568644285202
,1372.0,8,5.533793228096329e-05,43599,,14.415081024169922,,2.5413825511932373,,0.29169994592666626,,0.1428098976612091
,1352.0,8,5.5282758694374934e-05,43649,,14.269253730773926,,2.64421010017395,,0.29179975390434265,,0.1428600251674652
,1336.0,8,5.522758510778658e-05,43699,,15.108997344970703,,2.9195446968078613,,0.2918934226036072,,0.14290685951709747
,1360.0,8,5.5172415159177035e-05,43749,,13.739789962768555,,2.9578309059143066,,0.2919795513153076,,0.14296859502792358
,1356.0,8,5.511724157258868e-05,43799,,17.43943214416504,,3.0993072986602783,,0.2920728623867035,,0.14301422238349915
,1388.0,8,5.506206798600033e-05,43849,,15.431585311889648,,2.548426389694214,,0.29216524958610535,,0.14306937158107758
,1368.0,8,5.5006898037390783e-05,43899,,16.906158447265625,,2.858915090560913,,0.2922559082508087,,0.14311768114566803
,1352.0,8,5.495172445080243e-05,43949,,14.522363662719727,,2.4990170001983643,,0.2923409938812256,,0.14317944645881653
,1380.0,8,5.489655086421408e-05,43999,,14.431401252746582,,2.7774417400360107,,0.29243895411491394,,0.14324766397476196
,1376.0,8,5.484138091560453e-05,44049,,15.089557647705078,,2.4607958793640137,,0.29251593351364136,,0.14329807460308075
,1384.0,8,5.478620732901618e-05,44099,,17.132667541503906,,2.5803449153900146,,0.29261472821235657,,0.14335452020168304
,1352.0,8,5.4731033742427826e-05,44149,,15.20095443725586,,2.649129867553711,,0.29271382093429565,,0.14342011511325836
,1356.0,8,5.467586379381828e-05,44199,,14.054339408874512,,2.6864287853240967,,0.29280418157577515,,0.1434936374425888
,1340.0,8,5.462069020722993e-05,44249,,14.828804016113281,,2.7295069694519043,,0.2929016947746277,,0.14356324076652527
,1400.0,8,5.4565516620641574e-05,44299,,14.316719055175781,,2.734738826751709,,0.29299384355545044,,0.1436239331960678
,1388.0,8,5.451034303405322e-05,44349,,14.520188331604004,,2.6737356185913086,,0.29307496547698975,,0.14368151128292084
,1380.0,8,5.4455173085443676e-05,44399,,14.458602905273438,,2.628678321838379,,0.2931741774082184,,0.1437467485666275
,1372.0,8,5.439999949885532e-05,44449,,15.416183471679688,,2.7282626628875732,,0.2932627201080322,,0.14380855858325958
,1396.0,8,5.434482591226697e-05,44499,,14.393584251403809,,2.792065382003784,,0.29335319995880127,,0.1438693404197693
,1372.0,8,5.4289655963657424e-05,44549,,14.768960952758789,,2.6387484073638916,,0.2934388220310211,,0.1439402848482132
,1376.0,8,5.423448237706907e-05,44599,,14.266715049743652,,2.3596179485321045,,0.293535053730011,,0.1440131813287735
,1380.0,8,5.417930879048072e-05,44649,,16.37950897216797,,2.76336932182312,,0.2936287522315979,,0.14408782124519348
,1360.0,8,5.412413884187117e-05,44699,,18.33168601989746,,2.466024875640869,,0.2937155067920685,,0.14415039122104645
,1364.0,8,5.406896525528282e-05,44749,,15.06930160522461,,2.612677812576294,,0.2937946915626526,,0.14420510828495026
,1352.0,8,5.4013791668694466e-05,44799,,12.92764663696289,,2.6502726078033447,,0.2938880920410156,,0.14427156746387482
,1368.0,8,5.395862172008492e-05,44849,,14.584253311157227,,2.7225093841552734,,0.2939775288105011,,0.14433108270168304
,1356.0,8,5.390344813349657e-05,44899,,14.541425704956055,,2.774911642074585,,0.29406556487083435,,0.14439097046852112
,1348.0,8,5.3848274546908215e-05,44949,,18.1149959564209,,2.806485176086426,,0.2941545248031616,,0.14446064829826355
,1380.0,8,5.379310459829867e-05,44999,,15.0772123336792,,2.492811679840088,,0.2942436933517456,,0.14451703429222107
,1396.0,8,5.3737931011710316e-05,45049,,15.826017379760742,,2.8359293937683105,,0.2943359911441803,,0.14457738399505615
,1380.0,8,5.368275742512196e-05,45099,,15.13057804107666,,2.773388624191284,,0.294421911239624,,0.14464259147644043
,1388.0,8,5.362758747651242e-05,45149,,20.88959312438965,,2.5501596927642822,,0.2945125102996826,,0.14471538364887238
,1380.0,8,5.3572413889924064e-05,45199,,15.769490242004395,,2.661104679107666,,0.29459667205810547,,0.14477960765361786
,1380.0,8,5.351724030333571e-05,45249,,17.042444229125977,,2.170992136001587,,0.29469481110572815,,0.14484374225139618
,1340.0,8,5.3462070354726166e-05,45299,,13.943238258361816,,2.5300962924957275,,0.29478803277015686,,0.1449020653963089
,1352.0,8,5.340689676813781e-05,45349,,15.561029434204102,,3.2245309352874756,,0.29487335681915283,,0.14496642351150513
,1324.0,8,5.335172318154946e-05,45399,,16.13441276550293,,2.7356297969818115,,0.2949684262275696,,0.14503173530101776
,1380.0,8,5.3296553232939914e-05,45449,,14.691886901855469,,2.5462093353271484,,0.2950440049171448,,0.14508329331874847
,1344.0,8,5.324137964635156e-05,45499,,14.135688781738281,,2.562678337097168,,0.29513952136039734,,0.14514167606830597
,1388.0,8,5.318620605976321e-05,45549,,12.938051223754883,,2.7011148929595947,,0.2952241003513336,,0.14520123600959778
,1356.0,8,5.313103611115366e-05,45599,,14.996066093444824,,2.885403633117676,,0.2952995002269745,,0.1452556997537613
,1364.0,8,5.307586252456531e-05,45649,,15.124154090881348,,2.170910358428955,,0.29539430141448975,,0.14531193673610687
,1348.0,8,5.3020688937976956e-05,45699,,13.808316230773926,,2.542956590652466,,0.2954748570919037,,0.14535671472549438
,1336.0,8,5.296551898936741e-05,45749,,15.297553062438965,,2.874757766723633,,0.2955576181411743,,0.1454126536846161
,1356.0,8,5.291034540277906e-05,45799,,17.078882217407227,,2.635831594467163,,0.29565778374671936,,0.14547161757946014
,1380.0,8,5.2855171816190705e-05,45849,,17.786869049072266,,2.3005011081695557,,0.29575198888778687,,0.14553415775299072
,1340.0,8,5.279999822960235e-05,45899,,14.092292785644531,,2.5778250694274902,,0.2958363890647888,,0.14559760689735413
,1344.0,8,5.2744828280992806e-05,45949,,16.227161407470703,,2.389434337615967,,0.2959301769733429,,0.14565743505954742
,1384.0,8,5.268965469440445e-05,45999,,17.494474411010742,,2.603921413421631,,0.29601505398750305,,0.14570949971675873
,1372.0,8,5.26344811078161e-05,46049,,16.945842742919922,,2.5190558433532715,,0.2960965037345886,,0.14575159549713135
,1392.0,8,5.2579311159206554e-05,46099,,15.283910751342773,,2.73602032661438,,0.29617613554000854,,0.1458064168691635
,1356.0,8,5.25241375726182e-05,46149,,14.44511890411377,,2.7645697593688965,,0.2962736189365387,,0.14585550129413605
,1376.0,8,5.246896398602985e-05,46199,,18.756084442138672,,1.519976019859314,,0.29637134075164795,,0.145904541015625
,1368.0,8,5.24137940374203e-05,46249,,16.53266143798828,,2.6100471019744873,,0.2964576482772827,,0.1459597498178482
,1384.0,8,5.235862045083195e-05,46299,,16.64021110534668,,2.780255079269409,,0.296548068523407,,0.14602695405483246
,1396.0,8,5.23034468642436e-05,46349,,16.719676971435547,,2.796353578567505,,0.29663270711898804,,0.14607210457324982
,1368.0,8,5.224827691563405e-05,46399,,19.198293685913086,,2.4387052059173584,,0.29671305418014526,,0.14612598717212677
,1356.0,8,5.21931033290457e-05,46449,,16.417537689208984,,2.801856756210327,,0.2968128025531769,,0.1461792290210724
,1320.0,8,5.2137929742457345e-05,46499,,13.920915603637695,,2.5972042083740234,,0.29691022634506226,,0.14624309539794922
,1388.0,8,5.20827597938478e-05,46549,,18.19416618347168,,2.6506714820861816,,0.29699647426605225,,0.1462918519973755
,1376.0,8,5.2027586207259446e-05,46599,,15.42763614654541,,2.570500135421753,,0.2970760762691498,,0.14634209871292114
,1344.0,8,5.1972412620671093e-05,46649,,15.150294303894043,,2.539700746536255,,0.2971571087837219,,0.1463938057422638
,1384.0,8,5.191724267206155e-05,46699,,14.075200080871582,,2.7615108489990234,,0.29723992943763733,,0.14643990993499756
,1372.0,8,5.1862069085473195e-05,46749,,16.032989501953125,,2.8915603160858154,,0.2973218262195587,,0.14648959040641785
,1404.0,8,5.180689549888484e-05,46799,,17.689224243164062,,1.8683019876480103,,0.2974110543727875,,0.14655564725399017
1365.475341796875,,8,,46835,15.300518035888672,,2.6291520595550537,,0.2928203344345093,,0.14357449114322662,
,1368.0,9,5.1751725550275296e-05,46849,,14.633679389953613,,2.764986991882324,,0.2975066304206848,,0.14661021530628204
,1364.0,9,5.169655196368694e-05,46899,,15.788517951965332,,2.9016175270080566,,0.2975934147834778,,0.14666633307933807
,1384.0,9,5.164137837709859e-05,46949,,15.522107124328613,,2.7418148517608643,,0.29767608642578125,,0.1467273235321045
,1376.0,9,5.1586208428489044e-05,46999,,15.475846290588379,,2.507030725479126,,0.2977553606033325,,0.14678417146205902
,1352.0,9,5.153103484190069e-05,47049,,15.724891662597656,,2.6070730686187744,,0.29785531759262085,,0.14683599770069122
,1372.0,9,5.147586125531234e-05,47099,,15.485735893249512,,2.618539571762085,,0.29794174432754517,,0.14689436554908752
,1368.0,9,5.142069130670279e-05,47149,,21.97684669494629,,2.6085734367370605,,0.2980276644229889,,0.14694996178150177
,1380.0,9,5.136551772011444e-05,47199,,15.77949047088623,,2.6631627082824707,,0.2981153726577759,,0.14700858294963837
,1320.0,9,5.131034413352609e-05,47249,,20.9988956451416,,2.7067911624908447,,0.2981947064399719,,0.1470605731010437
,1360.0,9,5.125517418491654e-05,47299,,16.69986915588379,,2.6439990997314453,,0.298292875289917,,0.14712314307689667
,1340.0,9,5.120000059832819e-05,47349,,15.29749584197998,,2.499262571334839,,0.2983653247356415,,0.14718444645404816
,1352.0,9,5.1144827011739835e-05,47399,,19.85136604309082,,2.8682644367218018,,0.2984517216682434,,0.14724856615066528
,1336.0,9,5.108965342515148e-05,47449,,16.231048583984375,,2.593883991241455,,0.298525869846344,,0.14730402827262878
,1344.0,9,5.1034483476541936e-05,47499,,20.594085693359375,,2.8110690116882324,,0.29860758781433105,,0.14736045897006989
,1396.0,9,5.0979309889953583e-05,47549,,15.142265319824219,,2.48415207862854,,0.2986994981765747,,0.1474098414182663
,1372.0,9,5.092413630336523e-05,47599,,16.183015823364258,,2.761192560195923,,0.2987874150276184,,0.14746229350566864
,1348.0,9,5.0868966354755685e-05,47649,,14.761564254760742,,2.500784158706665,,0.29887187480926514,,0.14751841127872467
,1380.0,9,5.081379276816733e-05,47699,,15.774827003479004,,3.033905029296875,,0.2989497482776642,,0.1475670039653778
,1380.0,9,5.075861918157898e-05,47749,,17.657546997070312,,2.7463247776031494,,0.2990334630012512,,0.14761780202388763
,1384.0,9,5.070344923296943e-05,47799,,16.1035099029541,,2.423121690750122,,0.29912132024765015,,0.1476762890815735
,1364.0,9,5.064827564638108e-05,47849,,15.274344444274902,,2.721663475036621,,0.29920893907546997,,0.14773249626159668
,1396.0,9,5.059310205979273e-05,47899,,14.232805252075195,,2.781486749649048,,0.2993001639842987,,0.14779052138328552
,1352.0,9,5.053793211118318e-05,47949,,16.958118438720703,,2.613725423812866,,0.29938429594039917,,0.1478395164012909
,1344.0,9,5.048275852459483e-05,47999,,15.218497276306152,,2.5534026622772217,,0.2994650602340698,,0.14789624512195587
,1336.0,9,5.0427584938006476e-05,48049,,19.729318618774414,,2.6805293560028076,,0.29953959584236145,,0.1479513794183731
,1344.0,9,5.037241498939693e-05,48099,,19.4835147857666,,2.3016231060028076,,0.29963046312332153,,0.14800183475017548
,1404.0,9,5.031724140280858e-05,48149,,15.034494400024414,,2.547605037689209,,0.29971325397491455,,0.14806155860424042
,1376.0,9,5.0262067816220224e-05,48199,,17.076133728027344,,2.7654600143432617,,0.29979920387268066,,0.14812268316745758
,1392.0,9,5.020689786761068e-05,48249,,14.978402137756348,,2.5156972408294678,,0.2998788058757782,,0.14818719029426575
,1364.0,9,5.0151724281022325e-05,48299,,17.540876388549805,,2.4509384632110596,,0.2999587059020996,,0.1482451856136322
,1336.0,9,5.009655069443397e-05,48349,,16.63671875,,2.597825765609741,,0.3000458776950836,,0.14829611778259277
,1364.0,9,5.0041380745824426e-05,48399,,18.81497573852539,,2.7359983921051025,,0.30013084411621094,,0.14835357666015625
,1368.0,9,4.9986207159236073e-05,48449,,17.163984298706055,,2.421077251434326,,0.30021482706069946,,0.14841559529304504
,1340.0,9,4.993103357264772e-05,48499,,16.46389389038086,,2.6157174110412598,,0.3002857267856598,,0.1484663039445877
,1372.0,9,4.9875863624038175e-05,48549,,17.385818481445312,,2.6739890575408936,,0.30036720633506775,,0.1485290229320526
,1356.0,9,4.982069003744982e-05,48599,,16.97455596923828,,2.493163824081421,,0.30044490098953247,,0.1485883742570877
,1404.0,9,4.976551645086147e-05,48649,,15.213244438171387,,2.4624176025390625,,0.3005189895629883,,0.14863623678684235
,1368.0,9,4.971034650225192e-05,48699,,17.11415672302246,,2.515983819961548,,0.3006089925765991,,0.14869007468223572
,1368.0,9,4.965517291566357e-05,48749,,15.18140983581543,,2.452277898788452,,0.30070236325263977,,0.14875845611095428
,1352.0,9,4.959999932907522e-05,48799,,15.66499137878418,,2.5880751609802246,,0.30079418420791626,,0.14880703389644623
,1364.0,9,4.954482938046567e-05,48849,,16.189477920532227,,2.5690691471099854,,0.3008747398853302,,0.14886096119880676
,1332.0,9,4.948965579387732e-05,48899,,15.75566291809082,,2.4295096397399902,,0.3009476959705353,,0.1489143818616867
,1340.0,9,4.9434482207288966e-05,48949,,16.619834899902344,,2.2072670459747314,,0.3010255694389343,,0.14896202087402344
,1368.0,9,4.937930862070061e-05,48999,,24.316070556640625,,2.8004982471466064,,0.30110758543014526,,0.14901098608970642
,1400.0,9,4.932413867209107e-05,49049,,14.974661827087402,,2.74721360206604,,0.3011905550956726,,0.14906543493270874
,1360.0,9,4.9268965085502714e-05,49099,,16.030488967895508,,2.774415969848633,,0.3012637197971344,,0.149115651845932
,1384.0,9,4.921379149891436e-05,49149,,18.519773483276367,,2.829016923904419,,0.301342636346817,,0.14916633069515228
,1364.0,9,4.9158621550304815e-05,49199,,16.150314331054688,,2.6630849838256836,,0.30140942335128784,,0.14921480417251587
,1368.0,9,4.910344796371646e-05,49249,,19.098743438720703,,2.8577637672424316,,0.3014824092388153,,0.1492641270160675
,1404.0,9,4.904827437712811e-05,49299,,18.065927505493164,,2.900451421737671,,0.3015676438808441,,0.1493217498064041
,1408.0,9,4.8993104428518564e-05,49349,,17.486865997314453,,2.446204423904419,,0.3016507923603058,,0.14936621487140656
,1380.0,9,4.893793084193021e-05,49399,,15.696210861206055,,2.563140630722046,,0.30173352360725403,,0.14942222833633423
,1376.0,9,4.888275725534186e-05,49449,,16.861818313598633,,2.7809572219848633,,0.30181077122688293,,0.14946958422660828
,1400.0,9,4.882758730673231e-05,49499,,17.57870101928711,,2.469705581665039,,0.3018800914287567,,0.14951635897159576
,1344.0,9,4.877241372014396e-05,49549,,18.097145080566406,,2.528947353363037,,0.30196014046669006,,0.14956921339035034
,1364.0,9,4.8717240133555606e-05,49599,,20.25811767578125,,2.6900551319122314,,0.30203723907470703,,0.14961515367031097
,1356.0,9,4.866207018494606e-05,49649,,19.97944450378418,,2.47343111038208,,0.3020996153354645,,0.1496557593345642
,1404.0,9,4.860689659835771e-05,49699,,15.876789093017578,,2.7435214519500732,,0.3021796643733978,,0.14971351623535156
,1400.0,9,4.8551723011769354e-05,49749,,16.278011322021484,,2.4599878787994385,,0.30226030945777893,,0.14976488053798676
,1388.0,9,4.849655306315981e-05,49799,,18.878623962402344,,2.318357229232788,,0.3023490607738495,,0.14982257783412933
,1384.0,9,4.8441379476571456e-05,49849,,17.876609802246094,,2.579305410385132,,0.3024314045906067,,0.14987559616565704
,1368.0,9,4.83862058899831e-05,49899,,17.82432746887207,,2.7105162143707275,,0.3025062680244446,,0.14992965757846832
,1388.0,9,4.833103594137356e-05,49949,,17.31089973449707,,2.5808610916137695,,0.3025745451450348,,0.14998191595077515
,1392.0,9,4.8275862354785204e-05,49999,,15.326412200927734,,2.5947763919830322,,0.3026590347290039,,0.15003369748592377
,1352.0,9,4.822068876819685e-05,50049,,17.070899963378906,,2.4204671382904053,,0.30272042751312256,,0.15008266270160675
,1380.0,9,4.8165518819587305e-05,50099,,17.512168884277344,,2.7473795413970947,,0.3027935028076172,,0.1501481980085373
,1376.0,9,4.811034523299895e-05,50149,,16.49748992919922,,3.0199761390686035,,0.30287933349609375,,0.1502058058977127
,1388.0,9,4.80551716464106e-05,50199,,17.200437545776367,,2.4741852283477783,,0.3029673397541046,,0.1502581238746643
,1360.0,9,4.8000001697801054e-05,50249,,15.814326286315918,,2.1631529331207275,,0.30304428935050964,,0.15031664073467255
,1372.0,9,4.79448281112127e-05,50299,,16.15640640258789,,2.4256489276885986,,0.3031173050403595,,0.15036891400814056
,1360.0,9,4.788965452462435e-05,50349,,16.865005493164062,,2.3437421321868896,,0.3031792640686035,,0.15041999518871307
,1368.0,9,4.78344845760148e-05,50399,,17.6646671295166,,2.644120216369629,,0.30324485898017883,,0.15047281980514526
,1392.0,9,4.777931098942645e-05,50449,,16.844194412231445,,2.605067491531372,,0.3033149242401123,,0.150520458817482
,1356.0,9,4.7724137402838096e-05,50499,,15.374382019042969,,2.434093475341797,,0.30339765548706055,,0.15058472752571106
,1364.0,9,4.766896381624974e-05,50549,,19.254114151000977,,2.3785810470581055,,0.3034784495830536,,0.15063884854316711
,1348.0,9,4.76137938676402e-05,50599,,15.085256576538086,,2.521162271499634,,0.303548127412796,,0.15068645775318146
,1364.0,9,4.7558620281051844e-05,50649,,21.246004104614258,,2.7075250148773193,,0.30363261699676514,,0.15074042975902557
,1364.0,9,4.750344669446349e-05,50699,,18.086042404174805,,2.7277538776397705,,0.3037049472332001,,0.1507824957370758
,1344.0,9,4.7448276745853946e-05,50749,,18.377521514892578,,2.7209367752075195,,0.30377495288848877,,0.15083707869052887
,1376.0,9,4.739310315926559e-05,50799,,19.34076499938965,,2.550750970840454,,0.30384501814842224,,0.15089164674282074
,1324.0,9,4.733792957267724e-05,50849,,19.71156120300293,,2.8968729972839355,,0.303928941488266,,0.1509454995393753
,1368.0,9,4.7282759624067694e-05,50899,,16.921430587768555,,2.5496180057525635,,0.30400341749191284,,0.15098784863948822
,1368.0,9,4.722758603747934e-05,50949,,17.779056549072266,,2.618483543395996,,0.3040773570537567,,0.15103060007095337
,1376.0,9,4.717241245089099e-05,50999,,20.91053581237793,,2.7525904178619385,,0.30415672063827515,,0.15107496082782745
,1340.0,9,4.711724250228144e-05,51049,,20.934955596923828,,2.2370429039001465,,0.3042304217815399,,0.15111611783504486
,1356.0,9,4.706206891569309e-05,51099,,15.4930419921875,,2.4236183166503906,,0.3043041527271271,,0.15117304027080536
,1396.0,9,4.7006895329104736e-05,51149,,18.048683166503906,,2.758796215057373,,0.30437764525413513,,0.15122155845165253
,1344.0,9,4.695172538049519e-05,51199,,17.261934280395508,,2.723261594772339,,0.3044551908969879,,0.151284322142601
,1404.0,9,4.689655179390684e-05,51249,,19.543231964111328,,2.657747745513916,,0.30453184247016907,,0.15132242441177368
,1372.0,9,4.6841378207318485e-05,51299,,20.458847045898438,,2.6226232051849365,,0.30460745096206665,,0.15137013792991638
,1372.0,9,4.678620825870894e-05,51349,,25.363006591796875,,1.9452673196792603,,0.3046914041042328,,0.1514166295528412
,1344.0,9,4.6731034672120586e-05,51399,,17.848617553710938,,2.7927260398864746,,0.30477169156074524,,0.15146318078041077
,1360.0,9,4.667586108553223e-05,51449,,19.419301986694336,,2.322650194168091,,0.3048507571220398,,0.151510089635849
,1360.0,9,4.662069113692269e-05,51499,,16.446346282958984,,2.6352896690368652,,0.304916650056839,,0.15155473351478577
,1360.0,9,4.6565517550334334e-05,51549,,18.161466598510742,,2.3542556762695312,,0.3049986660480499,,0.1516036093235016
,1344.0,9,4.651034396374598e-05,51599,,17.355527877807617,,2.2588541507720947,,0.3050634264945984,,0.15163980424404144
,1356.0,9,4.6455174015136436e-05,51649,,14.189943313598633,,2.4652493000030518,,0.30512869358062744,,0.15168136358261108
,1376.0,9,4.640000042854808e-05,51699,,20.237775802612305,,2.6417126655578613,,0.3051929175853729,,0.15172523260116577
,1384.0,9,4.634482684195973e-05,51749,,18.233354568481445,,2.646785259246826,,0.3052557706832886,,0.15177924931049347
,1376.0,9,4.6289656893350184e-05,51799,,17.57282257080078,,2.5356876850128174,,0.30532410740852356,,0.1518198549747467
,1324.0,9,4.623448330676183e-05,51849,,15.75609016418457,,2.4293711185455322,,0.305396169424057,,0.15187370777130127
,1348.0,9,4.617930972017348e-05,51899,,15.899815559387207,,2.533045530319214,,0.305466890335083,,0.1519271433353424
,1400.0,9,4.6124136133585125e-05,51949,,17.298805236816406,,2.3930556774139404,,0.3055375814437866,,0.1519717425107956
,1396.0,9,4.606896618497558e-05,51999,,17.40037727355957,,2.671191930770874,,0.3056011199951172,,0.15201374888420105
1366.156005859375,,9,,52039,16.999177932739258,,2.593672275543213,,0.3017159104347229,,0.14942216873168945,
,1360.0,10,4.6013792598387226e-05,52049,,21.5906925201416,,2.5281269550323486,,0.3056822121143341,,0.15206646919250488
,1356.0,10,4.5958619011798874e-05,52099,,18.03055191040039,,2.260769844055176,,0.3057517409324646,,0.15210750699043274
,1328.0,10,4.590344906318933e-05,52149,,15.982187271118164,,3.283519983291626,,0.3058105409145355,,0.15215271711349487
,1360.0,10,4.5848275476600975e-05,52199,,21.511932373046875,,2.4270360469818115,,0.3058822453022003,,0.15220093727111816
,1376.0,10,4.579310189001262e-05,52249,,18.010848999023438,,2.7798659801483154,,0.30595412850379944,,0.15224866569042206
,1332.0,10,4.5737931941403076e-05,52299,,18.58185577392578,,2.814976453781128,,0.30601945519447327,,0.15229962766170502
,1388.0,10,4.568275835481472e-05,52349,,17.29134750366211,,2.252065658569336,,0.30609411001205444,,0.15236496925354004
,1408.0,10,4.562758476822637e-05,52399,,16.73267364501953,,2.5148255825042725,,0.3061775267124176,,0.1524215191602707
,1352.0,10,4.5572414819616824e-05,52449,,18.781591415405273,,2.620274543762207,,0.30626198649406433,,0.1524691879749298
,1400.0,10,4.551724123302847e-05,52499,,21.922012329101562,,2.6257758140563965,,0.3063172698020935,,0.15251579880714417
,1360.0,10,4.546206764644012e-05,52549,,16.492143630981445,,2.6165480613708496,,0.3063866198062897,,0.15256628394126892
,1372.0,10,4.540689769783057e-05,52599,,17.798023223876953,,2.5584909915924072,,0.30644017457962036,,0.1526152342557907
,1356.0,10,4.535172411124222e-05,52649,,16.368553161621094,,2.332575798034668,,0.3065119981765747,,0.15266914665699005
,1380.0,10,4.529655052465387e-05,52699,,14.396657943725586,,2.1942708492279053,,0.3065880239009857,,0.15271666646003723
,1392.0,10,4.524138057604432e-05,52749,,18.358179092407227,,2.4337639808654785,,0.3066510558128357,,0.15276315808296204
,1368.0,10,4.518620698945597e-05,52799,,15.979608535766602,,3.049691915512085,,0.3067181706428528,,0.15281595289707184
,1396.0,10,4.5131033402867615e-05,52849,,15.772518157958984,,2.5064871311187744,,0.3067897856235504,,0.15286453068256378
,1392.0,10,4.507586345425807e-05,52899,,19.57195472717285,,2.6449031829833984,,0.30686232447624207,,0.1529126763343811
,1328.0,10,4.5020689867669716e-05,52949,,17.33558464050293,,2.6742146015167236,,0.30693119764328003,,0.15295346081256866
,1364.0,10,4.4965516281081364e-05,52999,,19.770841598510742,,2.4918267726898193,,0.3069993257522583,,0.15299645066261292
,1356.0,10,4.491034633247182e-05,53049,,20.051136016845703,,2.753404378890991,,0.3070756196975708,,0.15304021537303925
,1360.0,10,4.4855172745883465e-05,53099,,16.568037033081055,,2.7914857864379883,,0.3071543872356415,,0.1530868411064148
,1348.0,10,4.479999915929511e-05,53149,,15.746320724487305,,2.65588641166687,,0.3072306215763092,,0.15313515067100525
,1392.0,10,4.4744829210685566e-05,53199,,18.004840850830078,,2.402541160583496,,0.30728283524513245,,0.15318278968334198
,1316.0,10,4.468965562409721e-05,53249,,17.42872428894043,,2.741863489151001,,0.30735233426094055,,0.15323695540428162
,1340.0,10,4.463448203750886e-05,53299,,17.61654281616211,,2.4054181575775146,,0.3074280619621277,,0.1532924771308899
,1388.0,10,4.4579312088899314e-05,53349,,18.159330368041992,,2.6940603256225586,,0.3074904680252075,,0.15333817899227142
,1348.0,10,4.452413850231096e-05,53399,,18.12377166748047,,2.322772979736328,,0.3075645864009857,,0.15339013934135437
,1388.0,10,4.446896491572261e-05,53449,,16.763757705688477,,2.8421363830566406,,0.3076316714286804,,0.15343785285949707
,1376.0,10,4.4413791329134256e-05,53499,,16.815914154052734,,2.83400821685791,,0.3077162206172943,,0.15348803997039795
,1372.0,10,4.435862138052471e-05,53549,,16.64469337463379,,2.7479846477508545,,0.30779364705085754,,0.15354472398757935
,1376.0,10,4.430344779393636e-05,53599,,17.420940399169922,,2.812769651412964,,0.3078664541244507,,0.15358774363994598
,1396.0,10,4.4248274207348004e-05,53649,,17.515487670898438,,2.5043909549713135,,0.3079352378845215,,0.15364907681941986
,1404.0,10,4.419310425873846e-05,53699,,18.9322452545166,,2.8332040309906006,,0.30800071358680725,,0.15370140969753265
,1356.0,10,4.4137930672150105e-05,53749,,19.22667694091797,,2.630323886871338,,0.30808472633361816,,0.1537572592496872
,1384.0,10,4.408275708556175e-05,53799,,18.895822525024414,,2.635941743850708,,0.30815038084983826,,0.15379983186721802
,1360.0,10,4.4027587136952206e-05,53849,,16.091670989990234,,2.43660569190979,,0.3082166016101837,,0.15384814143180847
,1332.0,10,4.3972413550363854e-05,53899,,20.691486358642578,,2.540877342224121,,0.3082921802997589,,0.15389080345630646
,1384.0,10,4.39172399637755e-05,53949,,15.75041389465332,,2.6280593872070312,,0.30835968255996704,,0.15393826365470886
,1368.0,10,4.3862070015165955e-05,53999,,17.37628173828125,,2.626098871231079,,0.3084328770637512,,0.15399332344532013
,1324.0,10,4.38068964285776e-05,54049,,17.16394805908203,,2.741260051727295,,0.3084995150566101,,0.15404027700424194
,1392.0,10,4.375172284198925e-05,54099,,16.094806671142578,,2.599447727203369,,0.3085692822933197,,0.15409433841705322
,1368.0,10,4.36965528933797e-05,54149,,17.456144332885742,,3.166978597640991,,0.3086482882499695,,0.15415269136428833
,1360.0,10,4.364137930679135e-05,54199,,17.62466049194336,,2.860877275466919,,0.3087076246738434,,0.15418122708797455
,1352.0,10,4.3586205720203e-05,54249,,17.73744773864746,,2.4503283500671387,,0.3087729215621948,,0.15421715378761292
,1360.0,10,4.353103577159345e-05,54299,,16.46381950378418,,2.5917980670928955,,0.3088528513908386,,0.15426670014858246
,1356.0,10,4.34758621850051e-05,54349,,15.542681694030762,,2.4681172370910645,,0.3089256286621094,,0.15431638062000275
,1352.0,10,4.3420688598416746e-05,54399,,19.051929473876953,,2.7224879264831543,,0.30899477005004883,,0.15437652170658112
,1396.0,10,4.33655186498072e-05,54449,,17.37796401977539,,2.6139626502990723,,0.30906158685684204,,0.15442506968975067
,1380.0,10,4.331034506321885e-05,54499,,16.45145034790039,,2.5184459686279297,,0.3091294467449188,,0.15446944534778595
,1380.0,10,4.3255171476630494e-05,54549,,22.268314361572266,,2.6768457889556885,,0.30919644236564636,,0.15451271831989288
,1332.0,10,4.320000152802095e-05,54599,,17.8869571685791,,2.51047945022583,,0.3092736303806305,,0.15455728769302368
,1380.0,10,4.3144827941432595e-05,54649,,21.05818748474121,,2.435120105743408,,0.30933690071105957,,0.15460708737373352
,1400.0,10,4.308965435484424e-05,54699,,16.080493927001953,,2.958660364151001,,0.30940496921539307,,0.1546483337879181
,1368.0,10,4.3034484406234697e-05,54749,,16.543621063232422,,2.764108419418335,,0.3094789385795593,,0.15469881892204285
,1376.0,10,4.2979310819646344e-05,54799,,17.096858978271484,,2.583853006362915,,0.3095482587814331,,0.15475410223007202
,1388.0,10,4.292413723305799e-05,54849,,18.70730972290039,,2.542924165725708,,0.3096166253089905,,0.15480002760887146
,1356.0,10,4.2868967284448445e-05,54899,,17.7209529876709,,2.548365831375122,,0.309689462184906,,0.15485987067222595
,1376.0,10,4.281379369786009e-05,54949,,17.210044860839844,,2.764657735824585,,0.3097560703754425,,0.1549030989408493
,1336.0,10,4.275862011127174e-05,54999,,13.889798164367676,,2.157209873199463,,0.3098243176937103,,0.15495319664478302
,1356.0,10,4.2703446524683386e-05,55049,,18.78316879272461,,2.578352212905884,,0.3098890483379364,,0.1550072431564331
,1312.0,10,4.264827657607384e-05,55099,,16.7591495513916,,2.5126166343688965,,0.3099614083766937,,0.15505386888980865
,1356.0,10,4.259310298948549e-05,55149,,21.53387451171875,,2.4609804153442383,,0.3100249469280243,,0.1551012247800827
,1348.0,10,4.2537929402897134e-05,55199,,20.828777313232422,,2.4112401008605957,,0.31009620428085327,,0.15514858067035675
,1364.0,10,4.248275945428759e-05,55249,,19.192758560180664,,2.5713603496551514,,0.3101522624492645,,0.15518371760845184
,1336.0,10,4.2427585867699236e-05,55299,,16.007993698120117,,2.5486361980438232,,0.3102216124534607,,0.15522807836532593
,1392.0,10,4.237241228111088e-05,55349,,19.658540725708008,,2.705562114715576,,0.3102883994579315,,0.15527652204036713
,1388.0,10,4.231724233250134e-05,55399,,15.817510604858398,,2.450275421142578,,0.31035274267196655,,0.15531963109970093
,1388.0,10,4.2262068745912984e-05,55449,,21.083728790283203,,2.7724411487579346,,0.3104093670845032,,0.15536454319953918
,1380.0,10,4.220689515932463e-05,55499,,15.998709678649902,,2.1708500385284424,,0.31048014760017395,,0.15541692078113556
,1396.0,10,4.2151725210715085e-05,55549,,16.456878662109375,,2.7420825958251953,,0.31054234504699707,,0.15545934438705444
,1384.0,10,4.209655162412673e-05,55599,,17.062089920043945,,2.441621780395508,,0.31060099601745605,,0.1554928869009018
,1408.0,10,4.204137803753838e-05,55649,,19.204240798950195,,2.8387956619262695,,0.31067734956741333,,0.15553902089595795
,1356.0,10,4.1986208088928834e-05,55699,,21.159337997436523,,2.5798213481903076,,0.31074413657188416,,0.1555834710597992
,1380.0,10,4.193103450234048e-05,55749,,17.035091400146484,,2.660036087036133,,0.3108121454715729,,0.15562547743320465
,1324.0,10,4.187586091575213e-05,55799,,18.09328842163086,,2.8256189823150635,,0.31087493896484375,,0.15567025542259216
,1376.0,10,4.182069096714258e-05,55849,,16.692325592041016,,2.5871877670288086,,0.310943067073822,,0.15572354197502136
,1392.0,10,4.176551738055423e-05,55899,,16.725662231445312,,2.7156693935394287,,0.3110070824623108,,0.15577636659145355
,1380.0,10,4.1710343793965876e-05,55949,,17.321874618530273,,2.7517828941345215,,0.31107330322265625,,0.15581803023815155
,1352.0,10,4.165517384535633e-05,55999,,19.950424194335938,,2.5941855907440186,,0.3111375868320465,,0.15586329996585846
,1388.0,10,4.160000025876798e-05,56049,,16.34640121459961,,2.3684332370758057,,0.31120216846466064,,0.15590637922286987
,1348.0,10,4.1544826672179624e-05,56099,,23.349163055419922,,2.027543783187866,,0.3112659752368927,,0.15594448149204254
,1380.0,10,4.148965672357008e-05,56149,,18.54391098022461,,2.2806873321533203,,0.31133246421813965,,0.1559944748878479
,1384.0,10,4.1434483136981726e-05,56199,,17.360671997070312,,2.68375825881958,,0.31140759587287903,,0.15604154765605927
,1372.0,10,4.137930955039337e-05,56249,,18.375682830810547,,2.170654535293579,,0.3114771246910095,,0.15608057379722595
,1388.0,10,4.132413960178383e-05,56299,,18.10357666015625,,2.4071807861328125,,0.3115500211715698,,0.15612822771072388
,1356.0,10,4.1268966015195474e-05,56349,,20.514049530029297,,2.8147897720336914,,0.3116205036640167,,0.1561683863401413
,1384.0,10,4.121379242860712e-05,56399,,23.41057586669922,,2.8953328132629395,,0.31168463826179504,,0.15620607137680054
,1356.0,10,4.1158622479997575e-05,56449,,18.820722579956055,,2.8073108196258545,,0.3117528259754181,,0.15623712539672852
,1408.0,10,4.110344889340922e-05,56499,,18.168241500854492,,2.7556509971618652,,0.3118162751197815,,0.15627244114875793
,1348.0,10,4.104827530682087e-05,56549,,16.85430335998535,,2.801604986190796,,0.31188270449638367,,0.15632261335849762
,1356.0,10,4.0993101720232517e-05,56599,,16.320268630981445,,2.32967472076416,,0.3119497299194336,,0.15637195110321045
,1360.0,10,4.093793177162297e-05,56649,,21.392200469970703,,2.578411102294922,,0.31202083826065063,,0.15641894936561584
,1348.0,10,4.088275818503462e-05,56699,,17.7686767578125,,2.4841206073760986,,0.3120881915092468,,0.1564626842737198
,1336.0,10,4.0827584598446265e-05,56749,,19.43882942199707,,2.583503007888794,,0.312160849571228,,0.15650568902492523
,1364.0,10,4.077241464983672e-05,56799,,19.97403335571289,,2.8563594818115234,,0.31221577525138855,,0.15654146671295166
,1352.0,10,4.0717241063248366e-05,56849,,17.990251541137695,,2.5296618938446045,,0.31228500604629517,,0.15659038722515106
,1364.0,10,4.066206747666001e-05,56899,,20.20275115966797,,2.5195229053497314,,0.3123500347137451,,0.15663361549377441
,1388.0,10,4.060689752805047e-05,56949,,18.405654907226562,,2.532773494720459,,0.31242135167121887,,0.15668465197086334
,1344.0,10,4.0551723941462114e-05,56999,,15.372868537902832,,2.5397143363952637,,0.31248921155929565,,0.15673299133777618
,1384.0,10,4.049655035487376e-05,57049,,18.062908172607422,,2.574772834777832,,0.31255972385406494,,0.1567760407924652
,1360.0,10,4.0441380406264216e-05,57099,,17.00580596923828,,2.271385908126831,,0.3126247823238373,,0.15681946277618408
,1368.0,10,4.038620681967586e-05,57149,,18.647686004638672,,2.717622756958008,,0.3126939535140991,,0.1568513959646225
,1376.0,10,4.033103323308751e-05,57199,,18.60381507873535,,2.2983269691467285,,0.3127564489841461,,0.15688683092594147
1365.6436767578125,,10,,57243,17.843767166137695,,2.5644350051879883,,0.3092842400074005,,0.15456579625606537,
,1388.0,11,4.0275863284477964e-05,57249,,19.14716339111328,,2.7237296104431152,,0.31281670928001404,,0.1569255292415619
,1388.0,11,4.022068969788961e-05,57299,,17.39006805419922,,2.5346693992614746,,0.31289249658584595,,0.1569727659225464
,1352.0,11,4.016551611130126e-05,57349,,17.091087341308594,,2.5898284912109375,,0.3129465878009796,,0.15700525045394897
,1380.0,11,4.011034616269171e-05,57399,,18.808792114257812,,2.6415319442749023,,0.3129997253417969,,0.15704436600208282
,1372.0,11,4.005517257610336e-05,57449,,17.010337829589844,,2.63665771484375,,0.31306326389312744,,0.15708239376544952
,1352.0,11,3.9999998989515007e-05,57499,,18.70049476623535,,2.482696294784546,,0.31313028931617737,,0.15713009238243103
,1372.0,11,3.994482904090546e-05,57549,,16.536649703979492,,2.3490233421325684,,0.31319108605384827,,0.15716974437236786
,1356.0,11,3.988965545431711e-05,57599,,17.423412322998047,,2.7609825134277344,,0.3132530450820923,,0.1572202891111374
,1356.0,11,3.9834481867728755e-05,57649,,18.09689712524414,,2.609157085418701,,0.313326358795166,,0.15725818276405334
,1328.0,11,3.977931191911921e-05,57699,,18.674924850463867,,1.944375991821289,,0.3133791387081146,,0.15729598701000214
,1340.0,11,3.9724138332530856e-05,57749,,18.8383846282959,,2.4214677810668945,,0.31343352794647217,,0.15733547508716583
,1388.0,11,3.96689647459425e-05,57799,,18.766393661499023,,2.5856616497039795,,0.3134929835796356,,0.15738140046596527
,1380.0,11,3.961379479733296e-05,57849,,17.487655639648438,,2.3877816200256348,,0.3135647177696228,,0.1574310064315796
,1380.0,11,3.9558621210744604e-05,57899,,17.366535186767578,,2.4758870601654053,,0.3136311173439026,,0.15747343003749847
,1304.0,11,3.950344762415625e-05,57949,,17.795963287353516,,2.6339187622070312,,0.31370043754577637,,0.1575135588645935
,1352.0,11,3.9448277675546706e-05,57999,,17.083065032958984,,2.6601674556732178,,0.31376734375953674,,0.15756328403949738
,1408.0,11,3.939310408895835e-05,58049,,16.347793579101562,,2.58156418800354,,0.3138331472873688,,0.1576099693775177
,1348.0,11,3.933793050237e-05,58099,,16.540273666381836,,2.3665478229522705,,0.31390145421028137,,0.15764473378658295
,1364.0,11,3.928275691578165e-05,58149,,19.4188232421875,,2.7177345752716064,,0.31395354866981506,,0.1576792299747467
,1348.0,11,3.92275869671721e-05,58199,,16.76141357421875,,2.4216880798339844,,0.3140113055706024,,0.157716304063797
,1352.0,11,3.917241338058375e-05,58249,,18.468217849731445,,1.8383283615112305,,0.31407326459884644,,0.1577572375535965
,1336.0,11,3.9117239793995395e-05,58299,,17.210464477539062,,2.639272451400757,,0.3141445517539978,,0.15779677033424377
,1368.0,11,3.906206984538585e-05,58349,,17.375770568847656,,2.4414165019989014,,0.31420567631721497,,0.15783977508544922
,1400.0,11,3.9006896258797497e-05,58399,,20.6796817779541,,2.6222972869873047,,0.31427499651908875,,0.15789230167865753
,1384.0,11,3.8951722672209144e-05,58449,,17.519163131713867,,2.467813730239868,,0.31433746218681335,,0.15793552994728088
,1368.0,11,3.88965527235996e-05,58499,,18.289352416992188,,2.6531357765197754,,0.31440025568008423,,0.15797880291938782
,1360.0,11,3.8841379137011245e-05,58549,,18.382484436035156,,2.3613743782043457,,0.31446340680122375,,0.1580260843038559
,1348.0,11,3.878620555042289e-05,58599,,16.605268478393555,,2.615818738937378,,0.3145332932472229,,0.15806783735752106
,1340.0,11,3.8731035601813346e-05,58649,,22.799898147583008,,2.4710347652435303,,0.31460076570510864,,0.15811756253242493
,1376.0,11,3.867586201522499e-05,58699,,18.990066528320312,,2.618757724761963,,0.31466224789619446,,0.1581704467535019
,1372.0,11,3.862068842863664e-05,58749,,22.310964584350586,,2.5216798782348633,,0.3147181272506714,,0.15820962190628052
,1376.0,11,3.8565518480027094e-05,58799,,19.201528549194336,,2.3401317596435547,,0.3147753179073334,,0.15826058387756348
,1368.0,11,3.851034489343874e-05,58849,,20.153839111328125,,2.5355405807495117,,0.31483468413352966,,0.15830302238464355
,1388.0,11,3.845517130685039e-05,58899,,21.71609115600586,,2.357435941696167,,0.31489473581314087,,0.15835225582122803
,1352.0,11,3.840000135824084e-05,58949,,18.15111541748047,,2.519226312637329,,0.31495505571365356,,0.15839023888111115
,1364.0,11,3.834482777165249e-05,58999,,19.143911361694336,,2.3600690364837646,,0.3150179386138916,,0.1584295630455017
,1364.0,11,3.828965418506414e-05,59049,,18.01080322265625,,2.7011940479278564,,0.3150729835033417,,0.15846259891986847
,1360.0,11,3.823448423645459e-05,59099,,20.761348724365234,,2.8990657329559326,,0.31514328718185425,,0.1585049033164978
,1332.0,11,3.817931064986624e-05,59149,,16.73785400390625,,2.42230224609375,,0.31520652770996094,,0.15854798257350922
,1372.0,11,3.8124137063277885e-05,59199,,15.209586143493652,,2.470738649368286,,0.3152678310871124,,0.15858839452266693
,1356.0,11,3.806896711466834e-05,59249,,20.72500991821289,,2.640897750854492,,0.31533318758010864,,0.15862829983234406
,1396.0,11,3.8013793528079987e-05,59299,,17.312511444091797,,2.277211904525757,,0.3153960406780243,,0.15867063403129578
,1368.0,11,3.7958619941491634e-05,59349,,24.09388542175293,,2.461541175842285,,0.31545358896255493,,0.15872038900852203
,1328.0,11,3.790344999288209e-05,59399,,24.152374267578125,,2.7224669456481934,,0.31551453471183777,,0.1587638556957245
,1348.0,11,3.7848276406293735e-05,59449,,18.388595581054688,,2.523324728012085,,0.3155711591243744,,0.1588088572025299
,1388.0,11,3.779310281970538e-05,59499,,16.899208068847656,,2.438894748687744,,0.31563499569892883,,0.15885430574417114
,1348.0,11,3.773792923311703e-05,59549,,16.05462074279785,,2.4082868099212646,,0.3156862258911133,,0.15889717638492584
,1324.0,11,3.768275928450748e-05,59599,,16.39655876159668,,2.0746395587921143,,0.3157466650009155,,0.15893520414829254
,1368.0,11,3.762758569791913e-05,59649,,21.661333084106445,,2.4514505863189697,,0.31580260396003723,,0.15897929668426514
,1396.0,11,3.757241211133078e-05,59699,,20.412931442260742,,2.739452600479126,,0.31586259603500366,,0.15902382135391235
,1352.0,11,3.751724216272123e-05,59749,,19.33608055114746,,2.614793300628662,,0.3159199059009552,,0.1590612232685089
,1320.0,11,3.746206857613288e-05,59799,,20.294782638549805,,2.6238632202148438,,0.3159804046154022,,0.15910489857196808
,1344.0,11,3.7406894989544526e-05,59849,,17.596986770629883,,2.216876983642578,,0.31603777408599854,,0.15915052592754364
,1392.0,11,3.735172504093498e-05,59899,,22.475040435791016,,2.5986647605895996,,0.31610339879989624,,0.15919041633605957
,1380.0,11,3.729655145434663e-05,59949,,15.962494850158691,,2.455986976623535,,0.3161635100841522,,0.15923117101192474
,1348.0,11,3.7241377867758274e-05,59999,,18.444570541381836,,2.396962881088257,,0.31621548533439636,,0.1592721939086914
,1376.0,11,3.718620791914873e-05,60049,,23.111474990844727,,2.528592348098755,,0.3162791132926941,,0.15931135416030884
,1400.0,11,3.7131034332560375e-05,60099,,18.251380920410156,,2.5554659366607666,,0.31634050607681274,,0.15934178233146667
,1372.0,11,3.707586074597202e-05,60149,,18.71300506591797,,2.40740966796875,,0.31640100479125977,,0.1593850553035736
,1356.0,11,3.7020690797362477e-05,60199,,17.326248168945312,,2.541081190109253,,0.316462904214859,,0.15942145884037018
,1368.0,11,3.6965517210774124e-05,60249,,23.337177276611328,,2.5182552337646484,,0.3165239095687866,,0.15946806967258453
,1356.0,11,3.691034362418577e-05,60299,,18.09186553955078,,2.4287726879119873,,0.31658807396888733,,0.15951034426689148
,1396.0,11,3.6855173675576225e-05,60349,,19.430824279785156,,2.548715353012085,,0.3166520297527313,,0.15955232083797455
,1380.0,11,3.680000008898787e-05,60399,,23.44765853881836,,2.527857780456543,,0.31671085953712463,,0.15958648920059204
,1384.0,11,3.674482650239952e-05,60449,,20.879636764526367,,2.5294625759124756,,0.31677010655403137,,0.15962964296340942
,1340.0,11,3.668965655378997e-05,60499,,17.925811767578125,,2.4896605014801025,,0.3168298304080963,,0.15967397391796112
,1344.0,11,3.663448296720162e-05,60549,,17.89683723449707,,2.7157797813415527,,0.3168853521347046,,0.15971773862838745
,1332.0,11,3.657930938061327e-05,60599,,17.8070011138916,,2.963170051574707,,0.3169342875480652,,0.1597537398338318
,1396.0,11,3.652413943200372e-05,60649,,18.0861873626709,,2.600714683532715,,0.3169855773448944,,0.15979668498039246
,1376.0,11,3.646896584541537e-05,60699,,18.506446838378906,,2.761873722076416,,0.31705331802368164,,0.15985234081745148
,1360.0,11,3.6413792258827016e-05,60749,,17.220046997070312,,2.6562232971191406,,0.31712016463279724,,0.15989834070205688
,1344.0,11,3.635862231021747e-05,60799,,16.600507736206055,,2.2732558250427246,,0.31717416644096375,,0.1599399596452713
,1332.0,11,3.630344872362912e-05,60849,,20.294755935668945,,2.5758936405181885,,0.3172328472137451,,0.15998651087284088
,1356.0,11,3.6248275137040764e-05,60899,,18.837753295898438,,2.427959680557251,,0.31729933619499207,,0.16003161668777466
,1392.0,11,3.619310518843122e-05,60949,,22.16722869873047,,2.5563344955444336,,0.3173522353172302,,0.16007351875305176
,1352.0,11,3.6137931601842865e-05,60999,,15.783547401428223,,2.6084721088409424,,0.31741172075271606,,0.16011691093444824
,1384.0,11,3.608275801525451e-05,61049,,19.051620483398438,,2.8083243370056152,,0.3174636960029602,,0.16015174984931946
,1360.0,11,3.602758442866616e-05,61099,,17.706506729125977,,2.55256986618042,,0.3175153136253357,,0.16019408404827118
,1376.0,11,3.5972414480056614e-05,61149,,16.919116973876953,,2.558213949203491,,0.31756481528282166,,0.16023430228233337
,1376.0,11,3.591724089346826e-05,61199,,18.814834594726562,,2.527616024017334,,0.3176177144050598,,0.16027919948101044
,1364.0,11,3.586206730687991e-05,61249,,21.411794662475586,,2.8168983459472656,,0.31767863035202026,,0.16032147407531738
,1368.0,11,3.580689735827036e-05,61299,,19.382673263549805,,2.5194990634918213,,0.3177395462989807,,0.16036354005336761
,1356.0,11,3.575172377168201e-05,61349,,19.868267059326172,,2.6473164558410645,,0.31779739260673523,,0.16041547060012817
,1352.0,11,3.5696550185093656e-05,61399,,15.879209518432617,,2.4246115684509277,,0.3178551197052002,,0.16046646237373352
,1360.0,11,3.564138023648411e-05,61449,,19.810117721557617,,2.9049534797668457,,0.31791603565216064,,0.1605014055967331
,1372.0,11,3.558620664989576e-05,61499,,16.717304229736328,,2.4182727336883545,,0.3179793655872345,,0.16054174304008484
,1388.0,11,3.5531033063307405e-05,61549,,28.6611270904541,,2.5186102390289307,,0.31803402304649353,,0.16057735681533813
,1364.0,11,3.547586311469786e-05,61599,,18.946104049682617,,2.6284964084625244,,0.3180946111679077,,0.16061817109584808
,1324.0,11,3.5420689528109506e-05,61649,,17.4334716796875,,2.547389030456543,,0.31815844774246216,,0.1606559157371521
,1368.0,11,3.536551594152115e-05,61699,,17.199199676513672,,2.3408632278442383,,0.31822484731674194,,0.16070301830768585
,1392.0,11,3.531034599291161e-05,61749,,20.52557945251465,,2.5635812282562256,,0.3182831406593323,,0.16073903441429138
,1352.0,11,3.5255172406323254e-05,61799,,20.535375595092773,,2.7281601428985596,,0.3183288276195526,,0.16077160835266113
,1340.0,11,3.51999988197349e-05,61849,,19.349071502685547,,2.5705344676971436,,0.31838172674179077,,0.16079886257648468
,1360.0,11,3.5144828871125355e-05,61899,,18.184890747070312,,2.710690498352051,,0.3184351623058319,,0.16083505749702454
,1344.0,11,3.5089655284537e-05,61949,,21.587360382080078,,2.3232197761535645,,0.31849437952041626,,0.1608704924583435
,1412.0,11,3.503448169794865e-05,61999,,21.432641983032227,,2.3987367153167725,,0.31855127215385437,,0.1608990728855133
,1372.0,11,3.4979311749339104e-05,62049,,18.70131492614746,,2.3722901344299316,,0.3186095058917999,,0.16093727946281433
,1380.0,11,3.492413816275075e-05,62099,,20.850452423095703,,2.7963857650756836,,0.3186696171760559,,0.16097436845302582
,1348.0,11,3.48689645761624e-05,62149,,16.793941497802734,,2.611300468444824,,0.3187222480773926,,0.16100870072841644
,1360.0,11,3.481379462755285e-05,62199,,19.801929473876953,,3.087496042251587,,0.31878161430358887,,0.16105584800243378
,1360.0,11,3.47586210409645e-05,62249,,18.22177505493164,,2.3525617122650146,,0.3188486099243164,,0.1610931009054184
,1352.0,11,3.4703447454376146e-05,62299,,23.1595516204834,,2.608705520629883,,0.31889888644218445,,0.16112974286079407
,1380.0,11,3.46482775057666e-05,62349,,19.65700912475586,,2.0416667461395264,,0.31895336508750916,,0.16116547584533691
,1368.0,11,3.459310391917825e-05,62399,,17.703298568725586,,2.5390167236328125,,0.31901460886001587,,0.1612146496772766
1365.613037109375,,11,,62447,18.92234992980957,,2.5411734580993652,,0.31600573658943176,,0.15912297368049622,
,1388.0,12,3.4537930332589895e-05,62449,,18.372594833374023,,2.403123378753662,,0.31907784938812256,,0.1612572818994522
,1388.0,12,3.448276038398035e-05,62499,,18.57136344909668,,2.830355644226074,,0.3191314935684204,,0.1613011211156845
,1352.0,12,3.4427586797391996e-05,62549,,27.724294662475586,,2.4412479400634766,,0.3191930949687958,,0.16135218739509583
,1368.0,12,3.437241321080364e-05,62599,,16.877290725708008,,2.498751401901245,,0.31925445795059204,,0.16139736771583557
,1356.0,12,3.431723962421529e-05,62649,,16.487030029296875,,2.46160626411438,,0.3193035125732422,,0.1614404320716858
,1404.0,12,3.4262069675605744e-05,62699,,20.07564926147461,,2.686375141143799,,0.31935998797416687,,0.1614866852760315
,1280.0,12,3.420689608901739e-05,62749,,16.48880386352539,,2.53045654296875,,0.3194076120853424,,0.16152499616146088
,1352.0,12,3.415172250242904e-05,62799,,20.988229751586914,,2.64886474609375,,0.3194608688354492,,0.16156110167503357
,1376.0,12,3.409655255381949e-05,62849,,23.145797729492188,,2.6003236770629883,,0.31951528787612915,,0.16159681975841522
,1372.0,12,3.404137896723114e-05,62899,,16.215059280395508,,2.1785686016082764,,0.3195672631263733,,0.16164234280586243
,1352.0,12,3.398620538064279e-05,62949,,20.44976234436035,,2.7689130306243896,,0.31961849331855774,,0.16168078780174255
,1372.0,12,3.393103543203324e-05,62999,,19.38929557800293,,2.694174289703369,,0.31967365741729736,,0.16172072291374207
,1400.0,12,3.387586184544489e-05,63049,,21.064844131469727,,2.5503406524658203,,0.31973767280578613,,0.16176186501979828
,1356.0,12,3.3820688258856535e-05,63099,,17.20232391357422,,2.306687116622925,,0.31980305910110474,,0.16180011630058289
,1348.0,12,3.376551831024699e-05,63149,,19.618141174316406,,2.5938541889190674,,0.31985703110694885,,0.16183041036128998
,1380.0,12,3.3710344723658636e-05,63199,,19.29781723022461,,2.681333065032959,,0.31991371512413025,,0.1618739515542984
,1360.0,12,3.365517113707028e-05,63249,,15.389445304870605,,2.407059669494629,,0.3199787437915802,,0.1619168370962143
,1380.0,12,3.360000118846074e-05,63299,,16.945585250854492,,2.2628445625305176,,0.32003870606422424,,0.16195891797542572
,1316.0,12,3.3544827601872385e-05,63349,,22.6615047454834,,2.633915901184082,,0.3201010227203369,,0.1620042473077774
,1328.0,12,3.348965401528403e-05,63399,,16.530494689941406,,2.477912664413452,,0.32015594840049744,,0.16203774511814117
,1360.0,12,3.3434484066674486e-05,63449,,20.19239616394043,,2.4814021587371826,,0.3202097415924072,,0.1620812714099884
,1384.0,12,3.337931048008613e-05,63499,,22.141389846801758,,2.5635781288146973,,0.32025933265686035,,0.16211478412151337
,1360.0,12,3.332413689349778e-05,63549,,15.45787525177002,,2.5354745388031006,,0.32031795382499695,,0.16214853525161743
,1408.0,12,3.3268966944888234e-05,63599,,21.568405151367188,,2.398251533508301,,0.3203788995742798,,0.16219091415405273
,1380.0,12,3.321379335829988e-05,63649,,23.618267059326172,,2.743654727935791,,0.320431649684906,,0.16223031282424927
,1288.0,12,3.315861977171153e-05,63699,,15.305255889892578,,2.2953908443450928,,0.32049760222435,,0.16227202117443085
,1352.0,12,3.310344982310198e-05,63749,,19.855194091796875,,2.246333599090576,,0.32056185603141785,,0.16231073439121246
,1352.0,12,3.304827623651363e-05,63799,,19.607248306274414,,2.2219955921173096,,0.32061514258384705,,0.16234713792800903
,1380.0,12,3.299310264992528e-05,63849,,17.18844985961914,,2.4473235607147217,,0.320666640996933,,0.16238261759281158
,1376.0,12,3.293793270131573e-05,63899,,21.618000030517578,,1.9393082857131958,,0.32072383165359497,,0.1624203473329544
,1380.0,12,3.288275911472738e-05,63949,,19.262680053710938,,2.592421293258667,,0.32077905535697937,,0.16246061027050018
,1368.0,12,3.2827585528139025e-05,63999,,18.903728485107422,,2.4119458198547363,,0.32083383202552795,,0.16250105202198029
,1336.0,12,3.277241557952948e-05,64049,,16.710634231567383,,2.6057512760162354,,0.3208838105201721,,0.16253605484962463
,1336.0,12,3.2717241992941126e-05,64099,,22.0120906829834,,2.3283355236053467,,0.32093527913093567,,0.16257590055465698
,1368.0,12,3.266206840635277e-05,64149,,18.87541389465332,,2.376399278640747,,0.32099682092666626,,0.16261956095695496
,1380.0,12,3.260689481976442e-05,64199,,19.841899871826172,,2.526416063308716,,0.3210501968860626,,0.16266389191150665
,1364.0,12,3.2551724871154875e-05,64249,,25.765233993530273,,2.756706476211548,,0.3211097717285156,,0.16270223259925842
,1372.0,12,3.249655128456652e-05,64299,,21.2501277923584,,2.5460801124572754,,0.32116633653640747,,0.16274096071720123
,1328.0,12,3.244137769797817e-05,64349,,22.748462677001953,,1.8889285326004028,,0.3212226927280426,,0.16277463734149933
,1380.0,12,3.238620774936862e-05,64399,,22.134464263916016,,2.6023671627044678,,0.3212791681289673,,0.16280166804790497
,1316.0,12,3.233103416278027e-05,64449,,18.15408706665039,,2.51698899269104,,0.32132959365844727,,0.1628386676311493
,1380.0,12,3.227586057619192e-05,64499,,23.350522994995117,,2.0269627571105957,,0.32138630747795105,,0.16286522150039673
,1372.0,12,3.222069062758237e-05,64549,,20.216371536254883,,2.7089881896972656,,0.32144156098365784,,0.16289301216602325
,1352.0,12,3.216551704099402e-05,64599,,17.771509170532227,,2.4771769046783447,,0.3215041160583496,,0.16292375326156616
,1376.0,12,3.2110343454405665e-05,64649,,18.305124282836914,,2.203054428100586,,0.3215586841106415,,0.16296157240867615
,1348.0,12,3.205517350579612e-05,64699,,21.89501190185547,,2.5575649738311768,,0.321610689163208,,0.16299700736999512
,1372.0,12,3.199999991920777e-05,64749,,20.935962677001953,,2.710294485092163,,0.3216608762741089,,0.16302628815174103
,1352.0,12,3.1944826332619414e-05,64799,,20.68960952758789,,2.613201379776001,,0.321707546710968,,0.16306914389133453
,1368.0,12,3.188965638400987e-05,64849,,18.022010803222656,,2.6746582984924316,,0.32176563143730164,,0.16312044858932495
,1348.0,12,3.1834482797421515e-05,64899,,19.522769927978516,,2.866766929626465,,0.3218127489089966,,0.16315965354442596
,1324.0,12,3.177930921083316e-05,64949,,19.018917083740234,,2.4938693046569824,,0.32185864448547363,,0.16318972408771515
,1380.0,12,3.1724139262223616e-05,64999,,19.632118225097656,,2.527083158493042,,0.321913480758667,,0.16323637962341309
,1356.0,12,3.166896567563526e-05,65049,,19.79793930053711,,2.436356782913208,,0.3219766318798065,,0.163282573223114
,1380.0,12,3.161379208904691e-05,65099,,16.25666046142578,,2.381908893585205,,0.3220401406288147,,0.16332170367240906
,1376.0,12,3.1558622140437365e-05,65149,,18.713701248168945,,2.4029321670532227,,0.32209542393684387,,0.16335923969745636
,1364.0,12,3.150344855384901e-05,65199,,18.542678833007812,,2.5746209621429443,,0.3221496641635895,,0.1633947342634201
,1352.0,12,3.144827496726066e-05,65249,,18.48204231262207,,2.5659615993499756,,0.32220473885536194,,0.16343845427036285
,1344.0,12,3.139310501865111e-05,65299,,19.667648315429688,,2.557577610015869,,0.32225555181503296,,0.16347531974315643
,1352.0,12,3.133793143206276e-05,65349,,19.787384033203125,,2.7968904972076416,,0.3223070204257965,,0.1635139435529709
,1340.0,12,3.128275784547441e-05,65399,,17.751325607299805,,2.7068896293640137,,0.322363942861557,,0.16355109214782715
,1360.0,12,3.122758789686486e-05,65449,,18.71607208251953,,2.176436424255371,,0.3224130868911743,,0.16358457505702972
,1384.0,12,3.117241431027651e-05,65499,,18.574630737304688,,2.7309682369232178,,0.322468638420105,,0.1636270135641098
,1380.0,12,3.1117240723688155e-05,65549,,17.50792121887207,,2.5554943084716797,,0.32252591848373413,,0.16366896033287048
,1376.0,12,3.106207077507861e-05,65599,,15.70315170288086,,1.7988572120666504,,0.32258516550064087,,0.16371017694473267
,1340.0,12,3.100689718849026e-05,65649,,24.901142120361328,,2.3913235664367676,,0.3226339519023895,,0.1637408435344696
,1396.0,12,3.0951723601901904e-05,65699,,22.225725173950195,,2.3875892162323,,0.32268500328063965,,0.16378135979175568
,1380.0,12,3.089655001531355e-05,65749,,17.855426788330078,,2.5098488330841064,,0.32274216413497925,,0.16382402181625366
,1372.0,12,3.0841380066704005e-05,65799,,16.625484466552734,,2.590444564819336,,0.32279667258262634,,0.16386021673679352
,1400.0,12,3.078620648011565e-05,65849,,21.384723663330078,,2.701624870300293,,0.3228391706943512,,0.16389015316963196
,1392.0,12,3.07310328935273e-05,65899,,16.856048583984375,,2.5696749687194824,,0.32288816571235657,,0.16391915082931519
,1396.0,12,3.067586294491775e-05,65949,,20.783302307128906,,2.3453989028930664,,0.3229426145553589,,0.16395574808120728
,1348.0,12,3.06206893583294e-05,65999,,20.04219627380371,,2.6170549392700195,,0.32298436760902405,,0.16399094462394714
,1356.0,12,3.056551577174105e-05,66049,,19.584259033203125,,2.627777099609375,,0.3230428695678711,,0.16403011977672577
,1372.0,12,3.0510344004142098e-05,66099,,20.046281814575195,,2.3250715732574463,,0.3231026828289032,,0.1640816628932953
,1384.0,12,3.045517223654315e-05,66149,,17.74359893798828,,2.5218942165374756,,0.3231493830680847,,0.16412048041820526
,1336.0,12,3.04000004689442e-05,66199,,18.14918327331543,,2.4535605907440186,,0.3232046961784363,,0.16416719555854797
,1396.0,12,3.0344826882355846e-05,66249,,21.095542907714844,,2.655935764312744,,0.3232523202896118,,0.16420671343803406
,1388.0,12,3.0289655114756897e-05,66299,,16.6922550201416,,2.4874372482299805,,0.32330238819122314,,0.16424641013145447
,1368.0,12,3.0234483347157948e-05,66349,,18.69672966003418,,2.6349449157714844,,0.3233504593372345,,0.1642855703830719
,1356.0,12,3.0179309760569595e-05,66399,,18.76669692993164,,2.5613510608673096,,0.32340481877326965,,0.16432294249534607
,1372.0,12,3.0124137992970645e-05,66449,,17.15321922302246,,2.39880108833313,,0.3234621286392212,,0.16437016427516937
,1372.0,12,3.0068966225371696e-05,66499,,18.23310089111328,,2.4580907821655273,,0.3235078752040863,,0.16440580785274506
,1356.0,12,3.0013792638783343e-05,66549,,17.291088104248047,,2.2948098182678223,,0.3235587775707245,,0.1644406020641327
,1372.0,12,2.9958620871184394e-05,66599,,17.97026824951172,,2.512723207473755,,0.32360613346099854,,0.16446930170059204
,1384.0,12,2.9903449103585444e-05,66649,,18.922996520996094,,2.7047030925750732,,0.32366976141929626,,0.16452282667160034
,1360.0,12,2.984827551699709e-05,66699,,20.004560470581055,,2.5710387229919434,,0.32372745871543884,,0.16456089913845062
,1368.0,12,2.9793103749398142e-05,66749,,22.118762969970703,,2.4160616397857666,,0.32377931475639343,,0.16459622979164124
,1324.0,12,2.973793016280979e-05,66799,,25.95352554321289,,2.3140921592712402,,0.3238334655761719,,0.16463394463062286
,1368.0,12,2.968275839521084e-05,66849,,19.45050048828125,,2.6402335166931152,,0.3238878548145294,,0.16466958820819855
,1408.0,12,2.962758662761189e-05,66899,,18.265666961669922,,2.6301379203796387,,0.3239395320415497,,0.16470608115196228
,1364.0,12,2.9572413041023538e-05,66949,,23.60163688659668,,2.7049200534820557,,0.32398924231529236,,0.16474701464176178
,1356.0,12,2.9517241273424588e-05,66999,,24.237945556640625,,2.6794891357421875,,0.32404300570487976,,0.16477817296981812
,1364.0,12,2.946206950582564e-05,67049,,26.476097106933594,,2.6386139392852783,,0.3240915536880493,,0.16481834650039673
,1356.0,12,2.9406895919237286e-05,67099,,16.33112335205078,,2.867548704147339,,0.32414230704307556,,0.16485266387462616
,1396.0,12,2.9351724151638336e-05,67149,,18.564626693725586,,2.768761396408081,,0.3241932988166809,,0.1648891568183899
,1396.0,12,2.9296552384039387e-05,67199,,18.454313278198242,,2.8871655464172363,,0.32424208521842957,,0.16491931676864624
,1364.0,12,2.9241378797451034e-05,67249,,18.762672424316406,,2.354012966156006,,0.32430073618888855,,0.164959117770195
,1372.0,12,2.9186207029852085e-05,67299,,18.973249435424805,,2.5326485633850098,,0.324349969625473,,0.16499005258083344
,1368.0,12,2.9131035262253135e-05,67349,,20.500965118408203,,2.5460152626037598,,0.3243996798992157,,0.1650257408618927
,1360.0,12,2.9075861675664783e-05,67399,,17.422183990478516,,2.651174545288086,,0.3244476318359375,,0.16506020724773407
,1352.0,12,2.9020689908065833e-05,67449,,18.33074951171875,,2.5046331882476807,,0.32449445128440857,,0.16508744657039642
,1388.0,12,2.8965518140466884e-05,67499,,15.930788040161133,,2.1222057342529297,,0.3245421350002289,,0.16512636840343475
,1376.0,12,2.891034455387853e-05,67549,,20.826881408691406,,2.2724673748016357,,0.3245845139026642,,0.1651591956615448
,1384.0,12,2.885517278627958e-05,67599,,24.78948974609375,,2.542177200317383,,0.3246399760246277,,0.1651969999074936
,1380.0,12,2.879999919969123e-05,67649,,19.347431182861328,,2.2662417888641357,,0.3246821165084839,,0.16522525250911713
1366.087890625,,12,,67651,19.38138198852539,,2.5180718898773193,,0.321948379278183,,0.16328515112400055,
,1356.0,13,2.874482743209228e-05,67699,,17.71427345275879,,2.565129041671753,,0.324738085269928,,0.1652665138244629
,1360.0,13,2.868965566449333e-05,67749,,19.110488891601562,,2.7330448627471924,,0.3247895836830139,,0.16530917584896088
,1336.0,13,2.8634482077904977e-05,67799,,19.58543586730957,,1.7605608701705933,,0.32483765482902527,,0.1653500199317932
,1348.0,13,2.8579310310306028e-05,67849,,17.705228805541992,,2.4741055965423584,,0.3248835802078247,,0.16537369787693024
,1356.0,13,2.8524138542707078e-05,67899,,16.381275177001953,,2.297118663787842,,0.3249436616897583,,0.16540852189064026
,1376.0,13,2.8468964956118725e-05,67949,,21.1170711517334,,2.6077640056610107,,0.3249954879283905,,0.16543689370155334
,1344.0,13,2.8413793188519776e-05,67999,,17.198749542236328,,2.5912697315216064,,0.3250502645969391,,0.1654759645462036
,1396.0,13,2.8358621420920826e-05,68049,,18.007335662841797,,2.173598051071167,,0.3250972032546997,,0.165511816740036
,1392.0,13,2.8303447834332474e-05,68099,,16.13910484313965,,2.458434820175171,,0.32514688372612,,0.16555435955524445
,1344.0,13,2.8248276066733524e-05,68149,,18.953046798706055,,2.697561740875244,,0.325194776058197,,0.1655970811843872
,1376.0,13,2.8193104299134575e-05,68199,,21.511598587036133,,2.469496250152588,,0.32524433732032776,,0.16563493013381958
,1364.0,13,2.8137930712546222e-05,68249,,18.953147888183594,,2.5717763900756836,,0.3252881169319153,,0.16566498577594757
,1384.0,13,2.8082758944947273e-05,68299,,19.312868118286133,,2.3849945068359375,,0.3253461420536041,,0.1657087355852127
,1404.0,13,2.802758535835892e-05,68349,,20.28223419189453,,2.6790027618408203,,0.3254002034664154,,0.16574673354625702
,1388.0,13,2.797241359075997e-05,68399,,17.457883834838867,,2.5167531967163086,,0.3254513144493103,,0.16578470170497894
,1356.0,13,2.791724182316102e-05,68449,,20.752695083618164,,2.633687973022461,,0.32550373673439026,,0.16581504046916962
,1396.0,13,2.7862068236572668e-05,68499,,19.820331573486328,,2.1962337493896484,,0.32555532455444336,,0.16584469377994537
,1368.0,13,2.780689646897372e-05,68549,,19.673480987548828,,2.49565052986145,,0.3256019651889801,,0.16587591171264648
,1380.0,13,2.775172470137477e-05,68599,,19.003644943237305,,2.5196585655212402,,0.3256567120552063,,0.1659110188484192
,1332.0,13,2.7696551114786416e-05,68649,,16.693979263305664,,2.374504804611206,,0.32570505142211914,,0.1659468412399292
,1364.0,13,2.7641379347187467e-05,68699,,18.403987884521484,,2.325948476791382,,0.32575520873069763,,0.1659906953573227
,1380.0,13,2.7586207579588518e-05,68749,,22.041603088378906,,2.5273568630218506,,0.32580122351646423,,0.16602455079555511
,1364.0,13,2.7531033993000165e-05,68799,,18.754051208496094,,2.32532000541687,,0.32585573196411133,,0.1660631150007248
,1368.0,13,2.7475862225401215e-05,68849,,17.677066802978516,,2.3753223419189453,,0.3259030878543854,,0.16610825061798096
,1336.0,13,2.7420690457802266e-05,68899,,17.63852310180664,,2.767927885055542,,0.3259511888027191,,0.16614636778831482
,1400.0,13,2.7365516871213913e-05,68949,,18.07105827331543,,2.4052417278289795,,0.3259979486465454,,0.16617979109287262
,1324.0,13,2.7310345103614964e-05,68999,,21.011152267456055,,2.6162033081054688,,0.3260500133037567,,0.1662101000547409
,1368.0,13,2.725517151702661e-05,69049,,18.535520553588867,,2.5090994834899902,,0.3260992169380188,,0.16624855995178223
,1380.0,13,2.719999974942766e-05,69099,,19.657493591308594,,2.6303904056549072,,0.32614967226982117,,0.16629280149936676
,1368.0,13,2.7144827981828712e-05,69149,,18.642301559448242,,2.473525285720825,,0.3261968791484833,,0.1663358360528946
,1412.0,13,2.708965439524036e-05,69199,,21.07146453857422,,2.5312366485595703,,0.3262481391429901,,0.16637417674064636
,1392.0,13,2.703448262764141e-05,69249,,16.93381690979004,,2.3995816707611084,,0.32629725337028503,,0.16641384363174438
,1344.0,13,2.697931086004246e-05,69299,,19.839752197265625,,2.5794148445129395,,0.32634857296943665,,0.16645029187202454
,1364.0,13,2.6924137273454107e-05,69349,,18.032915115356445,,2.685338258743286,,0.32639798521995544,,0.16648955643177032
,1376.0,13,2.6868965505855158e-05,69399,,15.793013572692871,,2.5026071071624756,,0.32643741369247437,,0.16652369499206543
,1384.0,13,2.681379373825621e-05,69449,,24.65760612487793,,2.6724674701690674,,0.3264826536178589,,0.16656237840652466
,1360.0,13,2.6758620151667856e-05,69499,,18.272205352783203,,2.4093642234802246,,0.3265405297279358,,0.16659802198410034
,1360.0,13,2.6703448384068906e-05,69549,,22.0040225982666,,2.4314918518066406,,0.32658132910728455,,0.1666320562362671
,1360.0,13,2.6648276616469957e-05,69599,,16.32423210144043,,2.4717962741851807,,0.32662832736968994,,0.16666282713413239
,1352.0,13,2.6593103029881604e-05,69649,,16.908344268798828,,2.528135299682617,,0.3266834318637848,,0.16670453548431396
,1360.0,13,2.6537931262282655e-05,69699,,25.499454498291016,,2.4140074253082275,,0.3267386257648468,,0.16674408316612244
,1292.0,13,2.6482759494683705e-05,69749,,23.609647750854492,,2.60019588470459,,0.3267938196659088,,0.1667850762605667
,1348.0,13,2.6427585908095352e-05,69799,,16.2586727142334,,2.5815064907073975,,0.32684311270713806,,0.16682235896587372
,1384.0,13,2.6372414140496403e-05,69849,,16.033870697021484,,2.270174741744995,,0.3268909156322479,,0.16686032712459564
,1376.0,13,2.631724055390805e-05,69899,,21.54132652282715,,2.335151433944702,,0.32694029808044434,,0.1668977439403534
,1388.0,13,2.62620687863091e-05,69949,,20.408552169799805,,2.6624579429626465,,0.3269820511341095,,0.1669302135705948
,1372.0,13,2.620689701871015e-05,69999,,21.031803131103516,,2.3871800899505615,,0.3270280063152313,,0.1669672727584839
,1336.0,13,2.61517234321218e-05,70049,,19.612314224243164,,2.3593618869781494,,0.327077716588974,,0.1670110672712326
,1380.0,13,2.609655166452285e-05,70099,,25.248390197753906,,2.625300168991089,,0.32712364196777344,,0.1670515239238739
,1348.0,13,2.60413798969239e-05,70149,,18.652698516845703,,2.2669079303741455,,0.3271772265434265,,0.16708485782146454
,1392.0,13,2.5986206310335547e-05,70199,,16.544261932373047,,2.407876491546631,,0.3272283673286438,,0.16712740063667297
,1336.0,13,2.5931034542736597e-05,70249,,17.558650970458984,,2.618586540222168,,0.32727113366127014,,0.16715526580810547
,1372.0,13,2.5875862775137648e-05,70299,,16.80951690673828,,2.1611907482147217,,0.3273201584815979,,0.16719208657741547
,1316.0,13,2.5820689188549295e-05,70349,,16.83249855041504,,2.657200336456299,,0.3273739516735077,,0.16723448038101196
,1360.0,13,2.5765517420950346e-05,70399,,16.975414276123047,,2.57073712348938,,0.3274247348308563,,0.16727563738822937
,1360.0,13,2.5710345653351396e-05,70449,,21.19010353088379,,2.1278347969055176,,0.32747185230255127,,0.16730937361717224
,1364.0,13,2.5655172066763043e-05,70499,,31.21870231628418,,2.4840712547302246,,0.32752200961112976,,0.16734518110752106
,1364.0,13,2.5600000299164094e-05,70549,,23.186336517333984,,2.8067705631256104,,0.32756826281547546,,0.16737902164459229
,1356.0,13,2.554482671257574e-05,70599,,17.874046325683594,,2.6417248249053955,,0.3276215195655823,,0.16741500794887543
,1336.0,13,2.5489654944976792e-05,70649,,16.964874267578125,,2.515976905822754,,0.32767361402511597,,0.16746212542057037
,1376.0,13,2.5434483177377842e-05,70699,,16.25630760192871,,2.2833123207092285,,0.3277246356010437,,0.16750448942184448
,1372.0,13,2.537930959078949e-05,70749,,18.750797271728516,,2.1806089878082275,,0.32776957750320435,,0.1675429493188858
,1356.0,13,2.532413782319054e-05,70799,,17.31197166442871,,2.5370171070098877,,0.3278200924396515,,0.16758669912815094
,1352.0,13,2.526896605559159e-05,70849,,21.489564895629883,,2.5789849758148193,,0.32786887884140015,,0.16761845350265503
,1368.0,13,2.5213792469003238e-05,70899,,22.93619728088379,,2.688377618789673,,0.3279167413711548,,0.16765156388282776
,1368.0,13,2.515862070140429e-05,70949,,20.46588706970215,,2.3656163215637207,,0.32796144485473633,,0.16768398880958557
,1376.0,13,2.510344893380534e-05,70999,,19.79466438293457,,2.541452407836914,,0.3280040919780731,,0.1677277833223343
,1364.0,13,2.5048275347216986e-05,71049,,21.164875030517578,,2.659425735473633,,0.3280482292175293,,0.16775797307491302
,1392.0,13,2.4993103579618037e-05,71099,,18.559837341308594,,2.5707144737243652,,0.328097403049469,,0.1677907109260559
,1380.0,13,2.4937931812019087e-05,71149,,19.9656982421875,,2.373370885848999,,0.32814526557922363,,0.16783326864242554
,1392.0,13,2.4882758225430734e-05,71199,,20.968046188354492,,2.5179316997528076,,0.3281880021095276,,0.16787365078926086
,1396.0,13,2.4827586457831785e-05,71249,,22.492176055908203,,2.7538561820983887,,0.32823941111564636,,0.16791285574436188
,1392.0,13,2.4772414690232836e-05,71299,,20.143220901489258,,2.626478433609009,,0.3282836377620697,,0.16794264316558838
,1380.0,13,2.4717241103644483e-05,71349,,18.975082397460938,,2.60710072517395,,0.32833027839660645,,0.16797766089439392
,1368.0,13,2.4662069336045533e-05,71399,,20.545896530151367,,2.656996250152588,,0.3283737301826477,,0.16800299286842346
,1380.0,13,2.460689574945718e-05,71449,,18.576171875,,2.602456569671631,,0.3284161686897278,,0.16802345216274261
,1360.0,13,2.455172398185823e-05,71499,,18.621566772460938,,2.290539503097534,,0.3284665048122406,,0.16806073486804962
,1340.0,13,2.4496552214259282e-05,71549,,19.691120147705078,,2.6023309230804443,,0.3285105526447296,,0.16809959709644318
,1340.0,13,2.444137862767093e-05,71599,,17.550527572631836,,2.4565725326538086,,0.32854825258255005,,0.16813082993030548
,1328.0,13,2.438620686007198e-05,71649,,17.875492095947266,,2.463813066482544,,0.3285973072052002,,0.16816924512386322
,1372.0,13,2.433103509247303e-05,71699,,22.062191009521484,,2.528844118118286,,0.328647255897522,,0.1682073473930359
,1340.0,13,2.4275861505884677e-05,71749,,16.250553131103516,,2.375438690185547,,0.32869768142700195,,0.1682378649711609
,1356.0,13,2.4220689738285728e-05,71799,,18.529396057128906,,2.2274205684661865,,0.3287564218044281,,0.16826297342777252
,1356.0,13,2.416551797068678e-05,71849,,19.297630310058594,,2.450643301010132,,0.32880014181137085,,0.16829924285411835
,1376.0,13,2.4110344384098426e-05,71899,,15.863571166992188,,2.113116502761841,,0.32884320616722107,,0.16833892464637756
,1344.0,13,2.4055172616499476e-05,71949,,28.006603240966797,,2.3682985305786133,,0.328890860080719,,0.16836467385292053
,1364.0,13,2.4000000848900527e-05,71999,,19.494138717651367,,2.4695932865142822,,0.32893985509872437,,0.1683967560529709
,1356.0,13,2.3944827262312174e-05,72049,,18.36144256591797,,2.6156837940216064,,0.3289855420589447,,0.1684228777885437
,1352.0,13,2.3889655494713224e-05,72099,,18.0301570892334,,2.5379199981689453,,0.32903310656547546,,0.1684563010931015
,1376.0,13,2.383448190812487e-05,72149,,21.29791259765625,,2.5598204135894775,,0.3290821611881256,,0.1684931516647339
,1372.0,13,2.3779310140525922e-05,72199,,22.384666442871094,,2.6962356567382812,,0.32912224531173706,,0.16852515935897827
,1380.0,13,2.3724138372926973e-05,72249,,20.54842758178711,,2.52719783782959,,0.32916417717933655,,0.168552964925766
,1392.0,13,2.366896478633862e-05,72299,,23.117578506469727,,2.197377920150757,,0.32920536398887634,,0.16858574748039246
,1344.0,13,2.361379301873967e-05,72349,,16.844003677368164,,2.073441505432129,,0.3292521834373474,,0.16862691938877106
,1372.0,13,2.355862125114072e-05,72399,,19.631725311279297,,2.3145060539245605,,0.32930657267570496,,0.16866087913513184
,1360.0,13,2.3503447664552368e-05,72449,,18.539138793945312,,2.3288629055023193,,0.3293512761592865,,0.1686989963054657
,1352.0,13,2.344827589695342e-05,72499,,23.287330627441406,,2.6595816612243652,,0.32939866185188293,,0.1687275618314743
,1360.0,13,2.339310412935447e-05,72549,,26.54697608947754,,2.549114227294922,,0.3294437825679779,,0.1687619686126709
,1376.0,13,2.3337930542766117e-05,72599,,18.742778778076172,,2.3683230876922607,,0.32948997616767883,,0.16879265010356903
,1376.0,13,2.3282758775167167e-05,72649,,17.1575984954834,,2.6497442722320557,,0.3295370936393738,,0.16883382201194763
,1356.0,13,2.3227587007568218e-05,72699,,18.967363357543945,,2.4667229652404785,,0.3295842111110687,,0.16887211799621582
,1384.0,13,2.3172413420979865e-05,72749,,22.347057342529297,,2.5443289279937744,,0.3296360969543457,,0.16891299188137054
,1360.0,13,2.3117241653380916e-05,72799,,28.511537551879883,,2.582200288772583,,0.3296791911125183,,0.16894377768039703
,1372.0,13,2.3062068066792563e-05,72849,,21.33466911315918,,2.3693552017211914,,0.329725444316864,,0.1689811497926712
1365.6004638671875,,13,,72855,19.65281105041504,,2.499967336654663,,0.3272571265697479,,0.16714012622833252,
,1368.0,14,2.3006896299193613e-05,72899,,20.2008056640625,,2.3907864093780518,,0.3297775983810425,,0.16901546716690063
,1380.0,14,2.2951724531594664e-05,72949,,19.665977478027344,,2.4247446060180664,,0.3298274278640747,,0.16905105113983154
,1368.0,14,2.289655094500631e-05,72999,,27.462671279907227,,2.8482344150543213,,0.32987895607948303,,0.16908825933933258
,1404.0,14,2.284137917740736e-05,73049,,19.845287322998047,,2.5924344062805176,,0.3299267590045929,,0.16912241280078888
,1376.0,14,2.2786207409808412e-05,73099,,17.83208656311035,,2.548492193222046,,0.3299706280231476,,0.169159397482872
,1364.0,14,2.273103382322006e-05,73149,,18.840986251831055,,2.612741470336914,,0.3300134837627411,,0.16919435560703278
,1364.0,14,2.267586205562111e-05,73199,,18.225170135498047,,2.513622760772705,,0.3300575613975525,,0.16923794150352478
,1376.0,14,2.262069028802216e-05,73249,,16.91423797607422,,2.431136131286621,,0.33010557293891907,,0.16927951574325562
,1360.0,14,2.2565516701433808e-05,73299,,16.818161010742188,,2.3350820541381836,,0.33014431595802307,,0.16931751370429993
,1380.0,14,2.2510344933834858e-05,73349,,19.280855178833008,,2.3447444438934326,,0.33018824458122253,,0.16935262084007263
,1392.0,14,2.245517316623591e-05,73399,,18.433584213256836,,2.5504672527313232,,0.3302333652973175,,0.1693858951330185
,1376.0,14,2.2399999579647556e-05,73449,,18.2847843170166,,2.666804313659668,,0.33027830719947815,,0.16943654417991638
,1376.0,14,2.2344827812048607e-05,73499,,20.469989776611328,,2.5206871032714844,,0.3303263187408447,,0.1694711595773697
,1372.0,14,2.2289656044449657e-05,73549,,18.948095321655273,,2.611318826675415,,0.3303762674331665,,0.16950874030590057
,1336.0,14,2.2234482457861304e-05,73599,,20.134536743164062,,2.569869041442871,,0.3304269015789032,,0.16954830288887024
,1392.0,14,2.2179310690262355e-05,73649,,20.368518829345703,,2.4804320335388184,,0.3304743468761444,,0.16957831382751465
,1364.0,14,2.2124137103674002e-05,73699,,19.977516174316406,,2.4790897369384766,,0.330526202917099,,0.1696043163537979
,1372.0,14,2.2068965336075053e-05,73749,,18.714609146118164,,2.4958224296569824,,0.330573707818985,,0.1696484386920929
,1352.0,14,2.2013793568476103e-05,73799,,19.453977584838867,,2.5703372955322266,,0.33061590790748596,,0.1696808934211731
,1384.0,14,2.195861998188775e-05,73849,,28.127227783203125,,2.658508062362671,,0.33065709471702576,,0.16971522569656372
,1368.0,14,2.19034482142888e-05,73899,,20.176570892333984,,2.4895222187042236,,0.33070507645606995,,0.16974429786205292
,1376.0,14,2.184827644668985e-05,73949,,35.675392150878906,,2.7964515686035156,,0.3307483494281769,,0.16978035867214203
,1356.0,14,2.17931028601015e-05,73999,,20.995807647705078,,2.293398857116699,,0.3307909667491913,,0.16981050372123718
,1368.0,14,2.173793109250255e-05,74049,,16.81833267211914,,2.423163652420044,,0.33083575963974,,0.16984793543815613
,1304.0,14,2.16827593249036e-05,74099,,21.55990219116211,,2.611475706100464,,0.3308738172054291,,0.16987785696983337
,1376.0,14,2.1627585738315247e-05,74149,,21.63758659362793,,2.639409303665161,,0.3309199810028076,,0.16992010176181793
,1384.0,14,2.1572413970716298e-05,74199,,18.494674682617188,,2.7068145275115967,,0.3309744596481323,,0.16995754837989807
,1376.0,14,2.1517242203117348e-05,74249,,18.645599365234375,,2.466517210006714,,0.33101919293403625,,0.16999055445194244
,1380.0,14,2.1462068616528995e-05,74299,,22.672014236450195,,2.5104379653930664,,0.3310582935810089,,0.17001797258853912
,1364.0,14,2.1406896848930046e-05,74349,,19.928112030029297,,2.4045486450195312,,0.33110034465789795,,0.1700449436903
,1392.0,14,2.1351723262341693e-05,74399,,18.49993896484375,,2.510925531387329,,0.33114445209503174,,0.17007233202457428
,1388.0,14,2.1296551494742744e-05,74449,,23.241212844848633,,2.5429162979125977,,0.3311915695667267,,0.1701107919216156
,1360.0,14,2.1241379727143794e-05,74499,,19.168020248413086,,2.5779125690460205,,0.33123326301574707,,0.17014561593532562
,1368.0,14,2.118620614055544e-05,74549,,19.6374568939209,,2.4252569675445557,,0.3312729597091675,,0.17016825079917908
,1388.0,14,2.1131034372956492e-05,74599,,24.237171173095703,,2.371962785720825,,0.33131644129753113,,0.17020460963249207
,1356.0,14,2.1075862605357543e-05,74649,,21.807126998901367,,2.1008222103118896,,0.3313552439212799,,0.17022937536239624
,1368.0,14,2.102068901876919e-05,74699,,19.75385856628418,,2.579310417175293,,0.33139729499816895,,0.17025792598724365
,1356.0,14,2.096551725117024e-05,74749,,17.562084197998047,,2.494581460952759,,0.3314396142959595,,0.170292928814888
,1352.0,14,2.091034548357129e-05,74799,,18.10930061340332,,2.364150047302246,,0.3314863443374634,,0.17033302783966064
,1360.0,14,2.0855171896982938e-05,74849,,22.30693817138672,,2.438558340072632,,0.3315289616584778,,0.1703609973192215
,1372.0,14,2.080000012938399e-05,74899,,19.6929988861084,,2.7949090003967285,,0.33157265186309814,,0.17039896547794342
,1376.0,14,2.074482836178504e-05,74949,,20.42112922668457,,2.703512191772461,,0.3316166400909424,,0.17043496668338776
,1324.0,14,2.0689654775196686e-05,74999,,17.415231704711914,,2.442378282546997,,0.33165761828422546,,0.17046603560447693
,1340.0,14,2.0634483007597737e-05,75049,,19.42448616027832,,2.367833375930786,,0.3317026197910309,,0.17050115764141083
,1384.0,14,2.0579311239998788e-05,75099,,19.555376052856445,,2.4170565605163574,,0.33174532651901245,,0.1705431491136551
,1360.0,14,2.0524137653410435e-05,75149,,17.365690231323242,,2.5795040130615234,,0.33179059624671936,,0.17057494819164276
,1368.0,14,2.0468965885811485e-05,75199,,24.60906219482422,,2.2742319107055664,,0.33183836936950684,,0.17060863971710205
,1324.0,14,2.0413792299223132e-05,75249,,23.698225021362305,,2.573730945587158,,0.3318735957145691,,0.1706399917602539
,1368.0,14,2.0358620531624183e-05,75299,,16.958316802978516,,2.5496766567230225,,0.33192700147628784,,0.1706826239824295
,1360.0,14,2.0303448764025234e-05,75349,,23.355255126953125,,2.8533987998962402,,0.33197295665740967,,0.1707105040550232
,1324.0,14,2.024827517743688e-05,75399,,20.38252830505371,,2.3443379402160645,,0.3320183753967285,,0.1707446128129959
,1360.0,14,2.019310340983793e-05,75449,,24.854267120361328,,2.6091063022613525,,0.3320579528808594,,0.17076827585697174
,1316.0,14,2.0137931642238982e-05,75499,,15.953932762145996,,2.3058624267578125,,0.33210110664367676,,0.17081137001514435
,1360.0,14,2.008275805565063e-05,75549,,28.519914627075195,,2.7506721019744873,,0.3321416974067688,,0.1708420217037201
,1360.0,14,2.002758628805168e-05,75599,,18.920530319213867,,2.6431009769439697,,0.33219701051712036,,0.17087997496128082
,1376.0,14,1.997241452045273e-05,75649,,19.805912017822266,,2.517198085784912,,0.3322436511516571,,0.1709146648645401
,1348.0,14,1.9917240933864377e-05,75699,,18.837703704833984,,2.0611236095428467,,0.33228832483291626,,0.1709473729133606
,1384.0,14,1.9862069166265428e-05,75749,,27.577857971191406,,2.5327377319335938,,0.33233314752578735,,0.17097821831703186
,1368.0,14,1.980689739866648e-05,75799,,25.662229537963867,,2.152303695678711,,0.3323747515678406,,0.17101648449897766
,1356.0,14,1.9751723812078126e-05,75849,,18.142553329467773,,2.6886239051818848,,0.3324158787727356,,0.1710534393787384
,1384.0,14,1.9696552044479176e-05,75899,,18.176223754882812,,2.5814754962921143,,0.3324570953845978,,0.17108510434627533
,1368.0,14,1.9641378457890823e-05,75949,,26.751388549804688,,2.7976021766662598,,0.3325033485889435,,0.17112226784229279
,1352.0,14,1.9586206690291874e-05,75999,,17.209768295288086,,2.4776406288146973,,0.33254992961883545,,0.1711515486240387
,1392.0,14,1.9531034922692925e-05,76049,,19.405153274536133,,2.688019037246704,,0.33259037137031555,,0.1711840033531189
,1364.0,14,1.9475861336104572e-05,76099,,20.551292419433594,,2.3189947605133057,,0.3326328694820404,,0.17122353613376617
,1356.0,14,1.9420689568505622e-05,76149,,18.161651611328125,,2.5898818969726562,,0.3326738178730011,,0.1712527573108673
,1368.0,14,1.9365517800906673e-05,76199,,20.24791145324707,,2.751987934112549,,0.3327172100543976,,0.17128658294677734
,1376.0,14,1.931034421431832e-05,76249,,17.37784767150879,,2.474437952041626,,0.3327583074569702,,0.1713089793920517
,1396.0,14,1.925517244671937e-05,76299,,20.577470779418945,,2.534431219100952,,0.33280208706855774,,0.1713411659002304
,1372.0,14,1.920000067912042e-05,76349,,18.47205352783203,,2.5501811504364014,,0.33284080028533936,,0.17137135565280914
,1360.0,14,1.914482709253207e-05,76399,,17.37160873413086,,2.4576587677001953,,0.3328797221183777,,0.17139610648155212
,1360.0,14,1.908965532493312e-05,76449,,17.90397071838379,,2.677436351776123,,0.3329220116138458,,0.1714317351579666
,1356.0,14,1.903448355733417e-05,76499,,17.108718872070312,,2.4615025520324707,,0.332966685295105,,0.17146238684654236
,1328.0,14,1.8979309970745817e-05,76549,,23.75524139404297,,2.5696229934692383,,0.3330150246620178,,0.17150361835956573
,1364.0,14,1.8924138203146867e-05,76599,,22.66401481628418,,2.586209297180176,,0.33305299282073975,,0.17153507471084595
,1368.0,14,1.8868964616558515e-05,76649,,20.68934440612793,,2.600224733352661,,0.33310094475746155,,0.17156438529491425
,1380.0,14,1.8813792848959565e-05,76699,,19.250844955444336,,2.277958631515503,,0.33314329385757446,,0.17159408330917358
,1368.0,14,1.8758621081360616e-05,76749,,17.8659725189209,,2.5318124294281006,,0.33319127559661865,,0.1716301441192627
,1356.0,14,1.8703447494772263e-05,76799,,18.30927085876465,,2.675675392150879,,0.3332345485687256,,0.17165642976760864
,1384.0,14,1.8648275727173313e-05,76849,,21.431509017944336,,2.9292845726013184,,0.33327820897102356,,0.1716892421245575
,1384.0,14,1.8593103959574364e-05,76899,,20.262039184570312,,2.701500415802002,,0.3333185613155365,,0.17171025276184082
,1372.0,14,1.853793037298601e-05,76949,,18.249605178833008,,2.5098085403442383,,0.33335739374160767,,0.17174005508422852
,1376.0,14,1.8482758605387062e-05,76999,,19.250812530517578,,2.4649925231933594,,0.33339592814445496,,0.17176643013954163
,1404.0,14,1.8427586837788112e-05,77049,,20.982887268066406,,2.5277884006500244,,0.33344408869743347,,0.17179499566555023
,1380.0,14,1.837241325119976e-05,77099,,20.829904556274414,,2.6860973834991455,,0.33348989486694336,,0.17182864248752594
,1332.0,14,1.831724148360081e-05,77149,,20.244098663330078,,2.1898744106292725,,0.33353549242019653,,0.17186371982097626
,1376.0,14,1.826206971600186e-05,77199,,20.549665451049805,,2.5861241817474365,,0.33358436822891235,,0.17190450429916382
,1336.0,14,1.8206896129413508e-05,77249,,26.39084815979004,,2.7308757305145264,,0.3336253762245178,,0.17193657159805298
,1356.0,14,1.815172436181456e-05,77299,,18.581859588623047,,2.3575758934020996,,0.33366045355796814,,0.1719662994146347
,1392.0,14,1.809655259421561e-05,77349,,19.96343231201172,,2.5358142852783203,,0.3337050974369049,,0.1720018833875656
,1368.0,14,1.8041379007627256e-05,77399,,25.752138137817383,,2.9150235652923584,,0.3337464928627014,,0.17203347384929657
,1356.0,14,1.7986207240028307e-05,77449,,19.29030990600586,,2.2947442531585693,,0.3337906301021576,,0.17206676304340363
,1392.0,14,1.7931033653439954e-05,77499,,23.32891845703125,,2.5406813621520996,,0.33383357524871826,,0.17210061848163605
,1392.0,14,1.7875861885841005e-05,77549,,17.373321533203125,,2.436490535736084,,0.33388280868530273,,0.17213356494903564
,1360.0,14,1.7820690118242055e-05,77599,,20.005693435668945,,2.758358955383301,,0.33392608165740967,,0.17216287553310394
,1360.0,14,1.7765516531653702e-05,77649,,19.506591796875,,2.7591826915740967,,0.33396977186203003,,0.17219707369804382
,1344.0,14,1.7710344764054753e-05,77699,,22.196575164794922,,2.5220348834991455,,0.3340091407299042,,0.17222806811332703
,1356.0,14,1.7655172996455804e-05,77749,,16.66794204711914,,2.416128158569336,,0.3340481221675873,,0.17225876450538635
,1352.0,14,1.759999940986745e-05,77799,,21.283924102783203,,2.6495425701141357,,0.3340877592563629,,0.1722862720489502
,1356.0,14,1.75448276422685e-05,77849,,18.159229278564453,,2.305907964706421,,0.3341267704963684,,0.17232254147529602
,1376.0,14,1.7489655874669552e-05,77899,,19.136810302734375,,2.693275213241577,,0.3341678977012634,,0.17235791683197021
,1400.0,14,1.74344822880812e-05,77949,,16.974998474121094,,2.81833815574646,,0.33421197533607483,,0.17238953709602356
,1352.0,14,1.737931052048225e-05,77999,,23.483417510986328,,2.3452212810516357,,0.3342561423778534,,0.17242451012134552
,1316.0,14,1.73241387528833e-05,78049,,18.430429458618164,,2.2135965824127197,,0.3343004584312439,,0.172467902302742
1365.0242919921875,,14,,78059,20.18476676940918,,2.482182264328003,,0.3320568799972534,,0.17076584696769714,
,1376.0,15,1.7268965166294947e-05,78099,,27.881807327270508,,2.390833854675293,,0.3343465030193329,,0.1724994033575058
,1356.0,15,1.7213793398695998e-05,78149,,18.162506103515625,,2.5459606647491455,,0.3343813717365265,,0.17252814769744873
,1340.0,15,1.7158619812107645e-05,78199,,16.86982536315918,,2.5279698371887207,,0.33442264795303345,,0.1725578010082245
,1336.0,15,1.7103448044508696e-05,78249,,21.636564254760742,,2.7619822025299072,,0.3344646096229553,,0.17259308695793152
,1340.0,15,1.7048276276909746e-05,78299,,19.797748565673828,,2.5447146892547607,,0.33450090885162354,,0.17261750996112823
,1380.0,15,1.6993102690321393e-05,78349,,20.73628807067871,,2.475080728530884,,0.3345336616039276,,0.17263861000537872
,1388.0,15,1.6937930922722444e-05,78399,,18.000577926635742,,2.559274435043335,,0.3345736563205719,,0.17266418039798737
,1356.0,15,1.6882759155123495e-05,78449,,18.765499114990234,,2.4278581142425537,,0.33461037278175354,,0.17270198464393616
,1368.0,15,1.682758556853514e-05,78499,,20.227951049804688,,2.667198896408081,,0.33464789390563965,,0.1727258414030075
,1408.0,15,1.6772413800936192e-05,78549,,25.14252471923828,,2.4818484783172607,,0.3346964120864868,,0.17276322841644287
,1364.0,15,1.6717242033337243e-05,78599,,18.921871185302734,,2.4268085956573486,,0.33473142981529236,,0.17279502749443054
,1380.0,15,1.666206844674889e-05,78649,,22.873167037963867,,2.3669850826263428,,0.33477580547332764,,0.17282815277576447
,1360.0,15,1.660689667914994e-05,78699,,20.761367797851562,,2.634084701538086,,0.33480966091156006,,0.1728605180978775
,1332.0,15,1.655172491155099e-05,78749,,18.466920852661133,,2.428236961364746,,0.33485111594200134,,0.17288897931575775
,1364.0,15,1.649655132496264e-05,78799,,19.35065460205078,,2.4860777854919434,,0.33489882946014404,,0.1729181706905365
,1372.0,15,1.644137955736369e-05,78849,,18.357622146606445,,2.583993673324585,,0.3349400460720062,,0.1729423552751541
,1388.0,15,1.638620778976474e-05,78899,,18.15610694885254,,2.3447017669677734,,0.33497855067253113,,0.17297117412090302
,1360.0,15,1.6331034203176387e-05,78949,,18.243579864501953,,2.5449233055114746,,0.33502060174942017,,0.17300327122211456
,1356.0,15,1.6275862435577437e-05,78999,,19.609237670898438,,2.5242531299591064,,0.33506494760513306,,0.17303594946861267
,1384.0,15,1.6220688848989084e-05,79049,,25.63588523864746,,2.2581942081451416,,0.33511123061180115,,0.17306777834892273
,1020.0,15,1.6165517081390135e-05,79099,,28.501110076904297,,2.546358346939087,,0.33515074849128723,,0.17309868335723877
,1360.0,15,1.6110345313791186e-05,79149,,20.18596649169922,,2.7128453254699707,,0.3351898789405823,,0.17313118278980255
,1336.0,15,1.6055171727202833e-05,79199,,16.566659927368164,,2.4610044956207275,,0.33522680401802063,,0.17315702140331268
,1364.0,15,1.5999999959603883e-05,79249,,26.077617645263672,,2.379145622253418,,0.33526891469955444,,0.17318671941757202
,1340.0,15,1.5944828192004934e-05,79299,,21.468727111816406,,2.211613178253174,,0.33531254529953003,,0.17322297394275665
,1356.0,15,1.588965460541658e-05,79349,,26.127670288085938,,2.4199533462524414,,0.33534738421440125,,0.17325298488140106
,1360.0,15,1.583448283781763e-05,79399,,23.63532257080078,,2.4844274520874023,,0.33539217710494995,,0.17328262329101562
,1368.0,15,1.5779311070218682e-05,79449,,20.65639305114746,,2.3050787448883057,,0.3354295492172241,,0.1733129918575287
,1384.0,15,1.572413748363033e-05,79499,,22.845809936523438,,2.6611807346343994,,0.3354679048061371,,0.17334453761577606
,1360.0,15,1.566896571603138e-05,79549,,19.325925827026367,,2.7624974250793457,,0.3355068266391754,,0.17337553203105927
,1372.0,15,1.561379394843243e-05,79599,,16.428964614868164,,2.1807563304901123,,0.3355443477630615,,0.1734137237071991
,1364.0,15,1.5558620361844078e-05,79649,,24.501800537109375,,2.5684428215026855,,0.3355819880962372,,0.1734446883201599
,1352.0,15,1.550344859424513e-05,79699,,17.49603843688965,,2.4489288330078125,,0.3356228172779083,,0.1734728217124939
,1348.0,15,1.5448275007656775e-05,79749,,18.143529891967773,,2.353151798248291,,0.33566316962242126,,0.17350377142429352
,1416.0,15,1.5393103240057826e-05,79799,,17.277631759643555,,2.6481618881225586,,0.33571016788482666,,0.173536479473114
,1384.0,15,1.5337931472458877e-05,79849,,20.890836715698242,,2.3600270748138428,,0.3357524871826172,,0.17356333136558533
,1392.0,15,1.5282757885870524e-05,79899,,18.211021423339844,,2.5897836685180664,,0.3357950747013092,,0.17359574139118195
,1344.0,15,1.5227586118271574e-05,79949,,18.46346664428711,,2.4548463821411133,,0.3358345031738281,,0.17363011837005615
,1336.0,15,1.5172413441177923e-05,79999,,18.945941925048828,,2.465994358062744,,0.3358805775642395,,0.17366576194763184
,1356.0,15,1.5117241673578974e-05,80049,,19.434650421142578,,2.394663095474243,,0.3359234035015106,,0.17370375990867615
,1360.0,15,1.5062068996485323e-05,80099,,21.223281860351562,,2.5143213272094727,,0.33596163988113403,,0.17373640835285187
,1400.0,15,1.5006896319391672e-05,80149,,27.829530715942383,,2.6262805461883545,,0.33600056171417236,,0.17376792430877686
,1336.0,15,1.4951724551792722e-05,80199,,19.525802612304688,,2.565171241760254,,0.33603742718696594,,0.1737978160381317
,1356.0,15,1.4896551874699071e-05,80249,,21.70509147644043,,1.7105108499526978,,0.3360810875892639,,0.17382685840129852
,1396.0,15,1.484137919760542e-05,80299,,19.86903190612793,,2.7369909286499023,,0.3361207842826843,,0.17385829985141754
,1332.0,15,1.4786206520511769e-05,80349,,17.744415283203125,,2.3580081462860107,,0.336153119802475,,0.17388664186000824
,1348.0,15,1.473103475291282e-05,80399,,17.979032516479492,,2.3149898052215576,,0.3361956477165222,,0.1739213466644287
,1376.0,15,1.4675862075819168e-05,80449,,17.180500030517578,,2.1947884559631348,,0.33623650670051575,,0.173946350812912
,1348.0,15,1.4620689398725517e-05,80499,,19.708415985107422,,2.3504953384399414,,0.3362751305103302,,0.17397424578666687
,1376.0,15,1.4565517631126568e-05,80549,,18.332908630371094,,2.501243829727173,,0.33631443977355957,,0.1740100383758545
,1368.0,15,1.4510344954032917e-05,80599,,18.16240882873535,,2.3755736351013184,,0.3363504707813263,,0.17403452098369598
,1352.0,15,1.4455172276939265e-05,80649,,15.68152904510498,,2.26322340965271,,0.3363877832889557,,0.174062579870224
,1372.0,15,1.4399999599845614e-05,80699,,18.900239944458008,,2.2987236976623535,,0.33642882108688354,,0.17409488558769226
,1348.0,15,1.4344827832246665e-05,80749,,16.152931213378906,,2.2500667572021484,,0.3364675045013428,,0.17412646114826202
,1360.0,15,1.4289655155153014e-05,80799,,17.76062774658203,,2.520407199859619,,0.33650970458984375,,0.1741551011800766
,1408.0,15,1.4234482478059363e-05,80849,,20.03326988220215,,2.403301477432251,,0.3365571200847626,,0.17419086396694183
,1332.0,15,1.4179310710460413e-05,80899,,17.392818450927734,,2.148247003555298,,0.3366098999977112,,0.17422173917293549
,1372.0,15,1.4124138033366762e-05,80949,,18.093585968017578,,2.4227957725524902,,0.3366571068763733,,0.17425957322120667
,1328.0,15,1.4068965356273111e-05,80999,,18.28080177307129,,2.381464958190918,,0.3366996943950653,,0.1742912381887436
,1372.0,15,1.401379267917946e-05,81049,,22.323944091796875,,2.694776773452759,,0.3367356061935425,,0.17431890964508057
,1364.0,15,1.395862091158051e-05,81099,,20.0416202545166,,2.4924936294555664,,0.33677443861961365,,0.17435792088508606
,1380.0,15,1.390344823448686e-05,81149,,17.442649841308594,,2.2449238300323486,,0.3368157148361206,,0.17438818514347076
,1348.0,15,1.3848275557393208e-05,81199,,17.197248458862305,,2.3784759044647217,,0.33686363697052,,0.17441637814044952
,1364.0,15,1.3793103789794259e-05,81249,,19.493427276611328,,2.6604487895965576,,0.3368963897228241,,0.1744435429573059
,1332.0,15,1.3737931112700608e-05,81299,,18.772502899169922,,2.3630740642547607,,0.33693960309028625,,0.17447899281978607
,1348.0,15,1.3682758435606956e-05,81349,,16.58587074279785,,2.4724607467651367,,0.3369775116443634,,0.17451593279838562
,1344.0,15,1.3627585758513305e-05,81399,,20.345308303833008,,2.4281699657440186,,0.3370124399662018,,0.17454281449317932
,1356.0,15,1.3572413990914356e-05,81449,,19.818798065185547,,2.456164598464966,,0.3370528817176819,,0.1745733767747879
,1348.0,15,1.3517241313820705e-05,81499,,21.538002014160156,,2.201378583908081,,0.3370889723300934,,0.17459988594055176
,1332.0,15,1.3462068636727054e-05,81549,,19.078699111938477,,2.524301767349243,,0.33713382482528687,,0.17463640868663788
,1368.0,15,1.3406896869128104e-05,81599,,20.885414123535156,,2.6928093433380127,,0.33716899156570435,,0.17466409504413605
,1380.0,15,1.3351724192034453e-05,81649,,24.503124237060547,,2.592864990234375,,0.33720842003822327,,0.1746954470872879
,1360.0,15,1.3296551514940802e-05,81699,,18.68775177001953,,2.5455846786499023,,0.33724868297576904,,0.1747274100780487
,1408.0,15,1.3241379747341853e-05,81749,,19.57866096496582,,2.5445408821105957,,0.3372898995876312,,0.17475974559783936
,1328.0,15,1.3186207070248201e-05,81799,,24.380430221557617,,2.678093910217285,,0.33733123540878296,,0.17479008436203003
,1344.0,15,1.313103439315455e-05,81849,,20.250436782836914,,2.4665069580078125,,0.3373676836490631,,0.1748182326555252
,1360.0,15,1.30758617160609e-05,81899,,30.190149307250977,,2.2202048301696777,,0.33740949630737305,,0.17484770715236664
,1372.0,15,1.302068994846195e-05,81949,,15.793896675109863,,2.588775396347046,,0.3374457359313965,,0.17487317323684692
,1396.0,15,1.2965517271368299e-05,81999,,19.959321975708008,,2.7481131553649902,,0.33748504519462585,,0.17490524053573608
,1380.0,15,1.2910344594274648e-05,82049,,19.939294815063477,,2.2825944423675537,,0.33752498030662537,,0.17493759095668793
,1380.0,15,1.2855172826675698e-05,82099,,18.942138671875,,2.7222836017608643,,0.33756741881370544,,0.17496727406978607
,1368.0,15,1.2800000149582047e-05,82149,,28.03155517578125,,2.061389207839966,,0.3376069664955139,,0.1749931126832962
,1316.0,15,1.2744827472488396e-05,82199,,16.630760192871094,,2.4840900897979736,,0.33765044808387756,,0.17501994967460632
,1332.0,15,1.2689654795394745e-05,82249,,18.797853469848633,,2.4596614837646484,,0.3376951217651367,,0.1750544011592865
,1392.0,15,1.2634483027795795e-05,82299,,35.35224533081055,,2.560275077819824,,0.337735116481781,,0.1750858724117279
,1372.0,15,1.2579310350702144e-05,82349,,25.207441329956055,,2.6445183753967285,,0.3377722203731537,,0.17511390149593353
,1364.0,15,1.2524137673608493e-05,82399,,25.829565048217773,,2.6041207313537598,,0.33781859278678894,,0.17514216899871826
,1360.0,15,1.2468965906009544e-05,82449,,18.31511116027832,,2.1177923679351807,,0.33786317706108093,,0.17517352104187012
,1364.0,15,1.2413793228915893e-05,82499,,23.718494415283203,,2.5127265453338623,,0.3378981053829193,,0.17520174384117126
,1344.0,15,1.2358620551822241e-05,82549,,17.006290435791016,,2.550708055496216,,0.33793357014656067,,0.1752331554889679
,1380.0,15,1.230344787472859e-05,82599,,16.543697357177734,,2.2520620822906494,,0.337982714176178,,0.1752663552761078
,1388.0,15,1.2248276107129641e-05,82649,,18.556880950927734,,2.56886887550354,,0.33802708983421326,,0.17529845237731934
,1356.0,15,1.219310343003599e-05,82699,,20.072986602783203,,2.487138032913208,,0.3380652964115143,,0.17532888054847717
,1372.0,15,1.2137930752942339e-05,82749,,19.96807098388672,,2.3297903537750244,,0.33810797333717346,,0.1753622591495514
,1388.0,15,1.208275898534339e-05,82799,,17.156604766845703,,2.5224108695983887,,0.3381398320198059,,0.17539536952972412
,1368.0,15,1.2027586308249738e-05,82849,,25.138141632080078,,2.5047409534454346,,0.33817532658576965,,0.1754262000322342
,1368.0,15,1.1972413631156087e-05,82899,,22.45409393310547,,2.5391814708709717,,0.33821818232536316,,0.17546027898788452
,1384.0,15,1.1917240954062436e-05,82949,,22.309436798095703,,2.128336191177368,,0.33825820684432983,,0.17549172043800354
,1380.0,15,1.1862069186463486e-05,82999,,16.891559600830078,,2.3143370151519775,,0.3382945656776428,,0.1755172163248062
,1344.0,15,1.1806896509369835e-05,83049,,16.92913246154785,,2.5336384773254395,,0.3383278548717499,,0.17554223537445068
,1340.0,15,1.1751723832276184e-05,83099,,21.05729866027832,,2.6915884017944336,,0.33836477994918823,,0.17557023465633392
,1356.0,15,1.1696552064677235e-05,83149,,24.648151397705078,,2.496053695678711,,0.3384045958518982,,0.17560029029846191
,1368.0,15,1.1641379387583584e-05,83199,,18.152854919433594,,2.593571424484253,,0.33844152092933655,,0.1756303608417511
,1352.0,15,1.1586206710489932e-05,83249,,18.66421890258789,,2.746702194213867,,0.3384785056114197,,0.1756555587053299
1366.4217529296875,,15,,83263,20.3057861328125,,2.46862530708313,,0.3364090919494629,,0.17407433688640594,
,1372.0,16,1.1531034033396281e-05,83299,,18.81426429748535,,2.447558641433716,,0.33851417899131775,,0.1756851077079773
,1324.0,16,1.1475862265797332e-05,83349,,24.682823181152344,,2.389280319213867,,0.3385559022426605,,0.1757180243730545
,1376.0,16,1.142068958870368e-05,83399,,18.528507232666016,,2.558880090713501,,0.3385969400405884,,0.17574915289878845
,1380.0,16,1.136551691161003e-05,83449,,17.748140335083008,,2.4169692993164062,,0.33863702416419983,,0.17577461898326874
,1344.0,16,1.131034514401108e-05,83499,,24.13165283203125,,2.126713991165161,,0.33867138624191284,,0.17579825222492218
,1344.0,16,1.1255172466917429e-05,83549,,23.20079803466797,,2.697674512863159,,0.3387066721916199,,0.17583215236663818
,1360.0,16,1.1199999789823778e-05,83599,,23.304853439331055,,2.713263750076294,,0.3387382924556732,,0.17585505545139313
,1344.0,16,1.1144828022224829e-05,83649,,24.910099029541016,,2.814791679382324,,0.33877599239349365,,0.1758890300989151
,1344.0,16,1.1089655345131177e-05,83699,,22.39083480834961,,2.549525022506714,,0.3388100862503052,,0.175922691822052
,1344.0,16,1.1034482668037526e-05,83749,,19.538671493530273,,2.536123275756836,,0.33884939551353455,,0.17595505714416504
,1368.0,16,1.0979309990943875e-05,83799,,20.930883407592773,,2.4151859283447266,,0.3388940989971161,,0.17598091065883636
,1384.0,16,1.0924138223344926e-05,83849,,21.826866149902344,,2.62569260597229,,0.33893415331840515,,0.17601285874843597
,1372.0,16,1.0868965546251275e-05,83899,,26.446855545043945,,1.9852100610733032,,0.3389725685119629,,0.17603932321071625
,1384.0,16,1.0813792869157623e-05,83949,,22.624542236328125,,2.8750381469726562,,0.33900657296180725,,0.17606359720230103
,1376.0,16,1.0758621101558674e-05,83999,,18.967378616333008,,2.350973129272461,,0.3390434682369232,,0.17610085010528564
,1336.0,16,1.0703448424465023e-05,84049,,18.575517654418945,,2.3139431476593018,,0.3390841484069824,,0.1761384904384613
,1356.0,16,1.0648275747371372e-05,84099,,18.140302658081055,,2.3764965534210205,,0.3391178548336029,,0.1761663258075714
,1364.0,16,1.059310307027772e-05,84149,,16.01152801513672,,2.2199134826660156,,0.33915844559669495,,0.17618685960769653
,1336.0,16,1.0537931302678771e-05,84199,,18.327381134033203,,2.6062729358673096,,0.33919408917427063,,0.17621634900569916
,1364.0,16,1.048275862558512e-05,84249,,19.6821346282959,,2.5846188068389893,,0.3392351269721985,,0.1762487143278122
,1328.0,16,1.0427585948491469e-05,84299,,17.029354095458984,,2.3765714168548584,,0.33926698565483093,,0.17627665400505066
,1368.0,16,1.037241418089252e-05,84349,,17.988895416259766,,2.508204698562622,,0.3393040895462036,,0.17630435526371002
,1372.0,16,1.0317241503798869e-05,84399,,22.479385375976562,,2.5550646781921387,,0.33934324979782104,,0.17632688581943512
,1364.0,16,1.0262068826705217e-05,84449,,17.578332901000977,,2.830925703048706,,0.3393779695034027,,0.1763533651828766
,1372.0,16,1.0206896149611566e-05,84499,,17.21449089050293,,2.336867094039917,,0.3394138514995575,,0.17638032138347626
,1376.0,16,1.0151724382012617e-05,84549,,23.82859992980957,,2.4930334091186523,,0.3394570052623749,,0.17641581594944
,1364.0,16,1.0096551704918966e-05,84599,,19.57811737060547,,2.517385244369507,,0.3394917845726013,,0.17644748091697693
,1380.0,16,1.0041379027825315e-05,84649,,21.071012496948242,,2.4569568634033203,,0.339525043964386,,0.1764765977859497
,1348.0,16,9.986207260226365e-06,84699,,23.791955947875977,,2.351513147354126,,0.339566171169281,,0.17650552093982697
,1376.0,16,9.931034583132714e-06,84749,,16.655168533325195,,2.5798027515411377,,0.3395996391773224,,0.17653107643127441
,1360.0,16,9.875861906039063e-06,84799,,29.529399871826172,,2.6594655513763428,,0.33962923288345337,,0.1765614151954651
,1380.0,16,9.820689228945412e-06,84849,,25.33757209777832,,2.3140735626220703,,0.3396655023097992,,0.17659416794776917
,1348.0,16,9.765517461346462e-06,84899,,23.87411117553711,,2.365800380706787,,0.3397059440612793,,0.17662213742733002
,1372.0,16,9.710344784252811e-06,84949,,19.763425827026367,,2.43278169631958,,0.33974573016166687,,0.17665418982505798
,1372.0,16,9.65517210715916e-06,84999,,18.831979751586914,,2.4793543815612793,,0.3397931158542633,,0.17669245600700378
,1356.0,16,9.60000033956021e-06,85049,,17.511911392211914,,2.3447444438934326,,0.3398357629776001,,0.17672640085220337
,1340.0,16,9.54482766246656e-06,85099,,18.18956756591797,,2.459782600402832,,0.3398810029029846,,0.17676295340061188
,1332.0,16,9.489654985372908e-06,85149,,18.814708709716797,,2.5818912982940674,,0.3399171233177185,,0.1767885535955429
,1356.0,16,9.434482308279257e-06,85199,,21.45779037475586,,2.533602476119995,,0.3399560749530792,,0.17681440711021423
,1344.0,16,9.379310540680308e-06,85249,,23.85628890991211,,2.1594655513763428,,0.3399936854839325,,0.17684181034564972
,1332.0,16,9.324137863586657e-06,85299,,17.057899475097656,,2.384890079498291,,0.34003105759620667,,0.1768764704465866
,1352.0,16,9.268965186493006e-06,85349,,21.463823318481445,,2.737626075744629,,0.3400649428367615,,0.1769045889377594
,1372.0,16,9.213793418894056e-06,85399,,17.12812042236328,,2.3590803146362305,,0.3401021361351013,,0.1769331842660904
,1316.0,16,9.158620741800405e-06,85449,,27.784658432006836,,2.172867774963379,,0.34013882279396057,,0.1769687682390213
,1368.0,16,9.103448064706754e-06,85499,,22.481861114501953,,2.6602001190185547,,0.34017518162727356,,0.17699944972991943
,1368.0,16,9.048276297107805e-06,85549,,22.515880584716797,,2.079228401184082,,0.34020981192588806,,0.17702201008796692
,1368.0,16,8.993103620014153e-06,85599,,18.79816246032715,,2.419354200363159,,0.34024906158447266,,0.17705319821834564
,1360.0,16,8.937930942920502e-06,85649,,19.242626190185547,,2.3015122413635254,,0.34028390049934387,,0.17708063125610352
,1364.0,16,8.882758265826851e-06,85699,,20.885292053222656,,2.590698719024658,,0.34032031893730164,,0.17711421847343445
,1316.0,16,8.827586498227902e-06,85749,,21.085296630859375,,1.785573124885559,,0.3403543531894684,,0.1771434247493744
,1348.0,16,8.77241382113425e-06,85799,,19.28211784362793,,2.4412474632263184,,0.34039121866226196,,0.17717620730400085
,1404.0,16,8.7172411440406e-06,85849,,18.74036979675293,,2.357203722000122,,0.34043219685554504,,0.1772097647190094
,1376.0,16,8.66206937644165e-06,85899,,24.697168350219727,,2.3125481605529785,,0.34046489000320435,,0.17723630368709564
,1340.0,16,8.606896699347999e-06,85949,,22.164386749267578,,3.1563880443573,,0.34049752354621887,,0.1772659868001938
,1364.0,16,8.551724022254348e-06,85999,,19.34840202331543,,2.3075177669525146,,0.3405303657054901,,0.17728659510612488
,1356.0,16,8.496551345160697e-06,86049,,19.848867416381836,,2.4224588871002197,,0.3405657708644867,,0.17730990052223206
,1332.0,16,8.441379577561747e-06,86099,,19.61773109436035,,2.449312686920166,,0.3406027555465698,,0.1773444265127182
,1352.0,16,8.386206900468096e-06,86149,,28.880456924438477,,2.574506998062134,,0.34063753485679626,,0.1773749142885208
,1348.0,16,8.331034223374445e-06,86199,,18.337814331054688,,2.381711006164551,,0.340671569108963,,0.17740122973918915
,1372.0,16,8.275862455775496e-06,86249,,21.084228515625,,2.611400842666626,,0.3407045304775238,,0.17742213606834412
,1344.0,16,8.220689778681844e-06,86299,,24.259801864624023,,2.2090582847595215,,0.3407473862171173,,0.17745696008205414
,1368.0,16,8.165517101588193e-06,86349,,20.957242965698242,,2.4167845249176025,,0.340783029794693,,0.17748020589351654
,1360.0,16,8.110344424494542e-06,86399,,22.916711807250977,,2.2980687618255615,,0.3408259451389313,,0.17751078307628632
,1348.0,16,8.055172656895593e-06,86449,,20.599700927734375,,2.4159388542175293,,0.3408631384372711,,0.17754189670085907
,1372.0,16,7.999999979801942e-06,86499,,20.73143196105957,,2.3692381381988525,,0.340899258852005,,0.17757391929626465
,1384.0,16,7.94482730270829e-06,86549,,27.511999130249023,,2.5773539543151855,,0.34093111753463745,,0.17760197818279266
,1380.0,16,7.889655535109341e-06,86599,,17.57246208190918,,2.6608808040618896,,0.3409615457057953,,0.17762356996536255
,1340.0,16,7.83448285801569e-06,86649,,20.513259887695312,,2.6613340377807617,,0.34099262952804565,,0.17765216529369354
,1376.0,16,7.779310180922039e-06,86699,,16.6356258392334,,2.1282269954681396,,0.3410292863845825,,0.17767764627933502
,1372.0,16,7.724137503828388e-06,86749,,19.023529052734375,,2.4693832397460938,,0.3410661220550537,,0.17770184576511383
,1380.0,16,7.668965736229438e-06,86799,,18.602825164794922,,2.3580844402313232,,0.3411027193069458,,0.17772501707077026
,1328.0,16,7.613793059135787e-06,86849,,20.771432876586914,,2.486124038696289,,0.3411383330821991,,0.17775456607341766
,1360.0,16,7.558620836789487e-06,86899,,19.907133102416992,,2.6170403957366943,,0.34117594361305237,,0.17778439819812775
,1368.0,16,7.503448159695836e-06,86949,,21.923063278198242,,2.7771053314208984,,0.3412110209465027,,0.1778116524219513
,1348.0,16,7.4482759373495355e-06,86999,,17.921977996826172,,2.231321096420288,,0.3412562906742096,,0.17784057557582855
,1352.0,16,7.393103260255884e-06,87049,,28.1130313873291,,2.447646379470825,,0.3412930965423584,,0.177876278758049
,1408.0,16,7.337931037909584e-06,87099,,19.946128845214844,,2.370382070541382,,0.3413301706314087,,0.17790533602237701
,1380.0,16,7.282758815563284e-06,87149,,20.889057159423828,,2.6023006439208984,,0.341366708278656,,0.17793527245521545
,1380.0,16,7.227586138469633e-06,87199,,20.20884895324707,,2.7405316829681396,,0.3413960933685303,,0.17796283960342407
,1360.0,16,7.1724139161233325e-06,87249,,20.178857803344727,,2.6127703189849854,,0.3414338231086731,,0.17799220979213715
,1364.0,16,7.117241239029681e-06,87299,,17.611129760742188,,2.421546220779419,,0.3414701521396637,,0.178013876080513
,1360.0,16,7.062069016683381e-06,87349,,18.350374221801758,,2.621389150619507,,0.341508686542511,,0.1780368536710739
,1356.0,16,7.00689633958973e-06,87399,,22.899124145507812,,1.8759034872055054,,0.34154102206230164,,0.17806369066238403
,1368.0,16,6.95172411724343e-06,87449,,24.597450256347656,,2.7326128482818604,,0.341577410697937,,0.17809118330478668
,1328.0,16,6.896551894897129e-06,87499,,17.10536766052246,,2.2745375633239746,,0.3416168987751007,,0.1781216859817505
,1384.0,16,6.841379217803478e-06,87549,,18.225414276123047,,2.4958181381225586,,0.3416507840156555,,0.17814180254936218
,1372.0,16,6.786206995457178e-06,87599,,17.4730224609375,,2.347275733947754,,0.34168916940689087,,0.17817792296409607
,1316.0,16,6.731034318363527e-06,87649,,18.197223663330078,,2.587547779083252,,0.3417290449142456,,0.17821326851844788
,1372.0,16,6.675862096017227e-06,87699,,28.738237380981445,,2.585563898086548,,0.34176236391067505,,0.17823775112628937
,1380.0,16,6.620689873670926e-06,87749,,22.011245727539062,,1.6940447092056274,,0.34180688858032227,,0.178258016705513
,1388.0,16,6.565517196577275e-06,87799,,17.381010055541992,,2.189727783203125,,0.3418436050415039,,0.1782829761505127
,1336.0,16,6.510344974230975e-06,87849,,18.472183227539062,,2.3041746616363525,,0.34188327193260193,,0.17831377685070038
,1356.0,16,6.455172297137324e-06,87899,,20.030385971069336,,2.550241470336914,,0.3419264256954193,,0.17835013568401337
,1396.0,16,6.4000000747910235e-06,87949,,19.080244064331055,,2.5376813411712646,,0.34196725487709045,,0.1783815622329712
,1328.0,16,6.344827397697372e-06,87999,,20.053752899169922,,2.589651584625244,,0.34200799465179443,,0.17841242253780365
,1376.0,16,6.289655175351072e-06,88049,,23.92124366760254,,2.691023826599121,,0.34203970432281494,,0.17844335734844208
,1364.0,16,6.234482953004772e-06,88099,,17.906362533569336,,2.32033109664917,,0.3420698046684265,,0.17846594750881195
,1376.0,16,6.179310275911121e-06,88149,,17.579914093017578,,2.4117653369903564,,0.3421005308628082,,0.1784919947385788
,990.0,16,6.1241380535648204e-06,88199,,17.5169677734375,,2.421908140182495,,0.3421347141265869,,0.17852014303207397
,1344.0,16,6.068965376471169e-06,88249,,18.78119468688965,,2.50789213180542,,0.34216636419296265,,0.1785469353199005
,1360.0,16,6.013793154124869e-06,88299,,19.770475387573242,,2.299267530441284,,0.34220731258392334,,0.17857782542705536
,1368.0,16,5.958620477031218e-06,88349,,17.70423698425293,,1.9637351036071777,,0.34224817156791687,,0.17860640585422516
,1380.0,16,5.903448254684918e-06,88399,,16.89154815673828,,2.4619557857513428,,0.3422859311103821,,0.17863847315311432
,1344.0,16,5.848276032338617e-06,88449,,20.092632293701172,,2.5378780364990234,,0.34232309460639954,,0.17867109179496765
1365.5618896484375,,16,,88467,20.336788177490234,,2.4555957317352295,,0.3404238820075989,,0.17718736827373505,
,1380.0,17,5.793103355244966e-06,88499,,22.888517379760742,,2.3617310523986816,,0.3423607051372528,,0.17870017886161804
,1380.0,17,5.737931132898666e-06,88549,,18.847759246826172,,2.5102999210357666,,0.3423946797847748,,0.1787298321723938
,1380.0,17,5.682758455805015e-06,88599,,16.298870086669922,,2.2727863788604736,,0.3424237072467804,,0.17876051366329193
,1352.0,17,5.6275862334587146e-06,88649,,17.535062789916992,,2.3250608444213867,,0.3424559235572815,,0.17878831923007965
,1356.0,17,5.572414011112414e-06,88699,,16.534257888793945,,2.2425057888031006,,0.34249648451805115,,0.17882040143013
,1372.0,17,5.517241334018763e-06,88749,,19.907073974609375,,2.4305601119995117,,0.3425353467464447,,0.17884914577007294
,1344.0,17,5.462069111672463e-06,88799,,24.37135887145996,,2.6815907955169678,,0.3425668478012085,,0.1788678914308548
,1384.0,17,5.406896434578812e-06,88849,,19.12796401977539,,2.4274425506591797,,0.3426041901111603,,0.17889322340488434
,1416.0,17,5.3517242122325115e-06,88899,,17.921245574951172,,2.492647171020508,,0.3426366448402405,,0.17892120778560638
,1376.0,17,5.29655153513886e-06,88949,,22.521804809570312,,2.4822916984558105,,0.34266892075538635,,0.17894789576530457
,1320.0,17,5.24137931279256e-06,88999,,18.93514633178711,,2.4078726768493652,,0.3427060544490814,,0.17897014319896698
,1376.0,17,5.18620709044626e-06,89049,,18.747562408447266,,2.399319648742676,,0.3427387475967407,,0.17900104820728302
,1364.0,17,5.131034413352609e-06,89099,,19.2866268157959,,2.931675434112549,,0.3427751064300537,,0.17903028428554535
,1392.0,17,5.075862191006308e-06,89149,,18.859434127807617,,2.0256338119506836,,0.34281182289123535,,0.17905691266059875
,1352.0,17,5.020689513912657e-06,89199,,19.717370986938477,,2.606379270553589,,0.342846542596817,,0.1790820211172104
,1336.0,17,4.965517291566357e-06,89249,,20.76087188720703,,2.2769551277160645,,0.3428846597671509,,0.1791142076253891
,1336.0,17,4.910344614472706e-06,89299,,21.9129638671875,,2.5148305892944336,,0.34291669726371765,,0.1791418045759201
,1372.0,17,4.855172392126406e-06,89349,,20.198198318481445,,2.542253017425537,,0.3429534137248993,,0.1791713982820511
,1364.0,17,4.800000169780105e-06,89399,,20.094104766845703,,2.4398066997528076,,0.3429873585700989,,0.17919804155826569
,1344.0,17,4.744827492686454e-06,89449,,20.633792877197266,,2.3114442825317383,,0.34302327036857605,,0.17922437191009521
,1392.0,17,4.689655270340154e-06,89499,,19.905241012573242,,2.4133286476135254,,0.34306013584136963,,0.1792570799589157
,1376.0,17,4.634482593246503e-06,89549,,20.87696647644043,,2.3130815029144287,,0.3431008756160736,,0.179289311170578
,1352.0,17,4.5793103709002025e-06,89599,,20.991533279418945,,2.486786127090454,,0.3431340456008911,,0.17930914461612701
,1376.0,17,4.524138148553902e-06,89649,,24.47443962097168,,2.641214609146118,,0.34317266941070557,,0.1793404370546341
,1384.0,17,4.468965471460251e-06,89699,,26.938322067260742,,2.5834908485412598,,0.3432059586048126,,0.1793680638074875
,1368.0,17,4.413793249113951e-06,89749,,29.129749298095703,,2.4810409545898438,,0.34324219822883606,,0.17938941717147827
,1376.0,17,4.3586205720203e-06,89799,,20.33977508544922,,2.511547088623047,,0.3432757556438446,,0.17940998077392578
,1396.0,17,4.3034483496739995e-06,89849,,17.413381576538086,,2.40482759475708,,0.3433087468147278,,0.17943888902664185
,1384.0,17,4.248275672580348e-06,89899,,22.98792839050293,,2.657006025314331,,0.3433408737182617,,0.17946580052375793
,1380.0,17,4.193103450234048e-06,89949,,17.002601623535156,,2.2232847213745117,,0.34337469935417175,,0.17949344217777252
,1336.0,17,4.137931227887748e-06,89999,,19.542922973632812,,2.699403762817383,,0.34340277314186096,,0.17951448261737823
,1352.0,17,4.082758550794097e-06,90049,,20.657245635986328,,2.3752479553222656,,0.34343674778938293,,0.17954114079475403
,1340.0,17,4.027586328447796e-06,90099,,20.759326934814453,,2.568298816680908,,0.343476802110672,,0.1795654147863388
,1360.0,17,3.972413651354145e-06,90149,,21.25599479675293,,2.4667935371398926,,0.3435118496417999,,0.17959704995155334
,1364.0,17,3.917241429007845e-06,90199,,19.863971710205078,,2.248684883117676,,0.3435461223125458,,0.17962656915187836
,1328.0,17,3.862068751914194e-06,90249,,20.765342712402344,,2.4592175483703613,,0.34358423948287964,,0.17965401709079742
,1328.0,17,3.8068965295678936e-06,90299,,18.566661834716797,,2.206775665283203,,0.34361690282821655,,0.17968691885471344
,1352.0,17,3.751724079847918e-06,90349,,20.983848571777344,,2.365675687789917,,0.34364911913871765,,0.17971260845661163
,1356.0,17,3.696551630127942e-06,90399,,18.09792709350586,,2.565049171447754,,0.3436826765537262,,0.1797439157962799
,1344.0,17,3.641379407781642e-06,90449,,21.9251651763916,,2.6525402069091797,,0.3437158167362213,,0.1797700822353363
,1368.0,17,3.5862069580616662e-06,90499,,19.180339813232422,,2.5112252235412598,,0.3437451720237732,,0.1797952651977539
,1368.0,17,3.5310345083416905e-06,90549,,20.00726890563965,,2.2795207500457764,,0.3437774181365967,,0.17981815338134766
,1348.0,17,3.475862058621715e-06,90599,,17.56925392150879,,2.288376808166504,,0.34381821751594543,,0.1798497438430786
,1388.0,17,3.420689608901739e-06,90649,,20.79153823852539,,2.5932750701904297,,0.34385254979133606,,0.179876908659935
,1376.0,17,3.3655171591817634e-06,90699,,25.343542098999023,,2.499912738800049,,0.34388256072998047,,0.17990455031394958
,1376.0,17,3.310344936835463e-06,90749,,21.683956146240234,,2.4134442806243896,,0.343912273645401,,0.17992465198040009
,1388.0,17,3.2551724871154875e-06,90799,,19.051170349121094,,2.6334097385406494,,0.34394219517707825,,0.17994801700115204
,1332.0,17,3.2000000373955118e-06,90849,,19.599061965942383,,2.237654447555542,,0.34397655725479126,,0.17997412383556366
,1364.0,17,3.144827587675536e-06,90899,,23.594337463378906,,2.6523196697235107,,0.34401044249534607,,0.1800004094839096
,1392.0,17,3.0896551379555603e-06,90949,,28.1441650390625,,2.286247968673706,,0.34404322504997253,,0.18003347516059875
,1364.0,17,3.0344826882355846e-06,90999,,22.06310272216797,,2.692974090576172,,0.3440743088722229,,0.18005487322807312
,1344.0,17,2.979310238515609e-06,91049,,18.14999008178711,,2.2181289196014404,,0.3441062271595001,,0.18008187413215637
,1388.0,17,2.9241380161693087e-06,91099,,21.777175903320312,,2.583379030227661,,0.34413594007492065,,0.18010573089122772
,1340.0,17,2.868965566449333e-06,91149,,18.464839935302734,,2.244011163711548,,0.34417209029197693,,0.18012957274913788
,1360.0,17,2.8137931167293573e-06,91199,,19.104663848876953,,2.386824369430542,,0.34420886635780334,,0.18015733361244202
,1372.0,17,2.7586206670093816e-06,91249,,17.99645233154297,,2.737762451171875,,0.344240665435791,,0.1801808625459671
,1368.0,17,2.703448217289406e-06,91299,,27.269594192504883,,2.5370090007781982,,0.34427574276924133,,0.1802089810371399
,1360.0,17,2.64827576756943e-06,91349,,19.06055450439453,,2.3214571475982666,,0.34431105852127075,,0.18023377656936646
,1380.0,17,2.59310354522313e-06,91399,,22.23904037475586,,2.3102924823760986,,0.34434422850608826,,0.1802625209093094
,1356.0,17,2.537931095503154e-06,91449,,19.82651710510254,,2.745525360107422,,0.3443795442581177,,0.18029287457466125
,1320.0,17,2.4827586457831785e-06,91499,,26.525423049926758,,2.258716106414795,,0.3444117307662964,,0.1803179383277893
,1324.0,17,2.427586196063203e-06,91549,,17.78914451599121,,2.3646721839904785,,0.3444448411464691,,0.18033979833126068
,1356.0,17,2.372413746343227e-06,91599,,15.602667808532715,,2.474459171295166,,0.34447604417800903,,0.1803649216890335
,1376.0,17,2.3172412966232514e-06,91649,,19.701255798339844,,2.4541990756988525,,0.34451591968536377,,0.18039093911647797
,1392.0,17,2.262069074276951e-06,91699,,21.72694969177246,,2.4232301712036133,,0.34455251693725586,,0.18041102588176727
,1392.0,17,2.2068966245569754e-06,91749,,20.570201873779297,,2.5506186485290527,,0.3445935845375061,,0.18043820559978485
,1372.0,17,2.1517241748369997e-06,91799,,23.19894790649414,,2.592003345489502,,0.34462615847587585,,0.18046118319034576
,1352.0,17,2.096551725117024e-06,91849,,18.068668365478516,,2.5700907707214355,,0.3446587920188904,,0.18048827350139618
,1364.0,17,2.0413792753970483e-06,91899,,18.471479415893555,,2.454566478729248,,0.3446953296661377,,0.1805116832256317
,1356.0,17,1.9862068256770726e-06,91949,,17.38132667541504,,2.5962724685668945,,0.34472814202308655,,0.1805431842803955
,1388.0,17,1.931034375957097e-06,91999,,20.32087516784668,,2.7955522537231445,,0.3447585105895996,,0.1805647313594818
,1364.0,17,1.875862039923959e-06,92049,,25.33922004699707,,2.707155227661133,,0.3447873294353485,,0.1805873066186905
,1348.0,17,1.820689703890821e-06,92099,,21.925003051757812,,2.2819252014160156,,0.3448144793510437,,0.18060848116874695
,1388.0,17,1.7655172541708453e-06,92149,,18.138137817382812,,2.4235117435455322,,0.34484657645225525,,0.18064384162425995
,1376.0,17,1.7103448044508696e-06,92199,,18.422821044921875,,2.4462921619415283,,0.3448809087276459,,0.18067392706871033
,1364.0,17,1.6551724684177316e-06,92249,,20.022350311279297,,2.316411018371582,,0.3449156582355499,,0.18070168793201447
,1340.0,17,1.6000000186977559e-06,92299,,22.298921585083008,,2.0782179832458496,,0.3449561893939972,,0.1807342767715454
,1392.0,17,1.5448275689777802e-06,92349,,22.627782821655273,,2.752101182937622,,0.34499162435531616,,0.18076235055923462
,1384.0,17,1.4896551192578045e-06,92399,,21.649145126342773,,2.4387357234954834,,0.34502434730529785,,0.18078605830669403
,1352.0,17,1.4344827832246665e-06,92449,,19.74495506286621,,2.625290632247925,,0.34506097435951233,,0.18081124126911163
,1364.0,17,1.3793103335046908e-06,92499,,19.07914161682129,,2.59590220451355,,0.34509456157684326,,0.18083475530147552
,1352.0,17,1.324137883784715e-06,92549,,18.92654800415039,,2.6324496269226074,,0.3451239764690399,,0.18085670471191406
,1392.0,17,1.268965547751577e-06,92599,,19.443803787231445,,2.391481399536133,,0.34515687823295593,,0.18088079988956451
,1396.0,17,1.2137930980316014e-06,92649,,20.027315139770508,,2.443248748779297,,0.34518930315971375,,0.18090716004371643
,1360.0,17,1.1586206483116257e-06,92699,,19.828418731689453,,2.4752955436706543,,0.3452211320400238,,0.1809290200471878
,1348.0,17,1.1034483122784877e-06,92749,,17.715147018432617,,2.3978214263916016,,0.34525176882743835,,0.18095794320106506
,1360.0,17,1.048275862558512e-06,92799,,16.11899185180664,,2.2659428119659424,,0.34528687596321106,,0.18098844587802887
,1364.0,17,9.931034128385363e-07,92849,,24.7991886138916,,2.223284959793091,,0.3453144133090973,,0.1810166984796524
,1348.0,17,9.379310199619795e-07,92899,,19.109434127807617,,2.502026319503784,,0.3453451991081238,,0.1810409426689148
,1400.0,17,8.827586270854226e-07,92949,,16.38068389892578,,2.5001354217529297,,0.345379501581192,,0.1810716837644577
,1380.0,17,8.275862342088658e-07,92999,,16.890254974365234,,2.2745308876037598,,0.34540921449661255,,0.1810985952615738
,1344.0,17,7.724137844888901e-07,93049,,19.149320602416992,,2.4357266426086426,,0.34544020891189575,,0.18112719058990479
,1328.0,17,7.172413916123332e-07,93099,,18.536476135253906,,2.481419324874878,,0.34547412395477295,,0.1811479777097702
,1384.0,17,6.620689418923575e-07,93149,,21.940401077270508,,2.315139055252075,,0.3455120623111725,,0.18117094039916992
,1372.0,17,6.068965490158007e-07,93199,,15.67574691772461,,2.2823948860168457,,0.3455459177494049,,0.18119387328624725
,1352.0,17,5.517241561392439e-07,93249,,20.505592346191406,,2.2960140705108643,,0.3455820083618164,,0.18122360110282898
,1316.0,17,4.965517064192682e-07,93299,,16.168699264526367,,2.5450193881988525,,0.3456129729747772,,0.1812504380941391
,1372.0,17,4.413793135427113e-07,93349,,21.698225021362305,,2.6457197666168213,,0.3456476926803589,,0.18127460777759552
,1352.0,17,3.8620689224444504e-07,93399,,19.2685489654541,,2.402726411819458,,0.3456791043281555,,0.18129412829875946
,1352.0,17,3.3103447094617877e-07,93449,,20.23233413696289,,2.3184244632720947,,0.3457123637199402,,0.1813194304704666
,1336.0,17,2.7586207806962193e-07,93499,,17.616010665893555,,2.257894992828369,,0.34574559330940247,,0.1813456267118454
,1364.0,17,2.2068965677135566e-07,93549,,17.325454711914062,,2.2762792110443115,,0.3457743227481842,,0.18137411773204803
,1356.0,17,1.6551723547308939e-07,93599,,17.01923370361328,,2.2252790927886963,,0.3458082675933838,,0.18139822781085968
,1284.0,17,1.1034482838567783e-07,93649,,20.684133529663086,,2.335968017578125,,0.34583988785743713,,0.18142123520374298
1366.0179443359375,,17,,93671,20.34484100341797,,2.446779251098633,,0.34411942958831787,,0.18007948994636536,
,1388.0,18,5.5172414192838914e-08,93699,,18.23809242248535,,2.4553160667419434,,0.345874547958374,,0.18144436180591583
,1368.0,18,0.0,93749,,19.278453826904297,,2.5931200981140137,,0.3459034860134125,,0.18146805465221405
1366.7017822265625,,18,,93785,20.902488708496094,,2.4464073181152344,,0.345892071723938,,0.18145869672298431,
