Gathered number of frames_epoch,Gathered number of frames_step,epoch,lr,step,train_feature_penalty_epoch,train_feature_penalty_step,train_loss_epoch,train_loss_step,train_masked_accuracy_epoch,train_masked_accuracy_step,train_unmasked_accuracy_epoch,train_unmasked_accuracy_step
,1360.0,0,1.6000000186977559e-06,49,,0.4774278700351715,,6.189413070678711,,0.01698080264031887,,0.005249443929642439
,1368.0,0,3.2000000373955118e-06,99,,0.5178020000457764,,6.11592960357666,,0.027050497010350227,,0.018967093899846077
,1384.0,0,4.800000169780105e-06,149,,0.45181259512901306,,6.141058444976807,,0.029866553843021393,,0.024270500987768173
,1392.0,0,6.4000000747910235e-06,199,,0.4056476354598999,,6.184820175170898,,0.03155917301774025,,0.027238881215453148
,1360.0,0,7.999999979801942e-06,249,,0.5145420432090759,,6.101775169372559,,0.032543424516916275,,0.02934766560792923
,1372.0,0,9.60000033956021e-06,299,,0.5740102529525757,,6.138619422912598,,0.033420365303754807,,0.030765580013394356
,1408.0,0,1.1199999789823778e-05,349,,0.6030750870704651,,6.087118148803711,,0.03381691873073578,,0.031057482585310936
,1336.0,0,1.2800000149582047e-05,399,,0.5339163541793823,,6.07950496673584,,0.034577786922454834,,0.031515154987573624
,1360.0,0,1.4399999599845614e-05,449,,0.5320171117782593,,6.135380268096924,,0.034703221172094345,,0.031175397336483
,1380.0,0,1.5999999959603883e-05,499,,0.461676687002182,,6.085695266723633,,0.03514256328344345,,0.031167054548859596
,1380.0,0,1.759999940986745e-05,549,,0.6550436615943909,,6.1507062911987305,,0.03516875579953194,,0.030951308086514473
,1372.0,0,1.920000067912042e-05,599,,0.7156627774238586,,6.02216911315918,,0.0354449637234211,,0.030402904376387596
,1360.0,0,2.080000012938399e-05,649,,0.8357135057449341,,6.0473103523254395,,0.035728201270103455,,0.029820166528224945
,1400.0,0,2.2399999579647556e-05,699,,0.7972044944763184,,5.948766708374023,,0.0357043519616127,,0.02885296382009983
,1380.0,0,2.4000000848900527e-05,749,,0.9887759685516357,,5.960164546966553,,0.03614219278097153,,0.028291992843151093
,1356.0,0,2.5600000299164094e-05,799,,1.0725972652435303,,6.007153034210205,,0.036307986825704575,,0.027847662568092346
,1352.0,0,2.719999974942766e-05,849,,0.8660804033279419,,6.039095878601074,,0.03658076748251915,,0.027343014255166054
,1332.0,0,2.879999919969123e-05,899,,1.4152473211288452,,5.892991542816162,,0.03674620762467384,,0.02671879529953003
,1384.0,0,3.04000004689442e-05,949,,1.6404346227645874,,5.883447647094727,,0.03714144602417946,,0.02651963382959366
,1352.0,0,3.199999991920777e-05,999,,1.8015247583389282,,5.8584980964660645,,0.03772000968456268,,0.02666105143725872
,1372.0,0,3.360000118846074e-05,1049,,1.8456419706344604,,5.8516011238098145,,0.03842126950621605,,0.02707795426249504
,1388.0,0,3.51999988197349e-05,1099,,1.4894479513168335,,5.831592082977295,,0.038943108171224594,,0.027246864512562752
,1376.0,0,3.680000008898787e-05,1149,,2.16382098197937,,5.63507080078125,,0.039524488151073456,,0.02737407013773918
,1372.0,0,3.840000135824084e-05,1199,,1.782173991203308,,5.764970302581787,,0.040179938077926636,,0.02760566584765911
,1360.0,0,3.9999998989515007e-05,1249,,2.2253620624542236,,5.404139041900635,,0.04103102535009384,,0.028232455253601074
,1372.0,0,4.160000025876798e-05,1299,,2.0385546684265137,,5.715679168701172,,0.041640061885118484,,0.028257012367248535
,1356.0,0,4.320000152802095e-05,1349,,2.497784376144409,,5.673222541809082,,0.04220055043697357,,0.028350651264190674
,1352.0,0,4.479999915929511e-05,1399,,2.19850754737854,,5.656548976898193,,0.042718205600976944,,0.02858647145330906
,1344.0,0,4.640000042854808e-05,1449,,2.4169485569000244,,5.634702205657959,,0.04335048049688339,,0.02887049689888954
,1344.0,0,4.8000001697801054e-05,1499,,2.571542501449585,,5.615499019622803,,0.043836820870637894,,0.02897939831018448
,1384.0,0,4.959999932907522e-05,1549,,2.4590415954589844,,5.567164897918701,,0.044407930225133896,,0.029182683676481247
,1376.0,0,5.120000059832819e-05,1599,,1.7715998888015747,,5.392514228820801,,0.04494543373584747,,0.029358822852373123
,1360.0,0,5.279999822960235e-05,1649,,1.6275204420089722,,5.46860408782959,,0.04552913457155228,,0.029589764773845673
,1372.0,0,5.439999949885532e-05,1699,,1.910871982574463,,5.652352809906006,,0.046229276806116104,,0.029953433200716972
,1380.0,0,5.6000000768108293e-05,1749,,2.0166985988616943,,5.612029552459717,,0.04676209017634392,,0.03009064309298992
,1316.0,0,5.759999839938246e-05,1799,,1.775888442993164,,5.5025482177734375,,0.047592103481292725,,0.03055201843380928
,1344.0,0,5.919999966863543e-05,1849,,2.3076817989349365,,5.463184356689453,,0.0482771061360836,,0.030815549194812775
,1328.0,0,6.08000009378884e-05,1899,,2.5954160690307617,,5.493811130523682,,0.04893846437335014,,0.03133023902773857
,1376.0,0,6.240000220714137e-05,1949,,2.2944579124450684,,5.440148830413818,,0.04952220618724823,,0.031553395092487335
,1332.0,0,6.399999983841553e-05,1999,,2.1720430850982666,,5.547855854034424,,0.05006307736039162,,0.0317467525601387
,1420.0,0,6.55999974696897e-05,2049,,2.3510007858276367,,5.40158224105835,,0.05060720443725586,,0.03197578713297844
,1356.0,0,6.720000237692147e-05,2099,,1.8036292791366577,,5.448472023010254,,0.05126612260937691,,0.0324399434030056
,1376.0,0,6.880000000819564e-05,2149,,2.232180118560791,,5.387974262237549,,0.05171055346727371,,0.03270217031240463
,1388.0,0,7.03999976394698e-05,2199,,1.6921443939208984,,5.369007587432861,,0.05216829478740692,,0.03302314504981041
,1392.0,0,7.200000254670158e-05,2249,,1.903625249862671,,5.278356075286865,,0.05293949320912361,,0.033464085310697556
,1364.0,0,7.360000017797574e-05,2299,,1.6301852464675903,,5.43322229385376,,0.05340440571308136,,0.03380116447806358
,1392.0,0,7.519999780924991e-05,2349,,1.6905549764633179,,5.244975566864014,,0.053963303565979004,,0.034166984260082245
,1376.0,0,7.680000271648169e-05,2399,,1.5774742364883423,,5.440622806549072,,0.05454227700829506,,0.034474197775125504
,1348.0,0,7.840000034775585e-05,2449,,2.3572404384613037,,5.319051742553711,,0.055268485099077225,,0.03495724871754646
,1368.0,0,7.999999797903001e-05,2499,,1.8808391094207764,,5.32671594619751,,0.05585486441850662,,0.035278815776109695
,1392.0,0,8.160000288626179e-05,2549,,1.5015239715576172,,5.369329929351807,,0.0563802532851696,,0.03552371263504028
,1400.0,0,8.320000051753595e-05,2599,,1.509987711906433,,5.4526801109313965,,0.05705133453011513,,0.03601454198360443
,1336.0,0,8.479999814881012e-05,2649,,1.5715855360031128,,4.720116138458252,,0.0575471967458725,,0.03634796291589737
,1340.0,0,8.64000030560419e-05,2699,,1.4703749418258667,,5.202828884124756,,0.05807417631149292,,0.03668174892663956
,1340.0,0,8.800000068731606e-05,2749,,1.8497819900512695,,5.042387008666992,,0.05867282673716545,,0.03699563443660736
,1380.0,0,8.959999831859022e-05,2799,,1.831133246421814,,5.246262073516846,,0.05926493555307388,,0.03728589788079262
,1368.0,0,9.1200003225822e-05,2849,,1.4865138530731201,,5.434589385986328,,0.05986452102661133,,0.03774752467870712
,1376.0,0,9.280000085709617e-05,2899,,1.1237841844558716,,5.163491725921631,,0.060458291321992874,,0.038112033158540726
,1348.0,0,9.439999848837033e-05,2949,,2.7023229598999023,,5.187187671661377,,0.061096809804439545,,0.038470279425382614
,1376.0,0,9.600000339560211e-05,2999,,1.495487093925476,,5.206663131713867,,0.06159459799528122,,0.038844916969537735
,1376.0,0,9.760000102687627e-05,3049,,1.7061775922775269,,4.993968963623047,,0.062127962708473206,,0.03912501782178879
,1412.0,0,9.919999865815043e-05,3099,,2.190903663635254,,5.103923797607422,,0.06273014843463898,,0.03942228481173515
,1368.0,0,9.997241431847215e-05,3149,,2.8062338829040527,,5.178712368011475,,0.06320801377296448,,0.039710260927677155
,1388.0,0,9.99172407318838e-05,3199,,2.230844497680664,,5.178333759307861,,0.0637027844786644,,0.03997670114040375
,1380.0,0,9.986206714529544e-05,3249,,2.370476484298706,,5.129252910614014,,0.06423744559288025,,0.04015286639332771
,1376.0,0,9.980689355870709e-05,3299,,2.2693700790405273,,4.970265865325928,,0.06473030894994736,,0.04040732979774475
,1376.0,0,9.975172724807635e-05,3349,,1.9822940826416016,,4.889975070953369,,0.06531029939651489,,0.04070841148495674
,1340.0,0,9.9696553661488e-05,3399,,2.6605236530303955,,5.00524377822876,,0.06585565954446793,,0.04099592566490173
,1376.0,0,9.964138007489964e-05,3449,,1.7814527750015259,,5.354827404022217,,0.06645552068948746,,0.04126059263944626
,1372.0,0,9.958620648831129e-05,3499,,1.47532320022583,,4.79795503616333,,0.06708218902349472,,0.04156782850623131
,1368.0,0,9.953103290172294e-05,3549,,2.179121255874634,,4.955848217010498,,0.06771957129240036,,0.041886866092681885
,1372.0,0,9.947585931513458e-05,3599,,1.7745667695999146,,4.984436511993408,,0.06824135035276413,,0.04216049611568451
,1356.0,0,9.942069300450385e-05,3649,,1.3613044023513794,,4.796353816986084,,0.06878329813480377,,0.042468488216400146
,1388.0,0,9.93655194179155e-05,3699,,2.370826244354248,,4.801260948181152,,0.06949052959680557,,0.0428825244307518
,1364.0,0,9.931034583132714e-05,3749,,2.513455629348755,,5.068981170654297,,0.0701100081205368,,0.043233949691057205
,1344.0,0,9.925517224473879e-05,3799,,1.6931519508361816,,4.9372076988220215,,0.070583276450634,,0.043518953025341034
,1352.0,0,9.919999865815043e-05,3849,,2.170771360397339,,4.783249378204346,,0.07120583206415176,,0.04387796297669411
,1364.0,0,9.914482507156208e-05,3899,,3.0927698612213135,,4.790329933166504,,0.07181176543235779,,0.044246360659599304
,1384.0,0,9.908965876093134e-05,3949,,2.5233912467956543,,4.845340251922607,,0.07238005846738815,,0.0445731095969677
,1356.0,0,9.903448517434299e-05,3999,,2.3893110752105713,,4.797946453094482,,0.0729900449514389,,0.04488307610154152
,1368.0,0,9.897931158775464e-05,4049,,3.0143797397613525,,4.868104934692383,,0.07356376945972443,,0.04517412558197975
,1332.0,0,9.892413800116628e-05,4099,,2.7389185428619385,,4.735393524169922,,0.07411915063858032,,0.045440755784511566
,1364.0,0,9.886896441457793e-05,4149,,3.1572558879852295,,4.771009922027588,,0.0746845081448555,,0.0457451194524765
,1348.0,0,9.881379082798958e-05,4199,,3.1192874908447266,,4.796947002410889,,0.07539430260658264,,0.046087268739938736
,1344.0,0,9.875861724140123e-05,4249,,1.8563557863235474,,4.848873138427734,,0.076068215072155,,0.046426329761743546
,1376.0,0,9.870345093077049e-05,4299,,2.4795022010803223,,4.78145694732666,,0.07662487775087357,,0.046762656420469284
,1368.0,0,9.864827734418213e-05,4349,,2.6565418243408203,,4.557657718658447,,0.07725790143013,,0.04700839892029762
,1312.0,0,9.859310375759378e-05,4399,,3.0276272296905518,,4.64375638961792,,0.07793465256690979,,0.04734263941645622
,1396.0,0,9.853793017100543e-05,4449,,2.4762191772460938,,4.919541835784912,,0.07853579521179199,,0.04760109260678291
,1332.0,0,9.848275658441707e-05,4499,,2.3502371311187744,,4.656689643859863,,0.0791282132267952,,0.04789067432284355
,1324.0,0,9.842758299782872e-05,4549,,2.764265775680542,,4.46221399307251,,0.07980737090110779,,0.048240985721349716
,1364.0,0,9.837241668719798e-05,4599,,2.0713672637939453,,4.532257080078125,,0.08052217215299606,,0.04857439547777176
,1388.0,0,9.831724310060963e-05,4649,,2.36828351020813,,4.566147804260254,,0.08120284974575043,,0.04884197562932968
,1356.0,0,9.826206951402128e-05,4699,,2.231994390487671,,4.889042377471924,,0.08187873661518097,,0.049171775579452515
,1384.0,0,9.820689592743292e-05,4749,,2.775188446044922,,4.555915355682373,,0.08245965838432312,,0.049461591988801956
,1368.0,0,9.815172234084457e-05,4799,,3.7477779388427734,,4.586423873901367,,0.08317062258720398,,0.04980072006583214
,1388.0,0,9.809654875425622e-05,4849,,2.7054553031921387,,4.675012588500977,,0.0838129073381424,,0.05008505657315254
,1404.0,0,9.804138244362548e-05,4899,,2.4034981727600098,,4.620630741119385,,0.08447695523500443,,0.05040718987584114
,1420.0,0,9.798620885703713e-05,4949,,3.248591423034668,,4.464422702789307,,0.08510518819093704,,0.05075164511799812
,1340.0,0,9.793103527044877e-05,4999,,2.781812906265259,,4.6218085289001465,,0.0857064500451088,,0.05104808881878853
,1352.0,0,9.787586168386042e-05,5049,,2.9514684677124023,,4.497166633605957,,0.08637116104364395,,0.05134579911828041
,1396.0,0,9.782068809727207e-05,5099,,2.2223517894744873,,4.442529678344727,,0.08704657852649689,,0.051684025675058365
,1348.0,0,9.776551451068372e-05,5149,,4.045316219329834,,4.402489185333252,,0.08767768740653992,,0.051992494612932205
,1376.0,0,9.771034820005298e-05,5199,,3.560732841491699,,4.597530841827393,,0.08826553821563721,,0.05226299539208412
1365.5830078125,,0,,5203,1.9602757692337036,,5.305333614349365,,0.05699025094509125,,0.036744847893714905,
,1364.0,1,9.765517461346462e-05,5249,,3.2811410427093506,,4.512096881866455,,0.08885683119297028,,0.05256643518805504
,1376.0,1,9.760000102687627e-05,5299,,4.265124320983887,,4.371518135070801,,0.08953619003295898,,0.05291562154889107
,1368.0,1,9.754482744028792e-05,5349,,2.095151662826538,,4.514637470245361,,0.09024817496538162,,0.05321907252073288
,1360.0,1,9.748965385369956e-05,5399,,2.899632453918457,,4.486371040344238,,0.09088286757469177,,0.053543251007795334
,1368.0,1,9.743448026711121e-05,5449,,3.5314388275146484,,4.327457904815674,,0.0915028527379036,,0.05385333299636841
,1400.0,1,9.737931395648047e-05,5499,,4.538735866546631,,4.3440327644348145,,0.09211613237857819,,0.0541769415140152
,1348.0,1,9.732414036989212e-05,5549,,2.301154613494873,,4.407940864562988,,0.09280696511268616,,0.054509472101926804
,1392.0,1,9.726896678330377e-05,5599,,2.4693562984466553,,4.328411102294922,,0.09347786754369736,,0.05488201603293419
,1340.0,1,9.721379319671541e-05,5649,,2.262969970703125,,4.474653244018555,,0.09409254044294357,,0.05521393567323685
,1388.0,1,9.715861961012706e-05,5699,,2.7143754959106445,,4.2014384269714355,,0.09473369270563126,,0.05550980940461159
,1336.0,1,9.710344602353871e-05,5749,,2.447819471359253,,4.259468078613281,,0.09539157897233963,,0.05582602322101593
,1360.0,1,9.704827243695036e-05,5799,,2.9609792232513428,,4.3393096923828125,,0.09607613831758499,,0.05608939379453659
,1372.0,1,9.699310612631962e-05,5849,,3.8143904209136963,,4.332029342651367,,0.09676016867160797,,0.05640430375933647
,1372.0,1,9.693793253973126e-05,5899,,3.6772215366363525,,4.23297643661499,,0.09747186303138733,,0.056694742292165756
,1360.0,1,9.688275895314291e-05,5949,,4.047406196594238,,4.4846930503845215,,0.09817001223564148,,0.057053226977586746
,1348.0,1,9.682758536655456e-05,5999,,3.151033878326416,,4.350692272186279,,0.09881249070167542,,0.0573599711060524
,1392.0,1,9.67724117799662e-05,6049,,2.037584066390991,,4.167431831359863,,0.09933169186115265,,0.05763893947005272
,1360.0,1,9.671723819337785e-05,6099,,3.429760694503784,,4.033982276916504,,0.10002703219652176,,0.05795131251215935
,1408.0,1,9.666207188274711e-05,6149,,4.187357425689697,,4.30646276473999,,0.10065575689077377,,0.05820797383785248
,1380.0,1,9.660689829615876e-05,6199,,3.8546552658081055,,4.293871879577637,,0.10131958872079849,,0.05849743261933327
,1388.0,1,9.655172470957041e-05,6249,,3.7275917530059814,,4.180737495422363,,0.10194748640060425,,0.05881277844309807
,1364.0,1,9.649655112298205e-05,6299,,3.7915122509002686,,4.622143268585205,,0.10253431648015976,,0.05911237373948097
,1328.0,1,9.64413775363937e-05,6349,,2.654423952102661,,4.2503509521484375,,0.10314004868268967,,0.05939292535185814
,1360.0,1,9.638620394980535e-05,6399,,2.96006178855896,,4.316159725189209,,0.10376574844121933,,0.05969833582639694
,1376.0,1,9.633103763917461e-05,6449,,5.535240173339844,,4.378629207611084,,0.10440438985824585,,0.0599391907453537
,1372.0,1,9.627586405258626e-05,6499,,3.529963493347168,,3.968783140182495,,0.10502007603645325,,0.06019793450832367
,1368.0,1,9.62206904659979e-05,6549,,3.0651466846466064,,4.25620698928833,,0.10566022247076035,,0.06046627461910248
,1348.0,1,9.616551687940955e-05,6599,,2.5039026737213135,,4.101661205291748,,0.10631157457828522,,0.0608133040368557
,1388.0,1,9.61103432928212e-05,6649,,2.4381301403045654,,4.256573677062988,,0.10701953619718552,,0.06106264516711235
,1348.0,1,9.605516970623285e-05,6699,,4.088252544403076,,4.094801425933838,,0.10767415165901184,,0.06126915663480759
,1380.0,1,9.600000339560211e-05,6749,,3.0326855182647705,,4.047974109649658,,0.10831256210803986,,0.061497051268815994
,1356.0,1,9.594482980901375e-05,6799,,3.1458680629730225,,4.248381614685059,,0.1089564636349678,,0.06180233880877495
,1368.0,1,9.58896562224254e-05,6849,,4.470407485961914,,4.076745986938477,,0.10957608371973038,,0.06208159402012825
,1396.0,1,9.583448263583705e-05,6899,,5.258885383605957,,4.006980895996094,,0.11025074869394302,,0.062387287616729736
,1416.0,1,9.57793090492487e-05,6949,,5.394520282745361,,4.023992538452148,,0.11091326177120209,,0.06267330050468445
,1384.0,1,9.572413546266034e-05,6999,,3.6082305908203125,,3.9398393630981445,,0.11153612285852432,,0.06294486671686172
,1388.0,1,9.56689691520296e-05,7049,,4.046791076660156,,3.964097023010254,,0.11219054460525513,,0.06324361264705658
,1396.0,1,9.561379556544125e-05,7099,,2.6026782989501953,,4.0401997566223145,,0.11281188577413559,,0.06347310543060303
,1336.0,1,9.55586219788529e-05,7149,,4.623954772949219,,4.092548847198486,,0.11348935216665268,,0.06378941982984543
,1372.0,1,9.550344839226454e-05,7199,,3.3267009258270264,,4.034536838531494,,0.11412351578474045,,0.0641227513551712
,1384.0,1,9.544827480567619e-05,7249,,3.9010465145111084,,3.8875231742858887,,0.11475930362939835,,0.0644521713256836
,1352.0,1,9.539310121908784e-05,7299,,5.023461818695068,,3.9435338973999023,,0.11534790694713593,,0.06473740190267563
,1392.0,1,9.533792763249949e-05,7349,,3.013232946395874,,4.3097310066223145,,0.11591266095638275,,0.06500687450170517
,1400.0,1,9.528276132186875e-05,7399,,3.8919296264648438,,4.123743057250977,,0.11655894666910172,,0.06537137180566788
,1376.0,1,9.52275877352804e-05,7449,,3.933849334716797,,4.137465953826904,,0.1171519085764885,,0.06567620486021042
,1392.0,1,9.517241414869204e-05,7499,,2.5363361835479736,,3.9773566722869873,,0.1177736148238182,,0.06599826365709305
,1316.0,1,9.511724056210369e-05,7549,,3.0735015869140625,,3.9807448387145996,,0.11839339882135391,,0.06631486117839813
,1364.0,1,9.506206697551534e-05,7599,,3.142200231552124,,4.197511196136475,,0.11898006498813629,,0.06661638617515564
,1368.0,1,9.500689338892698e-05,7649,,2.880737066268921,,3.8437607288360596,,0.119601771235466,,0.066936194896698
,1364.0,1,9.495172707829624e-05,7699,,2.9295623302459717,,3.866882562637329,,0.12020251154899597,,0.0672176256775856
,1348.0,1,9.489655349170789e-05,7749,,2.9958345890045166,,3.877593994140625,,0.12081971019506454,,0.0675317645072937
,1388.0,1,9.484137990511954e-05,7799,,2.291358709335327,,3.7520909309387207,,0.12143285572528839,,0.06784888356924057
,1368.0,1,9.478620631853119e-05,7849,,4.183644771575928,,3.856147527694702,,0.1220708042383194,,0.06814983487129211
,1332.0,1,9.473103273194283e-05,7899,,3.65798020362854,,3.9587326049804688,,0.12266106903553009,,0.06842935085296631
,1380.0,1,9.467585914535448e-05,7949,,5.410711765289307,,4.02266788482666,,0.12323355674743652,,0.06871313601732254
,1376.0,1,9.462069283472374e-05,7999,,3.463787794113159,,3.842989444732666,,0.12380903959274292,,0.06899265944957733
,1372.0,1,9.456551924813539e-05,8049,,3.887540340423584,,3.48195219039917,,0.12438955903053284,,0.0692458376288414
,1368.0,1,9.451034566154703e-05,8099,,3.12190580368042,,4.062343120574951,,0.12496566027402878,,0.06949836760759354
,1392.0,1,9.445517207495868e-05,8149,,4.192404270172119,,3.8718531131744385,,0.12549884617328644,,0.06977446377277374
,1388.0,1,9.439999848837033e-05,8199,,2.8007943630218506,,3.8262271881103516,,0.12605717778205872,,0.07004441320896149
,1368.0,1,9.434482490178198e-05,8249,,3.699897050857544,,3.9343903064727783,,0.1265883445739746,,0.07035500556230545
,1392.0,1,9.428965859115124e-05,8299,,4.287224292755127,,3.9632599353790283,,0.12717106938362122,,0.07063362747430801
,1372.0,1,9.423448500456288e-05,8349,,2.833475112915039,,4.019928455352783,,0.12773491442203522,,0.07092434167861938
,1384.0,1,9.417931141797453e-05,8399,,4.132900238037109,,3.7706708908081055,,0.12830239534378052,,0.07118844240903854
,1384.0,1,9.412413783138618e-05,8449,,3.828784465789795,,3.833902597427368,,0.1289222091436386,,0.07148776203393936
,1388.0,1,9.406896424479783e-05,8499,,4.37384557723999,,3.7275562286376953,,0.12949280440807343,,0.07176045328378677
,1380.0,1,9.401379065820947e-05,8549,,4.247125625610352,,3.711655855178833,,0.13005812466144562,,0.07205335050821304
,1376.0,1,9.395861707162112e-05,8599,,3.1972455978393555,,4.231411933898926,,0.13059629499912262,,0.07235356420278549
,1368.0,1,9.390345076099038e-05,8649,,4.356048583984375,,4.018762111663818,,0.13110995292663574,,0.07265690714120865
,1368.0,1,9.384827717440203e-05,8699,,4.44088077545166,,3.888620138168335,,0.13170082867145538,,0.07301346212625504
,1352.0,1,9.379310358781368e-05,8749,,4.193896293640137,,3.9531214237213135,,0.13221122324466705,,0.07329610735177994
,1344.0,1,9.373793000122532e-05,8799,,5.244086265563965,,3.8473477363586426,,0.13275879621505737,,0.07358372211456299
,1368.0,1,9.368275641463697e-05,8849,,3.197904109954834,,4.0388102531433105,,0.13326406478881836,,0.07386379688978195
,1348.0,1,9.362758282804862e-05,8899,,4.247232913970947,,3.7336230278015137,,0.13379734754562378,,0.07418502867221832
,1364.0,1,9.357241651741788e-05,8949,,3.9661238193511963,,3.9955270290374756,,0.13433995842933655,,0.0744844302535057
,1380.0,1,9.351724293082952e-05,8999,,4.611666202545166,,3.771371841430664,,0.13490957021713257,,0.07481906563043594
,1388.0,1,9.346206934424117e-05,9049,,4.367952823638916,,3.693844795227051,,0.13545730710029602,,0.07507724314928055
,1372.0,1,9.340689575765282e-05,9099,,3.98231840133667,,3.604785203933716,,0.1359933763742447,,0.07532883435487747
,1344.0,1,9.335172217106447e-05,9149,,3.3140623569488525,,3.830291271209717,,0.13650625944137573,,0.075506292283535
,1372.0,1,9.329654858447611e-05,9199,,4.1288042068481445,,3.9113690853118896,,0.1370457261800766,,0.07579214125871658
,1376.0,1,9.324138227384537e-05,9249,,3.2404816150665283,,3.5906076431274414,,0.13758651912212372,,0.07604539394378662
,1380.0,1,9.318620868725702e-05,9299,,3.471127986907959,,3.590845823287964,,0.13809728622436523,,0.07626937329769135
,1380.0,1,9.313103510066867e-05,9349,,3.565828800201416,,3.61214542388916,,0.13864533603191376,,0.07653564214706421
,1336.0,1,9.307586151408032e-05,9399,,5.7645649909973145,,3.5073564052581787,,0.13914167881011963,,0.07672901451587677
,1388.0,1,9.302068792749196e-05,9449,,3.504915952682495,,3.795773506164551,,0.1396847367286682,,0.07701130956411362
,1380.0,1,9.296551434090361e-05,9499,,3.661782741546631,,3.92984676361084,,0.1402481347322464,,0.07728657126426697
,1388.0,1,9.291034803027287e-05,9549,,4.773009300231934,,3.630399703979492,,0.14078515768051147,,0.07756584137678146
,1300.0,1,9.285517444368452e-05,9599,,5.467370986938477,,3.724571466445923,,0.14137211441993713,,0.07781773060560226
,1332.0,1,9.280000085709617e-05,9649,,4.240847587585449,,3.628194808959961,,0.14193660020828247,,0.0781097337603569
,1408.0,1,9.274482727050781e-05,9699,,4.4908857345581055,,3.6047346591949463,,0.14250624179840088,,0.07837355881929398
,1312.0,1,9.268965368391946e-05,9749,,3.4267661571502686,,3.690751314163208,,0.14307890832424164,,0.0786675289273262
,1344.0,1,9.26344800973311e-05,9799,,4.5431718826293945,,3.7343547344207764,,0.1435847282409668,,0.07890453189611435
,1360.0,1,9.257931378670037e-05,9849,,4.669375896453857,,3.8606956005096436,,0.144062340259552,,0.07917850464582443
,1320.0,1,9.252414020011202e-05,9899,,4.720156669616699,,3.4899158477783203,,0.14460283517837524,,0.07946088910102844
,1376.0,1,9.246896661352366e-05,9949,,5.352316379547119,,3.5674712657928467,,0.14516964554786682,,0.07970618456602097
,1348.0,1,9.241379302693531e-05,9999,,3.947190284729004,,3.8300974369049072,,0.14567020535469055,,0.0799754187464714
,1380.0,1,9.235861944034696e-05,10049,,4.6010003089904785,,3.7609970569610596,,0.1461835354566574,,0.08024810999631882
,1368.0,1,9.23034458537586e-05,10099,,5.530769348144531,,3.508840560913086,,0.14667484164237976,,0.08048199862241745
,1332.0,1,9.224827226717025e-05,10149,,6.472447872161865,,3.69736909866333,,0.14720430970191956,,0.08077999949455261
,1364.0,1,9.219310595653951e-05,10199,,3.8773820400238037,,3.488952398300171,,0.1477028876543045,,0.08103679865598679
,1392.0,1,9.213793236995116e-05,10249,,5.489595890045166,,3.862137794494629,,0.1482161581516266,,0.08130035549402237
,1372.0,1,9.20827587833628e-05,10299,,4.290244102478027,,3.662957191467285,,0.14868298172950745,,0.08153975754976273
,1384.0,1,9.202758519677445e-05,10349,,3.967878580093384,,4.105741024017334,,0.1491718590259552,,0.08181985467672348
,1384.0,1,9.19724116101861e-05,10399,,4.851459980010986,,3.757756471633911,,0.1497095376253128,,0.08211512863636017
1366.1527099609375,,1,,10407,3.7688748836517334,,3.9823083877563477,,0.12054156512022018,,0.06765072792768478,
,1372.0,2,9.191723802359775e-05,10449,,5.063008785247803,,3.470954418182373,,0.1502266377210617,,0.08242475986480713
,1344.0,2,9.186207171296701e-05,10499,,4.323968887329102,,3.6798760890960693,,0.150689497590065,,0.08266407251358032
,1356.0,2,9.180689812637866e-05,10549,,4.351449012756348,,3.6490607261657715,,0.1512007713317871,,0.08293595165014267
,1344.0,2,9.17517245397903e-05,10599,,5.38191032409668,,3.4094903469085693,,0.15174324810504913,,0.08320073038339615
,1352.0,2,9.169655095320195e-05,10649,,5.740262508392334,,3.3513574600219727,,0.15225888788700104,,0.08348450064659119
,1316.0,2,9.16413773666136e-05,10699,,5.951030254364014,,3.589207887649536,,0.15280044078826904,,0.08373230695724487
,1316.0,2,9.158620378002524e-05,10749,,4.607390403747559,,3.346672296524048,,0.15330952405929565,,0.08401763439178467
,1380.0,2,9.15310374693945e-05,10799,,4.794565200805664,,3.7916018962860107,,0.15381088852882385,,0.08428952842950821
,1368.0,2,9.147586388280615e-05,10849,,4.232028961181641,,3.985168695449829,,0.15426303446292877,,0.0845186784863472
,1356.0,2,9.14206902962178e-05,10899,,5.6087470054626465,,3.5317018032073975,,0.15474431216716766,,0.08475137501955032
,1360.0,2,9.136551670962945e-05,10949,,4.409819602966309,,3.5674829483032227,,0.15519191324710846,,0.08495162427425385
,1384.0,2,9.13103431230411e-05,10999,,4.727406978607178,,3.480086326599121,,0.1557101458311081,,0.0851774737238884
,1360.0,2,9.125516953645274e-05,11049,,4.179920673370361,,3.5021402835845947,,0.15621249377727509,,0.08539208024740219
,1364.0,2,9.1200003225822e-05,11099,,3.959829807281494,,3.5349013805389404,,0.15672720968723297,,0.08563892543315887
,1368.0,2,9.114482963923365e-05,11149,,4.3157958984375,,3.339125156402588,,0.15722477436065674,,0.08590519428253174
,1348.0,2,9.10896560526453e-05,11199,,4.346791744232178,,3.096837282180786,,0.15772199630737305,,0.08617684990167618
,1336.0,2,9.103448246605694e-05,11249,,4.969590663909912,,3.210080862045288,,0.15823547542095184,,0.08649376034736633
,1328.0,2,9.097930887946859e-05,11299,,4.44479513168335,,3.5970566272735596,,0.15866605937480927,,0.08677435666322708
,1404.0,2,9.092413529288024e-05,11349,,7.095751762390137,,3.229618787765503,,0.15916754305362701,,0.08707637339830399
,1340.0,2,9.08689689822495e-05,11399,,4.342167377471924,,3.56361722946167,,0.15961356461048126,,0.08730703592300415
,1392.0,2,9.081379539566115e-05,11449,,5.785444736480713,,3.366410970687866,,0.16008296608924866,,0.08754850178956985
,1396.0,2,9.075862180907279e-05,11499,,3.6046650409698486,,3.737307071685791,,0.1605200171470642,,0.08778964728116989
,1344.0,2,9.070344822248444e-05,11549,,5.948459148406982,,3.486908435821533,,0.16100607812404633,,0.08805054426193237
,1348.0,2,9.064827463589609e-05,11599,,4.293415546417236,,3.5010952949523926,,0.1614740490913391,,0.08831064403057098
,1352.0,2,9.059310104930773e-05,11649,,5.151213645935059,,3.172564744949341,,0.16194432973861694,,0.08857869356870651
,1388.0,2,9.053792746271938e-05,11699,,6.910841464996338,,3.5759973526000977,,0.16237981617450714,,0.08884371072053909
,1396.0,2,9.048276115208864e-05,11749,,4.20082950592041,,3.6750504970550537,,0.16284292936325073,,0.08911273628473282
,1400.0,2,9.042758756550029e-05,11799,,4.8615498542785645,,3.3438923358917236,,0.16328881680965424,,0.08936610072851181
,1396.0,2,9.037241397891194e-05,11849,,6.12799596786499,,3.389671564102173,,0.16377955675125122,,0.08962129801511765
,1340.0,2,9.031724039232358e-05,11899,,6.086858749389648,,3.512540340423584,,0.16423173248767853,,0.08983389288187027
,1392.0,2,9.026206680573523e-05,11949,,5.1394524574279785,,3.618293046951294,,0.16470782458782196,,0.0900605246424675
,1372.0,2,9.020689321914688e-05,11999,,7.244058132171631,,3.1512138843536377,,0.1651761382818222,,0.09030763059854507
,1368.0,2,9.015172690851614e-05,12049,,5.779315948486328,,3.4805655479431152,,0.1655641347169876,,0.09055022895336151
,1392.0,2,9.009655332192779e-05,12099,,5.247573375701904,,3.5930709838867188,,0.16597631573677063,,0.0908241719007492
,1364.0,2,9.004137973533943e-05,12149,,5.60032320022583,,3.3109374046325684,,0.16639871895313263,,0.09108998626470566
,1372.0,2,8.998620614875108e-05,12199,,4.490719795227051,,3.566901683807373,,0.16687600314617157,,0.09137523919343948
,1372.0,2,8.993103256216273e-05,12249,,5.3148345947265625,,3.6031711101531982,,0.16731534898281097,,0.09159750491380692
,1332.0,2,8.987585897557437e-05,12299,,5.81864070892334,,3.57492995262146,,0.16776375472545624,,0.09182319045066833
,1376.0,2,8.982069266494364e-05,12349,,5.549559593200684,,3.107682943344116,,0.1681925356388092,,0.09204849600791931
,1312.0,2,8.976551907835528e-05,12399,,5.722654819488525,,3.5017220973968506,,0.16861315071582794,,0.09228679537773132
,1364.0,2,8.971034549176693e-05,12449,,5.566957950592041,,3.749765157699585,,0.16904030740261078,,0.09254277497529984
,1376.0,2,8.965517190517858e-05,12499,,5.873167991638184,,3.4638185501098633,,0.16947230696678162,,0.09278931468725204
,1372.0,2,8.959999831859022e-05,12549,,4.577391624450684,,3.4311323165893555,,0.16989833116531372,,0.09304468333721161
,1344.0,2,8.954482473200187e-05,12599,,4.834507465362549,,3.5578806400299072,,0.17030233144760132,,0.09329936653375626
,1384.0,2,8.948965842137113e-05,12649,,5.260321617126465,,3.434394359588623,,0.1707233190536499,,0.09355397522449493
,1348.0,2,8.943448483478278e-05,12699,,4.96935510635376,,3.6458613872528076,,0.1711534708738327,,0.0938386544585228
,1368.0,2,8.937931124819443e-05,12749,,7.577254295349121,,3.5434253215789795,,0.1715870201587677,,0.09412480890750885
,1364.0,2,8.932413766160607e-05,12799,,5.090531349182129,,3.582212448120117,,0.172013521194458,,0.09437298029661179
,1352.0,2,8.926896407501772e-05,12849,,5.703193187713623,,3.461184501647949,,0.1724461019039154,,0.09465119242668152
,1376.0,2,8.921379048842937e-05,12899,,4.395501136779785,,3.3344757556915283,,0.17283004522323608,,0.09489314258098602
,1404.0,2,8.915862417779863e-05,12949,,4.645759105682373,,3.4591009616851807,,0.1731814444065094,,0.09512537717819214
,1396.0,2,8.910345059121028e-05,12999,,7.968140125274658,,3.043538808822632,,0.17361986637115479,,0.09537708759307861
,1380.0,2,8.904827700462192e-05,13049,,4.7593464851379395,,3.5751593112945557,,0.17404299974441528,,0.09564301371574402
,1332.0,2,8.899310341803357e-05,13099,,5.101496696472168,,3.4332873821258545,,0.17447292804718018,,0.09592051059007645
,1376.0,2,8.893792983144522e-05,13149,,5.341673851013184,,3.3093442916870117,,0.1748916655778885,,0.09618177264928818
,1356.0,2,8.888275624485686e-05,13199,,6.050240516662598,,3.3383896350860596,,0.17528118193149567,,0.09644216299057007
,1324.0,2,8.882758265826851e-05,13249,,5.4419474601745605,,3.228559970855713,,0.175686776638031,,0.0966864824295044
,1356.0,2,8.877241634763777e-05,13299,,7.169783115386963,,3.4174880981445312,,0.17603066563606262,,0.0969092920422554
,1380.0,2,8.871724276104942e-05,13349,,6.574072360992432,,3.363532066345215,,0.17647531628608704,,0.09717158228158951
,1336.0,2,8.866206917446107e-05,13399,,6.74227237701416,,3.27264666557312,,0.17687037587165833,,0.09743092954158783
,1344.0,2,8.860689558787271e-05,13449,,6.63209342956543,,3.4894227981567383,,0.17728067934513092,,0.09766655415296555
,1360.0,2,8.855172200128436e-05,13499,,5.628748893737793,,3.208623170852661,,0.1776869297027588,,0.09787887334823608
,1380.0,2,8.849654841469601e-05,13549,,7.336498737335205,,3.369309663772583,,0.17811913788318634,,0.09813964366912842
,1356.0,2,8.844138210406527e-05,13599,,7.153550148010254,,3.3883485794067383,,0.1784997284412384,,0.09834453463554382
,1356.0,2,8.838620851747692e-05,13649,,4.957393169403076,,3.2967514991760254,,0.17888924479484558,,0.09856940060853958
,1356.0,2,8.833103493088856e-05,13699,,5.269489765167236,,3.490129232406616,,0.17927923798561096,,0.09879782795906067
,1372.0,2,8.827586134430021e-05,13749,,5.698317527770996,,3.430187940597534,,0.1796693354845047,,0.09907478094100952
,1392.0,2,8.822068775771186e-05,13799,,5.676625728607178,,3.356121301651001,,0.18007749319076538,,0.099275141954422
,1332.0,2,8.81655141711235e-05,13849,,5.280706405639648,,3.3419597148895264,,0.1804978847503662,,0.0995350182056427
,1364.0,2,8.811034786049277e-05,13899,,6.177315711975098,,3.4505131244659424,,0.18089550733566284,,0.09977055341005325
,1392.0,2,8.805517427390441e-05,13949,,6.473204612731934,,3.4478039741516113,,0.18130019307136536,,0.09999482333660126
,1364.0,2,8.800000068731606e-05,13999,,6.266353130340576,,3.431250810623169,,0.18166375160217285,,0.10020531713962555
,1388.0,2,8.794482710072771e-05,14049,,5.017729759216309,,3.2342536449432373,,0.18199430406093597,,0.10042266547679901
,1384.0,2,8.788965351413935e-05,14099,,5.311975002288818,,3.283978223800659,,0.18235266208648682,,0.10062548518180847
,1348.0,2,8.7834479927551e-05,14149,,6.4436492919921875,,3.3508899211883545,,0.18273818492889404,,0.10086013376712799
,1368.0,2,8.777931361692026e-05,14199,,5.385757923126221,,3.26942777633667,,0.18311306834220886,,0.10106192529201508
,1376.0,2,8.772414003033191e-05,14249,,5.62318754196167,,3.0296196937561035,,0.1835295408964157,,0.10127938538789749
,1376.0,2,8.766896644374356e-05,14299,,5.963069438934326,,3.233909845352173,,0.18396702408790588,,0.10152104496955872
,1372.0,2,8.76137928571552e-05,14349,,5.794132709503174,,3.234340190887451,,0.1843186616897583,,0.10175103694200516
,1376.0,2,8.755861927056685e-05,14399,,6.507625102996826,,3.225508689880371,,0.18468236923217773,,0.10197385400533676
,1392.0,2,8.75034456839785e-05,14449,,6.5568766593933105,,3.4870829582214355,,0.18506217002868652,,0.10219620913267136
,1380.0,2,8.744827937334776e-05,14499,,6.417790412902832,,3.5922045707702637,,0.18544335663318634,,0.10239128768444061
,1368.0,2,8.73931057867594e-05,14549,,4.942525863647461,,3.245980978012085,,0.18578925728797913,,0.1026233434677124
,1380.0,2,8.733793220017105e-05,14599,,7.772988796234131,,3.126009464263916,,0.18615370988845825,,0.10280781239271164
,1380.0,2,8.72827586135827e-05,14649,,6.61611795425415,,3.3469889163970947,,0.18651293218135834,,0.10300631821155548
,1348.0,2,8.722758502699435e-05,14699,,5.489968776702881,,3.488948106765747,,0.18684911727905273,,0.10322374850511551
,1380.0,2,8.7172411440406e-05,14749,,6.501925468444824,,3.3904168605804443,,0.18721623718738556,,0.10343381762504578
,1356.0,2,8.711723785381764e-05,14799,,7.400991916656494,,2.533445358276367,,0.18760880827903748,,0.10368721932172775
,1328.0,2,8.70620715431869e-05,14849,,5.312355995178223,,3.082138776779175,,0.18799933791160583,,0.10390974581241608
,1384.0,2,8.700689795659855e-05,14899,,5.541518211364746,,3.3785018920898438,,0.18834470212459564,,0.10413710027933121
,1328.0,2,8.69517243700102e-05,14949,,5.182678699493408,,3.154956579208374,,0.18872299790382385,,0.10436397790908813
,1364.0,2,8.689655078342184e-05,14999,,5.161046504974365,,3.1494991779327393,,0.1890828013420105,,0.10459856688976288
,1360.0,2,8.684137719683349e-05,15049,,6.008599281311035,,3.251060962677002,,0.18943938612937927,,0.10480015724897385
,1388.0,2,8.678620361024514e-05,15099,,5.685276031494141,,3.0709590911865234,,0.18980413675308228,,0.10502365976572037
,1384.0,2,8.67310372996144e-05,15149,,5.261538982391357,,3.3808248043060303,,0.19013528525829315,,0.10521148145198822
,1352.0,2,8.667586371302605e-05,15199,,7.079072952270508,,3.17629075050354,,0.1905054897069931,,0.10543671250343323
,1376.0,2,8.66206901264377e-05,15249,,6.895200729370117,,3.360368490219116,,0.1908339262008667,,0.10566002875566483
,1388.0,2,8.656551653984934e-05,15299,,5.751570701599121,,3.244654893875122,,0.19117991626262665,,0.1058817058801651
,1372.0,2,8.651034295326099e-05,15349,,6.19456672668457,,3.2860684394836426,,0.19151408970355988,,0.10611581057310104
,1356.0,2,8.645516936667264e-05,15399,,6.499094486236572,,3.3727803230285645,,0.1918739527463913,,0.10635792464017868
,1376.0,2,8.64000030560419e-05,15449,,6.5900349617004395,,3.2233362197875977,,0.19221504032611847,,0.1066216453909874
,1360.0,2,8.634482946945354e-05,15499,,5.410571098327637,,3.466306447982788,,0.1925576627254486,,0.10682690888643265
,1368.0,2,8.628965588286519e-05,15549,,8.865164756774902,,3.110934019088745,,0.19289514422416687,,0.10701803863048553
,1372.0,2,8.623448229627684e-05,15599,,6.724181175231934,,3.0691964626312256,,0.19324927031993866,,0.1072487160563469
1365.9970703125,,2,,15611,5.655401229858398,,3.392021656036377,,0.17304350435733795,,0.0951731950044632,
,1388.0,3,8.617930870968848e-05,15649,,6.406891345977783,,3.2960879802703857,,0.19359879195690155,,0.1074523851275444
,1380.0,3,8.612413512310013e-05,15699,,7.1587066650390625,,3.257737159729004,,0.1939539909362793,,0.10763443261384964
,1352.0,3,8.606896881246939e-05,15749,,6.200374603271484,,3.468870162963867,,0.19428390264511108,,0.10783418267965317
,1348.0,3,8.601379522588104e-05,15799,,6.187146186828613,,3.4849586486816406,,0.19459180533885956,,0.10803331434726715
,1368.0,3,8.595862163929269e-05,15849,,6.370280742645264,,3.0070996284484863,,0.19496279954910278,,0.10826478898525238
,1392.0,3,8.590344805270433e-05,15899,,7.162221908569336,,3.1539244651794434,,0.1953015774488449,,0.10846757143735886
,1340.0,3,8.584827446611598e-05,15949,,6.568256378173828,,3.1092798709869385,,0.19562818109989166,,0.10870066285133362
,1352.0,3,8.579310087952763e-05,15999,,6.5553765296936035,,3.213080644607544,,0.195965975522995,,0.10892095416784286
,1340.0,3,8.573793456889689e-05,16049,,5.795185565948486,,3.2778589725494385,,0.19630089402198792,,0.1091468557715416
,1384.0,3,8.568276098230854e-05,16099,,6.554304122924805,,3.4504284858703613,,0.19664300978183746,,0.10935351252555847
,1364.0,3,8.562758739572018e-05,16149,,6.1822967529296875,,3.1738338470458984,,0.19697247445583344,,0.10956098139286041
,1340.0,3,8.557241380913183e-05,16199,,7.298160552978516,,2.8685522079467773,,0.19733329117298126,,0.10979488492012024
,1348.0,3,8.551724022254348e-05,16249,,6.542145252227783,,3.1671979427337646,,0.1976461261510849,,0.10998974740505219
,1340.0,3,8.546206663595513e-05,16299,,6.791833400726318,,3.2771761417388916,,0.19798769056797028,,0.11016780883073807
,1344.0,3,8.540689304936677e-05,16349,,5.526993274688721,,3.156754732131958,,0.19831006228923798,,0.11037490516901016
,1336.0,3,8.535172673873603e-05,16399,,6.440530300140381,,3.280693292617798,,0.19864723086357117,,0.11058627814054489
,1404.0,3,8.529655315214768e-05,16449,,8.317463874816895,,2.9859163761138916,,0.19900156557559967,,0.11080991476774216
,1376.0,3,8.524137956555933e-05,16499,,6.425987243652344,,3.019778251647949,,0.1993391364812851,,0.11104293912649155
,1360.0,3,8.518620597897097e-05,16549,,8.39219856262207,,3.6288509368896484,,0.1996375322341919,,0.11123684048652649
,1340.0,3,8.513103239238262e-05,16599,,7.1419997215271,,3.32770037651062,,0.19994129240512848,,0.11141814291477203
,1376.0,3,8.507585880579427e-05,16649,,7.455283164978027,,3.1732611656188965,,0.2002822309732437,,0.11163690686225891
,1360.0,3,8.502069249516353e-05,16699,,8.662859916687012,,3.0690932273864746,,0.2005929797887802,,0.11182667315006256
,1352.0,3,8.496551890857518e-05,16749,,8.819778442382812,,3.2630016803741455,,0.20096001029014587,,0.11206160485744476
,1384.0,3,8.491034532198682e-05,16799,,7.710831165313721,,3.2212884426116943,,0.20126129686832428,,0.11223496496677399
,1380.0,3,8.485517173539847e-05,16849,,8.479615211486816,,3.294708251953125,,0.2016155868768692,,0.11246936023235321
,1344.0,3,8.479999814881012e-05,16899,,6.981600761413574,,3.2945926189422607,,0.2019468992948532,,0.11268731206655502
,1368.0,3,8.474482456222177e-05,16949,,5.926084041595459,,3.0959107875823975,,0.20226594805717468,,0.1129220500588417
,1372.0,3,8.468965825159103e-05,16999,,6.896820545196533,,3.2442729473114014,,0.20260629057884216,,0.11312845349311829
,1368.0,3,8.463448466500267e-05,17049,,7.11037015914917,,3.5357818603515625,,0.20294561982154846,,0.11336375772953033
,1332.0,3,8.457931107841432e-05,17099,,7.037858009338379,,3.0039210319519043,,0.2032589167356491,,0.11355523765087128
,1380.0,3,8.452413749182597e-05,17149,,6.924313068389893,,3.2839150428771973,,0.20357638597488403,,0.11376670747995377
,1380.0,3,8.446896390523762e-05,17199,,7.230847358703613,,3.3585805892944336,,0.20389455556869507,,0.11397557705640793
,1336.0,3,8.441379031864926e-05,17249,,7.0796966552734375,,2.5231192111968994,,0.20422999560832977,,0.11418811231851578
,1364.0,3,8.435862400801852e-05,17299,,7.264398097991943,,3.043771743774414,,0.20455113053321838,,0.11438065767288208
,1364.0,3,8.430345042143017e-05,17349,,8.682319641113281,,3.1377289295196533,,0.20483696460723877,,0.11456391215324402
,1396.0,3,8.424827683484182e-05,17399,,8.059884071350098,,3.15261173248291,,0.20513731241226196,,0.11472941935062408
,1380.0,3,8.419310324825346e-05,17449,,7.190359115600586,,2.9136574268341064,,0.20541507005691528,,0.11491325497627258
,1364.0,3,8.413792966166511e-05,17499,,8.947652816772461,,2.9174370765686035,,0.2057374268770218,,0.11511445045471191
,1364.0,3,8.408275607507676e-05,17549,,7.931756973266602,,3.050619125366211,,0.20604704320430756,,0.11530490219593048
,1396.0,3,8.402758976444602e-05,17599,,8.155725479125977,,2.8805952072143555,,0.20637716352939606,,0.11552617698907852
,1372.0,3,8.397241617785767e-05,17649,,7.688384532928467,,2.924666166305542,,0.20667682588100433,,0.11572276055812836
,1344.0,3,8.391724259126931e-05,17699,,7.142354965209961,,3.062495708465576,,0.20694760978221893,,0.11590376496315002
,1360.0,3,8.386206900468096e-05,17749,,7.865379810333252,,2.9604618549346924,,0.20723801851272583,,0.11608242243528366
,1368.0,3,8.380689541809261e-05,17799,,6.321109771728516,,2.904996395111084,,0.2075311690568924,,0.11628906428813934
,1392.0,3,8.375172183150426e-05,17849,,7.312499523162842,,2.8852481842041016,,0.2078351229429245,,0.11650712788105011
,1368.0,3,8.36965482449159e-05,17899,,7.617334842681885,,3.2754616737365723,,0.20813225209712982,,0.11668764799833298
,1356.0,3,8.364138193428516e-05,17949,,9.043309211730957,,3.064190149307251,,0.2084428369998932,,0.11685964465141296
,1348.0,3,8.358620834769681e-05,17999,,7.504378318786621,,3.220503568649292,,0.20870815217494965,,0.1170424371957779
,1364.0,3,8.353103476110846e-05,18049,,8.962267875671387,,3.010260820388794,,0.20898403227329254,,0.11722561717033386
,1376.0,3,8.34758611745201e-05,18099,,8.627111434936523,,3.4201784133911133,,0.2092728167772293,,0.11740805208683014
,1348.0,3,8.342068758793175e-05,18149,,7.758638381958008,,2.930445671081543,,0.209618479013443,,0.1175907701253891
,1384.0,3,8.33655140013434e-05,18199,,7.724632740020752,,3.088481903076172,,0.20991672575473785,,0.11773666739463806
,1344.0,3,8.331034769071266e-05,18249,,7.904486179351807,,3.3800034523010254,,0.21017879247665405,,0.11791697889566422
,1360.0,3,8.325517410412431e-05,18299,,7.524290084838867,,3.0307674407958984,,0.21048419177532196,,0.11810363829135895
,1368.0,3,8.320000051753595e-05,18349,,8.083736419677734,,3.062840461730957,,0.210777148604393,,0.11826958507299423
,1340.0,3,8.31448269309476e-05,18399,,8.33447265625,,2.9364702701568604,,0.21107780933380127,,0.11849230527877808
,1376.0,3,8.308965334435925e-05,18449,,6.58354377746582,,3.076627254486084,,0.2113438993692398,,0.11867192387580872
,1348.0,3,8.30344797577709e-05,18499,,7.806512355804443,,2.952763795852661,,0.21160833537578583,,0.11887706816196442
,1372.0,3,8.297931344714016e-05,18549,,7.3751373291015625,,3.2983896732330322,,0.21189960837364197,,0.11907107383012772
,1412.0,3,8.29241398605518e-05,18599,,7.7227325439453125,,3.2422902584075928,,0.2121795415878296,,0.11928684264421463
,1388.0,3,8.286896627396345e-05,18649,,8.131614685058594,,3.2961995601654053,,0.21245452761650085,,0.11947605013847351
,1384.0,3,8.28137926873751e-05,18699,,7.118345260620117,,3.084690570831299,,0.2127249389886856,,0.1196405440568924
,1360.0,3,8.275861910078675e-05,18749,,7.844424724578857,,2.775810718536377,,0.21301884949207306,,0.11983375996351242
,1360.0,3,8.270344551419839e-05,18799,,7.2174763679504395,,3.187997341156006,,0.2133123129606247,,0.12003125250339508
,1368.0,3,8.264827920356765e-05,18849,,7.901986598968506,,3.3626158237457275,,0.21356487274169922,,0.12018070369958878
,1380.0,3,8.25931056169793e-05,18899,,7.949997901916504,,3.193113088607788,,0.21383008360862732,,0.12035562843084335
,1380.0,3,8.253793203039095e-05,18949,,8.712896347045898,,2.791426658630371,,0.21407639980316162,,0.12051015347242355
,1384.0,3,8.24827584438026e-05,18999,,7.563115119934082,,3.057112693786621,,0.2143813669681549,,0.12071564793586731
,1384.0,3,8.242758485721424e-05,19049,,8.386983871459961,,3.493671417236328,,0.21463976800441742,,0.12088420242071152
,1364.0,3,8.237241127062589e-05,19099,,6.97990083694458,,3.1285722255706787,,0.21491579711437225,,0.12105683982372284
,1376.0,3,8.231724495999515e-05,19149,,6.833632469177246,,3.203882932662964,,0.21517707407474518,,0.12120319157838821
,1376.0,3,8.22620713734068e-05,19199,,8.361096382141113,,3.0000972747802734,,0.21543343365192413,,0.12137838453054428
,1400.0,3,8.220689778681844e-05,19249,,7.916930198669434,,3.1389596462249756,,0.2157173454761505,,0.1215629056096077
,1356.0,3,8.215172420023009e-05,19299,,7.692216873168945,,2.983330726623535,,0.21598666906356812,,0.12170956283807755
,1360.0,3,8.209655061364174e-05,19349,,8.340717315673828,,2.7191433906555176,,0.21625517308712006,,0.12187447398900986
,1384.0,3,8.204137702705339e-05,19399,,7.259799957275391,,3.2081093788146973,,0.21652744710445404,,0.12204533070325851
,1392.0,3,8.198620344046503e-05,19449,,9.26728630065918,,3.0083374977111816,,0.2167806774377823,,0.12221300601959229
,1376.0,3,8.19310371298343e-05,19499,,7.038336277008057,,3.1240227222442627,,0.21703886985778809,,0.12237142026424408
,1348.0,3,8.187586354324594e-05,19549,,8.861574172973633,,3.2567033767700195,,0.2172878533601761,,0.12256135791540146
,1348.0,3,8.182068995665759e-05,19599,,8.273757934570312,,3.2095131874084473,,0.2175365835428238,,0.12274810671806335
,1364.0,3,8.176551637006924e-05,19649,,9.202618598937988,,2.9424235820770264,,0.21779458224773407,,0.12292321026325226
,1376.0,3,8.171034278348088e-05,19699,,8.043704986572266,,3.281696319580078,,0.21805107593536377,,0.12310738861560822
,1336.0,3,8.165516919689253e-05,19749,,8.999395370483398,,2.9715006351470947,,0.21832996606826782,,0.12328319251537323
,1368.0,3,8.160000288626179e-05,19799,,9.094475746154785,,3.154954433441162,,0.21860240399837494,,0.12345913052558899
,1380.0,3,8.154482929967344e-05,19849,,7.948200225830078,,3.3538637161254883,,0.21886779367923737,,0.12363491207361221
,1400.0,3,8.148965571308509e-05,19899,,8.237114906311035,,2.905264139175415,,0.21910300850868225,,0.12379256635904312
,1368.0,3,8.143448212649673e-05,19949,,8.296942710876465,,3.1355936527252197,,0.2193954586982727,,0.12394815683364868
,1364.0,3,8.137930853990838e-05,19999,,8.714954376220703,,2.880638599395752,,0.21964767575263977,,0.12411271780729294
,1344.0,3,8.132413495332003e-05,20049,,8.226741790771484,,2.667055130004883,,0.21989236772060394,,0.12425193935632706
,1340.0,3,8.126896864268929e-05,20099,,10.062923431396484,,2.747178316116333,,0.22012560069561005,,0.12442050874233246
,1356.0,3,8.121379505610093e-05,20149,,10.358870506286621,,3.1145923137664795,,0.22040177881717682,,0.12459588795900345
,1348.0,3,8.115862146951258e-05,20199,,7.967957019805908,,2.9502687454223633,,0.22067108750343323,,0.12475127726793289
,1356.0,3,8.110344788292423e-05,20249,,9.291400909423828,,2.548686981201172,,0.22089660167694092,,0.12490041553974152
,1380.0,3,8.104827429633588e-05,20299,,9.118022918701172,,3.073453664779663,,0.22115664184093475,,0.1250523030757904
,1336.0,3,8.099310070974752e-05,20349,,8.213799476623535,,3.196758270263672,,0.22140324115753174,,0.12520506978034973
,1376.0,3,8.093793439911678e-05,20399,,10.447595596313477,,3.1349501609802246,,0.22166165709495544,,0.1253802627325058
,1364.0,3,8.088276081252843e-05,20449,,8.605813980102539,,3.094630002975464,,0.22189995646476746,,0.12553507089614868
,1376.0,3,8.082758722594008e-05,20499,,8.97518253326416,,2.9685890674591064,,0.22214937210083008,,0.12569591403007507
,1352.0,3,8.077241363935173e-05,20549,,8.121784210205078,,2.9624834060668945,,0.2224031537771225,,0.12586863338947296
,1384.0,3,8.071724005276337e-05,20599,,9.743413925170898,,3.070474863052368,,0.22266249358654022,,0.12605606019496918
,1392.0,3,8.066206646617502e-05,20649,,8.122831344604492,,3.0903797149658203,,0.22288519144058228,,0.12621335685253143
,1392.0,3,8.060690015554428e-05,20699,,8.949299812316895,,3.0242457389831543,,0.223141610622406,,0.12638020515441895
,1344.0,3,8.055172656895593e-05,20749,,8.987201690673828,,2.709099531173706,,0.2233782857656479,,0.12653397023677826
,1360.0,3,8.049655298236758e-05,20799,,8.650251388549805,,3.4087865352630615,,0.22360099852085114,,0.12668432295322418
1365.6927490234375,,3,,20815,7.830248832702637,,3.1084797382354736,,0.20946860313415527,,0.11754744499921799,
,1388.0,4,8.044137939577922e-05,20849,,8.527312278747559,,3.126460552215576,,0.22385361790657043,,0.12684084475040436
,1360.0,4,8.038620580919087e-05,20899,,10.016767501831055,,2.607583522796631,,0.22410255670547485,,0.1270141452550888
,1344.0,4,8.033103222260252e-05,20949,,9.00970458984375,,2.8154985904693604,,0.22434523701667786,,0.1271829456090927
,1400.0,4,8.027585863601416e-05,20999,,9.112476348876953,,3.045684576034546,,0.22459504008293152,,0.12734858691692352
,1344.0,4,8.022069232538342e-05,21049,,9.012580871582031,,3.0106594562530518,,0.22485114634037018,,0.12752823531627655
,1400.0,4,8.016551873879507e-05,21099,,8.836211204528809,,3.2130298614501953,,0.2251085638999939,,0.12767046689987183
,1392.0,4,8.011034515220672e-05,21149,,8.883567810058594,,3.002545118331909,,0.22533170878887177,,0.12782594561576843
,1376.0,4,8.005517156561837e-05,21199,,8.889471054077148,,3.088552713394165,,0.22555668652057648,,0.127958744764328
,1376.0,4,7.999999797903001e-05,21249,,9.51926326751709,,3.309809446334839,,0.2258179783821106,,0.12812085449695587
,1376.0,4,7.994482439244166e-05,21299,,9.389798164367676,,2.926159143447876,,0.2260582149028778,,0.12827704846858978
,1356.0,4,7.988965808181092e-05,21349,,9.042829513549805,,2.964833974838257,,0.2262616604566574,,0.1284232884645462
,1324.0,4,7.983448449522257e-05,21399,,10.302574157714844,,2.5495479106903076,,0.22650326788425446,,0.12857277691364288
,1428.0,4,7.977931090863422e-05,21449,,7.62037467956543,,2.9712703227996826,,0.2267407327890396,,0.1287280172109604
,1404.0,4,7.972413732204586e-05,21499,,8.262357711791992,,3.160295009613037,,0.22697295248508453,,0.12889036536216736
,1372.0,4,7.966896373545751e-05,21549,,9.230973243713379,,3.106890916824341,,0.2272198647260666,,0.12906700372695923
,1332.0,4,7.961379014886916e-05,21599,,9.931795120239258,,3.0672361850738525,,0.2274564653635025,,0.12922066450119019
,1364.0,4,7.955862383823842e-05,21649,,9.010887145996094,,2.9558334350585938,,0.2276773601770401,,0.12937678396701813
,1356.0,4,7.950345025165007e-05,21699,,8.772754669189453,,3.0938796997070312,,0.2278972864151001,,0.12952005863189697
,1376.0,4,7.944827666506171e-05,21749,,10.451194763183594,,3.380438804626465,,0.22814607620239258,,0.12970003485679626
,1376.0,4,7.939310307847336e-05,21799,,9.136638641357422,,2.983893871307373,,0.22838681936264038,,0.12983843684196472
,1356.0,4,7.9337929491885e-05,21849,,9.356610298156738,,3.1780333518981934,,0.22864340245723724,,0.13000820577144623
,1388.0,4,7.928275590529665e-05,21899,,8.862871170043945,,3.10942006111145,,0.2288883924484253,,0.13017159700393677
,1348.0,4,7.922758959466591e-05,21949,,9.018479347229004,,3.2321672439575195,,0.2291128784418106,,0.13032369315624237
,1368.0,4,7.917241600807756e-05,21999,,8.699284553527832,,3.106858968734741,,0.22933079302310944,,0.13045398890972137
,1368.0,4,7.911724242148921e-05,22049,,9.833014488220215,,3.0559744834899902,,0.22955569624900818,,0.13060703873634338
,1372.0,4,7.906206883490086e-05,22099,,9.108783721923828,,3.048912763595581,,0.22979137301445007,,0.13077561557292938
,1360.0,4,7.90068952483125e-05,22149,,9.781685829162598,,2.9908785820007324,,0.23003250360488892,,0.13091960549354553
,1364.0,4,7.895172166172415e-05,22199,,9.183634757995605,,3.0654218196868896,,0.23024863004684448,,0.1310761719942093
,1360.0,4,7.889655535109341e-05,22249,,9.260961532592773,,2.902097702026367,,0.2304949015378952,,0.13122935593128204
,1392.0,4,7.884138176450506e-05,22299,,8.756706237792969,,3.0818800926208496,,0.23070408403873444,,0.13137157261371613
,1364.0,4,7.87862081779167e-05,22349,,9.278463363647461,,2.886622667312622,,0.2309182584285736,,0.13150613009929657
,1320.0,4,7.873103459132835e-05,22399,,9.636616706848145,,3.138051986694336,,0.23114478588104248,,0.1316627562046051
,1356.0,4,7.867586100474e-05,22449,,10.009469032287598,,3.1823370456695557,,0.23136654496192932,,0.13181480765342712
,1380.0,4,7.862068741815165e-05,22499,,8.05726432800293,,2.8366284370422363,,0.2316044420003891,,0.13196617364883423
,1352.0,4,7.85655138315633e-05,22549,,10.544875144958496,,3.0393333435058594,,0.2318262755870819,,0.13210664689540863
,1368.0,4,7.851034752093256e-05,22599,,9.218626976013184,,2.876554012298584,,0.23206451535224915,,0.1322469860315323
,1416.0,4,7.84551739343442e-05,22649,,8.76064682006836,,3.01519775390625,,0.23227912187576294,,0.13237370550632477
,1384.0,4,7.840000034775585e-05,22699,,9.213235855102539,,3.145684242248535,,0.23249347507953644,,0.13251319527626038
,1388.0,4,7.83448267611675e-05,22749,,9.248865127563477,,3.1647160053253174,,0.2326982021331787,,0.13264352083206177
,1344.0,4,7.828965317457914e-05,22799,,9.289582252502441,,3.125896692276001,,0.23290343582630157,,0.1327735185623169
,1356.0,4,7.823447958799079e-05,22849,,9.527460098266602,,2.6544840335845947,,0.233138307929039,,0.13294430077075958
,1332.0,4,7.817931327736005e-05,22899,,9.056071281433105,,2.898047924041748,,0.23336084187030792,,0.13307446241378784
,1312.0,4,7.81241396907717e-05,22949,,9.72802448272705,,2.917120933532715,,0.23357143998146057,,0.13323599100112915
,1364.0,4,7.806896610418335e-05,22999,,9.354307174682617,,3.167915105819702,,0.23378020524978638,,0.13338443636894226
,1376.0,4,7.801379251759499e-05,23049,,8.411372184753418,,3.1424248218536377,,0.23395727574825287,,0.13351111114025116
,1344.0,4,7.795861893100664e-05,23099,,9.380611419677734,,2.9558632373809814,,0.23415592312812805,,0.13364706933498383
,1356.0,4,7.790344534441829e-05,23149,,9.334214210510254,,3.1232707500457764,,0.23434285819530487,,0.13376541435718536
,1376.0,4,7.784827903378755e-05,23199,,9.175899505615234,,2.8154048919677734,,0.23456734418869019,,0.1338859647512436
,1384.0,4,7.77931054471992e-05,23249,,9.223883628845215,,3.00069260597229,,0.2347842901945114,,0.1340126246213913
,1360.0,4,7.773793186061084e-05,23299,,9.651925086975098,,2.9864728450775146,,0.23498523235321045,,0.13414239883422852
,1356.0,4,7.768275827402249e-05,23349,,9.947389602661133,,2.891997814178467,,0.23518814146518707,,0.13429564237594604
,1372.0,4,7.762758468743414e-05,23399,,10.335217475891113,,2.6459906101226807,,0.2354048639535904,,0.13443438708782196
,1372.0,4,7.757241110084578e-05,23449,,10.169189453125,,2.9822182655334473,,0.23559708893299103,,0.1345720887184143
,1360.0,4,7.751724479021505e-05,23499,,9.263372421264648,,2.864732027053833,,0.23581236600875854,,0.1347130537033081
,1376.0,4,7.746207120362669e-05,23549,,10.266803741455078,,2.604459285736084,,0.23601879179477692,,0.13484232127666473
,1328.0,4,7.740689761703834e-05,23599,,10.51992130279541,,2.653797149658203,,0.23622290790081024,,0.13496661186218262
,1384.0,4,7.735172403044999e-05,23649,,9.788567543029785,,3.387270212173462,,0.2364262193441391,,0.13510671257972717
,1356.0,4,7.729655044386163e-05,23699,,10.248512268066406,,2.9370341300964355,,0.2366408109664917,,0.135251984000206
,1348.0,4,7.724137685727328e-05,23749,,8.998346328735352,,3.020188331604004,,0.236855149269104,,0.13538159430027008
,1376.0,4,7.718620327068493e-05,23799,,10.789091110229492,,2.906028985977173,,0.2370612770318985,,0.13553079962730408
,1336.0,4,7.713103696005419e-05,23849,,10.192337989807129,,3.15590500831604,,0.2372743934392929,,0.1356840282678604
,1356.0,4,7.707586337346584e-05,23899,,10.075886726379395,,2.990178108215332,,0.2374795377254486,,0.13582874834537506
,1372.0,4,7.702068978687748e-05,23949,,10.573904991149902,,3.229651689529419,,0.23766790330410004,,0.13596196472644806
,1352.0,4,7.696551620028913e-05,23999,,9.563220977783203,,3.4617226123809814,,0.23786060512065887,,0.13608300685882568
,1328.0,4,7.691034261370078e-05,24049,,8.788573265075684,,3.0461196899414062,,0.2380388081073761,,0.13620804250240326
,1372.0,4,7.685516902711242e-05,24099,,9.313741683959961,,2.88325572013855,,0.23822389543056488,,0.13631729781627655
,1356.0,4,7.680000271648169e-05,24149,,10.565228462219238,,2.978671073913574,,0.23843884468078613,,0.13646316528320312
,1388.0,4,7.674482912989333e-05,24199,,10.39484977722168,,2.9507362842559814,,0.23866969347000122,,0.1366082727909088
,1356.0,4,7.668965554330498e-05,24249,,9.783138275146484,,2.724350929260254,,0.23887135088443756,,0.1367264688014984
,1364.0,4,7.663448195671663e-05,24299,,10.008440971374512,,2.942063570022583,,0.23907950520515442,,0.13686229288578033
,1328.0,4,7.657930837012827e-05,24349,,11.335137367248535,,3.0023648738861084,,0.23928306996822357,,0.13700824975967407
,1348.0,4,7.652413478353992e-05,24399,,10.394848823547363,,3.070662498474121,,0.23949401080608368,,0.13717077672481537
,1380.0,4,7.646896847290918e-05,24449,,9.32280158996582,,3.137845277786255,,0.2396845817565918,,0.1373041719198227
,1332.0,4,7.641379488632083e-05,24499,,10.383062362670898,,3.155388116836548,,0.23987896740436554,,0.13745063543319702
,1380.0,4,7.635862129973248e-05,24549,,10.759089469909668,,3.177380084991455,,0.2400819957256317,,0.13758626580238342
,1352.0,4,7.630344771314412e-05,24599,,10.880209922790527,,2.9737300872802734,,0.2402733862400055,,0.13772311806678772
,1332.0,4,7.624827412655577e-05,24649,,9.422778129577637,,2.900186777114868,,0.24047742784023285,,0.13787728548049927
,1384.0,4,7.619310053996742e-05,24699,,10.15831184387207,,2.867732286453247,,0.2406884729862213,,0.13804061710834503
,1364.0,4,7.613793422933668e-05,24749,,10.794815063476562,,3.1973307132720947,,0.24087965488433838,,0.1381668597459793
,1360.0,4,7.608276064274833e-05,24799,,8.943466186523438,,2.92649507522583,,0.24106937646865845,,0.13828156888484955
,1400.0,4,7.602758705615997e-05,24849,,10.1671724319458,,2.800834894180298,,0.24126406013965607,,0.13842841982841492
,1376.0,4,7.597241346957162e-05,24899,,9.424490928649902,,2.909785509109497,,0.2414598912000656,,0.13855119049549103
,1396.0,4,7.591723988298327e-05,24949,,10.890575408935547,,2.7825372219085693,,0.24165160953998566,,0.13871395587921143
,1368.0,4,7.586206629639491e-05,24999,,9.974329948425293,,2.8624556064605713,,0.2418503761291504,,0.1388624608516693
,1388.0,4,7.580689998576418e-05,25049,,9.464099884033203,,3.0369629859924316,,0.24204304814338684,,0.1389779895544052
,1356.0,4,7.575172639917582e-05,25099,,9.614795684814453,,2.7410454750061035,,0.24221962690353394,,0.1391018182039261
,1372.0,4,7.569655281258747e-05,25149,,9.67564582824707,,2.961514472961426,,0.24241361021995544,,0.13923758268356323
,1404.0,4,7.564137922599912e-05,25199,,10.489745140075684,,2.781858205795288,,0.24260789155960083,,0.13937540352344513
,1364.0,4,7.558620563941076e-05,25249,,9.2006254196167,,2.90214467048645,,0.242781400680542,,0.13949862122535706
,1404.0,4,7.553103205282241e-05,25299,,9.838930130004883,,2.7936878204345703,,0.24296385049819946,,0.13961711525917053
,1396.0,4,7.547585846623406e-05,25349,,9.60258960723877,,2.948823928833008,,0.24315327405929565,,0.13975350558757782
,1372.0,4,7.542069215560332e-05,25399,,10.191701889038086,,2.9591145515441895,,0.24334822595119476,,0.13987499475479126
,1380.0,4,7.536551856901497e-05,25449,,11.47865104675293,,3.0015761852264404,,0.24355299770832062,,0.1400287002325058
,1360.0,4,7.531034498242661e-05,25499,,9.98519229888916,,2.7025132179260254,,0.24373874068260193,,0.1401732712984085
,1372.0,4,7.525517139583826e-05,25549,,11.933016777038574,,2.736433267593384,,0.24390314519405365,,0.1403033435344696
,1380.0,4,7.519999780924991e-05,25599,,10.951825141906738,,2.843374252319336,,0.24410603940486908,,0.14043329656124115
,1360.0,4,7.514482422266155e-05,25649,,10.390022277832031,,3.113088846206665,,0.24429398775100708,,0.1405584216117859
,1312.0,4,7.508965791203082e-05,25699,,12.482177734375,,2.6012766361236572,,0.24448421597480774,,0.1406753659248352
,1368.0,4,7.503448432544246e-05,25749,,10.558951377868652,,3.0970394611358643,,0.2446783483028412,,0.1408182680606842
,1372.0,4,7.497931073885411e-05,25799,,10.58112907409668,,3.1733412742614746,,0.24484524130821228,,0.14095041155815125
,1388.0,4,7.492413715226576e-05,25849,,11.619447708129883,,2.7654051780700684,,0.24502308666706085,,0.1410578489303589
,1384.0,4,7.48689635656774e-05,25899,,11.30569839477539,,2.7200353145599365,,0.24523168802261353,,0.14119549095630646
,1388.0,4,7.481378997908905e-05,25949,,10.451496124267578,,2.99190616607666,,0.24542327225208282,,0.14132040739059448
,1360.0,4,7.475862366845831e-05,25999,,11.529497146606445,,3.0074844360351562,,0.24560366570949554,,0.141454815864563
1365.6744384765625,,4,,26019,9.955743789672852,,2.950254440307617,,0.235231414437294,,0.13439173996448517,
,1356.0,5,7.470345008186996e-05,26049,,12.29193115234375,,2.664066791534424,,0.24578195810317993,,0.141582652926445
,1316.0,5,7.464827649528161e-05,26099,,11.567487716674805,,2.8444316387176514,,0.24597309529781342,,0.1417258381843567
,1360.0,5,7.459310290869325e-05,26149,,13.023733139038086,,2.858551502227783,,0.24616290628910065,,0.14185689389705658
,1328.0,5,7.45379293221049e-05,26199,,11.179728507995605,,2.8533544540405273,,0.2463362216949463,,0.1419680416584015
,1332.0,5,7.448275573551655e-05,26249,,12.743508338928223,,2.8355796337127686,,0.24651525914669037,,0.14208100736141205
,1352.0,5,7.442758942488581e-05,26299,,11.523561477661133,,2.9597232341766357,,0.24668610095977783,,0.14220473170280457
,1384.0,5,7.437241583829746e-05,26349,,11.747710227966309,,2.7212717533111572,,0.24688710272312164,,0.14232052862644196
,1384.0,5,7.43172422517091e-05,26399,,10.404894828796387,,2.8019492626190186,,0.24705803394317627,,0.14244340360164642
,1336.0,5,7.426206866512075e-05,26449,,12.319562911987305,,2.987748622894287,,0.24723218381404877,,0.1425568014383316
,1372.0,5,7.42068950785324e-05,26499,,12.066221237182617,,3.0814788341522217,,0.24738836288452148,,0.14266502857208252
,1372.0,5,7.415172149194404e-05,26549,,10.58224105834961,,2.9424424171447754,,0.2475610375404358,,0.14280006289482117
,1404.0,5,7.40965551813133e-05,26599,,12.368349075317383,,2.9199588298797607,,0.247752845287323,,0.14291325211524963
,1364.0,5,7.404138159472495e-05,26649,,11.008993148803711,,2.8214056491851807,,0.24794204533100128,,0.1430414766073227
,1380.0,5,7.39862080081366e-05,26699,,10.938834190368652,,3.0178720951080322,,0.24811306595802307,,0.14315521717071533
,1384.0,5,7.393103442154825e-05,26749,,11.745108604431152,,2.815657377243042,,0.24830535054206848,,0.1432829350233078
,1324.0,5,7.38758608349599e-05,26799,,12.325958251953125,,3.186255693435669,,0.2484954446554184,,0.14341329038143158
,1388.0,5,7.382068724837154e-05,26849,,11.927665710449219,,2.852860927581787,,0.248676136136055,,0.14353300631046295
,1380.0,5,7.376551366178319e-05,26899,,11.223084449768066,,2.8261046409606934,,0.2488464117050171,,0.1436460316181183
,1364.0,5,7.371034735115245e-05,26949,,12.577346801757812,,2.836060047149658,,0.24901802837848663,,0.1437804400920868
,1356.0,5,7.36551737645641e-05,26999,,10.72649097442627,,2.5777785778045654,,0.24918504059314728,,0.14389650523662567
,1392.0,5,7.360000017797574e-05,27049,,12.070673942565918,,3.0700526237487793,,0.24936586618423462,,0.14400792121887207
,1404.0,5,7.354482659138739e-05,27099,,9.920356750488281,,2.826826810836792,,0.2495240867137909,,0.14410407841205597
,1348.0,5,7.348965300479904e-05,27149,,12.689692497253418,,2.8798274993896484,,0.24970011413097382,,0.14422965049743652
,1412.0,5,7.343447941821069e-05,27199,,12.040560722351074,,2.801652431488037,,0.24986785650253296,,0.14435335993766785
,1364.0,5,7.337931310757995e-05,27249,,12.930681228637695,,3.2543673515319824,,0.25004348158836365,,0.14445903897285461
,1340.0,5,7.33241395209916e-05,27299,,12.088741302490234,,2.6595115661621094,,0.2502152919769287,,0.14459390938282013
,1372.0,5,7.326896593440324e-05,27349,,11.431428909301758,,2.784160852432251,,0.2503910958766937,,0.1446918547153473
,1388.0,5,7.321379234781489e-05,27399,,13.1480073928833,,2.813577175140381,,0.2505541443824768,,0.144793301820755
,1380.0,5,7.315861876122653e-05,27449,,12.131092071533203,,3.109121561050415,,0.2507278025150299,,0.14490827918052673
,1392.0,5,7.310344517463818e-05,27499,,12.291644096374512,,2.9922232627868652,,0.25088852643966675,,0.14501023292541504
,1408.0,5,7.304827886400744e-05,27549,,10.97895622253418,,2.88527774810791,,0.25106164813041687,,0.1451384276151657
,1360.0,5,7.299310527741909e-05,27599,,13.632047653198242,,2.62673282623291,,0.2512519657611847,,0.14526279270648956
,1376.0,5,7.293793169083074e-05,27649,,11.41419792175293,,3.13327956199646,,0.2514248788356781,,0.14537788927555084
,1344.0,5,7.288275810424238e-05,27699,,10.201903343200684,,2.679788589477539,,0.2516029477119446,,0.145479217171669
,1352.0,5,7.282758451765403e-05,27749,,11.942706108093262,,2.8874166011810303,,0.25178077816963196,,0.14560915529727936
,1352.0,5,7.277241093106568e-05,27799,,13.04416561126709,,2.933457851409912,,0.2519415616989136,,0.14571847021579742
,1328.0,5,7.271724462043494e-05,27849,,13.827228546142578,,3.067270278930664,,0.2521100640296936,,0.1458253264427185
,1344.0,5,7.266207103384659e-05,27899,,11.614083290100098,,2.6802449226379395,,0.25229334831237793,,0.14596523344516754
,1384.0,5,7.260689744725823e-05,27949,,12.004365921020508,,2.736345052719116,,0.2524487376213074,,0.14606347680091858
,1396.0,5,7.255172386066988e-05,27999,,13.458929061889648,,2.8483974933624268,,0.25260603427886963,,0.14618010818958282
,1380.0,5,7.249655027408153e-05,28049,,12.54880428314209,,2.7770566940307617,,0.2527916431427002,,0.14631424844264984
,1376.0,5,7.244137668749318e-05,28099,,12.213752746582031,,2.6611671447753906,,0.2529694736003876,,0.14643728733062744
,1396.0,5,7.238621037686244e-05,28149,,11.768065452575684,,2.742001533508301,,0.2531164884567261,,0.14655065536499023
,1360.0,5,7.233103679027408e-05,28199,,11.842025756835938,,2.9339749813079834,,0.2532808780670166,,0.1466655433177948
,1380.0,5,7.227586320368573e-05,28249,,11.735649108886719,,2.7707371711730957,,0.2534550130367279,,0.14679452776908875
,1372.0,5,7.222068961709738e-05,28299,,11.994420051574707,,3.208638906478882,,0.253618448972702,,0.14690011739730835
,1364.0,5,7.216551603050902e-05,28349,,12.65184497833252,,3.2071533203125,,0.2537800073623657,,0.1470078080892563
,1368.0,5,7.211034244392067e-05,28399,,11.858952522277832,,3.1218619346618652,,0.25393301248550415,,0.14711837470531464
,1376.0,5,7.205516885733232e-05,28449,,12.344442367553711,,3.1249637603759766,,0.2540910840034485,,0.147225022315979
,1380.0,5,7.200000254670158e-05,28499,,12.402490615844727,,2.951439380645752,,0.2542678415775299,,0.14733558893203735
,1400.0,5,7.194482896011323e-05,28549,,11.854941368103027,,2.866076707839966,,0.2544224262237549,,0.1474352777004242
,1388.0,5,7.188965537352487e-05,28599,,11.323436737060547,,2.7626171112060547,,0.2545798718929291,,0.14754590392112732
,1372.0,5,7.183448178693652e-05,28649,,11.555102348327637,,2.642829418182373,,0.25475582480430603,,0.14767108857631683
,1364.0,5,7.177930820034817e-05,28699,,12.670761108398438,,2.7510111331939697,,0.25492537021636963,,0.14777643978595734
,1368.0,5,7.172413461375982e-05,28749,,13.743233680725098,,2.8196492195129395,,0.2550855576992035,,0.1479101926088333
,1388.0,5,7.166896830312908e-05,28799,,12.321621894836426,,3.0803887844085693,,0.2552436888217926,,0.14801569283008575
,1344.0,5,7.161379471654072e-05,28849,,12.736438751220703,,3.0821540355682373,,0.2553974390029907,,0.1481386423110962
,1384.0,5,7.155862112995237e-05,28899,,11.384206771850586,,3.017326831817627,,0.2555757164955139,,0.1482703685760498
,1352.0,5,7.150344754336402e-05,28949,,13.416879653930664,,2.2200677394866943,,0.25574105978012085,,0.14839503169059753
,1340.0,5,7.144827395677567e-05,28999,,13.466194152832031,,2.390533685684204,,0.2558993101119995,,0.14853954315185547
,1352.0,5,7.139310037018731e-05,29049,,12.669025421142578,,2.977153778076172,,0.25607144832611084,,0.14866329729557037
,1404.0,5,7.133793405955657e-05,29099,,11.99149227142334,,2.6304688453674316,,0.2562233805656433,,0.1487860232591629
,1340.0,5,7.128276047296822e-05,29149,,11.90374755859375,,2.9265851974487305,,0.2563721537590027,,0.14889606833457947
,1380.0,5,7.122758688637987e-05,29199,,12.731163024902344,,2.7570114135742188,,0.25652286410331726,,0.14900055527687073
,1396.0,5,7.117241329979151e-05,29249,,12.66692066192627,,2.835998773574829,,0.25668632984161377,,0.14911238849163055
,1372.0,5,7.111723971320316e-05,29299,,11.228239059448242,,2.9020087718963623,,0.25682926177978516,,0.1492198407649994
,1376.0,5,7.106206612661481e-05,29349,,12.449204444885254,,2.9772744178771973,,0.2569705843925476,,0.14933323860168457
,1364.0,5,7.100689981598407e-05,29399,,11.217137336730957,,2.80513072013855,,0.25712284445762634,,0.14945855736732483
,1344.0,5,7.095172622939572e-05,29449,,13.216768264770508,,2.4381484985351562,,0.2572758197784424,,0.14957503974437714
,1356.0,5,7.089655264280736e-05,29499,,11.871017456054688,,2.9459989070892334,,0.2574286162853241,,0.14968930184841156
,1412.0,5,7.084137905621901e-05,29549,,11.088741302490234,,2.9733872413635254,,0.2575601041316986,,0.1498064398765564
,1408.0,5,7.078620546963066e-05,29599,,12.416302680969238,,2.8475229740142822,,0.25771504640579224,,0.14991280436515808
,1380.0,5,7.07310318830423e-05,29649,,13.72534465789795,,3.014362096786499,,0.2578730285167694,,0.1500186026096344
,1344.0,5,7.067586557241157e-05,29699,,12.880090713500977,,2.599210262298584,,0.2580142617225647,,0.15013276040554047
,1368.0,5,7.062069198582321e-05,29749,,12.460073471069336,,2.8138039112091064,,0.25815922021865845,,0.1502230018377304
,1380.0,5,7.056551839923486e-05,29799,,12.850013732910156,,2.7895874977111816,,0.2583109736442566,,0.15034911036491394
,1348.0,5,7.051034481264651e-05,29849,,12.49276065826416,,2.972123384475708,,0.2584620416164398,,0.15046469867229462
,1380.0,5,7.045517122605816e-05,29899,,12.033130645751953,,2.493856906890869,,0.25860795378685,,0.15057240426540375
,1360.0,5,7.03999976394698e-05,29949,,11.262645721435547,,2.4818592071533203,,0.2587592899799347,,0.15067967772483826
,1376.0,5,7.034482405288145e-05,29999,,11.465780258178711,,2.619192361831665,,0.2589118182659149,,0.15078623592853546
,1380.0,5,7.028965774225071e-05,30049,,11.773365020751953,,2.9393365383148193,,0.25905847549438477,,0.15089572966098785
,1380.0,5,7.023448415566236e-05,30099,,13.083474159240723,,2.9771499633789062,,0.2592300474643707,,0.15101435780525208
,1368.0,5,7.0179310569074e-05,30149,,11.337382316589355,,2.788269281387329,,0.259377121925354,,0.15112453699111938
,1360.0,5,7.012413698248565e-05,30199,,13.001096725463867,,2.6245839595794678,,0.25953519344329834,,0.15123717486858368
,1324.0,5,7.00689633958973e-05,30249,,12.5399751663208,,2.90588116645813,,0.259680837392807,,0.1513448804616928
,1360.0,5,7.001378980930895e-05,30299,,12.227341651916504,,2.7258434295654297,,0.2598326504230499,,0.15145494043827057
,1384.0,5,6.995862349867821e-05,30349,,13.483214378356934,,2.6691501140594482,,0.25997820496559143,,0.15155908465385437
,1336.0,5,6.990344991208985e-05,30399,,13.575831413269043,,2.958465814590454,,0.26012343168258667,,0.15164867043495178
,1396.0,5,6.98482763255015e-05,30449,,13.452940940856934,,2.5432651042938232,,0.2602842450141907,,0.1517624706029892
,1304.0,5,6.979310273891315e-05,30499,,12.962477684020996,,2.6538631916046143,,0.2604358196258545,,0.15187843143939972
,1352.0,5,6.97379291523248e-05,30549,,14.445073127746582,,2.6181507110595703,,0.26058563590049744,,0.15198150277137756
,1300.0,5,6.968275556573644e-05,30599,,13.625901222229004,,2.763184070587158,,0.2607358694076538,,0.1520984172821045
,1376.0,5,6.96275892551057e-05,30649,,12.992185592651367,,3.0196759700775146,,0.2608676552772522,,0.1522044986486435
,1368.0,5,6.957241566851735e-05,30699,,13.264817237854004,,2.8961639404296875,,0.26101627945899963,,0.15232418477535248
,1372.0,5,6.9517242081929e-05,30749,,13.592146873474121,,2.615802049636841,,0.26116037368774414,,0.15242886543273926
,1364.0,5,6.946206849534065e-05,30799,,14.353106498718262,,2.651313543319702,,0.2612946629524231,,0.15254278481006622
,1364.0,5,6.940689490875229e-05,30849,,14.868261337280273,,2.7355644702911377,,0.26143893599510193,,0.15264350175857544
,1352.0,5,6.935172132216394e-05,30899,,12.649848937988281,,2.8136343955993652,,0.26159101724624634,,0.1527346670627594
,1348.0,5,6.92965550115332e-05,30949,,11.934865951538086,,2.311282157897949,,0.2616983950138092,,0.15281710028648376
,1356.0,5,6.924138142494485e-05,30999,,14.812151908874512,,2.769723653793335,,0.26186230778694153,,0.15295085310935974
,1388.0,5,6.91862078383565e-05,31049,,14.528318405151367,,2.647674798965454,,0.26200592517852783,,0.15306809544563293
,1336.0,5,6.913103425176814e-05,31099,,12.523883819580078,,2.6816439628601074,,0.26214244961738586,,0.15318350493907928
,1340.0,5,6.907586066517979e-05,31149,,14.587526321411133,,3.248142957687378,,0.26228803396224976,,0.1533016562461853
,1376.0,5,6.902068707859144e-05,31199,,14.554252624511719,,2.7049996852874756,,0.2624279856681824,,0.15341636538505554
1365.6748046875,,5,,31223,12.44638729095459,,2.8486554622650146,,0.25446417927742004,,0.147599458694458,
,1340.0,6,6.89655207679607e-05,31249,,13.735164642333984,,2.927957057952881,,0.26257237792015076,,0.15352562069892883
,1340.0,6,6.891034718137234e-05,31299,,14.36469841003418,,2.663870096206665,,0.26270610094070435,,0.15362030267715454
,1388.0,6,6.885517359478399e-05,31349,,12.595487594604492,,2.9844377040863037,,0.2628464996814728,,0.1537085473537445
,1364.0,6,6.880000000819564e-05,31399,,14.737814903259277,,2.842026710510254,,0.26297852396965027,,0.15382003784179688
,1352.0,6,6.874482642160729e-05,31449,,14.197615623474121,,3.079716205596924,,0.26313117146492004,,0.15392746031284332
,1388.0,6,6.868965283501893e-05,31499,,14.25260066986084,,2.720062255859375,,0.2632705867290497,,0.15403570234775543
,1388.0,6,6.863447924843058e-05,31549,,15.452540397644043,,2.8452279567718506,,0.2634125351905823,,0.15414616465568542
,1364.0,6,6.857931293779984e-05,31599,,14.007149696350098,,2.9644582271575928,,0.2635592520236969,,0.1542656570672989
,1352.0,6,6.852413935121149e-05,31649,,13.074005126953125,,2.6432416439056396,,0.26370906829833984,,0.15439030528068542
,1376.0,6,6.846896576462314e-05,31699,,14.680383682250977,,2.9894468784332275,,0.26384204626083374,,0.15448032319545746
,1348.0,6,6.841379217803478e-05,31749,,15.51831340789795,,3.033221483230591,,0.2639695107936859,,0.15457940101623535
,1376.0,6,6.835861859144643e-05,31799,,13.911227226257324,,2.7903528213500977,,0.2641121447086334,,0.15468347072601318
,1384.0,6,6.830344500485808e-05,31849,,13.924551010131836,,2.8549015522003174,,0.2642415463924408,,0.15479888021945953
,1352.0,6,6.824827869422734e-05,31899,,15.150491714477539,,2.6850016117095947,,0.26438581943511963,,0.15491577982902527
,1348.0,6,6.819310510763898e-05,31949,,14.600912094116211,,2.7230019569396973,,0.26451554894447327,,0.1550191342830658
,1388.0,6,6.813793152105063e-05,31999,,12.734898567199707,,2.5801920890808105,,0.2646733820438385,,0.15514929592609406
,1376.0,6,6.808275793446228e-05,32049,,13.899547576904297,,2.623037099838257,,0.2648155987262726,,0.1552664041519165
,1380.0,6,6.802758434787393e-05,32099,,14.881982803344727,,2.6759583950042725,,0.26495903730392456,,0.15536773204803467
,1380.0,6,6.797241076128557e-05,32149,,14.986998558044434,,2.9494686126708984,,0.2650946080684662,,0.15547266602516174
,1344.0,6,6.791724445065483e-05,32199,,13.466699600219727,,2.8769726753234863,,0.2652273178100586,,0.15557652711868286
,1388.0,6,6.786207086406648e-05,32249,,16.188718795776367,,2.617849111557007,,0.2653690278530121,,0.1556752771139145
,1396.0,6,6.780689727747813e-05,32299,,13.457740783691406,,2.9931485652923584,,0.2655029892921448,,0.15577943623065948
,1376.0,6,6.775172369088978e-05,32349,,15.327268600463867,,2.793121814727783,,0.26564517617225647,,0.15587842464447021
,1384.0,6,6.769655010430142e-05,32399,,13.320192337036133,,2.8518450260162354,,0.2657771706581116,,0.15597127377986908
,1348.0,6,6.764137651771307e-05,32449,,17.50271224975586,,2.6637561321258545,,0.26591819524765015,,0.15606769919395447
,1348.0,6,6.758621020708233e-05,32499,,12.434569358825684,,3.019972801208496,,0.2660489082336426,,0.1561640501022339
,1396.0,6,6.753103662049398e-05,32549,,14.001197814941406,,2.9868626594543457,,0.26617419719696045,,0.15626245737075806
,1384.0,6,6.747586303390563e-05,32599,,16.246036529541016,,2.705249547958374,,0.26631078124046326,,0.1563606560230255
,1364.0,6,6.742068944731727e-05,32649,,14.208763122558594,,2.6079001426696777,,0.26644593477249146,,0.1564486175775528
,1372.0,6,6.736551586072892e-05,32699,,14.550088882446289,,2.645508050918579,,0.26657652854919434,,0.15653486549854279
,1404.0,6,6.731034227414057e-05,32749,,15.978188514709473,,3.1034317016601562,,0.26669836044311523,,0.15663129091262817
,1384.0,6,6.725517596350983e-05,32799,,13.36075496673584,,2.7698326110839844,,0.26685523986816406,,0.15674303472042084
,1376.0,6,6.720000237692147e-05,32849,,14.527934074401855,,2.8905344009399414,,0.2669807970523834,,0.15682144463062286
,1384.0,6,6.714482879033312e-05,32899,,16.371479034423828,,2.894257068634033,,0.2671147286891937,,0.15691742300987244
,1344.0,6,6.708965520374477e-05,32949,,13.698081016540527,,2.669356346130371,,0.2672390043735504,,0.1570156067609787
,1364.0,6,6.703448161715642e-05,32999,,13.253463745117188,,2.7177610397338867,,0.26738086342811584,,0.15710608661174774
,1360.0,6,6.697930803056806e-05,33049,,15.975136756896973,,3.0514297485351562,,0.2675091624259949,,0.15720675885677338
,1348.0,6,6.692413444397971e-05,33099,,14.563529968261719,,2.8850455284118652,,0.2676534056663513,,0.15729446709156036
,1360.0,6,6.686896813334897e-05,33149,,14.857584953308105,,2.6744182109832764,,0.267792284488678,,0.15738950669765472
,1372.0,6,6.681379454676062e-05,33199,,13.502656936645508,,2.824629068374634,,0.26790836453437805,,0.1574803739786148
,1328.0,6,6.675862096017227e-05,33249,,16.021047592163086,,2.379215955734253,,0.2680536210536957,,0.15758931636810303
,1384.0,6,6.670344737358391e-05,33299,,14.153014183044434,,2.854743480682373,,0.2681809365749359,,0.15767380595207214
,1380.0,6,6.664827378699556e-05,33349,,14.647047996520996,,2.626345157623291,,0.26831474900245667,,0.15776941180229187
,1376.0,6,6.659310020040721e-05,33399,,12.794575691223145,,2.921111822128296,,0.2684459090232849,,0.15787796676158905
,1368.0,6,6.653793388977647e-05,33449,,13.595429420471191,,2.814202308654785,,0.26857060194015503,,0.1579684615135193
,1352.0,6,6.648276030318812e-05,33499,,13.397721290588379,,2.770392894744873,,0.26869064569473267,,0.15806229412555695
,1396.0,6,6.642758671659976e-05,33549,,14.9580717086792,,2.649014711380005,,0.26884326338768005,,0.15815876424312592
,1392.0,6,6.637241313001141e-05,33599,,14.184776306152344,,2.8180789947509766,,0.26897040009498596,,0.1582569181919098
,1376.0,6,6.631723954342306e-05,33649,,15.941929817199707,,2.610215902328491,,0.2690998315811157,,0.1583658903837204
,1340.0,6,6.62620659568347e-05,33699,,12.975985527038574,,3.0085787773132324,,0.26922398805618286,,0.15847423672676086
,1400.0,6,6.620689964620396e-05,33749,,15.24539566040039,,2.6553616523742676,,0.26934725046157837,,0.1585676521062851
,1360.0,6,6.615172605961561e-05,33799,,15.003681182861328,,2.725203514099121,,0.26947060227394104,,0.15865767002105713
,1380.0,6,6.609655247302726e-05,33849,,16.89198875427246,,2.261282444000244,,0.26960092782974243,,0.15875598788261414
,1352.0,6,6.60413788864389e-05,33899,,14.639448165893555,,2.715743064880371,,0.26972854137420654,,0.15886849164962769
,1376.0,6,6.598620529985055e-05,33949,,15.770416259765625,,2.776498794555664,,0.26985880732536316,,0.15897385776042938
,1380.0,6,6.59310317132622e-05,33999,,16.340803146362305,,3.054978609085083,,0.2699688673019409,,0.15905620157718658
,1384.0,6,6.587586540263146e-05,34049,,14.907602310180664,,2.8288748264312744,,0.27008748054504395,,0.15914949774742126
,1344.0,6,6.582069181604311e-05,34099,,14.108980178833008,,2.46315860748291,,0.2702138125896454,,0.15925584733486176
,1368.0,6,6.576551822945476e-05,34149,,17.100711822509766,,2.883225202560425,,0.2703208923339844,,0.1593526154756546
,1392.0,6,6.57103446428664e-05,34199,,14.83303451538086,,2.709488868713379,,0.2704417407512665,,0.15945126116275787
,1372.0,6,6.565517105627805e-05,34249,,16.172443389892578,,2.9194016456604004,,0.27056291699409485,,0.15955133736133575
,1364.0,6,6.55999974696897e-05,34299,,14.105828285217285,,2.6781833171844482,,0.27069422602653503,,0.1596478819847107
,1380.0,6,6.554483115905896e-05,34349,,13.788290023803711,,2.690321683883667,,0.27082279324531555,,0.15973538160324097
,1352.0,6,6.54896575724706e-05,34399,,15.994789123535156,,2.9557855129241943,,0.27094534039497375,,0.1598130166530609
,1348.0,6,6.543448398588225e-05,34449,,16.081937789916992,,3.0148801803588867,,0.2710670828819275,,0.15989601612091064
,1312.0,6,6.53793103992939e-05,34499,,13.946516036987305,,2.681882619857788,,0.27119067311286926,,0.15999703109264374
,1340.0,6,6.532413681270555e-05,34549,,16.827287673950195,,2.900956630706787,,0.2713112533092499,,0.16008827090263367
,1368.0,6,6.52689632261172e-05,34599,,13.77542781829834,,2.879258155822754,,0.27143123745918274,,0.16016848385334015
,1396.0,6,6.521378963952884e-05,34649,,14.614596366882324,,2.9690632820129395,,0.2715502381324768,,0.16024528443813324
,1388.0,6,6.51586233288981e-05,34699,,14.566916465759277,,2.6968374252319336,,0.27170616388320923,,0.1603473573923111
,1328.0,6,6.510344974230975e-05,34749,,15.093436241149902,,2.5686638355255127,,0.2718407213687897,,0.16043560206890106
,1300.0,6,6.50482761557214e-05,34799,,13.984209060668945,,2.6448707580566406,,0.27197134494781494,,0.16052396595478058
,1376.0,6,6.499310256913304e-05,34849,,14.977566719055176,,2.5574111938476562,,0.27210041880607605,,0.16060836613178253
,1408.0,6,6.493792898254469e-05,34899,,15.127697944641113,,2.6882286071777344,,0.2722177803516388,,0.16070061922073364
,1376.0,6,6.488275539595634e-05,34949,,14.13257884979248,,3.0690598487854004,,0.27232858538627625,,0.1607830822467804
,1376.0,6,6.48275890853256e-05,34999,,14.32685375213623,,2.872040033340454,,0.2724442780017853,,0.16087597608566284
,1392.0,6,6.477241549873725e-05,35049,,14.556730270385742,,3.0573654174804688,,0.27257826924324036,,0.16097624599933624
,1392.0,6,6.471724191214889e-05,35099,,15.718649864196777,,3.0635340213775635,,0.2727091610431671,,0.16107036173343658
,1316.0,6,6.466206832556054e-05,35149,,14.395544052124023,,2.7326345443725586,,0.2728270888328552,,0.1611696481704712
,1324.0,6,6.460689473897219e-05,35199,,14.189313888549805,,2.939303159713745,,0.2729403078556061,,0.16125154495239258
,1384.0,6,6.455172115238383e-05,35249,,16.4949951171875,,3.1079108715057373,,0.27306103706359863,,0.16135789453983307
,1396.0,6,6.44965548417531e-05,35299,,16.343198776245117,,2.73233962059021,,0.2731762230396271,,0.1614532619714737
,1400.0,6,6.444138125516474e-05,35349,,17.244163513183594,,2.596836566925049,,0.2733004093170166,,0.16154609620571136
,1388.0,6,6.438620766857639e-05,35399,,14.559503555297852,,2.7024924755096436,,0.2734234035015106,,0.16164575517177582
,1360.0,6,6.433103408198804e-05,35449,,15.392648696899414,,2.684169292449951,,0.2735443711280823,,0.16173742711544037
,1376.0,6,6.427586049539968e-05,35499,,14.84382438659668,,2.6353471279144287,,0.27364566922187805,,0.16181346774101257
,1380.0,6,6.422068690881133e-05,35549,,14.767535209655762,,2.7424774169921875,,0.2737569808959961,,0.16189329326152802
,1356.0,6,6.416552059818059e-05,35599,,14.793848037719727,,2.7477340698242188,,0.27386581897735596,,0.1619759351015091
,1400.0,6,6.411034701159224e-05,35649,,15.618766784667969,,2.479810953140259,,0.2739945650100708,,0.16206389665603638
,1380.0,6,6.405517342500389e-05,35699,,15.788155555725098,,3.0075323581695557,,0.27409815788269043,,0.16214241087436676
,1336.0,6,6.399999983841553e-05,35749,,15.174566268920898,,3.122180700302124,,0.27420347929000854,,0.16220882534980774
,1380.0,6,6.394482625182718e-05,35799,,16.335718154907227,,3.079481840133667,,0.27430856227874756,,0.16229639947414398
,1360.0,6,6.388965266523883e-05,35849,,14.52039909362793,,2.9093878269195557,,0.2744320333003998,,0.16238638758659363
,1388.0,6,6.383448635460809e-05,35899,,17.893299102783203,,3.2424442768096924,,0.27454352378845215,,0.16247017681598663
,1368.0,6,6.377931276801974e-05,35949,,16.197261810302734,,2.1445794105529785,,0.27467265725135803,,0.16254954040050507
,1388.0,6,6.372413918143138e-05,35999,,14.39362621307373,,2.627218246459961,,0.274791955947876,,0.16264696419239044
,1312.0,6,6.366896559484303e-05,36049,,14.624741554260254,,2.6383650302886963,,0.2749019265174866,,0.1627396196126938
,1360.0,6,6.361379200825468e-05,36099,,15.450973510742188,,2.708223581314087,,0.2750111520290375,,0.16282311081886292
,1344.0,6,6.355861842166632e-05,36149,,17.19662094116211,,3.132258176803589,,0.2751283049583435,,0.16290698945522308
,1360.0,6,6.350344483507797e-05,36199,,14.497888565063477,,2.833667755126953,,0.2752327024936676,,0.1629854440689087
,1324.0,6,6.344827852444723e-05,36249,,15.595184326171875,,2.8183999061584473,,0.275354266166687,,0.1630772203207016
,1380.0,6,6.339310493785888e-05,36299,,15.964214324951172,,2.770470380783081,,0.2754756510257721,,0.1631668359041214
,1364.0,6,6.333793135127053e-05,36349,,16.93805694580078,,2.2036643028259277,,0.27555760741233826,,0.16323401033878326
,1396.0,6,6.328275776468217e-05,36399,,16.42650032043457,,2.7988855838775635,,0.27567869424819946,,0.16332213580608368
1365.617431640625,,6,,36427,14.857723236083984,,2.782449722290039,,0.26939547061920166,,0.15862900018692017,
,1400.0,7,6.322758417809382e-05,36449,,15.899094581604004,,2.798936367034912,,0.27578920125961304,,0.16341522336006165
,1348.0,7,6.317241059150547e-05,36499,,15.891560554504395,,2.58302640914917,,0.275892436504364,,0.16350004076957703
,1404.0,7,6.311724428087473e-05,36549,,17.91400718688965,,2.789931535720825,,0.27601301670074463,,0.16358685493469238
,1372.0,7,6.306207069428638e-05,36599,,16.03498077392578,,2.642686367034912,,0.27612119913101196,,0.16367121040821075
,1376.0,7,6.300689710769802e-05,36649,,14.87141227722168,,3.0453507900238037,,0.2762293815612793,,0.16375544667243958
,1352.0,7,6.295172352110967e-05,36699,,14.582091331481934,,2.524911642074585,,0.2763426601886749,,0.16385093331336975
,1376.0,7,6.289654993452132e-05,36749,,15.915153503417969,,2.868303060531616,,0.2764447033405304,,0.16392478346824646
,1384.0,7,6.284137634793296e-05,36799,,17.808645248413086,,2.691420078277588,,0.2765601575374603,,0.16401703655719757
,1368.0,7,6.278621003730223e-05,36849,,15.486557960510254,,2.8161914348602295,,0.2766765058040619,,0.16410623490810394
,1340.0,7,6.273103645071387e-05,36899,,15.309613227844238,,2.766411066055298,,0.2767851948738098,,0.16418996453285217
,1336.0,7,6.267586286412552e-05,36949,,15.670599937438965,,2.8798978328704834,,0.27689042687416077,,0.16426829993724823
,1376.0,7,6.262068927753717e-05,36999,,15.479443550109863,,2.786712884902954,,0.2770082950592041,,0.1643742471933365
,1400.0,7,6.256551569094881e-05,37049,,14.710841178894043,,2.723478078842163,,0.2771144211292267,,0.16445134580135345
,1364.0,7,6.251034210436046e-05,37099,,16.79620361328125,,2.9172186851501465,,0.2772018611431122,,0.16451643407344818
,1372.0,7,6.245517579372972e-05,37149,,15.244771957397461,,2.7480781078338623,,0.27731025218963623,,0.16458681225776672
,1344.0,7,6.240000220714137e-05,37199,,16.773273468017578,,2.693810224533081,,0.27742379903793335,,0.1646813303232193
,1348.0,7,6.234482862055302e-05,37249,,16.45591163635254,,3.0344133377075195,,0.2775377929210663,,0.1647748202085495
,1360.0,7,6.228965503396466e-05,37299,,14.878338813781738,,2.673459529876709,,0.2776692509651184,,0.16485676169395447
,1364.0,7,6.223448144737631e-05,37349,,15.68176555633545,,2.5754449367523193,,0.2777802646160126,,0.1649560034275055
,1384.0,7,6.217930786078796e-05,37399,,18.310117721557617,,3.729928493499756,,0.27788621187210083,,0.16503679752349854
,1396.0,7,6.212414155015722e-05,37449,,17.216136932373047,,3.040785074234009,,0.27799731492996216,,0.16510459780693054
,1336.0,7,6.206896796356887e-05,37499,,16.910358428955078,,2.8601908683776855,,0.2781040370464325,,0.16518664360046387
,1352.0,7,6.201379437698051e-05,37549,,15.778767585754395,,2.6135129928588867,,0.27821171283721924,,0.1652822643518448
,1376.0,7,6.195862079039216e-05,37599,,18.17865562438965,,2.501452684402466,,0.2783152163028717,,0.16536518931388855
,1400.0,7,6.190344720380381e-05,37649,,16.865314483642578,,2.8904495239257812,,0.2784242331981659,,0.16546572744846344
,1352.0,7,6.184827361721545e-05,37699,,16.691444396972656,,2.820467233657837,,0.27854257822036743,,0.16555477678775787
,1364.0,7,6.17931000306271e-05,37749,,16.019502639770508,,2.9534411430358887,,0.27865132689476013,,0.16564296185970306
,1372.0,7,6.173793371999636e-05,37799,,15.705925941467285,,2.8222715854644775,,0.2787681519985199,,0.1657189279794693
,1384.0,7,6.168276013340801e-05,37849,,17.03924560546875,,2.8653011322021484,,0.27888983488082886,,0.16581693291664124
,1396.0,7,6.162758654681966e-05,37899,,15.819232940673828,,2.9898269176483154,,0.2789815366268158,,0.16589511930942535
,1356.0,7,6.15724129602313e-05,37949,,15.40389347076416,,2.601273775100708,,0.2790858745574951,,0.16597072780132294
,1340.0,7,6.151723937364295e-05,37999,,15.649613380432129,,2.3534843921661377,,0.2792026698589325,,0.16605925559997559
,1360.0,7,6.14620657870546e-05,38049,,14.951431274414062,,2.7019667625427246,,0.2793084979057312,,0.16614267230033875
,1360.0,7,6.140689947642386e-05,38099,,15.806346893310547,,3.002549886703491,,0.2794097363948822,,0.1662294566631317
,1396.0,7,6.13517258898355e-05,38149,,16.34910011291504,,2.8081789016723633,,0.279514342546463,,0.16630326211452484
,1340.0,7,6.129655230324715e-05,38199,,17.281734466552734,,2.724426031112671,,0.27963438630104065,,0.16638055443763733
,1332.0,7,6.12413787166588e-05,38249,,17.903921127319336,,2.9438703060150146,,0.2797424793243408,,0.166464701294899
,1364.0,7,6.118620513007045e-05,38299,,17.467288970947266,,2.3362677097320557,,0.2798507511615753,,0.16654767096042633
,1372.0,7,6.11310315434821e-05,38349,,17.17782974243164,,2.991694927215576,,0.2799610197544098,,0.16664105653762817
,1372.0,7,6.107586523285136e-05,38399,,16.71076011657715,,2.593252420425415,,0.2800551652908325,,0.16671691834926605
,1364.0,7,6.1020688008284196e-05,38449,,16.433578491210938,,2.569746255874634,,0.2801702916622162,,0.16680265963077545
,1352.0,7,6.096551805967465e-05,38499,,17.274770736694336,,2.7677018642425537,,0.2802686393260956,,0.16688327491283417
,1324.0,7,6.09103444730863e-05,38549,,17.738679885864258,,2.2475504875183105,,0.28037306666374207,,0.1669580489397049
,1360.0,7,6.0855170886497945e-05,38599,,17.363391876220703,,2.5406224727630615,,0.28048861026763916,,0.16704213619232178
,1360.0,7,6.08000009378884e-05,38649,,16.71350860595703,,2.678110361099243,,0.28060320019721985,,0.16712626814842224
,1356.0,7,6.0744827351300046e-05,38699,,17.104753494262695,,3.000973701477051,,0.28070592880249023,,0.1672072410583496
,1388.0,7,6.068965376471169e-05,38749,,15.721911430358887,,2.8549084663391113,,0.28080251812934875,,0.16729000210762024
,1316.0,7,6.063448381610215e-05,38799,,18.936904907226562,,2.9136276245117188,,0.2808976471424103,,0.1673661321401596
,1360.0,7,6.0579310229513794e-05,38849,,17.64055061340332,,2.4844799041748047,,0.2810019254684448,,0.16744619607925415
,1360.0,7,6.052413664292544e-05,38899,,15.659441947937012,,2.4612162113189697,,0.2811185419559479,,0.16752959787845612
,1348.0,7,6.0468966694315895e-05,38949,,17.765544891357422,,2.8966288566589355,,0.281215101480484,,0.16759632527828217
,1368.0,7,6.041379310772754e-05,38999,,16.251405715942383,,2.7526957988739014,,0.2813403010368347,,0.1676720529794693
,1368.0,7,6.035861952113919e-05,39049,,18.257476806640625,,2.7769646644592285,,0.281442254781723,,0.16773799061775208
,1348.0,7,6.0303449572529644e-05,39099,,15.6306734085083,,2.7426040172576904,,0.2815440893173218,,0.16782443225383759
,1364.0,7,6.024827598594129e-05,39149,,18.019044876098633,,2.7706692218780518,,0.2816585600376129,,0.1679052710533142
,1388.0,7,6.019310239935294e-05,39199,,15.318787574768066,,2.6188642978668213,,0.2817535400390625,,0.16796985268592834
,1368.0,7,6.013793245074339e-05,39249,,18.191953659057617,,2.916349411010742,,0.2818494439125061,,0.16803812980651855
,1360.0,7,6.008275886415504e-05,39299,,18.18855094909668,,2.880513906478882,,0.281942754983902,,0.16811515390872955
,1360.0,7,6.0027585277566686e-05,39349,,15.693068504333496,,2.4175074100494385,,0.2820456326007843,,0.16818127036094666
,1376.0,7,5.997241532895714e-05,39399,,16.34334373474121,,2.673635482788086,,0.2821404039859772,,0.16824562847614288
,1348.0,7,5.991724174236879e-05,39449,,17.130964279174805,,2.8281702995300293,,0.28223252296447754,,0.16831542551517487
,1392.0,7,5.9862068155780435e-05,39499,,16.761056900024414,,2.645146131515503,,0.2823309302330017,,0.1683969497680664
,1368.0,7,5.980689820717089e-05,39549,,17.152254104614258,,2.9600298404693604,,0.2824304401874542,,0.16847272217273712
,1364.0,7,5.9751724620582536e-05,39599,,21.12959861755371,,3.0075621604919434,,0.28254276514053345,,0.16854925453662872
,1372.0,7,5.969655103399418e-05,39649,,16.24425506591797,,2.662426233291626,,0.28265833854675293,,0.16862933337688446
,1348.0,7,5.964138108538464e-05,39699,,16.489952087402344,,2.8759090900421143,,0.282766193151474,,0.1687096655368805
,1360.0,7,5.9586207498796284e-05,39749,,17.36441993713379,,2.8404102325439453,,0.2828718423843384,,0.16879114508628845
,1348.0,7,5.953103391220793e-05,39799,,16.962890625,,2.8451154232025146,,0.2829713523387909,,0.16887588798999786
,1364.0,7,5.947586032561958e-05,39849,,18.500699996948242,,2.592798948287964,,0.28306713700294495,,0.16894251108169556
,1408.0,7,5.942069037701003e-05,39899,,18.98328399658203,,2.790287494659424,,0.2831735610961914,,0.16901211440563202
,1368.0,7,5.936551679042168e-05,39949,,15.97998332977295,,2.5458285808563232,,0.28327664732933044,,0.16909237205982208
,1372.0,7,5.931034320383333e-05,39999,,19.44436264038086,,2.3495371341705322,,0.28338003158569336,,0.16915485262870789
,1356.0,7,5.925517325522378e-05,40049,,16.750469207763672,,2.621462106704712,,0.2834800183773041,,0.16924037039279938
,1364.0,7,5.919999966863543e-05,40099,,16.055723190307617,,2.6370370388031006,,0.2835819125175476,,0.16932076215744019
,1416.0,7,5.9144826082047075e-05,40149,,16.13416862487793,,2.852297067642212,,0.28367552161216736,,0.16939619183540344
,1356.0,7,5.908965613343753e-05,40199,,16.63622283935547,,2.433095693588257,,0.2837730050086975,,0.16947618126869202
,1320.0,7,5.9034482546849176e-05,40249,,15.784236907958984,,2.77856707572937,,0.28388407826423645,,0.16955716907978058
,1344.0,7,5.897930896026082e-05,40299,,15.714877128601074,,2.7852697372436523,,0.2839798331260681,,0.1696292608976364
,1364.0,7,5.892413901165128e-05,40349,,16.16203498840332,,2.890873908996582,,0.2840625047683716,,0.16970132291316986
,1372.0,7,5.8868965425062925e-05,40399,,16.88806915283203,,2.7295265197753906,,0.28417471051216125,,0.1697838008403778
,1352.0,7,5.881379183847457e-05,40449,,18.822978973388672,,2.758403778076172,,0.28425875306129456,,0.16984796524047852
,1404.0,7,5.8758621889865026e-05,40499,,17.44951820373535,,2.771416664123535,,0.28434857726097107,,0.16992458701133728
,1328.0,7,5.870344830327667e-05,40549,,16.868938446044922,,2.654322385787964,,0.28444552421569824,,0.17000679671764374
,1384.0,7,5.864827471668832e-05,40599,,18.335996627807617,,2.82682204246521,,0.28454291820526123,,0.17008429765701294
,1380.0,7,5.8593104768078774e-05,40649,,18.04096221923828,,2.573481798171997,,0.28463709354400635,,0.17015814781188965
,1388.0,7,5.853793118149042e-05,40699,,15.638772964477539,,2.7897298336029053,,0.28472456336021423,,0.17023034393787384
,1384.0,7,5.848275759490207e-05,40749,,18.866676330566406,,2.7914018630981445,,0.2848230004310608,,0.17029957473278046
,1392.0,7,5.842758764629252e-05,40799,,19.524946212768555,,2.9033405780792236,,0.2849118411540985,,0.17036186158657074
,1376.0,7,5.837241405970417e-05,40849,,16.261796951293945,,2.638495445251465,,0.28500187397003174,,0.17043617367744446
,1360.0,7,5.831724047311582e-05,40899,,15.377877235412598,,2.786126136779785,,0.28510040044784546,,0.17051245272159576
,1336.0,7,5.826207052450627e-05,40949,,22.279844284057617,,2.728910446166992,,0.28521519899368286,,0.1706022471189499
,1364.0,7,5.820689693791792e-05,40999,,19.421916961669922,,2.941338300704956,,0.28530746698379517,,0.17068500816822052
,1380.0,7,5.8151723351329565e-05,41049,,18.555580139160156,,2.3380002975463867,,0.2853986322879791,,0.17076514661312103
,1356.0,7,5.809655340272002e-05,41099,,16.837949752807617,,2.6749660968780518,,0.2854905426502228,,0.17084737122058868
,1368.0,7,5.8041379816131666e-05,41149,,16.309715270996094,,2.8721344470977783,,0.2855846881866455,,0.17091891169548035
,1336.0,7,5.798620622954331e-05,41199,,19.93451690673828,,2.693182945251465,,0.2856738567352295,,0.17098650336265564
,1356.0,7,5.793103628093377e-05,41249,,17.716947555541992,,2.7936527729034424,,0.28577640652656555,,0.1710568070411682
,1364.0,7,5.7875862694345415e-05,41299,,16.36992835998535,,2.636186122894287,,0.28588196635246277,,0.17113231122493744
,1396.0,7,5.782068910775706e-05,41349,,17.73772621154785,,2.6321253776550293,,0.28598183393478394,,0.17120592296123505
,1376.0,7,5.776551552116871e-05,41399,,18.64454460144043,,2.7881345748901367,,0.28607818484306335,,0.17128008604049683
,1372.0,7,5.771034557255916e-05,41449,,18.995744705200195,,2.441826581954956,,0.28617942333221436,,0.17134428024291992
,1376.0,7,5.765517198597081e-05,41499,,18.244237899780273,,2.592127561569214,,0.2862793505191803,,0.1714206337928772
,1364.0,7,5.759999839938246e-05,41549,,16.952674865722656,,2.732868194580078,,0.286382257938385,,0.17148946225643158
,1416.0,7,5.754482845077291e-05,41599,,14.837995529174805,,2.6846094131469727,,0.2864800989627838,,0.1715785413980484
1365.479736328125,,7,,41631,17.093605041503906,,2.730271577835083,,0.28129541873931885,,0.16762620210647583,
,1348.0,8,5.748965486418456e-05,41649,,21.91781234741211,,2.152641773223877,,0.286573201417923,,0.1716429889202118
,1360.0,8,5.7434481277596205e-05,41699,,17.592844009399414,,2.5849311351776123,,0.2866766154766083,,0.17171654105186462
,1400.0,8,5.737931132898666e-05,41749,,17.119556427001953,,2.8020424842834473,,0.28677111864089966,,0.17178292572498322
,1372.0,8,5.732413774239831e-05,41799,,19.742610931396484,,2.5969324111938477,,0.2868775427341461,,0.17184986174106598
,1384.0,8,5.7268964155809954e-05,41849,,16.398544311523438,,2.636857748031616,,0.2869703471660614,,0.17192669212818146
,1400.0,8,5.721379420720041e-05,41899,,17.515918731689453,,2.9701056480407715,,0.28706520795822144,,0.17200149595737457
,1344.0,8,5.7158620620612055e-05,41949,,17.38486671447754,,2.6551880836486816,,0.2871553897857666,,0.17206455767154694
,1384.0,8,5.71034470340237e-05,41999,,19.721263885498047,,2.5154595375061035,,0.2872660756111145,,0.17215345799922943
,1388.0,8,5.7048277085414156e-05,42049,,20.942583084106445,,2.7786827087402344,,0.2873610258102417,,0.17221851646900177
,1380.0,8,5.6993103498825803e-05,42099,,17.335289001464844,,2.5192105770111084,,0.2874700725078583,,0.17228995263576508
,1384.0,8,5.693792991223745e-05,42149,,17.295095443725586,,2.8271145820617676,,0.2875519394874573,,0.1723678708076477
,1344.0,8,5.6882759963627905e-05,42199,,22.051416397094727,,2.7068793773651123,,0.2876385450363159,,0.17244376242160797
,1344.0,8,5.682758637703955e-05,42249,,17.300308227539062,,2.5320379734039307,,0.2877448797225952,,0.17253628373146057
,1368.0,8,5.67724127904512e-05,42299,,18.794620513916016,,2.722036123275757,,0.2878382205963135,,0.1725950390100479
,1360.0,8,5.671724284184165e-05,42349,,22.830448150634766,,2.42075252532959,,0.28793054819107056,,0.1726640909910202
,1352.0,8,5.66620692552533e-05,42399,,19.474998474121094,,2.422086238861084,,0.2880193591117859,,0.17272624373435974
,1348.0,8,5.660689566866495e-05,42449,,18.628984451293945,,2.8508808612823486,,0.2881160080432892,,0.1727919727563858
,1348.0,8,5.65517257200554e-05,42499,,17.754344940185547,,2.6499109268188477,,0.28820642828941345,,0.17286740243434906
,1360.0,8,5.649655213346705e-05,42549,,16.725101470947266,,2.512413740158081,,0.2882935106754303,,0.1729491651058197
,1380.0,8,5.6441378546878695e-05,42599,,16.624034881591797,,2.7121167182922363,,0.2883811295032501,,0.1730121672153473
,1312.0,8,5.638620859826915e-05,42649,,17.92564582824707,,2.864516496658325,,0.2884594202041626,,0.1730760782957077
,1348.0,8,5.63310350116808e-05,42699,,16.743106842041016,,2.761026620864868,,0.28856173157691956,,0.1731538623571396
,1372.0,8,5.6275861425092444e-05,42749,,16.911970138549805,,2.4393041133880615,,0.288657546043396,,0.17322644591331482
,1356.0,8,5.622068783850409e-05,42799,,17.747852325439453,,2.750638008117676,,0.28873950242996216,,0.17329338192939758
,1372.0,8,5.6165517889894545e-05,42849,,16.595972061157227,,2.5366880893707275,,0.2888282239437103,,0.17336739599704742
,1396.0,8,5.611034430330619e-05,42899,,17.93153190612793,,2.7412502765655518,,0.2889321446418762,,0.1734541803598404
,1392.0,8,5.605517071671784e-05,42949,,20.228242874145508,,2.6827592849731445,,0.28902876377105713,,0.1735210120677948
,1380.0,8,5.6000000768108293e-05,42999,,16.669479370117188,,2.9148426055908203,,0.28911250829696655,,0.17357635498046875
,1340.0,8,5.594482718151994e-05,43049,,18.989219665527344,,2.810617685317993,,0.28919661045074463,,0.1736387312412262
,1344.0,8,5.588965359493159e-05,43099,,17.35693359375,,2.7661774158477783,,0.28927698731422424,,0.17370609939098358
,1320.0,8,5.583448364632204e-05,43149,,21.002099990844727,,2.9948573112487793,,0.28936150670051575,,0.1737745702266693
,1384.0,8,5.577931005973369e-05,43199,,18.54849624633789,,2.7450037002563477,,0.28945329785346985,,0.1738416999578476
,1364.0,8,5.5724136473145336e-05,43249,,20.099868774414062,,2.769331932067871,,0.28953900933265686,,0.17391061782836914
,1332.0,8,5.566896652453579e-05,43299,,18.164608001708984,,2.6007516384124756,,0.2896219491958618,,0.17398445308208466
,1356.0,8,5.561379293794744e-05,43349,,18.791732788085938,,3.0579380989074707,,0.2897035777568817,,0.17403976619243622
,1396.0,8,5.5558619351359084e-05,43399,,16.629249572753906,,2.6886861324310303,,0.28979769349098206,,0.1741221696138382
,1336.0,8,5.550344940274954e-05,43449,,20.081100463867188,,2.7440786361694336,,0.28988662362098694,,0.17418122291564941
,1364.0,8,5.5448275816161186e-05,43499,,17.740747451782227,,2.7141647338867188,,0.2899705171585083,,0.1742524653673172
,1376.0,8,5.539310222957283e-05,43549,,20.038738250732422,,2.7092108726501465,,0.2900608777999878,,0.17432275414466858
,1372.0,8,5.533793228096329e-05,43599,,18.7099666595459,,2.658215284347534,,0.2901441156864166,,0.17438457906246185
,1352.0,8,5.5282758694374934e-05,43649,,17.780244827270508,,2.618623733520508,,0.2902336120605469,,0.17444264888763428
,1336.0,8,5.522758510778658e-05,43699,,19.62971305847168,,2.814134359359741,,0.29032081365585327,,0.17449630796909332
,1360.0,8,5.5172415159177035e-05,43749,,17.44344139099121,,3.014336109161377,,0.290402889251709,,0.1745607703924179
,1356.0,8,5.511724157258868e-05,43799,,21.565805435180664,,3.157407760620117,,0.29048165678977966,,0.1746150404214859
,1388.0,8,5.506206798600033e-05,43849,,19.26091194152832,,2.6231629848480225,,0.2905676066875458,,0.17468228936195374
,1368.0,8,5.5006898037390783e-05,43899,,21.49266242980957,,2.9118521213531494,,0.29065272212028503,,0.17473860085010529
,1352.0,8,5.495172445080243e-05,43949,,19.129959106445312,,2.5883712768554688,,0.29073667526245117,,0.17480303347110748
,1380.0,8,5.489655086421408e-05,43999,,17.685382843017578,,2.9521477222442627,,0.29083389043807983,,0.17487733066082
,1376.0,8,5.484138091560453e-05,44049,,18.06022834777832,,2.645183801651001,,0.2909105122089386,,0.1749311238527298
,1384.0,8,5.478620732901618e-05,44099,,20.981473922729492,,2.655757188796997,,0.29099851846694946,,0.1749972105026245
,1352.0,8,5.4731033742427826e-05,44149,,18.545135498046875,,2.756398916244507,,0.2910962998867035,,0.1750752478837967
,1356.0,8,5.467586379381828e-05,44199,,17.7803897857666,,2.624699354171753,,0.2911851406097412,,0.17515356838703156
,1340.0,8,5.462069020722993e-05,44249,,17.481266021728516,,2.7849674224853516,,0.2912790775299072,,0.17522941529750824
,1400.0,8,5.4565516620641574e-05,44299,,17.998443603515625,,2.7601938247680664,,0.2913612425327301,,0.17529068887233734
,1388.0,8,5.451034303405322e-05,44349,,18.916353225708008,,2.7845818996429443,,0.29143282771110535,,0.17535026371479034
,1380.0,8,5.4455173085443676e-05,44399,,18.361968994140625,,2.683166265487671,,0.29152780771255493,,0.1754160076379776
,1372.0,8,5.439999949885532e-05,44449,,19.914033889770508,,2.7715060710906982,,0.2916138768196106,,0.17548084259033203
,1396.0,8,5.434482591226697e-05,44499,,18.209321975708008,,2.838587760925293,,0.2917020618915558,,0.1755412071943283
,1372.0,8,5.4289655963657424e-05,44549,,18.049711227416992,,2.6201751232147217,,0.2917805314064026,,0.17560777068138123
,1376.0,8,5.423448237706907e-05,44599,,17.983078002929688,,2.4216957092285156,,0.2918769121170044,,0.17567811906337738
,1380.0,8,5.417930879048072e-05,44649,,19.702882766723633,,2.795767307281494,,0.29197075963020325,,0.1757558435201645
,1360.0,8,5.412413884187117e-05,44699,,22.7467041015625,,2.6030118465423584,,0.2920515239238739,,0.17581652104854584
,1364.0,8,5.406896525528282e-05,44749,,18.0352725982666,,2.690673828125,,0.2921282649040222,,0.17586947977542877
,1352.0,8,5.4013791668694466e-05,44799,,17.21656036376953,,2.593446731567383,,0.29222381114959717,,0.17593389749526978
,1368.0,8,5.395862172008492e-05,44849,,19.014123916625977,,2.799556016921997,,0.29230111837387085,,0.17599034309387207
,1356.0,8,5.390344813349657e-05,44899,,18.602005004882812,,2.8808679580688477,,0.2923813760280609,,0.17604783177375793
,1348.0,8,5.3848274546908215e-05,44949,,22.225257873535156,,2.7563323974609375,,0.2924632728099823,,0.17611576616764069
,1380.0,8,5.379310459829867e-05,44999,,18.614192962646484,,2.5362629890441895,,0.2925439476966858,,0.17617018520832062
,1396.0,8,5.3737931011710316e-05,45049,,18.661518096923828,,2.933415412902832,,0.292626291513443,,0.17622333765029907
,1380.0,8,5.368275742512196e-05,45099,,18.398229598999023,,2.7918994426727295,,0.2927026152610779,,0.1762847751379013
,1388.0,8,5.362758747651242e-05,45149,,23.027217864990234,,2.639364719390869,,0.2927873134613037,,0.17635910212993622
,1380.0,8,5.3572413889924064e-05,45199,,18.481903076171875,,2.828512191772461,,0.29286855459213257,,0.17642049491405487
,1380.0,8,5.351724030333571e-05,45249,,20.992597579956055,,2.7188477516174316,,0.29295268654823303,,0.17648565769195557
,1340.0,8,5.3462070354726166e-05,45299,,16.876399993896484,,2.674828290939331,,0.29304251074790955,,0.17654578387737274
,1352.0,8,5.340689676813781e-05,45349,,20.111236572265625,,3.0699028968811035,,0.2931240200996399,,0.17661096155643463
,1324.0,8,5.335172318154946e-05,45399,,20.335826873779297,,2.7944040298461914,,0.2932162582874298,,0.17667438089847565
,1380.0,8,5.3296553232939914e-05,45449,,19.052797317504883,,2.5537312030792236,,0.29329055547714233,,0.1767255961894989
,1344.0,8,5.324137964635156e-05,45499,,17.77500343322754,,2.58080792427063,,0.29337742924690247,,0.1767873913049698
,1388.0,8,5.318620605976321e-05,45549,,17.08490562438965,,2.7044034004211426,,0.293458491563797,,0.17685247957706451
,1356.0,8,5.313103611115366e-05,45599,,18.43963050842285,,2.8422036170959473,,0.2935295104980469,,0.1769099086523056
,1364.0,8,5.307586252456531e-05,45649,,19.69424819946289,,2.417731523513794,,0.29362303018569946,,0.17697064578533173
,1348.0,8,5.3020688937976956e-05,45699,,17.561017990112305,,2.693460702896118,,0.2936978042125702,,0.17702876031398773
,1336.0,8,5.296551898936741e-05,45749,,19.536571502685547,,2.9776906967163086,,0.2937789559364319,,0.17709165811538696
,1356.0,8,5.291034540277906e-05,45799,,20.676652908325195,,2.8197178840637207,,0.293874591588974,,0.17716217041015625
,1380.0,8,5.2855171816190705e-05,45849,,23.17881965637207,,2.5848734378814697,,0.2939664423465729,,0.17722788453102112
,1340.0,8,5.279999822960235e-05,45899,,18.139976501464844,,2.5720481872558594,,0.2940426170825958,,0.17729510366916656
,1344.0,8,5.2744828280992806e-05,45949,,20.409151077270508,,2.5377135276794434,,0.29412904381752014,,0.1773599088191986
,1384.0,8,5.268965469440445e-05,45999,,21.144983291625977,,2.6031861305236816,,0.29421064257621765,,0.17741885781288147
,1372.0,8,5.26344811078161e-05,46049,,20.58070945739746,,2.54693865776062,,0.2942962646484375,,0.177472785115242
,1392.0,8,5.2579311159206554e-05,46099,,19.060840606689453,,2.7654552459716797,,0.2943739891052246,,0.17753250896930695
,1356.0,8,5.25241375726182e-05,46149,,18.618879318237305,,2.9189257621765137,,0.2944657802581787,,0.17759351432323456
,1376.0,8,5.246896398602985e-05,46199,,23.744844436645508,,1.703657627105713,,0.29454898834228516,,0.17764967679977417
,1368.0,8,5.24137940374203e-05,46249,,19.74787139892578,,2.635484218597412,,0.2946270704269409,,0.17770758271217346
,1384.0,8,5.235862045083195e-05,46299,,21.1553897857666,,2.763605833053589,,0.29471495747566223,,0.17778955399990082
,1396.0,8,5.23034468642436e-05,46349,,20.124069213867188,,2.7668049335479736,,0.29479488730430603,,0.17784970998764038
,1368.0,8,5.224827691563405e-05,46399,,23.42061996459961,,2.429245710372925,,0.294873982667923,,0.17791251838207245
,1356.0,8,5.21931033290457e-05,46449,,20.683496475219727,,2.9619181156158447,,0.2949655055999756,,0.1779671311378479
,1320.0,8,5.2137929742457345e-05,46499,,19.155439376831055,,2.5930144786834717,,0.2950495183467865,,0.1780366599559784
,1388.0,8,5.20827597938478e-05,46549,,22.2733154296875,,2.7955727577209473,,0.2951265871524811,,0.17808838188648224
,1376.0,8,5.2027586207259446e-05,46599,,18.4533634185791,,2.6467323303222656,,0.2952030301094055,,0.17814037203788757
,1344.0,8,5.1972412620671093e-05,46649,,19.085163116455078,,2.6091063022613525,,0.29527443647384644,,0.17819678783416748
,1384.0,8,5.191724267206155e-05,46699,,18.43067169189453,,2.782480239868164,,0.2953477203845978,,0.17824327945709229
,1372.0,8,5.1862069085473195e-05,46749,,19.04706573486328,,2.960434913635254,,0.29542237520217896,,0.17829348146915436
,1404.0,8,5.180689549888484e-05,46799,,23.445234298706055,,2.0232174396514893,,0.29550641775131226,,0.17836587131023407
1365.475341796875,,8,,46835,19.069154739379883,,2.690735340118408,,0.2911911606788635,,0.1751413494348526,
,1368.0,9,5.1751725550275296e-05,46849,,19.341392517089844,,2.938875675201416,,0.29559922218322754,,0.17842410504817963
,1364.0,9,5.169655196368694e-05,46899,,19.76021385192871,,2.957087516784668,,0.29568350315093994,,0.1784852296113968
,1384.0,9,5.164137837709859e-05,46949,,19.71492576599121,,2.7553558349609375,,0.29575976729393005,,0.17854870855808258
,1376.0,9,5.1586208428489044e-05,46999,,19.750019073486328,,2.603325128555298,,0.29583629965782166,,0.17861239612102509
,1352.0,9,5.153103484190069e-05,47049,,19.854013442993164,,2.6699225902557373,,0.29593709111213684,,0.17866948246955872
,1372.0,9,5.147586125531234e-05,47099,,18.80854606628418,,2.7599167823791504,,0.296011358499527,,0.17873284220695496
,1368.0,9,5.142069130670279e-05,47149,,25.691654205322266,,2.6754188537597656,,0.2960878014564514,,0.17879146337509155
,1380.0,9,5.136551772011444e-05,47199,,20.311704635620117,,2.8259150981903076,,0.29617220163345337,,0.1788533627986908
,1320.0,9,5.131034413352609e-05,47249,,26.02906036376953,,3.003321886062622,,0.2962428033351898,,0.17890766263008118
,1360.0,9,5.125517418491654e-05,47299,,21.420185089111328,,2.6745505332946777,,0.29633817076683044,,0.17897489666938782
,1340.0,9,5.120000059832819e-05,47349,,19.209808349609375,,2.508439540863037,,0.2964097559452057,,0.17903871834278107
,1352.0,9,5.1144827011739835e-05,47399,,24.722875595092773,,3.0701534748077393,,0.296488493680954,,0.17910145223140717
,1336.0,9,5.108965342515148e-05,47449,,20.06105613708496,,2.668022394180298,,0.2965613603591919,,0.1791568547487259
,1344.0,9,5.1034483476541936e-05,47499,,25.83744239807129,,2.8843495845794678,,0.29664430022239685,,0.17921555042266846
,1396.0,9,5.0979309889953583e-05,47549,,18.71977424621582,,2.559645652770996,,0.29672908782958984,,0.17926965653896332
,1372.0,9,5.092413630336523e-05,47599,,19.650638580322266,,2.764003276824951,,0.2968124747276306,,0.1793297529220581
,1348.0,9,5.0868966354755685e-05,47649,,18.628488540649414,,2.6304361820220947,,0.29689228534698486,,0.1793901026248932
,1380.0,9,5.081379276816733e-05,47699,,19.338499069213867,,3.0232598781585693,,0.29696547985076904,,0.17944663763046265
,1380.0,9,5.075861918157898e-05,47749,,21.440959930419922,,2.813424825668335,,0.29703840613365173,,0.1795029193162918
,1384.0,9,5.070344923296943e-05,47799,,19.987197875976562,,2.5429725646972656,,0.29712700843811035,,0.17956873774528503
,1364.0,9,5.064827564638108e-05,47849,,19.17363739013672,,2.6994690895080566,,0.2972102761268616,,0.17963361740112305
,1396.0,9,5.059310205979273e-05,47899,,17.484882354736328,,2.8115415573120117,,0.29730087518692017,,0.17970021069049835
,1352.0,9,5.053793211118318e-05,47949,,20.242504119873047,,2.6607255935668945,,0.297380656003952,,0.1797563135623932
,1344.0,9,5.048275852459483e-05,47999,,20.561077117919922,,2.6488444805145264,,0.2974607050418854,,0.17982587218284607
,1336.0,9,5.0427584938006476e-05,48049,,23.723546981811523,,2.7361948490142822,,0.2975349724292755,,0.17988869547843933
,1344.0,9,5.037241498939693e-05,48099,,22.655162811279297,,2.4979681968688965,,0.2976242005825043,,0.17994725704193115
,1404.0,9,5.031724140280858e-05,48149,,19.794801712036133,,2.538912534713745,,0.29770782589912415,,0.1800134927034378
,1376.0,9,5.0262067816220224e-05,48199,,20.66593360900879,,2.8009917736053467,,0.2977905869483948,,0.1800764948129654
,1392.0,9,5.020689786761068e-05,48249,,18.509319305419922,,2.650653123855591,,0.29786473512649536,,0.18014103174209595
,1364.0,9,5.0151724281022325e-05,48299,,22.852827072143555,,2.5843348503112793,,0.2979394197463989,,0.18019843101501465
,1336.0,9,5.009655069443397e-05,48349,,21.035810470581055,,2.645009756088257,,0.29802027344703674,,0.18024805188179016
,1364.0,9,5.0041380745824426e-05,48399,,23.258766174316406,,2.873363494873047,,0.2980985641479492,,0.1803097128868103
,1368.0,9,4.9986207159236073e-05,48449,,20.60652732849121,,2.6555962562561035,,0.29817765951156616,,0.18037836253643036
,1340.0,9,4.993103357264772e-05,48499,,19.613771438598633,,2.6652939319610596,,0.2982431948184967,,0.18043647706508636
,1372.0,9,4.9875863624038175e-05,48549,,21.446348190307617,,2.8794283866882324,,0.2983154058456421,,0.18050813674926758
,1356.0,9,4.982069003744982e-05,48599,,20.150463104248047,,2.5890634059906006,,0.29838863015174866,,0.18057402968406677
,1404.0,9,4.976551645086147e-05,48649,,18.408430099487305,,2.568875789642334,,0.29846298694610596,,0.18063220381736755
,1368.0,9,4.971034650225192e-05,48699,,20.57880210876465,,2.502753973007202,,0.29853886365890503,,0.1806926280260086
,1368.0,9,4.965517291566357e-05,48749,,18.725444793701172,,2.479116439819336,,0.2986298203468323,,0.1807662844657898
,1352.0,9,4.959999932907522e-05,48799,,18.85940170288086,,2.6671833992004395,,0.29870983958244324,,0.18082422018051147
,1364.0,9,4.954482938046567e-05,48849,,19.742464065551758,,2.6618592739105225,,0.2987877428531647,,0.18088620901107788
,1332.0,9,4.948965579387732e-05,48899,,19.741994857788086,,2.56923246383667,,0.29886001348495483,,0.18094667792320251
,1340.0,9,4.9434482207288966e-05,48949,,20.601213455200195,,2.421164035797119,,0.2989332675933838,,0.1810019314289093
,1368.0,9,4.937930862070061e-05,48999,,29.003019332885742,,2.8139984607696533,,0.2990119457244873,,0.18105705082416534
,1400.0,9,4.932413867209107e-05,49049,,18.495620727539062,,2.9085187911987305,,0.2990895211696625,,0.1811181753873825
,1360.0,9,4.9268965085502714e-05,49099,,19.761184692382812,,2.818274736404419,,0.2991606295108795,,0.18117476999759674
,1384.0,9,4.921379149891436e-05,49149,,22.165943145751953,,2.876878261566162,,0.2992324233055115,,0.18123561143875122
,1364.0,9,4.9158621550304815e-05,49199,,19.456045150756836,,2.660588264465332,,0.29929792881011963,,0.18128852546215057
,1368.0,9,4.910344796371646e-05,49249,,22.850486755371094,,2.9095797538757324,,0.2993631064891815,,0.18134340643882751
,1404.0,9,4.904827437712811e-05,49299,,21.47007179260254,,2.967254638671875,,0.2994457185268402,,0.18140295147895813
,1408.0,9,4.8993104428518564e-05,49349,,21.211824417114258,,2.5763325691223145,,0.2995251715183258,,0.181456059217453
,1380.0,9,4.893793084193021e-05,49399,,18.48809814453125,,2.5740249156951904,,0.29960116744041443,,0.1815139502286911
,1376.0,9,4.888275725534186e-05,49449,,19.32231330871582,,2.7921407222747803,,0.2996707856655121,,0.18156792223453522
,1400.0,9,4.882758730673231e-05,49499,,20.851064682006836,,2.54148006439209,,0.2997376620769501,,0.18162518739700317
,1344.0,9,4.877241372014396e-05,49549,,22.355297088623047,,2.582120180130005,,0.29981088638305664,,0.18168573081493378
,1364.0,9,4.8717240133555606e-05,49599,,24.175640106201172,,2.5572190284729004,,0.29988744854927063,,0.18174049258232117
,1356.0,9,4.866207018494606e-05,49649,,24.652151107788086,,2.4372689723968506,,0.2999497652053833,,0.18178704380989075
,1404.0,9,4.860689659835771e-05,49699,,19.91050910949707,,2.800694227218628,,0.30002766847610474,,0.1818528026342392
,1400.0,9,4.8551723011769354e-05,49749,,19.90532684326172,,2.5415353775024414,,0.3001028597354889,,0.1819153130054474
,1388.0,9,4.849655306315981e-05,49799,,22.043188095092773,,2.523739814758301,,0.30019205808639526,,0.18198035657405853
,1384.0,9,4.8441379476571456e-05,49849,,20.656980514526367,,2.6035408973693848,,0.30027174949645996,,0.18204833567142487
,1368.0,9,4.83862058899831e-05,49899,,21.09588050842285,,2.9107580184936523,,0.3003421425819397,,0.18211300671100616
,1388.0,9,4.833103594137356e-05,49949,,20.819366455078125,,2.7860066890716553,,0.30040374398231506,,0.18217723071575165
,1392.0,9,4.8275862354785204e-05,49999,,18.306947708129883,,2.501547336578369,,0.3004867136478424,,0.1822349578142166
,1352.0,9,4.822068876819685e-05,50049,,19.639596939086914,,2.4464752674102783,,0.3005465865135193,,0.18228428065776825
,1380.0,9,4.8165518819587305e-05,50099,,20.134838104248047,,2.7936370372772217,,0.3006146252155304,,0.18234941363334656
,1376.0,9,4.811034523299895e-05,50149,,19.843791961669922,,3.08748459815979,,0.30069565773010254,,0.18240979313850403
,1388.0,9,4.80551716464106e-05,50199,,19.525861740112305,,2.5103702545166016,,0.3007761836051941,,0.18246616423130035
,1360.0,9,4.8000001697801054e-05,50249,,17.136280059814453,,2.2977535724639893,,0.30085062980651855,,0.18252934515476227
,1372.0,9,4.79448281112127e-05,50299,,19.181577682495117,,2.489368438720703,,0.3009197413921356,,0.1825789213180542
,1360.0,9,4.788965452462435e-05,50349,,19.780155181884766,,2.4480433464050293,,0.30097833275794983,,0.1826290637254715
,1368.0,9,4.78344845760148e-05,50399,,20.84369468688965,,2.667551040649414,,0.3010398745536804,,0.18268507719039917
,1392.0,9,4.777931098942645e-05,50449,,18.75982093811035,,2.690572738647461,,0.3011073172092438,,0.18273654580116272
,1356.0,9,4.7724137402838096e-05,50499,,17.782634735107422,,2.563192367553711,,0.3011813163757324,,0.18280065059661865
,1364.0,9,4.766896381624974e-05,50549,,23.0794620513916,,2.4839394092559814,,0.3012627363204956,,0.18285584449768066
,1348.0,9,4.76137938676402e-05,50599,,18.69681739807129,,2.577873468399048,,0.3013337254524231,,0.1829117089509964
,1364.0,9,4.7558620281051844e-05,50649,,25.046390533447266,,2.68576717376709,,0.3014139235019684,,0.18297185003757477
,1364.0,9,4.750344669446349e-05,50699,,21.02682876586914,,2.780996799468994,,0.3014812767505646,,0.18302223086357117
,1344.0,9,4.7448276745853946e-05,50749,,21.429319381713867,,2.774693012237549,,0.30155032873153687,,0.18308284878730774
,1376.0,9,4.739310315926559e-05,50799,,24.54528045654297,,2.647827386856079,,0.30161768198013306,,0.18314297497272491
,1324.0,9,4.733792957267724e-05,50849,,23.970977783203125,,3.082427978515625,,0.30169570446014404,,0.1832028031349182
,1368.0,9,4.7282759624067694e-05,50899,,19.29364776611328,,2.5706722736358643,,0.301768034696579,,0.1832503080368042
,1368.0,9,4.722758603747934e-05,50949,,22.144073486328125,,2.6982624530792236,,0.3018410801887512,,0.18330661952495575
,1376.0,9,4.717241245089099e-05,50999,,25.395334243774414,,2.7505509853363037,,0.3019075095653534,,0.18336033821105957
,1340.0,9,4.711724250228144e-05,51049,,24.468435287475586,,2.328850746154785,,0.3019750714302063,,0.18340681493282318
,1356.0,9,4.706206891569309e-05,51099,,18.186294555664062,,2.440608501434326,,0.30204343795776367,,0.1834707260131836
,1396.0,9,4.7006895329104736e-05,51149,,20.554597854614258,,2.702897310256958,,0.30211591720581055,,0.18352434039115906
,1344.0,9,4.695172538049519e-05,51199,,21.0031681060791,,2.7500648498535156,,0.30218505859375,,0.18359065055847168
,1404.0,9,4.689655179390684e-05,51249,,22.742218017578125,,2.790409803390503,,0.3022567629814148,,0.18362858891487122
,1372.0,9,4.6841378207318485e-05,51299,,24.28424072265625,,2.775239944458008,,0.30232495069503784,,0.18367604911327362
,1372.0,9,4.678620825870894e-05,51349,,29.944284439086914,,1.960840106010437,,0.3023983836174011,,0.18372419476509094
,1344.0,9,4.6731034672120586e-05,51399,,21.547636032104492,,2.8102054595947266,,0.30247578024864197,,0.1837799847126007
,1360.0,9,4.667586108553223e-05,51449,,24.100799560546875,,2.4664628505706787,,0.30254891514778137,,0.1838298738002777
,1360.0,9,4.662069113692269e-05,51499,,19.786510467529297,,2.576176643371582,,0.3026095926761627,,0.18387962877750397
,1360.0,9,4.6565517550334334e-05,51549,,20.43541145324707,,2.4890241622924805,,0.3026864230632782,,0.18393492698669434
,1344.0,9,4.651034396374598e-05,51599,,20.274227142333984,,2.18688702583313,,0.30274465680122375,,0.18397729098796844
,1356.0,9,4.6455174015136436e-05,51649,,16.95762062072754,,2.4866836071014404,,0.30280745029449463,,0.18402442336082458
,1376.0,9,4.640000042854808e-05,51699,,23.078468322753906,,2.732703924179077,,0.3028656840324402,,0.18406690657138824
,1384.0,9,4.634482684195973e-05,51749,,21.31522560119629,,2.782662868499756,,0.3029204308986664,,0.18412290513515472
,1376.0,9,4.6289656893350184e-05,51799,,21.205106735229492,,2.7160162925720215,,0.30298104882240295,,0.1841668337583542
,1324.0,9,4.623448330676183e-05,51849,,18.673742294311523,,2.481822967529297,,0.3030543327331543,,0.18423102796077728
,1348.0,9,4.617930972017348e-05,51899,,20.54167366027832,,2.5495705604553223,,0.3031236231327057,,0.18429337441921234
,1400.0,9,4.6124136133585125e-05,51949,,19.43906021118164,,2.5123283863067627,,0.3031904697418213,,0.18434850871562958
,1396.0,9,4.606896618497558e-05,51999,,21.500696182250977,,2.7131435871124268,,0.3032551407814026,,0.18439972400665283
1366.156005859375,,9,,52039,20.51473617553711,,2.656425952911377,,0.2995878756046295,,0.1815185546875,
,1360.0,10,4.6013792598387226e-05,52049,,25.74820327758789,,2.529934883117676,,0.3033295273780823,,0.18446286022663116
,1356.0,10,4.5958619011798874e-05,52099,,21.003734588623047,,2.49920916557312,,0.30340084433555603,,0.18450580537319183
,1328.0,10,4.590344906318933e-05,52149,,19.877731323242188,,3.223328113555908,,0.3034643232822418,,0.18455812335014343
,1360.0,10,4.5848275476600975e-05,52199,,26.08108139038086,,2.554974317550659,,0.30352964997291565,,0.1846160888671875
,1376.0,10,4.579310189001262e-05,52249,,22.049299240112305,,2.8777379989624023,,0.3035944700241089,,0.18467271327972412
,1332.0,10,4.5737931941403076e-05,52299,,22.374460220336914,,2.881908893585205,,0.3036584258079529,,0.1847231388092041
,1388.0,10,4.568275835481472e-05,52349,,20.546560287475586,,2.4024875164031982,,0.30373042821884155,,0.18479035794734955
,1408.0,10,4.562758476822637e-05,52399,,19.366188049316406,,2.517357587814331,,0.30380433797836304,,0.18484832346439362
,1352.0,10,4.5572414819616824e-05,52449,,21.8702392578125,,2.739534378051758,,0.3038841485977173,,0.18490324914455414
,1400.0,10,4.551724123302847e-05,52499,,25.11131477355957,,2.7564306259155273,,0.3039364218711853,,0.18494845926761627
,1360.0,10,4.546206764644012e-05,52549,,18.808691024780273,,2.6223456859588623,,0.30400338768959045,,0.18499992787837982
,1372.0,10,4.540689769783057e-05,52599,,20.891849517822266,,2.647458553314209,,0.30406051874160767,,0.1850554347038269
,1356.0,10,4.535172411124222e-05,52649,,19.477962493896484,,2.3756484985351562,,0.3041273355484009,,0.18511135876178741
,1380.0,10,4.529655052465387e-05,52699,,17.468557357788086,,2.363554000854492,,0.30419600009918213,,0.18516092002391815
,1392.0,10,4.524138057604432e-05,52749,,22.409337997436523,,2.5359275341033936,,0.30425888299942017,,0.18521398305892944
,1368.0,10,4.518620698945597e-05,52799,,18.938243865966797,,3.08544921875,,0.304320752620697,,0.1852705031633377
,1396.0,10,4.5131033402867615e-05,52849,,18.999387741088867,,2.5649640560150146,,0.3043883144855499,,0.18532605469226837
,1392.0,10,4.507586345425807e-05,52899,,24.309492111206055,,2.8023159503936768,,0.3044556975364685,,0.18537844717502594
,1328.0,10,4.5020689867669716e-05,52949,,19.937381744384766,,2.7346901893615723,,0.30451700091362,,0.18542875349521637
,1364.0,10,4.4965516281081364e-05,52999,,23.690296173095703,,2.5748047828674316,,0.304579496383667,,0.18547727167606354
,1356.0,10,4.491034633247182e-05,53049,,23.81590461730957,,2.758074998855591,,0.3046504855155945,,0.18552212417125702
,1360.0,10,4.4855172745883465e-05,53099,,18.976503372192383,,2.7454938888549805,,0.3047280013561249,,0.18557116389274597
,1348.0,10,4.479999915929511e-05,53149,,18.51774024963379,,2.7585184574127197,,0.30480167269706726,,0.1856260895729065
,1392.0,10,4.4744829210685566e-05,53199,,20.602880477905273,,2.3908090591430664,,0.30485814809799194,,0.18567705154418945
,1316.0,10,4.468965562409721e-05,53249,,20.92584228515625,,2.7560274600982666,,0.304922878742218,,0.18573608994483948
,1340.0,10,4.463448203750886e-05,53299,,20.029634475708008,,2.5835115909576416,,0.3049929738044739,,0.1857922077178955
,1388.0,10,4.4579312088899314e-05,53349,,21.01896095275879,,2.844303607940674,,0.3050520420074463,,0.1858370453119278
,1348.0,10,4.452413850231096e-05,53399,,21.903337478637695,,2.434596061706543,,0.30511900782585144,,0.18588627874851227
,1388.0,10,4.446896491572261e-05,53449,,19.384536743164062,,2.8959999084472656,,0.30518391728401184,,0.18593162298202515
,1376.0,10,4.4413791329134256e-05,53499,,20.13941192626953,,2.8593099117279053,,0.30526110529899597,,0.18598653376102448
,1372.0,10,4.435862138052471e-05,53549,,20.43153190612793,,2.7399232387542725,,0.3053349554538727,,0.18604528903961182
,1376.0,10,4.430344779393636e-05,53599,,21.76371955871582,,2.919156551361084,,0.30540043115615845,,0.18608997762203217
,1396.0,10,4.4248274207348004e-05,53649,,20.84214210510254,,2.6601552963256836,,0.30546700954437256,,0.1861499845981598
,1404.0,10,4.419310425873846e-05,53699,,21.854307174682617,,2.856693744659424,,0.30553197860717773,,0.18620599806308746
,1356.0,10,4.4137930672150105e-05,53749,,23.149137496948242,,2.790161609649658,,0.3056143522262573,,0.18626251816749573
,1384.0,10,4.408275708556175e-05,53799,,22.462032318115234,,2.64836049079895,,0.30567917227745056,,0.18630433082580566
,1360.0,10,4.4027587136952206e-05,53849,,19.11343765258789,,2.596792459487915,,0.3057403266429901,,0.1863541454076767
,1332.0,10,4.3972413550363854e-05,53899,,26.01125144958496,,2.6636581420898438,,0.3058074414730072,,0.18639925122261047
,1384.0,10,4.39172399637755e-05,53949,,19.30154800415039,,2.7313296794891357,,0.30587247014045715,,0.18645431101322174
,1368.0,10,4.3862070015165955e-05,53999,,21.308666229248047,,2.6286966800689697,,0.3059450387954712,,0.18651340901851654
,1324.0,10,4.38068964285776e-05,54049,,20.281543731689453,,2.78483510017395,,0.30600452423095703,,0.18656322360038757
,1392.0,10,4.375172284198925e-05,54099,,19.416311264038086,,2.6417574882507324,,0.30606913566589355,,0.1866166740655899
,1368.0,10,4.36965528933797e-05,54149,,20.520736694335938,,3.271240234375,,0.30614522099494934,,0.18667751550674438
,1360.0,10,4.364137930679135e-05,54199,,21.042940139770508,,2.929619550704956,,0.3061982989311218,,0.1867089569568634
,1352.0,10,4.3586205720203e-05,54249,,21.606128692626953,,2.486095905303955,,0.306254506111145,,0.18675467371940613
,1360.0,10,4.353103577159345e-05,54299,,18.759559631347656,,2.6850287914276123,,0.3063303530216217,,0.18681585788726807
,1356.0,10,4.34758621850051e-05,54349,,18.326095581054688,,2.584787130355835,,0.30639728903770447,,0.18687810003757477
,1352.0,10,4.3420688598416746e-05,54399,,23.42856216430664,,2.7129080295562744,,0.3064630627632141,,0.18694181740283966
,1396.0,10,4.33655186498072e-05,54449,,20.96725082397461,,2.7075023651123047,,0.3065256178379059,,0.18699347972869873
,1380.0,10,4.331034506321885e-05,54499,,20.247875213623047,,2.5809452533721924,,0.30658599734306335,,0.18704253435134888
,1380.0,10,4.3255171476630494e-05,54549,,27.26154327392578,,2.7450332641601562,,0.30664607882499695,,0.187088742852211
,1332.0,10,4.320000152802095e-05,54599,,21.23157501220703,,2.5627944469451904,,0.30671918392181396,,0.1871417909860611
,1380.0,10,4.3144827941432595e-05,54649,,26.31389617919922,,2.5761492252349854,,0.30677542090415955,,0.1871957778930664
,1400.0,10,4.308965435484424e-05,54699,,19.40060043334961,,3.0036160945892334,,0.306838721036911,,0.18724848330020905
,1368.0,10,4.3034484406234697e-05,54749,,19.430879592895508,,2.757723331451416,,0.30690544843673706,,0.18730655312538147
,1376.0,10,4.2979310819646344e-05,54799,,19.78749656677246,,2.6262710094451904,,0.3069685697555542,,0.18736785650253296
,1388.0,10,4.292413723305799e-05,54849,,22.484455108642578,,2.608067035675049,,0.3070327043533325,,0.18741732835769653
,1356.0,10,4.2868967284448445e-05,54899,,22.330307006835938,,2.5950207710266113,,0.3071061968803406,,0.18748407065868378
,1376.0,10,4.281379369786009e-05,54949,,19.520042419433594,,2.775386095046997,,0.3071654438972473,,0.18753425776958466
,1336.0,10,4.275862011127174e-05,54999,,16.965763092041016,,2.187478542327881,,0.30723199248313904,,0.18759119510650635
,1356.0,10,4.2703446524683386e-05,55049,,23.315471649169922,,2.627800464630127,,0.30729439854621887,,0.1876499056816101
,1312.0,10,4.264827657607384e-05,55099,,19.75204849243164,,2.5483555793762207,,0.3073635697364807,,0.1876976191997528
,1356.0,10,4.259310298948549e-05,55149,,25.5247745513916,,2.5852606296539307,,0.3074275553226471,,0.1877504289150238
,1348.0,10,4.2537929402897134e-05,55199,,25.567731857299805,,2.5841293334960938,,0.30749475955963135,,0.18780477344989777
,1364.0,10,4.248275945428759e-05,55249,,23.63440704345703,,2.645500898361206,,0.3075469434261322,,0.18784566223621368
,1336.0,10,4.2427585867699236e-05,55299,,19.517465591430664,,2.701266288757324,,0.3076092302799225,,0.18789851665496826
,1392.0,10,4.237241228111088e-05,55349,,23.2684326171875,,2.861654281616211,,0.3076743483543396,,0.1879568248987198
,1388.0,10,4.231724233250134e-05,55399,,20.358539581298828,,2.4964747428894043,,0.30773070454597473,,0.188011035323143
,1388.0,10,4.2262068745912984e-05,55449,,25.159526824951172,,2.885258436203003,,0.30778446793556213,,0.18806776404380798
,1380.0,10,4.220689515932463e-05,55499,,18.969097137451172,,2.296581506729126,,0.30785465240478516,,0.18813379108905792
,1396.0,10,4.2151725210715085e-05,55549,,19.90423583984375,,2.80001163482666,,0.3079186975955963,,0.1881832331418991
,1384.0,10,4.209655162412673e-05,55599,,21.194490432739258,,2.4989116191864014,,0.30797436833381653,,0.18822012841701508
,1408.0,10,4.204137803753838e-05,55649,,22.718408584594727,,2.9149649143218994,,0.30804529786109924,,0.1882743388414383
,1356.0,10,4.1986208088928834e-05,55699,,24.68931007385254,,2.5556719303131104,,0.3081117868423462,,0.18832042813301086
,1380.0,10,4.193103450234048e-05,55749,,19.44943618774414,,2.6800787448883057,,0.30817094445228577,,0.18836699426174164
,1324.0,10,4.187586091575213e-05,55799,,20.627126693725586,,2.853015899658203,,0.30823037028312683,,0.18841591477394104
,1376.0,10,4.182069096714258e-05,55849,,19.50893783569336,,2.6419527530670166,,0.3082941174507141,,0.1884727030992508
,1392.0,10,4.176551738055423e-05,55899,,19.142290115356445,,2.7818868160247803,,0.30835992097854614,,0.18853341042995453
,1380.0,10,4.1710343793965876e-05,55949,,20.036571502685547,,2.8240675926208496,,0.30842772126197815,,0.18858252465724945
,1352.0,10,4.165517384535633e-05,55999,,23.79693031311035,,2.6762807369232178,,0.3084889352321625,,0.18863217532634735
,1388.0,10,4.160000025876798e-05,56049,,18.9224853515625,,2.4236366748809814,,0.30854928493499756,,0.18868303298950195
,1348.0,10,4.1544826672179624e-05,56099,,27.879066467285156,,2.165433645248413,,0.3086104393005371,,0.1887248009443283
,1380.0,10,4.148965672357008e-05,56149,,22.206518173217773,,2.3729586601257324,,0.3086720108985901,,0.18877744674682617
,1384.0,10,4.1434483136981726e-05,56199,,19.498594284057617,,2.7013232707977295,,0.30873993039131165,,0.18883003294467926
,1372.0,10,4.137930955039337e-05,56249,,21.56500816345215,,2.294276714324951,,0.30880358815193176,,0.1888684779405594
,1388.0,10,4.132413960178383e-05,56299,,22.09832000732422,,2.484825849533081,,0.308872789144516,,0.18891802430152893
,1356.0,10,4.1268966015195474e-05,56349,,23.34081268310547,,2.9596869945526123,,0.3089388906955719,,0.1889640986919403
,1384.0,10,4.121379242860712e-05,56399,,27.604475021362305,,3.015763282775879,,0.30899590253829956,,0.18900516629219055
,1356.0,10,4.1158622479997575e-05,56449,,22.005203247070312,,2.873324394226074,,0.3090548515319824,,0.18903832137584686
,1408.0,10,4.110344889340922e-05,56499,,21.1865234375,,2.7991104125976562,,0.30911514163017273,,0.18907473981380463
,1348.0,10,4.104827530682087e-05,56549,,20.119295120239258,,2.8590643405914307,,0.30917593836784363,,0.18913185596466064
,1356.0,10,4.0993101720232517e-05,56599,,19.21378517150879,,2.3361570835113525,,0.3092412054538727,,0.18918539583683014
,1360.0,10,4.093793177162297e-05,56649,,25.34341812133789,,2.7062230110168457,,0.3093072474002838,,0.18923525512218475
,1348.0,10,4.088275818503462e-05,56699,,21.494094848632812,,2.568885564804077,,0.3093682825565338,,0.1892799437046051
,1336.0,10,4.0827584598446265e-05,56749,,21.40422248840332,,2.562011241912842,,0.30943578481674194,,0.18932928144931793
,1364.0,10,4.077241464983672e-05,56799,,23.421138763427734,,2.9611377716064453,,0.3094857335090637,,0.1893693506717682
,1352.0,10,4.0717241063248366e-05,56849,,22.04432487487793,,2.5107030868530273,,0.3095511198043823,,0.18942344188690186
,1364.0,10,4.066206747666001e-05,56899,,24.505767822265625,,2.687659978866577,,0.3096144199371338,,0.18947221338748932
,1388.0,10,4.060689752805047e-05,56949,,21.549358367919922,,2.592498779296875,,0.3096792995929718,,0.1895277202129364
,1344.0,10,4.0551723941462114e-05,56999,,18.886171340942383,,2.5475354194641113,,0.3097452223300934,,0.1895809769630432
,1384.0,10,4.049655035487376e-05,57049,,20.880407333374023,,2.7303621768951416,,0.3098105192184448,,0.18962979316711426
,1360.0,10,4.0441380406264216e-05,57099,,19.33111572265625,,2.4012155532836914,,0.30987343192100525,,0.189677432179451
,1368.0,10,4.038620681967586e-05,57149,,22.349760055541992,,2.839317798614502,,0.3099360764026642,,0.18971794843673706
,1376.0,10,4.033103323308751e-05,57199,,21.292675018310547,,2.535165786743164,,0.30999261140823364,,0.18975786864757538
1365.6436767578125,,10,,57243,21.206146240234375,,2.627767324447632,,0.306733638048172,,0.18718321621418,
,1388.0,11,4.0275863284477964e-05,57249,,21.48175811767578,,2.776721715927124,,0.3100471794605255,,0.18980298936367035
,1388.0,11,4.022068969788961e-05,57299,,20.615272521972656,,2.545828104019165,,0.3101145923137665,,0.18985557556152344
,1352.0,11,4.016551611130126e-05,57349,,19.126176834106445,,2.6548264026641846,,0.3101670444011688,,0.1898927092552185
,1380.0,11,4.011034616269171e-05,57399,,21.500656127929688,,2.720210313796997,,0.31021642684936523,,0.1899365782737732
,1372.0,11,4.005517257610336e-05,57449,,19.574085235595703,,2.7368719577789307,,0.3102779984474182,,0.18997855484485626
,1352.0,11,3.9999998989515007e-05,57499,,21.80348014831543,,2.574528455734253,,0.3103412091732025,,0.1900324821472168
,1372.0,11,3.994482904090546e-05,57549,,19.95269775390625,,2.4905059337615967,,0.31040051579475403,,0.19008226692676544
,1356.0,11,3.988965545431711e-05,57599,,20.33762550354004,,2.676037073135376,,0.3104599416255951,,0.19013334810733795
,1356.0,11,3.9834481867728755e-05,57649,,21.12864875793457,,2.7204344272613525,,0.3105286955833435,,0.19017484784126282
,1328.0,11,3.977931191911921e-05,57699,,20.89716911315918,,2.018070936203003,,0.31057778000831604,,0.19021457433700562
,1340.0,11,3.9724138332530856e-05,57749,,22.169273376464844,,2.5138962268829346,,0.31062930822372437,,0.1902570277452469
,1388.0,11,3.96689647459425e-05,57799,,21.9246826171875,,2.557025194168091,,0.3106825351715088,,0.1903093457221985
,1380.0,11,3.961379479733296e-05,57849,,20.244022369384766,,2.3300931453704834,,0.31074997782707214,,0.19036102294921875
,1380.0,11,3.9558621210744604e-05,57899,,19.76205062866211,,2.583423137664795,,0.31081423163414,,0.19040602445602417
,1304.0,11,3.950344762415625e-05,57949,,21.00725555419922,,2.5994176864624023,,0.3108793795108795,,0.19044733047485352
,1352.0,11,3.9448277675546706e-05,57999,,20.02154541015625,,2.713482618331909,,0.3109424412250519,,0.19050267338752747
,1408.0,11,3.939310408895835e-05,58049,,19.22308921813965,,2.6344032287597656,,0.3110058903694153,,0.190557062625885
,1348.0,11,3.933793050237e-05,58099,,18.942110061645508,,2.3608202934265137,,0.311071515083313,,0.19060194492340088
,1364.0,11,3.928275691578165e-05,58149,,22.025611877441406,,2.7929980754852295,,0.31112349033355713,,0.19064193964004517
,1348.0,11,3.92275869671721e-05,58199,,18.687589645385742,,2.4814746379852295,,0.31117770075798035,,0.19068390130996704
,1352.0,11,3.917241338058375e-05,58249,,20.119802474975586,,1.949544906616211,,0.31123411655426025,,0.19072802364826202
,1336.0,11,3.9117239793995395e-05,58299,,20.030689239501953,,2.714254856109619,,0.31129783391952515,,0.19077441096305847
,1368.0,11,3.906206984538585e-05,58349,,21.190549850463867,,2.513150691986084,,0.3113560974597931,,0.1908254325389862
,1400.0,11,3.9006896258797497e-05,58399,,23.65889549255371,,2.7798523902893066,,0.31142136454582214,,0.19088304042816162
,1384.0,11,3.8951722672209144e-05,58449,,20.321992874145508,,2.4715209007263184,,0.3114774227142334,,0.19093212485313416
,1368.0,11,3.88965527235996e-05,58499,,21.11881446838379,,2.686720132827759,,0.3115372359752655,,0.19098016619682312
,1360.0,11,3.8841379137011245e-05,58549,,21.085411071777344,,2.459505081176758,,0.31159508228302,,0.19102954864501953
,1348.0,11,3.878620555042289e-05,58599,,19.967769622802734,,2.7083683013916016,,0.31165581941604614,,0.19107301533222198
,1340.0,11,3.8731035601813346e-05,58649,,26.657773971557617,,2.4700896739959717,,0.3117218017578125,,0.19112519919872284
,1376.0,11,3.867586201522499e-05,58699,,20.09149742126465,,2.6205544471740723,,0.3117797374725342,,0.19117923080921173
,1372.0,11,3.862068842863664e-05,58749,,24.512712478637695,,2.442392349243164,,0.3118358552455902,,0.19122709333896637
,1376.0,11,3.8565518480027094e-05,58799,,21.78004264831543,,2.3986802101135254,,0.3118939697742462,,0.19128380715847015
,1368.0,11,3.851034489343874e-05,58849,,23.11661720275879,,2.639819860458374,,0.31194865703582764,,0.19132639467716217
,1388.0,11,3.845517130685039e-05,58899,,25.100139617919922,,2.5186917781829834,,0.3120073080062866,,0.19137783348560333
,1352.0,11,3.840000135824084e-05,58949,,20.858381271362305,,2.5799148082733154,,0.31206318736076355,,0.19142398238182068
,1364.0,11,3.834482777165249e-05,58999,,21.469993591308594,,2.450547456741333,,0.3121209144592285,,0.19146908819675446
,1364.0,11,3.828965418506414e-05,59049,,21.0401611328125,,2.6542348861694336,,0.3121720850467682,,0.19150179624557495
,1360.0,11,3.823448423645459e-05,59099,,25.29915428161621,,2.9171788692474365,,0.31223946809768677,,0.1915455013513565
,1332.0,11,3.817931064986624e-05,59149,,19.93337631225586,,2.54563045501709,,0.3122987747192383,,0.1915903240442276
,1372.0,11,3.8124137063277885e-05,59199,,19.562374114990234,,2.555006265640259,,0.3123561143875122,,0.19163377583026886
,1356.0,11,3.806896711466834e-05,59249,,23.635452270507812,,2.6628637313842773,,0.31241855025291443,,0.1916765421628952
,1396.0,11,3.8013793528079987e-05,59299,,20.037479400634766,,2.299792528152466,,0.3124810457229614,,0.19171781837940216
,1368.0,11,3.7958619941491634e-05,59349,,27.37322425842285,,2.469919204711914,,0.31253889203071594,,0.19176939129829407
,1328.0,11,3.790344999288209e-05,59399,,27.662490844726562,,2.777979612350464,,0.3125990033149719,,0.1918155550956726
,1348.0,11,3.7848276406293735e-05,59449,,21.533323287963867,,2.6604318618774414,,0.3126477003097534,,0.19185951352119446
,1388.0,11,3.779310281970538e-05,59499,,20.384231567382812,,2.5056397914886475,,0.31270310282707214,,0.19190388917922974
,1348.0,11,3.773792923311703e-05,59549,,19.973724365234375,,2.464926242828369,,0.3127497732639313,,0.19195124506950378
,1324.0,11,3.768275928450748e-05,59599,,19.774356842041016,,2.1901376247406006,,0.3128059208393097,,0.19199655950069427
,1368.0,11,3.762758569791913e-05,59649,,25.656362533569336,,2.484372615814209,,0.3128582239151001,,0.19204597175121307
,1396.0,11,3.757241211133078e-05,59699,,23.85332489013672,,2.758803129196167,,0.3129121959209442,,0.1920931190252304
,1352.0,11,3.751724216272123e-05,59749,,22.44856071472168,,2.7341866493225098,,0.31296542286872864,,0.19213524460792542
,1320.0,11,3.746206857613288e-05,59799,,23.221895217895508,,2.710759162902832,,0.3130241930484772,,0.19218473136425018
,1344.0,11,3.7406894989544526e-05,59849,,21.285259246826172,,2.267139434814453,,0.3130815029144287,,0.1922360360622406
,1392.0,11,3.735172504093498e-05,59899,,27.56536102294922,,2.714730739593506,,0.31314709782600403,,0.19228020310401917
,1380.0,11,3.729655145434663e-05,59949,,19.12196159362793,,2.424020290374756,,0.31320858001708984,,0.19232594966888428
,1348.0,11,3.7241377867758274e-05,59999,,21.976497650146484,,2.5317111015319824,,0.3132573068141937,,0.19237090647220612
,1376.0,11,3.718620791914873e-05,60049,,28.350509643554688,,2.689410924911499,,0.3133157789707184,,0.19241547584533691
,1400.0,11,3.7131034332560375e-05,60099,,21.324663162231445,,2.564404010772705,,0.31337156891822815,,0.19245705008506775
,1372.0,11,3.707586074597202e-05,60149,,21.42657470703125,,2.5111730098724365,,0.31342875957489014,,0.19251039624214172
,1356.0,11,3.7020690797362477e-05,60199,,20.353525161743164,,2.594005584716797,,0.3134855628013611,,0.19255439937114716
,1368.0,11,3.6965517210774124e-05,60249,,27.694530487060547,,2.4540224075317383,,0.31354209780693054,,0.1926063746213913
,1356.0,11,3.691034362418577e-05,60299,,21.18171501159668,,2.465130090713501,,0.31360551714897156,,0.1926518827676773
,1396.0,11,3.6855173675576225e-05,60349,,23.396780014038086,,2.516667604446411,,0.3136636018753052,,0.19269904494285583
,1380.0,11,3.680000008898787e-05,60399,,26.80255889892578,,2.5943217277526855,,0.31371721625328064,,0.19273534417152405
,1384.0,11,3.674482650239952e-05,60449,,25.027057647705078,,2.574819326400757,,0.31377288699150085,,0.19277949631214142
,1340.0,11,3.668965655378997e-05,60499,,21.096473693847656,,2.5582773685455322,,0.31382718682289124,,0.19282633066177368
,1344.0,11,3.663448296720162e-05,60549,,21.271963119506836,,2.816314220428467,,0.31387859582901,,0.19287288188934326
,1332.0,11,3.657930938061327e-05,60599,,21.254228591918945,,3.0779263973236084,,0.31392422318458557,,0.1929125338792801
,1396.0,11,3.652413943200372e-05,60649,,21.188825607299805,,2.582892894744873,,0.3139723539352417,,0.19295690953731537
,1376.0,11,3.646896584541537e-05,60699,,22.195215225219727,,2.8620760440826416,,0.3140341639518738,,0.19301387667655945
,1360.0,11,3.6413792258827016e-05,60749,,21.435422897338867,,2.6645665168762207,,0.31409570574760437,,0.19306215643882751
,1344.0,11,3.635862231021747e-05,60799,,20.45196533203125,,2.3283255100250244,,0.31414464116096497,,0.1931055784225464
,1332.0,11,3.630344872362912e-05,60849,,24.30440902709961,,2.7840168476104736,,0.31420019268989563,,0.19314931333065033
,1356.0,11,3.6248275137040764e-05,60899,,22.487768173217773,,2.4895808696746826,,0.3142659366130829,,0.19319288432598114
,1392.0,11,3.619310518843122e-05,60949,,26.402620315551758,,2.7674126625061035,,0.31431466341018677,,0.19323326647281647
,1352.0,11,3.6137931601842865e-05,60999,,19.173322677612305,,2.653883695602417,,0.31436699628829956,,0.19327987730503082
,1384.0,11,3.608275801525451e-05,61049,,22.146099090576172,,2.8223485946655273,,0.3144173324108124,,0.19331471621990204
,1360.0,11,3.602758442866616e-05,61099,,22.05238151550293,,2.5834622383117676,,0.3144669830799103,,0.1933612823486328
,1376.0,11,3.5972414480056614e-05,61149,,19.735410690307617,,2.629993200302124,,0.3145126700401306,,0.19340543448925018
,1376.0,11,3.591724089346826e-05,61199,,21.700395584106445,,2.6653404235839844,,0.31456607580184937,,0.19345059990882874
,1364.0,11,3.586206730687991e-05,61249,,24.103147506713867,,2.9340450763702393,,0.3146204948425293,,0.19349463284015656
,1368.0,11,3.580689735827036e-05,61299,,22.17588233947754,,2.668161630630493,,0.31467747688293457,,0.1935374140739441
,1356.0,11,3.575172377168201e-05,61349,,24.200590133666992,,2.6814329624176025,,0.3147374987602234,,0.1935921460390091
,1352.0,11,3.5696550185093656e-05,61399,,18.29709815979004,,2.4183857440948486,,0.31479135155677795,,0.19364511966705322
,1360.0,11,3.564138023648411e-05,61449,,23.546186447143555,,2.945340871810913,,0.31485360860824585,,0.1936819851398468
,1372.0,11,3.558620664989576e-05,61499,,18.819398880004883,,2.429987668991089,,0.31491637229919434,,0.19372422993183136
,1388.0,11,3.5531033063307405e-05,61549,,33.45708084106445,,2.492853879928589,,0.3149644732475281,,0.1937631517648697
,1364.0,11,3.547586311469786e-05,61599,,21.338939666748047,,2.711747884750366,,0.31502264738082886,,0.19380421936511993
,1324.0,11,3.5420689528109506e-05,61649,,20.329145431518555,,2.5385239124298096,,0.31508252024650574,,0.19384339451789856
,1368.0,11,3.536551594152115e-05,61699,,21.40162467956543,,2.4276022911071777,,0.31514158844947815,,0.19389347732067108
,1392.0,11,3.531034599291161e-05,61749,,22.803173065185547,,2.5842010974884033,,0.3151911795139313,,0.1939316987991333
,1352.0,11,3.5255172406323254e-05,61799,,23.165002822875977,,2.8568928241729736,,0.3152330219745636,,0.19396527111530304
,1340.0,11,3.51999988197349e-05,61849,,21.766799926757812,,2.6004695892333984,,0.31527677178382874,,0.193996399641037
,1360.0,11,3.5144828871125355e-05,61899,,20.208608627319336,,2.744947671890259,,0.3153272867202759,,0.194038525223732
,1344.0,11,3.5089655284537e-05,61949,,25.700822830200195,,2.336726188659668,,0.31538596749305725,,0.194080650806427
,1412.0,11,3.503448169794865e-05,61999,,25.74384117126465,,2.4435431957244873,,0.31543922424316406,,0.19411572813987732
,1372.0,11,3.4979311749339104e-05,62049,,22.913440704345703,,2.3708348274230957,,0.3154970109462738,,0.19416119158267975
,1380.0,11,3.492413816275075e-05,62099,,24.481157302856445,,2.867746114730835,,0.3155536353588104,,0.1942034661769867
,1348.0,11,3.48689645761624e-05,62149,,20.007936477661133,,2.694171190261841,,0.3156031370162964,,0.19423916935920715
,1360.0,11,3.481379462755285e-05,62199,,22.38561248779297,,3.036944627761841,,0.3156615197658539,,0.19429124891757965
,1360.0,11,3.47586210409645e-05,62249,,21.44977378845215,,2.3392460346221924,,0.3157207667827606,,0.1943305879831314
,1352.0,11,3.4703447454376146e-05,62299,,27.600330352783203,,2.705329418182373,,0.3157673180103302,,0.1943693459033966
,1380.0,11,3.46482775057666e-05,62349,,23.36063003540039,,2.1102826595306396,,0.31582072377204895,,0.19441057741641998
,1368.0,11,3.459310391917825e-05,62399,,19.444597244262695,,2.545081853866577,,0.31587931513786316,,0.19446352124214172
1365.613037109375,,11,,62447,22.177356719970703,,2.6050667762756348,,0.31304967403411865,,0.19220449030399323,
,1388.0,12,3.4537930332589895e-05,62449,,20.637067794799805,,2.4387881755828857,,0.31593549251556396,,0.19450737535953522
,1388.0,12,3.448276038398035e-05,62499,,21.10664939880371,,2.8508048057556152,,0.3159871995449066,,0.19455447793006897
,1352.0,12,3.4427586797391996e-05,62549,,33.13978958129883,,2.446537971496582,,0.3160485625267029,,0.19460920989513397
,1368.0,12,3.437241321080364e-05,62599,,18.895736694335938,,2.4585659503936768,,0.3161054849624634,,0.19465792179107666
,1356.0,12,3.431723962421529e-05,62649,,19.025848388671875,,2.4870264530181885,,0.3161551356315613,,0.19470767676830292
,1404.0,12,3.4262069675605744e-05,62699,,22.516803741455078,,2.722459077835083,,0.31621289253234863,,0.19476059079170227
,1280.0,12,3.420689608901739e-05,62749,,19.20836067199707,,2.5651679039001465,,0.31625744700431824,,0.19480463862419128
,1352.0,12,3.415172250242904e-05,62799,,24.564571380615234,,2.6958892345428467,,0.31630739569664,,0.19484490156173706
,1376.0,12,3.409655255381949e-05,62849,,27.6761417388916,,2.6102325916290283,,0.3163602650165558,,0.19488206505775452
,1372.0,12,3.404137896723114e-05,62899,,19.250898361206055,,2.2843692302703857,,0.31641101837158203,,0.1949276477098465
,1352.0,12,3.398620538064279e-05,62949,,22.86203384399414,,2.8151931762695312,,0.3164576590061188,,0.1949680596590042
,1372.0,12,3.393103543203324e-05,62999,,21.653472900390625,,2.7476375102996826,,0.31651076674461365,,0.1950121968984604
,1400.0,12,3.387586184544489e-05,63049,,24.426387786865234,,2.6464879512786865,,0.3165687024593353,,0.19505849480628967
,1356.0,12,3.3820688258856535e-05,63099,,19.812488555908203,,2.343273639678955,,0.31662923097610474,,0.19510048627853394
,1348.0,12,3.376551831024699e-05,63149,,22.97160530090332,,2.667019844055176,,0.31667906045913696,,0.1951347142457962
,1380.0,12,3.3710344723658636e-05,63199,,22.575735092163086,,2.8467540740966797,,0.31673336029052734,,0.19517956674098969
,1360.0,12,3.365517113707028e-05,63249,,16.58565330505371,,2.4476816654205322,,0.316792368888855,,0.19522511959075928
,1380.0,12,3.360000118846074e-05,63299,,19.098690032958984,,2.161620855331421,,0.3168452978134155,,0.19527262449264526
,1316.0,12,3.3544827601872385e-05,63349,,26.70341682434082,,2.7795488834381104,,0.316903293132782,,0.19532617926597595
,1328.0,12,3.348965401528403e-05,63399,,18.714557647705078,,2.512450933456421,,0.31695398688316345,,0.19536568224430084
,1360.0,12,3.3434484066674486e-05,63449,,23.77579116821289,,2.543574333190918,,0.3170076608657837,,0.19541746377944946
,1384.0,12,3.337931048008613e-05,63499,,26.055086135864258,,2.715602159500122,,0.31705477833747864,,0.1954576075077057
,1360.0,12,3.332413689349778e-05,63549,,18.503578186035156,,2.474039316177368,,0.3171103298664093,,0.19549785554409027
,1408.0,12,3.3268966944888234e-05,63599,,24.16825294494629,,2.4098641872406006,,0.3171651363372803,,0.19554123282432556
,1380.0,12,3.321379335829988e-05,63649,,28.664766311645508,,2.936704397201538,,0.3172129988670349,,0.19558383524417877
,1288.0,12,3.315861977171153e-05,63699,,18.550413131713867,,2.298799753189087,,0.3172769844532013,,0.19562888145446777
,1352.0,12,3.310344982310198e-05,63749,,24.239459991455078,,2.388254165649414,,0.3173327147960663,,0.195670023560524
,1352.0,12,3.304827623651363e-05,63799,,23.274194717407227,,2.2299726009368896,,0.31738412380218506,,0.19570808112621307
,1380.0,12,3.299310264992528e-05,63849,,20.550416946411133,,2.520810604095459,,0.31743302941322327,,0.19574551284313202
,1376.0,12,3.293793270131573e-05,63899,,26.211130142211914,,2.3480987548828125,,0.3174806833267212,,0.19578205049037933
,1380.0,12,3.288275911472738e-05,63949,,23.35504150390625,,2.733447551727295,,0.31753334403038025,,0.19582760334014893
,1368.0,12,3.2827585528139025e-05,63999,,21.681922912597656,,2.4076924324035645,,0.3175845444202423,,0.19587060809135437
,1336.0,12,3.277241557952948e-05,64049,,19.932443618774414,,2.6133921146392822,,0.31762880086898804,,0.19590836763381958
,1336.0,12,3.2717241992941126e-05,64099,,25.648649215698242,,2.415034532546997,,0.3176755905151367,,0.19595129787921906
,1368.0,12,3.266206840635277e-05,64149,,22.6192684173584,,2.5151987075805664,,0.31773290038108826,,0.1959974616765976
,1380.0,12,3.260689481976442e-05,64199,,22.122657775878906,,2.580399990081787,,0.3177856206893921,,0.19604603946208954
,1364.0,12,3.2551724871154875e-05,64249,,30.14792251586914,,2.88887619972229,,0.3178456425666809,,0.19608919322490692
,1372.0,12,3.249655128456652e-05,64299,,25.632898330688477,,2.5364081859588623,,0.3178969919681549,,0.19613219797611237
,1328.0,12,3.244137769797817e-05,64349,,27.77543830871582,,2.0967490673065186,,0.3179493844509125,,0.1961699277162552
,1380.0,12,3.238620774936862e-05,64399,,26.256729125976562,,2.6790151596069336,,0.3180001974105835,,0.1962040662765503
,1316.0,12,3.233103416278027e-05,64449,,21.763946533203125,,2.6579205989837646,,0.3180467486381531,,0.19624559581279755
,1380.0,12,3.227586057619192e-05,64499,,26.993406295776367,,2.2655107975006104,,0.31809884309768677,,0.19627630710601807
,1372.0,12,3.222069062758237e-05,64549,,22.413280487060547,,2.9184937477111816,,0.31815415620803833,,0.19631023705005646
,1352.0,12,3.216551704099402e-05,64599,,21.372285842895508,,2.5556042194366455,,0.3182092308998108,,0.19634439051151276
,1376.0,12,3.2110343454405665e-05,64649,,21.16513442993164,,2.3379740715026855,,0.31826287508010864,,0.19638296961784363
,1348.0,12,3.205517350579612e-05,64699,,25.588645935058594,,2.685520887374878,,0.31831517815589905,,0.19642025232315063
,1372.0,12,3.199999991920777e-05,64749,,24.252073287963867,,2.768463373184204,,0.3183607757091522,,0.19644604623317719
,1352.0,12,3.1944826332619414e-05,64799,,24.11382484436035,,2.6190671920776367,,0.3184092938899994,,0.19648754596710205
,1368.0,12,3.188965638400987e-05,64849,,21.080368041992188,,2.7535908222198486,,0.31846970319747925,,0.1965385228395462
,1348.0,12,3.1834482797421515e-05,64899,,23.094696044921875,,2.94071888923645,,0.31851303577423096,,0.1965758502483368
,1324.0,12,3.177930921083316e-05,64949,,22.593482971191406,,2.6234490871429443,,0.31855612993240356,,0.19660529494285583
,1380.0,12,3.1724139262223616e-05,64999,,21.910202026367188,,2.5866589546203613,,0.318609356880188,,0.19664908945560455
,1356.0,12,3.166896567563526e-05,65049,,22.880708694458008,,2.595335006713867,,0.31867003440856934,,0.19669656455516815
,1380.0,12,3.161379208904691e-05,65099,,19.756668090820312,,2.4264116287231445,,0.31873220205307007,,0.1967378705739975
,1376.0,12,3.1558622140437365e-05,65149,,23.30991554260254,,2.487715005874634,,0.31878140568733215,,0.19677498936653137
,1364.0,12,3.150344855384901e-05,65199,,20.65818214416504,,2.6496894359588623,,0.3188285231590271,,0.19681386649608612
,1352.0,12,3.144827496726066e-05,65249,,20.45619773864746,,2.5542855262756348,,0.31887808442115784,,0.19686086475849152
,1344.0,12,3.139310501865111e-05,65299,,22.466808319091797,,2.6112148761749268,,0.3189256191253662,,0.1969020962715149
,1352.0,12,3.133793143206276e-05,65349,,22.78558921813965,,2.8289599418640137,,0.3189733028411865,,0.1969447284936905
,1340.0,12,3.128275784547441e-05,65399,,20.312040328979492,,2.61275315284729,,0.3190270662307739,,0.19698786735534668
,1360.0,12,3.122758789686486e-05,65449,,22.590890884399414,,2.3474342823028564,,0.31907227635383606,,0.19702625274658203
,1384.0,12,3.117241431027651e-05,65499,,20.464841842651367,,2.827768325805664,,0.31912410259246826,,0.19707036018371582
,1380.0,12,3.1117240723688155e-05,65549,,19.95945930480957,,2.601355791091919,,0.3191772401332855,,0.19711698591709137
,1376.0,12,3.106207077507861e-05,65599,,17.9482364654541,,2.032334089279175,,0.3192327618598938,,0.19716645777225494
,1340.0,12,3.100689718849026e-05,65649,,27.727638244628906,,2.4644346237182617,,0.319279283285141,,0.1972031146287918
,1396.0,12,3.0951723601901904e-05,65699,,25.58578872680664,,2.4188618659973145,,0.3193276524543762,,0.19724616408348083
,1380.0,12,3.089655001531355e-05,65749,,21.132875442504883,,2.5130512714385986,,0.3193870186805725,,0.19729264080524445
,1372.0,12,3.0841380066704005e-05,65799,,19.8752384185791,,2.675971746444702,,0.3194347620010376,,0.1973344385623932
,1400.0,12,3.078620648011565e-05,65849,,23.8454647064209,,2.8010802268981934,,0.3194786608219147,,0.19737093150615692
,1392.0,12,3.07310328935273e-05,65899,,19.438724517822266,,2.466362714767456,,0.31952592730522156,,0.19740614295005798
,1396.0,12,3.067586294491775e-05,65949,,23.940702438354492,,2.4066216945648193,,0.31957340240478516,,0.19744808971881866
,1348.0,12,3.06206893583294e-05,65999,,23.233325958251953,,2.7460970878601074,,0.3196098208427429,,0.19748838245868683
,1356.0,12,3.056551577174105e-05,66049,,22.331066131591797,,2.671109437942505,,0.319663941860199,,0.1975330412387848
,1372.0,12,3.0510344004142098e-05,66099,,22.618305206298828,,2.4247708320617676,,0.31972363591194153,,0.19758392870426178
,1384.0,12,3.045517223654315e-05,66149,,20.400453567504883,,2.602827548980713,,0.31977054476737976,,0.1976238191127777
,1336.0,12,3.04000004689442e-05,66199,,21.393325805664062,,2.4998347759246826,,0.31982508301734924,,0.19767127931118011
,1396.0,12,3.0344826882355846e-05,66249,,23.323928833007812,,2.8534529209136963,,0.31986939907073975,,0.1977112889289856
,1388.0,12,3.0289655114756897e-05,66299,,20.024341583251953,,2.5097129344940186,,0.3199160695075989,,0.19775179028511047
,1368.0,12,3.0234483347157948e-05,66349,,21.93848419189453,,2.687288284301758,,0.31996139883995056,,0.1977929025888443
,1356.0,12,3.0179309760569595e-05,66399,,21.63444709777832,,2.597963333129883,,0.3200116455554962,,0.19782978296279907
,1372.0,12,3.0124137992970645e-05,66449,,19.68329620361328,,2.507091522216797,,0.32006344199180603,,0.19787555932998657
,1372.0,12,3.0068966225371696e-05,66499,,22.662216186523438,,2.5184972286224365,,0.3201095759868622,,0.1979108601808548
,1356.0,12,3.0013792638783343e-05,66549,,19.836206436157227,,2.3009707927703857,,0.3201623558998108,,0.19794870913028717
,1372.0,12,2.9958620871184394e-05,66599,,20.625471115112305,,2.5811285972595215,,0.3202034533023834,,0.1979786455631256
,1384.0,12,2.9903449103585444e-05,66649,,21.932186126708984,,2.735504388809204,,0.320263534784317,,0.19803358614444733
,1360.0,12,2.984827551699709e-05,66699,,23.027868270874023,,2.601475954055786,,0.3203190267086029,,0.19807316362857819
,1368.0,12,2.9793103749398142e-05,66749,,26.502756118774414,,2.5173776149749756,,0.3203670084476471,,0.19810810685157776
,1324.0,12,2.973793016280979e-05,66799,,31.359968185424805,,2.46919846534729,,0.320414662361145,,0.1981489360332489
,1368.0,12,2.968275839521084e-05,66849,,22.969072341918945,,2.8262076377868652,,0.32046249508857727,,0.19818544387817383
,1408.0,12,2.962758662761189e-05,66899,,22.181018829345703,,2.7862610816955566,,0.3205084800720215,,0.19822469353675842
,1364.0,12,2.9572413041023538e-05,66949,,27.610668182373047,,2.9215142726898193,,0.3205558657646179,,0.1982681304216385
,1356.0,12,2.9517241273424588e-05,66999,,27.84564971923828,,2.6752610206604004,,0.3206072747707367,,0.19830287992954254
,1364.0,12,2.946206950582564e-05,67049,,32.803749084472656,,2.763601541519165,,0.3206550180912018,,0.19834524393081665
,1356.0,12,2.9406895919237286e-05,67099,,20.372955322265625,,2.9490835666656494,,0.3206968605518341,,0.1983857899904251
,1396.0,12,2.9351724151638336e-05,67149,,21.414438247680664,,2.7561874389648438,,0.3207448124885559,,0.1984272301197052
,1396.0,12,2.9296552384039387e-05,67199,,21.2525577545166,,2.8592426776885986,,0.320789098739624,,0.1984577775001526
,1364.0,12,2.9241378797451034e-05,67249,,22.169403076171875,,2.477470874786377,,0.320840984582901,,0.19850194454193115
,1372.0,12,2.9186207029852085e-05,67299,,21.66090965270996,,2.5206243991851807,,0.3208880126476288,,0.1985298991203308
,1368.0,12,2.9131035262253135e-05,67349,,23.370784759521484,,2.5267677307128906,,0.32093560695648193,,0.1985660344362259
,1360.0,12,2.9075861675664783e-05,67399,,20.280725479125977,,2.6663875579833984,,0.3209814727306366,,0.1985984742641449
,1352.0,12,2.9020689908065833e-05,67449,,21.5710506439209,,2.6344690322875977,,0.3210202157497406,,0.198625385761261
,1388.0,12,2.8965518140466884e-05,67499,,18.95261573791504,,2.296069860458374,,0.3210630416870117,,0.1986662596464157
,1376.0,12,2.891034455387853e-05,67549,,25.19303321838379,,2.3958840370178223,,0.32110244035720825,,0.19869975745677948
,1384.0,12,2.885517278627958e-05,67599,,30.929964065551758,,2.617586612701416,,0.32115522027015686,,0.1987398862838745
,1380.0,12,2.879999919969123e-05,67649,,22.559101104736328,,2.3304786682128906,,0.32119354605674744,,0.1987721025943756
1366.087890625,,12,,67651,22.645225524902344,,2.583796977996826,,0.31863754987716675,,0.1967071294784546,
,1356.0,13,2.874482743209228e-05,67699,,20.468706130981445,,2.560779094696045,,0.3212454319000244,,0.19881317019462585
,1360.0,13,2.868965566449333e-05,67749,,22.759157180786133,,2.720043897628784,,0.3212917149066925,,0.19885560870170593
,1336.0,13,2.8634482077904977e-05,67799,,24.994571685791016,,1.7813198566436768,,0.32134100794792175,,0.19889700412750244
,1348.0,13,2.8579310310306028e-05,67849,,20.272878646850586,,2.5629401206970215,,0.3213828504085541,,0.19892354309558868
,1356.0,13,2.8524138542707078e-05,67899,,20.717456817626953,,2.2682013511657715,,0.321438729763031,,0.1989598572254181
,1376.0,13,2.8468964956118725e-05,67949,,25.833892822265625,,2.7089014053344727,,0.3214835226535797,,0.19898903369903564
,1344.0,13,2.8413793188519776e-05,67999,,20.227540969848633,,2.621164321899414,,0.32153213024139404,,0.1990291327238083
,1396.0,13,2.8358621420920826e-05,68049,,21.801774978637695,,2.511641263961792,,0.3215762972831726,,0.19906754791736603
,1392.0,13,2.8303447834332474e-05,68099,,18.669130325317383,,2.4471287727355957,,0.3216213881969452,,0.19911421835422516
,1344.0,13,2.8248276066733524e-05,68149,,21.43425941467285,,2.6672017574310303,,0.3216690123081207,,0.19915877282619476
,1376.0,13,2.8193104299134575e-05,68199,,24.549936294555664,,2.5276052951812744,,0.32171639800071716,,0.1991988718509674
,1364.0,13,2.8137930712546222e-05,68249,,22.210081100463867,,2.6861720085144043,,0.32175490260124207,,0.19923153519630432
,1384.0,13,2.8082758944947273e-05,68299,,22.13555145263672,,2.4000558853149414,,0.3218105733394623,,0.19927825033664703
,1404.0,13,2.802758535835892e-05,68349,,24.19342613220215,,2.8008484840393066,,0.32186055183410645,,0.19931869208812714
,1388.0,13,2.797241359075997e-05,68399,,20.54296112060547,,2.5170106887817383,,0.3219098448753357,,0.19935914874076843
,1356.0,13,2.791724182316102e-05,68449,,24.506175994873047,,2.725860595703125,,0.32196229696273804,,0.19938883185386658
,1396.0,13,2.7862068236572668e-05,68499,,23.646005630493164,,2.3461718559265137,,0.32201051712036133,,0.19941963255405426
,1368.0,13,2.780689646897372e-05,68549,,22.54793357849121,,2.664599895477295,,0.32205453515052795,,0.1994512528181076
,1380.0,13,2.775172470137477e-05,68599,,22.9832763671875,,2.742541790008545,,0.3221053183078766,,0.1994921863079071
,1332.0,13,2.7696551114786416e-05,68649,,19.133060455322266,,2.3861184120178223,,0.3221520185470581,,0.1995297223329544
,1364.0,13,2.7641379347187467e-05,68699,,21.473770141601562,,2.453148126602173,,0.3222046494483948,,0.1995774805545807
,1380.0,13,2.7586207579588518e-05,68749,,24.386268615722656,,2.712601661682129,,0.3222457766532898,,0.1996130347251892
,1364.0,13,2.7531033993000165e-05,68799,,21.15228843688965,,2.3091628551483154,,0.32229873538017273,,0.19965410232543945
,1368.0,13,2.7475862225401215e-05,68849,,20.196990966796875,,2.4748857021331787,,0.32234251499176025,,0.19969947636127472
,1336.0,13,2.7420690457802266e-05,68899,,20.485532760620117,,2.84983491897583,,0.3223852217197418,,0.19974052906036377
,1400.0,13,2.7365516871213913e-05,68949,,20.83305549621582,,2.4696977138519287,,0.32243040204048157,,0.19977709650993347
,1324.0,13,2.7310345103614964e-05,68999,,24.891769409179688,,2.653549909591675,,0.3224802613258362,,0.19980977475643158
,1368.0,13,2.725517151702661e-05,69049,,21.397159576416016,,2.4954354763031006,,0.3225252628326416,,0.19985157251358032
,1380.0,13,2.719999974942766e-05,69099,,22.838085174560547,,2.6377968788146973,,0.3225735127925873,,0.19989824295043945
,1368.0,13,2.7144827981828712e-05,69149,,20.815885543823242,,2.4330718517303467,,0.32261788845062256,,0.1999426931142807
,1412.0,13,2.708965439524036e-05,69199,,24.685867309570312,,2.6964144706726074,,0.32266515493392944,,0.19998425245285034
,1392.0,13,2.703448262764141e-05,69249,,19.727373123168945,,2.442861557006836,,0.32271161675453186,,0.2000235766172409
,1344.0,13,2.697931086004246e-05,69299,,22.729717254638672,,2.729029655456543,,0.322760671377182,,0.20006141066551208
,1364.0,13,2.6924137273454107e-05,69349,,20.90573501586914,,2.632603406906128,,0.3228085935115814,,0.20010364055633545
,1376.0,13,2.6868965505855158e-05,69399,,17.703115463256836,,2.7532272338867188,,0.3228488564491272,,0.20014241337776184
,1384.0,13,2.681379373825621e-05,69449,,29.218488693237305,,2.7278389930725098,,0.3228917121887207,,0.20018015801906586
,1360.0,13,2.6758620151667856e-05,69499,,21.306354522705078,,2.391998767852783,,0.322948157787323,,0.2002180963754654
,1360.0,13,2.6703448384068906e-05,69549,,25.385639190673828,,2.6363494396209717,,0.3229871094226837,,0.20025676488876343
,1360.0,13,2.6648276616469957e-05,69599,,18.182035446166992,,2.498169422149658,,0.3230307996273041,,0.2002899944782257
,1352.0,13,2.6593103029881604e-05,69649,,19.693801879882812,,2.5552783012390137,,0.3230809271335602,,0.2003336101770401
,1360.0,13,2.6537931262282655e-05,69699,,28.883155822753906,,2.4718821048736572,,0.3231278359889984,,0.20037657022476196
,1292.0,13,2.6482759494683705e-05,69749,,27.29305076599121,,2.710144519805908,,0.32317766547203064,,0.20042243599891663
,1348.0,13,2.6427585908095352e-05,69799,,19.302587509155273,,2.5453789234161377,,0.323225200176239,,0.20046553015708923
,1384.0,13,2.6372414140496403e-05,69849,,19.40567398071289,,2.3649559020996094,,0.32326945662498474,,0.20050744712352753
,1376.0,13,2.631724055390805e-05,69899,,24.767244338989258,,2.403374671936035,,0.32331812381744385,,0.20054852962493896
,1388.0,13,2.62620687863091e-05,69949,,23.930496215820312,,2.829068422317505,,0.32335761189460754,,0.20058251917362213
,1372.0,13,2.620689701871015e-05,69999,,24.81104850769043,,2.5432229042053223,,0.32340186834335327,,0.2006208449602127
,1336.0,13,2.61517234321218e-05,70049,,22.59617042541504,,2.420403003692627,,0.3234492242336273,,0.20066553354263306
,1380.0,13,2.609655166452285e-05,70099,,28.072450637817383,,2.6109204292297363,,0.3234940469264984,,0.20070867240428925
,1348.0,13,2.60413798969239e-05,70149,,21.683429718017578,,2.327367067337036,,0.3235429525375366,,0.20073696970939636
,1392.0,13,2.5986206310335547e-05,70199,,18.738203048706055,,2.4267165660858154,,0.32359129190444946,,0.20077702403068542
,1336.0,13,2.5931034542736597e-05,70249,,20.86934471130371,,2.6043524742126465,,0.32363176345825195,,0.2008049488067627
,1372.0,13,2.5875862775137648e-05,70299,,19.695449829101562,,2.2663159370422363,,0.32367467880249023,,0.20084422826766968
,1316.0,13,2.5820689188549295e-05,70349,,20.07693862915039,,2.731912136077881,,0.32372769713401794,,0.20089039206504822
,1360.0,13,2.5765517420950346e-05,70399,,19.633699417114258,,2.6915547847747803,,0.32377585768699646,,0.20093342661857605
,1360.0,13,2.5710345653351396e-05,70449,,25.264219284057617,,2.387437582015991,,0.32381901144981384,,0.2009694129228592
,1364.0,13,2.5655172066763043e-05,70499,,36.56613540649414,,2.595684766769409,,0.3238646388053894,,0.20100706815719604
,1364.0,13,2.5600000299164094e-05,70549,,26.56051254272461,,2.8503684997558594,,0.32390880584716797,,0.20104360580444336
,1356.0,13,2.554482671257574e-05,70599,,21.30079460144043,,2.7119576930999756,,0.32395821809768677,,0.2010820060968399
,1336.0,13,2.5489654944976792e-05,70649,,19.516530990600586,,2.5776278972625732,,0.324008584022522,,0.20113146305084229
,1376.0,13,2.5434483177377842e-05,70699,,19.156843185424805,,2.2613179683685303,,0.3240552544593811,,0.2011774182319641
,1372.0,13,2.537930959078949e-05,70749,,22.46395492553711,,2.288278579711914,,0.3240985870361328,,0.20121626555919647
,1356.0,13,2.532413782319054e-05,70799,,20.69953727722168,,2.654026746749878,,0.3241488039493561,,0.20126216113567352
,1352.0,13,2.526896605559159e-05,70849,,25.10834503173828,,2.6548876762390137,,0.3241993486881256,,0.20129448175430298
,1368.0,13,2.5213792469003238e-05,70899,,26.697330474853516,,2.8786721229553223,,0.3242459297180176,,0.20132945477962494
,1368.0,13,2.515862070140429e-05,70949,,22.60486602783203,,2.440342903137207,,0.32428810000419617,,0.20136378705501556
,1376.0,13,2.510344893380534e-05,70999,,22.254438400268555,,2.6185264587402344,,0.32433032989501953,,0.20140860974788666
,1364.0,13,2.5048275347216986e-05,71049,,26.575782775878906,,2.8404037952423096,,0.32436925172805786,,0.20143760740756989
,1392.0,13,2.4993103579618037e-05,71099,,22.042219161987305,,2.589707374572754,,0.32441288232803345,,0.20147527754306793
,1380.0,13,2.4937931812019087e-05,71149,,23.167205810546875,,2.4998464584350586,,0.3244618773460388,,0.2015225887298584
,1392.0,13,2.4882758225430734e-05,71199,,24.84511375427246,,2.67891263961792,,0.32450205087661743,,0.2015659660100937
,1396.0,13,2.4827586457831785e-05,71249,,26.798011779785156,,2.8073039054870605,,0.324550062417984,,0.2016061693429947
,1392.0,13,2.4772414690232836e-05,71299,,22.82522201538086,,2.6533172130584717,,0.3245914876461029,,0.20163990557193756
,1380.0,13,2.4717241103644483e-05,71349,,22.419015884399414,,2.700061321258545,,0.32463330030441284,,0.20167884230613708
,1368.0,13,2.4662069336045533e-05,71399,,23.669414520263672,,2.8306307792663574,,0.32467207312583923,,0.20170605182647705
,1380.0,13,2.460689574945718e-05,71449,,21.332088470458984,,2.6398751735687256,,0.3247098922729492,,0.20172734558582306
,1360.0,13,2.455172398185823e-05,71499,,21.9898624420166,,2.4117748737335205,,0.3247566521167755,,0.2017650306224823
,1340.0,13,2.4496552214259282e-05,71549,,22.900693893432617,,2.613050699234009,,0.32479795813560486,,0.20180532336235046
,1340.0,13,2.444137862767093e-05,71599,,19.732688903808594,,2.4984536170959473,,0.32483482360839844,,0.20183666050434113
,1328.0,13,2.438620686007198e-05,71649,,21.242271423339844,,2.5936129093170166,,0.3248829245567322,,0.20187880098819733
,1372.0,13,2.433103509247303e-05,71699,,25.90138816833496,,2.6310014724731445,,0.32493093609809875,,0.20192280411720276
,1340.0,13,2.4275861505884677e-05,71749,,19.13576889038086,,2.383490562438965,,0.324975848197937,,0.20195801556110382
,1356.0,13,2.4220689738285728e-05,71799,,21.392210006713867,,2.2741775512695312,,0.3250286281108856,,0.20198912918567657
,1356.0,13,2.416551797068678e-05,71849,,21.559450149536133,,2.426846742630005,,0.32507026195526123,,0.2020321935415268
,1376.0,13,2.4110344384098426e-05,71899,,19.31153106689453,,2.207390069961548,,0.3251121938228607,,0.2020774781703949
,1344.0,13,2.4055172616499476e-05,71949,,32.41982650756836,,2.601898193359375,,0.32515549659729004,,0.20210978388786316
,1364.0,13,2.4000000848900527e-05,71999,,23.511186599731445,,2.532539129257202,,0.3251984417438507,,0.20214588940143585
,1356.0,13,2.3944827262312174e-05,72049,,21.582164764404297,,2.781337022781372,,0.3252398371696472,,0.2021731287240982
,1352.0,13,2.3889655494713224e-05,72099,,20.78340721130371,,2.539738893508911,,0.3252864181995392,,0.20221197605133057
,1376.0,13,2.383448190812487e-05,72149,,24.715808868408203,,2.5993595123291016,,0.32533371448516846,,0.20225325226783752
,1372.0,13,2.3779310140525922e-05,72199,,26.586339950561523,,2.791574716567993,,0.32536983489990234,,0.20229028165340424
,1380.0,13,2.3724138372926973e-05,72249,,23.80401039123535,,2.6226468086242676,,0.3254057765007019,,0.20231838524341583
,1392.0,13,2.366896478633862e-05,72299,,27.069400787353516,,2.327725410461426,,0.3254449665546417,,0.20235489308834076
,1344.0,13,2.361379301873967e-05,72349,,20.382986068725586,,2.1602299213409424,,0.325491338968277,,0.20239980518817902
,1372.0,13,2.355862125114072e-05,72399,,23.3310546875,,2.443446636199951,,0.3255384564399719,,0.20243540406227112
,1360.0,13,2.3503447664552368e-05,72449,,21.598981857299805,,2.429811716079712,,0.32557952404022217,,0.20247457921504974
,1352.0,13,2.344827589695342e-05,72499,,27.946258544921875,,2.7335081100463867,,0.32562345266342163,,0.2025012969970703
,1360.0,13,2.339310412935447e-05,72549,,31.083606719970703,,2.4556877613067627,,0.32566648721694946,,0.20253603160381317
,1376.0,13,2.3337930542766117e-05,72599,,22.745805740356445,,2.4871227741241455,,0.3257107734680176,,0.20256689190864563
,1376.0,13,2.3282758775167167e-05,72649,,20.662267684936523,,2.6916794776916504,,0.32575565576553345,,0.20260776579380035
,1356.0,13,2.3227587007568218e-05,72699,,21.31560516357422,,2.5011258125305176,,0.32580095529556274,,0.20264698565006256
,1384.0,13,2.3172413420979865e-05,72749,,25.660640716552734,,2.6232995986938477,,0.32585233449935913,,0.20268958806991577
,1360.0,13,2.3117241653380916e-05,72799,,32.392120361328125,,2.621464967727661,,0.3258931338787079,,0.20272041857242584
,1372.0,13,2.3062068066792563e-05,72849,,25.03985595703125,,2.5268073081970215,,0.3259337246417999,,0.20275908708572388
1365.6004638671875,,13,,72855,22.99702262878418,,2.5663044452667236,,0.32361680269241333,,0.2007981836795807,
,1368.0,14,2.3006896299193613e-05,72899,,23.360868453979492,,2.4520604610443115,,0.32597970962524414,,0.20279309153556824
,1380.0,14,2.2951724531594664e-05,72949,,22.977638244628906,,2.413151979446411,,0.3260261118412018,,0.20283101499080658
,1368.0,14,2.289655094500631e-05,72999,,30.858657836914062,,2.938857078552246,,0.32607215642929077,,0.20287634432315826
,1404.0,14,2.284137917740736e-05,73049,,22.409120559692383,,2.5639123916625977,,0.32611799240112305,,0.20291127264499664
,1376.0,14,2.2786207409808412e-05,73099,,20.093202590942383,,2.6534018516540527,,0.326159805059433,,0.20294936001300812
,1364.0,14,2.273103382322006e-05,73149,,20.74889373779297,,2.6916868686676025,,0.3261984586715698,,0.2029845416545868
,1364.0,14,2.267586205562111e-05,73199,,21.332820892333984,,2.642606019973755,,0.3262392282485962,,0.20302735269069672
,1376.0,14,2.262069028802216e-05,73249,,19.014820098876953,,2.477633237838745,,0.32628563046455383,,0.20307239890098572
,1360.0,14,2.2565516701433808e-05,73299,,20.486900329589844,,2.332371234893799,,0.3263237476348877,,0.2031124234199524
,1380.0,14,2.2510344933834858e-05,73349,,22.81924057006836,,2.424330472946167,,0.32636821269989014,,0.20315131545066833
,1392.0,14,2.245517316623591e-05,73399,,21.093299865722656,,2.497020959854126,,0.32640817761421204,,0.2031845599412918
,1376.0,14,2.2399999579647556e-05,73449,,20.82284164428711,,2.6841800212860107,,0.32645183801651,,0.20323461294174194
,1376.0,14,2.2344827812048607e-05,73499,,23.77583885192871,,2.5832462310791016,,0.3264924883842468,,0.20326869189739227
,1372.0,14,2.2289656044449657e-05,73549,,21.043867111206055,,2.640371322631836,,0.32653963565826416,,0.20330922305583954
,1336.0,14,2.2234482457861304e-05,73599,,24.227588653564453,,2.5869922637939453,,0.3265875279903412,,0.2033538520336151
,1392.0,14,2.2179310690262355e-05,73649,,24.262420654296875,,2.5717453956604004,,0.3266361951828003,,0.2033872753381729
,1364.0,14,2.2124137103674002e-05,73699,,22.940303802490234,,2.5530219078063965,,0.3266805410385132,,0.20341652631759644
,1372.0,14,2.2068965336075053e-05,73749,,21.578702926635742,,2.5896589756011963,,0.32672736048698425,,0.20346470177173615
,1352.0,14,2.2013793568476103e-05,73799,,22.734312057495117,,2.7016870975494385,,0.32676762342453003,,0.20349852740764618
,1384.0,14,2.195861998188775e-05,73849,,31.10077667236328,,2.725187301635742,,0.3268059194087982,,0.20353402197360992
,1368.0,14,2.19034482142888e-05,73899,,22.377248764038086,,2.638259172439575,,0.32685157656669617,,0.20356930792331696
,1376.0,14,2.184827644668985e-05,73949,,41.90171432495117,,2.994117259979248,,0.3268912732601166,,0.20360618829727173
,1356.0,14,2.17931028601015e-05,73999,,24.084228515625,,2.3923306465148926,,0.32692787051200867,,0.20364001393318176
,1368.0,14,2.173793109250255e-05,74049,,19.215364456176758,,2.5233235359191895,,0.3269680440425873,,0.2036823183298111
,1304.0,14,2.16827593249036e-05,74099,,23.97831153869629,,2.6128854751586914,,0.3270069658756256,,0.20371629297733307
,1376.0,14,2.1627585738315247e-05,74149,,24.671085357666016,,2.6303560733795166,,0.32705196738243103,,0.2037632167339325
,1384.0,14,2.1572413970716298e-05,74199,,20.357053756713867,,2.7370405197143555,,0.3271031975746155,,0.20380567014217377
,1376.0,14,2.1517242203117348e-05,74249,,20.422786712646484,,2.5220162868499756,,0.32714223861694336,,0.20383979380130768
,1380.0,14,2.1462068616528995e-05,74299,,25.94413948059082,,2.603742837905884,,0.3271788954734802,,0.2038683295249939
,1364.0,14,2.1406896848930046e-05,74349,,22.560861587524414,,2.4750843048095703,,0.3272177278995514,,0.2038959413766861
,1392.0,14,2.1351723262341693e-05,74399,,19.930187225341797,,2.7126054763793945,,0.32725879549980164,,0.20392665266990662
,1388.0,14,2.1296551494742744e-05,74449,,26.39006233215332,,2.617447853088379,,0.3273026943206787,,0.2039671689271927
,1360.0,14,2.1241379727143794e-05,74499,,21.93360137939453,,2.5979907512664795,,0.32734280824661255,,0.20400263369083405
,1368.0,14,2.118620614055544e-05,74549,,23.0115909576416,,2.4245641231536865,,0.327381432056427,,0.2040291130542755
,1388.0,14,2.1131034372956492e-05,74599,,28.454044342041016,,2.4191248416900635,,0.3274242877960205,,0.2040676474571228
,1356.0,14,2.1075862605357543e-05,74649,,25.14777946472168,,2.382925271987915,,0.3274618983268738,,0.20409604907035828
,1368.0,14,2.102068901876919e-05,74699,,21.859832763671875,,2.5645205974578857,,0.3275042176246643,,0.20412658154964447
,1356.0,14,2.096551725117024e-05,74749,,19.813152313232422,,2.509622573852539,,0.3275448679924011,,0.20416471362113953
,1352.0,14,2.091034548357129e-05,74799,,20.70779037475586,,2.4347879886627197,,0.3275872766971588,,0.2042047679424286
,1360.0,14,2.0855171896982938e-05,74849,,24.070293426513672,,2.4987480640411377,,0.32762429118156433,,0.20423108339309692
,1372.0,14,2.080000012938399e-05,74899,,22.918434143066406,,2.864377737045288,,0.3276672959327698,,0.2042723149061203
,1376.0,14,2.074482836178504e-05,74949,,23.038393020629883,,2.7056944370269775,,0.32770925760269165,,0.20430929958820343
,1324.0,14,2.0689654775196686e-05,74999,,19.62764549255371,,2.4651167392730713,,0.32774797081947327,,0.20434041321277618
,1340.0,14,2.0634483007597737e-05,75049,,21.684228897094727,,2.427448034286499,,0.32779064774513245,,0.20437365770339966
,1384.0,14,2.0579311239998788e-05,75099,,22.322914123535156,,2.449007511138916,,0.3278322219848633,,0.20441636443138123
,1360.0,14,2.0524137653410435e-05,75149,,19.142833709716797,,2.55495023727417,,0.32787615060806274,,0.20445039868354797
,1368.0,14,2.0468965885811485e-05,75199,,28.400236129760742,,2.3911824226379395,,0.32792040705680847,,0.20448531210422516
,1324.0,14,2.0413792299223132e-05,75249,,26.218276977539062,,2.641850233078003,,0.32795384526252747,,0.20451684296131134
,1368.0,14,2.0358620531624183e-05,75299,,19.10468864440918,,2.5390188694000244,,0.3280051648616791,,0.20456120371818542
,1360.0,14,2.0303448764025234e-05,75349,,25.17204475402832,,2.867490530014038,,0.32804927229881287,,0.20459216833114624
,1324.0,14,2.024827517743688e-05,75399,,22.482297897338867,,2.45023250579834,,0.32809141278266907,,0.20462524890899658
,1360.0,14,2.019310340983793e-05,75449,,27.1221981048584,,2.700670003890991,,0.32812947034835815,,0.20465104281902313
,1316.0,14,2.0137931642238982e-05,75499,,17.213735580444336,,2.367016315460205,,0.32817113399505615,,0.20469364523887634
,1360.0,14,2.008275805565063e-05,75549,,31.423778533935547,,2.7472922801971436,,0.3282061815261841,,0.2047225832939148
,1360.0,14,2.002758628805168e-05,75599,,20.14881706237793,,2.7077646255493164,,0.32826197147369385,,0.2047593593597412
,1376.0,14,1.997241452045273e-05,75649,,21.68548583984375,,2.571824312210083,,0.32830652594566345,,0.2047940194606781
,1348.0,14,1.9917240933864377e-05,75699,,20.615619659423828,,2.0979576110839844,,0.32834792137145996,,0.2048230916261673
,1384.0,14,1.9862069166265428e-05,75749,,31.552532196044922,,2.5124740600585938,,0.32838916778564453,,0.20485393702983856
,1368.0,14,1.980689739866648e-05,75799,,29.102174758911133,,2.1718499660491943,,0.3284304141998291,,0.20489223301410675
,1356.0,14,1.9751723812078126e-05,75849,,19.80311393737793,,2.721587896347046,,0.32847097516059875,,0.20493043959140778
,1384.0,14,1.9696552044479176e-05,75899,,20.669675827026367,,2.540200710296631,,0.3285103142261505,,0.204963818192482
,1368.0,14,1.9641378457890823e-05,75949,,30.24302864074707,,2.9184346199035645,,0.32855692505836487,,0.2050049901008606
,1352.0,14,1.9586206690291874e-05,75999,,19.149877548217773,,2.4998090267181396,,0.32860031723976135,,0.20503677427768707
,1392.0,14,1.9531034922692925e-05,76049,,22.259347915649414,,2.7619240283966064,,0.32863849401474,,0.20506902039051056
,1364.0,14,1.9475861336104572e-05,76099,,23.207189559936523,,2.461920976638794,,0.32867857813835144,,0.2051095962524414
,1356.0,14,1.9420689568505622e-05,76149,,20.842668533325195,,2.6370649337768555,,0.32871606945991516,,0.2051415592432022
,1368.0,14,1.9365517800906673e-05,76199,,22.4204158782959,,2.7317073345184326,,0.32875487208366394,,0.20517417788505554
,1376.0,14,1.931034421431832e-05,76249,,20.17616844177246,,2.4550483226776123,,0.3287942111492157,,0.2051987498998642
,1396.0,14,1.925517244671937e-05,76299,,24.016040802001953,,2.582289457321167,,0.32883697748184204,,0.20523497462272644
,1372.0,14,1.920000067912042e-05,76349,,20.81279182434082,,2.625929594039917,,0.32887527346611023,,0.20526812970638275
,1360.0,14,1.914482709253207e-05,76399,,20.025897979736328,,2.5038001537323,,0.32890963554382324,,0.20529361069202423
,1360.0,14,1.908965532493312e-05,76449,,20.42570686340332,,2.7246692180633545,,0.3289473056793213,,0.20533056557178497
,1356.0,14,1.903448355733417e-05,76499,,18.799772262573242,,2.384949207305908,,0.32898855209350586,,0.20536121726036072
,1328.0,14,1.8979309970745817e-05,76549,,26.59984588623047,,2.590421676635742,,0.3290356993675232,,0.20540331304073334
,1364.0,14,1.8924138203146867e-05,76599,,26.195863723754883,,2.6362955570220947,,0.32907187938690186,,0.2054353505373001
,1368.0,14,1.8868964616558515e-05,76649,,23.827945709228516,,2.5442922115325928,,0.32911548018455505,,0.20546568930149078
,1380.0,14,1.8813792848959565e-05,76699,,22.75462532043457,,2.3659873008728027,,0.32915374636650085,,0.2054932415485382
,1368.0,14,1.8758621081360616e-05,76749,,20.89569091796875,,2.5687246322631836,,0.32920041680336,,0.2055298537015915
,1356.0,14,1.8703447494772263e-05,76799,,20.934886932373047,,2.76214861869812,,0.329239159822464,,0.20555928349494934
,1384.0,14,1.8648275727173313e-05,76849,,23.87352180480957,,2.983243227005005,,0.3292808532714844,,0.20559503138065338
,1384.0,14,1.8593103959574364e-05,76899,,24.13356590270996,,2.8415236473083496,,0.32931676506996155,,0.20561835169792175
,1372.0,14,1.853793037298601e-05,76949,,20.66068458557129,,2.579007863998413,,0.32935279607772827,,0.20565016567707062
,1376.0,14,1.8482758605387062e-05,76999,,21.88918113708496,,2.45430326461792,,0.32939183712005615,,0.20568035542964935
,1404.0,14,1.8427586837788112e-05,77049,,24.0576229095459,,2.6534221172332764,,0.3294353187084198,,0.20571021735668182
,1380.0,14,1.837241325119976e-05,77099,,24.098217010498047,,2.724891424179077,,0.3294805586338043,,0.20574553310871124
,1332.0,14,1.831724148360081e-05,77149,,23.10869598388672,,2.207995891571045,,0.3295285403728485,,0.20578458905220032
,1376.0,14,1.826206971600186e-05,77199,,23.446725845336914,,2.5869200229644775,,0.3295731246471405,,0.20582450926303864
,1336.0,14,1.8206896129413508e-05,77249,,30.222742080688477,,2.8043713569641113,,0.3296119272708893,,0.20585772395133972
,1356.0,14,1.815172436181456e-05,77299,,20.5033016204834,,2.3675830364227295,,0.3296445608139038,,0.20588962733745575
,1392.0,14,1.809655259421561e-05,77349,,22.41496467590332,,2.587648868560791,,0.32968422770500183,,0.20592477917671204
,1368.0,14,1.8041379007627256e-05,77399,,29.9420166015625,,3.0111656188964844,,0.32972362637519836,,0.20595738291740417
,1356.0,14,1.7986207240028307e-05,77449,,21.754871368408203,,2.3903329372406006,,0.3297661244869232,,0.20599138736724854
,1392.0,14,1.7931033653439954e-05,77499,,27.932355880737305,,2.662437915802002,,0.32980749011039734,,0.20602856576442719
,1392.0,14,1.7875861885841005e-05,77549,,19.850147247314453,,2.465022325515747,,0.3298541009426117,,0.20606335997581482
,1360.0,14,1.7820690118242055e-05,77599,,23.26714515686035,,2.8022987842559814,,0.32989296317100525,,0.2060936689376831
,1360.0,14,1.7765516531653702e-05,77649,,20.786680221557617,,2.7232320308685303,,0.32993707060813904,,0.20612739026546478
,1344.0,14,1.7710344764054753e-05,77699,,26.85724449157715,,2.722724437713623,,0.32997483015060425,,0.20615847408771515
,1356.0,14,1.7655172996455804e-05,77749,,19.132612228393555,,2.5271661281585693,,0.33001387119293213,,0.20618906617164612
,1352.0,14,1.759999940986745e-05,77799,,24.598983764648438,,2.748387098312378,,0.330048531293869,,0.2062154859304428
,1356.0,14,1.75448276422685e-05,77849,,19.983112335205078,,2.3944218158721924,,0.33008497953414917,,0.20625314116477966
,1376.0,14,1.7489655874669552e-05,77899,,22.300647735595703,,2.7387497425079346,,0.3301220238208771,,0.20628848671913147
,1400.0,14,1.74344822880812e-05,77949,,19.746540069580078,,2.734501361846924,,0.33016276359558105,,0.2063233107328415
,1352.0,14,1.737931052048225e-05,77999,,27.122390747070312,,2.3850646018981934,,0.33020302653312683,,0.20635953545570374
,1316.0,14,1.73241387528833e-05,78049,,21.529024124145508,,2.2137515544891357,,0.33024492859840393,,0.2064044028520584
1365.0242919921875,,14,,78059,23.02259063720703,,2.5481650829315186,,0.3281278610229492,,0.20463703572750092,
,1376.0,15,1.7268965166294947e-05,78099,,31.700437545776367,,2.4305200576782227,,0.33028632402420044,,0.2064361423254013
,1356.0,15,1.7213793398695998e-05,78149,,20.758888244628906,,2.617802619934082,,0.3303200304508209,,0.20646922290325165
,1340.0,15,1.7158619812107645e-05,78199,,19.011117935180664,,2.5006747245788574,,0.3303583562374115,,0.20650428533554077
,1336.0,15,1.7103448044508696e-05,78249,,24.892024993896484,,2.8638861179351807,,0.3303993046283722,,0.2065427005290985
,1340.0,15,1.7048276276909746e-05,78299,,21.611387252807617,,2.5652146339416504,,0.33043134212493896,,0.20656916499137878
,1380.0,15,1.6993102690321393e-05,78349,,24.26833152770996,,2.573599100112915,,0.33046188950538635,,0.20659242570400238
,1388.0,15,1.6937930922722444e-05,78399,,20.787044525146484,,2.6437017917633057,,0.33049631118774414,,0.20661942660808563
,1356.0,15,1.6882759155123495e-05,78449,,21.288606643676758,,2.293621063232422,,0.33053234219551086,,0.20665870606899261
,1368.0,15,1.682758556853514e-05,78499,,22.800569534301758,,2.728321075439453,,0.33056890964508057,,0.20668582618236542
,1408.0,15,1.6772413800936192e-05,78549,,28.638362884521484,,2.486203908920288,,0.33061638474464417,,0.20672711730003357
,1364.0,15,1.6717242033337243e-05,78599,,21.43828582763672,,2.5000967979431152,,0.330650269985199,,0.20676226913928986
,1380.0,15,1.666206844674889e-05,78649,,26.608762741088867,,2.578277826309204,,0.3306889832019806,,0.20679864287376404
,1360.0,15,1.660689667914994e-05,78699,,24.300182342529297,,2.6723105907440186,,0.33072108030319214,,0.20683109760284424
,1332.0,15,1.655172491155099e-05,78749,,21.229158401489258,,2.4851531982421875,,0.33076000213623047,,0.20686253905296326
,1364.0,15,1.649655132496264e-05,78799,,22.201173782348633,,2.5588290691375732,,0.33080264925956726,,0.2068951427936554
,1372.0,15,1.644137955736369e-05,78849,,21.546056747436523,,2.6021485328674316,,0.3308401107788086,,0.2069222331047058
,1388.0,15,1.638620778976474e-05,78899,,20.35365867614746,,2.3588407039642334,,0.33087658882141113,,0.2069522738456726
,1360.0,15,1.6331034203176387e-05,78949,,21.166603088378906,,2.6232869625091553,,0.330916166305542,,0.2069883495569229
,1356.0,15,1.6275862435577437e-05,78999,,22.993301391601562,,2.5568861961364746,,0.3309584856033325,,0.20702771842479706
,1384.0,15,1.6220688848989084e-05,79049,,29.08224105834961,,2.3074636459350586,,0.3309996426105499,,0.20706386864185333
,1020.0,15,1.6165517081390135e-05,79099,,34.80043411254883,,2.6786866188049316,,0.3310404121875763,,0.207100048661232
,1360.0,15,1.6110345313791186e-05,79149,,22.379968643188477,,2.727998733520508,,0.331076979637146,,0.20713543891906738
,1336.0,15,1.6055171727202833e-05,79199,,18.85429573059082,,2.493663787841797,,0.33111441135406494,,0.20716612040996552
,1364.0,15,1.5999999959603883e-05,79249,,30.565784454345703,,2.423098087310791,,0.3311527669429779,,0.20719709992408752
,1340.0,15,1.5944828192004934e-05,79299,,24.604658126831055,,2.4392857551574707,,0.3311929404735565,,0.20723217725753784
,1356.0,15,1.588965460541658e-05,79349,,29.85028076171875,,2.4302544593811035,,0.33122849464416504,,0.20726288855075836
,1360.0,15,1.583448283781763e-05,79399,,27.47138214111328,,2.6712377071380615,,0.3312704265117645,,0.20729903876781464
,1368.0,15,1.5779311070218682e-05,79449,,23.83681869506836,,2.3589959144592285,,0.3313034176826477,,0.2073303461074829
,1384.0,15,1.572413748363033e-05,79499,,27.251880645751953,,2.7993717193603516,,0.3313414454460144,,0.20736221969127655
,1360.0,15,1.566896571603138e-05,79549,,22.96272850036621,,2.8581182956695557,,0.3313792645931244,,0.20739586651325226
,1372.0,15,1.561379394843243e-05,79599,,18.97193717956543,,2.202072858810425,,0.3314168453216553,,0.20743638277053833
,1364.0,15,1.5558620361844078e-05,79649,,28.41276741027832,,2.669205904006958,,0.3314511775970459,,0.20746822655200958
,1352.0,15,1.550344859424513e-05,79699,,20.616802215576172,,2.5418176651000977,,0.33148860931396484,,0.20749634504318237
,1348.0,15,1.5448275007656775e-05,79749,,21.131011962890625,,2.38179349899292,,0.3315233588218689,,0.20752909779548645
,1416.0,15,1.5393103240057826e-05,79799,,20.6724853515625,,2.6879961490631104,,0.33156856894493103,,0.20756502449512482
,1384.0,15,1.5337931472458877e-05,79849,,24.48292350769043,,2.4990322589874268,,0.3316052556037903,,0.20759317278862
,1392.0,15,1.5282757885870524e-05,79899,,20.878145217895508,,2.5534253120422363,,0.331645131111145,,0.20762713253498077
,1344.0,15,1.5227586118271574e-05,79949,,21.50826644897461,,2.557929277420044,,0.3316822946071625,,0.20766176283359528
,1336.0,15,1.5172413441177923e-05,79999,,22.867734909057617,,2.4992828369140625,,0.3317263126373291,,0.20770145952701569
,1356.0,15,1.5117241673578974e-05,80049,,22.980688095092773,,2.4861085414886475,,0.3317662477493286,,0.20774134993553162
,1360.0,15,1.5062068996485323e-05,80099,,24.215412139892578,,2.5753016471862793,,0.3318065404891968,,0.2077769786119461
,1400.0,15,1.5006896319391672e-05,80149,,32.87242126464844,,2.8045759201049805,,0.3318421244621277,,0.2078108787536621
,1336.0,15,1.4951724551792722e-05,80199,,22.32179069519043,,2.592790365219116,,0.3318730592727661,,0.20784153044223785
,1356.0,15,1.4896551874699071e-05,80249,,25.38531494140625,,1.781507134437561,,0.3319123387336731,,0.20787237584590912
,1396.0,15,1.484137919760542e-05,80299,,22.730133056640625,,2.8213887214660645,,0.3319464921951294,,0.20790593326091766
,1332.0,15,1.4786206520511769e-05,80349,,19.851512908935547,,2.3803484439849854,,0.33197975158691406,,0.20793552696704865
,1348.0,15,1.473103475291282e-05,80399,,20.706443786621094,,2.370163917541504,,0.33201828598976135,,0.20796948671340942
,1376.0,15,1.4675862075819168e-05,80449,,19.676054000854492,,2.179335117340088,,0.33205801248550415,,0.20799501240253448
,1348.0,15,1.4620689398725517e-05,80499,,22.77500343322754,,2.3711183071136475,,0.3320927321910858,,0.2080240398645401
,1376.0,15,1.4565517631126568e-05,80549,,21.27692985534668,,2.609591007232666,,0.33212751150131226,,0.2080608606338501
,1368.0,15,1.4510344954032917e-05,80599,,21.181480407714844,,2.487720012664795,,0.33216333389282227,,0.20808763802051544
,1352.0,15,1.4455172276939265e-05,80649,,18.833942413330078,,2.4147839546203613,,0.33219897747039795,,0.2081153839826584
,1372.0,15,1.4399999599845614e-05,80699,,21.897531509399414,,2.3148715496063232,,0.3322387635707855,,0.20814888179302216
,1348.0,15,1.4344827832246665e-05,80749,,19.414438247680664,,2.3887927532196045,,0.3322736322879791,,0.20818065106868744
,1360.0,15,1.4289655155153014e-05,80799,,21.05024528503418,,2.6097211837768555,,0.3323117196559906,,0.20821140706539154
,1408.0,15,1.4234482478059363e-05,80849,,23.16441535949707,,2.4381752014160156,,0.33235853910446167,,0.20824934542179108
,1332.0,15,1.4179310710460413e-05,80899,,20.2083740234375,,2.228985548019409,,0.3324054181575775,,0.20828382670879364
,1372.0,15,1.4124138033366762e-05,80949,,20.438907623291016,,2.41526198387146,,0.33244800567626953,,0.20832102000713348
,1328.0,15,1.4068965356273111e-05,80999,,20.502904891967773,,2.395083427429199,,0.33248674869537354,,0.20835618674755096
,1372.0,15,1.401379267917946e-05,81049,,25.85779571533203,,2.7917933464050293,,0.3325207829475403,,0.20838558673858643
,1364.0,15,1.395862091158051e-05,81099,,23.507598876953125,,2.562833070755005,,0.33255717158317566,,0.20842556655406952
,1380.0,15,1.390344823448686e-05,81149,,19.591262817382812,,2.334655284881592,,0.33259931206703186,,0.20845788717269897
,1348.0,15,1.3848275557393208e-05,81199,,19.94985008239746,,2.47070050239563,,0.3326437175273895,,0.208488330245018
,1364.0,15,1.3793103789794259e-05,81249,,22.189172744750977,,2.754518508911133,,0.3326757550239563,,0.20851488411426544
,1332.0,15,1.3737931112700608e-05,81299,,22.15764808654785,,2.513655662536621,,0.3327155113220215,,0.20855070650577545
,1348.0,15,1.3682758435606956e-05,81349,,19.57482147216797,,2.5188510417938232,,0.33275407552719116,,0.20859083533287048
,1344.0,15,1.3627585758513305e-05,81399,,24.051828384399414,,2.5133016109466553,,0.3327852487564087,,0.20861859619617462
,1356.0,15,1.3572413990914356e-05,81449,,22.76215934753418,,2.5432097911834717,,0.3328219950199127,,0.20864851772785187
,1348.0,15,1.3517241313820705e-05,81499,,24.65641212463379,,2.3029963970184326,,0.332858145236969,,0.20867595076560974
,1332.0,15,1.3462068636727054e-05,81549,,21.89318084716797,,2.651378631591797,,0.33290234208106995,,0.20871451497077942
,1368.0,15,1.3406896869128104e-05,81599,,23.568635940551758,,2.7861366271972656,,0.33293336629867554,,0.20874488353729248
,1380.0,15,1.3351724192034453e-05,81649,,27.855144500732422,,2.6531600952148438,,0.3329716622829437,,0.20878152549266815
,1360.0,15,1.3296551514940802e-05,81699,,21.352325439453125,,2.569052219390869,,0.3330097198486328,,0.20881670713424683
,1408.0,15,1.3241379747341853e-05,81749,,21.827171325683594,,2.497271776199341,,0.3330468535423279,,0.20884935557842255
,1328.0,15,1.3186207070248201e-05,81799,,27.012720108032227,,2.6510496139526367,,0.3330850601196289,,0.20888303220272064
,1344.0,15,1.313103439315455e-05,81849,,22.957246780395508,,2.5792605876922607,,0.3331194818019867,,0.20891231298446655
,1360.0,15,1.30758617160609e-05,81899,,33.852508544921875,,2.3941617012023926,,0.3331584632396698,,0.20894582569599152
,1372.0,15,1.302068994846195e-05,81949,,17.97937774658203,,2.7218055725097656,,0.33318981528282166,,0.20897142589092255
,1396.0,15,1.2965517271368299e-05,81999,,23.352575302124023,,2.825012683868408,,0.3332315981388092,,0.20900502800941467
,1380.0,15,1.2910344594274648e-05,82049,,23.210405349731445,,2.3211746215820312,,0.3332713544368744,,0.20904023945331573
,1380.0,15,1.2855172826675698e-05,82099,,20.952116012573242,,2.6987416744232178,,0.33330926299095154,,0.20907056331634521
,1368.0,15,1.2800000149582047e-05,82149,,32.09490203857422,,2.2227189540863037,,0.33334606885910034,,0.20909744501113892
,1316.0,15,1.2744827472488396e-05,82199,,19.039636611938477,,2.566375732421875,,0.33338677883148193,,0.2091270089149475
,1332.0,15,1.2689654795394745e-05,82249,,20.698589324951172,,2.660952568054199,,0.3334290683269501,,0.20916374027729034
,1392.0,15,1.2634483027795795e-05,82299,,40.35703659057617,,2.516315221786499,,0.333465576171875,,0.20919674634933472
,1372.0,15,1.2579310350702144e-05,82349,,30.075336456298828,,2.70920467376709,,0.33350178599357605,,0.20922784507274628
,1364.0,15,1.2524137673608493e-05,82399,,29.691146850585938,,2.71455454826355,,0.3335460126399994,,0.20925526320934296
,1360.0,15,1.2468965906009544e-05,82449,,21.346046447753906,,2.4824483394622803,,0.333586722612381,,0.20929111540317535
,1364.0,15,1.2413793228915893e-05,82499,,27.864425659179688,,2.5568175315856934,,0.33361977338790894,,0.20932184159755707
,1344.0,15,1.2358620551822241e-05,82549,,19.037643432617188,,2.5812764167785645,,0.3336528539657593,,0.20935457944869995
,1380.0,15,1.230344787472859e-05,82599,,19.353759765625,,2.3450937271118164,,0.33369821310043335,,0.20939022302627563
,1388.0,15,1.2248276107129641e-05,82649,,20.7332763671875,,2.6661629676818848,,0.3337399363517761,,0.20942457020282745
,1356.0,15,1.219310343003599e-05,82699,,22.455158233642578,,2.576810121536255,,0.3337751626968384,,0.20945937931537628
,1372.0,15,1.2137930752942339e-05,82749,,23.23672866821289,,2.515507221221924,,0.33381709456443787,,0.20949769020080566
,1388.0,15,1.208275898534339e-05,82799,,20.31937599182129,,2.592478036880493,,0.33384737372398376,,0.20953109860420227
,1368.0,15,1.2027586308249738e-05,82849,,29.425636291503906,,2.617846727371216,,0.33388251066207886,,0.20956481993198395
,1368.0,15,1.1972413631156087e-05,82899,,26.21776008605957,,2.592468500137329,,0.3339229226112366,,0.20960058271884918
,1384.0,15,1.1917240954062436e-05,82949,,26.322160720825195,,2.2765958309173584,,0.33395856618881226,,0.20963405072689056
,1380.0,15,1.1862069186463486e-05,82999,,18.964874267578125,,2.357404947280884,,0.33399537205696106,,0.20966465771198273
,1344.0,15,1.1806896509369835e-05,83049,,19.674604415893555,,2.5106449127197266,,0.3340262770652771,,0.20969468355178833
,1340.0,15,1.1751723832276184e-05,83099,,23.824281692504883,,2.786236524581909,,0.3340606987476349,,0.2097262591123581
,1356.0,15,1.1696552064677235e-05,83149,,28.181751251220703,,2.615605592727661,,0.3341003656387329,,0.209759920835495
,1368.0,15,1.1641379387583584e-05,83199,,20.703262329101562,,2.648542881011963,,0.3341369926929474,,0.20979560911655426
,1352.0,15,1.1586206710489932e-05,83249,,21.245412826538086,,2.7323262691497803,,0.3341701626777649,,0.20982258021831512
1366.4217529296875,,15,,83263,23.411741256713867,,2.535963296890259,,0.3322213590145111,,0.20812773704528809,
,1372.0,16,1.1531034033396281e-05,83299,,22.133686065673828,,2.6169216632843018,,0.3342013955116272,,0.2098534107208252
,1324.0,16,1.1475862265797332e-05,83349,,28.267301559448242,,2.3742387294769287,,0.3342415988445282,,0.20988783240318298
,1376.0,16,1.142068958870368e-05,83399,,21.181482315063477,,2.6749722957611084,,0.3342796564102173,,0.20992232859134674
,1380.0,16,1.136551691161003e-05,83449,,20.58836555480957,,2.4858171939849854,,0.33431610465049744,,0.20994919538497925
,1344.0,16,1.131034514401108e-05,83499,,27.040456771850586,,2.147387981414795,,0.3343471884727478,,0.20997291803359985
,1344.0,16,1.1255172466917429e-05,83549,,26.46274185180664,,2.759678363800049,,0.3343816101551056,,0.21000705659389496
,1360.0,16,1.1199999789823778e-05,83599,,27.528059005737305,,2.8457489013671875,,0.33441081643104553,,0.21003228425979614
,1344.0,16,1.1144828022224829e-05,83649,,28.096302032470703,,2.929422378540039,,0.3344436585903168,,0.21006648242473602
,1344.0,16,1.1089655345131177e-05,83699,,24.743684768676758,,2.6666417121887207,,0.334476500749588,,0.21010209619998932
,1344.0,16,1.1034482668037526e-05,83749,,22.286823272705078,,2.5652174949645996,,0.33451324701309204,,0.2101379930973053
,1368.0,16,1.0979309990943875e-05,83799,,24.203529357910156,,2.4646637439727783,,0.3345564305782318,,0.21016588807106018
,1384.0,16,1.0924138223344926e-05,83849,,24.638166427612305,,2.584120273590088,,0.3345927894115448,,0.21020030975341797
,1372.0,16,1.0868965546251275e-05,83899,,30.55400276184082,,1.9640250205993652,,0.33462679386138916,,0.21022705733776093
,1384.0,16,1.0813792869157623e-05,83949,,26.208282470703125,,2.9811811447143555,,0.33465826511383057,,0.2102515697479248
,1376.0,16,1.0758621101558674e-05,83999,,21.06488800048828,,2.406933546066284,,0.3346940279006958,,0.21028919517993927
,1336.0,16,1.0703448424465023e-05,84049,,21.746618270874023,,2.384028911590576,,0.3347320556640625,,0.21032842993736267
,1356.0,16,1.0648275747371372e-05,84099,,20.68050193786621,,2.4029221534729004,,0.33476269245147705,,0.21035762131214142
,1364.0,16,1.059310307027772e-05,84149,,18.594104766845703,,2.2707388401031494,,0.3347979784011841,,0.2103794366121292
,1336.0,16,1.0537931302678771e-05,84199,,21.217100143432617,,2.6597070693969727,,0.3348318338394165,,0.21041011810302734
,1364.0,16,1.048275862558512e-05,84249,,23.351093292236328,,2.5685105323791504,,0.33487045764923096,,0.21044445037841797
,1328.0,16,1.0427585948491469e-05,84299,,20.076881408691406,,2.421553611755371,,0.3349021375179291,,0.21047550439834595
,1368.0,16,1.037241418089252e-05,84349,,21.051069259643555,,2.529750108718872,,0.3349349796772003,,0.21050703525543213
,1372.0,16,1.0317241503798869e-05,84399,,25.17183494567871,,2.5736401081085205,,0.33497124910354614,,0.21052980422973633
,1364.0,16,1.0262068826705217e-05,84449,,19.52399253845215,,2.8208587169647217,,0.3350023925304413,,0.21055714786052704
,1372.0,16,1.0206896149611566e-05,84499,,19.961462020874023,,2.310476541519165,,0.33503514528274536,,0.2105855643749237
,1376.0,16,1.0151724382012617e-05,84549,,28.08602523803711,,2.6921510696411133,,0.3350740373134613,,0.2106228917837143
,1364.0,16,1.0096551704918966e-05,84599,,22.266935348510742,,2.5711400508880615,,0.3351077139377594,,0.2106577455997467
,1380.0,16,1.0041379027825315e-05,84649,,24.2414493560791,,2.466067314147949,,0.3351398706436157,,0.2106897234916687
,1348.0,16,9.986207260226365e-06,84699,,27.420738220214844,,2.3439929485321045,,0.33517688512802124,,0.21071945130825043
,1376.0,16,9.931034583132714e-06,84749,,18.646665573120117,,2.635850667953491,,0.3352087438106537,,0.2107456922531128
,1360.0,16,9.875861906039063e-06,84799,,33.84921646118164,,2.766496419906616,,0.3352378308773041,,0.21077823638916016
,1380.0,16,9.820689228945412e-06,84849,,29.49439239501953,,2.3233511447906494,,0.3352731764316559,,0.21081320941448212
,1348.0,16,9.765517461346462e-06,84899,,27.516096115112305,,2.6067230701446533,,0.335311621427536,,0.21084433794021606
,1372.0,16,9.710344784252811e-06,84949,,23.460729598999023,,2.4912142753601074,,0.3353491425514221,,0.21087726950645447
,1372.0,16,9.65517210715916e-06,84999,,21.978246688842773,,2.5253970623016357,,0.3353929817676544,,0.21091729402542114
,1356.0,16,9.60000033956021e-06,85049,,20.440135955810547,,2.4157979488372803,,0.3354313373565674,,0.21095126867294312
,1340.0,16,9.54482766246656e-06,85099,,21.00226402282715,,2.4803919792175293,,0.3354717791080475,,0.21098929643630981
,1332.0,16,9.489654985372908e-06,85149,,21.51286506652832,,2.658207416534424,,0.33550506830215454,,0.21101616322994232
,1356.0,16,9.434482308279257e-06,85199,,24.409944534301758,,2.5825281143188477,,0.3355403244495392,,0.21104298532009125
,1344.0,16,9.379310540680308e-06,85249,,28.35369110107422,,2.2315263748168945,,0.3355732560157776,,0.21107470989227295
,1332.0,16,9.324137863586657e-06,85299,,19.468441009521484,,2.434546709060669,,0.3356110751628876,,0.21111427247524261
,1352.0,16,9.268965186493006e-06,85349,,24.712026596069336,,2.7970998287200928,,0.33564260601997375,,0.21114373207092285
,1372.0,16,9.213793418894056e-06,85399,,19.661487579345703,,2.358536958694458,,0.3356793224811554,,0.21117594838142395
,1316.0,16,9.158620741800405e-06,85449,,31.908504486083984,,2.17608380317688,,0.3357170522212982,,0.21121101081371307
,1368.0,16,9.103448064706754e-06,85499,,25.878145217895508,,2.7013914585113525,,0.335753470659256,,0.21124278008937836
,1368.0,16,9.048276297107805e-06,85549,,26.025802612304688,,2.289030075073242,,0.33578577637672424,,0.2112661898136139
,1368.0,16,8.993103620014153e-06,85599,,22.184040069580078,,2.4529125690460205,,0.3358234167098999,,0.21129979193210602
,1360.0,16,8.937930942920502e-06,85649,,21.741111755371094,,2.38879132270813,,0.3358573317527771,,0.2113295942544937
,1364.0,16,8.882758265826851e-06,85699,,24.263103485107422,,2.764157295227051,,0.3358880877494812,,0.21136359870433807
,1316.0,16,8.827586498227902e-06,85749,,24.81926727294922,,1.904016137123108,,0.33592158555984497,,0.21139571070671082
,1348.0,16,8.77241382113425e-06,85799,,21.68528175354004,,2.5426318645477295,,0.3359563946723938,,0.21143081784248352
,1404.0,16,8.7172411440406e-06,85849,,21.687183380126953,,2.4301679134368896,,0.3359929323196411,,0.21146519482135773
,1376.0,16,8.66206937644165e-06,85899,,27.44119644165039,,2.3851327896118164,,0.33602374792099,,0.21149249374866486
,1340.0,16,8.606896699347999e-06,85949,,24.613380432128906,,3.093944549560547,,0.33605265617370605,,0.21152375638484955
,1364.0,16,8.551724022254348e-06,85999,,21.532190322875977,,2.422135591506958,,0.3360825479030609,,0.21154539287090302
,1356.0,16,8.496551345160697e-06,86049,,22.57764434814453,,2.4922618865966797,,0.33611512184143066,,0.21156951785087585
,1332.0,16,8.441379577561747e-06,86099,,22.294368743896484,,2.53230881690979,,0.3361508846282959,,0.2116047739982605
,1352.0,16,8.386206900468096e-06,86149,,33.36899185180664,,2.636434555053711,,0.336182564496994,,0.21163614094257355
,1348.0,16,8.331034223374445e-06,86199,,20.714277267456055,,2.359618663787842,,0.33621636033058167,,0.21166615188121796
,1372.0,16,8.275862455775496e-06,86249,,23.960420608520508,,2.705104112625122,,0.33625057339668274,,0.21169213950634003
,1344.0,16,8.220689778681844e-06,86299,,28.08027458190918,,2.270218849182129,,0.3362906575202942,,0.21172654628753662
,1368.0,16,8.165517101588193e-06,86349,,24.29189109802246,,2.645639419555664,,0.3363216519355774,,0.21175336837768555
,1360.0,16,8.110344424494542e-06,86399,,25.43159294128418,,2.4927773475646973,,0.33636242151260376,,0.21178826689720154
,1348.0,16,8.055172656895593e-06,86449,,23.83868408203125,,2.536993980407715,,0.336395800113678,,0.2118222862482071
,1372.0,16,7.999999979801942e-06,86499,,23.625062942504883,,2.4346048831939697,,0.33643022179603577,,0.21185597777366638
,1384.0,16,7.94482730270829e-06,86549,,31.413232803344727,,2.748018980026245,,0.3364580273628235,,0.21188613772392273
,1380.0,16,7.889655535109341e-06,86599,,20.09478187561035,,2.7194972038269043,,0.3364861309528351,,0.21191160380840302
,1340.0,16,7.83448285801569e-06,86649,,22.81467056274414,,2.7441043853759766,,0.3365141451358795,,0.21194101870059967
,1376.0,16,7.779310180922039e-06,86699,,18.80729866027832,,2.198641061782837,,0.33654657006263733,,0.21196886897087097
,1372.0,16,7.724137503828388e-06,86749,,22.2149658203125,,2.5530495643615723,,0.3365817666053772,,0.2119949907064438
,1380.0,16,7.668965736229438e-06,86799,,20.805965423583984,,2.401344060897827,,0.3366152346134186,,0.21202045679092407
,1328.0,16,7.613793059135787e-06,86849,,23.377042770385742,,2.5024359226226807,,0.3366502821445465,,0.21204958856105804
,1360.0,16,7.558620836789487e-06,86899,,21.965831756591797,,2.761744260787964,,0.336686372756958,,0.21208281815052032
,1368.0,16,7.503448159695836e-06,86949,,24.50890350341797,,2.84660005569458,,0.33671969175338745,,0.21211311221122742
,1348.0,16,7.4482759373495355e-06,86999,,20.944522857666016,,2.2702715396881104,,0.3367614150047302,,0.21214544773101807
,1352.0,16,7.393103260255884e-06,87049,,32.21304702758789,,2.5598721504211426,,0.33679819107055664,,0.2121848613023758
,1408.0,16,7.337931037909584e-06,87099,,22.270875930786133,,2.415410041809082,,0.3368311822414398,,0.2122163325548172
,1380.0,16,7.282758815563284e-06,87149,,24.136943817138672,,2.65236496925354,,0.33686673641204834,,0.21224908530712128
,1380.0,16,7.227586138469633e-06,87199,,23.767372131347656,,2.88920521736145,,0.33689525723457336,,0.21227969229221344
,1360.0,16,7.1724139161233325e-06,87249,,23.109994888305664,,2.658121347427368,,0.3369317054748535,,0.2123112678527832
,1364.0,16,7.117241239029681e-06,87299,,19.360435485839844,,2.417839765548706,,0.3369639813899994,,0.21233661472797394
,1360.0,16,7.062069016683381e-06,87349,,20.325958251953125,,2.6451637744903564,,0.3369998633861542,,0.21236459910869598
,1356.0,16,7.00689633958973e-06,87399,,27.271865844726562,,1.9537755250930786,,0.33703410625457764,,0.2123943418264389
,1368.0,16,6.95172411724343e-06,87449,,28.4901123046875,,2.819023609161377,,0.33706676959991455,,0.21242490410804749
,1328.0,16,6.896551894897129e-06,87499,,20.039569854736328,,2.34521222114563,,0.33710378408432007,,0.2124577909708023
,1384.0,16,6.841379217803478e-06,87549,,20.423385620117188,,2.5212934017181396,,0.33713498711586,,0.21247929334640503
,1372.0,16,6.786206995457178e-06,87599,,19.707605361938477,,2.456864356994629,,0.3371713161468506,,0.2125152200460434
,1316.0,16,6.731034318363527e-06,87649,,20.41421890258789,,2.860030174255371,,0.33721038699150085,,0.21255382895469666
,1372.0,16,6.675862096017227e-06,87699,,33.50774383544922,,2.710423469543457,,0.3372410237789154,,0.2125806212425232
,1380.0,16,6.620689873670926e-06,87749,,24.881267547607422,,1.8716998100280762,,0.3372788727283478,,0.21260307729244232
,1388.0,16,6.565517196577275e-06,87799,,19.342853546142578,,2.24941086769104,,0.33731329441070557,,0.21262986958026886
,1336.0,16,6.510344974230975e-06,87849,,21.486906051635742,,2.370136260986328,,0.33735179901123047,,0.21266582608222961
,1356.0,16,6.455172297137324e-06,87899,,23.019676208496094,,2.7084052562713623,,0.3373931646347046,,0.21270474791526794
,1396.0,16,6.4000000747910235e-06,87949,,21.350217819213867,,2.5853404998779297,,0.3374333083629608,,0.21273984014987946
,1328.0,16,6.344827397697372e-06,87999,,23.55706214904785,,2.798567295074463,,0.3374707102775574,,0.21277503669261932
,1376.0,16,6.289655175351072e-06,88049,,27.57395362854004,,2.7522058486938477,,0.33750131726264954,,0.21280913054943085
,1364.0,16,6.234482953004772e-06,88099,,20.72188949584961,,2.4647786617279053,,0.33752962946891785,,0.21283303201198578
,1376.0,16,6.179310275911121e-06,88149,,20.391660690307617,,2.4760122299194336,,0.33755767345428467,,0.2128596305847168
,990.0,16,6.1241380535648204e-06,88199,,19.893260955810547,,2.5465312004089355,,0.33759185671806335,,0.21289028227329254
,1344.0,16,6.068965376471169e-06,88249,,20.7652530670166,,2.6451001167297363,,0.3376220166683197,,0.21291722357273102
,1360.0,16,6.013793154124869e-06,88299,,22.34031867980957,,2.4346656799316406,,0.33766087889671326,,0.21295133233070374
,1368.0,16,5.958620477031218e-06,88349,,19.76930046081543,,2.2436156272888184,,0.3376985788345337,,0.21298126876354218
,1380.0,16,5.903448254684918e-06,88399,,18.87145233154297,,2.5581440925598145,,0.3377343714237213,,0.21301618218421936
,1344.0,16,5.848276032338617e-06,88449,,22.893980026245117,,2.673800230026245,,0.3377697765827179,,0.21305090188980103
1365.5618896484375,,16,,88467,23.30107879638672,,2.523723840713501,,0.335985004901886,,0.21145081520080566,
,1380.0,17,5.793103355244966e-06,88499,,25.86383628845215,,2.526968479156494,,0.33780527114868164,,0.21308015286922455
,1380.0,17,5.737931132898666e-06,88549,,21.24851417541504,,2.5405776500701904,,0.3378365933895111,,0.21311137080192566
,1380.0,17,5.682758455805015e-06,88599,,18.300687789916992,,2.3167805671691895,,0.33786436915397644,,0.21314360201358795
,1352.0,17,5.6275862334587146e-06,88649,,19.98754119873047,,2.319793939590454,,0.33789414167404175,,0.2131740152835846
,1356.0,17,5.572414011112414e-06,88699,,19.160194396972656,,2.3526864051818848,,0.33793309330940247,,0.21320904791355133
,1372.0,17,5.517241334018763e-06,88749,,22.471904754638672,,2.5301411151885986,,0.3379683196544647,,0.21323928236961365
,1344.0,17,5.462069111672463e-06,88799,,27.239253997802734,,2.8328163623809814,,0.33799833059310913,,0.21325960755348206
,1384.0,17,5.406896434578812e-06,88849,,21.62346649169922,,2.4515540599823,,0.33803510665893555,,0.2132883369922638
,1416.0,17,5.3517242122325115e-06,88899,,20.653579711914062,,2.641700267791748,,0.3380630612373352,,0.21331843733787537
,1376.0,17,5.29655153513886e-06,88949,,25.46912956237793,,2.4838407039642334,,0.3380914330482483,,0.21334876120090485
,1320.0,17,5.24137931279256e-06,88999,,21.497106552124023,,2.5191140174865723,,0.3381263315677643,,0.21337218582630157
,1376.0,17,5.18620709044626e-06,89049,,21.802635192871094,,2.3683221340179443,,0.3381587564945221,,0.21340706944465637
,1364.0,17,5.131034413352609e-06,89099,,21.501590728759766,,2.9017035961151123,,0.3381897211074829,,0.2134379744529724
,1392.0,17,5.075862191006308e-06,89149,,21.88970184326172,,2.2909281253814697,,0.3382233679294586,,0.2134653478860855
,1352.0,17,5.020689513912657e-06,89199,,22.188405990600586,,2.6517252922058105,,0.3382561206817627,,0.21349427103996277
,1336.0,17,4.965517291566357e-06,89249,,23.652936935424805,,2.2778570652008057,,0.33829206228256226,,0.21352654695510864
,1336.0,17,4.910344614472706e-06,89299,,24.56694793701172,,2.6310973167419434,,0.3383220434188843,,0.2135569006204605
,1372.0,17,4.855172392126406e-06,89349,,23.421167373657227,,2.629608154296875,,0.33835792541503906,,0.2135876566171646
,1364.0,17,4.800000169780105e-06,89399,,23.801544189453125,,2.524543285369873,,0.3383913040161133,,0.21361616253852844
,1344.0,17,4.744827492686454e-06,89449,,23.14225196838379,,2.3462162017822266,,0.33842623233795166,,0.21364474296569824
,1392.0,17,4.689655270340154e-06,89499,,22.79574203491211,,2.4305622577667236,,0.3384614586830139,,0.21368078887462616
,1376.0,17,4.634482593246503e-06,89549,,23.731643676757812,,2.469517946243286,,0.3384978771209717,,0.21371452510356903
,1352.0,17,4.5793103709002025e-06,89599,,23.397384643554688,,2.5880608558654785,,0.33852773904800415,,0.21373334527015686
,1376.0,17,4.524138148553902e-06,89649,,27.709041595458984,,2.70743727684021,,0.3385656774044037,,0.2137668877840042
,1384.0,17,4.468965471460251e-06,89699,,31.54317855834961,,2.616760492324829,,0.33859869837760925,,0.21379607915878296
,1368.0,17,4.413793249113951e-06,89749,,33.33101272583008,,2.652165412902832,,0.338631272315979,,0.21381938457489014
,1376.0,17,4.3586205720203e-06,89799,,22.284393310546875,,2.6442480087280273,,0.33865952491760254,,0.21384112536907196
,1396.0,17,4.3034483496739995e-06,89849,,19.1180477142334,,2.4619944095611572,,0.33869266510009766,,0.2138717621564865
,1384.0,17,4.248275672580348e-06,89899,,26.12308692932129,,2.680788040161133,,0.33872488141059875,,0.2138999104499817
,1380.0,17,4.193103450234048e-06,89949,,19.880041122436523,,2.376213550567627,,0.3387559950351715,,0.21392811834812164
,1336.0,17,4.137931227887748e-06,89999,,22.324525833129883,,2.8037405014038086,,0.3387840688228607,,0.21395215392112732
,1352.0,17,4.082758550794097e-06,90049,,24.034847259521484,,2.4706170558929443,,0.3388153910636902,,0.21398285031318665
,1340.0,17,4.027586328447796e-06,90099,,22.984397888183594,,2.609330654144287,,0.33885547518730164,,0.2140098512172699
,1360.0,17,3.972413651354145e-06,90149,,24.4525089263916,,2.539902687072754,,0.33888864517211914,,0.21404431760311127
,1364.0,17,3.917241429007845e-06,90199,,22.875307083129883,,2.2931880950927734,,0.3389204740524292,,0.21407556533813477
,1328.0,17,3.862068751914194e-06,90249,,23.18376922607422,,2.5168302059173584,,0.3389568626880646,,0.2141052782535553
,1328.0,17,3.8068965295678936e-06,90299,,20.516277313232422,,2.228412389755249,,0.3389902710914612,,0.21414102613925934
,1352.0,17,3.751724079847918e-06,90349,,24.77126693725586,,2.407667875289917,,0.3390207588672638,,0.21416985988616943
,1356.0,17,3.696551630127942e-06,90399,,21.302982330322266,,2.667222738265991,,0.3390554189682007,,0.21420136094093323
,1344.0,17,3.641379407781642e-06,90449,,25.496686935424805,,2.8053677082061768,,0.3390856087207794,,0.21423089504241943
,1368.0,17,3.5862069580616662e-06,90499,,23.195175170898438,,2.727466344833374,,0.3391108214855194,,0.21425703167915344
,1368.0,17,3.5310345083416905e-06,90549,,22.309648513793945,,2.408766746520996,,0.33914002776145935,,0.21428270637989044
,1348.0,17,3.475862058621715e-06,90599,,20.058734893798828,,2.3959972858428955,,0.3391795754432678,,0.21431642770767212
,1388.0,17,3.420689608901739e-06,90649,,23.809633255004883,,2.7054548263549805,,0.3392108380794525,,0.21434572339057922
,1376.0,17,3.3655171591817634e-06,90699,,28.769744873046875,,2.566495895385742,,0.33924028277397156,,0.21437537670135498
,1376.0,17,3.310344936835463e-06,90749,,26.11954116821289,,2.590022325515747,,0.3392668068408966,,0.21439899504184723
,1388.0,17,3.2551724871154875e-06,90799,,20.345806121826172,,2.6892504692077637,,0.33929553627967834,,0.214422807097435
,1332.0,17,3.2000000373955118e-06,90849,,21.624082565307617,,2.3425660133361816,,0.33932772278785706,,0.21444959938526154
,1364.0,17,3.144827587675536e-06,90899,,26.959129333496094,,2.829052686691284,,0.33935731649398804,,0.21447867155075073
,1392.0,17,3.0896551379555603e-06,90949,,31.79280662536621,,2.2895865440368652,,0.33939027786254883,,0.2145135998725891
,1364.0,17,3.0344826882355846e-06,90999,,23.659639358520508,,2.7508926391601562,,0.3394184112548828,,0.21453723311424255
,1344.0,17,2.979310238515609e-06,91049,,20.3057918548584,,2.280381441116333,,0.33945006132125854,,0.21456559002399445
,1388.0,17,2.9241380161693087e-06,91099,,25.091594696044922,,2.6402664184570312,,0.33947888016700745,,0.21459084749221802
,1340.0,17,2.868965566449333e-06,91149,,20.56130599975586,,2.280890464782715,,0.33951234817504883,,0.214615136384964
,1360.0,17,2.8137931167293573e-06,91199,,22.248998641967773,,2.5202624797821045,,0.33954566717147827,,0.2146424949169159
,1372.0,17,2.7586206670093816e-06,91249,,19.870792388916016,,2.733149766921997,,0.3395748734474182,,0.21466867625713348
,1368.0,17,2.703448217289406e-06,91299,,31.316265106201172,,2.5820064544677734,,0.33960655331611633,,0.21469807624816895
,1360.0,17,2.64827576756943e-06,91349,,21.339757919311523,,2.4595179557800293,,0.3396383821964264,,0.21472366154193878
,1380.0,17,2.59310354522313e-06,91399,,24.7867431640625,,2.402937650680542,,0.3396698832511902,,0.21475492417812347
,1356.0,17,2.537931095503154e-06,91449,,22.436073303222656,,2.842323064804077,,0.33970144391059875,,0.21478615701198578
,1320.0,17,2.4827586457831785e-06,91499,,29.9505558013916,,2.3203110694885254,,0.3397309482097626,,0.21481187641620636
,1324.0,17,2.427586196063203e-06,91549,,20.811176300048828,,2.3647453784942627,,0.3397586941719055,,0.21483604609966278
,1356.0,17,2.372413746343227e-06,91599,,17.988311767578125,,2.468672513961792,,0.33978790044784546,,0.21486037969589233
,1376.0,17,2.3172412966232514e-06,91649,,22.081308364868164,,2.533301830291748,,0.33982759714126587,,0.21489204466342926
,1392.0,17,2.262069074276951e-06,91699,,24.37442970275879,,2.5295984745025635,,0.3398587107658386,,0.21491506695747375
,1392.0,17,2.2068966245569754e-06,91749,,23.200159072875977,,2.647571325302124,,0.33989518880844116,,0.21494483947753906
,1372.0,17,2.1517241748369997e-06,91799,,26.05000877380371,,2.7330141067504883,,0.3399238884449005,,0.21496838331222534
,1352.0,17,2.096551725117024e-06,91849,,20.075897216796875,,2.637448310852051,,0.33995553851127625,,0.21499843895435333
,1364.0,17,2.0413792753970483e-06,91899,,20.783164978027344,,2.5093860626220703,,0.33999061584472656,,0.21502456068992615
,1356.0,17,1.9862068256770726e-06,91949,,19.645536422729492,,2.6993043422698975,,0.34002235531806946,,0.21505726873874664
,1388.0,17,1.931034375957097e-06,91999,,22.98540687561035,,2.8534915447235107,,0.3400527834892273,,0.21508048474788666
,1364.0,17,1.875862039923959e-06,92049,,28.44352149963379,,2.8190624713897705,,0.3400781452655792,,0.21510277688503265
,1348.0,17,1.820689703890821e-06,92099,,24.580963134765625,,2.2945785522460938,,0.3401038646697998,,0.21512511372566223
,1388.0,17,1.7655172541708453e-06,92149,,20.466739654541016,,2.4387176036834717,,0.3401370346546173,,0.21516193449497223
,1376.0,17,1.7103448044508696e-06,92199,,20.43893814086914,,2.5722951889038086,,0.34016942977905273,,0.21519522368907928
,1364.0,17,1.6551724684177316e-06,92249,,23.090877532958984,,2.5254321098327637,,0.3402002155780792,,0.2152254730463028
,1340.0,17,1.6000000186977559e-06,92299,,25.25804328918457,,2.3003909587860107,,0.3402363955974579,,0.215259850025177
,1392.0,17,1.5448275689777802e-06,92349,,24.424745559692383,,2.7680366039276123,,0.3402702808380127,,0.21528911590576172
,1384.0,17,1.4896551192578045e-06,92399,,25.07720375061035,,2.4747350215911865,,0.3402986228466034,,0.21531450748443604
,1352.0,17,1.4344827832246665e-06,92449,,21.95400047302246,,2.6353814601898193,,0.3403324484825134,,0.21534237265586853
,1364.0,17,1.3793103335046908e-06,92499,,21.529441833496094,,2.66460919380188,,0.3403632342815399,,0.21536850929260254
,1352.0,17,1.324137883784715e-06,92549,,21.509597778320312,,2.6696763038635254,,0.3403930366039276,,0.21539202332496643
,1392.0,17,1.268965547751577e-06,92599,,21.482646942138672,,2.4128432273864746,,0.34042203426361084,,0.21541784703731537
,1396.0,17,1.2137930980316014e-06,92649,,23.166318893432617,,2.53025221824646,,0.3404519259929657,,0.21544614434242249
,1360.0,17,1.1586206483116257e-06,92699,,22.420499801635742,,2.5766611099243164,,0.34048378467559814,,0.2154730260372162
,1348.0,17,1.1034483122784877e-06,92749,,19.363557815551758,,2.4313273429870605,,0.3405122458934784,,0.2155020534992218
,1360.0,17,1.048275862558512e-06,92799,,18.665634155273438,,2.368377923965454,,0.3405451774597168,,0.2155354917049408
,1364.0,17,9.931034128385363e-07,92849,,28.870098114013672,,2.3034915924072266,,0.3405720591545105,,0.2155655026435852
,1348.0,17,9.379310199619795e-07,92899,,21.754257202148438,,2.6067357063293457,,0.3405997157096863,,0.215593621134758
,1400.0,17,8.827586270854226e-07,92949,,17.7957706451416,,2.503514051437378,,0.3406316936016083,,0.21562713384628296
,1380.0,17,8.275862342088658e-07,92999,,18.501527786254883,,2.304025173187256,,0.34066149592399597,,0.2156570702791214
,1344.0,17,7.724137844888901e-07,93049,,21.393587112426758,,2.426302194595337,,0.34069305658340454,,0.21568644046783447
,1328.0,17,7.172413916123332e-07,93099,,20.894567489624023,,2.464986801147461,,0.3407226502895355,,0.21570992469787598
,1384.0,17,6.620689418923575e-07,93149,,25.46980857849121,,2.567033290863037,,0.34075695276260376,,0.21573491394519806
,1372.0,17,6.068965490158007e-07,93199,,17.448749542236328,,2.3681857585906982,,0.34079012274742126,,0.21575912833213806
,1352.0,17,5.517241561392439e-07,93249,,23.19344711303711,,2.3118960857391357,,0.3408239781856537,,0.21579211950302124
,1316.0,17,4.965517064192682e-07,93299,,18.198091506958008,,2.5711984634399414,,0.34085309505462646,,0.21582245826721191
,1372.0,17,4.413793135427113e-07,93349,,25.02412986755371,,2.6736321449279785,,0.3408859968185425,,0.21584802865982056
,1352.0,17,3.8620689224444504e-07,93399,,22.65987205505371,,2.42533278465271,,0.34091535210609436,,0.21586881577968597
,1352.0,17,3.3103447094617877e-07,93449,,23.004432678222656,,2.4868505001068115,,0.34094712138175964,,0.2158968597650528
,1336.0,17,2.7586207806962193e-07,93499,,19.89548683166504,,2.3503313064575195,,0.3409760594367981,,0.21592400968074799
,1364.0,17,2.2068965677135566e-07,93549,,19.83070945739746,,2.303093433380127,,0.3410012423992157,,0.21595238149166107
,1356.0,17,1.6551723547308939e-07,93599,,19.522104263305664,,2.1929259300231934,,0.34103575348854065,,0.21597819030284882
,1284.0,17,1.1034482838567783e-07,93649,,23.129465103149414,,2.360940933227539,,0.3410644233226776,,0.21600398421287537
1366.0179443359375,,17,,93671,23.042871475219727,,2.5153582096099854,,0.33945465087890625,,0.21456070244312286,
,1388.0,18,5.5172414192838914e-08,93699,,21.59423828125,,2.5163402557373047,,0.3410959541797638,,0.21602734923362732
,1368.0,18,0.0,93749,,21.446809768676758,,2.6927969455718994,,0.34112244844436646,,0.21605047583580017
1367.1351318359375,,18,,93782,23.5687198638916,,2.522252321243286,,0.3411109149456024,,0.2160406857728958,
