Gathered number of frames_epoch,Gathered number of frames_step,epoch,lr,step,train_feature_penalty_epoch,train_feature_penalty_step,train_loss_epoch,train_loss_step,train_masked_accuracy_epoch,train_masked_accuracy_step,train_unmasked_accuracy_epoch,train_unmasked_accuracy_step
,5440.0,0,1.6000000186977559e-06,49,,0.27397093176841736,,5.270734786987305,,0.005693091079592705,,0.0055275349877774715
,5472.0,0,3.2000000373955118e-06,99,,0.24897998571395874,,5.308128356933594,,0.008260361850261688,,0.00646994961425662
,5488.0,0,4.800000169780105e-06,149,,0.3700024485588074,,5.195757865905762,,0.011557885445654392,,0.008031690493226051
,5280.0,0,6.4000000747910235e-06,199,,0.3625389337539673,,4.909598350524902,,0.015967193990945816,,0.0112021928653121
,5424.0,0,7.999999979801942e-06,249,,0.5262443423271179,,5.0425496101379395,,0.01995639130473137,,0.013702799566090107
,5552.0,0,9.60000033956021e-06,299,,0.6049500107765198,,4.921101093292236,,0.023841295391321182,,0.016256053000688553
,5376.0,0,1.1199999789823778e-05,349,,0.6675400137901306,,4.9555535316467285,,0.027719005942344666,,0.01863115280866623
,5456.0,0,1.2800000149582047e-05,399,,0.588716983795166,,4.522263526916504,,0.03126509487628937,,0.021207589656114578
,5408.0,0,1.4399999599845614e-05,449,,0.8895307779312134,,5.017452239990234,,0.035165198147296906,,0.024261243641376495
,5632.0,0,1.5999999959603883e-05,499,,0.8102030158042908,,4.773985385894775,,0.039076223969459534,,0.027625788003206253
,5584.0,0,1.759999940986745e-05,549,,0.9530904293060303,,4.688581466674805,,0.04278216138482094,,0.0303984135389328
,5536.0,0,1.920000067912042e-05,599,,0.8769370317459106,,4.694169521331787,,0.046988338232040405,,0.03353289142251015
,5392.0,0,2.080000012938399e-05,649,,0.583678126335144,,4.560711860656738,,0.05118555575609207,,0.036430779844522476
,5488.0,0,2.2399999579647556e-05,699,,0.7836543917655945,,4.5411553382873535,,0.055970124900341034,,0.03993944078683853
,5488.0,0,2.4000000848900527e-05,749,,0.8773142695426941,,4.430672645568848,,0.0604863241314888,,0.043249793350696564
,5424.0,0,2.5600000299164094e-05,799,,0.8494239449501038,,4.428733825683594,,0.06471201777458191,,0.04641393572092056
,5488.0,0,2.719999974942766e-05,849,,0.8507587313652039,,4.436697006225586,,0.06889582425355911,,0.04967474192380905
,5520.0,0,2.879999919969123e-05,899,,0.8529031872749329,,4.286081790924072,,0.07291866838932037,,0.05266892910003662
,5392.0,0,3.04000004689442e-05,949,,0.7361913919448853,,4.525326728820801,,0.07643384486436844,,0.0551733672618866
,5536.0,0,3.199999991920777e-05,999,,0.8079979419708252,,4.254323959350586,,0.08040332794189453,,0.05803224444389343
,5424.0,0,3.360000118846074e-05,1049,,0.5895048975944519,,4.600285053253174,,0.08400441706180573,,0.060894571244716644
,5328.0,0,3.51999988197349e-05,1099,,0.8147446513175964,,4.2374958992004395,,0.08758538216352463,,0.06360573321580887
,5488.0,0,3.680000008898787e-05,1149,,0.5009692311286926,,3.7885429859161377,,0.0914553701877594,,0.06662363559007645
,5568.0,0,3.840000135824084e-05,1199,,0.7887022495269775,,4.208613872528076,,0.09475800395011902,,0.06908784061670303
,5476.0,0,3.9999998989515007e-05,1249,,0.793255627155304,,4.134000778198242,,0.0981474369764328,,0.07151442021131516
,5368.0,0,4.160000025876798e-05,1299,,0.8254517912864685,,4.141066074371338,,0.10136016458272934,,0.07389909774065018
,5472.0,0,4.320000152802095e-05,1349,,0.534277617931366,,4.214046955108643,,0.10461579263210297,,0.07640507817268372
,5424.0,0,4.479999915929511e-05,1399,,0.5019224286079407,,4.094581127166748,,0.10772889852523804,,0.07868766039609909
,5400.0,0,4.640000042854808e-05,1449,,0.6878863573074341,,4.167509078979492,,0.11075813323259354,,0.0809093564748764
,5416.0,0,4.8000001697801054e-05,1499,,0.4359186887741089,,4.092531204223633,,0.1135588064789772,,0.08289088308811188
,5524.0,0,4.959999932907522e-05,1549,,0.5955086946487427,,4.125873565673828,,0.116615429520607,,0.08513332903385162
,5588.0,0,5.120000059832819e-05,1599,,0.5135437846183777,,4.086362361907959,,0.11925116181373596,,0.08699037879705429
,5372.0,0,5.279999822960235e-05,1649,,0.3262578248977661,,3.709825277328491,,0.1219998225569725,,0.08907490968704224
,5396.0,0,5.439999949885532e-05,1699,,0.6627386808395386,,4.133152484893799,,0.12456227838993073,,0.09073434770107269
,5548.0,0,5.6000000768108293e-05,1749,,0.6367380619049072,,3.4498586654663086,,0.12723422050476074,,0.09246470779180527
,5408.0,0,5.759999839938246e-05,1799,,0.6761674880981445,,3.659926176071167,,0.12973971664905548,,0.094090037047863
,5488.0,0,5.919999966863543e-05,1849,,0.6147145628929138,,3.798757791519165,,0.1322721540927887,,0.09560893476009369
,5352.0,0,6.08000009378884e-05,1899,,0.6165136098861694,,3.842576503753662,,0.13468357920646667,,0.09714756906032562
,5412.0,0,6.240000220714137e-05,1949,,0.4879069924354553,,4.01423454284668,,0.13709789514541626,,0.09862285107374191
,5452.0,0,6.399999983841553e-05,1999,,0.6031488180160522,,3.975245475769043,,0.13938672840595245,,0.09999662637710571
,5436.0,0,6.55999974696897e-05,2049,,0.5772861242294312,,3.77820086479187,,0.14158855378627777,,0.10140455514192581
,5416.0,0,6.720000237692147e-05,2099,,0.6898462176322937,,3.675493001937866,,0.14372803270816803,,0.10270844399929047
,5396.0,0,6.880000000819564e-05,2149,,0.5806493163108826,,3.6567935943603516,,0.14592291414737701,,0.10388468205928802
,5524.0,0,7.03999976394698e-05,2199,,0.5030339360237122,,3.8473422527313232,,0.14790500700473785,,0.10498358309268951
,5508.0,0,7.200000254670158e-05,2249,,0.5596165060997009,,3.701963424682617,,0.1500316560268402,,0.10621607303619385
,5500.0,0,7.360000017797574e-05,2299,,0.44468533992767334,,3.765989065170288,,0.15203532576560974,,0.10730680823326111
,5388.0,0,7.519999780924991e-05,2349,,0.5985763072967529,,3.9196600914001465,,0.1540364772081375,,0.10834690928459167
,5468.0,0,7.680000271648169e-05,2399,,0.4640675485134125,,3.7936289310455322,,0.1560100018978119,,0.10942810773849487
,5436.0,0,7.840000034775585e-05,2449,,0.4071573317050934,,3.7930965423583984,,0.1579335629940033,,0.11036268621683121
,5396.0,0,7.999999797903001e-05,2499,,0.5742789506912231,,3.5263333320617676,,0.15979474782943726,,0.11134766042232513
5465.28125,,0,,2507,0.6012350916862488,,4.248782634735107,,0.09118381887674332,,0.06547537446022034,
,5424.0,1,8.160000288626179e-05,2549,,0.5529013872146606,,3.254340648651123,,0.16170766949653625,,0.1123422384262085
,5452.0,1,8.320000051753595e-05,2599,,0.43681663274765015,,3.2533180713653564,,0.16353149712085724,,0.11335598677396774
,5504.0,1,8.479999814881012e-05,2649,,0.4386463463306427,,3.603031873703003,,0.16532865166664124,,0.11433891952037811
,5456.0,1,8.64000030560419e-05,2699,,0.40263333916664124,,3.345060110092163,,0.16706812381744385,,0.11518292874097824
,5504.0,1,8.800000068731606e-05,2749,,0.5183843374252319,,3.6301488876342773,,0.16888058185577393,,0.11609861999750137
,5476.0,1,8.959999831859022e-05,2799,,0.4243698716163635,,3.6180694103240967,,0.17063194513320923,,0.11697609722614288
,5356.0,1,9.1200003225822e-05,2849,,0.5092570185661316,,3.040949821472168,,0.1725139319896698,,0.11791400611400604
,5428.0,1,9.280000085709617e-05,2899,,0.48950934410095215,,3.468952178955078,,0.17431792616844177,,0.1188676506280899
,5492.0,1,9.439999848837033e-05,2949,,0.6165173649787903,,3.2310361862182617,,0.17595945298671722,,0.11972134560346603
,5500.0,1,9.600000339560211e-05,2999,,0.470095157623291,,3.4111244678497314,,0.17755304276943207,,0.1204749047756195
,5484.0,1,9.760000102687627e-05,3049,,0.24382105469703674,,3.063199043273926,,0.17921552062034607,,0.12128638476133347
,5552.0,1,9.919999865815043e-05,3099,,0.3859598934650421,,3.3926146030426025,,0.18076658248901367,,0.12199226021766663
,5508.0,1,9.997241431847215e-05,3149,,0.23285351693630219,,3.709404706954956,,0.18224748969078064,,0.12291321903467178
,5472.0,1,9.99172407318838e-05,3199,,0.46404924988746643,,3.2222814559936523,,0.18389089405536652,,0.12390272319316864
,5424.0,1,9.986206714529544e-05,3249,,0.4898298978805542,,3.676969051361084,,0.1854759305715561,,0.1247149333357811
,5412.0,1,9.980689355870709e-05,3299,,0.5793192982673645,,3.4377381801605225,,0.18698665499687195,,0.12548969686031342
,5516.0,1,9.975172724807635e-05,3349,,0.6379960179328918,,3.4275460243225098,,0.1884336769580841,,0.1261906623840332
,5412.0,1,9.9696553661488e-05,3399,,0.46629974246025085,,3.133209466934204,,0.18993094563484192,,0.12700307369232178
,5480.0,1,9.964138007489964e-05,3449,,0.5098505020141602,,3.0863754749298096,,0.19135580956935883,,0.12763480842113495
,5488.0,1,9.958620648831129e-05,3499,,0.504133939743042,,3.0126843452453613,,0.1928478479385376,,0.1283697932958603
,5436.0,1,9.953103290172294e-05,3549,,0.5857587456703186,,2.9955637454986572,,0.1943017989397049,,0.1290557086467743
,5460.0,1,9.947585931513458e-05,3599,,0.5307865142822266,,3.0702219009399414,,0.1957939863204956,,0.12980037927627563
,5440.0,1,9.942069300450385e-05,3649,,0.4721687436103821,,3.224745273590088,,0.19725452363491058,,0.13055330514907837
,5484.0,1,9.93655194179155e-05,3699,,0.4839722514152527,,3.069607973098755,,0.19862817227840424,,0.13139979541301727
,5460.0,1,9.931034583132714e-05,3749,,0.6086153984069824,,3.0723276138305664,,0.20010259747505188,,0.13226088881492615
,5520.0,1,9.925517224473879e-05,3799,,0.5950238704681396,,3.064699411392212,,0.20157963037490845,,0.13304467499256134
,5516.0,1,9.919999865815043e-05,3849,,0.5871805548667908,,3.119880437850952,,0.20299109816551208,,0.13381335139274597
,5552.0,1,9.914482507156208e-05,3899,,0.6402168273925781,,2.9994664192199707,,0.20438742637634277,,0.13464438915252686
,5496.0,1,9.908965876093134e-05,3949,,0.725051760673523,,3.2243428230285645,,0.20577463507652283,,0.13543842732906342
,5404.0,1,9.903448517434299e-05,3999,,0.8035524487495422,,3.015251636505127,,0.20718416571617126,,0.1361527144908905
,5496.0,1,9.897931158775464e-05,4049,,0.5804654955863953,,2.9298043251037598,,0.2084817886352539,,0.1368909329175949
,5468.0,1,9.892413800116628e-05,4099,,0.4876783788204193,,2.9369828701019287,,0.209889218211174,,0.1375584602355957
,5524.0,1,9.886896441457793e-05,4149,,0.49479740858078003,,2.939561605453491,,0.21120013296604156,,0.13824528455734253
,5404.0,1,9.881379082798958e-05,4199,,0.6655031442642212,,2.8806660175323486,,0.21256135404109955,,0.1389663964509964
,5432.0,1,9.875861724140123e-05,4249,,0.6943811774253845,,3.0542891025543213,,0.21387352049350739,,0.13967373967170715
,5460.0,1,9.870345093077049e-05,4299,,0.42524975538253784,,3.1057558059692383,,0.21518826484680176,,0.14040134847164154
,5436.0,1,9.864827734418213e-05,4349,,0.6060791015625,,2.94054913520813,,0.21650415658950806,,0.14102542400360107
,5504.0,1,9.859310375759378e-05,4399,,0.4511028230190277,,2.849914073944092,,0.21770569682121277,,0.14162883162498474
,5420.0,1,9.853793017100543e-05,4449,,0.6986194849014282,,2.6412158012390137,,0.2189912497997284,,0.1422823965549469
,5444.0,1,9.848275658441707e-05,4499,,0.5313944220542908,,2.6481406688690186,,0.22028964757919312,,0.14302663505077362
,5504.0,1,9.842758299782872e-05,4549,,0.4552440047264099,,2.4152395725250244,,0.22156649827957153,,0.1437198370695114
,5404.0,1,9.837241668719798e-05,4599,,0.6189834475517273,,2.8879973888397217,,0.2229132056236267,,0.14438392221927643
,5480.0,1,9.831724310060963e-05,4649,,0.411723792552948,,2.791086435317993,,0.22412914037704468,,0.14509961009025574
,5248.0,1,9.826206951402128e-05,4699,,0.6882485151290894,,2.640454053878784,,0.2253919392824173,,0.14567118883132935
,5428.0,1,9.820689592743292e-05,4749,,0.8656277060508728,,3.1150174140930176,,0.2266763299703598,,0.14636698365211487
,5508.0,1,9.815172234084457e-05,4799,,0.7557685971260071,,2.9247024059295654,,0.22785937786102295,,0.14691293239593506
,5468.0,1,9.809654875425622e-05,4849,,0.8315826654434204,,2.6283719539642334,,0.22906069457530975,,0.14751453697681427
,5356.0,1,9.804138244362548e-05,4899,,0.32932615280151367,,2.8758156299591064,,0.23028121888637543,,0.148212730884552
,5476.0,1,9.798620885703713e-05,4949,,0.5334063172340393,,2.8343088626861572,,0.23144464194774628,,0.14887800812721252
,5472.0,1,9.793103527044877e-05,4999,,0.7000501155853271,,3.035848379135132,,0.23262371122837067,,0.14954140782356262
5462.224609375,,1,,5015,0.5504030585289001,,3.115452766418457,,0.19929887354373932,,0.1319468915462494,
,5468.0,2,9.787586168386042e-05,5049,,0.5804623961448669,,3.004453659057617,,0.23380528390407562,,0.1501568853855133
,5504.0,2,9.782068809727207e-05,5099,,0.5875986814498901,,2.830007791519165,,0.23504425585269928,,0.15082302689552307
,5448.0,2,9.776551451068372e-05,5149,,0.6968704462051392,,3.0591585636138916,,0.23617246747016907,,0.15155254304409027
,5392.0,2,9.771034820005298e-05,5199,,0.5709800720214844,,2.816438674926758,,0.23731549084186554,,0.15221385657787323
,5424.0,2,9.765517461346462e-05,5249,,0.6698723435401917,,2.556077003479004,,0.2384333610534668,,0.15284398198127747
,5416.0,2,9.760000102687627e-05,5299,,0.8435850739479065,,3.0006868839263916,,0.23958022892475128,,0.15344521403312683
,5452.0,2,9.754482744028792e-05,5349,,0.7383318543434143,,2.4152441024780273,,0.24074983596801758,,0.15412165224552155
,5416.0,2,9.748965385369956e-05,5399,,0.6782472729682922,,2.5932276248931885,,0.2419123649597168,,0.15483391284942627
,5540.0,2,9.743448026711121e-05,5449,,0.8390728831291199,,2.857442855834961,,0.24301812052726746,,0.15549850463867188
,5388.0,2,9.737931395648047e-05,5499,,0.8317777514457703,,2.6955506801605225,,0.2441178858280182,,0.15621384978294373
,5448.0,2,9.732414036989212e-05,5549,,0.809245228767395,,2.404890537261963,,0.2452317327260971,,0.1568937450647354
,5392.0,2,9.726896678330377e-05,5599,,0.6465174555778503,,2.8832342624664307,,0.24635204672813416,,0.1575516313314438
,5504.0,2,9.721379319671541e-05,5649,,0.6564047932624817,,2.2899374961853027,,0.2474428415298462,,0.1581820696592331
,5456.0,2,9.715861961012706e-05,5699,,0.8456328511238098,,2.5848755836486816,,0.2484179139137268,,0.15883517265319824
,5440.0,2,9.710344602353871e-05,5749,,0.8483766317367554,,2.7179157733917236,,0.249440997838974,,0.159572035074234
,5480.0,2,9.704827243695036e-05,5799,,0.986816942691803,,2.483344554901123,,0.25052064657211304,,0.16030274331569672
,5452.0,2,9.699310612631962e-05,5849,,0.8623599410057068,,2.358163356781006,,0.25155043601989746,,0.16095520555973053
,5532.0,2,9.693793253973126e-05,5899,,0.6712716817855835,,2.4886999130249023,,0.25255054235458374,,0.16161313652992249
,5544.0,2,9.688275895314291e-05,5949,,0.812849223613739,,2.139765501022339,,0.2536031901836395,,0.16227377951145172
,5488.0,2,9.682758536655456e-05,5999,,0.7931618690490723,,2.6253161430358887,,0.254550576210022,,0.1629008650779724
,5340.0,2,9.67724117799662e-05,6049,,0.8061202168464661,,2.5818064212799072,,0.25559911131858826,,0.16350042819976807
,5524.0,2,9.671723819337785e-05,6099,,0.7467968463897705,,2.3775885105133057,,0.25657662749290466,,0.16413825750350952
,5516.0,2,9.666207188274711e-05,6149,,0.41929125785827637,,2.32200026512146,,0.2575083076953888,,0.16478103399276733
,5484.0,2,9.660689829615876e-05,6199,,0.8311261534690857,,2.6064977645874023,,0.258493572473526,,0.16542823612689972
,5512.0,2,9.655172470957041e-05,6249,,0.8204452395439148,,2.561251640319824,,0.2594183087348938,,0.16602644324302673
,5380.0,2,9.649655112298205e-05,6299,,1.0829813480377197,,2.6543221473693848,,0.2603952884674072,,0.16663622856140137
,5368.0,2,9.64413775363937e-05,6349,,0.7814152836799622,,2.917680263519287,,0.2613312602043152,,0.16727986931800842
,5460.0,2,9.638620394980535e-05,6399,,0.7042533755302429,,2.5168514251708984,,0.2622126042842865,,0.16787953674793243
,5484.0,2,9.633103763917461e-05,6449,,1.1079529523849487,,2.753998041152954,,0.26316896080970764,,0.16846200823783875
,5396.0,2,9.627586405258626e-05,6499,,0.8088465929031372,,2.357573986053467,,0.26412856578826904,,0.16907118260860443
,5468.0,2,9.62206904659979e-05,6549,,0.8461506962776184,,2.5404181480407715,,0.2650391459465027,,0.16968977451324463
,5440.0,2,9.616551687940955e-05,6599,,0.5494194626808167,,2.403728723526001,,0.26597195863723755,,0.1703278124332428
,5416.0,2,9.61103432928212e-05,6649,,0.8620287775993347,,2.480222225189209,,0.2668764591217041,,0.17093443870544434
,5544.0,2,9.605516970623285e-05,6699,,0.8695548176765442,,2.4808990955352783,,0.2677435576915741,,0.17155250906944275
,5448.0,2,9.600000339560211e-05,6749,,0.5916125774383545,,2.4409921169281006,,0.26862233877182007,,0.1721082627773285
,5476.0,2,9.594482980901375e-05,6799,,0.5810319781303406,,2.5110132694244385,,0.26952219009399414,,0.17277033627033234
,5492.0,2,9.58896562224254e-05,6849,,0.8832281827926636,,2.5977976322174072,,0.2704198956489563,,0.17335540056228638
,5340.0,2,9.583448263583705e-05,6899,,0.8180676102638245,,2.310670852661133,,0.271296888589859,,0.1739661693572998
,5480.0,2,9.57793090492487e-05,6949,,0.9848967790603638,,2.3401691913604736,,0.2721063494682312,,0.17453019320964813
,5520.0,2,9.572413546266034e-05,6999,,0.913112223148346,,2.5237913131713867,,0.27294307947158813,,0.17508800327777863
,5536.0,2,9.56689691520296e-05,7049,,1.0383437871932983,,2.408222198486328,,0.27380117774009705,,0.1756858229637146
,5404.0,2,9.561379556544125e-05,7099,,1.0741722583770752,,2.335433006286621,,0.2746042013168335,,0.17631730437278748
,5480.0,2,9.55586219788529e-05,7149,,1.2331353425979614,,2.423335552215576,,0.27541592717170715,,0.1769154965877533
,5572.0,2,9.550344839226454e-05,7199,,0.8869097232818604,,2.6895976066589355,,0.276258647441864,,0.17743676900863647
,5528.0,2,9.544827480567619e-05,7249,,1.0118494033813477,,2.420128107070923,,0.2770828306674957,,0.17801308631896973
,5444.0,2,9.539310121908784e-05,7299,,0.9772119522094727,,2.09598708152771,,0.2778869867324829,,0.17857033014297485
,5436.0,2,9.533792763249949e-05,7349,,1.0130189657211304,,2.2127344608306885,,0.27872082591056824,,0.17918461561203003
,5352.0,2,9.528276132186875e-05,7399,,1.0098552703857422,,2.466094493865967,,0.27952128648757935,,0.1797526776790619
,5452.0,2,9.52275877352804e-05,7449,,1.081687092781067,,2.4292759895324707,,0.28031811118125916,,0.1803296059370041
,5548.0,2,9.517241414869204e-05,7499,,1.0922538042068481,,2.143587350845337,,0.2811099588871002,,0.18092191219329834
5461.9462890625,,2,,7523,0.8235617876052856,,2.5499613285064697,,0.25899139046669006,,0.1659754067659378,
,5544.0,3,9.511724056210369e-05,7549,,0.7969561815261841,,2.147552013397217,,0.28190889954566956,,0.18149334192276
,5452.0,3,9.506206697551534e-05,7599,,0.8977164030075073,,2.0508391857147217,,0.28275978565216064,,0.18210315704345703
,5476.0,3,9.500689338892698e-05,7649,,0.7802895307540894,,2.421245813369751,,0.2835688591003418,,0.18269293010234833
,5568.0,3,9.495172707829624e-05,7699,,1.02886164188385,,2.309040069580078,,0.284349650144577,,0.1832444667816162
,5516.0,3,9.489655349170789e-05,7749,,0.7250090837478638,,2.6191346645355225,,0.285172700881958,,0.18375451862812042
,5600.0,3,9.484137990511954e-05,7799,,0.9105456471443176,,2.4608216285705566,,0.2859545648097992,,0.18430347740650177
,5548.0,3,9.478620631853119e-05,7849,,0.78181391954422,,2.0722992420196533,,0.28668785095214844,,0.18486489355564117
,5436.0,3,9.473103273194283e-05,7899,,1.052714467048645,,2.1970598697662354,,0.2874711751937866,,0.18542449176311493
,5464.0,3,9.467585914535448e-05,7949,,0.984689474105835,,2.5292725563049316,,0.2882126271724701,,0.18594036996364594
,5572.0,3,9.462069283472374e-05,7999,,1.2096961736679077,,2.188610792160034,,0.28900620341300964,,0.1864943653345108
,5592.0,3,9.456551924813539e-05,8049,,0.9502329230308533,,2.044473171234131,,0.2897757291793823,,0.18703021109104156
,5416.0,3,9.451034566154703e-05,8099,,1.0094915628433228,,2.379441261291504,,0.2905037999153137,,0.1875769942998886
,5464.0,3,9.445517207495868e-05,8149,,1.0847749710083008,,2.30277156829834,,0.2912196218967438,,0.1880934238433838
,5428.0,3,9.439999848837033e-05,8199,,1.3123149871826172,,2.259538412094116,,0.2919532358646393,,0.18867376446723938
,5480.0,3,9.434482490178198e-05,8249,,1.3810756206512451,,2.1305911540985107,,0.2926709055900574,,0.18921786546707153
,5508.0,3,9.428965859115124e-05,8299,,1.0962845087051392,,1.9558238983154297,,0.2933734655380249,,0.18975508213043213
,5320.0,3,9.423448500456288e-05,8349,,1.0222446918487549,,2.394899606704712,,0.2941035330295563,,0.190329909324646
,5416.0,3,9.417931141797453e-05,8399,,0.8376420736312866,,2.235964059829712,,0.29480424523353577,,0.1908489316701889
,5400.0,3,9.412413783138618e-05,8449,,1.059409499168396,,2.487732410430908,,0.2955036163330078,,0.19137835502624512
,5500.0,3,9.406896424479783e-05,8499,,1.2260503768920898,,2.503547430038452,,0.29618823528289795,,0.1918884813785553
,5352.0,3,9.401379065820947e-05,8549,,1.1984974145889282,,2.386221408843994,,0.2968987822532654,,0.1924118846654892
,5452.0,3,9.395861707162112e-05,8599,,1.212213158607483,,2.1516036987304688,,0.2975577414035797,,0.19291973114013672
,5500.0,3,9.390345076099038e-05,8649,,0.8722450137138367,,2.1270461082458496,,0.298265278339386,,0.193424791097641
,5384.0,3,9.384827717440203e-05,8699,,1.1384086608886719,,2.181553840637207,,0.29895082116127014,,0.1939215064048767
,5544.0,3,9.379310358781368e-05,8749,,1.2939282655715942,,2.110304355621338,,0.2996406853199005,,0.19441646337509155
,5488.0,3,9.373793000122532e-05,8799,,1.317568063735962,,1.939841866493225,,0.30037468671798706,,0.1949194222688675
,5412.0,3,9.368275641463697e-05,8849,,1.2477377653121948,,2.39373517036438,,0.30101633071899414,,0.19538640975952148
,5452.0,3,9.362758282804862e-05,8899,,1.1436145305633545,,2.418928623199463,,0.3016885221004486,,0.19587968289852142
,5344.0,3,9.357241651741788e-05,8949,,1.2524027824401855,,2.258580446243286,,0.30233830213546753,,0.1963520050048828
,5424.0,3,9.351724293082952e-05,8999,,1.2147860527038574,,2.214594841003418,,0.30299806594848633,,0.1968330442905426
,5440.0,3,9.346206934424117e-05,9049,,1.2027995586395264,,2.309483766555786,,0.3036496937274933,,0.197285458445549
,5452.0,3,9.340689575765282e-05,9099,,0.9473767280578613,,1.9038894176483154,,0.30426546931266785,,0.1977706253528595
,5532.0,3,9.335172217106447e-05,9149,,1.30801260471344,,2.2943780422210693,,0.30490976572036743,,0.1982663869857788
,5508.0,3,9.329654858447611e-05,9199,,1.2472141981124878,,2.2958455085754395,,0.3055195212364197,,0.19869840145111084
,5488.0,3,9.324138227384537e-05,9249,,1.4766817092895508,,1.7265865802764893,,0.3061864674091339,,0.199210524559021
,5540.0,3,9.318620868725702e-05,9299,,1.3204550743103027,,2.1952476501464844,,0.30682173371315,,0.1996990144252777
,5428.0,3,9.313103510066867e-05,9349,,1.5279549360275269,,2.371758460998535,,0.3074740171432495,,0.20019954442977905
,5300.0,3,9.307586151408032e-05,9399,,1.5385528802871704,,2.284428119659424,,0.30812904238700867,,0.20067501068115234
,5452.0,3,9.302068792749196e-05,9449,,1.528261661529541,,1.972472071647644,,0.30877742171287537,,0.20117628574371338
,5452.0,3,9.296551434090361e-05,9499,,1.2689622640609741,,2.0720701217651367,,0.30941885709762573,,0.20162571966648102
,5392.0,3,9.291034803027287e-05,9549,,1.496771216392517,,2.112572431564331,,0.3100121319293976,,0.20208249986171722
,5424.0,3,9.285517444368452e-05,9599,,1.4022691249847412,,2.159791946411133,,0.31060361862182617,,0.2026003897190094
,5532.0,3,9.280000085709617e-05,9649,,1.191433310508728,,2.1517486572265625,,0.3111943304538727,,0.20305216312408447
,5464.0,3,9.274482727050781e-05,9699,,1.4588900804519653,,2.160795211791992,,0.3118431866168976,,0.20353418588638306
,5516.0,3,9.268965368391946e-05,9749,,1.217726707458496,,2.031193971633911,,0.31242460012435913,,0.20398426055908203
,5540.0,3,9.26344800973311e-05,9799,,1.3149908781051636,,2.278974771499634,,0.3130403459072113,,0.2044134885072708
,5344.0,3,9.257931378670037e-05,9849,,1.5944875478744507,,2.3114562034606934,,0.31362852454185486,,0.2048647403717041
,5436.0,3,9.252414020011202e-05,9899,,1.0542441606521606,,2.047607898712158,,0.31417399644851685,,0.20531651377677917
,5356.0,3,9.246896661352366e-05,9949,,1.5339372158050537,,2.1907150745391846,,0.31476980447769165,,0.20576001703739166
,5420.0,3,9.241379302693531e-05,9999,,1.4534368515014648,,2.2835028171539307,,0.31535688042640686,,0.20618247985839844
5465.4765625,,3,,10031,1.1697590351104736,,2.2748007774353027,,0.29959356784820557,,0.19439697265625,
,5464.0,4,9.235861944034696e-05,10049,,1.1990113258361816,,2.3454105854034424,,0.31593799591064453,,0.20658619701862335
,5476.0,4,9.23034458537586e-05,10099,,1.4123045206069946,,2.637907028198242,,0.3165418803691864,,0.20706969499588013
,5548.0,4,9.224827226717025e-05,10149,,1.5514227151870728,,2.634675979614258,,0.3171689808368683,,0.20753858983516693
,5500.0,4,9.219310595653951e-05,10199,,1.4398539066314697,,2.1854143142700195,,0.3177434206008911,,0.2079705148935318
,5348.0,4,9.213793236995116e-05,10249,,1.354902982711792,,2.3387162685394287,,0.3183215856552124,,0.20841452479362488
,5500.0,4,9.20827587833628e-05,10299,,1.5717161893844604,,2.130075454711914,,0.3188801407814026,,0.20882126688957214
,5456.0,4,9.202758519677445e-05,10349,,1.4757870435714722,,2.1094963550567627,,0.31947773694992065,,0.20928733050823212
,5488.0,4,9.19724116101861e-05,10399,,1.7516849040985107,,2.4233322143554688,,0.32006919384002686,,0.20973996818065643
,5468.0,4,9.191723802359775e-05,10449,,1.2576284408569336,,2.1894078254699707,,0.32062646746635437,,0.210164874792099
,5384.0,4,9.186207171296701e-05,10499,,1.3900796175003052,,1.9035850763320923,,0.3212229907512665,,0.21062906086444855
,5372.0,4,9.180689812637866e-05,10549,,1.3734666109085083,,2.3902196884155273,,0.32180923223495483,,0.21109704673290253
,5424.0,4,9.17517245397903e-05,10599,,1.413994550704956,,2.384830951690674,,0.32232335209846497,,0.21153022348880768
,5492.0,4,9.169655095320195e-05,10649,,1.651557445526123,,2.137491226196289,,0.32285642623901367,,0.21198144555091858
,5448.0,4,9.16413773666136e-05,10699,,1.7841508388519287,,2.1422479152679443,,0.32339969277381897,,0.21240514516830444
,5396.0,4,9.158620378002524e-05,10749,,1.5734349489212036,,2.2522878646850586,,0.32393553853034973,,0.21284830570220947
,5524.0,4,9.15310374693945e-05,10799,,1.190922498703003,,2.068692445755005,,0.32448017597198486,,0.2132319211959839
,5448.0,4,9.147586388280615e-05,10849,,1.3535889387130737,,1.8939601182937622,,0.32503044605255127,,0.21364255249500275
,5488.0,4,9.14206902962178e-05,10899,,1.726660132408142,,2.2831389904022217,,0.3255596458911896,,0.21408386528491974
,5412.0,4,9.136551670962945e-05,10949,,1.629563808441162,,2.178920030593872,,0.326096773147583,,0.21450993418693542
,5520.0,4,9.13103431230411e-05,10999,,1.539642095565796,,1.6768863201141357,,0.32662710547447205,,0.21494153141975403
,5324.0,4,9.125516953645274e-05,11049,,1.8415262699127197,,2.350004196166992,,0.3271986246109009,,0.21537427604198456
,5504.0,4,9.1200003225822e-05,11099,,1.5616086721420288,,2.040679931640625,,0.32767951488494873,,0.2157725691795349
,5476.0,4,9.114482963923365e-05,11149,,1.675571084022522,,2.229217290878296,,0.32820942997932434,,0.21620318293571472
,5464.0,4,9.10896560526453e-05,11199,,1.7403113842010498,,2.2194089889526367,,0.3287373483181,,0.21663469076156616
,5404.0,4,9.103448246605694e-05,11249,,1.7450369596481323,,2.4368138313293457,,0.32925236225128174,,0.21704714000225067
,5468.0,4,9.097930887946859e-05,11299,,1.5906120538711548,,2.437351942062378,,0.32975804805755615,,0.21745750308036804
,5464.0,4,9.092413529288024e-05,11349,,1.0840034484863281,,2.0415894985198975,,0.33025968074798584,,0.21788229048252106
,5448.0,4,9.08689689822495e-05,11399,,1.7660313844680786,,2.134066581726074,,0.330779492855072,,0.21827153861522675
,5412.0,4,9.081379539566115e-05,11449,,1.439922571182251,,2.441570520401001,,0.33124688267707825,,0.21870459616184235
,5536.0,4,9.075862180907279e-05,11499,,1.7486302852630615,,1.9234291315078735,,0.33176714181900024,,0.21909761428833008
,5452.0,4,9.070344822248444e-05,11549,,2.0269393920898438,,1.8508591651916504,,0.33225178718566895,,0.21948282420635223
,5412.0,4,9.064827463589609e-05,11599,,2.0912675857543945,,2.4245951175689697,,0.33277496695518494,,0.21987959742546082
,5492.0,4,9.059310104930773e-05,11649,,2.1054911613464355,,1.927594780921936,,0.3332567512989044,,0.22025924921035767
,5532.0,4,9.053792746271938e-05,11699,,2.416146993637085,,1.6490522623062134,,0.3337562084197998,,0.22066573798656464
,5456.0,4,9.048276115208864e-05,11749,,1.7488774061203003,,2.1566579341888428,,0.33423691987991333,,0.22104448080062866
,5480.0,4,9.042758756550029e-05,11799,,2.1614558696746826,,2.0168609619140625,,0.33468884229660034,,0.2214176207780838
,5372.0,4,9.037241397891194e-05,11849,,1.8218988180160522,,2.0302326679229736,,0.33517253398895264,,0.22178597748279572
,5456.0,4,9.031724039232358e-05,11899,,1.826958179473877,,2.0625357627868652,,0.33564460277557373,,0.22217561304569244
,5444.0,4,9.026206680573523e-05,11949,,1.8976331949234009,,2.1252355575561523,,0.33614683151245117,,0.22257284820079803
,5424.0,4,9.020689321914688e-05,11999,,1.6158411502838135,,2.1231040954589844,,0.3366008400917053,,0.22297507524490356
,5568.0,4,9.015172690851614e-05,12049,,1.826387643814087,,1.8779182434082031,,0.33706772327423096,,0.22336633503437042
,5600.0,4,9.009655332192779e-05,12099,,1.1905745267868042,,2.0504705905914307,,0.33752191066741943,,0.22377817332744598
,5448.0,4,9.004137973533943e-05,12149,,2.0127177238464355,,1.8973932266235352,,0.33798685669898987,,0.2241859883069992
,5464.0,4,8.998620614875108e-05,12199,,2.1728665828704834,,2.3576600551605225,,0.3384605944156647,,0.22459840774536133
,5520.0,4,8.993103256216273e-05,12249,,2.3089847564697266,,1.8797094821929932,,0.33893975615501404,,0.22501550614833832
,5580.0,4,8.987585897557437e-05,12299,,1.756974458694458,,2.2110304832458496,,0.3394038677215576,,0.22538429498672485
,5384.0,4,8.982069266494364e-05,12349,,2.187901020050049,,2.442845582962036,,0.3398858904838562,,0.22577990591526031
,5468.0,4,8.976551907835528e-05,12399,,1.7732834815979004,,1.7347851991653442,,0.34033331274986267,,0.2261669933795929
,5416.0,4,8.971034549176693e-05,12449,,1.9277523756027222,,1.9193545579910278,,0.3408215641975403,,0.2265673726797104
,5396.0,4,8.965517190517858e-05,12499,,2.1046433448791504,,2.1601476669311523,,0.3412715196609497,,0.22694920003414154
5460.19580078125,,4,,12539,1.7544678449630737,,2.1155173778533936,,0.3293094336986542,,0.21716083586215973,
,5444.0,5,8.959999831859022e-05,12549,,2.0176234245300293,,1.9551581144332886,,0.34175369143486023,,0.22735485434532166
,5536.0,5,8.954482473200187e-05,12599,,1.9671390056610107,,1.827025055885315,,0.3422256410121918,,0.22773319482803345
,5532.0,5,8.948965842137113e-05,12649,,2.2588069438934326,,2.0597896575927734,,0.34269627928733826,,0.22813136875629425
,5408.0,5,8.943448483478278e-05,12699,,1.9170427322387695,,1.9169496297836304,,0.34315410256385803,,0.22849684953689575
,5536.0,5,8.937931124819443e-05,12749,,1.8367899656295776,,1.8437316417694092,,0.34363481402397156,,0.22886709868907928
,5468.0,5,8.932413766160607e-05,12799,,2.3061444759368896,,1.945859670639038,,0.3440784811973572,,0.22925586998462677
,5408.0,5,8.926896407501772e-05,12849,,1.560926079750061,,2.0108156204223633,,0.3445071280002594,,0.22960959374904633
,5436.0,5,8.921379048842937e-05,12899,,2.40031099319458,,1.8102521896362305,,0.34493839740753174,,0.22997833788394928
,5484.0,5,8.915862417779863e-05,12949,,2.2361326217651367,,2.3243050575256348,,0.34537988901138306,,0.23036473989486694
,5472.0,5,8.910345059121028e-05,12999,,2.403209686279297,,2.023211717605591,,0.34581223130226135,,0.23073403537273407
,5388.0,5,8.904827700462192e-05,13049,,2.1706182956695557,,1.6900407075881958,,0.3462526798248291,,0.23114779591560364
,5440.0,5,8.899310341803357e-05,13099,,1.4155237674713135,,2.4095678329467773,,0.3466951847076416,,0.2315572202205658
,5412.0,5,8.893792983144522e-05,13149,,2.3242745399475098,,2.3926734924316406,,0.34713849425315857,,0.2319270372390747
,5548.0,5,8.888275624485686e-05,13199,,2.511949300765991,,1.7824162244796753,,0.34754055738449097,,0.23228339850902557
,5448.0,5,8.882758265826851e-05,13249,,2.5854146480560303,,2.2373111248016357,,0.34797054529190063,,0.23265443742275238
,5380.0,5,8.877241634763777e-05,13299,,2.4309005737304688,,2.0491645336151123,,0.34840360283851624,,0.23299840092658997
,5420.0,5,8.871724276104942e-05,13349,,2.5945067405700684,,1.9138269424438477,,0.34883561730384827,,0.23335589468479156
,5404.0,5,8.866206917446107e-05,13399,,2.478128433227539,,1.5745341777801514,,0.34925198554992676,,0.23371551930904388
,5488.0,5,8.860689558787271e-05,13449,,2.3839030265808105,,2.161763906478882,,0.3496749997138977,,0.23405465483665466
,5480.0,5,8.855172200128436e-05,13499,,2.060757875442505,,1.6708587408065796,,0.3501007854938507,,0.23439690470695496
,5528.0,5,8.849654841469601e-05,13549,,2.346168041229248,,1.6325721740722656,,0.3505062460899353,,0.2347412109375
,5436.0,5,8.844138210406527e-05,13599,,2.481219530105591,,2.0497422218322754,,0.3509387969970703,,0.235097274184227
,5432.0,5,8.838620851747692e-05,13649,,2.5628249645233154,,2.141977071762085,,0.35132116079330444,,0.2354285717010498
,5484.0,5,8.833103493088856e-05,13699,,2.841623544692993,,1.8206477165222168,,0.35174447298049927,,0.23578177392482758
,5492.0,5,8.827586134430021e-05,13749,,2.144327163696289,,2.0175931453704834,,0.35216426849365234,,0.2361477017402649
,5524.0,5,8.822068775771186e-05,13799,,2.293046474456787,,1.9088107347488403,,0.3525630235671997,,0.23648378252983093
,5520.0,5,8.81655141711235e-05,13849,,2.3248894214630127,,2.2237155437469482,,0.35295963287353516,,0.23681649565696716
,5376.0,5,8.811034786049277e-05,13899,,2.220815420150757,,1.8112037181854248,,0.35335662961006165,,0.2371606081724167
,5416.0,5,8.805517427390441e-05,13949,,2.6510074138641357,,1.9304990768432617,,0.3537438213825226,,0.23749716579914093
,5532.0,5,8.800000068731606e-05,13999,,2.7189817428588867,,2.2644248008728027,,0.35412898659706116,,0.23783615231513977
,5520.0,5,8.794482710072771e-05,14049,,2.4159443378448486,,2.017193555831909,,0.3545134961605072,,0.23817571997642517
,5428.0,5,8.788965351413935e-05,14099,,2.962346076965332,,1.7891664505004883,,0.354890912771225,,0.23851937055587769
,5388.0,5,8.7834479927551e-05,14149,,2.8300368785858154,,2.2962779998779297,,0.3552643656730652,,0.23883138597011566
,5392.0,5,8.777931361692026e-05,14199,,3.189208745956421,,1.8991551399230957,,0.3556264638900757,,0.23917251825332642
,5488.0,5,8.772414003033191e-05,14249,,2.8663442134857178,,1.9423121213912964,,0.35601332783699036,,0.23949164152145386
,5368.0,5,8.766896644374356e-05,14299,,2.780510425567627,,2.233213186264038,,0.3564053177833557,,0.23982767760753632
,5460.0,5,8.76137928571552e-05,14349,,2.326667547225952,,1.9641451835632324,,0.3567790985107422,,0.2401164472103119
,5468.0,5,8.755861927056685e-05,14399,,2.1822264194488525,,2.0748860836029053,,0.35716068744659424,,0.24044328927993774
,5460.0,5,8.75034456839785e-05,14449,,2.381455659866333,,1.6587495803833008,,0.3575358986854553,,0.24077287316322327
,5464.0,5,8.744827937334776e-05,14499,,2.6204004287719727,,2.018887758255005,,0.35788586735725403,,0.24109645187854767
,5508.0,5,8.73931057867594e-05,14549,,2.2255754470825195,,2.1496002674102783,,0.3582398593425751,,0.24144138395786285
,5444.0,5,8.733793220017105e-05,14599,,2.971179723739624,,1.940724492073059,,0.35860663652420044,,0.24177169799804688
,5440.0,5,8.72827586135827e-05,14649,,3.455622673034668,,2.130462884902954,,0.358998566865921,,0.2421056032180786
,5476.0,5,8.722758502699435e-05,14699,,2.2328407764434814,,2.40267276763916,,0.35935258865356445,,0.24242043495178223
,5560.0,5,8.7172411440406e-05,14749,,2.2007710933685303,,1.9439860582351685,,0.35973620414733887,,0.24274428188800812
,5520.0,5,8.711723785381764e-05,14799,,2.749958038330078,,2.2258553504943848,,0.3600984811782837,,0.24306300282478333
,5484.0,5,8.70620715431869e-05,14849,,3.371415615081787,,2.169293165206909,,0.36045897006988525,,0.24338825047016144
,5448.0,5,8.700689795659855e-05,14899,,2.77058744430542,,1.8259143829345703,,0.3608189523220062,,0.24370166659355164
,5356.0,5,8.69517243700102e-05,14949,,2.354210615158081,,2.2150607109069824,,0.36117690801620483,,0.2439824640750885
,5432.0,5,8.689655078342184e-05,14999,,2.479280471801758,,1.952343463897705,,0.36153340339660645,,0.24427050352096558
5461.58740234375,,5,,15047,2.500401020050049,,2.0044753551483154,,0.3522550165653229,,0.23627804219722748,
,5504.0,6,8.684137719683349e-05,15049,,2.763012409210205,,2.229064464569092,,0.361899733543396,,0.24454957246780396
,5396.0,6,8.678620361024514e-05,15099,,3.0893993377685547,,1.9039111137390137,,0.3622804880142212,,0.2448851764202118
,5448.0,6,8.67310372996144e-05,15149,,2.627767324447632,,1.956351637840271,,0.36262863874435425,,0.24520109593868256
,5456.0,6,8.667586371302605e-05,15199,,2.3206820487976074,,2.1599929332733154,,0.3629838228225708,,0.24552586674690247
,5484.0,6,8.66206901264377e-05,15249,,3.0826127529144287,,2.0217697620391846,,0.3633156418800354,,0.24583204090595245
,5492.0,6,8.656551653984934e-05,15299,,3.51245379447937,,1.8128007650375366,,0.36369502544403076,,0.2461622953414917
,5460.0,6,8.651034295326099e-05,15349,,3.533921480178833,,1.8931763172149658,,0.3640623390674591,,0.2464798390865326
,5480.0,6,8.645516936667264e-05,15399,,4.021006107330322,,1.7980066537857056,,0.3644285798072815,,0.24679654836654663
,5472.0,6,8.64000030560419e-05,15449,,3.1462395191192627,,2.196359157562256,,0.36477452516555786,,0.24710522592067719
,5448.0,6,8.634482946945354e-05,15499,,3.556004762649536,,1.6025422811508179,,0.3651300072669983,,0.24742662906646729
,5504.0,6,8.628965588286519e-05,15549,,2.541093349456787,,2.088639497756958,,0.36549463868141174,,0.24773848056793213
,5456.0,6,8.623448229627684e-05,15599,,3.4235196113586426,,1.4901081323623657,,0.3658437430858612,,0.24804292619228363
,5516.0,6,8.617930870968848e-05,15649,,2.8986599445343018,,2.1781516075134277,,0.3662031888961792,,0.24834872782230377
,5496.0,6,8.612413512310013e-05,15699,,3.901521682739258,,2.116654634475708,,0.3665361702442169,,0.2486654669046402
,5536.0,6,8.606896881246939e-05,15749,,1.5972901582717896,,1.642364501953125,,0.3668692708015442,,0.24897857010364532
,5476.0,6,8.601379522588104e-05,15799,,3.1991324424743652,,2.0091426372528076,,0.36719250679016113,,0.24927347898483276
,5460.0,6,8.595862163929269e-05,15849,,3.5478410720825195,,1.6752866506576538,,0.367534875869751,,0.24958406388759613
,5440.0,6,8.590344805270433e-05,15899,,3.428187370300293,,2.0264413356781006,,0.3678939640522003,,0.2498885542154312
,5468.0,6,8.584827446611598e-05,15949,,3.472933769226074,,2.0482654571533203,,0.36822474002838135,,0.2501761317253113
,5440.0,6,8.579310087952763e-05,15999,,2.132878303527832,,1.6564114093780518,,0.36857229471206665,,0.2504444122314453
,5456.0,6,8.573793456889689e-05,16049,,3.366029739379883,,2.119262933731079,,0.3689044713973999,,0.25074392557144165
,5604.0,6,8.568276098230854e-05,16099,,3.7912967205047607,,1.8192822933197021,,0.3692319989204407,,0.25104063749313354
,5468.0,6,8.562758739572018e-05,16149,,3.305070161819458,,1.9201701879501343,,0.3695702850818634,,0.2513272762298584
,5508.0,6,8.557241380913183e-05,16199,,3.533169984817505,,2.0752933025360107,,0.36989378929138184,,0.25164151191711426
,5400.0,6,8.551724022254348e-05,16249,,3.623811960220337,,1.8833744525909424,,0.37021440267562866,,0.25192469358444214
,5464.0,6,8.546206663595513e-05,16299,,2.565340042114258,,1.9949452877044678,,0.37054359912872314,,0.25219932198524475
,5412.0,6,8.540689304936677e-05,16349,,3.0345916748046875,,1.7547743320465088,,0.370863139629364,,0.2525169551372528
,5340.0,6,8.535172673873603e-05,16399,,3.301802635192871,,2.0664451122283936,,0.3711801767349243,,0.2528133988380432
,5360.0,6,8.529655315214768e-05,16449,,3.0927679538726807,,2.2212929725646973,,0.37148523330688477,,0.2531083822250366
,5524.0,6,8.524137956555933e-05,16499,,4.071946620941162,,1.7745330333709717,,0.37181147933006287,,0.2533739507198334
,5528.0,6,8.518620597897097e-05,16549,,3.195887565612793,,2.0319008827209473,,0.3721136450767517,,0.25366419553756714
,5484.0,6,8.513103239238262e-05,16599,,3.7799477577209473,,1.3893834352493286,,0.3724154829978943,,0.25394803285598755
,5516.0,6,8.507585880579427e-05,16649,,3.6409547328948975,,2.033573627471924,,0.37272536754608154,,0.2542169988155365
,5500.0,6,8.502069249516353e-05,16699,,4.2400007247924805,,1.8183382749557495,,0.37303245067596436,,0.25447148084640503
,5520.0,6,8.496551890857518e-05,16749,,3.4779834747314453,,1.6991926431655884,,0.37333905696868896,,0.25474098324775696
,5484.0,6,8.491034532198682e-05,16799,,3.431044816970825,,1.6671113967895508,,0.37362736463546753,,0.255018949508667
,5496.0,6,8.485517173539847e-05,16849,,3.782426118850708,,1.8565057516098022,,0.37391412258148193,,0.2552894949913025
,5496.0,6,8.479999814881012e-05,16899,,3.9627625942230225,,2.005906105041504,,0.37420663237571716,,0.2555646300315857
,5416.0,6,8.474482456222177e-05,16949,,3.3497204780578613,,1.685715675354004,,0.3745156228542328,,0.25584888458251953
,5452.0,6,8.468965825159103e-05,16999,,3.9612457752227783,,1.6409624814987183,,0.37485039234161377,,0.25614282488822937
,5468.0,6,8.463448466500267e-05,17049,,3.9833247661590576,,1.7535018920898438,,0.37516945600509644,,0.2564174234867096
,5476.0,6,8.457931107841432e-05,17099,,4.00825309753418,,1.928772211074829,,0.3754716217517853,,0.2566990852355957
,5484.0,6,8.452413749182597e-05,17149,,3.0761122703552246,,1.9360755681991577,,0.375769704580307,,0.25696036219596863
,5484.0,6,8.446896390523762e-05,17199,,2.8056013584136963,,2.144927740097046,,0.3760673403739929,,0.2572225034236908
,5460.0,6,8.441379031864926e-05,17249,,4.203017234802246,,2.1504716873168945,,0.37638261914253235,,0.25751030445098877
,5496.0,6,8.435862400801852e-05,17299,,3.69657301902771,,2.0428950786590576,,0.376656711101532,,0.2577771842479706
,5516.0,6,8.430345042143017e-05,17349,,4.209144592285156,,2.0013957023620605,,0.37695392966270447,,0.25805193185806274
,5448.0,6,8.424827683484182e-05,17399,,4.326142311096191,,1.9215768575668335,,0.37724316120147705,,0.2583306133747101
,5360.0,6,8.419310324825346e-05,17449,,4.7523040771484375,,1.8526235818862915,,0.3775467276573181,,0.258598655462265
,5468.0,6,8.413792966166511e-05,17499,,3.3923497200012207,,1.939017653465271,,0.3778495192527771,,0.2588678300380707
,5444.0,6,8.408275607507676e-05,17549,,5.039211273193359,,1.8302574157714844,,0.3781622350215912,,0.25915223360061646
5463.76953125,,6,,17555,3.482860565185547,,1.9189900159835815,,0.3703695237636566,,0.25210878252983093,
,5464.0,7,8.402758976444602e-05,17599,,5.2101664543151855,,2.063051700592041,,0.37848567962646484,,0.25941523909568787
,5408.0,7,8.397241617785767e-05,17649,,4.432647228240967,,2.206605911254883,,0.37879830598831177,,0.2596871554851532
,5400.0,7,8.391724259126931e-05,17699,,4.855714321136475,,1.5173323154449463,,0.37910357117652893,,0.25993043184280396
,5464.0,7,8.386206900468096e-05,17749,,5.0917134284973145,,2.0093846321105957,,0.37942227721214294,,0.2602022886276245
,5464.0,7,8.380689541809261e-05,17799,,3.940277576446533,,1.9744576215744019,,0.37972623109817505,,0.2604728639125824
,5468.0,7,8.375172183150426e-05,17849,,4.1072540283203125,,1.6105421781539917,,0.3800143003463745,,0.2607453465461731
,5500.0,7,8.36965482449159e-05,17899,,4.235901832580566,,2.0466513633728027,,0.38030365109443665,,0.26101887226104736
,5464.0,7,8.364138193428516e-05,17949,,5.019288063049316,,1.572080135345459,,0.38059961795806885,,0.2612799108028412
,5456.0,7,8.358620834769681e-05,17999,,4.83186674118042,,1.7856180667877197,,0.3808804750442505,,0.26154428720474243
,5428.0,7,8.353103476110846e-05,18049,,4.556081295013428,,1.668914556503296,,0.3811553716659546,,0.2618127167224884
,5452.0,7,8.34758611745201e-05,18099,,5.245236396789551,,1.7529056072235107,,0.3814442753791809,,0.26209062337875366
,5512.0,7,8.342068758793175e-05,18149,,2.5479674339294434,,1.612863540649414,,0.3817092180252075,,0.2623482942581177
,5516.0,7,8.33655140013434e-05,18199,,4.0315117835998535,,1.8823323249816895,,0.38198813796043396,,0.26261019706726074
,5336.0,7,8.331034769071266e-05,18249,,4.310514450073242,,1.7792176008224487,,0.38227903842926025,,0.26287633180618286
,5420.0,7,8.325517410412431e-05,18299,,5.027427673339844,,1.7089306116104126,,0.3825503885746002,,0.26313167810440063
,5472.0,7,8.320000051753595e-05,18349,,4.849496841430664,,1.89230215549469,,0.3828269839286804,,0.26339754462242126
,5508.0,7,8.31448269309476e-05,18399,,5.256013870239258,,1.708451509475708,,0.38310566544532776,,0.26367083191871643
,5432.0,7,8.308965334435925e-05,18449,,4.404794692993164,,1.8774834871292114,,0.38336998224258423,,0.2639346718788147
,5492.0,7,8.30344797577709e-05,18499,,4.913931369781494,,1.9733690023422241,,0.3836546838283539,,0.26418939232826233
,5456.0,7,8.297931344714016e-05,18549,,5.130541801452637,,1.6100021600723267,,0.3839014768600464,,0.2644229233264923
,5452.0,7,8.29241398605518e-05,18599,,4.378427028656006,,1.8797008991241455,,0.38416025042533875,,0.2646830976009369
,5420.0,7,8.286896627396345e-05,18649,,3.5938944816589355,,1.9329348802566528,,0.38443464040756226,,0.26492321491241455
,5436.0,7,8.28137926873751e-05,18699,,4.526129722595215,,2.086592197418213,,0.38469982147216797,,0.2651509940624237
,5412.0,7,8.275861910078675e-05,18749,,3.170576333999634,,1.807559847831726,,0.38496291637420654,,0.26539018750190735
,5460.0,7,8.270344551419839e-05,18799,,4.301058292388916,,2.256294012069702,,0.38522976636886597,,0.2656414210796356
,5460.0,7,8.264827920356765e-05,18849,,3.891484498977661,,2.1329150199890137,,0.38548731803894043,,0.26589053869247437
,5492.0,7,8.25931056169793e-05,18899,,4.530517101287842,,1.330082654953003,,0.3857463598251343,,0.2661384344100952
,5508.0,7,8.253793203039095e-05,18949,,4.543698787689209,,1.706041932106018,,0.3860151767730713,,0.266382098197937
,5412.0,7,8.24827584438026e-05,18999,,4.6058149337768555,,1.9732189178466797,,0.38627544045448303,,0.266631543636322
,5452.0,7,8.242758485721424e-05,19049,,5.015042781829834,,1.5911502838134766,,0.3865357041358948,,0.26687678694725037
,5452.0,7,8.237241127062589e-05,19099,,4.400460720062256,,2.0229146480560303,,0.3868083357810974,,0.2671208679676056
,5584.0,7,8.231724495999515e-05,19149,,4.8925604820251465,,1.531162142753601,,0.38705241680145264,,0.2673600912094116
,5464.0,7,8.22620713734068e-05,19199,,4.5824689865112305,,1.5120487213134766,,0.3873046040534973,,0.2676265835762024
,5468.0,7,8.220689778681844e-05,19249,,3.3191535472869873,,1.6342450380325317,,0.38754865527153015,,0.26786649227142334
,5484.0,7,8.215172420023009e-05,19299,,3.6767172813415527,,1.453052282333374,,0.38781630992889404,,0.2681197226047516
,5496.0,7,8.209655061364174e-05,19349,,4.943760871887207,,1.8225386142730713,,0.38807594776153564,,0.2683561146259308
,5404.0,7,8.204137702705339e-05,19399,,5.013251304626465,,1.6903393268585205,,0.3883270025253296,,0.26861023902893066
,5484.0,7,8.198620344046503e-05,19449,,4.485974311828613,,2.030940532684326,,0.3885883390903473,,0.2688320577144623
,5440.0,7,8.19310371298343e-05,19499,,5.080744743347168,,1.8430012464523315,,0.38883551955223083,,0.26906391978263855
,5468.0,7,8.187586354324594e-05,19549,,4.808838844299316,,1.6550685167312622,,0.3890877962112427,,0.2693054676055908
,5500.0,7,8.182068995665759e-05,19599,,5.6194562911987305,,1.6932028532028198,,0.38933879137039185,,0.26955124735832214
,5332.0,7,8.176551637006924e-05,19649,,4.6250691413879395,,2.1372592449188232,,0.38959360122680664,,0.26978182792663574
,5492.0,7,8.171034278348088e-05,19699,,5.817982196807861,,1.5137819051742554,,0.3898692727088928,,0.27002960443496704
,5356.0,7,8.165516919689253e-05,19749,,6.034090518951416,,1.7200226783752441,,0.3901280164718628,,0.2702515125274658
,5368.0,7,8.160000288626179e-05,19799,,4.686318874359131,,2.0538434982299805,,0.39038896560668945,,0.27048033475875854
,5452.0,7,8.154482929967344e-05,19849,,5.985494136810303,,1.6296273469924927,,0.3906192481517792,,0.27072685956954956
,5540.0,7,8.148965571308509e-05,19899,,5.519601821899414,,1.7302242517471313,,0.3908843696117401,,0.2709498703479767
,5512.0,7,8.143448212649673e-05,19949,,4.804144859313965,,2.0357236862182617,,0.39111363887786865,,0.27117371559143066
,5380.0,7,8.137930853990838e-05,19999,,6.057443141937256,,1.7934361696243286,,0.39135608077049255,,0.2714175581932068
,5484.0,7,8.132413495332003e-05,20049,,5.259957313537598,,1.7737584114074707,,0.39160019159317017,,0.27164191007614136
5461.90087890625,,7,,20063,4.532331466674805,,1.8696140050888062,,0.3851950168609619,,0.2656295597553253,
,5420.0,8,8.126896864268929e-05,20099,,5.504706859588623,,1.768642544746399,,0.39183658361434937,,0.2718636691570282
,5532.0,8,8.121379505610093e-05,20149,,6.271026611328125,,1.7444219589233398,,0.3920803666114807,,0.2720920443534851
,5492.0,8,8.115862146951258e-05,20199,,5.4183244705200195,,1.8206754922866821,,0.39232441782951355,,0.2723257541656494
,5492.0,8,8.110344788292423e-05,20249,,3.9265942573547363,,2.2778029441833496,,0.3925555646419525,,0.27254775166511536
,5416.0,8,8.104827429633588e-05,20299,,4.758121490478516,,2.175508975982666,,0.392813503742218,,0.2727617621421814
,5380.0,8,8.099310070974752e-05,20349,,4.938205242156982,,1.842166543006897,,0.393065482378006,,0.27301353216171265
,5464.0,8,8.093793439911678e-05,20399,,3.7377870082855225,,1.8128350973129272,,0.39330485463142395,,0.273244172334671
,5532.0,8,8.088276081252843e-05,20449,,6.022418975830078,,1.7077841758728027,,0.3935455083847046,,0.2734489440917969
,5328.0,8,8.082758722594008e-05,20499,,5.662661552429199,,1.8856463432312012,,0.3937896490097046,,0.2736535966396332
,5448.0,8,8.077241363935173e-05,20549,,6.336404800415039,,1.7912657260894775,,0.3940376043319702,,0.27387040853500366
,5540.0,8,8.071724005276337e-05,20599,,5.786722183227539,,1.832852840423584,,0.39428770542144775,,0.2740820050239563
,5472.0,8,8.066206646617502e-05,20649,,5.665740013122559,,1.7229971885681152,,0.3945135772228241,,0.2742912769317627
,5456.0,8,8.060690015554428e-05,20699,,4.605042457580566,,1.7728508710861206,,0.3947526216506958,,0.27451416850090027
,5560.0,8,8.055172656895593e-05,20749,,4.5406413078308105,,1.9379515647888184,,0.39497506618499756,,0.2747277021408081
,5500.0,8,8.049655298236758e-05,20799,,5.603778839111328,,1.913826584815979,,0.39520639181137085,,0.2749548554420471
,5468.0,8,8.044137939577922e-05,20849,,4.909056186676025,,1.598994493484497,,0.39544856548309326,,0.27517837285995483
,5488.0,8,8.038620580919087e-05,20899,,6.132622718811035,,2.138636827468872,,0.39566513895988464,,0.27539893984794617
,5456.0,8,8.033103222260252e-05,20949,,5.39180326461792,,1.6676087379455566,,0.395918607711792,,0.27561458945274353
,5516.0,8,8.027585863601416e-05,20999,,6.031107425689697,,1.6323175430297852,,0.3961373567581177,,0.2758294939994812
,5360.0,8,8.022069232538342e-05,21049,,5.338428020477295,,1.95635986328125,,0.39636731147766113,,0.27605098485946655
,5524.0,8,8.016551873879507e-05,21099,,4.820591449737549,,1.9124385118484497,,0.3966001868247986,,0.2762954533100128
,5408.0,8,8.011034515220672e-05,21149,,7.43460750579834,,1.8569387197494507,,0.3968212604522705,,0.2765137851238251
,5420.0,8,8.005517156561837e-05,21199,,5.087828636169434,,2.028646945953369,,0.39705389738082886,,0.27673372626304626
,5484.0,8,7.999999797903001e-05,21249,,5.891022682189941,,2.1270248889923096,,0.3972858190536499,,0.2769472301006317
,5448.0,8,7.994482439244166e-05,21299,,4.340001106262207,,1.4981482028961182,,0.3975129723548889,,0.2771666646003723
,5444.0,8,7.988965808181092e-05,21349,,6.40423059463501,,1.8330751657485962,,0.39773958921432495,,0.2773882746696472
,5436.0,8,7.983448449522257e-05,21399,,6.255068778991699,,1.9210221767425537,,0.3979502320289612,,0.2776237428188324
,5492.0,8,7.977931090863422e-05,21449,,5.591485023498535,,1.7206766605377197,,0.39816877245903015,,0.2778342366218567
,5488.0,8,7.972413732204586e-05,21499,,5.713925361633301,,1.8003153800964355,,0.39840373396873474,,0.2780269384384155
,5432.0,8,7.966896373545751e-05,21549,,5.856720447540283,,2.1019036769866943,,0.3986113369464874,,0.27822914719581604
,5560.0,8,7.961379014886916e-05,21599,,6.8826775550842285,,1.927384614944458,,0.3988284170627594,,0.2784370183944702
,5520.0,8,7.955862383823842e-05,21649,,6.86978006362915,,1.7672309875488281,,0.3990318775177002,,0.2786601185798645
,5576.0,8,7.950345025165007e-05,21699,,4.570824146270752,,1.698783040046692,,0.39924630522727966,,0.2788892388343811
,5440.0,8,7.944827666506171e-05,21749,,6.650539875030518,,1.9127370119094849,,0.3994722366333008,,0.2791008949279785
,5400.0,8,7.939310307847336e-05,21799,,4.736210823059082,,1.882697343826294,,0.39969345927238464,,0.2793010473251343
,5508.0,8,7.9337929491885e-05,21849,,5.327535629272461,,1.7851279973983765,,0.3999076187610626,,0.27950894832611084
,5428.0,8,7.928275590529665e-05,21899,,6.3407745361328125,,1.4714996814727783,,0.40012046694755554,,0.2796950340270996
,5552.0,8,7.922758959466591e-05,21949,,6.604611873626709,,1.8666898012161255,,0.40035152435302734,,0.27988478541374207
,5556.0,8,7.917241600807756e-05,21999,,6.136232376098633,,1.8157432079315186,,0.40057072043418884,,0.28007739782333374
,5476.0,8,7.911724242148921e-05,22049,,6.417579650878906,,1.8132470846176147,,0.4007951617240906,,0.28028571605682373
,5524.0,8,7.906206883490086e-05,22099,,5.755037307739258,,1.6529158353805542,,0.4010159969329834,,0.28050386905670166
,5464.0,8,7.90068952483125e-05,22149,,5.624917030334473,,1.7483344078063965,,0.4012342691421509,,0.28072842955589294
,5436.0,8,7.895172166172415e-05,22199,,5.763275146484375,,1.9767791032791138,,0.4014435410499573,,0.28093719482421875
,5480.0,8,7.889655535109341e-05,22249,,5.923768520355225,,1.847845196723938,,0.4016495943069458,,0.2811506986618042
,5436.0,8,7.884138176450506e-05,22299,,6.5935750007629395,,1.6545506715774536,,0.4018564522266388,,0.28135713934898376
,5428.0,8,7.87862081779167e-05,22349,,6.245063304901123,,1.5028762817382812,,0.40207070112228394,,0.28154414892196655
,5524.0,8,7.873103459132835e-05,22399,,7.452914714813232,,1.358115792274475,,0.40227705240249634,,0.28175026178359985
,5572.0,8,7.867586100474e-05,22449,,5.774665355682373,,1.737881064414978,,0.40248072147369385,,0.2819385826587677
,5380.0,8,7.862068741815165e-05,22499,,5.416295051574707,,1.9461591243743896,,0.40267127752304077,,0.2821388244628906
,5508.0,8,7.85655138315633e-05,22549,,6.0859246253967285,,2.0749871730804443,,0.402885377407074,,0.28234776854515076
5463.2021484375,,8,,22571,5.6008620262146,,1.8227832317352295,,0.3975073993206024,,0.2771872878074646,
,5564.0,9,7.851034752093256e-05,22599,,6.2279157638549805,,1.9383544921875,,0.4030786454677582,,0.2825610935688019
,5516.0,9,7.84551739343442e-05,22649,,5.626943111419678,,2.1084342002868652,,0.40329509973526,,0.28278034925460815
,5456.0,9,7.840000034775585e-05,22699,,6.864537239074707,,1.7172343730926514,,0.40349987149238586,,0.2829817831516266
,5468.0,9,7.83448267611675e-05,22749,,6.019433498382568,,1.8686771392822266,,0.40371173620224,,0.28318852186203003
,5444.0,9,7.828965317457914e-05,22799,,5.860125541687012,,1.8172755241394043,,0.4039219319820404,,0.283389687538147
,5440.0,9,7.823447958799079e-05,22849,,6.746694564819336,,1.9261971712112427,,0.404124915599823,,0.2835897207260132
,5396.0,9,7.817931327736005e-05,22899,,6.858845233917236,,1.8271152973175049,,0.4043276607990265,,0.28379690647125244
,5464.0,9,7.81241396907717e-05,22949,,5.4108734130859375,,1.6770612001419067,,0.40450894832611084,,0.283995658159256
,5420.0,9,7.806896610418335e-05,22999,,6.459290027618408,,1.7126734256744385,,0.4047018885612488,,0.28419169783592224
,5476.0,9,7.801379251759499e-05,23049,,5.052589416503906,,1.8679243326187134,,0.4048956632614136,,0.2843860387802124
,5468.0,9,7.795861893100664e-05,23099,,7.805866718292236,,1.6829942464828491,,0.40510353446006775,,0.2845892012119293
,5416.0,9,7.790344534441829e-05,23149,,6.72814416885376,,1.7399728298187256,,0.4053097367286682,,0.2848106622695923
,5396.0,9,7.784827903378755e-05,23199,,6.929851531982422,,1.607753038406372,,0.4054983854293823,,0.285009503364563
,5444.0,9,7.77931054471992e-05,23249,,6.361746311187744,,1.8725217580795288,,0.4057002067565918,,0.2852047085762024
,5560.0,9,7.773793186061084e-05,23299,,6.869851112365723,,1.9704368114471436,,0.4059068560600281,,0.28539037704467773
,5464.0,9,7.768275827402249e-05,23349,,5.92191743850708,,1.8222312927246094,,0.40610283613204956,,0.2855778634548187
,5424.0,9,7.762758468743414e-05,23399,,7.54783296585083,,1.7875081300735474,,0.4062928855419159,,0.2857685685157776
,5432.0,9,7.757241110084578e-05,23449,,5.285843849182129,,1.8520053625106812,,0.40648192167282104,,0.285944402217865
,5452.0,9,7.751724479021505e-05,23499,,5.450624465942383,,1.8561772108078003,,0.4066842496395111,,0.2861301004886627
,5524.0,9,7.746207120362669e-05,23549,,6.990065574645996,,1.7573899030685425,,0.40688270330429077,,0.28631871938705444
,5336.0,9,7.740689761703834e-05,23599,,7.219003677368164,,1.6055645942687988,,0.4070819914340973,,0.28648120164871216
,5412.0,9,7.735172403044999e-05,23649,,7.167267799377441,,1.79984712600708,,0.40728744864463806,,0.28666311502456665
,5456.0,9,7.729655044386163e-05,23699,,8.110121726989746,,1.53922438621521,,0.4074782133102417,,0.28683531284332275
,5476.0,9,7.724137685727328e-05,23749,,5.835737228393555,,1.921507477760315,,0.40769609808921814,,0.28702056407928467
,5460.0,9,7.718620327068493e-05,23799,,6.518486499786377,,1.4612042903900146,,0.40788182616233826,,0.2871915102005005
,5456.0,9,7.713103696005419e-05,23849,,7.444109916687012,,1.7042754888534546,,0.40806832909584045,,0.2873893082141876
,5496.0,9,7.707586337346584e-05,23899,,6.703691005706787,,1.7043683528900146,,0.4082663059234619,,0.28757262229919434
,5468.0,9,7.702068978687748e-05,23949,,7.710572719573975,,1.9079902172088623,,0.4084509611129761,,0.2877385914325714
,5444.0,9,7.696551620028913e-05,23999,,5.558748245239258,,1.9600671529769897,,0.40866315364837646,,0.28793925046920776
,5436.0,9,7.691034261370078e-05,24049,,5.537144184112549,,1.9426385164260864,,0.4088353216648102,,0.28811681270599365
,5460.0,9,7.685516902711242e-05,24099,,7.476808547973633,,1.9655635356903076,,0.40904098749160767,,0.2883024215698242
,5512.0,9,7.680000271648169e-05,24149,,6.28890323638916,,1.3902530670166016,,0.40923526883125305,,0.28849664330482483
,5468.0,9,7.674482912989333e-05,24199,,6.377701759338379,,1.9833816289901733,,0.4094335436820984,,0.2886897027492523
,5428.0,9,7.668965554330498e-05,24249,,6.273849010467529,,1.3987382650375366,,0.40963006019592285,,0.2888597846031189
,5408.0,9,7.663448195671663e-05,24299,,5.6040520668029785,,1.9461473226547241,,0.4098271131515503,,0.28902706503868103
,5404.0,9,7.657930837012827e-05,24349,,8.047900199890137,,2.017695665359497,,0.41002127528190613,,0.2892053723335266
,5436.0,9,7.652413478353992e-05,24399,,6.763045310974121,,1.6922338008880615,,0.41021281480789185,,0.2893865704536438
,5424.0,9,7.646896847290918e-05,24449,,3.6834490299224854,,1.6585195064544678,,0.4103865325450897,,0.28958040475845337
,5396.0,9,7.641379488632083e-05,24499,,7.655851364135742,,1.727837324142456,,0.4105598032474518,,0.28976374864578247
,5520.0,9,7.635862129973248e-05,24549,,6.068552494049072,,1.681982398033142,,0.41074228286743164,,0.2899484634399414
,5484.0,9,7.630344771314412e-05,24599,,7.295111179351807,,1.2548253536224365,,0.41090965270996094,,0.29012331366539
,5512.0,9,7.624827412655577e-05,24649,,7.034616470336914,,1.9742306470870972,,0.4110887050628662,,0.2902991771697998
,5464.0,9,7.619310053996742e-05,24699,,6.758833408355713,,1.5105769634246826,,0.41126805543899536,,0.29048871994018555
,5412.0,9,7.613793422933668e-05,24749,,7.101146221160889,,1.4965646266937256,,0.41146236658096313,,0.2906648814678192
,5428.0,9,7.608276064274833e-05,24799,,7.064526557922363,,1.676469087600708,,0.41164571046829224,,0.2908504605293274
,5460.0,9,7.602758705615997e-05,24849,,7.094443321228027,,2.070128917694092,,0.41182342171669006,,0.2910155951976776
,5504.0,9,7.597241346957162e-05,24899,,7.876086235046387,,1.7661447525024414,,0.4120021462440491,,0.2911992371082306
,5500.0,9,7.591723988298327e-05,24949,,7.722773551940918,,1.7719935178756714,,0.4121827781200409,,0.29137855768203735
,5480.0,9,7.586206629639491e-05,24999,,6.84788179397583,,1.389134407043457,,0.4123493731021881,,0.29155322909355164
,5448.0,9,7.580689998576418e-05,25049,,5.831578254699707,,1.5648353099822998,,0.4125203490257263,,0.29172563552856445
5464.3515625,,9,,25079,6.671679496765137,,1.7838786840438843,,0.40793681144714355,,0.28727468848228455,
,5464.0,10,7.575172639917582e-05,25099,,7.087274074554443,,1.8344577550888062,,0.4126836657524109,,0.2919045686721802
,5452.0,10,7.569655281258747e-05,25149,,7.133932590484619,,2.048624277114868,,0.41286155581474304,,0.2920839786529541
,5476.0,10,7.564137922599912e-05,25199,,6.3682861328125,,2.0438778400421143,,0.41303879022598267,,0.292255163192749
,5412.0,10,7.558620563941076e-05,25249,,6.545241832733154,,1.6271597146987915,,0.4132128655910492,,0.29243677854537964
,5428.0,10,7.553103205282241e-05,25299,,7.24680233001709,,2.002911329269409,,0.4134054183959961,,0.2926234304904938
,5476.0,10,7.547585846623406e-05,25349,,8.246203422546387,,1.9399398565292358,,0.4135805666446686,,0.29278987646102905
,5436.0,10,7.542069215560332e-05,25399,,6.434438228607178,,1.5031280517578125,,0.41376858949661255,,0.292961448431015
,5448.0,10,7.536551856901497e-05,25449,,7.544683933258057,,1.9761229753494263,,0.4139426648616791,,0.29314661026000977
,5444.0,10,7.531034498242661e-05,25499,,10.145376205444336,,1.524517297744751,,0.41410595178604126,,0.29330968856811523
,5516.0,10,7.525517139583826e-05,25549,,6.238405227661133,,1.9832403659820557,,0.4142763018608093,,0.2934876084327698
,5436.0,10,7.519999780924991e-05,25599,,7.651297569274902,,1.5380034446716309,,0.4144395589828491,,0.29366177320480347
,5420.0,10,7.514482422266155e-05,25649,,8.97455883026123,,1.8703237771987915,,0.414614200592041,,0.2938196361064911
,5480.0,10,7.508965791203082e-05,25699,,6.916831970214844,,1.7544578313827515,,0.414797842502594,,0.29399025440216064
,5416.0,10,7.503448432544246e-05,25749,,8.287542343139648,,2.1392345428466797,,0.41496580839157104,,0.2941557765007019
,5416.0,10,7.497931073885411e-05,25799,,6.544857025146484,,1.9403278827667236,,0.41513895988464355,,0.294342577457428
,5452.0,10,7.492413715226576e-05,25849,,7.8727288246154785,,1.8488402366638184,,0.4153047204017639,,0.29451900720596313
,5420.0,10,7.48689635656774e-05,25899,,7.990057468414307,,1.877044439315796,,0.4154684543609619,,0.29470041394233704
,5436.0,10,7.481378997908905e-05,25949,,9.108821868896484,,1.8000402450561523,,0.4156419038772583,,0.29486921429634094
,5468.0,10,7.475862366845831e-05,25999,,9.319890022277832,,1.9250750541687012,,0.41581249237060547,,0.29505079984664917
,5396.0,10,7.470345008186996e-05,26049,,7.226801872253418,,1.8232219219207764,,0.4159829616546631,,0.29520660638809204
,5412.0,10,7.464827649528161e-05,26099,,8.343271255493164,,1.3379653692245483,,0.4161542057991028,,0.29537221789360046
,5472.0,10,7.459310290869325e-05,26149,,8.855021476745605,,2.048365592956543,,0.4163194000720978,,0.2955303192138672
,5480.0,10,7.45379293221049e-05,26199,,7.335062026977539,,1.8277499675750732,,0.4164884686470032,,0.29569974541664124
,5440.0,10,7.448275573551655e-05,26249,,7.879392623901367,,1.3811880350112915,,0.41667282581329346,,0.2958863377571106
,5440.0,10,7.442758942488581e-05,26299,,10.24759578704834,,2.057347297668457,,0.4168480932712555,,0.29605749249458313
,5532.0,10,7.437241583829746e-05,26349,,6.087686061859131,,1.7292721271514893,,0.41701582074165344,,0.296234130859375
,5488.0,10,7.43172422517091e-05,26399,,7.068580150604248,,1.6325565576553345,,0.41717463731765747,,0.296380877494812
,5460.0,10,7.426206866512075e-05,26449,,7.25838041305542,,1.664684534072876,,0.417350172996521,,0.29653653502464294
,5464.0,10,7.42068950785324e-05,26499,,7.440698146820068,,1.4395034313201904,,0.41751629114151,,0.29671525955200195
,5472.0,10,7.415172149194404e-05,26549,,8.539739608764648,,2.111056089401245,,0.41767823696136475,,0.2968830466270447
,5404.0,10,7.40965551813133e-05,26599,,7.69706392288208,,1.8844671249389648,,0.41784220933914185,,0.2970523536205292
,5504.0,10,7.404138159472495e-05,26649,,9.216071128845215,,1.492044448852539,,0.4179992377758026,,0.2972176671028137
,5448.0,10,7.39862080081366e-05,26699,,8.431652069091797,,2.088567018508911,,0.41815781593322754,,0.29737478494644165
,5488.0,10,7.393103442154825e-05,26749,,9.088682174682617,,1.7825747728347778,,0.41832485795021057,,0.2975326180458069
,5492.0,10,7.38758608349599e-05,26799,,7.25003719329834,,1.8797098398208618,,0.41850200295448303,,0.29768604040145874
,5520.0,10,7.382068724837154e-05,26849,,8.640751838684082,,2.27974796295166,,0.4186687767505646,,0.29786697030067444
,5564.0,10,7.376551366178319e-05,26899,,6.8062591552734375,,1.6988348960876465,,0.418819785118103,,0.2980268895626068
,5496.0,10,7.371034735115245e-05,26949,,10.783663749694824,,1.8134738206863403,,0.4189903140068054,,0.29819780588150024
,5440.0,10,7.36551737645641e-05,26999,,9.654687881469727,,1.6909527778625488,,0.4191453456878662,,0.29836708307266235
,5524.0,10,7.360000017797574e-05,27049,,8.839139938354492,,1.8406398296356201,,0.4193115532398224,,0.2985292077064514
,5524.0,10,7.354482659138739e-05,27099,,8.836461067199707,,1.682342290878296,,0.41947826743125916,,0.29869383573532104
,5512.0,10,7.348965300479904e-05,27149,,8.523994445800781,,1.5432921648025513,,0.41964152455329895,,0.298842191696167
,5508.0,10,7.343447941821069e-05,27199,,8.413329124450684,,1.7712804079055786,,0.41978719830513,,0.2990055978298187
,5492.0,10,7.337931310757995e-05,27249,,9.990937232971191,,1.5575222969055176,,0.4199376106262207,,0.29914867877960205
,5448.0,10,7.33241395209916e-05,27299,,8.086515426635742,,2.1334068775177,,0.42009401321411133,,0.29930028319358826
,5460.0,10,7.326896593440324e-05,27349,,10.386364936828613,,1.581689476966858,,0.4202490448951721,,0.2994523346424103
,5420.0,10,7.321379234781489e-05,27399,,8.620960235595703,,1.685315728187561,,0.4203993082046509,,0.2995991110801697
,5444.0,10,7.315861876122653e-05,27449,,8.814812660217285,,1.9206994771957397,,0.4205610752105713,,0.2997565269470215
,5512.0,10,7.310344517463818e-05,27499,,9.693746566772461,,1.7303940057754517,,0.42071959376335144,,0.29991415143013
,5424.0,10,7.304827886400744e-05,27549,,8.491362571716309,,2.1474921703338623,,0.4208671450614929,,0.30008697509765625
5462.78173828125,,10,,27587,7.908510684967041,,1.7654492855072021,,0.41691717505455017,,0.29612380266189575,
,5456.0,11,7.299310527741909e-05,27599,,7.474916934967041,,2.0887699127197266,,0.4210359454154968,,0.30024978518486023
,5420.0,11,7.293793169083074e-05,27649,,8.904563903808594,,1.9583982229232788,,0.4212040901184082,,0.30040767788887024
,5464.0,11,7.288275810424238e-05,27699,,6.694432735443115,,1.792068362236023,,0.42136138677597046,,0.30055657029151917
,5404.0,11,7.282758451765403e-05,27749,,10.55992317199707,,1.668562650680542,,0.4215245246887207,,0.3007035553455353
,5516.0,11,7.277241093106568e-05,27799,,8.437949180603027,,1.9374699592590332,,0.4216781556606293,,0.30085936188697815
,5468.0,11,7.271724462043494e-05,27849,,8.061461448669434,,1.9156501293182373,,0.4218267500400543,,0.3010212182998657
,5496.0,11,7.266207103384659e-05,27899,,8.451519966125488,,1.8532315492630005,,0.4219840466976166,,0.30116939544677734
,5496.0,11,7.260689744725823e-05,27949,,7.72562313079834,,1.5356861352920532,,0.422139436006546,,0.3013305366039276
,5536.0,11,7.255172386066988e-05,27999,,8.908885955810547,,2.200956344604492,,0.4222874641418457,,0.30149906873703003
,5500.0,11,7.249655027408153e-05,28049,,10.158756256103516,,1.2163009643554688,,0.42244547605514526,,0.30166512727737427
,5484.0,11,7.244137668749318e-05,28099,,7.1223320960998535,,1.791121006011963,,0.42259564995765686,,0.30181294679641724
,5504.0,11,7.238621037686244e-05,28149,,9.433055877685547,,1.5850168466567993,,0.4227551817893982,,0.30197620391845703
,5452.0,11,7.233103679027408e-05,28199,,8.905258178710938,,1.685228705406189,,0.42290419340133667,,0.30213284492492676
,5428.0,11,7.227586320368573e-05,28249,,8.101784706115723,,1.982080340385437,,0.4230594336986542,,0.3022983968257904
,5412.0,11,7.222068961709738e-05,28299,,7.940065860748291,,1.6013338565826416,,0.4232165813446045,,0.302449107170105
,5480.0,11,7.216551603050902e-05,28349,,10.507240295410156,,2.0409388542175293,,0.42336490750312805,,0.3026009798049927
,5488.0,11,7.211034244392067e-05,28399,,10.856526374816895,,1.560476541519165,,0.4235053062438965,,0.3027680218219757
,5468.0,11,7.205516885733232e-05,28449,,4.76793909072876,,1.7867881059646606,,0.42364591360092163,,0.30292272567749023
,5500.0,11,7.200000254670158e-05,28499,,9.540289878845215,,1.6676453351974487,,0.4238019287586212,,0.30309149622917175
,5508.0,11,7.194482896011323e-05,28549,,8.135988235473633,,1.773927927017212,,0.4239492118358612,,0.30324292182922363
,5436.0,11,7.188965537352487e-05,28599,,10.429378509521484,,1.6323189735412598,,0.42408910393714905,,0.30340200662612915
,5488.0,11,7.183448178693652e-05,28649,,6.723080635070801,,1.9467761516571045,,0.4242314100265503,,0.3035445213317871
,5480.0,11,7.177930820034817e-05,28699,,10.127599716186523,,1.989090085029602,,0.42437171936035156,,0.3036916255950928
,5484.0,11,7.172413461375982e-05,28749,,8.184507369995117,,1.698083758354187,,0.4245155453681946,,0.3038296401500702
,5460.0,11,7.166896830312908e-05,28799,,9.221138954162598,,1.7955726385116577,,0.42464974522590637,,0.30396509170532227
,5568.0,11,7.161379471654072e-05,28849,,9.665565490722656,,1.4863189458847046,,0.42481252551078796,,0.3041101098060608
,5456.0,11,7.155862112995237e-05,28899,,9.817168235778809,,1.5658341646194458,,0.4249489903450012,,0.30427056550979614
,5484.0,11,7.150344754336402e-05,28949,,9.359918594360352,,1.6447596549987793,,0.425096333026886,,0.30442312359809875
,5536.0,11,7.144827395677567e-05,28999,,9.184037208557129,,1.7434873580932617,,0.42523470520973206,,0.3045777976512909
,5452.0,11,7.139310037018731e-05,29049,,8.675924301147461,,1.9441889524459839,,0.42538368701934814,,0.3047219216823578
,5532.0,11,7.133793405955657e-05,29099,,9.460180282592773,,2.1140103340148926,,0.42552655935287476,,0.30486711859703064
,5336.0,11,7.128276047296822e-05,29149,,13.106854438781738,,1.1450456380844116,,0.4256823658943176,,0.30500534176826477
,5340.0,11,7.122758688637987e-05,29199,,11.023465156555176,,1.7081502676010132,,0.42582881450653076,,0.30513787269592285
,5440.0,11,7.117241329979151e-05,29249,,8.671024322509766,,1.6848262548446655,,0.42597949504852295,,0.30528104305267334
,5440.0,11,7.111723971320316e-05,29299,,6.377692222595215,,1.9109101295471191,,0.4261242747306824,,0.305444598197937
,5428.0,11,7.106206612661481e-05,29349,,7.322798728942871,,1.6982243061065674,,0.4262591004371643,,0.30559709668159485
,5392.0,11,7.100689981598407e-05,29399,,9.615646362304688,,1.7611192464828491,,0.42641404271125793,,0.30575957894325256
,5492.0,11,7.095172622939572e-05,29449,,7.128567695617676,,1.928216576576233,,0.4265514612197876,,0.3059099316596985
,5444.0,11,7.089655264280736e-05,29499,,9.021906852722168,,1.70370352268219,,0.42669254541397095,,0.3060522675514221
,5472.0,11,7.084137905621901e-05,29549,,8.586799621582031,,1.8562712669372559,,0.42683786153793335,,0.30619314312934875
,5420.0,11,7.078620546963066e-05,29599,,11.734496116638184,,1.3973413705825806,,0.42698267102241516,,0.3063385486602783
,5520.0,11,7.07310318830423e-05,29649,,9.658405303955078,,1.9435495138168335,,0.42711734771728516,,0.30647948384284973
,5480.0,11,7.067586557241157e-05,29699,,8.7752103805542,,1.60165274143219,,0.4272506833076477,,0.30663299560546875
,5476.0,11,7.062069198582321e-05,29749,,8.509050369262695,,2.0040643215179443,,0.4273951053619385,,0.30676448345184326
,5504.0,11,7.056551839923486e-05,29799,,10.380311965942383,,1.5132896900177002,,0.4275279939174652,,0.30690479278564453
,5432.0,11,7.051034481264651e-05,29849,,6.867926597595215,,1.4394882917404175,,0.42766574025154114,,0.30704110860824585
,5504.0,11,7.045517122605816e-05,29899,,9.301121711730957,,1.8358451128005981,,0.4277989864349365,,0.3071751594543457
,5420.0,11,7.03999976394698e-05,29949,,7.949032306671143,,1.943687915802002,,0.42793983221054077,,0.3073153495788574
,5396.0,11,7.034482405288145e-05,29999,,10.882739067077637,,1.6486690044403076,,0.42808064818382263,,0.30745217204093933
,5476.0,11,7.028965774225071e-05,30049,,10.12885570526123,,1.6722412109375,,0.4282177984714508,,0.30760258436203003
5462.6357421875,,11,,30095,9.153874397277832,,1.7394402027130127,,0.42477115988731384,,0.3040645122528076,
,5504.0,12,7.023448415566236e-05,30099,,7.101459980010986,,1.8048999309539795,,0.42835649847984314,,0.3077475428581238
,5436.0,12,7.0179310569074e-05,30149,,12.716140747070312,,1.859500527381897,,0.42849844694137573,,0.3078862428665161
,5452.0,12,7.012413698248565e-05,30199,,10.747097969055176,,1.9200384616851807,,0.4286448359489441,,0.3080329895019531
,5456.0,12,7.00689633958973e-05,30249,,9.892391204833984,,1.6990406513214111,,0.4287945628166199,,0.30817461013793945
,5460.0,12,7.001378980930895e-05,30299,,10.211373329162598,,1.9123038053512573,,0.4289324879646301,,0.3083221912384033
,5476.0,12,6.995862349867821e-05,30349,,9.417464256286621,,1.6824605464935303,,0.42907029390335083,,0.3084641993045807
,5416.0,12,6.990344991208985e-05,30399,,12.30689811706543,,1.564817190170288,,0.4291999340057373,,0.30860328674316406
,5388.0,12,6.98482763255015e-05,30449,,10.744938850402832,,1.7857872247695923,,0.42932164669036865,,0.3087466359138489
,5460.0,12,6.979310273891315e-05,30499,,6.8417487144470215,,1.5313341617584229,,0.4294723868370056,,0.30887553095817566
,5448.0,12,6.97379291523248e-05,30549,,9.390874862670898,,1.7342230081558228,,0.42959892749786377,,0.30902099609375
,5456.0,12,6.968275556573644e-05,30599,,10.474019050598145,,1.8807082176208496,,0.42974716424942017,,0.30914944410324097
,5392.0,12,6.96275892551057e-05,30649,,12.075024604797363,,1.6674634218215942,,0.4298841953277588,,0.3092941641807556
,5428.0,12,6.957241566851735e-05,30699,,9.182526588439941,,1.381339430809021,,0.4300222396850586,,0.30943405628204346
,5444.0,12,6.9517242081929e-05,30749,,12.630010604858398,,1.7224987745285034,,0.43015629053115845,,0.30957353115081787
,5480.0,12,6.946206849534065e-05,30799,,8.901516914367676,,1.9641391038894653,,0.4302900731563568,,0.30969446897506714
,5436.0,12,6.940689490875229e-05,30849,,10.445977210998535,,1.4525697231292725,,0.43041378259658813,,0.30982330441474915
,5500.0,12,6.935172132216394e-05,30899,,11.101625442504883,,1.4065444469451904,,0.430543452501297,,0.309958815574646
,5380.0,12,6.92965550115332e-05,30949,,9.572257041931152,,2.039006471633911,,0.430673211812973,,0.3100850582122803
,5352.0,12,6.924138142494485e-05,30999,,8.76799201965332,,1.9585613012313843,,0.43080878257751465,,0.3102346658706665
,5460.0,12,6.91862078383565e-05,31049,,9.8875732421875,,1.9181928634643555,,0.43094104528427124,,0.3103775084018707
,5448.0,12,6.913103425176814e-05,31099,,9.658241271972656,,1.5889644622802734,,0.43106260895729065,,0.31051063537597656
,5452.0,12,6.907586066517979e-05,31149,,9.745590209960938,,1.5418732166290283,,0.4311988353729248,,0.31064996123313904
,5452.0,12,6.902068707859144e-05,31199,,11.140161514282227,,1.9406813383102417,,0.43132689595222473,,0.31079965829849243
,5488.0,12,6.89655207679607e-05,31249,,9.433857917785645,,1.8247368335723877,,0.431458443403244,,0.31095483899116516
,5456.0,12,6.891034718137234e-05,31299,,11.739156723022461,,1.7211883068084717,,0.4316072165966034,,0.3111015558242798
,5452.0,12,6.885517359478399e-05,31349,,9.797637939453125,,1.48422372341156,,0.43172869086265564,,0.3112424612045288
,5480.0,12,6.880000000819564e-05,31399,,11.752523422241211,,1.6243817806243896,,0.4318616986274719,,0.31135523319244385
,5464.0,12,6.874482642160729e-05,31449,,11.760773658752441,,1.447455883026123,,0.43199101090431213,,0.3114868104457855
,5484.0,12,6.868965283501893e-05,31499,,12.250988006591797,,1.7967655658721924,,0.43211960792541504,,0.3116295337677002
,5516.0,12,6.863447924843058e-05,31549,,11.932001113891602,,1.2358627319335938,,0.4322449862957001,,0.31175094842910767
,5480.0,12,6.857931293779984e-05,31599,,7.838415622711182,,1.717319369316101,,0.4323701858520508,,0.31189292669296265
,5432.0,12,6.852413935121149e-05,31649,,10.670344352722168,,1.7114531993865967,,0.43248623609542847,,0.3120262920856476
,5412.0,12,6.846896576462314e-05,31699,,11.804542541503906,,1.6988246440887451,,0.43260031938552856,,0.3121548295021057
,5476.0,12,6.841379217803478e-05,31749,,11.764967918395996,,2.0146214962005615,,0.4327313303947449,,0.3122875392436981
,5512.0,12,6.835861859144643e-05,31799,,9.109280586242676,,1.5228025913238525,,0.43285810947418213,,0.31241080164909363
,5504.0,12,6.830344500485808e-05,31849,,11.216593742370605,,1.7327877283096313,,0.432999849319458,,0.31254732608795166
,5476.0,12,6.824827869422734e-05,31899,,13.316594123840332,,1.5305880308151245,,0.4331233501434326,,0.31268465518951416
,5392.0,12,6.819310510763898e-05,31949,,11.873947143554688,,1.5663810968399048,,0.4332430064678192,,0.3128019869327545
,5488.0,12,6.813793152105063e-05,31999,,14.407591819763184,,1.3352203369140625,,0.43337005376815796,,0.3129326105117798
,5484.0,12,6.808275793446228e-05,32049,,10.464599609375,,1.9788434505462646,,0.4334898293018341,,0.31306660175323486
,5380.0,12,6.802758434787393e-05,32099,,9.696640014648438,,1.7239874601364136,,0.43360835313796997,,0.31320512294769287
,5472.0,12,6.797241076128557e-05,32149,,7.346370697021484,,1.4698610305786133,,0.4337400496006012,,0.3133431077003479
,5440.0,12,6.791724445065483e-05,32199,,8.719995498657227,,1.7827646732330322,,0.4338681101799011,,0.31349146366119385
,5540.0,12,6.786207086406648e-05,32249,,8.08359432220459,,1.734338402748108,,0.43399104475975037,,0.3136287331581116
,5492.0,12,6.780689727747813e-05,32299,,11.684476852416992,,1.823456883430481,,0.4341125190258026,,0.313754141330719
,5464.0,12,6.775172369088978e-05,32349,,13.292585372924805,,1.9973180294036865,,0.43422430753707886,,0.3138732314109802
,5412.0,12,6.769655010430142e-05,32399,,13.660772323608398,,1.6769776344299316,,0.4343397617340088,,0.3140057921409607
,5440.0,12,6.764137651771307e-05,32449,,7.921489715576172,,1.7856348752975464,,0.4344642758369446,,0.3141426742076874
,5436.0,12,6.758621020708233e-05,32499,,11.960445404052734,,2.0286903381347656,,0.4345848262310028,,0.3142750859260559
,5436.0,12,6.753103662049398e-05,32549,,8.617502212524414,,1.7381361722946167,,0.43471306562423706,,0.3143918812274933
,5460.0,12,6.747586303390563e-05,32599,,8.950050354003906,,1.9876108169555664,,0.43483662605285645,,0.31451836228370667
5462.29150390625,,12,,32603,10.352163314819336,,1.7240887880325317,,0.4316948652267456,,0.3111948072910309,
,5460.0,13,6.742068944731727e-05,32649,,12.316574096679688,,2.0806474685668945,,0.43495652079582214,,0.3146647810935974
,5500.0,13,6.736551586072892e-05,32699,,12.852307319641113,,1.6919974088668823,,0.4350808262825012,,0.3148009777069092
,5464.0,13,6.731034227414057e-05,32749,,11.948555946350098,,1.8591430187225342,,0.4352044463157654,,0.31493645906448364
,5480.0,13,6.725517596350983e-05,32799,,11.287714958190918,,2.198664665222168,,0.4353342652320862,,0.31507009267807007
,5380.0,13,6.720000237692147e-05,32849,,12.028239250183105,,1.4827347993850708,,0.4354473352432251,,0.3152029514312744
,5432.0,13,6.714482879033312e-05,32899,,11.196630477905273,,1.4432302713394165,,0.4355681538581848,,0.3153291344642639
,5444.0,13,6.708965520374477e-05,32949,,14.88720703125,,1.6235398054122925,,0.43568772077560425,,0.31544965505599976
,5488.0,13,6.703448161715642e-05,32999,,9.669391632080078,,1.4024674892425537,,0.4358070194721222,,0.31556767225265503
,5472.0,13,6.697930803056806e-05,33049,,8.721199989318848,,1.6699044704437256,,0.43593549728393555,,0.3156898617744446
,5468.0,13,6.692413444397971e-05,33099,,9.363968849182129,,1.9959723949432373,,0.43605610728263855,,0.3158097565174103
,5524.0,13,6.686896813334897e-05,33149,,10.640625953674316,,1.4998180866241455,,0.4361738860607147,,0.31592273712158203
,5376.0,13,6.681379454676062e-05,33199,,8.177425384521484,,1.8342496156692505,,0.43629366159439087,,0.3160470724105835
,5520.0,13,6.675862096017227e-05,33249,,9.616374969482422,,1.7135255336761475,,0.43641549348831177,,0.3161753714084625
,5432.0,13,6.670344737358391e-05,33299,,10.517462730407715,,1.8945800065994263,,0.43653976917266846,,0.3163013756275177
,5368.0,13,6.664827378699556e-05,33349,,5.806659698486328,,1.9794604778289795,,0.43665820360183716,,0.3164258897304535
,5424.0,13,6.659310020040721e-05,33399,,13.041893005371094,,1.8001757860183716,,0.4367794096469879,,0.31654560565948486
,5416.0,13,6.653793388977647e-05,33449,,10.63687801361084,,1.7110395431518555,,0.43689781427383423,,0.3166726231575012
,5464.0,13,6.648276030318812e-05,33499,,12.414586067199707,,1.410609483718872,,0.4370070993900299,,0.3167823553085327
,5460.0,13,6.642758671659976e-05,33549,,12.683795928955078,,1.85028076171875,,0.4371233284473419,,0.31691524386405945
,5384.0,13,6.637241313001141e-05,33599,,9.01087760925293,,1.589644193649292,,0.43724220991134644,,0.3170464038848877
,5472.0,13,6.631723954342306e-05,33649,,12.980944633483887,,1.694675326347351,,0.4373573660850525,,0.31717365980148315
,5488.0,13,6.62620659568347e-05,33699,,10.950464248657227,,1.5772310495376587,,0.4374661445617676,,0.3173016607761383
,5512.0,13,6.620689964620396e-05,33749,,12.884712219238281,,1.694254755973816,,0.4375823140144348,,0.3174188733100891
,5476.0,13,6.615172605961561e-05,33799,,11.453123092651367,,1.5712218284606934,,0.43769145011901855,,0.3175404369831085
,5492.0,13,6.609655247302726e-05,33849,,11.273540496826172,,1.8284019231796265,,0.4378155469894409,,0.3176642954349518
,5456.0,13,6.60413788864389e-05,33899,,7.257060527801514,,1.8101425170898438,,0.43792906403541565,,0.3177809417247772
,5432.0,13,6.598620529985055e-05,33949,,13.138753890991211,,1.6834611892700195,,0.4380500018596649,,0.31789880990982056
,5456.0,13,6.59310317132622e-05,33999,,12.743291854858398,,1.9090707302093506,,0.43817201256752014,,0.3180181384086609
,5420.0,13,6.587586540263146e-05,34049,,8.280864715576172,,1.531981110572815,,0.43829643726348877,,0.31813928484916687
,5424.0,13,6.582069181604311e-05,34099,,12.34839916229248,,1.942745566368103,,0.4384184777736664,,0.31826215982437134
,5516.0,13,6.576551822945476e-05,34149,,14.641792297363281,,1.4060178995132446,,0.4385254979133606,,0.3183863162994385
,5524.0,13,6.57103446428664e-05,34199,,12.261789321899414,,1.8759788274765015,,0.4386369585990906,,0.3185062110424042
,5456.0,13,6.565517105627805e-05,34249,,10.698457717895508,,1.8553659915924072,,0.43875348567962646,,0.3186281621456146
,5512.0,13,6.55999974696897e-05,34299,,9.516490936279297,,1.7529668807983398,,0.4388573169708252,,0.3187530040740967
,5432.0,13,6.554483115905896e-05,34349,,10.02212142944336,,1.9489134550094604,,0.4389771819114685,,0.3188741207122803
,5516.0,13,6.54896575724706e-05,34399,,14.911934852600098,,1.5602326393127441,,0.43908125162124634,,0.31898626685142517
,5360.0,13,6.543448398588225e-05,34449,,10.537361145019531,,1.8754758834838867,,0.43919849395751953,,0.31910139322280884
,5424.0,13,6.53793103992939e-05,34499,,11.724078178405762,,1.680471658706665,,0.4393083453178406,,0.31921201944351196
,5500.0,13,6.532413681270555e-05,34549,,14.771552085876465,,1.288351058959961,,0.43942731618881226,,0.3193397521972656
,5436.0,13,6.52689632261172e-05,34599,,14.437695503234863,,1.1607528924942017,,0.43953776359558105,,0.31946349143981934
,5532.0,13,6.521378963952884e-05,34649,,8.322375297546387,,1.9630520343780518,,0.43964219093322754,,0.31957149505615234
,5428.0,13,6.51586233288981e-05,34699,,12.206562042236328,,1.8893285989761353,,0.439761221408844,,0.3196870982646942
,5512.0,13,6.510344974230975e-05,34749,,12.160404205322266,,1.4949862957000732,,0.43987569212913513,,0.31980133056640625
,5504.0,13,6.50482761557214e-05,34799,,11.442255020141602,,1.9053187370300293,,0.4399944543838501,,0.3199273347854614
,5388.0,13,6.499310256913304e-05,34849,,13.525932312011719,,1.41790771484375,,0.44010600447654724,,0.3200458288192749
,5412.0,13,6.493792898254469e-05,34899,,13.12761402130127,,1.9723869562149048,,0.4402117133140564,,0.3201512396335602
,5444.0,13,6.488275539595634e-05,34949,,13.743396759033203,,1.6230322122573853,,0.4403317868709564,,0.3202580213546753
,5416.0,13,6.48275890853256e-05,34999,,13.747604370117188,,2.0801408290863037,,0.4404456615447998,,0.3203904926776886
,5436.0,13,6.477241549873725e-05,35049,,10.70150375366211,,1.6527092456817627,,0.44054871797561646,,0.32051318883895874
,5432.0,13,6.471724191214889e-05,35099,,13.343567848205566,,2.266624927520752,,0.4406508803367615,,0.3206332325935364
5461.44189453125,,13,,35111,11.593701362609863,,1.702228307723999,,0.4378291666507721,,0.31766292452812195,
,5484.0,14,6.466206832556054e-05,35149,,11.360847473144531,,1.6734323501586914,,0.44076263904571533,,0.3207537531852722
,5460.0,14,6.460689473897219e-05,35199,,8.42577075958252,,1.6347811222076416,,0.4408687949180603,,0.32087239623069763
,5388.0,14,6.455172115238383e-05,35249,,14.021171569824219,,1.7070603370666504,,0.4409871995449066,,0.32099059224128723
,5448.0,14,6.44965548417531e-05,35299,,12.710518836975098,,1.3346632719039917,,0.44109344482421875,,0.3211110532283783
,5496.0,14,6.444138125516474e-05,35349,,11.621055603027344,,1.6470154523849487,,0.44121411442756653,,0.32121944427490234
,5492.0,14,6.438620766857639e-05,35399,,13.695887565612793,,1.5185065269470215,,0.44132858514785767,,0.32132646441459656
,5476.0,14,6.433103408198804e-05,35449,,13.534899711608887,,1.1266015768051147,,0.44144368171691895,,0.3214366137981415
,5464.0,14,6.427586049539968e-05,35499,,12.348676681518555,,1.7821098566055298,,0.4415561556816101,,0.3215470314025879
,5384.0,14,6.422068690881133e-05,35549,,11.353711128234863,,1.6614845991134644,,0.44166556000709534,,0.32166239619255066
,5488.0,14,6.416552059818059e-05,35599,,9.883687973022461,,1.6671243906021118,,0.44178104400634766,,0.32177984714508057
,5444.0,14,6.411034701159224e-05,35649,,11.316373825073242,,1.6022934913635254,,0.44188231229782104,,0.3218885064125061
,5424.0,14,6.405517342500389e-05,35699,,5.0578389167785645,,1.6293439865112305,,0.44198668003082275,,0.3220021426677704
,5444.0,14,6.399999983841553e-05,35749,,15.052392959594727,,1.3824561834335327,,0.4420860707759857,,0.32211118936538696
,5448.0,14,6.394482625182718e-05,35799,,13.15755844116211,,1.7953014373779297,,0.4421890377998352,,0.32223206758499146
,5376.0,14,6.388965266523883e-05,35849,,13.71910572052002,,1.52716064453125,,0.4422982335090637,,0.3223377466201782
,5456.0,14,6.383448635460809e-05,35899,,11.957768440246582,,1.6162863969802856,,0.44239911437034607,,0.32246196269989014
,5384.0,14,6.377931276801974e-05,35949,,13.47559642791748,,1.757957935333252,,0.4425032138824463,,0.3225712478160858
,5548.0,14,6.372413918143138e-05,35999,,10.649195671081543,,1.5089668035507202,,0.44261491298675537,,0.32268136739730835
,5428.0,14,6.366896559484303e-05,36049,,14.551617622375488,,1.6574468612670898,,0.4427225589752197,,0.3227875828742981
,5480.0,14,6.361379200825468e-05,36099,,15.5927152633667,,1.853922963142395,,0.44283467531204224,,0.32290953397750854
,5472.0,14,6.355861842166632e-05,36149,,10.954116821289062,,1.5287041664123535,,0.4429437518119812,,0.3230261206626892
,5384.0,14,6.350344483507797e-05,36199,,12.202784538269043,,1.8633195161819458,,0.44304993748664856,,0.3231300711631775
,5452.0,14,6.344827852444723e-05,36249,,12.970582962036133,,1.389137625694275,,0.4431612491607666,,0.3232346177101135
,5504.0,14,6.339310493785888e-05,36299,,12.119802474975586,,1.5291630029678345,,0.443277508020401,,0.32334619760513306
,5452.0,14,6.333793135127053e-05,36349,,10.70319938659668,,1.6161681413650513,,0.4433819353580475,,0.32345402240753174
,5404.0,14,6.328275776468217e-05,36399,,13.029006958007812,,1.7361843585968018,,0.44349244236946106,,0.3235565721988678
,5512.0,14,6.322758417809382e-05,36449,,11.289793968200684,,1.56182062625885,,0.4436006247997284,,0.3236716389656067
,5492.0,14,6.317241059150547e-05,36499,,14.510673522949219,,1.7592167854309082,,0.44370660185813904,,0.32378193736076355
,5444.0,14,6.311724428087473e-05,36549,,13.459671974182129,,1.8461323976516724,,0.4438043236732483,,0.3238951563835144
,5408.0,14,6.306207069428638e-05,36599,,12.782172203063965,,1.5377113819122314,,0.44391313195228577,,0.3240067958831787
,5484.0,14,6.300689710769802e-05,36649,,10.155879974365234,,2.090359687805176,,0.44401314854621887,,0.3241254687309265
,5552.0,14,6.295172352110967e-05,36699,,10.147807121276855,,1.4642637968063354,,0.44410988688468933,,0.32422390580177307
,5444.0,14,6.289654993452132e-05,36749,,11.75733757019043,,1.8931297063827515,,0.4442178010940552,,0.3243343234062195
,5408.0,14,6.284137634793296e-05,36799,,14.047568321228027,,1.9845900535583496,,0.44432181119918823,,0.32444295287132263
,5504.0,14,6.278621003730223e-05,36849,,11.816441535949707,,1.7571011781692505,,0.4444195032119751,,0.32455581426620483
,5468.0,14,6.273103645071387e-05,36899,,12.321223258972168,,1.8992072343826294,,0.44452381134033203,,0.3246682584285736
,5512.0,14,6.267586286412552e-05,36949,,15.544157028198242,,2.071983814239502,,0.4446178376674652,,0.3247789442539215
,5524.0,14,6.262068927753717e-05,36999,,10.024508476257324,,2.0466468334198,,0.4447100758552551,,0.32488778233528137
,5496.0,14,6.256551569094881e-05,37049,,12.781527519226074,,1.7570805549621582,,0.4448077380657196,,0.32499659061431885
,5424.0,14,6.251034210436046e-05,37099,,13.741964340209961,,1.5724202394485474,,0.4449121952056885,,0.32510465383529663
,5432.0,14,6.245517579372972e-05,37149,,11.366477012634277,,2.146289587020874,,0.44502338767051697,,0.32521796226501465
,5476.0,14,6.240000220714137e-05,37199,,14.647096633911133,,1.5942522287368774,,0.44512221217155457,,0.3253302574157715
,5396.0,14,6.234482862055302e-05,37249,,16.7172794342041,,1.5498217344284058,,0.4452293813228607,,0.3254372179508209
,5448.0,14,6.228965503396466e-05,37299,,11.668082237243652,,1.8393266201019287,,0.4453302025794983,,0.3255440890789032
,5460.0,14,6.223448144737631e-05,37349,,12.122064590454102,,1.6791715621948242,,0.4454335868358612,,0.3256542384624481
,5440.0,14,6.217930786078796e-05,37399,,11.256648063659668,,1.7714589834213257,,0.44553717970848083,,0.3257668614387512
,5484.0,14,6.212414155015722e-05,37449,,13.309710502624512,,1.6955763101577759,,0.4456304907798767,,0.3258724808692932
,5520.0,14,6.206896796356887e-05,37499,,13.44733715057373,,1.7657723426818848,,0.44573259353637695,,0.3259740471839905
,5540.0,14,6.201379437698051e-05,37549,,13.911821365356445,,1.804172396659851,,0.44583314657211304,,0.32607337832450867
,5536.0,14,6.195862079039216e-05,37599,,17.016504287719727,,1.3892271518707275,,0.4459230303764343,,0.32617658376693726
5460.48681640625,,14,,37619,12.618074417114258,,1.6860941648483276,,0.44339287281036377,,0.3234883248806,
,5436.0,15,6.190344720380381e-05,37649,,8.113965034484863,,1.7491168975830078,,0.4460211396217346,,0.32628217339515686
,5452.0,15,6.184827361721545e-05,37699,,14.14089298248291,,1.9040112495422363,,0.4461212754249573,,0.3263792097568512
,5424.0,15,6.17931000306271e-05,37749,,10.722092628479004,,1.3910835981369019,,0.44622084498405457,,0.32649025321006775
,5444.0,15,6.173793371999636e-05,37799,,11.051246643066406,,1.6193188428878784,,0.44632235169410706,,0.3266027569770813
,5476.0,15,6.168276013340801e-05,37849,,8.464271545410156,,1.73652982711792,,0.44642549753189087,,0.32670319080352783
,5476.0,15,6.162758654681966e-05,37899,,12.828216552734375,,1.8929944038391113,,0.4465171992778778,,0.3268037438392639
,5416.0,15,6.15724129602313e-05,37949,,10.059840202331543,,1.427195429801941,,0.4466100037097931,,0.32690274715423584
,5444.0,15,6.151723937364295e-05,37999,,12.160623550415039,,1.793583631515503,,0.44671323895454407,,0.32701176404953003
,5476.0,15,6.14620657870546e-05,38049,,11.793404579162598,,1.286902904510498,,0.44682011008262634,,0.32711437344551086
,5456.0,15,6.140689947642386e-05,38099,,10.065478324890137,,1.442152976989746,,0.44691771268844604,,0.32720595598220825
,5472.0,15,6.13517258898355e-05,38149,,14.906074523925781,,1.8665497303009033,,0.4470207095146179,,0.32731130719184875
,5464.0,15,6.129655230324715e-05,38199,,11.78616714477539,,1.5267390012741089,,0.44711434841156006,,0.3274093270301819
,5492.0,15,6.12413787166588e-05,38249,,15.120984077453613,,1.2527321577072144,,0.44722050428390503,,0.32751137018203735
,5372.0,15,6.118620513007045e-05,38299,,18.338314056396484,,1.9304345846176147,,0.447313517332077,,0.3276076316833496
,5472.0,15,6.11310315434821e-05,38349,,15.742345809936523,,1.2985639572143555,,0.447416216135025,,0.32771581411361694
,5488.0,15,6.107586523285136e-05,38399,,14.672266006469727,,1.8100992441177368,,0.44751858711242676,,0.3278176486492157
,5464.0,15,6.1020688008284196e-05,38449,,15.56778621673584,,1.6322730779647827,,0.44761088490486145,,0.3279159665107727
,5512.0,15,6.096551805967465e-05,38499,,11.707459449768066,,1.8131862878799438,,0.4477054476737976,,0.3280258774757385
,5352.0,15,6.09103444730863e-05,38549,,13.910038948059082,,1.6957746744155884,,0.4478048086166382,,0.32813364267349243
,5452.0,15,6.0855170886497945e-05,38599,,10.479584693908691,,1.7653608322143555,,0.44789940118789673,,0.32822751998901367
,5472.0,15,6.08000009378884e-05,38649,,11.172913551330566,,1.9956144094467163,,0.4479938745498657,,0.32833513617515564
,5448.0,15,6.0744827351300046e-05,38699,,12.264317512512207,,1.6407830715179443,,0.44809526205062866,,0.32843348383903503
,5452.0,15,6.068965376471169e-05,38749,,13.237283706665039,,1.570701003074646,,0.4481891989707947,,0.3285476863384247
,5472.0,15,6.063448381610215e-05,38799,,10.861688613891602,,1.9372047185897827,,0.44828587770462036,,0.328658789396286
,5372.0,15,6.0579310229513794e-05,38849,,12.800427436828613,,1.74990975856781,,0.44838374853134155,,0.3287559747695923
,5408.0,15,6.052413664292544e-05,38899,,11.88032341003418,,1.5185617208480835,,0.44848307967185974,,0.3288686275482178
,5468.0,15,6.0468966694315895e-05,38949,,9.988767623901367,,1.6376721858978271,,0.44858241081237793,,0.32897013425827026
,5476.0,15,6.041379310772754e-05,38999,,14.534722328186035,,1.5203336477279663,,0.4486740529537201,,0.32906273007392883
,5504.0,15,6.035861952113919e-05,39049,,14.483711242675781,,1.6538044214248657,,0.4487691819667816,,0.32916322350502014
,5428.0,15,6.0303449572529644e-05,39099,,16.672101974487305,,1.2070093154907227,,0.4488614797592163,,0.32926058769226074
,5484.0,15,6.024827598594129e-05,39149,,12.491968154907227,,1.7550959587097168,,0.4489554464817047,,0.32936257123947144
,5460.0,15,6.019310239935294e-05,39199,,12.5651216506958,,1.6658458709716797,,0.4490494430065155,,0.32945871353149414
,5472.0,15,6.013793245074339e-05,39249,,14.159750938415527,,1.269340991973877,,0.44913360476493835,,0.32955029606819153
,5484.0,15,6.008275886415504e-05,39299,,16.457916259765625,,1.3961504697799683,,0.44922342896461487,,0.32965195178985596
,5456.0,15,6.0027585277566686e-05,39349,,15.658783912658691,,2.0230984687805176,,0.4493049383163452,,0.32974058389663696
,5412.0,15,5.997241532895714e-05,39399,,11.784696578979492,,1.5653306245803833,,0.449399471282959,,0.3298425078392029
,5432.0,15,5.991724174236879e-05,39449,,17.7503719329834,,1.3719065189361572,,0.44949430227279663,,0.32994094491004944
,5492.0,15,5.9862068155780435e-05,39499,,9.287227630615234,,1.7835705280303955,,0.449584424495697,,0.33003705739974976
,5404.0,15,5.980689820717089e-05,39549,,15.428666114807129,,1.2710883617401123,,0.4496719539165497,,0.3301301896572113
,5500.0,15,5.9751724620582536e-05,39599,,11.9861421585083,,1.667722463607788,,0.44976121187210083,,0.3302372395992279
,5476.0,15,5.969655103399418e-05,39649,,12.803841590881348,,1.6016180515289307,,0.4498581290245056,,0.33033287525177
,5500.0,15,5.964138108538464e-05,39699,,16.99666976928711,,2.07161021232605,,0.44995081424713135,,0.33042827248573303
,5500.0,15,5.9586207498796284e-05,39749,,15.039998054504395,,1.5472649335861206,,0.4500470757484436,,0.3305210471153259
,5464.0,15,5.953103391220793e-05,39799,,13.046050071716309,,1.7140663862228394,,0.45014071464538574,,0.3306257128715515
,5500.0,15,5.947586032561958e-05,39849,,12.505549430847168,,1.445629358291626,,0.4502255320549011,,0.3307153880596161
,5480.0,15,5.942069037701003e-05,39899,,12.186565399169922,,2.0782155990600586,,0.4503140151500702,,0.3308168053627014
,5524.0,15,5.936551679042168e-05,39949,,16.734609603881836,,2.067744255065918,,0.4504026770591736,,0.33091193437576294
,5404.0,15,5.931034320383333e-05,39999,,15.718245506286621,,1.304607629776001,,0.4504897892475128,,0.331015020608902
,5488.0,15,5.925517325522378e-05,40049,,15.78557300567627,,1.5456852912902832,,0.45058563351631165,,0.3311193585395813
,5460.0,15,5.919999966863543e-05,40099,,18.944955825805664,,1.7162989377975464,,0.450674831867218,,0.33121803402900696
5462.67919921875,,15,,40127,13.79784870147705,,1.6751490831375122,,0.44840797781944275,,0.32878512144088745,
,5484.0,16,5.9144826082047075e-05,40149,,12.225624084472656,,1.5877841711044312,,0.45076489448547363,,0.33131206035614014
,5544.0,16,5.908965613343753e-05,40199,,14.970141410827637,,1.9805625677108765,,0.45085790753364563,,0.33140498399734497
,5436.0,16,5.9034482546849176e-05,40249,,16.292591094970703,,1.6810173988342285,,0.4509490430355072,,0.3315088152885437
,5512.0,16,5.897930896026082e-05,40299,,12.225320816040039,,1.557936429977417,,0.4510324001312256,,0.3316083550453186
,5416.0,16,5.892413901165128e-05,40349,,15.04892349243164,,1.5436304807662964,,0.45111945271492004,,0.33170086145401
,5460.0,16,5.8868965425062925e-05,40399,,15.292648315429688,,1.662835717201233,,0.45121318101882935,,0.33180540800094604
,5524.0,16,5.881379183847457e-05,40449,,18.00809097290039,,1.442596197128296,,0.45130589604377747,,0.3319177031517029
,5520.0,16,5.8758621889865026e-05,40499,,13.631959915161133,,1.753934383392334,,0.4513920545578003,,0.3320207893848419
,5552.0,16,5.870344830327667e-05,40549,,15.466818809509277,,1.6430057287216187,,0.4514845013618469,,0.3321090340614319
,5452.0,16,5.864827471668832e-05,40599,,15.684934616088867,,1.2860174179077148,,0.4515751004219055,,0.3322059214115143
,5408.0,16,5.8593104768078774e-05,40649,,17.385478973388672,,1.500110149383545,,0.45166298747062683,,0.33229735493659973
,5468.0,16,5.853793118149042e-05,40699,,12.057093620300293,,2.059291362762451,,0.4517534375190735,,0.33239924907684326
,5380.0,16,5.848275759490207e-05,40749,,8.592260360717773,,1.620330810546875,,0.4518470764160156,,0.3324856460094452
,5384.0,16,5.842758764629252e-05,40799,,15.89855670928955,,1.5608750581741333,,0.45193779468536377,,0.33258333802223206
,5468.0,16,5.837241405970417e-05,40849,,17.228111267089844,,1.8658177852630615,,0.45202842354774475,,0.33268821239471436
,5508.0,16,5.831724047311582e-05,40899,,15.287467002868652,,1.6376289129257202,,0.45211613178253174,,0.3327760100364685
,5392.0,16,5.826207052450627e-05,40949,,16.412691116333008,,2.014801263809204,,0.45219603180885315,,0.3328680694103241
,5420.0,16,5.820689693791792e-05,40999,,16.717731475830078,,1.8418713808059692,,0.45227834582328796,,0.3329637050628662
,5480.0,16,5.8151723351329565e-05,41049,,17.758386611938477,,1.4818817377090454,,0.4523676633834839,,0.33306175470352173
,5372.0,16,5.809655340272002e-05,41099,,11.749964714050293,,1.729353904724121,,0.45246070623397827,,0.3331637382507324
,5484.0,16,5.8041379816131666e-05,41149,,14.733323097229004,,1.5682995319366455,,0.4525408148765564,,0.3332548141479492
,5408.0,16,5.798620622954331e-05,41199,,15.008298873901367,,1.6504403352737427,,0.45262444019317627,,0.3333575427532196
,5452.0,16,5.793103628093377e-05,41249,,16.073896408081055,,1.6005522012710571,,0.45271143317222595,,0.3334583640098572
,5416.0,16,5.7875862694345415e-05,41299,,13.929433822631836,,1.887089729309082,,0.4528099000453949,,0.3335587978363037
,5512.0,16,5.782068910775706e-05,41349,,11.231492042541504,,1.62762451171875,,0.45290637016296387,,0.333661824464798
,5428.0,16,5.776551552116871e-05,41399,,20.204618453979492,,1.559332013130188,,0.45299312472343445,,0.3337574303150177
,5468.0,16,5.771034557255916e-05,41449,,16.028940200805664,,1.6514567136764526,,0.4530801475048065,,0.33385366201400757
,5436.0,16,5.765517198597081e-05,41499,,18.679885864257812,,0.8767479658126831,,0.45316433906555176,,0.33394697308540344
,5416.0,16,5.759999839938246e-05,41549,,14.54374885559082,,1.8981266021728516,,0.453249454498291,,0.334054172039032
,5488.0,16,5.754482845077291e-05,41599,,13.850015640258789,,1.2872166633605957,,0.45334190130233765,,0.33415451645851135
,5392.0,16,5.748965486418456e-05,41649,,14.730791091918945,,2.180832862854004,,0.4534325897693634,,0.33425140380859375
,5508.0,16,5.7434481277596205e-05,41699,,16.97411346435547,,1.6727968454360962,,0.4535213112831116,,0.33435767889022827
,5464.0,16,5.737931132898666e-05,41749,,15.593544960021973,,1.784664273262024,,0.4536060690879822,,0.3344576358795166
,5392.0,16,5.732413774239831e-05,41799,,16.957698822021484,,1.85867178440094,,0.4536895453929901,,0.334552526473999
,5532.0,16,5.7268964155809954e-05,41849,,18.372934341430664,,1.8250706195831299,,0.45377883315086365,,0.3346419632434845
,5432.0,16,5.721379420720041e-05,41899,,17.586801528930664,,1.6787405014038086,,0.45386314392089844,,0.33474230766296387
,5496.0,16,5.7158620620612055e-05,41949,,14.147940635681152,,1.7336019277572632,,0.45394203066825867,,0.3348381817340851
,5512.0,16,5.71034470340237e-05,41999,,15.077557563781738,,1.4504435062408447,,0.4540301263332367,,0.33493712544441223
,5496.0,16,5.7048277085414156e-05,42049,,13.356841087341309,,1.8549401760101318,,0.45410603284835815,,0.3350256383419037
,5468.0,16,5.6993103498825803e-05,42099,,9.694188117980957,,1.9111509323120117,,0.4541948437690735,,0.33512380719184875
,5436.0,16,5.693792991223745e-05,42149,,13.145052909851074,,1.4434844255447388,,0.45427218079566956,,0.335207998752594
,5420.0,16,5.6882759963627905e-05,42199,,14.113946914672852,,1.7628412246704102,,0.4543590545654297,,0.33529558777809143
,5492.0,16,5.682758637703955e-05,42249,,13.356796264648438,,1.893909215927124,,0.4544479250907898,,0.3353808522224426
,5452.0,16,5.67724127904512e-05,42299,,15.477245330810547,,1.7661457061767578,,0.4545314311981201,,0.33547890186309814
,5408.0,16,5.671724284184165e-05,42349,,12.567704200744629,,1.8465708494186401,,0.45461469888687134,,0.33557185530662537
,5424.0,16,5.66620692552533e-05,42399,,15.699349403381348,,1.5785398483276367,,0.4547041952610016,,0.33566105365753174
,5452.0,16,5.660689566866495e-05,42449,,17.53335189819336,,1.4529012441635132,,0.4547789990901947,,0.33575719594955444
,5448.0,16,5.65517257200554e-05,42499,,13.42458438873291,,1.895034909248352,,0.4548584222793579,,0.33584585785865784
,5492.0,16,5.649655213346705e-05,42549,,15.49460220336914,,1.72050940990448,,0.45493876934051514,,0.335945188999176
,5444.0,16,5.6441378546878695e-05,42599,,18.32842445373535,,1.2707064151763916,,0.45502614974975586,,0.3360244631767273
5461.822265625,,16,,42635,14.864913940429688,,1.66123366355896,,0.45295336842536926,,0.33372390270233154,
,5496.0,17,5.638620859826915e-05,42649,,13.618520736694336,,1.789994239807129,,0.4551115036010742,,0.3361159563064575
,5536.0,17,5.63310350116808e-05,42699,,14.683646202087402,,1.6302704811096191,,0.4551907479763031,,0.33620795607566833
,5472.0,17,5.6275861425092444e-05,42749,,14.176740646362305,,1.976476788520813,,0.45527175068855286,,0.336300790309906
,5504.0,17,5.622068783850409e-05,42799,,16.9764404296875,,1.938771367073059,,0.4553595781326294,,0.33638691902160645
,5436.0,17,5.6165517889894545e-05,42849,,19.475698471069336,,1.6286097764968872,,0.4554324150085449,,0.3364747166633606
,5452.0,17,5.611034430330619e-05,42899,,19.331695556640625,,1.3940383195877075,,0.45551589131355286,,0.33656400442123413
,5504.0,17,5.605517071671784e-05,42949,,12.406697273254395,,1.5682871341705322,,0.4556056559085846,,0.3366551995277405
,5412.0,17,5.6000000768108293e-05,42999,,11.989059448242188,,1.5448046922683716,,0.45568740367889404,,0.33674702048301697
,5444.0,17,5.594482718151994e-05,43049,,14.385658264160156,,1.8861570358276367,,0.4557671844959259,,0.33683666586875916
,5400.0,17,5.588965359493159e-05,43099,,11.838955879211426,,1.9396170377731323,,0.4558432996273041,,0.33692610263824463
,5548.0,17,5.583448364632204e-05,43149,,16.698373794555664,,1.9534797668457031,,0.455925315618515,,0.3370204269886017
,5448.0,17,5.577931005973369e-05,43199,,15.61392593383789,,1.7567248344421387,,0.45601189136505127,,0.33710503578186035
,5400.0,17,5.5724136473145336e-05,43249,,15.20185375213623,,1.5809575319290161,,0.45609939098358154,,0.3371966779232025
,5500.0,17,5.566896652453579e-05,43299,,17.846389770507812,,1.6091923713684082,,0.45618003606796265,,0.3372877836227417
,5372.0,17,5.561379293794744e-05,43349,,14.347650527954102,,1.3707571029663086,,0.4562613368034363,,0.33737683296203613
,5468.0,17,5.5558619351359084e-05,43399,,14.282702445983887,,1.6748888492584229,,0.45633870363235474,,0.3374621272087097
,5440.0,17,5.550344940274954e-05,43449,,8.273859977722168,,1.3614646196365356,,0.4564172029495239,,0.3375619947910309
,5496.0,17,5.5448275816161186e-05,43499,,9.299492835998535,,2.018415689468384,,0.4565039873123169,,0.3376516103744507
,5424.0,17,5.539310222957283e-05,43549,,15.996566772460938,,1.888940691947937,,0.4565902352333069,,0.33773937821388245
,5448.0,17,5.533793228096329e-05,43599,,17.669248580932617,,1.9254961013793945,,0.4566721022129059,,0.3378211259841919
,5388.0,17,5.5282758694374934e-05,43649,,16.358139038085938,,1.69704270362854,,0.45675259828567505,,0.3379073143005371
,5476.0,17,5.522758510778658e-05,43699,,14.868059158325195,,1.737418293952942,,0.45682817697525024,,0.337993323802948
,5488.0,17,5.5172415159177035e-05,43749,,16.77482032775879,,1.4686291217803955,,0.45690417289733887,,0.33808380365371704
,5492.0,17,5.511724157258868e-05,43799,,16.517017364501953,,1.5102734565734863,,0.45699620246887207,,0.33816564083099365
,5532.0,17,5.506206798600033e-05,43849,,11.49994945526123,,1.7342385053634644,,0.45707398653030396,,0.3382565975189209
,5420.0,17,5.5006898037390783e-05,43899,,17.06279945373535,,1.570622205734253,,0.4571496546268463,,0.33834511041641235
,5432.0,17,5.495172445080243e-05,43949,,14.931939125061035,,1.9443234205245972,,0.45724889636039734,,0.3384363651275635
,5452.0,17,5.489655086421408e-05,43999,,13.794047355651855,,1.6258330345153809,,0.45733439922332764,,0.3385225534439087
,5424.0,17,5.484138091560453e-05,44049,,18.13541030883789,,1.6452823877334595,,0.4574185311794281,,0.33860883116722107
,5404.0,17,5.478620732901618e-05,44099,,14.178099632263184,,1.6414356231689453,,0.4574946463108063,,0.3386983275413513
,5372.0,17,5.4731033742427826e-05,44149,,15.712230682373047,,1.5240402221679688,,0.45756712555885315,,0.33878034353256226
,5380.0,17,5.467586379381828e-05,44199,,17.111902236938477,,1.6934361457824707,,0.4576500356197357,,0.33886969089508057
,5456.0,17,5.462069020722993e-05,44249,,17.90724754333496,,1.632619857788086,,0.4577270746231079,,0.33896443247795105
,5404.0,17,5.4565516620641574e-05,44299,,17.725021362304688,,1.2171411514282227,,0.4577970802783966,,0.33905258774757385
,5480.0,17,5.451034303405322e-05,44349,,11.864500999450684,,2.0722169876098633,,0.4578804671764374,,0.33915308117866516
,5484.0,17,5.4455173085443676e-05,44399,,14.332660675048828,,1.7455087900161743,,0.45796048641204834,,0.33924126625061035
,5524.0,17,5.439999949885532e-05,44449,,20.69173240661621,,1.5275450944900513,,0.45804715156555176,,0.3393263816833496
,5388.0,17,5.434482591226697e-05,44499,,11.526193618774414,,1.1490663290023804,,0.45813530683517456,,0.3394148051738739
,5456.0,17,5.4289655963657424e-05,44549,,14.043220520019531,,1.7619483470916748,,0.4582122564315796,,0.33949464559555054
,5456.0,17,5.423448237706907e-05,44599,,19.234949111938477,,2.042158842086792,,0.45828744769096375,,0.3395770192146301
,5440.0,17,5.417930879048072e-05,44649,,15.897005081176758,,1.7912781238555908,,0.45836418867111206,,0.3396603465080261
,5392.0,17,5.412413884187117e-05,44699,,20.691577911376953,,1.7443616390228271,,0.45843398571014404,,0.33974695205688477
,5456.0,17,5.406896525528282e-05,44749,,18.70084571838379,,1.511418342590332,,0.45850494503974915,,0.33982786536216736
,5492.0,17,5.4013791668694466e-05,44799,,18.95984649658203,,1.375252366065979,,0.4585827887058258,,0.33991193771362305
,5500.0,17,5.395862172008492e-05,44849,,18.628164291381836,,1.375378131866455,,0.4586542248725891,,0.33999165892601013
,5512.0,17,5.390344813349657e-05,44899,,22.127031326293945,,1.766937255859375,,0.4587303102016449,,0.34006956219673157
,5484.0,17,5.3848274546908215e-05,44949,,15.655983924865723,,1.7819604873657227,,0.4588041305541992,,0.3401471674442291
,5412.0,17,5.379310459829867e-05,44999,,21.41288185119629,,1.6190712451934814,,0.4588727056980133,,0.3402359187602997
,5472.0,17,5.3737931011710316e-05,45049,,13.912576675415039,,1.4951874017715454,,0.45895183086395264,,0.3403141498565674
,5492.0,17,5.368275742512196e-05,45099,,17.953401565551758,,1.6470931768417358,,0.45903146266937256,,0.3404102623462677
5461.208984375,,17,,45143,15.642342567443848,,1.645627498626709,,0.45713990926742554,,0.3383282423019409,
,5516.0,18,5.362758747651242e-05,45149,,16.93772315979004,,1.4583215713500977,,0.45910435914993286,,0.34048759937286377
,5548.0,18,5.3572413889924064e-05,45199,,15.137670516967773,,1.776492714881897,,0.4591846168041229,,0.34056445956230164
,5484.0,18,5.351724030333571e-05,45249,,14.938960075378418,,1.7912029027938843,,0.4592600166797638,,0.34064164757728577
,5456.0,18,5.3462070354726166e-05,45299,,16.22427749633789,,1.7734917402267456,,0.4593297243118286,,0.3407299518585205
,5488.0,18,5.340689676813781e-05,45349,,16.60125732421875,,1.772316575050354,,0.45940786600112915,,0.3408230245113373
,5492.0,18,5.335172318154946e-05,45399,,18.363759994506836,,1.416619062423706,,0.459472119808197,,0.3409031629562378
,5432.0,18,5.3296553232939914e-05,45449,,18.233627319335938,,1.465072751045227,,0.45955586433410645,,0.3409799039363861
,5464.0,18,5.324137964635156e-05,45499,,13.597929000854492,,1.9101084470748901,,0.459634006023407,,0.34105920791625977
,5480.0,18,5.318620605976321e-05,45549,,17.76709747314453,,1.7835817337036133,,0.4597133994102478,,0.3411385416984558
,5432.0,18,5.313103611115366e-05,45599,,22.4003849029541,,1.199370265007019,,0.4597921371459961,,0.34122079610824585
,5432.0,18,5.307586252456531e-05,45649,,15.244861602783203,,1.5372130870819092,,0.459869921207428,,0.34130239486694336
,5464.0,18,5.3020688937976956e-05,45699,,19.482423782348633,,1.2721678018569946,,0.4599480926990509,,0.341380774974823
,5552.0,18,5.296551898936741e-05,45749,,11.801414489746094,,1.9135810136795044,,0.4600216746330261,,0.3414630889892578
,5456.0,18,5.291034540277906e-05,45799,,15.051885604858398,,1.4947324991226196,,0.46008965373039246,,0.3415462076663971
,5512.0,18,5.2855171816190705e-05,45849,,13.398180961608887,,1.898321270942688,,0.4601677656173706,,0.34163451194763184
,5392.0,18,5.279999822960235e-05,45899,,16.667898178100586,,1.53032648563385,,0.4602370262145996,,0.3417186737060547
,5384.0,18,5.2744828280992806e-05,45949,,17.60409927368164,,1.3699811697006226,,0.4603106677532196,,0.3417964279651642
,5484.0,18,5.268965469440445e-05,45999,,12.440217018127441,,1.824566125869751,,0.46038585901260376,,0.3418704569339752
,5552.0,18,5.26344811078161e-05,46049,,14.172406196594238,,1.6604691743850708,,0.46045738458633423,,0.341952383518219
,5452.0,18,5.2579311159206554e-05,46099,,12.266831398010254,,1.6030367612838745,,0.460526704788208,,0.34202367067337036
,5424.0,18,5.25241375726182e-05,46149,,14.304229736328125,,1.4541434049606323,,0.4606013298034668,,0.3421119749546051
,5516.0,18,5.246896398602985e-05,46199,,18.499021530151367,,1.733612060546875,,0.46066486835479736,,0.3421943783760071
,5512.0,18,5.24137940374203e-05,46249,,20.28215789794922,,1.9660801887512207,,0.4607387185096741,,0.34227681159973145
,5472.0,18,5.235862045083195e-05,46299,,16.383159637451172,,1.7739306688308716,,0.46081462502479553,,0.34236156940460205
,5396.0,18,5.23034468642436e-05,46349,,15.688218116760254,,1.359256625175476,,0.4608892798423767,,0.3424527049064636
,5420.0,18,5.224827691563405e-05,46399,,20.194873809814453,,1.5254511833190918,,0.460957795381546,,0.34251946210861206
,5476.0,18,5.21931033290457e-05,46449,,14.49521541595459,,1.807000994682312,,0.46103188395500183,,0.3426033854484558
,5404.0,18,5.2137929742457345e-05,46499,,15.625702857971191,,1.7397767305374146,,0.46111375093460083,,0.3426877558231354
,5432.0,18,5.20827597938478e-05,46549,,15.053979873657227,,1.512107014656067,,0.4611870348453522,,0.3427685797214508
,5460.0,18,5.2027586207259446e-05,46599,,16.165817260742188,,1.9990534782409668,,0.4612547755241394,,0.34284088015556335
,5464.0,18,5.1972412620671093e-05,46649,,14.511568069458008,,1.8906117677688599,,0.46132880449295044,,0.34291744232177734
,5500.0,18,5.191724267206155e-05,46699,,13.829652786254883,,1.3565278053283691,,0.4614083170890808,,0.34300124645233154
,5476.0,18,5.1862069085473195e-05,46749,,14.040964126586914,,1.7822197675704956,,0.46147215366363525,,0.343078076839447
,5492.0,18,5.180689549888484e-05,46799,,18.21662139892578,,1.7122547626495361,,0.4615474343299866,,0.34316372871398926
,5504.0,18,5.1751725550275296e-05,46849,,20.4561710357666,,1.354491949081421,,0.4616198241710663,,0.34324783086776733
,5432.0,18,5.169655196368694e-05,46899,,18.88129234313965,,1.3694490194320679,,0.4616945683956146,,0.3433290719985962
,5512.0,18,5.164137837709859e-05,46949,,22.437461853027344,,1.3213247060775757,,0.4617616534233093,,0.3434112071990967
,5428.0,18,5.1586208428489044e-05,46999,,19.51643943786621,,1.6394524574279785,,0.4618319571018219,,0.3434953987598419
,5520.0,18,5.153103484190069e-05,47049,,18.782222747802734,,1.866395115852356,,0.4618982672691345,,0.3435821235179901
,5492.0,18,5.147586125531234e-05,47099,,20.230327606201172,,1.3089998960494995,,0.4619758129119873,,0.3436650037765503
,5412.0,18,5.142069130670279e-05,47149,,16.368370056152344,,1.669313907623291,,0.46205565333366394,,0.343747079372406
,5424.0,18,5.136551772011444e-05,47199,,12.906996726989746,,1.4302250146865845,,0.4621259868144989,,0.3438270390033722
,5372.0,18,5.131034413352609e-05,47249,,20.46956443786621,,1.4021289348602295,,0.4621984660625458,,0.34391316771507263
,5432.0,18,5.125517418491654e-05,47299,,18.65559959411621,,1.643805742263794,,0.4622623324394226,,0.34398990869522095
,5548.0,18,5.120000059832819e-05,47349,,12.702458381652832,,1.7216259241104126,,0.46234142780303955,,0.3440741002559662
,5376.0,18,5.1144827011739835e-05,47399,,19.177297592163086,,1.7394381761550903,,0.4624197483062744,,0.34415769577026367
,5412.0,18,5.108965342515148e-05,47449,,17.545761108398438,,1.761935830116272,,0.46248960494995117,,0.3442366123199463
,5500.0,18,5.1034483476541936e-05,47499,,15.986079216003418,,2.023878335952759,,0.4625641107559204,,0.3443182110786438
,5508.0,18,5.0979309889953583e-05,47549,,16.291303634643555,,1.2482229471206665,,0.4626324772834778,,0.3444015681743622
,5424.0,18,5.092413630336523e-05,47599,,14.777251243591309,,1.7306879758834839,,0.4627020061016083,,0.34448179602622986
,5416.0,18,5.0868966354755685e-05,47649,,17.132057189941406,,1.8660284280776978,,0.46277058124542236,,0.3445560932159424
5461.7607421875,,18,,47651,16.542282104492188,,1.6368825435638428,,0.460967093706131,,0.3425283432006836,
,5492.0,19,5.081379276816733e-05,47699,,20.15069580078125,,1.3306303024291992,,0.4628458619117737,,0.3446325659751892
,5468.0,19,5.075861918157898e-05,47749,,23.16263198852539,,1.8338316679000854,,0.4629138112068176,,0.34470459818840027
,5516.0,19,5.070344923296943e-05,47799,,14.204026222229004,,1.8394981622695923,,0.46298539638519287,,0.3447737693786621
,5452.0,19,5.064827564638108e-05,47849,,14.49248218536377,,1.8629422187805176,,0.46305811405181885,,0.34485241770744324
,5504.0,19,5.059310205979273e-05,47899,,16.595823287963867,,1.637068271636963,,0.46313074231147766,,0.34493696689605713
,5472.0,19,5.053793211118318e-05,47949,,16.60222053527832,,1.74697744846344,,0.46320003271102905,,0.3450187146663666
,5524.0,19,5.048275852459483e-05,47999,,18.63102912902832,,1.7694790363311768,,0.46326982975006104,,0.3451039791107178
,5436.0,19,5.0427584938006476e-05,48049,,16.971832275390625,,1.6407133340835571,,0.4633389115333557,,0.34518638253211975
,5456.0,19,5.037241498939693e-05,48099,,11.833788871765137,,1.8608291149139404,,0.46340906620025635,,0.3452693819999695
,5456.0,19,5.031724140280858e-05,48149,,17.592885971069336,,1.3306615352630615,,0.4634770154953003,,0.3453511595726013
,5484.0,19,5.0262067816220224e-05,48199,,13.165513038635254,,1.8098307847976685,,0.4635448455810547,,0.3454348146915436
,5536.0,19,5.020689786761068e-05,48249,,23.104764938354492,,1.634306788444519,,0.4636151194572449,,0.3455190062522888
,5484.0,19,5.0151724281022325e-05,48299,,11.777562141418457,,1.6670929193496704,,0.4636839032173157,,0.34559351205825806
,5488.0,19,5.009655069443397e-05,48349,,16.420001983642578,,1.7411844730377197,,0.4637491703033447,,0.3456743359565735
,5468.0,19,5.0041380745824426e-05,48399,,13.765362739562988,,1.438752293586731,,0.4638158082962036,,0.3457503318786621
,5556.0,19,4.9986207159236073e-05,48449,,19.003887176513672,,1.5386568307876587,,0.46388041973114014,,0.3458361327648163
,5448.0,19,4.993103357264772e-05,48499,,12.942222595214844,,1.6303257942199707,,0.4639480710029602,,0.34592321515083313
,5376.0,19,4.9875863624038175e-05,48549,,20.065101623535156,,1.247886061668396,,0.4640178382396698,,0.3460015058517456
,5524.0,19,4.982069003744982e-05,48599,,20.63068962097168,,1.5594152212142944,,0.4640870690345764,,0.34606868028640747
,5480.0,19,4.976551645086147e-05,48649,,18.80996322631836,,1.6667065620422363,,0.46415606141090393,,0.34614911675453186
,5480.0,19,4.971034650225192e-05,48699,,15.602493286132812,,1.4621468782424927,,0.4642270505428314,,0.34623515605926514
,5456.0,19,4.965517291566357e-05,48749,,20.571969985961914,,1.5692976713180542,,0.4642980694770813,,0.34631645679473877
,5444.0,19,4.959999932907522e-05,48799,,9.783879280090332,,1.8103736639022827,,0.4643741548061371,,0.3463887572288513
,5380.0,19,4.954482938046567e-05,48849,,19.108261108398438,,1.4277297258377075,,0.4644443094730377,,0.346463143825531
,5492.0,19,4.948965579387732e-05,48899,,16.259292602539062,,1.9398165941238403,,0.4645068645477295,,0.3465467393398285
,5540.0,19,4.9434482207288966e-05,48949,,14.030607223510742,,1.7066205739974976,,0.46457386016845703,,0.34661704301834106
,5452.0,19,4.937930862070061e-05,48999,,15.376105308532715,,1.7501461505889893,,0.4646407961845398,,0.3466917872428894
,5560.0,19,4.932413867209107e-05,49049,,22.442951202392578,,2.004662275314331,,0.46471482515335083,,0.3467704653739929
,5440.0,19,4.9268965085502714e-05,49099,,16.679258346557617,,2.02058744430542,,0.46478357911109924,,0.34685245156288147
,5504.0,19,4.921379149891436e-05,49149,,17.95663070678711,,1.9361062049865723,,0.4648517370223999,,0.34693825244903564
,5504.0,19,4.9158621550304815e-05,49199,,14.96170711517334,,1.5884963274002075,,0.46491509675979614,,0.3470168709754944
,5412.0,19,4.910344796371646e-05,49249,,24.214229583740234,,1.5022449493408203,,0.464984267950058,,0.3471067547798157
,5484.0,19,4.904827437712811e-05,49299,,17.985898971557617,,1.5249414443969727,,0.46505898237228394,,0.3471832573413849
,5552.0,19,4.8993104428518564e-05,49349,,16.16995620727539,,1.4905680418014526,,0.465122252702713,,0.347256600856781
,5508.0,19,4.893793084193021e-05,49399,,20.362533569335938,,1.688846468925476,,0.46519237756729126,,0.3473331332206726
,5480.0,19,4.888275725534186e-05,49449,,18.785293579101562,,1.3947371244430542,,0.46525949239730835,,0.3474140167236328
,5360.0,19,4.882758730673231e-05,49499,,16.61123275756836,,1.812530279159546,,0.4653257429599762,,0.3474854528903961
,5384.0,19,4.877241372014396e-05,49549,,20.019590377807617,,1.5351804494857788,,0.46539363265037537,,0.34756407141685486
,5504.0,19,4.8717240133555606e-05,49599,,18.306873321533203,,1.5336158275604248,,0.4654620289802551,,0.3476424813270569
,5500.0,19,4.866207018494606e-05,49649,,17.76601219177246,,1.9058220386505127,,0.46553027629852295,,0.3477218747138977
,5472.0,19,4.860689659835771e-05,49699,,13.373236656188965,,1.86336088180542,,0.4655996859073639,,0.34779804944992065
,5452.0,19,4.8551723011769354e-05,49749,,16.119916915893555,,1.4789420366287231,,0.46566808223724365,,0.3478698134422302
,5464.0,19,4.849655306315981e-05,49799,,14.771352767944336,,1.585532307624817,,0.4657340943813324,,0.3479498028755188
,5448.0,19,4.8441379476571456e-05,49849,,25.85439682006836,,1.438910722732544,,0.4657977819442749,,0.3480257987976074
,5480.0,19,4.83862058899831e-05,49899,,18.539587020874023,,1.6733039617538452,,0.4658672511577606,,0.34810709953308105
,5384.0,19,4.833103594137356e-05,49949,,17.300121307373047,,1.444672703742981,,0.4659388065338135,,0.34817662835121155
,5508.0,19,4.8275862354785204e-05,49999,,19.259525299072266,,1.8227688074111938,,0.46600550413131714,,0.348262757062912
,5416.0,19,4.822068876819685e-05,50049,,17.855363845825195,,1.8977539539337158,,0.4660685062408447,,0.3483404219150543
,5508.0,19,4.8165518819587305e-05,50099,,17.20789337158203,,1.6113172769546509,,0.46612975001335144,,0.348419725894928
,5452.0,19,4.811034523299895e-05,50149,,17.084461212158203,,1.5288519859313965,,0.4661935865879059,,0.3485003411769867
5463.19091796875,,19,,50159,17.14533042907715,,1.6262558698654175,,0.4645218849182129,,0.346555233001709,
,5424.0,20,4.80551716464106e-05,50199,,15.146380424499512,,1.6903362274169922,,0.46626177430152893,,0.3485727906227112
,5472.0,20,4.8000001697801054e-05,50249,,12.836520195007324,,1.6746472120285034,,0.4663237929344177,,0.34865158796310425
,5384.0,20,4.79448281112127e-05,50299,,20.47954559326172,,1.0408947467803955,,0.4663861393928528,,0.34872615337371826
,5484.0,20,4.788965452462435e-05,50349,,16.98179054260254,,1.5128847360610962,,0.46644797921180725,,0.3488081693649292
,5432.0,20,4.78344845760148e-05,50399,,22.607982635498047,,1.6671603918075562,,0.4665180444717407,,0.3488811254501343
,5436.0,20,4.777931098942645e-05,50449,,14.286188125610352,,1.849001169204712,,0.4665853679180145,,0.3489486575126648
,5436.0,20,4.7724137402838096e-05,50499,,17.315378189086914,,1.6675971746444702,,0.4666486382484436,,0.349030077457428
,5460.0,20,4.766896381624974e-05,50549,,19.633996963500977,,1.4755549430847168,,0.4667099714279175,,0.3491049110889435
,5492.0,20,4.76137938676402e-05,50599,,18.79306983947754,,1.781470537185669,,0.46677806973457336,,0.34918344020843506
,5464.0,20,4.7558620281051844e-05,50649,,16.83008575439453,,1.9500919580459595,,0.46684181690216064,,0.3492637574672699
,5496.0,20,4.750344669446349e-05,50699,,18.63553810119629,,1.904062032699585,,0.4669123589992523,,0.3493439257144928
,5416.0,20,4.7448276745853946e-05,50749,,18.356273651123047,,1.508634328842163,,0.4669768214225769,,0.349421888589859
,5472.0,20,4.739310315926559e-05,50799,,15.891389846801758,,1.8383444547653198,,0.46703338623046875,,0.3495056927204132
,5404.0,20,4.733792957267724e-05,50849,,17.34351921081543,,1.5709151029586792,,0.46711134910583496,,0.3495867848396301
,5452.0,20,4.7282759624067694e-05,50899,,18.841981887817383,,1.271997094154358,,0.46717867255210876,,0.3496643304824829
,5536.0,20,4.722758603747934e-05,50949,,18.827653884887695,,1.8966423273086548,,0.4672475755214691,,0.3497377932071686
,5484.0,20,4.717241245089099e-05,50999,,11.675677299499512,,1.5779697895050049,,0.46731358766555786,,0.3498096466064453
,5456.0,20,4.711724250228144e-05,51049,,19.49016571044922,,1.301946759223938,,0.467375248670578,,0.3498859405517578
,5464.0,20,4.706206891569309e-05,51099,,20.476205825805664,,1.690844178199768,,0.4674459397792816,,0.3499637842178345
,5496.0,20,4.7006895329104736e-05,51149,,20.801868438720703,,1.8508812189102173,,0.4675081670284271,,0.3500385582447052
,5460.0,20,4.695172538049519e-05,51199,,17.966346740722656,,1.5455151796340942,,0.46756836771965027,,0.35011616349220276
,5516.0,20,4.689655179390684e-05,51249,,19.23634910583496,,1.4377257823944092,,0.4676331579685211,,0.35019341111183167
,5404.0,20,4.6841378207318485e-05,51299,,14.815342903137207,,1.836259126663208,,0.4676922857761383,,0.35026493668556213
,5488.0,20,4.678620825870894e-05,51349,,17.969186782836914,,1.8829299211502075,,0.4677591025829315,,0.35034093260765076
,5524.0,20,4.6731034672120586e-05,51399,,14.415358543395996,,1.5420730113983154,,0.4678252637386322,,0.35041266679763794
,5472.0,20,4.667586108553223e-05,51449,,18.251773834228516,,1.863155484199524,,0.4678892195224762,,0.35048818588256836
,5440.0,20,4.662069113692269e-05,51499,,20.13495445251465,,2.282453775405884,,0.46795421838760376,,0.35055774450302124
,5520.0,20,4.6565517550334334e-05,51549,,17.41915512084961,,1.6673864126205444,,0.46800416707992554,,0.35062360763549805
,5440.0,20,4.651034396374598e-05,51599,,23.607255935668945,,1.649228811264038,,0.4680667519569397,,0.3506960868835449
,5448.0,20,4.6455174015136436e-05,51649,,15.261497497558594,,1.5241166353225708,,0.46812644600868225,,0.3507733941078186
,5528.0,20,4.640000042854808e-05,51699,,20.646400451660156,,1.4842599630355835,,0.46818381547927856,,0.3508457839488983
,5452.0,20,4.634482684195973e-05,51749,,16.101102828979492,,1.5747337341308594,,0.46825268864631653,,0.35092538595199585
,5528.0,20,4.6289656893350184e-05,51799,,19.607141494750977,,1.3763413429260254,,0.46831443905830383,,0.3509962260723114
,5496.0,20,4.623448330676183e-05,51849,,16.960256576538086,,1.8930189609527588,,0.4683796763420105,,0.3510710597038269
,5412.0,20,4.617930972017348e-05,51899,,18.3895263671875,,1.2565733194351196,,0.46844205260276794,,0.3511499762535095
,5480.0,20,4.6124136133585125e-05,51949,,11.195965766906738,,1.3925950527191162,,0.4685003459453583,,0.35121819376945496
,5392.0,20,4.606896618497558e-05,51999,,14.15046215057373,,1.2230634689331055,,0.46856507658958435,,0.35128694772720337
,5452.0,20,4.6013792598387226e-05,52049,,22.787933349609375,,1.208477258682251,,0.4686194062232971,,0.35135942697525024
,5440.0,20,4.5958619011798874e-05,52099,,17.83432960510254,,1.3244397640228271,,0.4686813950538635,,0.35143333673477173
,5516.0,20,4.590344906318933e-05,52149,,13.723130226135254,,1.6499414443969727,,0.46874290704727173,,0.3515031337738037
,5424.0,20,4.5848275476600975e-05,52199,,15.421527862548828,,1.6307698488235474,,0.4688050448894501,,0.3515738844871521
,5452.0,20,4.579310189001262e-05,52249,,12.938328742980957,,1.9082896709442139,,0.46886950731277466,,0.3516363501548767
,5500.0,20,4.5737931941403076e-05,52299,,21.441823959350586,,1.2100002765655518,,0.46893244981765747,,0.3517058193683624
,5440.0,20,4.568275835481472e-05,52349,,21.218524932861328,,1.2376537322998047,,0.46899694204330444,,0.35177963972091675
,5448.0,20,4.562758476822637e-05,52399,,20.724302291870117,,1.6627740859985352,,0.4690595269203186,,0.35184597969055176
,5416.0,20,4.5572414819616824e-05,52449,,19.980653762817383,,1.4833974838256836,,0.46912288665771484,,0.351921945810318
,5480.0,20,4.551724123302847e-05,52499,,20.50087547302246,,1.7348366975784302,,0.4691866338253021,,0.351986825466156
,5456.0,20,4.546206764644012e-05,52549,,21.185510635375977,,1.4805394411087036,,0.46924883127212524,,0.35205864906311035
,5488.0,20,4.540689769783057e-05,52599,,20.88680648803711,,1.3969573974609375,,0.46930769085884094,,0.3521253168582916
,5444.0,20,4.535172411124222e-05,52649,,19.502439498901367,,1.2101845741271973,,0.46937236189842224,,0.3521899878978729
5463.32763671875,,20,,52667,18.06043815612793,,1.6258459091186523,,0.4678317904472351,,0.3504170775413513,
,5492.0,21,4.529655052465387e-05,52699,,18.59488296508789,,1.6050065755844116,,0.46943795680999756,,0.352258563041687
,5468.0,21,4.524138057604432e-05,52749,,12.395970344543457,,1.8365631103515625,,0.4695006012916565,,0.352319598197937
,5492.0,21,4.518620698945597e-05,52799,,20.168739318847656,,1.4874842166900635,,0.46955907344818115,,0.35238727927207947
,5476.0,21,4.5131033402867615e-05,52849,,18.230899810791016,,1.679478645324707,,0.4696156084537506,,0.3524523079395294
,5500.0,21,4.507586345425807e-05,52899,,21.333343505859375,,1.465800404548645,,0.4696847200393677,,0.35251879692077637
,5472.0,21,4.5020689867669716e-05,52949,,16.94440269470215,,1.6092712879180908,,0.46974822878837585,,0.35259079933166504
,5388.0,21,4.4965516281081364e-05,52999,,13.28159236907959,,1.6117855310440063,,0.46980369091033936,,0.3526575565338135
,5420.0,21,4.491034633247182e-05,53049,,22.44628143310547,,1.4657624959945679,,0.46986931562423706,,0.3527243137359619
,5396.0,21,4.4855172745883465e-05,53099,,20.801969528198242,,1.3654870986938477,,0.46992623805999756,,0.3527936041355133
,5504.0,21,4.479999915929511e-05,53149,,13.080764770507812,,1.8025857210159302,,0.46999093890190125,,0.3528634011745453
,5452.0,21,4.4744829210685566e-05,53199,,19.947185516357422,,1.8046718835830688,,0.4700523614883423,,0.35293784737586975
,5476.0,21,4.468965562409721e-05,53249,,17.937036514282227,,1.579760193824768,,0.4701148271560669,,0.35300835967063904
,5500.0,21,4.463448203750886e-05,53299,,16.936073303222656,,1.3183242082595825,,0.4701806902885437,,0.3530786633491516
,5508.0,21,4.4579312088899314e-05,53349,,20.625465393066406,,1.5456290245056152,,0.47024330496788025,,0.35314565896987915
,5472.0,21,4.452413850231096e-05,53399,,14.229084014892578,,1.523926854133606,,0.4703044295310974,,0.35321933031082153
,5444.0,21,4.446896491572261e-05,53449,,22.719465255737305,,1.7272675037384033,,0.4703603684902191,,0.35328155755996704
,5512.0,21,4.4413791329134256e-05,53499,,14.749914169311523,,1.597713828086853,,0.47041720151901245,,0.35334712266921997
,5484.0,21,4.435862138052471e-05,53549,,21.47537612915039,,1.701409935951233,,0.4704727530479431,,0.35341718792915344
,5412.0,21,4.430344779393636e-05,53599,,18.904335021972656,,1.669392704963684,,0.47053441405296326,,0.3534852862358093
,5404.0,21,4.4248274207348004e-05,53649,,24.517898559570312,,1.337241768836975,,0.47059187293052673,,0.3535419702529907
,5472.0,21,4.419310425873846e-05,53699,,22.885446548461914,,1.1108373403549194,,0.4706540107727051,,0.3536057472229004
,5484.0,21,4.4137930672150105e-05,53749,,20.539249420166016,,1.7826586961746216,,0.47071951627731323,,0.3536764085292816
,5432.0,21,4.408275708556175e-05,53799,,22.978721618652344,,1.20261549949646,,0.47078177332878113,,0.35374870896339417
,5484.0,21,4.4027587136952206e-05,53849,,14.96571159362793,,1.6881557703018188,,0.47084030508995056,,0.3538162410259247
,5468.0,21,4.3972413550363854e-05,53899,,14.778091430664062,,1.647381067276001,,0.4709045886993408,,0.35388481616973877
,5476.0,21,4.39172399637755e-05,53949,,19.306180953979492,,1.6474435329437256,,0.4709591269493103,,0.35395175218582153
,5440.0,21,4.3862070015165955e-05,53999,,16.346513748168945,,1.5085753202438354,,0.47101473808288574,,0.35401803255081177
,5424.0,21,4.38068964285776e-05,54049,,16.164587020874023,,1.7681829929351807,,0.47107669711112976,,0.35408294200897217
,5444.0,21,4.375172284198925e-05,54099,,18.00743293762207,,1.698656439781189,,0.47113996744155884,,0.3541508913040161
,5448.0,21,4.36965528933797e-05,54149,,18.534578323364258,,1.5364007949829102,,0.47120246291160583,,0.35422253608703613
,5500.0,21,4.364137930679135e-05,54199,,16.438899993896484,,1.9214866161346436,,0.4712676703929901,,0.35429346561431885
,5520.0,21,4.3586205720203e-05,54249,,16.894489288330078,,1.6969553232192993,,0.471319317817688,,0.35435420274734497
,5424.0,21,4.353103577159345e-05,54299,,15.853019714355469,,1.432242751121521,,0.47137948870658875,,0.35442203283309937
,5412.0,21,4.34758621850051e-05,54349,,17.519306182861328,,1.8939965963363647,,0.47143852710723877,,0.3544873893260956
,5416.0,21,4.3420688598416746e-05,54399,,18.404935836791992,,1.8893173933029175,,0.4714999198913574,,0.3545536398887634
,5476.0,21,4.33655186498072e-05,54449,,20.0009822845459,,1.5000752210617065,,0.4715522527694702,,0.3546205461025238
,5416.0,21,4.331034506321885e-05,54499,,26.872196197509766,,1.7422298192977905,,0.4716126620769501,,0.35469216108322144
,5480.0,21,4.3255171476630494e-05,54549,,20.208480834960938,,1.4820517301559448,,0.4716638922691345,,0.3547608554363251
,5460.0,21,4.320000152802095e-05,54599,,13.580449104309082,,1.7674145698547363,,0.47172579169273376,,0.354833722114563
,5416.0,21,4.3144827941432595e-05,54649,,15.040529251098633,,1.9334266185760498,,0.47178009152412415,,0.3549043536186218
,5344.0,21,4.308965435484424e-05,54699,,20.642623901367188,,1.8766216039657593,,0.47183454036712646,,0.35497283935546875
,5500.0,21,4.3034484406234697e-05,54749,,21.143890380859375,,1.5796327590942383,,0.47189635038375854,,0.35504159331321716
,5496.0,21,4.2979310819646344e-05,54799,,20.36613655090332,,1.9957565069198608,,0.4719548523426056,,0.3551138937473297
,5444.0,21,4.292413723305799e-05,54849,,18.086339950561523,,1.8737335205078125,,0.4720139503479004,,0.35518109798431396
,5484.0,21,4.2868967284448445e-05,54899,,13.935667037963867,,1.695656418800354,,0.47207146883010864,,0.3552503287792206
,5440.0,21,4.281379369786009e-05,54949,,20.974037170410156,,1.7683818340301514,,0.4721274971961975,,0.3553240895271301
,5444.0,21,4.275862011127174e-05,54999,,20.083738327026367,,1.622403860092163,,0.472184419631958,,0.3553891181945801
,5524.0,21,4.2703446524683386e-05,55049,,16.496320724487305,,1.853816270828247,,0.4722363352775574,,0.35546573996543884
,5468.0,21,4.264827657607384e-05,55099,,22.367887496948242,,1.708829402923584,,0.4722961485385895,,0.35553255677223206
,5368.0,21,4.259310298948549e-05,55149,,20.62439727783203,,1.3953975439071655,,0.47235408425331116,,0.35560131072998047
5462.28369140625,,21,,55175,18.663558959960938,,1.6151078939437866,,0.4709269404411316,,0.35392510890960693,
,5412.0,22,4.2537929402897134e-05,55199,,14.77674388885498,,1.5573018789291382,,0.4724193513393402,,0.3556676506996155
,5468.0,22,4.248275945428759e-05,55249,,24.414167404174805,,1.5197417736053467,,0.4724712073802948,,0.35573405027389526
,5472.0,22,4.2427585867699236e-05,55299,,18.80446434020996,,1.4645302295684814,,0.47252658009529114,,0.35580599308013916
,5460.0,22,4.237241228111088e-05,55349,,16.644851684570312,,1.6559674739837646,,0.4725830554962158,,0.35587310791015625
,5420.0,22,4.231724233250134e-05,55399,,18.007104873657227,,1.2276580333709717,,0.4726417660713196,,0.35594409704208374
,5488.0,22,4.2262068745912984e-05,55449,,25.4121150970459,,1.3000562191009521,,0.4726962447166443,,0.35601159930229187
,5468.0,22,4.220689515932463e-05,55499,,21.349754333496094,,1.5293856859207153,,0.4727528691291809,,0.35608577728271484
,5440.0,22,4.2151725210715085e-05,55549,,18.4990234375,,1.6147072315216064,,0.47280392050743103,,0.3561534583568573
,5452.0,22,4.209655162412673e-05,55599,,17.73236656188965,,1.625329852104187,,0.4728662371635437,,0.3562212288379669
,5412.0,22,4.204137803753838e-05,55649,,17.22606658935547,,1.5024008750915527,,0.4729267954826355,,0.35629117488861084
,5492.0,22,4.1986208088928834e-05,55699,,20.18134117126465,,1.6715943813323975,,0.47298187017440796,,0.35636892914772034
,5456.0,22,4.193103450234048e-05,55749,,20.920839309692383,,1.3955825567245483,,0.47304338216781616,,0.3564349412918091
,5480.0,22,4.187586091575213e-05,55799,,17.395071029663086,,1.8875432014465332,,0.47310736775398254,,0.3564893305301666
,5444.0,22,4.182069096714258e-05,55849,,28.73717498779297,,1.458020567893982,,0.4731580317020416,,0.35655057430267334
,5456.0,22,4.176551738055423e-05,55899,,21.12033462524414,,1.279557466506958,,0.4732188582420349,,0.35661929845809937
,5404.0,22,4.1710343793965876e-05,55949,,12.89515495300293,,1.5240120887756348,,0.4732798933982849,,0.35669007897377014
,5556.0,22,4.165517384535633e-05,55999,,16.78521728515625,,1.7083065509796143,,0.4733375310897827,,0.3567572236061096
,5436.0,22,4.160000025876798e-05,56049,,20.05641746520996,,1.7736926078796387,,0.4733923077583313,,0.35682395100593567
,5528.0,22,4.1544826672179624e-05,56099,,27.791826248168945,,1.1752080917358398,,0.473443865776062,,0.3568882942199707
,5496.0,22,4.148965672357008e-05,56149,,21.327198028564453,,1.29738187789917,,0.47349995374679565,,0.35695356130599976
,5484.0,22,4.1434483136981726e-05,56199,,23.932573318481445,,1.2871437072753906,,0.4735545217990875,,0.35702288150787354
,5464.0,22,4.137930955039337e-05,56249,,21.044376373291016,,1.5642873048782349,,0.47360894083976746,,0.35708925127983093
,5376.0,22,4.132413960178383e-05,56299,,12.793458938598633,,1.3901947736740112,,0.4736706018447876,,0.35715344548225403
,5480.0,22,4.1268966015195474e-05,56349,,24.365264892578125,,1.5894140005111694,,0.4737289249897003,,0.35721635818481445
,5376.0,22,4.121379242860712e-05,56399,,20.80609893798828,,1.5800071954727173,,0.4737832546234131,,0.35728394985198975
,5416.0,22,4.1158622479997575e-05,56449,,23.018037796020508,,1.7833492755889893,,0.47383272647857666,,0.35735711455345154
,5500.0,22,4.110344889340922e-05,56499,,18.492542266845703,,1.3456953763961792,,0.4738868474960327,,0.357430100440979
,5476.0,22,4.104827530682087e-05,56549,,22.307788848876953,,1.4185421466827393,,0.47394514083862305,,0.3575003743171692
,5504.0,22,4.0993101720232517e-05,56599,,20.994272232055664,,1.9984487295150757,,0.47400227189064026,,0.35756486654281616
,5440.0,22,4.093793177162297e-05,56649,,21.19874382019043,,1.4791713953018188,,0.4740579426288605,,0.35763370990753174
,5464.0,22,4.088275818503462e-05,56699,,18.891836166381836,,1.697042465209961,,0.4741167724132538,,0.3577001988887787
,5476.0,22,4.0827584598446265e-05,56749,,17.482177734375,,1.5412194728851318,,0.4741736650466919,,0.35776257514953613
,5424.0,22,4.077241464983672e-05,56799,,22.234695434570312,,1.5768307447433472,,0.47423234581947327,,0.35783228278160095
,5444.0,22,4.0717241063248366e-05,56849,,20.372106552124023,,1.330739140510559,,0.47429442405700684,,0.3579031825065613
,5468.0,22,4.066206747666001e-05,56899,,22.13838768005371,,1.6144567728042603,,0.4743500351905823,,0.3579656481742859
,5428.0,22,4.060689752805047e-05,56949,,22.287364959716797,,1.3011726140975952,,0.4744036793708801,,0.35802415013313293
,5468.0,22,4.0551723941462114e-05,56999,,25.391489028930664,,1.371139407157898,,0.4744568467140198,,0.35807955265045166
,5460.0,22,4.049655035487376e-05,57049,,21.06646156311035,,1.4129664897918701,,0.4745137393474579,,0.35814252495765686
,5496.0,22,4.0441380406264216e-05,57099,,20.7109375,,1.474767804145813,,0.47457021474838257,,0.3582090139389038
,5520.0,22,4.038620681967586e-05,57149,,17.04615592956543,,1.8044503927230835,,0.4746248424053192,,0.35827016830444336
,5456.0,22,4.033103323308751e-05,57199,,19.33957290649414,,1.682037591934204,,0.4746805429458618,,0.35833191871643066
,5376.0,22,4.0275863284477964e-05,57249,,21.366477966308594,,1.561637043952942,,0.4747343361377716,,0.3583941161632538
,5472.0,22,4.022068969788961e-05,57299,,18.59210777282715,,1.5060673952102661,,0.4747871160507202,,0.3584618866443634
,5444.0,22,4.016551611130126e-05,57349,,18.122528076171875,,1.4725301265716553,,0.4748453199863434,,0.35852697491645813
,5456.0,22,4.011034616269171e-05,57399,,17.013458251953125,,1.4110815525054932,,0.4748898446559906,,0.35858818888664246
,5444.0,22,4.005517257610336e-05,57449,,19.3997745513916,,1.7015998363494873,,0.474945068359375,,0.35864585638046265
,5484.0,22,3.9999998989515007e-05,57499,,23.091144561767578,,1.5692087411880493,,0.4749949276447296,,0.3587111830711365
,5508.0,22,3.994482904090546e-05,57549,,15.791762351989746,,1.8240333795547485,,0.4750460088253021,,0.3587704002857208
,5404.0,22,3.988965545431711e-05,57599,,20.44689178466797,,1.47990882396698,,0.47510117292404175,,0.35883909463882446
,5484.0,22,3.9834481867728755e-05,57649,,20.83687973022461,,1.6958431005477905,,0.4751540720462799,,0.35890352725982666
5462.6728515625,,22,,57683,19.33633804321289,,1.6115717887878418,,0.47382041811943054,,0.35732966661453247,
,5508.0,23,3.977931191911921e-05,57699,,21.195632934570312,,1.2127684354782104,,0.4752044081687927,,0.3589722216129303
,5452.0,23,3.9724138332530856e-05,57749,,15.676905632019043,,1.491336464881897,,0.4752621650695801,,0.35903799533843994
,5484.0,23,3.96689647459425e-05,57799,,24.22163963317871,,1.4216827154159546,,0.47531789541244507,,0.35910454392433167
,5404.0,23,3.961379479733296e-05,57849,,20.99214744567871,,1.3753143548965454,,0.4753645658493042,,0.35916683077812195
,5528.0,23,3.9558621210744604e-05,57899,,16.568904876708984,,1.665486216545105,,0.47541776299476624,,0.35922908782958984
,5432.0,23,3.950344762415625e-05,57949,,23.7949161529541,,1.505182147026062,,0.4754772484302521,,0.3592856526374817
,5464.0,23,3.9448277675546706e-05,57999,,18.312463760375977,,1.5507456064224243,,0.47553038597106934,,0.3593505918979645
,5472.0,23,3.939310408895835e-05,58049,,22.614328384399414,,1.737213373184204,,0.4755845069885254,,0.3594151735305786
,5480.0,23,3.933793050237e-05,58099,,16.56157875061035,,1.492934226989746,,0.4756416380405426,,0.3594725728034973
,5448.0,23,3.928275691578165e-05,58149,,17.687780380249023,,1.7146638631820679,,0.47569799423217773,,0.35953328013420105
,5504.0,23,3.92275869671721e-05,58199,,12.208578109741211,,1.6290397644042969,,0.47574931383132935,,0.35959553718566895
,5504.0,23,3.917241338058375e-05,58249,,18.887680053710938,,1.6131596565246582,,0.47579720616340637,,0.3596515357494354
,5504.0,23,3.9117239793995395e-05,58299,,19.802204132080078,,1.3745959997177124,,0.47585204243659973,,0.3597170412540436
,5500.0,23,3.906206984538585e-05,58349,,17.810649871826172,,1.7818818092346191,,0.47590410709381104,,0.35977447032928467
,5420.0,23,3.9006896258797497e-05,58399,,17.895280838012695,,1.4059581756591797,,0.4759601950645447,,0.3598370850086212
,5424.0,23,3.8951722672209144e-05,58449,,24.72671127319336,,1.8228216171264648,,0.4760139286518097,,0.359897255897522
,5448.0,23,3.88965527235996e-05,58499,,17.014965057373047,,1.8647102117538452,,0.4760650396347046,,0.35995256900787354
,5508.0,23,3.8841379137011245e-05,58549,,20.05924415588379,,1.4005504846572876,,0.4761168658733368,,0.36001718044281006
,5408.0,23,3.878620555042289e-05,58599,,22.82175064086914,,1.689876914024353,,0.4761727750301361,,0.3600796163082123
,5396.0,23,3.8731035601813346e-05,58649,,15.341695785522461,,1.5816755294799805,,0.47622033953666687,,0.3601417541503906
,5560.0,23,3.867586201522499e-05,58699,,20.953832626342773,,1.647473931312561,,0.47627317905426025,,0.360200434923172
,5520.0,23,3.862068842863664e-05,58749,,14.134894371032715,,1.680336594581604,,0.47632330656051636,,0.3602618873119354
,5456.0,23,3.8565518480027094e-05,58799,,14.59829330444336,,1.6304961442947388,,0.47637906670570374,,0.3603184223175049
,5436.0,23,3.851034489343874e-05,58849,,19.689533233642578,,1.6400518417358398,,0.4764353036880493,,0.3603717088699341
,5428.0,23,3.845517130685039e-05,58899,,25.098371505737305,,1.3808521032333374,,0.4764867126941681,,0.3604293465614319
,5488.0,23,3.840000135824084e-05,58949,,18.198854446411133,,1.6043611764907837,,0.47654372453689575,,0.3604937195777893
,5484.0,23,3.834482777165249e-05,58999,,15.40006160736084,,1.4865866899490356,,0.47659626603126526,,0.3605586290359497
,5476.0,23,3.828965418506414e-05,59049,,27.304758071899414,,1.4331263303756714,,0.47665098309516907,,0.36061519384384155
,5448.0,23,3.823448423645459e-05,59099,,18.144672393798828,,1.4902108907699585,,0.47670218348503113,,0.3606695830821991
,5452.0,23,3.817931064986624e-05,59149,,18.08664894104004,,1.6747020483016968,,0.4767533242702484,,0.3607269525527954
,5412.0,23,3.8124137063277885e-05,59199,,22.455236434936523,,1.5345637798309326,,0.4768005609512329,,0.3607792258262634
,5424.0,23,3.806896711466834e-05,59249,,17.612804412841797,,1.9936344623565674,,0.4768528938293457,,0.36084187030792236
,5480.0,23,3.8013793528079987e-05,59299,,22.669252395629883,,1.4718657732009888,,0.4769003391265869,,0.3609054386615753
,5404.0,23,3.7958619941491634e-05,59349,,17.436588287353516,,1.635567307472229,,0.47695305943489075,,0.3609686493873596
,5416.0,23,3.790344999288209e-05,59399,,14.982189178466797,,1.5143357515335083,,0.4770006537437439,,0.3610261082649231
,5404.0,23,3.7848276406293735e-05,59449,,15.072464942932129,,1.824268102645874,,0.4770469069480896,,0.3610803484916687
,5500.0,23,3.779310281970538e-05,59499,,19.551071166992188,,1.7338488101959229,,0.47709718346595764,,0.3611440658569336
,5436.0,23,3.773792923311703e-05,59549,,21.700305938720703,,1.44058358669281,,0.47714680433273315,,0.3612007200717926
,5408.0,23,3.768275928450748e-05,59599,,17.51799774169922,,1.8351250886917114,,0.47719982266426086,,0.361266165971756
,5520.0,23,3.762758569791913e-05,59649,,18.6357364654541,,1.6035627126693726,,0.47725120186805725,,0.36132219433784485
,5516.0,23,3.757241211133078e-05,59699,,17.957902908325195,,1.6218791007995605,,0.4773063659667969,,0.3613815903663635
,5516.0,23,3.751724216272123e-05,59749,,15.728379249572754,,1.4540637731552124,,0.47736263275146484,,0.3614406883716583
,5444.0,23,3.746206857613288e-05,59799,,17.306129455566406,,1.5368720293045044,,0.47741761803627014,,0.3614976704120636
,5556.0,23,3.7406894989544526e-05,59849,,20.987062454223633,,1.4693717956542969,,0.47746559977531433,,0.36155128479003906
,5476.0,23,3.735172504093498e-05,59899,,19.811338424682617,,1.6371910572052002,,0.4775211215019226,,0.3616097569465637
,5380.0,23,3.729655145434663e-05,59949,,20.043251037597656,,1.568856120109558,,0.47757190465927124,,0.3616660237312317
,5452.0,23,3.7241377867758274e-05,59999,,18.81393814086914,,1.466589093208313,,0.4776254892349243,,0.36172986030578613
,5472.0,23,3.718620791914873e-05,60049,,20.65663719177246,,1.5103620290756226,,0.477674663066864,,0.36178839206695557
,5448.0,23,3.7131034332560375e-05,60099,,23.608375549316406,,1.4911754131317139,,0.4777221083641052,,0.36184850335121155
,5504.0,23,3.707586074597202e-05,60149,,19.352121353149414,,1.7589564323425293,,0.47777074575424194,,0.36190998554229736
5463.71826171875,,23,,60191,19.728713989257812,,1.593384027481079,,0.4765297472476959,,0.360481858253479,
,5512.0,24,3.7020690797362477e-05,60199,,20.52097511291504,,1.1665273904800415,,0.47781649231910706,,0.36196863651275635
,5500.0,24,3.6965517210774124e-05,60249,,21.913671493530273,,1.5619467496871948,,0.4778692126274109,,0.3620296120643616
,5424.0,24,3.691034362418577e-05,60299,,12.495462417602539,,1.6360012292861938,,0.47791922092437744,,0.3620823919773102
,5376.0,24,3.6855173675576225e-05,60349,,14.673831939697266,,1.4776203632354736,,0.47797319293022156,,0.3621459901332855
,5480.0,24,3.680000008898787e-05,60399,,26.920549392700195,,1.5199015140533447,,0.47802335023880005,,0.36221152544021606
,5476.0,24,3.674482650239952e-05,60449,,26.601335525512695,,1.4343788623809814,,0.4780743718147278,,0.3622780442237854
,5512.0,24,3.668965655378997e-05,60499,,25.12746238708496,,0.9398452639579773,,0.4781241714954376,,0.36233818531036377
,5524.0,24,3.663448296720162e-05,60549,,18.216419219970703,,1.5166410207748413,,0.4781753122806549,,0.3623993396759033
,5456.0,24,3.657930938061327e-05,60599,,21.11134910583496,,1.5249677896499634,,0.4782229959964752,,0.3624594807624817
,5512.0,24,3.652413943200372e-05,60649,,17.377077102661133,,1.7635031938552856,,0.4782804846763611,,0.3625227212905884
,5420.0,24,3.646896584541537e-05,60699,,17.42439079284668,,1.6792778968811035,,0.4783296585083008,,0.3625866174697876
,5512.0,24,3.6413792258827016e-05,60749,,20.740047454833984,,1.6394224166870117,,0.4783807694911957,,0.3626478314399719
,5580.0,24,3.635862231021747e-05,60799,,22.195133209228516,,1.6100116968154907,,0.4784262776374817,,0.36271122097969055
,5500.0,24,3.630344872362912e-05,60849,,16.226192474365234,,1.7332510948181152,,0.4784756302833557,,0.3627675771713257
,5480.0,24,3.6248275137040764e-05,60899,,25.612201690673828,,1.4602220058441162,,0.4785163998603821,,0.3628224730491638
,5544.0,24,3.619310518843122e-05,60949,,17.53032112121582,,1.6879881620407104,,0.4785670042037964,,0.36288273334503174
,5472.0,24,3.6137931601842865e-05,60999,,17.620338439941406,,1.3535964488983154,,0.4786182940006256,,0.3629452586174011
,5508.0,24,3.608275801525451e-05,61049,,21.910112380981445,,1.2970069646835327,,0.4786669909954071,,0.36300379037857056
,5460.0,24,3.602758442866616e-05,61099,,21.906387329101562,,1.4994683265686035,,0.4787200093269348,,0.3630625307559967
,5472.0,24,3.5972414480056614e-05,61149,,18.377166748046875,,1.4230417013168335,,0.47876453399658203,,0.36312633752822876
,5480.0,24,3.591724089346826e-05,61199,,18.45513343811035,,1.5590534210205078,,0.47881072759628296,,0.3631878197193146
,5504.0,24,3.586206730687991e-05,61249,,15.743824005126953,,1.67247474193573,,0.4788585603237152,,0.363244891166687
,5532.0,24,3.580689735827036e-05,61299,,21.6748104095459,,1.5189906358718872,,0.478909432888031,,0.3633127808570862
,5544.0,24,3.575172377168201e-05,61349,,21.141752243041992,,1.458746075630188,,0.4789557456970215,,0.3633772134780884
,5480.0,24,3.5696550185093656e-05,61399,,16.7631778717041,,1.5730507373809814,,0.47900569438934326,,0.3634413480758667
,5380.0,24,3.564138023648411e-05,61449,,15.730586051940918,,1.3345849514007568,,0.47905322909355164,,0.363505095243454
,5536.0,24,3.558620664989576e-05,61499,,14.463473320007324,,1.576180100440979,,0.47910502552986145,,0.36356812715530396
,5464.0,24,3.5531033063307405e-05,61549,,23.62162208557129,,1.5619909763336182,,0.47914934158325195,,0.36363351345062256
,5444.0,24,3.547586311469786e-05,61599,,23.0515193939209,,1.7194392681121826,,0.47919830679893494,,0.363685667514801
,5488.0,24,3.5420689528109506e-05,61649,,25.054866790771484,,1.4786487817764282,,0.4792487323284149,,0.36374014616012573
,5448.0,24,3.536551594152115e-05,61699,,21.314680099487305,,1.7803677320480347,,0.47929614782333374,,0.363797664642334
,5504.0,24,3.531034599291161e-05,61749,,27.525243759155273,,1.0943435430526733,,0.47934985160827637,,0.3638554811477661
,5456.0,24,3.5255172406323254e-05,61799,,13.493528366088867,,1.5539246797561646,,0.47939756512641907,,0.3639100193977356
,5548.0,24,3.51999988197349e-05,61849,,19.296062469482422,,1.5712802410125732,,0.47944366931915283,,0.36397090554237366
,5480.0,24,3.5144828871125355e-05,61899,,21.572771072387695,,1.630136251449585,,0.4794957637786865,,0.3640327453613281
,5388.0,24,3.5089655284537e-05,61949,,17.5867977142334,,1.4116889238357544,,0.47954392433166504,,0.3640889525413513
,5460.0,24,3.503448169794865e-05,61999,,17.911907196044922,,1.308461308479309,,0.47959885001182556,,0.3641451597213745
,5432.0,24,3.4979311749339104e-05,62049,,21.93722915649414,,1.6769150495529175,,0.47964686155319214,,0.3642042875289917
,5504.0,24,3.492413816275075e-05,62099,,17.4671688079834,,1.6438971757888794,,0.47970303893089294,,0.3642648756504059
,5524.0,24,3.48689645761624e-05,62149,,11.073176383972168,,1.757880449295044,,0.4797563850879669,,0.3643234968185425
,5488.0,24,3.481379462755285e-05,62199,,24.470760345458984,,1.5770848989486694,,0.47980499267578125,,0.36437714099884033
,5460.0,24,3.47586210409645e-05,62249,,17.71798324584961,,1.7435857057571411,,0.47985169291496277,,0.3644248843193054
,5420.0,24,3.4703447454376146e-05,62299,,19.044281005859375,,1.3217506408691406,,0.4798997640609741,,0.3644743859767914
,5484.0,24,3.46482775057666e-05,62349,,18.13230323791504,,1.7266731262207031,,0.4799509644508362,,0.36453673243522644
,5480.0,24,3.459310391917825e-05,62399,,24.28376007080078,,1.7450459003448486,,0.47999730706214905,,0.3645912706851959
,5380.0,24,3.4537930332589895e-05,62449,,19.294906616210938,,1.4405697584152222,,0.4800417721271515,,0.36464977264404297
,5476.0,24,3.448276038398035e-05,62499,,18.665489196777344,,1.5794376134872437,,0.48009347915649414,,0.3647072911262512
,5476.0,24,3.4427586797391996e-05,62549,,19.92515754699707,,1.7812495231628418,,0.4801393151283264,,0.3647644519805908
,5420.0,24,3.437241321080364e-05,62599,,15.264538764953613,,1.8129258155822754,,0.48019298911094666,,0.36482900381088257
,5448.0,24,3.431723962421529e-05,62649,,17.328414916992188,,1.8715174198150635,,0.4802427887916565,,0.3648894131183624
,5356.0,24,3.4262069675605744e-05,62699,,23.39992332458496,,1.2443207502365112,,0.48028621077537537,,0.36495012044906616
5462.6123046875,,24,,62699,20.178668975830078,,1.594064712524414,,0.4790671765804291,,0.3634853661060333,
,5368.0,25,3.420689608901739e-05,62749,,21.482547760009766,,1.7956147193908691,,0.4803425967693329,,0.36500418186187744
,5444.0,25,3.415172250242904e-05,62799,,21.78738784790039,,1.3515762090682983,,0.4803924858570099,,0.36506423354148865
,5512.0,25,3.409655255381949e-05,62849,,17.95111846923828,,1.76694917678833,,0.4804368019104004,,0.36511752009391785
,5460.0,25,3.404137896723114e-05,62899,,12.25502872467041,,1.0127315521240234,,0.4804829955101013,,0.36517414450645447
,5444.0,25,3.398620538064279e-05,62949,,24.54872703552246,,1.4052848815917969,,0.48053038120269775,,0.3652331233024597
,5600.0,25,3.393103543203324e-05,62999,,24.63503646850586,,1.9793963432312012,,0.4805792570114136,,0.36529067158699036
,5472.0,25,3.387586184544489e-05,63049,,20.604276657104492,,1.6358344554901123,,0.4806266129016876,,0.36534982919692993
,5456.0,25,3.3820688258856535e-05,63099,,18.387529373168945,,1.5478743314743042,,0.4806790053844452,,0.3654104471206665
,5404.0,25,3.376551831024699e-05,63149,,18.60744857788086,,1.6753356456756592,,0.48072582483291626,,0.36546140909194946
,5448.0,25,3.3710344723658636e-05,63199,,19.966333389282227,,1.5025272369384766,,0.4807741045951843,,0.36551523208618164
,5480.0,25,3.365517113707028e-05,63249,,22.75349235534668,,1.6944631338119507,,0.4808256924152374,,0.36557936668395996
,5476.0,25,3.360000118846074e-05,63299,,30.705947875976562,,1.7686365842819214,,0.4808715283870697,,0.36563539505004883
,5472.0,25,3.3544827601872385e-05,63349,,18.564908981323242,,1.5680416822433472,,0.4809193015098572,,0.36568954586982727
,5444.0,25,3.348965401528403e-05,63399,,19.2664737701416,,1.6886622905731201,,0.4809681177139282,,0.3657380938529968
,5500.0,25,3.3434484066674486e-05,63449,,25.303268432617188,,1.2150685787200928,,0.48101478815078735,,0.3657898008823395
,5432.0,25,3.337931048008613e-05,63499,,16.092016220092773,,1.7223458290100098,,0.481062650680542,,0.3658509850502014
,5412.0,25,3.332413689349778e-05,63549,,20.601337432861328,,1.813511848449707,,0.4811110198497772,,0.3659088611602783
,5460.0,25,3.3268966944888234e-05,63599,,16.765756607055664,,1.378077507019043,,0.4811570346355438,,0.3659696877002716
,5412.0,25,3.321379335829988e-05,63649,,17.21102523803711,,1.8398228883743286,,0.48119840025901794,,0.3660239279270172
,5472.0,25,3.315861977171153e-05,63699,,20.783933639526367,,1.6994636058807373,,0.4812471568584442,,0.3660834729671478
,5372.0,25,3.310344982310198e-05,63749,,16.635095596313477,,1.5193965435028076,,0.48129260540008545,,0.3661409616470337
,5512.0,25,3.304827623651363e-05,63799,,17.491085052490234,,1.6769598722457886,,0.4813351631164551,,0.36619478464126587
,5428.0,25,3.299310264992528e-05,63849,,15.75748348236084,,1.753475546836853,,0.4813752770423889,,0.36624613404273987
,5448.0,25,3.293793270131573e-05,63899,,24.72210693359375,,1.5904902219772339,,0.48141980171203613,,0.3663012981414795
,5452.0,25,3.288275911472738e-05,63949,,16.621137619018555,,1.9397192001342773,,0.4814717471599579,,0.36635932326316833
,5528.0,25,3.2827585528139025e-05,63999,,17.801593780517578,,1.5527498722076416,,0.48152050375938416,,0.36641833186149597
,5484.0,25,3.277241557952948e-05,64049,,17.201311111450195,,1.4920622110366821,,0.4815639555454254,,0.36647117137908936
,5524.0,25,3.2717241992941126e-05,64099,,16.717376708984375,,1.7407907247543335,,0.4816151559352875,,0.36652854084968567
,5440.0,25,3.266206840635277e-05,64149,,29.630739212036133,,1.5892679691314697,,0.4816642999649048,,0.3665904104709625
,5388.0,25,3.260689481976442e-05,64199,,15.278996467590332,,1.814211130142212,,0.4817085862159729,,0.36664628982543945
,5368.0,25,3.2551724871154875e-05,64249,,19.1053466796875,,1.7700960636138916,,0.48175275325775146,,0.3666989803314209
,5452.0,25,3.249655128456652e-05,64299,,25.103286743164062,,1.3095911741256714,,0.4818004369735718,,0.36675530672073364
,5516.0,25,3.244137769797817e-05,64349,,12.775800704956055,,1.368775725364685,,0.48184436559677124,,0.36681103706359863
,5468.0,25,3.238620774936862e-05,64399,,25.057079315185547,,1.2838966846466064,,0.4818865954875946,,0.36686596274375916
,5536.0,25,3.233103416278027e-05,64449,,16.785585403442383,,1.6791350841522217,,0.481937050819397,,0.36692559719085693
,5432.0,25,3.227586057619192e-05,64499,,23.772348403930664,,1.5893549919128418,,0.4819827675819397,,0.36698099970817566
,5464.0,25,3.222069062758237e-05,64549,,17.236486434936523,,1.7314023971557617,,0.48202505707740784,,0.36703985929489136
,5436.0,25,3.216551704099402e-05,64599,,21.64842987060547,,1.6295303106307983,,0.48207011818885803,,0.36709097027778625
,5444.0,25,3.2110343454405665e-05,64649,,19.22395896911621,,1.454497218132019,,0.4821164011955261,,0.3671485185623169
,5512.0,25,3.205517350579612e-05,64699,,21.560199737548828,,1.761480450630188,,0.4821663796901703,,0.3672020733356476
,5468.0,25,3.199999991920777e-05,64749,,22.63078498840332,,1.608542561531067,,0.48221614956855774,,0.3672619163990021
,5376.0,25,3.1944826332619414e-05,64799,,27.490690231323242,,1.9616334438323975,,0.4822651743888855,,0.3673188090324402
,5460.0,25,3.188965638400987e-05,64849,,15.105096817016602,,1.7891889810562134,,0.4823105037212372,,0.3673792779445648
,5452.0,25,3.1834482797421515e-05,64899,,21.42522430419922,,1.2814059257507324,,0.48235243558883667,,0.36743155121803284
,5384.0,25,3.177930921083316e-05,64949,,26.170806884765625,,1.1997441053390503,,0.4823952615261078,,0.36748427152633667
,5508.0,25,3.1724139262223616e-05,64999,,15.356632232666016,,1.4947892427444458,,0.48243778944015503,,0.3675382137298584
,5456.0,25,3.166896567563526e-05,65049,,22.98328399658203,,1.7110235691070557,,0.4824850559234619,,0.3675907850265503
,5504.0,25,3.161379208904691e-05,65099,,13.068594932556152,,1.6310431957244873,,0.48253458738327026,,0.3676503896713257
,5440.0,25,3.1558622140437365e-05,65149,,19.504899978637695,,1.7440274953842163,,0.48258352279663086,,0.36770424246788025
,5456.0,25,3.150344855384901e-05,65199,,21.349618911743164,,1.362014651298523,,0.48262500762939453,,0.36775922775268555
5463.49951171875,,25,,65207,20.389759063720703,,1.5907062292099,,0.4814869463443756,,0.3663744032382965,
,5464.0,26,3.144827496726066e-05,65249,,16.637277603149414,,1.4741201400756836,,0.48267197608947754,,0.3678132891654968
,5492.0,26,3.139310501865111e-05,65299,,22.433176040649414,,1.6866681575775146,,0.4827098846435547,,0.3678722381591797
,5528.0,26,3.133793143206276e-05,65349,,19.30271339416504,,1.5676813125610352,,0.4827529191970825,,0.3679282069206238
,5448.0,26,3.128275784547441e-05,65399,,15.95695686340332,,1.7457355260849,,0.48279792070388794,,0.36797964572906494
,5476.0,26,3.122758789686486e-05,65449,,25.457069396972656,,1.4957189559936523,,0.4828437864780426,,0.3680344521999359
,5400.0,26,3.117241431027651e-05,65499,,19.148332595825195,,1.476637363433838,,0.48288604617118835,,0.36809247732162476
,5532.0,26,3.1117240723688155e-05,65549,,23.986413955688477,,1.8906819820404053,,0.482928991317749,,0.3681534230709076
,5432.0,26,3.106207077507861e-05,65599,,25.243284225463867,,1.5818685293197632,,0.48297804594039917,,0.36820733547210693
,5404.0,26,3.100689718849026e-05,65649,,19.970674514770508,,1.6130728721618652,,0.4830261468887329,,0.3682592809200287
,5476.0,26,3.0951723601901904e-05,65699,,16.411773681640625,,1.4828256368637085,,0.48307323455810547,,0.3683168888092041
,5428.0,26,3.089655001531355e-05,65749,,16.133710861206055,,1.305952548980713,,0.48311561346054077,,0.3683686852455139
,5528.0,26,3.0841380066704005e-05,65799,,20.19866371154785,,1.2960258722305298,,0.4831586480140686,,0.3684157729148865
,5448.0,26,3.078620648011565e-05,65849,,20.37495994567871,,1.510461449623108,,0.48319411277770996,,0.3684682250022888
,5520.0,26,3.07310328935273e-05,65899,,22.55752182006836,,1.4251999855041504,,0.48323726654052734,,0.3685278296470642
,5452.0,26,3.067586294491775e-05,65949,,18.468429565429688,,1.5480477809906006,,0.4832864999771118,,0.3685840964317322
,5524.0,26,3.06206893583294e-05,65999,,24.99126434326172,,1.5040589570999146,,0.4833250939846039,,0.3686349391937256
,5432.0,26,3.056551577174105e-05,66049,,23.136089324951172,,1.5582292079925537,,0.483364999294281,,0.3686886131763458
,5512.0,26,3.0510344004142098e-05,66099,,29.903480529785156,,1.7215534448623657,,0.4834131598472595,,0.3687434792518616
,5472.0,26,3.045517223654315e-05,66149,,18.31597328186035,,1.2372487783432007,,0.4834597408771515,,0.36879515647888184
,5388.0,26,3.04000004689442e-05,66199,,15.485782623291016,,1.9175422191619873,,0.48350775241851807,,0.3688501715660095
,5432.0,26,3.0344826882355846e-05,66249,,25.367795944213867,,1.4159679412841797,,0.4835551977157593,,0.3689003586769104
,5416.0,26,3.0289655114756897e-05,66299,,21.8275203704834,,1.540253758430481,,0.48360398411750793,,0.3689560294151306
,5420.0,26,3.0234483347157948e-05,66349,,17.10012435913086,,1.0212771892547607,,0.4836450219154358,,0.36900758743286133
,5484.0,26,3.0179309760569595e-05,66399,,17.310779571533203,,1.570887804031372,,0.48368823528289795,,0.36906418204307556
,5452.0,26,3.0124137992970645e-05,66449,,20.093307495117188,,1.4830808639526367,,0.48373448848724365,,0.36912041902542114
,5528.0,26,3.0068966225371696e-05,66499,,17.626415252685547,,1.6128325462341309,,0.4837815761566162,,0.36917537450790405
,5520.0,26,3.0013792638783343e-05,66549,,25.212732315063477,,1.6266264915466309,,0.48382094502449036,,0.3692246973514557
,5516.0,26,2.9958620871184394e-05,66599,,15.734660148620605,,1.6799616813659668,,0.483862042427063,,0.3692782521247864
,5504.0,26,2.9903449103585444e-05,66649,,21.470474243164062,,1.1632039546966553,,0.48390525579452515,,0.36933577060699463
,5524.0,26,2.984827551699709e-05,66699,,18.57162094116211,,1.4205371141433716,,0.48394885659217834,,0.3693901300430298
,5452.0,26,2.9793103749398142e-05,66749,,16.26323890686035,,1.3863334655761719,,0.48399463295936584,,0.36944013833999634
,5512.0,26,2.973793016280979e-05,66799,,20.83491325378418,,1.4332867860794067,,0.4840354323387146,,0.36949753761291504
,5532.0,26,2.968275839521084e-05,66849,,18.63551139831543,,1.9989207983016968,,0.4840828776359558,,0.369550883769989
,5432.0,26,2.962758662761189e-05,66899,,19.677095413208008,,1.8272278308868408,,0.4841258227825165,,0.36960500478744507
,5496.0,26,2.9572413041023538e-05,66949,,23.048824310302734,,1.5174280405044556,,0.4841746985912323,,0.36966243386268616
,5380.0,26,2.9517241273424588e-05,66999,,16.818090438842773,,1.9541175365447998,,0.4842161238193512,,0.36971044540405273
,5424.0,26,2.946206950582564e-05,67049,,19.714263916015625,,1.4441218376159668,,0.48426419496536255,,0.3697673976421356
,5520.0,26,2.9406895919237286e-05,67099,,21.37604331970215,,1.6587215662002563,,0.48430657386779785,,0.36981630325317383
,5416.0,26,2.9351724151638336e-05,67149,,22.303226470947266,,1.8659075498580933,,0.4843496084213257,,0.369860976934433
,5392.0,26,2.9296552384039387e-05,67199,,18.029621124267578,,1.6752610206604004,,0.4843966066837311,,0.3699183464050293
,5504.0,26,2.9241378797451034e-05,67249,,18.342342376708984,,1.6480454206466675,,0.4844410717487335,,0.369965136051178
,5528.0,26,2.9186207029852085e-05,67299,,21.920072555541992,,1.1287342309951782,,0.4844869375228882,,0.3700183629989624
,5544.0,26,2.9131035262253135e-05,67349,,22.858675003051758,,2.0220682621002197,,0.48452630639076233,,0.37007007002830505
,5384.0,26,2.9075861675664783e-05,67399,,20.32120704650879,,2.067530393600464,,0.4845668375492096,,0.3701210021972656
,5428.0,26,2.9020689908065833e-05,67449,,18.959789276123047,,1.9104278087615967,,0.4846075475215912,,0.370172917842865
,5508.0,26,2.8965518140466884e-05,67499,,18.944067001342773,,1.6785118579864502,,0.4846506416797638,,0.3702217638492584
,5468.0,26,2.891034455387853e-05,67549,,16.52903938293457,,1.2933237552642822,,0.48469576239585876,,0.37027478218078613
,5484.0,26,2.885517278627958e-05,67599,,19.234155654907227,,1.6346079111099243,,0.4847393035888672,,0.37032580375671387
,5460.0,26,2.879999919969123e-05,67649,,18.28544807434082,,1.5795396566390991,,0.4847838282585144,,0.3703833222389221
,5500.0,26,2.874482743209228e-05,67699,,28.334293365478516,,1.1493234634399414,,0.484829843044281,,0.37043359875679016
5462.4765625,,26,,67715,20.804988861083984,,1.5801647901535034,,0.48375213146209717,,0.36913564801216125,
,5520.0,27,2.868965566449333e-05,67749,,22.505653381347656,,1.7218416929244995,,0.4848746359348297,,0.37048524618148804
,5436.0,27,2.8634482077904977e-05,67799,,25.39713478088379,,1.7118215560913086,,0.48491376638412476,,0.37053996324539185
,5484.0,27,2.8579310310306028e-05,67849,,20.543752670288086,,1.7203471660614014,,0.48495328426361084,,0.3705897629261017
,5396.0,27,2.8524138542707078e-05,67899,,18.270906448364258,,1.5287814140319824,,0.4849987030029297,,0.3706364631652832
,5416.0,27,2.8468964956118725e-05,67949,,17.922609329223633,,1.6412980556488037,,0.4850400388240814,,0.37068378925323486
,5536.0,27,2.8413793188519776e-05,67999,,12.581140518188477,,1.5414320230484009,,0.485082745552063,,0.37073615193367004
,5356.0,27,2.8358621420920826e-05,68049,,26.377546310424805,,1.2864058017730713,,0.4851303994655609,,0.3707922399044037
,5520.0,27,2.8303447834332474e-05,68099,,15.59388542175293,,1.4996312856674194,,0.48517149686813354,,0.37084880471229553
,5484.0,27,2.8248276066733524e-05,68149,,16.732112884521484,,1.5610253810882568,,0.4852091670036316,,0.3708980679512024
,5492.0,27,2.8193104299134575e-05,68199,,18.155963897705078,,1.7783564329147339,,0.4852515459060669,,0.37094682455062866
,5484.0,27,2.8137930712546222e-05,68249,,15.80038833618164,,1.505162239074707,,0.48529452085494995,,0.37099939584732056
,5476.0,27,2.8082758944947273e-05,68299,,17.809154510498047,,1.7961674928665161,,0.4853365123271942,,0.3710537552833557
,5496.0,27,2.802758535835892e-05,68349,,22.0350399017334,,1.8019124269485474,,0.48538121581077576,,0.3711101710796356
,5472.0,27,2.797241359075997e-05,68399,,17.119632720947266,,1.6588741540908813,,0.4854225218296051,,0.3711673617362976
,5464.0,27,2.791724182316102e-05,68449,,25.310916900634766,,1.4993151426315308,,0.4854643642902374,,0.3712184429168701
,5484.0,27,2.7862068236572668e-05,68499,,16.603673934936523,,1.2771859169006348,,0.4855022430419922,,0.3712688386440277
,5476.0,27,2.780689646897372e-05,68549,,22.674423217773438,,1.7577779293060303,,0.48555099964141846,,0.3713224232196808
,5452.0,27,2.775172470137477e-05,68599,,28.543169021606445,,1.6203863620758057,,0.48559457063674927,,0.371374249458313
,5460.0,27,2.7696551114786416e-05,68649,,17.90963363647461,,1.813846468925476,,0.48564133048057556,,0.3714313507080078
,5452.0,27,2.7641379347187467e-05,68699,,20.5688533782959,,1.7522989511489868,,0.4856821596622467,,0.371481716632843
,5436.0,27,2.7586207579588518e-05,68749,,29.395998001098633,,1.46475088596344,,0.48572230339050293,,0.37153518199920654
,5452.0,27,2.7531033993000165e-05,68799,,23.859569549560547,,1.730370283126831,,0.4857643246650696,,0.371586412191391
,5460.0,27,2.7475862225401215e-05,68849,,21.822368621826172,,1.5333720445632935,,0.48580968379974365,,0.37163877487182617
,5436.0,27,2.7420690457802266e-05,68899,,26.051149368286133,,1.5248713493347168,,0.48585447669029236,,0.37169134616851807
,5424.0,27,2.7365516871213913e-05,68949,,32.647422790527344,,1.2440147399902344,,0.48589593172073364,,0.371742844581604
,5472.0,27,2.7310345103614964e-05,68999,,19.36411476135254,,1.9867902994155884,,0.48593610525131226,,0.37179309129714966
,5444.0,27,2.725517151702661e-05,69049,,21.281291961669922,,1.373602032661438,,0.485980749130249,,0.37184444069862366
,5460.0,27,2.719999974942766e-05,69099,,20.246097564697266,,2.1826820373535156,,0.48601821064949036,,0.3718952536582947
,5424.0,27,2.7144827981828712e-05,69149,,25.735685348510742,,0.9595913290977478,,0.48606207966804504,,0.371944397687912
,5548.0,27,2.708965439524036e-05,69199,,16.147193908691406,,1.6428889036178589,,0.4861060380935669,,0.3719939589500427
,5476.0,27,2.703448262764141e-05,69249,,20.474000930786133,,1.5055922269821167,,0.486147403717041,,0.37204140424728394
,5432.0,27,2.697931086004246e-05,69299,,20.798328399658203,,1.8757020235061646,,0.4861893057823181,,0.37209081649780273
,5448.0,27,2.6924137273454107e-05,69349,,14.635502815246582,,1.6971948146820068,,0.4862258732318878,,0.37213870882987976
,5476.0,27,2.6868965505855158e-05,69399,,23.045982360839844,,1.4861057996749878,,0.48626652359962463,,0.37218794226646423
,5468.0,27,2.681379373825621e-05,69449,,18.51508140563965,,1.7440240383148193,,0.48630690574645996,,0.37223678827285767
,5404.0,27,2.6758620151667856e-05,69499,,23.459657669067383,,1.748450517654419,,0.4863505959510803,,0.372285395860672
,5492.0,27,2.6703448384068906e-05,69549,,16.73470687866211,,1.70905601978302,,0.4863901436328888,,0.37233424186706543
,5508.0,27,2.6648276616469957e-05,69599,,23.61958885192871,,1.4142073392868042,,0.48643073439598083,,0.37238454818725586
,5440.0,27,2.6593103029881604e-05,69649,,19.75885581970215,,1.3965365886688232,,0.4864686131477356,,0.3724348843097687
,5488.0,27,2.6537931262282655e-05,69699,,23.268733978271484,,1.5929547548294067,,0.4865086078643799,,0.3724874258041382
,5428.0,27,2.6482759494683705e-05,69749,,24.160449981689453,,1.194808006286621,,0.48655012249946594,,0.3725370764732361
,5400.0,27,2.6427585908095352e-05,69799,,16.731422424316406,,1.8155264854431152,,0.4865924119949341,,0.3725863993167877
,5468.0,27,2.6372414140496403e-05,69849,,26.2558650970459,,1.3815892934799194,,0.4866314232349396,,0.3726348280906677
,5448.0,27,2.631724055390805e-05,69899,,22.72046661376953,,1.6417473554611206,,0.4866761267185211,,0.37267959117889404
,5468.0,27,2.62620687863091e-05,69949,,23.256141662597656,,1.1042184829711914,,0.48671773076057434,,0.3727298974990845
,5472.0,27,2.620689701871015e-05,69999,,18.045381546020508,,1.5070372819900513,,0.48675408959388733,,0.372782826423645
,5420.0,27,2.61517234321218e-05,70049,,28.21780776977539,,1.0607630014419556,,0.4868012070655823,,0.3728339970111847
,5492.0,27,2.609655166452285e-05,70099,,19.97694206237793,,1.529585361480713,,0.48683929443359375,,0.3728809952735901
,5384.0,27,2.60413798969239e-05,70149,,26.252361297607422,,1.3410934209823608,,0.48688268661499023,,0.3729354739189148
,5468.0,27,2.5986206310335547e-05,70199,,17.610105514526367,,1.1639701128005981,,0.4869256913661957,,0.37298235297203064
5460.30615234375,,27,,70223,20.891155242919922,,1.5730781555175781,,0.48591408133506775,,0.3717539310455322,
,5500.0,28,2.5931034542736597e-05,70249,,21.210283279418945,,1.8196938037872314,,0.48696547746658325,,0.37302932143211365
,5468.0,28,2.5875862775137648e-05,70299,,18.730499267578125,,1.373225212097168,,0.48700761795043945,,0.37307611107826233
,5488.0,28,2.5820689188549295e-05,70349,,24.471467971801758,,1.9579708576202393,,0.4870463013648987,,0.3731249272823334
,5480.0,28,2.5765517420950346e-05,70399,,16.81792449951172,,1.768457055091858,,0.48708826303482056,,0.3731709122657776
,5456.0,28,2.5710345653351396e-05,70449,,14.98538589477539,,1.755241870880127,,0.48713061213493347,,0.3732169568538666
,5428.0,28,2.5655172066763043e-05,70499,,22.870769500732422,,1.8800185918807983,,0.48716872930526733,,0.3732692003250122
,5452.0,28,2.5600000299164094e-05,70549,,17.003225326538086,,1.6725132465362549,,0.4872090220451355,,0.37331998348236084
,5548.0,28,2.554482671257574e-05,70599,,19.197532653808594,,1.805076003074646,,0.4872478246688843,,0.3733663856983185
,5416.0,28,2.5489654944976792e-05,70649,,31.667673110961914,,1.4119887351989746,,0.4872948229312897,,0.3734216094017029
,5532.0,28,2.5434483177377842e-05,70699,,15.210159301757812,,1.758314847946167,,0.48733967542648315,,0.37347301840782166
,5492.0,28,2.537930959078949e-05,70749,,24.467384338378906,,1.278762698173523,,0.4873802959918976,,0.3735221028327942
,5404.0,28,2.532413782319054e-05,70799,,19.366498947143555,,1.4881222248077393,,0.4874224364757538,,0.3735675513744354
,5512.0,28,2.526896605559159e-05,70849,,20.52070426940918,,1.5723484754562378,,0.4874694347381592,,0.3736155033111572
,5432.0,28,2.5213792469003238e-05,70899,,22.331663131713867,,1.4461219310760498,,0.48751091957092285,,0.3736679255962372
,5468.0,28,2.515862070140429e-05,70949,,15.56962776184082,,1.6093512773513794,,0.48754599690437317,,0.37372082471847534
,5460.0,28,2.510344893380534e-05,70999,,16.469934463500977,,1.6750930547714233,,0.48758605122566223,,0.37377041578292847
,5436.0,28,2.5048275347216986e-05,71049,,25.32974624633789,,1.066310167312622,,0.4876255989074707,,0.3738161027431488
,5456.0,28,2.4993103579618037e-05,71099,,25.78644561767578,,1.6888524293899536,,0.48766881227493286,,0.3738690912723541
,5484.0,28,2.4937931812019087e-05,71149,,21.429363250732422,,1.5717768669128418,,0.4877092242240906,,0.37391889095306396
,5468.0,28,2.4882758225430734e-05,71199,,23.207876205444336,,1.4937342405319214,,0.48775023221969604,,0.3739641308784485
,5500.0,28,2.4827586457831785e-05,71249,,20.10884666442871,,1.2690049409866333,,0.4877876341342926,,0.374009907245636
,5508.0,28,2.4772414690232836e-05,71299,,22.704448699951172,,1.6695038080215454,,0.4878249764442444,,0.37406226992607117
,5528.0,28,2.4717241103644483e-05,71349,,17.851272583007812,,1.577355980873108,,0.48786449432373047,,0.3741089701652527
,5452.0,28,2.4662069336045533e-05,71399,,20.810386657714844,,1.9612137079238892,,0.4879036843776703,,0.37415844202041626
,5492.0,28,2.460689574945718e-05,71449,,17.678932189941406,,1.7358113527297974,,0.4879443943500519,,0.37420982122421265
,5476.0,28,2.455172398185823e-05,71499,,27.368778228759766,,1.2985223531723022,,0.487976998090744,,0.37425315380096436
,5428.0,28,2.4496552214259282e-05,71549,,25.485675811767578,,1.5580241680145264,,0.48802152276039124,,0.3742997646331787
,5400.0,28,2.444137862767093e-05,71599,,18.315603256225586,,1.6449028253555298,,0.4880548417568207,,0.3743491768836975
,5500.0,28,2.438620686007198e-05,71649,,20.492374420166016,,1.632874608039856,,0.48809486627578735,,0.37440162897109985
,5516.0,28,2.433103509247303e-05,71699,,21.276885986328125,,1.4420549869537354,,0.48813116550445557,,0.3744509220123291
,5432.0,28,2.4275861505884677e-05,71749,,18.936214447021484,,1.7387572526931763,,0.4881674349308014,,0.37449800968170166
,5480.0,28,2.4220689738285728e-05,71799,,23.399253845214844,,2.041213274002075,,0.4882064461708069,,0.3745438754558563
,5496.0,28,2.416551797068678e-05,71849,,15.416905403137207,,1.6343340873718262,,0.48824548721313477,,0.3745923340320587
,5452.0,28,2.4110344384098426e-05,71899,,18.723587036132812,,1.297239065170288,,0.4882870316505432,,0.3746389150619507
,5516.0,28,2.4055172616499476e-05,71949,,21.05681800842285,,1.3834850788116455,,0.488328218460083,,0.37469202280044556
,5484.0,28,2.4000000848900527e-05,71999,,21.177841186523438,,1.324300765991211,,0.4883687198162079,,0.37474244832992554
,5448.0,28,2.3944827262312174e-05,72049,,24.520231246948242,,1.415634036064148,,0.4884115755558014,,0.3747958242893219
,5504.0,28,2.3889655494713224e-05,72099,,13.933345794677734,,1.6652538776397705,,0.48845452070236206,,0.3748411536216736
,5416.0,28,2.383448190812487e-05,72149,,17.540761947631836,,1.6474027633666992,,0.48849233984947205,,0.3748891055583954
,5516.0,28,2.3779310140525922e-05,72199,,22.272838592529297,,1.2576897144317627,,0.48853418231010437,,0.37493959069252014
,5400.0,28,2.3724138372926973e-05,72249,,24.82255744934082,,1.6686608791351318,,0.4885740876197815,,0.37498193979263306
,5480.0,28,2.366896478633862e-05,72299,,21.46837043762207,,1.3006237745285034,,0.48861175775527954,,0.3750239610671997
,5536.0,28,2.361379301873967e-05,72349,,19.834228515625,,1.7446202039718628,,0.4886469841003418,,0.3750709891319275
,5352.0,28,2.355862125114072e-05,72399,,16.792007446289062,,1.601021409034729,,0.4886830747127533,,0.37511977553367615
,5416.0,28,2.3503447664552368e-05,72449,,19.752431869506836,,1.9037951231002808,,0.4887208044528961,,0.3751664161682129
,5428.0,28,2.344827589695342e-05,72499,,17.336240768432617,,1.8210232257843018,,0.48876190185546875,,0.3752168118953705
,5528.0,28,2.339310412935447e-05,72549,,19.02159881591797,,1.5701841115951538,,0.4888010025024414,,0.37526434659957886
,5492.0,28,2.3337930542766117e-05,72599,,22.80270004272461,,1.5956975221633911,,0.4888353645801544,,0.37531396746635437
,5536.0,28,2.3282758775167167e-05,72649,,14.331210136413574,,1.9876784086227417,,0.488877534866333,,0.37536484003067017
,5420.0,28,2.3227587007568218e-05,72699,,26.003650665283203,,1.537833571434021,,0.4889160990715027,,0.3754141330718994
5462.6748046875,,28,,72731,20.930198669433594,,1.5694987773895264,,0.4879692792892456,,0.3742390275001526,
,5492.0,29,2.3172413420979865e-05,72749,,12.588244438171387,,1.870959758758545,,0.4889571964740753,,0.37546104192733765
,5480.0,29,2.3117241653380916e-05,72799,,17.461809158325195,,1.7481054067611694,,0.4889953136444092,,0.3755072355270386
,5496.0,29,2.3062068066792563e-05,72849,,14.778885841369629,,1.6734721660614014,,0.4890328049659729,,0.3755587935447693
,5392.0,29,2.3006896299193613e-05,72899,,21.463878631591797,,1.4414074420928955,,0.48907431960105896,,0.3756088614463806
,5504.0,29,2.2951724531594664e-05,72949,,17.602123260498047,,1.5968658924102783,,0.48911648988723755,,0.37565821409225464
,5416.0,29,2.289655094500631e-05,72999,,20.054140090942383,,1.7698715925216675,,0.48915690183639526,,0.3757036030292511
,5400.0,29,2.284137917740736e-05,73049,,18.58010482788086,,1.4243022203445435,,0.4891941249370575,,0.37575340270996094
,5508.0,29,2.2786207409808412e-05,73099,,18.267820358276367,,1.7641552686691284,,0.48922476172447205,,0.37579843401908875
,5456.0,29,2.273103382322006e-05,73149,,19.334217071533203,,1.5889185667037964,,0.48926466703414917,,0.37585029006004333
,5368.0,29,2.267586205562111e-05,73199,,17.082990646362305,,1.2822679281234741,,0.4893043339252472,,0.37590277194976807
,5440.0,29,2.262069028802216e-05,73249,,29.799938201904297,,1.5220978260040283,,0.48934128880500793,,0.37595224380493164
,5480.0,29,2.2565516701433808e-05,73299,,22.306522369384766,,1.3744137287139893,,0.48937368392944336,,0.37600111961364746
,5456.0,29,2.2510344933834858e-05,73349,,17.450578689575195,,1.6645079851150513,,0.4894069731235504,,0.3760477602481842
,5496.0,29,2.245517316623591e-05,73399,,21.175769805908203,,1.8249733448028564,,0.48944440484046936,,0.3760949373245239
,5428.0,29,2.2399999579647556e-05,73449,,20.662979125976562,,1.449979543685913,,0.4894874691963196,,0.37614211440086365
,5428.0,29,2.2344827812048607e-05,73499,,21.125293731689453,,1.6963754892349243,,0.48952391743659973,,0.3761889338493347
,5452.0,29,2.2289656044449657e-05,73549,,18.370981216430664,,1.1720505952835083,,0.489561527967453,,0.3762367069721222
,5428.0,29,2.2234482457861304e-05,73599,,22.425596237182617,,1.4642438888549805,,0.4895988702774048,,0.3762814998626709
,5416.0,29,2.2179310690262355e-05,73649,,26.74567222595215,,1.7651491165161133,,0.4896393418312073,,0.3763296604156494
,5456.0,29,2.2124137103674002e-05,73699,,14.227596282958984,,1.864629864692688,,0.48967790603637695,,0.37637802958488464
,5472.0,29,2.2068965336075053e-05,73749,,21.564279556274414,,1.589094877243042,,0.48971036076545715,,0.3764282763004303
,5456.0,29,2.2013793568476103e-05,73799,,24.845916748046875,,1.509207844734192,,0.4897489547729492,,0.376478374004364
,5484.0,29,2.195861998188775e-05,73849,,20.9997615814209,,1.7432373762130737,,0.48978516459465027,,0.37652909755706787
,5440.0,29,2.19034482142888e-05,73899,,28.7960147857666,,1.3846508264541626,,0.48982250690460205,,0.37657487392425537
,5480.0,29,2.184827644668985e-05,73949,,18.562665939331055,,1.7203805446624756,,0.4898661673069,,0.3766202926635742
,5476.0,29,2.17931028601015e-05,73999,,20.860157012939453,,1.672438621520996,,0.48990440368652344,,0.37666621804237366
,5504.0,29,2.173793109250255e-05,74049,,26.62409210205078,,1.2307578325271606,,0.48994168639183044,,0.3767116069793701
,5456.0,29,2.16827593249036e-05,74099,,25.544376373291016,,1.332175374031067,,0.48997828364372253,,0.37675368785858154
,5436.0,29,2.1627585738315247e-05,74149,,26.82447052001953,,1.191353678703308,,0.4900115430355072,,0.37680602073669434
,5528.0,29,2.1572413970716298e-05,74199,,22.10542869567871,,2.088452100753784,,0.4900529682636261,,0.37685340642929077
,5484.0,29,2.1517242203117348e-05,74249,,19.732927322387695,,1.3436304330825806,,0.49009281396865845,,0.37689974904060364
,5476.0,29,2.1462068616528995e-05,74299,,18.139026641845703,,1.3628712892532349,,0.4901309609413147,,0.37694525718688965
,5444.0,29,2.1406896848930046e-05,74349,,12.895231246948242,,1.8006591796875,,0.4901708662509918,,0.3769983947277069
,5416.0,29,2.1351723262341693e-05,74399,,15.01581859588623,,1.4167572259902954,,0.49020466208457947,,0.37704578042030334
,5408.0,29,2.1296551494742744e-05,74449,,23.373577117919922,,1.6375908851623535,,0.49023833870887756,,0.3770906925201416
,5476.0,29,2.1241379727143794e-05,74499,,18.818883895874023,,1.784704327583313,,0.4902779161930084,,0.37713468074798584
,5552.0,29,2.118620614055544e-05,74549,,18.600252151489258,,1.5709502696990967,,0.4903189539909363,,0.37717586755752563
,5520.0,29,2.1131034372956492e-05,74599,,19.907255172729492,,1.6920502185821533,,0.49035871028900146,,0.37722474336624146
,5472.0,29,2.1075862605357543e-05,74649,,19.18115997314453,,1.567766547203064,,0.4903925657272339,,0.3772745132446289
,5512.0,29,2.102068901876919e-05,74699,,26.069517135620117,,1.822045087814331,,0.4904288053512573,,0.3773208260536194
,5440.0,29,2.096551725117024e-05,74749,,30.539264678955078,,1.4829682111740112,,0.4904671311378479,,0.3773660957813263
,5440.0,29,2.091034548357129e-05,74799,,25.3634090423584,,1.7374751567840576,,0.49050813913345337,,0.37740951776504517
,5408.0,29,2.0855171896982938e-05,74849,,17.575368881225586,,1.7385598421096802,,0.49054402112960815,,0.37745553255081177
,5472.0,29,2.080000012938399e-05,74899,,18.049745559692383,,1.7804967164993286,,0.49058324098587036,,0.37750259041786194
,5460.0,29,2.074482836178504e-05,74949,,23.601247787475586,,1.7498923540115356,,0.4906173050403595,,0.37754884362220764
,5460.0,29,2.0689654775196686e-05,74999,,20.580657958984375,,1.660959005355835,,0.49065718054771423,,0.37759578227996826
,5528.0,29,2.0634483007597737e-05,75049,,23.743505477905273,,1.4187201261520386,,0.490702748298645,,0.3776428997516632
,5464.0,29,2.0579311239998788e-05,75099,,22.095016479492188,,1.7853730916976929,,0.49074286222457886,,0.37769246101379395
,5424.0,29,2.0524137653410435e-05,75149,,23.03339195251465,,1.6235984563827515,,0.49078017473220825,,0.37773942947387695
,5480.0,29,2.0468965885811485e-05,75199,,19.86756706237793,,1.3728296756744385,,0.49081385135650635,,0.3777843415737152
5462.50830078125,,29,,75239,21.20047950744629,,1.567598581314087,,0.48990532755851746,,0.37665489315986633,
,5420.0,30,2.0413792299223132e-05,75249,,24.44459342956543,,1.427293062210083,,0.4908454716205597,,0.3778309226036072
,5528.0,30,2.0358620531624183e-05,75299,,21.00871467590332,,1.2090100049972534,,0.4908856451511383,,0.37788066267967224
,5452.0,30,2.0303448764025234e-05,75349,,18.383033752441406,,1.6099498271942139,,0.49092572927474976,,0.3779321014881134
,5500.0,30,2.024827517743688e-05,75399,,19.968833923339844,,1.754360318183899,,0.49096280336380005,,0.37797874212265015
,5432.0,30,2.019310340983793e-05,75449,,23.065622329711914,,1.727399230003357,,0.4910038709640503,,0.37802767753601074
,5548.0,30,2.0137931642238982e-05,75499,,21.5350341796875,,1.6235747337341309,,0.4910430610179901,,0.3780692219734192
,5368.0,30,2.008275805565063e-05,75549,,18.237276077270508,,1.3050005435943604,,0.4910825490951538,,0.378115713596344
,5560.0,30,2.002758628805168e-05,75599,,25.998868942260742,,1.7306976318359375,,0.4911206066608429,,0.37816181778907776
,5468.0,30,1.997241452045273e-05,75649,,18.947372436523438,,1.539344310760498,,0.49115386605262756,,0.37820714712142944
,5492.0,30,1.9917240933864377e-05,75699,,30.492931365966797,,1.116981029510498,,0.49119406938552856,,0.3782567083835602
,5468.0,30,1.9862069166265428e-05,75749,,20.92858123779297,,1.1737408638000488,,0.4912302494049072,,0.37830477952957153
,5500.0,30,1.980689739866648e-05,75799,,24.261341094970703,,1.2264493703842163,,0.49126672744750977,,0.3783545196056366
,5492.0,30,1.9751723812078126e-05,75849,,18.05672836303711,,1.4305676221847534,,0.4913046658039093,,0.37840163707733154
,5408.0,30,1.9696552044479176e-05,75899,,25.22502899169922,,1.1950173377990723,,0.49133872985839844,,0.3784444332122803
,5448.0,30,1.9641378457890823e-05,75949,,23.602449417114258,,1.5123440027236938,,0.49137598276138306,,0.37848955392837524
,5360.0,30,1.9586206690291874e-05,75999,,20.851455688476562,,1.5806516408920288,,0.4914141595363617,,0.37853848934173584
,5544.0,30,1.9531034922692925e-05,76049,,19.391719818115234,,1.594976544380188,,0.4914511740207672,,0.37858664989471436
,5472.0,30,1.9475861336104572e-05,76099,,17.868858337402344,,1.6015138626098633,,0.49148720502853394,,0.37863093614578247
,5428.0,30,1.9420689568505622e-05,76149,,26.57430076599121,,1.264971375465393,,0.4915235638618469,,0.3786775469779968
,5460.0,30,1.9365517800906673e-05,76199,,23.507057189941406,,1.6845500469207764,,0.491557776927948,,0.3787226974964142
,5400.0,30,1.931034421431832e-05,76249,,24.799072265625,,1.6046802997589111,,0.4915957450866699,,0.3787705600261688
,5380.0,30,1.925517244671937e-05,76299,,19.134780883789062,,1.731275200843811,,0.4916360080242157,,0.3788151741027832
,5500.0,30,1.920000067912042e-05,76349,,17.622859954833984,,1.5114970207214355,,0.49167391657829285,,0.37886157631874084
,5440.0,30,1.914482709253207e-05,76399,,17.5904483795166,,1.6246435642242432,,0.4917117953300476,,0.3789044916629791
,5436.0,30,1.908965532493312e-05,76449,,19.61876678466797,,1.7596126794815063,,0.49174660444259644,,0.37894898653030396
,5392.0,30,1.903448355733417e-05,76499,,22.51056671142578,,1.7128713130950928,,0.49178144335746765,,0.3789936900138855
,5376.0,30,1.8979309970745817e-05,76549,,22.971860885620117,,1.4098789691925049,,0.49181437492370605,,0.3790343105792999
,5440.0,30,1.8924138203146867e-05,76599,,13.14085578918457,,1.4174062013626099,,0.4918527901172638,,0.3790796399116516
,5476.0,30,1.8868964616558515e-05,76649,,20.445104598999023,,1.5748295783996582,,0.49188584089279175,,0.37912651896476746
,5480.0,30,1.8813792848959565e-05,76699,,20.123355865478516,,1.5748279094696045,,0.4919215142726898,,0.3791746497154236
,5404.0,30,1.8758621081360616e-05,76749,,23.249408721923828,,1.217614769935608,,0.4919593632221222,,0.379218727350235
,5460.0,30,1.8703447494772263e-05,76799,,23.728670120239258,,1.0392605066299438,,0.4919939637184143,,0.37926170229911804
,5472.0,30,1.8648275727173313e-05,76849,,27.436357498168945,,1.2796437740325928,,0.4920298159122467,,0.3793044090270996
,5436.0,30,1.8593103959574364e-05,76899,,22.309236526489258,,1.7202327251434326,,0.4920659363269806,,0.37935182452201843
,5400.0,30,1.853793037298601e-05,76949,,17.832101821899414,,1.7249341011047363,,0.49210065603256226,,0.3793967068195343
,5408.0,30,1.8482758605387062e-05,76999,,16.719253540039062,,1.8342119455337524,,0.49213501811027527,,0.37944522500038147
,5444.0,30,1.8427586837788112e-05,77049,,15.386372566223145,,2.0134871006011963,,0.49217167496681213,,0.37949469685554504
,5412.0,30,1.837241325119976e-05,77099,,21.312253952026367,,1.6172436475753784,,0.4922071695327759,,0.3795386850833893
,5468.0,30,1.831724148360081e-05,77149,,17.82777214050293,,1.9999792575836182,,0.4922388195991516,,0.37957963347435
,5516.0,30,1.826206971600186e-05,77199,,15.499326705932617,,1.462092399597168,,0.4922766089439392,,0.3796223998069763
,5372.0,30,1.8206896129413508e-05,77249,,21.44115447998047,,1.4905948638916016,,0.4923115074634552,,0.379668265581131
,5464.0,30,1.815172436181456e-05,77299,,15.331966400146484,,1.62956702709198,,0.4923449754714966,,0.379710853099823
,5404.0,30,1.809655259421561e-05,77349,,22.079124450683594,,1.3525712490081787,,0.4923838675022125,,0.3797577917575836
,5456.0,30,1.8041379007627256e-05,77399,,21.945892333984375,,1.6308687925338745,,0.492415189743042,,0.3798012435436249
,5480.0,30,1.7986207240028307e-05,77449,,24.112548828125,,1.4411927461624146,,0.4924493432044983,,0.37984418869018555
,5452.0,30,1.7931033653439954e-05,77499,,22.050249099731445,,1.24734628200531,,0.49248895049095154,,0.37988701462745667
,5436.0,30,1.7875861885841005e-05,77549,,22.9437198638916,,1.7867259979248047,,0.49251890182495117,,0.3799310326576233
,5480.0,30,1.7820690118242055e-05,77599,,19.857696533203125,,1.6785773038864136,,0.4925547242164612,,0.37997499108314514
,5440.0,30,1.7765516531653702e-05,77649,,23.6297607421875,,1.7132171392440796,,0.49258726835250854,,0.38002362847328186
,5420.0,30,1.7710344764054753e-05,77699,,14.492484092712402,,1.8054206371307373,,0.4926210045814514,,0.38006383180618286
5460.84912109375,,30,,77747,21.344680786132812,,1.5612879991531372,,0.49177852272987366,,0.3789910078048706,
,5460.0,31,1.7655172996455804e-05,77749,,24.369367599487305,,1.2772440910339355,,0.4926548898220062,,0.38011056184768677
,5500.0,31,1.759999940986745e-05,77799,,24.837299346923828,,1.19949209690094,,0.4926890432834625,,0.38014817237854004
,5512.0,31,1.75448276422685e-05,77849,,21.424667358398438,,1.4949699640274048,,0.49272164702415466,,0.3801882863044739
,5480.0,31,1.7489655874669552e-05,77899,,22.666133880615234,,1.7448556423187256,,0.4927571415901184,,0.3802313208580017
,5452.0,31,1.74344822880812e-05,77949,,31.382219314575195,,1.302412986755371,,0.4927854537963867,,0.3802756071090698
,5528.0,31,1.737931052048225e-05,77999,,16.4959774017334,,1.9489655494689941,,0.492820143699646,,0.3803180456161499
,5496.0,31,1.73241387528833e-05,78049,,16.374832153320312,,2.0176305770874023,,0.4928540885448456,,0.38036128878593445
,5436.0,31,1.7268965166294947e-05,78099,,13.894067764282227,,1.485487461090088,,0.49288520216941833,,0.3804114758968353
,5484.0,31,1.7213793398695998e-05,78149,,23.282867431640625,,1.329334020614624,,0.4929177761077881,,0.38045600056648254
,5428.0,31,1.7158619812107645e-05,78199,,20.202945709228516,,1.6828157901763916,,0.4929549992084503,,0.3805018365383148
,5484.0,31,1.7103448044508696e-05,78249,,25.240129470825195,,1.7293403148651123,,0.49299195408821106,,0.38054704666137695
,5440.0,31,1.7048276276909746e-05,78299,,22.297344207763672,,1.3466382026672363,,0.4930303692817688,,0.3805915415287018
,5420.0,31,1.6993102690321393e-05,78349,,26.38433837890625,,1.533848762512207,,0.49306538701057434,,0.3806363046169281
,5504.0,31,1.6937930922722444e-05,78399,,25.768949508666992,,1.3845235109329224,,0.4930979609489441,,0.3806808590888977
,5492.0,31,1.6882759155123495e-05,78449,,17.83892059326172,,1.6078710556030273,,0.49312981963157654,,0.3807269334793091
,5540.0,31,1.682758556853514e-05,78499,,20.676050186157227,,1.413709282875061,,0.4931666851043701,,0.38077306747436523
,5532.0,31,1.6772413800936192e-05,78549,,20.101163864135742,,1.7200660705566406,,0.49320173263549805,,0.38081610202789307
,5480.0,31,1.6717242033337243e-05,78599,,24.999549865722656,,1.664595127105713,,0.49323633313179016,,0.38086169958114624
,5552.0,31,1.666206844674889e-05,78649,,15.449165344238281,,1.8214240074157715,,0.49326932430267334,,0.380906879901886
,5460.0,31,1.660689667914994e-05,78699,,18.374195098876953,,1.5996079444885254,,0.4933006167411804,,0.3809504806995392
,5504.0,31,1.655172491155099e-05,78749,,24.599756240844727,,1.3283560276031494,,0.4933352470397949,,0.3809932768344879
,5524.0,31,1.649655132496264e-05,78799,,15.962395668029785,,1.986782193183899,,0.49337175488471985,,0.3810337781906128
,5456.0,31,1.644137955736369e-05,78849,,24.55401039123535,,1.7050702571868896,,0.4934045970439911,,0.3810729384422302
,5436.0,31,1.638620778976474e-05,78899,,19.12043571472168,,1.5357438325881958,,0.4934370517730713,,0.3811182379722595
,5464.0,31,1.6331034203176387e-05,78949,,20.550640106201172,,1.2719298601150513,,0.4934737980365753,,0.3811599314212799
,5436.0,31,1.6275862435577437e-05,78999,,17.785324096679688,,1.7646574974060059,,0.493507981300354,,0.3812028169631958
,5444.0,31,1.6220688848989084e-05,79049,,22.888309478759766,,1.6133959293365479,,0.49354779720306396,,0.3812450170516968
,5500.0,31,1.6165517081390135e-05,79099,,25.2376651763916,,0.9941401481628418,,0.4935849606990814,,0.3812887668609619
,5520.0,31,1.6110345313791186e-05,79149,,22.302478790283203,,1.4872946739196777,,0.4936244487762451,,0.381335973739624
,5488.0,31,1.6055171727202833e-05,79199,,27.641357421875,,1.3373386859893799,,0.4936601519584656,,0.3813765347003937
,5440.0,31,1.5999999959603883e-05,79249,,13.54827880859375,,1.908348798751831,,0.4936957061290741,,0.38142186403274536
,5420.0,31,1.5944828192004934e-05,79299,,26.325105667114258,,1.2194932699203491,,0.4937295913696289,,0.38146424293518066
,5452.0,31,1.588965460541658e-05,79349,,20.837064743041992,,1.4488890171051025,,0.49376562237739563,,0.3815101981163025
,5500.0,31,1.583448283781763e-05,79399,,26.872770309448242,,1.5933204889297485,,0.4938023090362549,,0.38155293464660645
,5524.0,31,1.5779311070218682e-05,79449,,19.596633911132812,,1.42387056350708,,0.49383655190467834,,0.3815990686416626
,5448.0,31,1.572413748363033e-05,79499,,23.688907623291016,,1.274953007698059,,0.4938708543777466,,0.38164544105529785
,5484.0,31,1.566896571603138e-05,79549,,20.55021095275879,,1.2478433847427368,,0.49390560388565063,,0.38168713450431824
,5496.0,31,1.561379394843243e-05,79599,,22.820112228393555,,1.8502070903778076,,0.49394065141677856,,0.38173070549964905
,5448.0,31,1.5558620361844078e-05,79649,,24.857532501220703,,1.458223819732666,,0.4939790964126587,,0.3817773461341858
,5484.0,31,1.550344859424513e-05,79699,,14.888612747192383,,1.850602626800537,,0.49401339888572693,,0.38182076811790466
,5480.0,31,1.5448275007656775e-05,79749,,20.202356338500977,,1.960777759552002,,0.49404481053352356,,0.38186097145080566
,5496.0,31,1.5393103240057826e-05,79799,,17.011369705200195,,1.375480055809021,,0.4940800666809082,,0.381903737783432
,5564.0,31,1.5337931472458877e-05,79849,,27.971847534179688,,1.2938413619995117,,0.49411439895629883,,0.3819480538368225
,5504.0,31,1.5282757885870524e-05,79899,,20.554885864257812,,1.047401785850525,,0.49415090680122375,,0.38199034333229065
,5468.0,31,1.5227586118271574e-05,79949,,16.34120750427246,,1.673494815826416,,0.49418050050735474,,0.3820337653160095
,5488.0,31,1.5172413441177923e-05,79999,,28.344228744506836,,1.1306792497634888,,0.4942208230495453,,0.38207703828811646
,5480.0,31,1.5117241673578974e-05,80049,,27.721532821655273,,1.1676323413848877,,0.4942559003829956,,0.3821210265159607
,5488.0,31,1.5062068996485323e-05,80099,,18.015666961669922,,1.8875230550765991,,0.4942867159843445,,0.38215896487236023
,5432.0,31,1.5006896319391672e-05,80149,,14.84908390045166,,1.3435688018798828,,0.4943206310272217,,0.382199764251709
,5524.0,31,1.4951724551792722e-05,80199,,15.19199275970459,,1.8043302297592163,,0.49435338377952576,,0.38223975896835327
,5408.0,31,1.4896551874699071e-05,80249,,17.091114044189453,,1.143585443496704,,0.49439170956611633,,0.38228315114974976
5462.61865234375,,31,,80255,21.361711502075195,,1.551959753036499,,0.4935325086116791,,0.38121485710144043,
,5500.0,32,1.484137919760542e-05,80299,,19.772920608520508,,1.747929334640503,,0.494425892829895,,0.3823251724243164
,5436.0,32,1.4786206520511769e-05,80349,,25.14755630493164,,1.363446831703186,,0.49446165561676025,,0.3823721408843994
,5476.0,32,1.473103475291282e-05,80399,,18.441099166870117,,1.640260934829712,,0.49449610710144043,,0.38241761922836304
,5476.0,32,1.4675862075819168e-05,80449,,31.521581649780273,,1.4214324951171875,,0.4945325553417206,,0.38245612382888794
,5472.0,32,1.4620689398725517e-05,80499,,18.465621948242188,,1.527639627456665,,0.49456557631492615,,0.38249632716178894
,5432.0,32,1.4565517631126568e-05,80549,,21.83193588256836,,1.4416038990020752,,0.4945983290672302,,0.38253599405288696
,5512.0,32,1.4510344954032917e-05,80599,,22.54410171508789,,1.4814660549163818,,0.4946308732032776,,0.382579505443573
,5464.0,32,1.4455172276939265e-05,80649,,16.415388107299805,,1.6197433471679688,,0.49466127157211304,,0.3826195299625397
,5464.0,32,1.4399999599845614e-05,80699,,23.07455062866211,,1.7654885053634644,,0.4946940243244171,,0.38266485929489136
,5440.0,32,1.4344827832246665e-05,80749,,26.904937744140625,,2.056253433227539,,0.4947222173213959,,0.3827069103717804
,5500.0,32,1.4289655155153014e-05,80799,,18.108154296875,,1.781954288482666,,0.49475526809692383,,0.38274240493774414
,5456.0,32,1.4234482478059363e-05,80849,,11.166462898254395,,1.9354764223098755,,0.4947871267795563,,0.38278329372406006
,5464.0,32,1.4179310710460413e-05,80899,,17.686126708984375,,1.7008018493652344,,0.49482545256614685,,0.3828275799751282
,5432.0,32,1.4124138033366762e-05,80949,,23.690032958984375,,1.7965370416641235,,0.4948607087135315,,0.3828677535057068
,5488.0,32,1.4068965356273111e-05,80999,,21.347137451171875,,1.7105259895324707,,0.4948923885822296,,0.3829147219657898
,5516.0,32,1.401379267917946e-05,81049,,19.8610782623291,,1.532179832458496,,0.4949283003807068,,0.3829580545425415
,5480.0,32,1.395862091158051e-05,81099,,24.707937240600586,,1.7305645942687988,,0.4949604272842407,,0.38300132751464844
,5416.0,32,1.390344823448686e-05,81149,,22.469078063964844,,1.2700309753417969,,0.494994193315506,,0.3830382823944092
,5452.0,32,1.3848275557393208e-05,81199,,27.502235412597656,,1.5794544219970703,,0.4950316250324249,,0.38308024406433105
,5452.0,32,1.3793103789794259e-05,81249,,23.327224731445312,,1.9732868671417236,,0.49506428837776184,,0.38312476873397827
,5456.0,32,1.3737931112700608e-05,81299,,24.583324432373047,,1.2453089952468872,,0.4951004683971405,,0.38316160440444946
,5424.0,32,1.3682758435606956e-05,81349,,18.5543270111084,,1.283915638923645,,0.49513381719589233,,0.3832070231437683
,4385.0,32,1.3627585758513305e-05,81399,,28.76772117614746,,1.2730101346969604,,0.4951668381690979,,0.38325023651123047
,5436.0,32,1.3572413990914356e-05,81449,,19.92726707458496,,1.6405242681503296,,0.49519777297973633,,0.3832947909832001
,5448.0,32,1.3517241313820705e-05,81499,,22.578319549560547,,1.4297165870666504,,0.49523186683654785,,0.38333767652511597
,5500.0,32,1.3462068636727054e-05,81549,,23.798320770263672,,1.849007487297058,,0.49526575207710266,,0.38338014483451843
,5444.0,32,1.3406896869128104e-05,81599,,14.110549926757812,,1.724642038345337,,0.49529513716697693,,0.3834189176559448
,5504.0,32,1.3351724192034453e-05,81649,,21.59185791015625,,1.470859169960022,,0.49533289670944214,,0.38345712423324585
,5464.0,32,1.3296551514940802e-05,81699,,19.189510345458984,,1.7499996423721313,,0.49536383152008057,,0.3834988474845886
,5456.0,32,1.3241379747341853e-05,81749,,22.139291763305664,,1.4042010307312012,,0.49539709091186523,,0.38354071974754333
,5472.0,32,1.3186207070248201e-05,81799,,22.853126525878906,,1.6194998025894165,,0.49542558193206787,,0.3835805654525757
,5440.0,32,1.313103439315455e-05,81849,,27.303693771362305,,1.4111510515213013,,0.4954613149166107,,0.38362616300582886
,5432.0,32,1.30758617160609e-05,81899,,23.982595443725586,,1.680618405342102,,0.4954944849014282,,0.38366371393203735
,5412.0,32,1.302068994846195e-05,81949,,15.486418724060059,,1.6821777820587158,,0.49552667140960693,,0.38370481133461
,5452.0,32,1.2965517271368299e-05,81999,,19.075241088867188,,1.8302481174468994,,0.49555838108062744,,0.38374730944633484
,5456.0,32,1.2910344594274648e-05,82049,,14.392369270324707,,1.7053258419036865,,0.49559181928634644,,0.38378897309303284
,5520.0,32,1.2855172826675698e-05,82099,,21.303564071655273,,1.9315744638442993,,0.49562567472457886,,0.3838289976119995
,5460.0,32,1.2800000149582047e-05,82149,,24.677371978759766,,1.1559791564941406,,0.495657742023468,,0.38387298583984375
,5496.0,32,1.2744827472488396e-05,82199,,23.51304817199707,,1.735877513885498,,0.4956880211830139,,0.3839133381843567
,5520.0,32,1.2689654795394745e-05,82249,,19.74055290222168,,1.6151118278503418,,0.495714008808136,,0.38395434617996216
,5464.0,32,1.2634483027795795e-05,82299,,15.825799942016602,,1.6145703792572021,,0.4957487881183624,,0.38399738073349
,5440.0,32,1.2579310350702144e-05,82349,,22.072111129760742,,1.5945448875427246,,0.49578094482421875,,0.384036660194397
,5472.0,32,1.2524137673608493e-05,82399,,21.32213592529297,,1.793323278427124,,0.49581411480903625,,0.38407811522483826
,5448.0,32,1.2468965906009544e-05,82449,,16.07982635498047,,1.4495487213134766,,0.4958481192588806,,0.38411885499954224
,5440.0,32,1.2413793228915893e-05,82499,,20.595035552978516,,1.8394551277160645,,0.49588093161582947,,0.38415974378585815
,5468.0,32,1.2358620551822241e-05,82549,,21.459697723388672,,1.579833745956421,,0.49591463804244995,,0.3841986060142517
,5412.0,32,1.230344787472859e-05,82599,,19.054780960083008,,1.802442193031311,,0.4959489107131958,,0.38423728942871094
,5420.0,32,1.2248276107129641e-05,82649,,16.994983673095703,,1.7833200693130493,,0.49598127603530884,,0.3842771053314209
,5500.0,32,1.219310343003599e-05,82699,,19.49521827697754,,1.7069975137710571,,0.49601590633392334,,0.38431620597839355
,5504.0,32,1.2137930752942339e-05,82749,,18.619857788085938,,1.6363897323608398,,0.4960470199584961,,0.38435429334640503
5461.880859375,,32,,82763,21.447065353393555,,1.5471347570419312,,0.49524492025375366,,0.3833479583263397,
,5444.0,33,1.208275898534339e-05,82799,,20.135189056396484,,1.7901993989944458,,0.4960792660713196,,0.38439613580703735
,5448.0,33,1.2027586308249738e-05,82849,,23.549787521362305,,1.767425537109375,,0.4961097836494446,,0.3844354748725891
,5416.0,33,1.1972413631156087e-05,82899,,24.50309181213379,,1.238808512687683,,0.4961453080177307,,0.38446900248527527
,5452.0,33,1.1917240954062436e-05,82949,,18.93250274658203,,1.2934857606887817,,0.49617552757263184,,0.3845096230506897
,5448.0,33,1.1862069186463486e-05,82999,,23.44813346862793,,1.7842813730239868,,0.4962071180343628,,0.3845505118370056
,5452.0,33,1.1806896509369835e-05,83049,,24.45123863220215,,1.2784701585769653,,0.4962424039840698,,0.3845905065536499
,5476.0,33,1.1751723832276184e-05,83099,,22.30071449279785,,1.5809979438781738,,0.496273010969162,,0.38462841510772705
,5424.0,33,1.1696552064677235e-05,83149,,15.731301307678223,,1.2456023693084717,,0.4963088631629944,,0.3846723139286041
,5420.0,33,1.1641379387583584e-05,83199,,16.775115966796875,,1.4660807847976685,,0.4963396489620209,,0.38471096754074097
,5476.0,33,1.1586206710489932e-05,83249,,25.78954315185547,,1.4072754383087158,,0.4963685870170593,,0.38475194573402405
,5528.0,33,1.1531034033396281e-05,83299,,26.019306182861328,,1.9240224361419678,,0.4964020252227783,,0.38478976488113403
,5556.0,33,1.1475862265797332e-05,83349,,27.68240737915039,,1.7889033555984497,,0.49643322825431824,,0.3848329186439514
,5480.0,33,1.142068958870368e-05,83399,,19.002138137817383,,1.7884706258773804,,0.4964643716812134,,0.38487493991851807
,5408.0,33,1.136551691161003e-05,83449,,21.97613525390625,,1.6374133825302124,,0.4964984059333801,,0.38491517305374146
,5436.0,33,1.131034514401108e-05,83499,,21.515243530273438,,1.246549129486084,,0.49653077125549316,,0.38495415449142456
,5504.0,33,1.1255172466917429e-05,83549,,20.84374237060547,,2.0721449851989746,,0.49656280875205994,,0.3849955201148987
,5444.0,33,1.1199999789823778e-05,83599,,26.22897720336914,,1.594010353088379,,0.49659281969070435,,0.385036826133728
,5420.0,33,1.1144828022224829e-05,83649,,23.456623077392578,,1.4830865859985352,,0.4966244697570801,,0.3850798010826111
,5504.0,33,1.1089655345131177e-05,83699,,27.329465866088867,,1.5303853750228882,,0.4966576099395752,,0.38511523604393005
,5504.0,33,1.1034482668037526e-05,83749,,25.306001663208008,,1.5374866724014282,,0.4966859817504883,,0.38515228033065796
,5416.0,33,1.0979309990943875e-05,83799,,20.174924850463867,,1.6491910219192505,,0.49671751260757446,,0.3851921856403351
,5480.0,33,1.0924138223344926e-05,83849,,17.21510124206543,,1.4237310886383057,,0.49674639105796814,,0.38522693514823914
,5484.0,33,1.0868965546251275e-05,83899,,21.2415828704834,,1.49767005443573,,0.49677759408950806,,0.3852684795856476
,5496.0,33,1.0813792869157623e-05,83949,,13.242549896240234,,1.7546857595443726,,0.4968101680278778,,0.38531041145324707
,5496.0,33,1.0758621101558674e-05,83999,,19.40040397644043,,1.6632051467895508,,0.496846079826355,,0.38535076379776
,5536.0,33,1.0703448424465023e-05,84049,,18.184608459472656,,1.337856650352478,,0.4968787431716919,,0.38539034128189087
,5436.0,33,1.0648275747371372e-05,84099,,25.18120765686035,,1.5466901063919067,,0.49691125750541687,,0.3854341506958008
,5488.0,33,1.059310307027772e-05,84149,,16.643653869628906,,1.82118558883667,,0.4969439208507538,,0.3854752480983734
,5476.0,33,1.0537931302678771e-05,84199,,25.375164031982422,,1.3114453554153442,,0.4969754219055176,,0.3855196237564087
,5512.0,33,1.048275862558512e-05,84249,,25.734655380249023,,1.422489881515503,,0.49701210856437683,,0.3855621814727783
,5456.0,33,1.0427585948491469e-05,84299,,21.65581512451172,,1.2179734706878662,,0.49704164266586304,,0.3856061100959778
,5472.0,33,1.037241418089252e-05,84349,,21.338388442993164,,1.2633143663406372,,0.4970749318599701,,0.3856443762779236
,5448.0,33,1.0317241503798869e-05,84399,,19.961275100708008,,2.008708953857422,,0.4971049129962921,,0.38568565249443054
,5396.0,33,1.0262068826705217e-05,84449,,23.870712280273438,,1.6300100088119507,,0.4971357583999634,,0.38572508096694946
,5476.0,33,1.0206896149611566e-05,84499,,14.205833435058594,,1.6033031940460205,,0.49716895818710327,,0.3857632279396057
,5444.0,33,1.0151724382012617e-05,84549,,21.926753997802734,,1.65487539768219,,0.49720266461372375,,0.3858036398887634
,5432.0,33,1.0096551704918966e-05,84599,,28.701631546020508,,1.4382526874542236,,0.4972357749938965,,0.38584497570991516
,5464.0,33,1.0041379027825315e-05,84649,,21.409984588623047,,1.681401252746582,,0.49726468324661255,,0.38588160276412964
,5460.0,33,9.986207260226365e-06,84699,,20.825515747070312,,1.5006434917449951,,0.4972952604293823,,0.38592106103897095
,5500.0,33,9.931034583132714e-06,84749,,29.174686431884766,,1.5194214582443237,,0.49732705950737,,0.38596516847610474
,5460.0,33,9.875861906039063e-06,84799,,13.686872482299805,,1.4151021242141724,,0.4973592460155487,,0.3860042095184326
,5468.0,33,9.820689228945412e-06,84849,,20.971357345581055,,1.3028910160064697,,0.49739396572113037,,0.3860470950603485
,5476.0,33,9.765517461346462e-06,84899,,25.43580436706543,,1.8407350778579712,,0.4974231719970703,,0.38608822226524353
,5424.0,33,9.710344784252811e-06,84949,,15.816423416137695,,1.5879194736480713,,0.4974535405635834,,0.3861294090747833
,5460.0,33,9.65517210715916e-06,84999,,21.54961585998535,,1.3494254350662231,,0.49748629331588745,,0.3861679434776306
,5420.0,33,9.60000033956021e-06,85049,,25.383014678955078,,1.7054319381713867,,0.4975181221961975,,0.38621100783348083
,5464.0,33,9.54482766246656e-06,85099,,21.473373413085938,,1.5796785354614258,,0.49754899740219116,,0.38625162839889526
,5440.0,33,9.489654985372908e-06,85149,,21.530683517456055,,1.735540747642517,,0.49758127331733704,,0.3862914443016052
,5444.0,33,9.434482308279257e-06,85199,,22.166820526123047,,1.239275574684143,,0.4976086914539337,,0.3863276243209839
,5440.0,33,9.379310540680308e-06,85249,,23.77666473388672,,1.1060905456542969,,0.4976343512535095,,0.38636404275894165
5464.5107421875,,33,,85271,21.46350860595703,,1.5441285371780396,,0.4968722462654114,,0.385382741689682,
,5484.0,34,9.324137863586657e-06,85299,,18.77118492126465,,1.7064634561538696,,0.4976646304130554,,0.3864014446735382
,5448.0,34,9.268965186493006e-06,85349,,29.155437469482422,,1.1376277208328247,,0.49769455194473267,,0.38644251227378845
,5480.0,34,9.213793418894056e-06,85399,,26.931547164916992,,1.611186146736145,,0.4977251887321472,,0.3864840865135193
,5524.0,34,9.158620741800405e-06,85449,,13.8294677734375,,1.6582574844360352,,0.49775630235671997,,0.38652411103248596
,5468.0,34,9.103448064706754e-06,85499,,24.064411163330078,,1.786679983139038,,0.49778974056243896,,0.3865630626678467
,5460.0,34,9.048276297107805e-06,85549,,20.103654861450195,,1.5783559083938599,,0.4978179335594177,,0.3866025507450104
,5324.0,34,8.993103620014153e-06,85599,,19.453899383544922,,1.8084348440170288,,0.4978490471839905,,0.38664373755455017
,5416.0,34,8.937930942920502e-06,85649,,22.72844123840332,,1.6588622331619263,,0.4978819191455841,,0.38668423891067505
,5536.0,34,8.882758265826851e-06,85699,,18.49323081970215,,1.6615670919418335,,0.49790483713150024,,0.3867235779762268
,5456.0,34,8.827586498227902e-06,85749,,26.428756713867188,,1.7211538553237915,,0.49793198704719543,,0.38676056265830994
,5472.0,34,8.77241382113425e-06,85799,,17.431745529174805,,1.6817532777786255,,0.49795740842819214,,0.3868006467819214
,5536.0,34,8.7172411440406e-06,85849,,18.91284942626953,,1.509982705116272,,0.49798694252967834,,0.3868425488471985
,5432.0,34,8.66206937644165e-06,85899,,26.037128448486328,,1.3719358444213867,,0.4980200529098511,,0.3868798017501831
,5416.0,34,8.606896699347999e-06,85949,,23.516799926757812,,1.3216896057128906,,0.4980519413948059,,0.3869151473045349
,5464.0,34,8.551724022254348e-06,85999,,22.109289169311523,,1.3852757215499878,,0.49808165431022644,,0.3869551122188568
,5472.0,34,8.496551345160697e-06,86049,,23.861608505249023,,1.3739906549453735,,0.4981141686439514,,0.3869900405406952
,5488.0,34,8.441379577561747e-06,86099,,21.197988510131836,,1.354481816291809,,0.4981469511985779,,0.3870306611061096
,5488.0,34,8.386206900468096e-06,86149,,27.784650802612305,,1.2124255895614624,,0.49818170070648193,,0.3870680332183838
,5448.0,34,8.331034223374445e-06,86199,,19.026891708374023,,1.6437504291534424,,0.49821484088897705,,0.3871041536331177
,5512.0,34,8.275862455775496e-06,86249,,20.00253677368164,,1.6635136604309082,,0.4982466399669647,,0.3871424198150635
,5500.0,34,8.220689778681844e-06,86299,,19.000354766845703,,1.474669337272644,,0.49827834963798523,,0.38718003034591675
,5372.0,34,8.165517101588193e-06,86349,,23.221654891967773,,1.8609998226165771,,0.49830782413482666,,0.3872238099575043
,5536.0,34,8.110344424494542e-06,86399,,19.9757022857666,,1.8389126062393188,,0.4983406364917755,,0.3872653543949127
,5476.0,34,8.055172656895593e-06,86449,,20.9602108001709,,1.580796718597412,,0.4983724057674408,,0.38730588555336
,5408.0,34,7.999999979801942e-06,86499,,25.04869270324707,,1.4646718502044678,,0.49840644001960754,,0.38734275102615356
,5344.0,34,7.94482730270829e-06,86549,,18.18277359008789,,1.680838942527771,,0.49844086170196533,,0.38738125562667847
,5432.0,34,7.889655535109341e-06,86599,,14.226485252380371,,1.802648663520813,,0.49847230315208435,,0.387423038482666
,5348.0,34,7.83448285801569e-06,86649,,18.67449378967285,,1.2866846323013306,,0.49850034713745117,,0.3874620199203491
,5452.0,34,7.779310180922039e-06,86699,,22.00824546813965,,1.4418905973434448,,0.49852967262268066,,0.3874998390674591
,5404.0,34,7.724137503828388e-06,86749,,16.594772338867188,,1.712567925453186,,0.49855726957321167,,0.38753747940063477
,5480.0,34,7.668965736229438e-06,86799,,20.156949996948242,,1.4115723371505737,,0.498587965965271,,0.3875710070133209
,5500.0,34,7.613793059135787e-06,86849,,19.681095123291016,,1.6561511754989624,,0.49861815571784973,,0.38760918378829956
,5392.0,34,7.558620836789487e-06,86899,,23.834369659423828,,1.4258005619049072,,0.49864882230758667,,0.3876507580280304
,5476.0,34,7.503448159695836e-06,86949,,20.861345291137695,,1.4088371992111206,,0.49867886304855347,,0.387692391872406
,5452.0,34,7.4482759373495355e-06,86999,,22.31839942932129,,1.4756425619125366,,0.4987059533596039,,0.3877326250076294
,5468.0,34,7.393103260255884e-06,87049,,22.861480712890625,,1.4807440042495728,,0.4987345039844513,,0.38777220249176025
,5516.0,34,7.337931037909584e-06,87099,,23.608190536499023,,1.813249111175537,,0.49876677989959717,,0.3878107964992523
,5452.0,34,7.282758815563284e-06,87149,,22.245935440063477,,1.545875072479248,,0.49879613518714905,,0.3878474533557892
,5520.0,34,7.227586138469633e-06,87199,,19.522228240966797,,1.6072856187820435,,0.4988258481025696,,0.38788658380508423
,5420.0,34,7.1724139161233325e-06,87249,,20.361602783203125,,1.7192542552947998,,0.4988571107387543,,0.3879249095916748
,5484.0,34,7.117241239029681e-06,87299,,24.897489547729492,,1.3598747253417969,,0.49888479709625244,,0.38796350359916687
,5432.0,34,7.062069016683381e-06,87349,,22.892921447753906,,1.810516357421875,,0.4989149570465088,,0.38800275325775146
,5440.0,34,7.00689633958973e-06,87399,,18.717632293701172,,1.35763680934906,,0.49894362688064575,,0.3880421817302704
,5364.0,34,6.95172411724343e-06,87449,,23.816621780395508,,1.6679189205169678,,0.4989752471446991,,0.3880786597728729
,5440.0,34,6.896551894897129e-06,87499,,21.49628257751465,,1.503481388092041,,0.49900275468826294,,0.38811469078063965
,5416.0,34,6.841379217803478e-06,87549,,15.818777084350586,,1.6255265474319458,,0.4990314245223999,,0.3881499767303467
,5456.0,34,6.786206995457178e-06,87599,,27.040475845336914,,1.6973001956939697,,0.49906206130981445,,0.3881893455982208
,5400.0,34,6.731034318363527e-06,87649,,20.814586639404297,,1.629421353340149,,0.499096155166626,,0.3882259726524353
,5444.0,34,6.675862096017227e-06,87699,,24.497539520263672,,1.3942173719406128,,0.49912500381469727,,0.3882618248462677
,5424.0,34,6.620689873670926e-06,87749,,20.217777252197266,,1.5830641984939575,,0.4991500973701477,,0.3882984519004822
5462.63037109375,,34,,87779,21.523340225219727,,1.5448582172393799,,0.49842602014541626,,0.3873710632324219,
,5464.0,35,6.565517196577275e-06,87799,,22.289875030517578,,1.5782811641693115,,0.49918046593666077,,0.3883376121520996
,5444.0,35,6.510344974230975e-06,87849,,24.274824142456055,,1.5318342447280884,,0.4992116391658783,,0.38837361335754395
,5460.0,35,6.455172297137324e-06,87899,,24.39044761657715,,1.925635814666748,,0.4992448389530182,,0.38841375708580017
,5496.0,35,6.4000000747910235e-06,87949,,18.63057518005371,,1.750921607017517,,0.4992746412754059,,0.38845112919807434
,5488.0,35,6.344827397697372e-06,87999,,26.106117248535156,,1.2160130739212036,,0.4993031620979309,,0.3884872496128082
,5452.0,35,6.289655175351072e-06,88049,,20.509098052978516,,1.9152352809906006,,0.49933376908302307,,0.3885241448879242
,5492.0,35,6.234482953004772e-06,88099,,24.38347816467285,,1.2942259311676025,,0.49936383962631226,,0.38855868577957153
,5412.0,35,6.179310275911121e-06,88149,,21.38424301147461,,1.2653075456619263,,0.49939054250717163,,0.3885943293571472
,5468.0,35,6.1241380535648204e-06,88199,,23.336179733276367,,1.8437350988388062,,0.4994199275970459,,0.3886292576789856
,5412.0,35,6.068965376471169e-06,88249,,16.756134033203125,,1.7873727083206177,,0.4994480609893799,,0.3886657655239105
,5460.0,35,6.013793154124869e-06,88299,,22.225181579589844,,1.1357347965240479,,0.4994778633117676,,0.3887043595314026
,5484.0,35,5.958620477031218e-06,88349,,24.16004753112793,,1.4988844394683838,,0.4995095133781433,,0.38874301314353943
,5468.0,35,5.903448254684918e-06,88399,,17.296667098999023,,1.640231728553772,,0.49954187870025635,,0.3887825608253479
,5496.0,35,5.848276032338617e-06,88449,,19.0019474029541,,1.6483888626098633,,0.4995730519294739,,0.3888208270072937
,5500.0,35,5.793103355244966e-06,88499,,19.665403366088867,,1.5887795686721802,,0.49960336089134216,,0.38885778188705444
,5496.0,35,5.737931132898666e-06,88549,,19.26641845703125,,1.7496602535247803,,0.49963051080703735,,0.388898640871048
,5500.0,35,5.682758455805015e-06,88599,,30.383859634399414,,1.0364431142807007,,0.49966299533843994,,0.38893961906433105
,5476.0,35,5.6275862334587146e-06,88649,,27.623016357421875,,2.0875484943389893,,0.4996940791606903,,0.38897788524627686
,5480.0,35,5.572414011112414e-06,88699,,28.975725173950195,,1.6173250675201416,,0.49971985816955566,,0.38901427388191223
,5472.0,35,5.517241334018763e-06,88749,,19.29034423828125,,1.626660943031311,,0.4997486174106598,,0.38905346393585205
,5452.0,35,5.462069111672463e-06,88799,,23.2139892578125,,1.8849544525146484,,0.49977678060531616,,0.38909050822257996
,5436.0,35,5.406896434578812e-06,88849,,20.195133209228516,,1.7046421766281128,,0.49980777502059937,,0.3891258239746094
,5452.0,35,5.3517242122325115e-06,88899,,23.14522361755371,,1.6542109251022339,,0.49983513355255127,,0.3891615569591522
,5448.0,35,5.29655153513886e-06,88949,,23.33266830444336,,1.3605446815490723,,0.4998624324798584,,0.3891967535018921
,5544.0,35,5.24137931279256e-06,88999,,27.04111099243164,,1.064738154411316,,0.49989306926727295,,0.3892362713813782
,5416.0,35,5.18620709044626e-06,89049,,25.186744689941406,,1.0616087913513184,,0.4999213218688965,,0.3892766833305359
,5424.0,35,5.131034413352609e-06,89099,,17.58020782470703,,1.3625339269638062,,0.4999493658542633,,0.38931435346603394
,5484.0,35,5.075862191006308e-06,89149,,17.98265838623047,,1.8070515394210815,,0.49997544288635254,,0.38935428857803345
,5488.0,35,5.020689513912657e-06,89199,,13.611360549926758,,1.7549861669540405,,0.5000048875808716,,0.3893904983997345
,5456.0,35,4.965517291566357e-06,89249,,22.587669372558594,,1.636340618133545,,0.5000348091125488,,0.3894309401512146
,5520.0,35,4.910344614472706e-06,89299,,17.706741333007812,,1.5054656267166138,,0.5000646710395813,,0.3894675076007843
,5520.0,35,4.855172392126406e-06,89349,,18.684762954711914,,1.6824015378952026,,0.5000929832458496,,0.3895021080970764
,5548.0,35,4.800000169780105e-06,89399,,20.20361328125,,1.461862564086914,,0.5001235008239746,,0.38953956961631775
,5448.0,35,4.744827492686454e-06,89449,,21.42251205444336,,1.59762442111969,,0.5001513361930847,,0.389579176902771
,5424.0,35,4.689655270340154e-06,89499,,29.89124298095703,,1.04946768283844,,0.5001811981201172,,0.38961052894592285
,5376.0,35,4.634482593246503e-06,89549,,21.47453498840332,,1.4537047147750854,,0.5002106428146362,,0.38964197039604187
,5432.0,35,4.5793103709002025e-06,89599,,22.070388793945312,,1.7706741094589233,,0.5002384185791016,,0.38967829942703247
,5448.0,35,4.524138148553902e-06,89649,,18.75615882873535,,1.366419792175293,,0.5002672672271729,,0.38971492648124695
,5384.0,35,4.468965471460251e-06,89699,,18.734434127807617,,1.6686233282089233,,0.5002928972244263,,0.38975393772125244
,5516.0,35,4.413793249113951e-06,89749,,18.40007972717285,,1.5589858293533325,,0.5003235936164856,,0.38979291915893555
,5472.0,35,4.3586205720203e-06,89799,,28.32162857055664,,1.4467488527297974,,0.5003520250320435,,0.3898317813873291
,5488.0,35,4.3034483496739995e-06,89849,,27.97860336303711,,1.7219091653823853,,0.5003878474235535,,0.38986682891845703
,5444.0,35,4.248275672580348e-06,89899,,19.23517608642578,,1.4048099517822266,,0.5004144906997681,,0.3899010121822357
,5424.0,35,4.193103450234048e-06,89949,,25.110441207885742,,1.2577345371246338,,0.5004429817199707,,0.3899383842945099
,5344.0,35,4.137931227887748e-06,89999,,23.712635040283203,,1.4697624444961548,,0.5004708766937256,,0.3899730443954468
,5456.0,35,4.082758550794097e-06,90049,,28.467159271240234,,1.5619473457336426,,0.5004982948303223,,0.39000770449638367
,5540.0,35,4.027586328447796e-06,90099,,15.917266845703125,,1.2611156702041626,,0.5005263686180115,,0.390041708946228
,5420.0,35,3.972413651354145e-06,90149,,22.855409622192383,,1.3483811616897583,,0.500552773475647,,0.3900775611400604
,5360.0,35,3.917241429007845e-06,90199,,23.54376792907715,,1.511308193206787,,0.5005801916122437,,0.3901137709617615
,5428.0,35,3.862068751914194e-06,90249,,23.1319637298584,,0.8952872157096863,,0.5006053447723389,,0.3901519775390625
5461.26611328125,,35,,90287,21.441808700561523,,1.5410809516906738,,0.49992144107818604,,0.3892684280872345,
,5500.0,36,3.8068965295678936e-06,90299,,26.652420043945312,,1.5921096801757812,,0.5006284713745117,,0.39018499851226807
,5468.0,36,3.751724079847918e-06,90349,,26.656129837036133,,1.5451579093933105,,0.5006592869758606,,0.39022296667099
,5468.0,36,3.696551630127942e-06,90399,,24.776540756225586,,1.602294921875,,0.5006885528564453,,0.39026105403900146
,5444.0,36,3.641379407781642e-06,90449,,25.99582862854004,,1.107877492904663,,0.5007158517837524,,0.39029812812805176
,5420.0,36,3.5862069580616662e-06,90499,,24.493797302246094,,1.304095983505249,,0.5007402896881104,,0.39033085107803345
,5416.0,36,3.5310345083416905e-06,90549,,20.99806022644043,,1.6221553087234497,,0.5007689595222473,,0.39037030935287476
,5516.0,36,3.475862058621715e-06,90599,,24.79941177368164,,1.831106185913086,,0.5007975101470947,,0.3904053568840027
,5504.0,36,3.420689608901739e-06,90649,,20.365793228149414,,1.4545683860778809,,0.5008279085159302,,0.3904423713684082
,5472.0,36,3.3655171591817634e-06,90699,,18.126218795776367,,1.4593133926391602,,0.5008583068847656,,0.3904777467250824
,5448.0,36,3.310344936835463e-06,90749,,20.5460147857666,,1.5142282247543335,,0.5008859634399414,,0.3905142545700073
,5464.0,36,3.2551724871154875e-06,90799,,20.51069450378418,,1.5591228008270264,,0.5009164810180664,,0.39054954051971436
,5500.0,36,3.2000000373955118e-06,90849,,24.309242248535156,,1.2899457216262817,,0.5009493231773376,,0.390585720539093
,5440.0,36,3.144827587675536e-06,90899,,13.714350700378418,,1.6701298952102661,,0.5009766221046448,,0.3906227946281433
,5416.0,36,3.0896551379555603e-06,90949,,24.2405948638916,,1.3526207208633423,,0.5010066032409668,,0.3906593918800354
,5432.0,36,3.0344826882355846e-06,90999,,21.407196044921875,,1.432431936264038,,0.5010315179824829,,0.39069664478302
,5524.0,36,2.979310238515609e-06,91049,,30.58938980102539,,1.0957149267196655,,0.5010647177696228,,0.39073073863983154
,5472.0,36,2.9241380161693087e-06,91099,,11.701064109802246,,1.7083362340927124,,0.5010926127433777,,0.39076629281044006
,5432.0,36,2.868965566449333e-06,91149,,20.674095153808594,,1.494411826133728,,0.5011211633682251,,0.39079970121383667
,5484.0,36,2.8137931167293573e-06,91199,,18.385334014892578,,1.567185401916504,,0.501147985458374,,0.3908337354660034
,5400.0,36,2.7586206670093816e-06,91249,,22.350706100463867,,1.5336931943893433,,0.5011763572692871,,0.3908692002296448
,5480.0,36,2.703448217289406e-06,91299,,25.47800064086914,,1.2492334842681885,,0.5012015104293823,,0.3909057080745697
,5528.0,36,2.64827576756943e-06,91349,,18.52199363708496,,1.780537486076355,,0.5012333393096924,,0.3909439146518707
,5484.0,36,2.59310354522313e-06,91399,,18.158130645751953,,1.7862136363983154,,0.5012617111206055,,0.39097923040390015
,5492.0,36,2.537931095503154e-06,91449,,24.53795623779297,,1.53566575050354,,0.5012902617454529,,0.39101460576057434
,5500.0,36,2.4827586457831785e-06,91499,,22.836505889892578,,1.8427432775497437,,0.5013182163238525,,0.3910491466522217
,5404.0,36,2.427586196063203e-06,91549,,15.1552152633667,,1.7204132080078125,,0.5013477802276611,,0.3910842835903168
,5476.0,36,2.372413746343227e-06,91599,,15.546501159667969,,1.3614603281021118,,0.5013734698295593,,0.39111918210983276
,5448.0,36,2.3172412966232514e-06,91649,,16.88137435913086,,1.6669389009475708,,0.5014046430587769,,0.3911515176296234
,5444.0,36,2.262069074276951e-06,91699,,17.91045570373535,,1.7101911306381226,,0.5014317631721497,,0.3911890983581543
,5520.0,36,2.2068966245569754e-06,91749,,27.961408615112305,,1.4306256771087646,,0.5014536380767822,,0.39122292399406433
,5480.0,36,2.1517241748369997e-06,91799,,25.972549438476562,,1.2697328329086304,,0.501481294631958,,0.3912588059902191
,5468.0,36,2.096551725117024e-06,91849,,16.81784439086914,,1.4216464757919312,,0.5015058517456055,,0.391292929649353
,5412.0,36,2.0413792753970483e-06,91899,,24.769155502319336,,1.890613317489624,,0.5015326142311096,,0.39132335782051086
,5448.0,36,1.9862068256770726e-06,91949,,24.260177612304688,,1.4492768049240112,,0.5015608072280884,,0.39135709404945374
,5564.0,36,1.931034375957097e-06,91999,,23.41896629333496,,1.36686110496521,,0.5015903115272522,,0.3913888931274414
,5376.0,36,1.875862039923959e-06,92049,,20.036518096923828,,1.6126748323440552,,0.5016196966171265,,0.39142459630966187
,5480.0,36,1.820689703890821e-06,92099,,20.965801239013672,,1.655160665512085,,0.5016480684280396,,0.3914642333984375
,5480.0,36,1.7655172541708453e-06,92149,,25.598487854003906,,1.5965617895126343,,0.5016780495643616,,0.391496866941452
,5496.0,36,1.7103448044508696e-06,92199,,24.188800811767578,,1.3731058835983276,,0.5017029047012329,,0.3915340304374695
,5456.0,36,1.6551724684177316e-06,92249,,26.391990661621094,,1.342231035232544,,0.5017337799072266,,0.39157357811927795
,5488.0,36,1.6000000186977559e-06,92299,,23.42080307006836,,1.7478547096252441,,0.5017598867416382,,0.3916122019290924
,5488.0,36,1.5448275689777802e-06,92349,,15.490471839904785,,1.9516111612319946,,0.501785933971405,,0.39164695143699646
,5516.0,36,1.4896551192578045e-06,92399,,20.3634033203125,,1.1952507495880127,,0.5018115043640137,,0.39168035984039307
,5432.0,36,1.4344827832246665e-06,92449,,24.98662757873535,,1.6485567092895508,,0.501833438873291,,0.3917158246040344
,5404.0,36,1.3793103335046908e-06,92499,,18.12207794189453,,1.6163803339004517,,0.5018601417541504,,0.39175689220428467
,5388.0,36,1.324137883784715e-06,92549,,19.055667877197266,,1.7009938955307007,,0.5018870830535889,,0.3917918801307678
,5436.0,36,1.268965547751577e-06,92599,,30.14187240600586,,1.1713083982467651,,0.5019127130508423,,0.3918260931968689
,5488.0,36,1.2137930980316014e-06,92649,,18.963607788085938,,1.1066895723342896,,0.5019415616989136,,0.3918592035770416
,5428.0,36,1.1586206483116257e-06,92699,,18.596128463745117,,1.5667595863342285,,0.5019679069519043,,0.39189472794532776
,5448.0,36,1.1034483122784877e-06,92749,,21.892587661743164,,1.5450975894927979,,0.5019920468330383,,0.39193227887153625
5463.1044921875,,36,,92795,21.48487091064453,,1.5379184484481812,,0.5013459324836731,,0.3910846710205078,
,5504.0,37,1.048275862558512e-06,92799,,26.007444381713867,,1.0508613586425781,,0.502021074295044,,0.39196503162384033
,5428.0,37,9.931034128385363e-07,92849,,17.936674118041992,,1.8017699718475342,,0.5020477771759033,,0.3920009136199951
,5452.0,37,9.379310199619795e-07,92899,,28.062232971191406,,1.657423496246338,,0.5020757913589478,,0.3920324146747589
,5452.0,37,8.827586270854226e-07,92949,,21.245140075683594,,1.435078740119934,,0.5021035671234131,,0.3920688331127167
,5456.0,37,8.275862342088658e-07,92999,,21.227508544921875,,1.421514630317688,,0.5021291971206665,,0.3921028971672058
,5440.0,37,7.724137844888901e-07,93049,,21.744075775146484,,1.194442868232727,,0.5021593570709229,,0.3921355903148651
,5476.0,37,7.172413916123332e-07,93099,,21.523954391479492,,1.5661357641220093,,0.5021820664405823,,0.392170250415802
,5408.0,37,6.620689418923575e-07,93149,,14.119257926940918,,1.8714077472686768,,0.5022062063217163,,0.39220473170280457
,5532.0,37,6.068965490158007e-07,93199,,21.06069564819336,,1.8115907907485962,,0.5022305250167847,,0.39223745465278625
,5384.0,37,5.517241561392439e-07,93249,,25.878772735595703,,1.7214107513427734,,0.502255916595459,,0.39227426052093506
,5468.0,37,4.965517064192682e-07,93299,,18.55719566345215,,1.4507800340652466,,0.502285897731781,,0.3923070728778839
,5444.0,37,4.413793135427113e-07,93349,,18.635345458984375,,1.4656740427017212,,0.5023108720779419,,0.3923378884792328
,5544.0,37,3.8620689224444504e-07,93399,,32.74220275878906,,1.4256300926208496,,0.5023375153541565,,0.3923732042312622
,5500.0,37,3.3103447094617877e-07,93449,,20.986404418945312,,1.2965539693832397,,0.5023638606071472,,0.39240723848342896
,5404.0,37,2.7586207806962193e-07,93499,,27.44755744934082,,1.7627322673797607,,0.502392053604126,,0.3924419581890106
,5428.0,37,2.2068965677135566e-07,93549,,14.769143104553223,,1.9380772113800049,,0.5024182796478271,,0.3924749791622162
,5404.0,37,1.6551723547308939e-07,93599,,25.762928009033203,,1.6494390964508057,,0.5024447441101074,,0.3925073742866516
,5440.0,37,1.1034482838567783e-07,93649,,18.23404312133789,,1.878609299659729,,0.5024752616882324,,0.3925408124923706
,5496.0,37,5.5172414192838914e-08,93699,,28.4343318939209,,1.394410490989685,,0.5025017857551575,,0.39257803559303284
,5512.0,37,0.0,93749,,17.41986083984375,,1.3485913276672363,,0.5025327801704407,,0.3926124572753906
5462.38916015625,,37,,93789,21.361103057861328,,1.5315786600112915,,0.5023154616355896,,0.3923257887363434,
