Gathered number of frames_epoch,Gathered number of frames_step,epoch,lr,step,train_feature_penalty_epoch,train_feature_penalty_step,train_loss_epoch,train_loss_step,train_masked_accuracy_epoch,train_masked_accuracy_step,train_unmasked_accuracy_epoch,train_unmasked_accuracy_step
1352.0,,0,,10032,2.7007555961608887,,2.3507137298583984,,0.40532544255256653,,0.08850227296352386,
,1344.0,1,9.235861944034696e-05,10049,,5.68740177154541,,2.3497066497802734,,0.378574937582016,,0.054117847234010696
,1364.0,1,9.23034458537586e-05,10099,,4.725759029388428,,2.3565080165863037,,0.3811461329460144,,0.05538119748234749
,1360.0,1,9.224827226717025e-05,10149,,3.567866802215576,,2.449249267578125,,0.3845580220222473,,0.05326834321022034
,1360.0,1,9.219310595653951e-05,10199,,3.263352155685425,,2.1567444801330566,,0.3841755986213684,,0.05041520670056343
,1380.0,1,9.213793236995116e-05,10249,,3.924133539199829,,2.295210123062134,,0.3754826486110687,,0.04989264905452728
,1356.0,1,9.20827587833628e-05,10299,,4.662204265594482,,2.625823497772217,,0.3805876076221466,,0.0488453283905983
,1324.0,1,9.202758519677445e-05,10349,,5.187788009643555,,1.9729424715042114,,0.38021329045295715,,0.047332294285297394
,1368.0,1,9.19724116101861e-05,10399,,5.671508312225342,,2.589172124862671,,0.3839091360569,,0.04595763608813286
,1376.0,1,9.191723802359775e-05,10449,,2.935087203979492,,2.253502130508423,,0.3830847144126892,,0.04599323123693466
,1320.0,1,9.186207171296701e-05,10499,,4.398581027984619,,2.297999382019043,,0.38498446345329285,,0.04560473933815956
,1360.0,1,9.180689812637866e-05,10549,,3.962979793548584,,2.410351276397705,,0.3839939534664154,,0.04583078995347023
,1344.0,1,9.17517245397903e-05,10599,,5.131655216217041,,2.7003159523010254,,0.38433635234832764,,0.045884400606155396
,1372.0,1,9.169655095320195e-05,10649,,2.613039255142212,,1.9870580434799194,,0.38334575295448303,,0.04617752507328987
,1360.0,1,9.16413773666136e-05,10699,,3.3532721996307373,,1.8954687118530273,,0.3818647861480713,,0.04663541540503502
,1364.0,1,9.158620378002524e-05,10749,,2.291347026824951,,1.6015206575393677,,0.38438183069229126,,0.04736337438225746
,1344.0,1,9.15310374693945e-05,10799,,6.56979513168335,,2.257960796356201,,0.38693857192993164,,0.04745863750576973
,1356.0,1,9.147586388280615e-05,10849,,8.294302940368652,,2.213266134262085,,0.387056827545166,,0.047545284032821655
,1404.0,1,9.14206902962178e-05,10899,,4.445281982421875,,2.9408059120178223,,0.38770848512649536,,0.04741983115673065
,1364.0,1,9.136551670962945e-05,10949,,1.3775994777679443,,1.469760775566101,,0.3887823224067688,,0.04789578542113304
,1376.0,1,9.13103431230411e-05,10999,,4.761529445648193,,2.72426438331604,,0.3889179825782776,,0.048065729439258575
,1352.0,1,9.125516953645274e-05,11049,,3.041278123855591,,1.822846531867981,,0.38923847675323486,,0.04809596389532089
,1352.0,1,9.1200003225822e-05,11099,,5.6734771728515625,,2.2561962604522705,,0.389191597700119,,0.0479547455906868
,1360.0,1,9.114482963923365e-05,11149,,5.0350260734558105,,3.059572219848633,,0.3895130753517151,,0.04745977371931076
,1372.0,1,9.10896560526453e-05,11199,,5.098232746124268,,2.0893545150756836,,0.3905843198299408,,0.047109510749578476
,1380.0,1,9.103448246605694e-05,11249,,4.988215446472168,,1.5601612329483032,,0.39038634300231934,,0.04683630168437958
,1376.0,1,9.097930887946859e-05,11299,,3.02608585357666,,1.5377243757247925,,0.3900230824947357,,0.04688532277941704
,1380.0,1,9.092413529288024e-05,11349,,3.5370919704437256,,2.416865587234497,,0.39001256227493286,,0.04664219915866852
,1388.0,1,9.08689689822495e-05,11399,,4.908504486083984,,2.242746353149414,,0.38989365100860596,,0.046491771936416626
,1388.0,1,9.081379539566115e-05,11449,,10.757196426391602,,2.6381618976593018,,0.39064911007881165,,0.046498436480760574
,1388.0,1,9.075862180907279e-05,11499,,5.65871524810791,,3.279228925704956,,0.3906000852584839,,0.04692253842949867
,1372.0,1,9.070344822248444e-05,11549,,4.518800258636475,,2.482607126235962,,0.3902773857116699,,0.047136154025793076
,1368.0,1,9.064827463589609e-05,11599,,4.377901554107666,,2.027904748916626,,0.39093032479286194,,0.04713451862335205
,1372.0,1,9.059310104930773e-05,11649,,3.817074775695801,,2.341020345687866,,0.3910348415374756,,0.046954695135354996
,1368.0,1,9.053792746271938e-05,11699,,8.420981407165527,,2.0831868648529053,,0.3911753296852112,,0.04694167897105217
,1356.0,1,9.048276115208864e-05,11749,,5.207324504852295,,2.2212185859680176,,0.3914742171764374,,0.04668453708291054
,1352.0,1,9.042758756550029e-05,11799,,11.336501121520996,,2.9553778171539307,,0.3914339542388916,,0.046691350638866425
,1348.0,1,9.037241397891194e-05,11849,,5.533689975738525,,2.0862247943878174,,0.3916715383529663,,0.04684300720691681
,1348.0,1,9.031724039232358e-05,11899,,6.425761699676514,,2.4177868366241455,,0.3914588987827301,,0.04711301997303963
,1356.0,1,9.026206680573523e-05,11949,,4.520564556121826,,2.154416561126709,,0.39116230607032776,,0.04717663675546646
,1372.0,1,9.020689321914688e-05,11999,,5.369625568389893,,2.54160213470459,,0.3909476399421692,,0.046971581876277924
,1360.0,1,9.015172690851614e-05,12049,,7.184134006500244,,2.2050015926361084,,0.3899855315685272,,0.046732097864151
,1364.0,1,9.009655332192779e-05,12099,,7.744805335998535,,2.5420377254486084,,0.3899487853050232,,0.04665004089474678
,1388.0,1,9.004137973533943e-05,12149,,2.6524205207824707,,2.02252197265625,,0.39073628187179565,,0.046727363020181656
,1364.0,1,8.998620614875108e-05,12199,,4.087469100952148,,2.1394169330596924,,0.39139315485954285,,0.046609167009592056
,1360.0,1,8.993103256216273e-05,12249,,4.347780227661133,,2.123465061187744,,0.3915809690952301,,0.04647427797317505
,1388.0,1,8.987585897557437e-05,12299,,6.738909721374512,,2.2344753742218018,,0.39111751317977905,,0.04652586206793785
,1356.0,1,8.982069266494364e-05,12349,,3.6268088817596436,,1.693569302558899,,0.39146187901496887,,0.04682677239179611
,1356.0,1,8.976551907835528e-05,12399,,4.234043598175049,,2.5636379718780518,,0.3919030427932739,,0.04688765108585358
,1372.0,1,8.971034549176693e-05,12449,,7.014010906219482,,2.6946499347686768,,0.39211854338645935,,0.04677537456154823
,1336.0,1,8.965517190517858e-05,12499,,5.609249591827393,,2.3360207080841064,,0.3926950693130493,,0.04671108350157738
,1352.0,1,8.959999831859022e-05,12549,,7.269599437713623,,2.526545524597168,,0.3932001292705536,,0.046477217227220535
,1372.0,1,8.954482473200187e-05,12599,,6.628503322601318,,2.305213212966919,,0.3933853805065155,,0.046367790549993515
,1364.0,1,8.948965842137113e-05,12649,,3.8615283966064453,,2.321413040161133,,0.3935405910015106,,0.046385012567043304
,1368.0,1,8.943448483478278e-05,12699,,5.906485557556152,,1.896265983581543,,0.3939741551876068,,0.046645015478134155
,1344.0,1,8.937931124819443e-05,12749,,7.148514747619629,,2.3430399894714355,,0.3935086727142334,,0.04678491875529289
,1376.0,1,8.932413766160607e-05,12799,,3.4611783027648926,,1.7006226778030396,,0.39336857199668884,,0.04685896635055542
,1396.0,1,8.926896407501772e-05,12849,,4.824362277984619,,2.1539058685302734,,0.393877238035202,,0.04699737951159477
,1364.0,1,8.921379048842937e-05,12899,,7.274700164794922,,3.19219708442688,,0.393923819065094,,0.047112591564655304
,1348.0,1,8.915862417779863e-05,12949,,3.4184350967407227,,1.7760884761810303,,0.3945660889148712,,0.047082796692848206
,1368.0,1,8.910345059121028e-05,12999,,5.186687469482422,,2.7132890224456787,,0.39485061168670654,,0.0470334030687809
,1380.0,1,8.904827700462192e-05,13049,,6.4343061447143555,,2.532787561416626,,0.3952488601207733,,0.0469636507332325
,1376.0,1,8.899310341803357e-05,13099,,3.9116029739379883,,1.9147982597351074,,0.3947228193283081,,0.04692354425787926
,1348.0,1,8.893792983144522e-05,13149,,4.805670738220215,,3.0572571754455566,,0.39514145255088806,,0.046862661838531494
,1356.0,1,8.888275624485686e-05,13199,,7.587244033813477,,2.9569363594055176,,0.39523687958717346,,0.04680531471967697
,1404.0,1,8.882758265826851e-05,13249,,3.7273616790771484,,2.0223188400268555,,0.39527687430381775,,0.04676656424999237
,1388.0,1,8.877241634763777e-05,13299,,5.71511173248291,,2.395698070526123,,0.39573934674263,,0.04668590798974037
,1356.0,1,8.871724276104942e-05,13349,,4.0805983543396,,2.4773807525634766,,0.39604461193084717,,0.04668360948562622
,1340.0,1,8.866206917446107e-05,13399,,3.798494338989258,,1.627021312713623,,0.3964196741580963,,0.04682566598057747
,1348.0,1,8.860689558787271e-05,13449,,4.267120361328125,,2.148134469985962,,0.3969078063964844,,0.04695841297507286
,1368.0,1,8.855172200128436e-05,13499,,5.811697959899902,,2.356085777282715,,0.39671874046325684,,0.04700800031423569
,1364.0,1,8.849654841469601e-05,13549,,5.132362365722656,,2.0628581047058105,,0.3967514932155609,,0.04701085016131401
,1404.0,1,8.844138210406527e-05,13599,,5.068305492401123,,2.3504936695098877,,0.396951824426651,,0.04709310829639435
,1396.0,1,8.838620851747692e-05,13649,,2.232178211212158,,1.6726511716842651,,0.39731478691101074,,0.047048501670360565
,1388.0,1,8.833103493088856e-05,13699,,5.209263801574707,,2.024311065673828,,0.3972962200641632,,0.04692300036549568
,1388.0,1,8.827586134430021e-05,13749,,6.296820163726807,,2.1520094871520996,,0.39761385321617126,,0.046923428773880005
,1372.0,1,8.822068775771186e-05,13799,,4.3765387535095215,,1.7967116832733154,,0.3975473940372467,,0.04690857231616974
,1372.0,1,8.81655141711235e-05,13849,,5.673293113708496,,2.208059072494507,,0.3976035714149475,,0.04686408489942551
,1356.0,1,8.811034786049277e-05,13899,,5.687404155731201,,2.696789503097534,,0.3978944718837738,,0.04686638340353966
,1352.0,1,8.805517427390441e-05,13949,,4.37099027633667,,1.6383345127105713,,0.3983505368232727,,0.046755753457546234
,1360.0,1,8.800000068731606e-05,13999,,8.145339012145996,,1.9749195575714111,,0.3986048102378845,,0.046649083495140076
,1324.0,1,8.794482710072771e-05,14049,,5.341648101806641,,2.0622434616088867,,0.39867788553237915,,0.04647615924477577
,1332.0,1,8.788965351413935e-05,14099,,7.024245262145996,,2.5445609092712402,,0.39921578764915466,,0.04643725976347923
,1356.0,1,8.7834479927551e-05,14149,,6.559971809387207,,2.1562306880950928,,0.3997820019721985,,0.04636959359049797
,1372.0,1,8.777931361692026e-05,14199,,10.791836738586426,,1.875294804573059,,0.4000629782676697,,0.04635564982891083
,1392.0,1,8.772414003033191e-05,14249,,5.558591842651367,,2.5118093490600586,,0.4004269540309906,,0.046298228204250336
,1364.0,1,8.766896644374356e-05,14299,,6.184396743774414,,2.011575937271118,,0.4005102515220642,,0.04627218097448349
,1380.0,1,8.76137928571552e-05,14349,,6.7549567222595215,,2.1728811264038086,,0.4006754457950592,,0.046359091997146606
,1368.0,1,8.755861927056685e-05,14399,,12.120766639709473,,3.09942626953125,,0.40061154961586,,0.04637111350893974
,1376.0,1,8.75034456839785e-05,14449,,6.741407871246338,,2.796027183532715,,0.4008820652961731,,0.04638912156224251
,1372.0,1,8.744827937334776e-05,14499,,4.902413368225098,,2.8093574047088623,,0.4008626639842987,,0.046373140066862106
,1364.0,1,8.73931057867594e-05,14549,,6.871603012084961,,2.679425001144409,,0.40076062083244324,,0.04634564369916916
,1344.0,1,8.733793220017105e-05,14599,,2.3217451572418213,,1.606257438659668,,0.4009009599685669,,0.04631686210632324
,1344.0,1,8.72827586135827e-05,14649,,7.511754989624023,,2.3829283714294434,,0.4012853801250458,,0.04630362614989281
,1352.0,1,8.722758502699435e-05,14699,,5.723361015319824,,2.461723804473877,,0.4014200270175934,,0.04623467102646828
,1360.0,1,8.7172411440406e-05,14749,,4.820123672485352,,2.1505539417266846,,0.40163177251815796,,0.04623386263847351
,1368.0,1,8.711723785381764e-05,14799,,13.145639419555664,,3.086024522781372,,0.4016418755054474,,0.04623467102646828
,1380.0,1,8.70620715431869e-05,14849,,11.020662307739258,,2.664365530014038,,0.4017781913280487,,0.04625726863741875
,1396.0,1,8.700689795659855e-05,14899,,5.574384689331055,,1.7179689407348633,,0.4019865393638611,,0.04622001200914383
,1384.0,1,8.69517243700102e-05,14949,,7.084120273590088,,2.5295298099517822,,0.4018157422542572,,0.046230461448431015
,1384.0,1,8.689655078342184e-05,14999,,4.329433441162109,,1.9851335287094116,,0.40203163027763367,,0.0462861992418766
,1376.0,1,8.684137719683349e-05,15049,,3.5036256313323975,,1.8445478677749634,,0.40220117568969727,,0.04631310701370239
,1340.0,1,8.678620361024514e-05,15099,,4.999596118927002,,2.3730905055999756,,0.4021551311016083,,0.04627959057688713
,1368.0,1,8.67310372996144e-05,15149,,4.293852806091309,,1.7911505699157715,,0.40217870473861694,,0.0462443083524704
,1364.0,1,8.667586371302605e-05,15199,,3.4028048515319824,,1.835139513015747,,0.4025012254714966,,0.04625752568244934
,1380.0,1,8.66206901264377e-05,15249,,4.998082160949707,,2.0248425006866455,,0.40259024500846863,,0.04614851251244545
,1336.0,1,8.656551653984934e-05,15299,,3.9395411014556885,,1.879384160041809,,0.40287208557128906,,0.04605503007769585
,1384.0,1,8.651034295326099e-05,15349,,7.190286636352539,,2.3010094165802,,0.4030211269855499,,0.04599197208881378
,1400.0,1,8.645516936667264e-05,15399,,4.416224956512451,,1.5594851970672607,,0.4031982421875,,0.04594649374485016
,1336.0,1,8.64000030560419e-05,15449,,6.6017165184021,,2.5535378456115723,,0.40342196822166443,,0.04592059925198555
,1348.0,1,8.634482946945354e-05,15499,,2.2797329425811768,,1.715418815612793,,0.4034794270992279,,0.046035345643758774
,1384.0,1,8.628965588286519e-05,15549,,3.3964812755584717,,1.791813611984253,,0.40383344888687134,,0.04610419273376465
,1384.0,1,8.623448229627684e-05,15599,,5.081209182739258,,1.879529356956482,,0.4042426347732544,,0.046167224645614624
,1340.0,1,8.617930870968848e-05,15649,,4.908960819244385,,2.507612705230713,,0.4043542444705963,,0.0462334118783474
,1352.0,1,8.612413512310013e-05,15699,,4.3009352684021,,1.844191551208496,,0.4046105444431305,,0.04626847431063652
,1368.0,1,8.606896881246939e-05,15749,,4.275808811187744,,2.4434046745300293,,0.404857337474823,,0.04631829261779785
,1380.0,1,8.601379522588104e-05,15799,,4.334488868713379,,1.6597161293029785,,0.4052167534828186,,0.04635561257600784
,1372.0,1,8.595862163929269e-05,15849,,3.8899343013763428,,2.0141570568084717,,0.40522733330726624,,0.046396415680646896
,1396.0,1,8.590344805270433e-05,15899,,3.9521470069885254,,1.9473289251327515,,0.40537071228027344,,0.046420883387327194
,1380.0,1,8.584827446611598e-05,15949,,6.033717632293701,,2.2464025020599365,,0.40560612082481384,,0.04638935253024101
,1396.0,1,8.579310087952763e-05,15999,,9.756085395812988,,2.4702236652374268,,0.40584301948547363,,0.04633650928735733
,1372.0,1,8.573793456889689e-05,16049,,5.5202717781066895,,2.3034446239471436,,0.40595701336860657,,0.046262338757514954
,1388.0,1,8.568276098230854e-05,16099,,5.2655348777771,,2.924834966659546,,0.4061431884765625,,0.0462910532951355
,1368.0,1,8.562758739572018e-05,16149,,5.539394855499268,,2.9078006744384766,,0.4060036838054657,,0.046286944299936295
,1332.0,1,8.557241380913183e-05,16199,,5.917802333831787,,3.0396625995635986,,0.40630465745925903,,0.0462334081530571
,1364.0,1,8.551724022254348e-05,16249,,4.5704240798950195,,1.92829430103302,,0.40625202655792236,,0.04613370820879936
,1376.0,1,8.546206663595513e-05,16299,,6.579317569732666,,2.850619316101074,,0.4063059091567993,,0.04607764631509781
,1360.0,1,8.540689304936677e-05,16349,,5.635188579559326,,1.7984225749969482,,0.40662041306495667,,0.046036139130592346
,1348.0,1,8.535172673873603e-05,16399,,5.094247341156006,,2.2089664936065674,,0.4067401885986328,,0.0459928959608078
,1340.0,1,8.529655315214768e-05,16449,,9.301833152770996,,2.2833783626556396,,0.40689557790756226,,0.04591287672519684
,1380.0,1,8.524137956555933e-05,16499,,5.489091396331787,,1.7183940410614014,,0.40701937675476074,,0.04580480232834816
,1356.0,1,8.518620597897097e-05,16549,,5.62084436416626,,2.221919536590576,,0.40702366828918457,,0.04573376104235649
,1368.0,1,8.513103239238262e-05,16599,,4.320366859436035,,1.8093411922454834,,0.4072418212890625,,0.04565070942044258
,1356.0,1,8.507585880579427e-05,16649,,12.26216983795166,,2.285600185394287,,0.40735960006713867,,0.04555093124508858
,1352.0,1,8.502069249516353e-05,16699,,8.313611030578613,,1.9209307432174683,,0.4074814021587372,,0.045455798506736755
,1348.0,1,8.496551890857518e-05,16749,,8.797040939331055,,2.58469295501709,,0.40765029191970825,,0.04540776461362839
,1396.0,1,8.491034532198682e-05,16799,,6.273285865783691,,1.786867380142212,,0.40795668959617615,,0.04532833769917488
,1348.0,1,8.485517173539847e-05,16849,,4.623368263244629,,2.187938928604126,,0.40794268250465393,,0.04529184103012085
,1376.0,1,8.479999814881012e-05,16899,,5.337854385375977,,2.60444712638855,,0.4080717861652374,,0.045236099511384964
,1372.0,1,8.474482456222177e-05,16949,,7.80862283706665,,2.04722261428833,,0.4081645905971527,,0.04520063102245331
,1396.0,1,8.468965825159103e-05,16999,,5.5500993728637695,,2.312077522277832,,0.4082871675491333,,0.04519544169306755
,1344.0,1,8.463448466500267e-05,17049,,4.071040153503418,,2.0657801628112793,,0.4083317518234253,,0.04515327513217926
,1380.0,1,8.457931107841432e-05,17099,,5.933848857879639,,2.020571231842041,,0.4084516763687134,,0.04505893588066101
,1364.0,1,8.452413749182597e-05,17149,,6.740358352661133,,2.798095226287842,,0.40852177143096924,,0.045056238770484924
,1372.0,1,8.446896390523762e-05,17199,,5.985912799835205,,2.4529120922088623,,0.4087519943714142,,0.045048538595438004
,1344.0,1,8.441379031864926e-05,17249,,4.03984260559082,,2.3253464698791504,,0.408873587846756,,0.045013729482889175
,1372.0,1,8.435862400801852e-05,17299,,5.001099109649658,,2.0466067790985107,,0.40892043709754944,,0.04498792812228203
,1368.0,1,8.430345042143017e-05,17349,,4.177783012390137,,2.0968177318573,,0.40924856066703796,,0.044967781752347946
,1376.0,1,8.424827683484182e-05,17399,,5.65393590927124,,2.029841899871826,,0.4095728397369385,,0.04489801451563835
,1352.0,1,8.419310324825346e-05,17449,,13.44060230255127,,2.6171789169311523,,0.40951618552207947,,0.044878918677568436
,1396.0,1,8.413792966166511e-05,17499,,12.859889030456543,,2.2824759483337402,,0.4096657931804657,,0.04492497071623802
,1396.0,1,8.408275607507676e-05,17549,,6.960422992706299,,2.4288456439971924,,0.4097271263599396,,0.044956009835004807
,1368.0,1,8.402758976444602e-05,17599,,8.778970718383789,,2.4978463649749756,,0.409787118434906,,0.044959697872400284
,1372.0,1,8.397241617785767e-05,17649,,7.628538608551025,,2.334268808364868,,0.4100605547428131,,0.04494860768318176
,1340.0,1,8.391724259126931e-05,17699,,8.015951156616211,,2.0388340950012207,,0.4102267622947693,,0.044939957559108734
,1376.0,1,8.386206900468096e-05,17749,,6.157774925231934,,2.097121238708496,,0.41028982400894165,,0.044927988201379776
,1384.0,1,8.380689541809261e-05,17799,,11.150273323059082,,2.4610958099365234,,0.41044116020202637,,0.04491286724805832
,1360.0,1,8.375172183150426e-05,17849,,8.363558769226074,,2.4236621856689453,,0.4105123281478882,,0.04488130286335945
,1364.0,1,8.36965482449159e-05,17899,,13.616375923156738,,2.5154857635498047,,0.410536527633667,,0.04483427107334137
,1360.0,1,8.364138193428516e-05,17949,,8.888246536254883,,2.495171070098877,,0.4107274115085602,,0.04479915648698807
,1384.0,1,8.358620834769681e-05,17999,,3.571767568588257,,1.4459397792816162,,0.41098135709762573,,0.04476552829146385
,1364.0,1,8.353103476110846e-05,18049,,4.784331798553467,,1.9772796630859375,,0.41123563051223755,,0.04469504952430725
,1348.0,1,8.34758611745201e-05,18099,,10.859319686889648,,2.400076389312744,,0.4113255441188812,,0.044623810797929764
,1368.0,1,8.342068758793175e-05,18149,,5.670393943786621,,1.5792039632797241,,0.4116238057613373,,0.04458796605467796
,1380.0,1,8.33655140013434e-05,18199,,8.598381042480469,,2.209120512008667,,0.41188523173332214,,0.04456885904073715
,1340.0,1,8.331034769071266e-05,18249,,6.820669651031494,,1.9038206338882446,,0.41206133365631104,,0.044613517820835114
,1364.0,1,8.325517410412431e-05,18299,,8.243855476379395,,2.389554262161255,,0.41217198967933655,,0.044610556215047836
,1316.0,1,8.320000051753595e-05,18349,,5.712045669555664,,1.8136723041534424,,0.41232678294181824,,0.04457913711667061
,1348.0,1,8.31448269309476e-05,18399,,7.511352062225342,,2.6949918270111084,,0.4123603105545044,,0.04451511800289154
,1344.0,1,8.308965334435925e-05,18449,,6.730827331542969,,2.3333592414855957,,0.4123249650001526,,0.044527649879455566
,1308.0,1,8.30344797577709e-05,18499,,9.629264831542969,,1.7164243459701538,,0.41248810291290283,,0.04451153427362442
,1352.0,1,8.297931344714016e-05,18549,,8.072735786437988,,1.7095223665237427,,0.412515789270401,,0.04450181499123573
,1360.0,1,8.29241398605518e-05,18599,,6.499539852142334,,1.9878979921340942,,0.41263481974601746,,0.04448892921209335
,1368.0,1,8.286896627396345e-05,18649,,11.277181625366211,,2.483834743499756,,0.41279345750808716,,0.044432610273361206
,1368.0,1,8.28137926873751e-05,18699,,4.73687744140625,,2.0222437381744385,,0.41302841901779175,,0.04437699913978577
,1380.0,1,8.275861910078675e-05,18749,,4.445106029510498,,1.4843270778656006,,0.4132908582687378,,0.04432319104671478
,1376.0,1,8.270344551419839e-05,18799,,6.615100383758545,,1.9946058988571167,,0.4134790897369385,,0.044275302439928055
,1380.0,1,8.264827920356765e-05,18849,,7.041003704071045,,2.082644462585449,,0.41359207034111023,,0.044271159917116165
,1368.0,1,8.25931056169793e-05,18899,,5.892521381378174,,1.6350986957550049,,0.4137676954269409,,0.044252216815948486
,1364.0,1,8.253793203039095e-05,18949,,12.404257774353027,,1.6053069829940796,,0.4139861762523651,,0.0442194901406765
,1348.0,1,8.24827584438026e-05,18999,,7.987211227416992,,2.14321231842041,,0.41415950655937195,,0.04422131925821304
,1312.0,1,8.242758485721424e-05,19049,,4.749354839324951,,1.9889320135116577,,0.4143297076225281,,0.04420621320605278
,1408.0,1,8.237241127062589e-05,19099,,4.8046793937683105,,2.487793207168579,,0.4142663776874542,,0.04419400170445442
,1344.0,1,8.231724495999515e-05,19149,,9.971368789672852,,2.919312000274658,,0.4144377112388611,,0.04414317011833191
,1400.0,1,8.22620713734068e-05,19199,,2.446239948272705,,1.3437447547912598,,0.41448265314102173,,0.04408617690205574
,1388.0,1,8.220689778681844e-05,19249,,8.85908317565918,,1.9564213752746582,,0.4146178066730499,,0.04404188692569733
,1372.0,1,8.215172420023009e-05,19299,,2.4522087574005127,,1.4719198942184448,,0.41472670435905457,,0.04400903731584549
,1348.0,1,8.209655061364174e-05,19349,,6.186722755432129,,1.8763465881347656,,0.41495904326438904,,0.04399391636252403
,1380.0,1,8.204137702705339e-05,19399,,8.627941131591797,,1.7263853549957275,,0.41513770818710327,,0.04397803172469139
,1348.0,1,8.198620344046503e-05,19449,,9.434503555297852,,2.427384853363037,,0.41519659757614136,,0.04393399879336357
,1388.0,1,8.19310371298343e-05,19499,,13.137868881225586,,2.2962779998779297,,0.41526898741722107,,0.043878186494112015
,1372.0,1,8.187586354324594e-05,19549,,6.485569953918457,,1.8371671438217163,,0.4152951240539551,,0.04382200539112091
,1364.0,1,8.182068995665759e-05,19599,,9.239562034606934,,2.8518424034118652,,0.41537103056907654,,0.04381616413593292
,1356.0,1,8.176551637006924e-05,19649,,6.731311321258545,,1.8347567319869995,,0.4155876338481903,,0.0437777042388916
,1364.0,1,8.171034278348088e-05,19699,,4.940495014190674,,1.9033703804016113,,0.41576236486434937,,0.04378955066204071
,1360.0,1,8.165516919689253e-05,19749,,8.569856643676758,,2.53816294670105,,0.4159749150276184,,0.04379136487841606
,1372.0,1,8.160000288626179e-05,19799,,8.4530668258667,,2.4606502056121826,,0.41616910696029663,,0.04375018924474716
,1364.0,1,8.154482929967344e-05,19849,,14.99544906616211,,1.2548878192901611,,0.4163055419921875,,0.04377129673957825
,1404.0,1,8.148965571308509e-05,19899,,8.20077133178711,,2.078601121902466,,0.41639983654022217,,0.0437474325299263
,1372.0,1,8.143448212649673e-05,19949,,6.264242172241211,,1.9404217004776,,0.4165535867214203,,0.043723467737436295
,1372.0,1,8.137930853990838e-05,19999,,7.9130964279174805,,2.2332680225372314,,0.4165695607662201,,0.0437176451086998
,1348.0,1,8.132413495332003e-05,20049,,5.5378828048706055,,1.8847297430038452,,0.416755348443985,,0.04371217265725136
1365.5875244140625,,1,,20064,6.055301189422607,,2.1714675426483154,,0.4014478623867035,,0.046070851385593414,
,1388.0,2,8.126896864268929e-05,20099,,4.701635360717773,,1.8361804485321045,,0.4169904887676239,,0.043751027435064316
,1388.0,2,8.121379505610093e-05,20149,,12.485477447509766,,1.6741207838058472,,0.4172283113002777,,0.04373478516936302
,1372.0,2,8.115862146951258e-05,20199,,7.984714984893799,,2.4598617553710938,,0.417386919260025,,0.043754152953624725
,1372.0,2,8.110344788292423e-05,20249,,6.023892879486084,,2.0820672512054443,,0.4174879193305969,,0.0437723807990551
,1348.0,2,8.104827429633588e-05,20299,,6.09506368637085,,1.7708879709243774,,0.4176720678806305,,0.04375464469194412
,1368.0,2,8.099310070974752e-05,20349,,7.4491777420043945,,2.330307722091675,,0.41782301664352417,,0.04376997798681259
,1376.0,2,8.093793439911678e-05,20399,,3.2579126358032227,,1.3025768995285034,,0.41800636053085327,,0.043790318071842194
,1392.0,2,8.088276081252843e-05,20449,,4.841678619384766,,1.9676700830459595,,0.41816431283950806,,0.04377403482794762
,1356.0,2,8.082758722594008e-05,20499,,5.89092493057251,,1.9429370164871216,,0.41835373640060425,,0.043749455362558365
,1328.0,2,8.077241363935173e-05,20549,,6.894480228424072,,2.2463855743408203,,0.4185176193714142,,0.04374731704592705
,1356.0,2,8.071724005276337e-05,20599,,9.446669578552246,,2.539433479309082,,0.4185715317726135,,0.04374990984797478
,1364.0,2,8.066206646617502e-05,20649,,3.6014065742492676,,1.33250892162323,,0.4186118543148041,,0.04373844712972641
,1324.0,2,8.060690015554428e-05,20699,,5.869215965270996,,1.4527870416641235,,0.4188151955604553,,0.043754518032073975
,1340.0,2,8.055172656895593e-05,20749,,7.48808479309082,,1.9553146362304688,,0.41895630955696106,,0.04375266283750534
,1344.0,2,8.049655298236758e-05,20799,,8.2022705078125,,2.5214366912841797,,0.4190910756587982,,0.043750058859586716
,1388.0,2,8.044137939577922e-05,20849,,10.799201011657715,,1.9650335311889648,,0.41933128237724304,,0.04376063495874405
,1380.0,2,8.038620580919087e-05,20899,,7.410318374633789,,1.9568787813186646,,0.41947051882743835,,0.04373370110988617
,1372.0,2,8.033103222260252e-05,20949,,7.037045955657959,,2.3900279998779297,,0.41965240240097046,,0.043718140572309494
,1340.0,2,8.027585863601416e-05,20999,,10.573637962341309,,2.213860511779785,,0.419829785823822,,0.043700382113456726
,1372.0,2,8.022069232538342e-05,21049,,8.757989883422852,,1.982646107673645,,0.4200301766395569,,0.04372432082891464
,1344.0,2,8.016551873879507e-05,21099,,5.519928932189941,,2.0611484050750732,,0.4202193319797516,,0.043725740164518356
,1368.0,2,8.011034515220672e-05,21149,,6.743154048919678,,2.166769504547119,,0.4203597903251648,,0.04375269636511803
,1376.0,2,8.005517156561837e-05,21199,,8.641302108764648,,1.9192607402801514,,0.42042070627212524,,0.043772514909505844
,1348.0,2,7.999999797903001e-05,21249,,4.429698944091797,,1.9211876392364502,,0.4206470847129822,,0.0437856987118721
,1364.0,2,7.994482439244166e-05,21299,,7.203493118286133,,2.245847702026367,,0.4208315312862396,,0.043842729181051254
,1360.0,2,7.988965808181092e-05,21349,,4.939128398895264,,1.5000100135803223,,0.42095884680747986,,0.043865643441677094
,1408.0,2,7.983448449522257e-05,21399,,4.921428680419922,,1.958565592765808,,0.4212069809436798,,0.04387616366147995
,1324.0,2,7.977931090863422e-05,21449,,7.361287593841553,,1.4802476167678833,,0.421474814414978,,0.04389914870262146
,1364.0,2,7.972413732204586e-05,21499,,6.608133792877197,,2.5856292247772217,,0.42160525918006897,,0.04387705773115158
,1352.0,2,7.966896373545751e-05,21549,,8.53608512878418,,1.8129640817642212,,0.4217563271522522,,0.04385697469115257
,1340.0,2,7.961379014886916e-05,21599,,5.371749401092529,,1.9840900897979736,,0.42182406783103943,,0.043847475200891495
,1364.0,2,7.955862383823842e-05,21649,,3.717115879058838,,1.4045369625091553,,0.42205607891082764,,0.04382706433534622
,1364.0,2,7.950345025165007e-05,21699,,8.534542083740234,,2.1810553073883057,,0.4221567213535309,,0.043786391615867615
,1404.0,2,7.944827666506171e-05,21749,,8.059098243713379,,2.2795252799987793,,0.42224979400634766,,0.04378027841448784
,1320.0,2,7.939310307847336e-05,21799,,10.162960052490234,,1.8367195129394531,,0.4223182797431946,,0.04377328231930733
,1384.0,2,7.9337929491885e-05,21849,,7.013505458831787,,2.0468697547912598,,0.42245879769325256,,0.04373210668563843
,1364.0,2,7.928275590529665e-05,21899,,7.9008049964904785,,2.680310010910034,,0.42256274819374084,,0.043719906359910965
,1404.0,2,7.922758959466591e-05,21949,,5.431488990783691,,1.81797194480896,,0.4227740168571472,,0.04371482878923416
,1340.0,2,7.917241600807756e-05,21999,,7.854162693023682,,2.327312707901001,,0.42291051149368286,,0.04370279237627983
,1412.0,2,7.911724242148921e-05,22049,,8.434377670288086,,2.1049389839172363,,0.42308470606803894,,0.043690361082553864
,1376.0,2,7.906206883490086e-05,22099,,12.303200721740723,,2.4446322917938232,,0.4232132136821747,,0.04373183846473694
,1372.0,2,7.90068952483125e-05,22149,,6.666601657867432,,2.0849404335021973,,0.4233759045600891,,0.043716393411159515
,1348.0,2,7.895172166172415e-05,22199,,5.047664642333984,,1.5769946575164795,,0.4235136806964874,,0.043683867901563644
,1376.0,2,7.889655535109341e-05,22249,,6.47813081741333,,1.9394360780715942,,0.42364954948425293,,0.04364534094929695
,1372.0,2,7.884138176450506e-05,22299,,23.03460121154785,,2.424948215484619,,0.4237380623817444,,0.04362120106816292
,1332.0,2,7.87862081779167e-05,22349,,5.414821147918701,,2.129539966583252,,0.423847496509552,,0.04361273720860481
,1360.0,2,7.873103459132835e-05,22399,,6.090307712554932,,1.9673231840133667,,0.42392969131469727,,0.04358641058206558
,1356.0,2,7.867586100474e-05,22449,,7.8775787353515625,,2.098099946975708,,0.42416512966156006,,0.04356314241886139
,1384.0,2,7.862068741815165e-05,22499,,16.454517364501953,,2.412940263748169,,0.424224317073822,,0.04354601353406906
,1396.0,2,7.85655138315633e-05,22549,,8.927241325378418,,2.155428409576416,,0.4243469536304474,,0.04354683309793472
,1360.0,2,7.851034752093256e-05,22599,,11.85155200958252,,2.4326422214508057,,0.42434239387512207,,0.04354478418827057
,1360.0,2,7.84551739343442e-05,22649,,9.172589302062988,,1.7980197668075562,,0.4245169758796692,,0.043513983488082886
,1368.0,2,7.840000034775585e-05,22699,,9.56460189819336,,1.4594646692276,,0.4246266484260559,,0.04349157214164734
,1400.0,2,7.83448267611675e-05,22749,,6.149132251739502,,1.7721847295761108,,0.42471975088119507,,0.04347313940525055
,1360.0,2,7.828965317457914e-05,22799,,8.055458068847656,,1.944382667541504,,0.4248291850090027,,0.04346649721264839
,1368.0,2,7.823447958799079e-05,22849,,6.466202259063721,,2.066934823989868,,0.4249521791934967,,0.043458737432956696
,1328.0,2,7.817931327736005e-05,22899,,7.67947244644165,,2.1197381019592285,,0.4251668155193329,,0.04343597590923309
,1368.0,2,7.81241396907717e-05,22949,,6.908916473388672,,1.9494295120239258,,0.42529767751693726,,0.0434078723192215
,1364.0,2,7.806896610418335e-05,22999,,2.9919509887695312,,1.4231396913528442,,0.42531490325927734,,0.0433821938931942
,1368.0,2,7.801379251759499e-05,23049,,10.902400970458984,,2.4522948265075684,,0.42536237835884094,,0.043369654566049576
,1368.0,2,7.795861893100664e-05,23099,,4.284309387207031,,1.8591879606246948,,0.4254452884197235,,0.04336069896817207
,1324.0,2,7.790344534441829e-05,23149,,7.875458240509033,,2.080156087875366,,0.42557293176651,,0.04334096238017082
,1404.0,2,7.784827903378755e-05,23199,,5.565572261810303,,1.84033203125,,0.42578423023223877,,0.043321214616298676
,1372.0,2,7.77931054471992e-05,23249,,8.86950397491455,,2.1154866218566895,,0.42595627903938293,,0.04329212009906769
,1384.0,2,7.773793186061084e-05,23299,,5.7834858894348145,,1.7308416366577148,,0.4261000454425812,,0.04326954483985901
,1396.0,2,7.768275827402249e-05,23349,,7.368228435516357,,1.7426837682724,,0.4263034760951996,,0.04323381185531616
,1360.0,2,7.762758468743414e-05,23399,,8.200078010559082,,2.226194381713867,,0.42638611793518066,,0.043203577399253845
,1380.0,2,7.757241110084578e-05,23449,,4.236635208129883,,1.7072224617004395,,0.4265209138393402,,0.04318509250879288
,1384.0,2,7.751724479021505e-05,23499,,6.564801216125488,,2.0683434009552,,0.4266609251499176,,0.043165698647499084
,1384.0,2,7.746207120362669e-05,23549,,6.042042255401611,,2.292750597000122,,0.4268346130847931,,0.043143969029188156
,1400.0,2,7.740689761703834e-05,23599,,5.933446884155273,,1.5213543176651,,0.4269722104072571,,0.04313013702630997
,1388.0,2,7.735172403044999e-05,23649,,5.232035160064697,,1.584612488746643,,0.4270673096179962,,0.04310733452439308
,1372.0,2,7.729655044386163e-05,23699,,5.404419422149658,,2.016103744506836,,0.4272997975349426,,0.04308858513832092
,1348.0,2,7.724137685727328e-05,23749,,13.642012596130371,,1.5260581970214844,,0.4274563193321228,,0.0430605411529541
,1368.0,2,7.718620327068493e-05,23799,,9.65542984008789,,1.6773662567138672,,0.4275778532028198,,0.04303815960884094
,1348.0,2,7.713103696005419e-05,23849,,3.304154634475708,,1.0296649932861328,,0.4277462959289551,,0.04301353916525841
,1364.0,2,7.707586337346584e-05,23899,,7.1590189933776855,,2.0211470127105713,,0.4279162287712097,,0.042996324598789215
,1352.0,2,7.702068978687748e-05,23949,,4.825021743774414,,1.8156507015228271,,0.42804133892059326,,0.04297202453017235
,1364.0,2,7.696551620028913e-05,23999,,8.06825065612793,,1.1312552690505981,,0.4281606078147888,,0.042944762855768204
,1348.0,2,7.691034261370078e-05,24049,,7.8581366539001465,,2.0884757041931152,,0.42837613821029663,,0.04291132092475891
,1360.0,2,7.685516902711242e-05,24099,,6.353704452514648,,2.1798179149627686,,0.4285127818584442,,0.042911775410175323
,1336.0,2,7.680000271648169e-05,24149,,7.072937965393066,,1.379818081855774,,0.4286288917064667,,0.042904600501060486
,1356.0,2,7.674482912989333e-05,24199,,5.653994083404541,,1.5824248790740967,,0.4287458658218384,,0.04288531839847565
,1388.0,2,7.668965554330498e-05,24249,,5.000089168548584,,1.531286597251892,,0.42887967824935913,,0.042872294783592224
,1352.0,2,7.663448195671663e-05,24299,,6.91758918762207,,2.308366537094116,,0.4290328323841095,,0.042862530797719955
,1396.0,2,7.657930837012827e-05,24349,,7.6740851402282715,,1.86924409866333,,0.4291905462741852,,0.04284578189253807
,1380.0,2,7.652413478353992e-05,24399,,5.263588905334473,,2.268026113510132,,0.4292912781238556,,0.0428520105779171
,1348.0,2,7.646896847290918e-05,24449,,6.494772434234619,,1.7817027568817139,,0.4293689727783203,,0.04284261539578438
,1292.0,2,7.641379488632083e-05,24499,,7.672109603881836,,1.6647794246673584,,0.4295654892921448,,0.0428304523229599
,1388.0,2,7.635862129973248e-05,24549,,7.958406925201416,,1.9842591285705566,,0.42970147728919983,,0.04284853860735893
,1396.0,2,7.630344771314412e-05,24599,,10.987894058227539,,1.8030271530151367,,0.42987456917762756,,0.04285431653261185
,1356.0,2,7.624827412655577e-05,24649,,8.257773399353027,,1.5465257167816162,,0.4300048053264618,,0.04286208376288414
,1360.0,2,7.619310053996742e-05,24699,,10.668529510498047,,2.4994289875030518,,0.43018674850463867,,0.04287881404161453
,1364.0,2,7.613793422933668e-05,24749,,14.414582252502441,,2.1360678672790527,,0.4303005635738373,,0.04286792129278183
,1376.0,2,7.608276064274833e-05,24799,,9.157916069030762,,2.1930503845214844,,0.4304807782173157,,0.042867016047239304
,1332.0,2,7.602758705615997e-05,24849,,10.127523422241211,,2.0740320682525635,,0.43063652515411377,,0.042854029685258865
,1360.0,2,7.597241346957162e-05,24899,,9.341973304748535,,2.8925225734710693,,0.43071314692497253,,0.04284455254673958
,1368.0,2,7.591723988298327e-05,24949,,9.67265510559082,,2.140115737915039,,0.4308018982410431,,0.042840782552957535
,1356.0,2,7.586206629639491e-05,24999,,9.113290786743164,,2.0098860263824463,,0.4309659004211426,,0.04282081499695778
,1384.0,2,7.580689998576418e-05,25049,,8.394801139831543,,1.3267155885696411,,0.4311119616031647,,0.04280342534184456
,1384.0,2,7.575172639917582e-05,25099,,6.138017177581787,,1.593120813369751,,0.4312930405139923,,0.04277687892317772
,1364.0,2,7.569655281258747e-05,25149,,7.415490627288818,,2.070436477661133,,0.43148696422576904,,0.042754024267196655
,1360.0,2,7.564137922599912e-05,25199,,5.377671718597412,,2.1938023567199707,,0.4316025674343109,,0.04272754117846489
,1384.0,2,7.558620563941076e-05,25249,,6.597813606262207,,1.4480677843093872,,0.431792676448822,,0.04271630570292473
,1380.0,2,7.553103205282241e-05,25299,,8.36079216003418,,1.6285511255264282,,0.4319637715816498,,0.042704422026872635
,1372.0,2,7.547585846623406e-05,25349,,5.119669437408447,,1.7865856885910034,,0.43208256363868713,,0.042701516300439835
,1348.0,2,7.542069215560332e-05,25399,,11.581426620483398,,2.0667195320129395,,0.43222126364707947,,0.042691539973020554
,1388.0,2,7.536551856901497e-05,25449,,5.957066059112549,,1.2430511713027954,,0.43234094977378845,,0.042677052319049835
,1364.0,2,7.531034498242661e-05,25499,,8.978153228759766,,1.8808807134628296,,0.4324052035808563,,0.04264908656477928
,1348.0,2,7.525517139583826e-05,25549,,5.186945915222168,,1.5632038116455078,,0.4325074255466461,,0.04262494295835495
,1392.0,2,7.519999780924991e-05,25599,,10.418652534484863,,2.188368320465088,,0.43259236216545105,,0.04258989915251732
,1388.0,2,7.514482422266155e-05,25649,,3.5196239948272705,,1.3474347591400146,,0.43270018696784973,,0.0425557866692543
,1376.0,2,7.508965791203082e-05,25699,,5.40978479385376,,1.799485683441162,,0.4328210651874542,,0.04253092780709267
,1372.0,2,7.503448432544246e-05,25749,,8.98041820526123,,1.9241358041763306,,0.4329594075679779,,0.042512353509664536
,1396.0,2,7.497931073885411e-05,25799,,17.483165740966797,,1.984338402748108,,0.4330318868160248,,0.042490918189287186
,1372.0,2,7.492413715226576e-05,25849,,6.526293754577637,,1.8730769157409668,,0.43309324979782104,,0.042471013963222504
,1356.0,2,7.48689635656774e-05,25899,,9.605796813964844,,1.7331231832504272,,0.4332045316696167,,0.042447641491889954
,1360.0,2,7.481378997908905e-05,25949,,9.121777534484863,,1.9727282524108887,,0.43328621983528137,,0.04242021590471268
,1392.0,2,7.475862366845831e-05,25999,,3.9094460010528564,,1.5203086137771606,,0.4334329068660736,,0.0424087718129158
,1380.0,2,7.470345008186996e-05,26049,,6.2833404541015625,,2.0671181678771973,,0.43348410725593567,,0.04239296168088913
,1372.0,2,7.464827649528161e-05,26099,,10.332189559936523,,1.7259188890457153,,0.4335397481918335,,0.04236892610788345
,1356.0,2,7.459310290869325e-05,26149,,10.456604957580566,,1.964555263519287,,0.43363770842552185,,0.04234430566430092
,1376.0,2,7.45379293221049e-05,26199,,11.35461139678955,,2.2340126037597656,,0.433791846036911,,0.04232633113861084
,1360.0,2,7.448275573551655e-05,26249,,6.557626724243164,,1.569257140159607,,0.4338555932044983,,0.04231036826968193
,1328.0,2,7.442758942488581e-05,26299,,3.680555582046509,,1.0552846193313599,,0.43403705954551697,,0.04230622202157974
,1376.0,2,7.437241583829746e-05,26349,,11.23546028137207,,2.095531463623047,,0.4341728091239929,,0.04229064658284187
,1372.0,2,7.43172422517091e-05,26399,,6.779877662658691,,1.7195814847946167,,0.434314101934433,,0.042267683893442154
,1340.0,2,7.426206866512075e-05,26449,,15.874653816223145,,2.4531822204589844,,0.4344399571418762,,0.042270928621292114
,1396.0,2,7.42068950785324e-05,26499,,4.73373556137085,,1.370367407798767,,0.43455711007118225,,0.042262863367795944
,1328.0,2,7.415172149194404e-05,26549,,7.622678756713867,,1.5644677877426147,,0.43464887142181396,,0.04224785417318344
,1368.0,2,7.40965551813133e-05,26599,,7.354249000549316,,2.082176446914673,,0.43472981452941895,,0.042233653366565704
,1360.0,2,7.404138159472495e-05,26649,,7.198781490325928,,1.9488979578018188,,0.43484294414520264,,0.042219068855047226
,1376.0,2,7.39862080081366e-05,26699,,8.166491508483887,,1.8064262866973877,,0.43501827120780945,,0.04220842197537422
,1388.0,2,7.393103442154825e-05,26749,,8.517205238342285,,1.4650580883026123,,0.43524208664894104,,0.042207688093185425
,1368.0,2,7.38758608349599e-05,26799,,10.574148178100586,,1.9297517538070679,,0.4353230595588684,,0.0422048382461071
,1376.0,2,7.382068724837154e-05,26849,,13.908713340759277,,2.323474407196045,,0.43537431955337524,,0.04220517352223396
,1368.0,2,7.376551366178319e-05,26899,,5.0222673416137695,,1.6398200988769531,,0.4355365037918091,,0.04219895601272583
,1340.0,2,7.371034735115245e-05,26949,,8.95258617401123,,2.1412222385406494,,0.4357033669948578,,0.04219960793852806
,1344.0,2,7.36551737645641e-05,26999,,6.178471088409424,,1.5882947444915771,,0.43582260608673096,,0.042220473289489746
,1340.0,2,7.360000017797574e-05,27049,,8.731927871704102,,1.5648117065429688,,0.43595728278160095,,0.04222612455487251
,1388.0,2,7.354482659138739e-05,27099,,7.465782165527344,,1.8430975675582886,,0.4360347092151642,,0.042221035808324814
,1352.0,2,7.348965300479904e-05,27149,,4.433457851409912,,1.470435380935669,,0.43614664673805237,,0.04218563064932823
,1332.0,2,7.343447941821069e-05,27199,,14.973762512207031,,2.3166019916534424,,0.43634843826293945,,0.04219267517328262
,1388.0,2,7.337931310757995e-05,27249,,8.765016555786133,,2.1529905796051025,,0.43652305006980896,,0.04219861328601837
,1360.0,2,7.33241395209916e-05,27299,,8.44688606262207,,2.006479024887085,,0.4366619288921356,,0.0421827994287014
,1396.0,2,7.326896593440324e-05,27349,,9.604096412658691,,1.4705039262771606,,0.4368829131126404,,0.04217863827943802
,1376.0,2,7.321379234781489e-05,27399,,8.621665954589844,,1.6920682191848755,,0.4370393753051758,,0.04218053072690964
,1380.0,2,7.315861876122653e-05,27449,,8.446428298950195,,1.9439513683319092,,0.4370875060558319,,0.04219195991754532
,1372.0,2,7.310344517463818e-05,27499,,7.680613994598389,,1.6643646955490112,,0.4372120201587677,,0.04219089075922966
,1372.0,2,7.304827886400744e-05,27549,,10.84852409362793,,2.088376760482788,,0.43739190697669983,,0.042180851101875305
,1356.0,2,7.299310527741909e-05,27599,,5.032413959503174,,1.3817670345306396,,0.43754157423973083,,0.0421573743224144
,1388.0,2,7.293793169083074e-05,27649,,10.423157691955566,,2.019256114959717,,0.43766990303993225,,0.04214954003691673
,1348.0,2,7.288275810424238e-05,27699,,9.32713508605957,,1.780563235282898,,0.4377925992012024,,0.042133208364248276
,1372.0,2,7.282758451765403e-05,27749,,6.2129034996032715,,1.4121699333190918,,0.43791463971138,,0.042123135179281235
,1336.0,2,7.277241093106568e-05,27799,,9.024002075195312,,1.7733057737350464,,0.4380871653556824,,0.04211845621466637
,1348.0,2,7.271724462043494e-05,27849,,9.935267448425293,,1.7363018989562988,,0.43827760219573975,,0.04209434613585472
,1392.0,2,7.266207103384659e-05,27899,,8.445871353149414,,1.7807281017303467,,0.43838801980018616,,0.04207007214426994
,1340.0,2,7.260689744725823e-05,27949,,7.792291164398193,,1.7957595586776733,,0.4384618401527405,,0.042046088725328445
,1348.0,2,7.255172386066988e-05,27999,,8.379598617553711,,1.602778673171997,,0.4386231005191803,,0.04202361777424812
,1380.0,2,7.249655027408153e-05,28049,,10.305719375610352,,2.058797836303711,,0.43868881464004517,,0.04201296344399452
,1384.0,2,7.244137668749318e-05,28099,,13.249590873718262,,2.1826350688934326,,0.43885862827301025,,0.041996173560619354
,1384.0,2,7.238621037686244e-05,28149,,10.124942779541016,,1.232385277748108,,0.4389238655567169,,0.04197758436203003
,1360.0,2,7.233103679027408e-05,28199,,3.6501548290252686,,0.9844306707382202,,0.439103901386261,,0.04196164011955261
,1400.0,2,7.227586320368573e-05,28249,,5.8959455490112305,,1.7167946100234985,,0.4392758309841156,,0.0419558547437191
,1336.0,2,7.222068961709738e-05,28299,,9.767556190490723,,1.8765991926193237,,0.4394122362136841,,0.04194958508014679
,1352.0,2,7.216551603050902e-05,28349,,7.03476619720459,,1.6401948928833008,,0.4394356310367584,,0.04193701595067978
,1320.0,2,7.211034244392067e-05,28399,,6.391109943389893,,1.9665166139602661,,0.4395464360713959,,0.0419272854924202
,1324.0,2,7.205516885733232e-05,28449,,6.8506598472595215,,1.675410270690918,,0.4396982789039612,,0.04191438853740692
,1336.0,2,7.200000254670158e-05,28499,,10.952409744262695,,1.5849556922912598,,0.4398631751537323,,0.04190180078148842
,1420.0,2,7.194482896011323e-05,28549,,9.309114456176758,,1.9221467971801758,,0.4400121867656708,,0.041895754635334015
,1400.0,2,7.188965537352487e-05,28599,,6.623095512390137,,1.6320626735687256,,0.4401664733886719,,0.04189061000943184
,1364.0,2,7.183448178693652e-05,28649,,8.274927139282227,,2.034710645675659,,0.4403502345085144,,0.04187583923339844
,1364.0,2,7.177930820034817e-05,28699,,7.480102062225342,,2.1564295291900635,,0.44044196605682373,,0.04186096414923668
,1344.0,2,7.172413461375982e-05,28749,,8.789435386657715,,1.6047159433364868,,0.44054412841796875,,0.04187533259391785
,1392.0,2,7.166896830312908e-05,28799,,8.300103187561035,,1.3486220836639404,,0.44060376286506653,,0.04187069088220596
,1388.0,2,7.161379471654072e-05,28849,,10.728742599487305,,1.8179839849472046,,0.44070518016815186,,0.04186403006315231
,1320.0,2,7.155862112995237e-05,28899,,6.690608501434326,,1.7249879837036133,,0.4408615529537201,,0.041852135211229324
,1372.0,2,7.150344754336402e-05,28949,,19.76808738708496,,2.049105644226074,,0.4409359395503998,,0.041846830397844315
,1372.0,2,7.144827395677567e-05,28999,,6.761229991912842,,1.3157950639724731,,0.4410947263240814,,0.0418395958840847
,1352.0,2,7.139310037018731e-05,29049,,14.57244873046875,,2.77097487449646,,0.4411865770816803,,0.04182709753513336
,1388.0,2,7.133793405955657e-05,29099,,8.876405715942383,,1.5596909523010254,,0.44126173853874207,,0.04183052480220795
,1308.0,2,7.128276047296822e-05,29149,,11.044098854064941,,1.8031316995620728,,0.441389799118042,,0.041839856654405594
,1360.0,2,7.122758688637987e-05,29199,,12.026333808898926,,1.7694709300994873,,0.4414834976196289,,0.04183641076087952
,1344.0,2,7.117241329979151e-05,29249,,6.822693824768066,,1.9349205493927002,,0.4415759742259979,,0.041840072721242905
,1368.0,2,7.111723971320316e-05,29299,,10.106893539428711,,2.246105432510376,,0.4417306184768677,,0.04183303937315941
,1372.0,2,7.106206612661481e-05,29349,,7.364490985870361,,1.765360713005066,,0.44186240434646606,,0.04183723405003548
,1352.0,2,7.100689981598407e-05,29399,,8.635682106018066,,1.7787222862243652,,0.44198933243751526,,0.04182930663228035
,1372.0,2,7.095172622939572e-05,29449,,7.963082313537598,,2.4622905254364014,,0.44203367829322815,,0.04182422161102295
,1368.0,2,7.089655264280736e-05,29499,,14.059195518493652,,2.3922970294952393,,0.4420977830886841,,0.041806358844041824
,1388.0,2,7.084137905621901e-05,29549,,13.21676254272461,,1.8818717002868652,,0.4422222375869751,,0.04179978370666504
,1340.0,2,7.078620546963066e-05,29599,,8.793586730957031,,1.6200906038284302,,0.4423394501209259,,0.041802965104579926
,1348.0,2,7.07310318830423e-05,29649,,8.568743705749512,,1.4228918552398682,,0.44242390990257263,,0.04178199544548988
,1380.0,2,7.067586557241157e-05,29699,,8.14526081085205,,1.8442466259002686,,0.44255170226097107,,0.0417570061981678
,1320.0,2,7.062069198582321e-05,29749,,7.278482437133789,,1.6513856649398804,,0.4426494240760803,,0.04173560068011284
,1360.0,2,7.056551839923486e-05,29799,,7.909823894500732,,1.8682184219360352,,0.4427963197231293,,0.04171062260866165
,1352.0,2,7.051034481264651e-05,29849,,10.126731872558594,,1.5975204706192017,,0.4429020881652832,,0.04169241711497307
,1336.0,2,7.045517122605816e-05,29899,,11.77501106262207,,1.8729149103164673,,0.4430130124092102,,0.04167836904525757
,1408.0,2,7.03999976394698e-05,29949,,9.191474914550781,,2.3913543224334717,,0.44313955307006836,,0.041659701615571976
,1356.0,2,7.034482405288145e-05,29999,,7.443196773529053,,1.706506609916687,,0.44320040941238403,,0.041643545031547546
,1332.0,2,7.028965774225071e-05,30049,,10.42932415008545,,1.969485878944397,,0.4432659447193146,,0.04163328558206558
1365.5831298828125,,2,,30096,7.981020450592041,,1.8819657564163208,,0.43084532022476196,,0.042772188782691956,
,1376.0,3,7.023448415566236e-05,30099,,14.771902084350586,,1.6287859678268433,,0.4433790147304535,,0.041632793843746185
,1352.0,3,7.0179310569074e-05,30149,,23.049678802490234,,2.0354323387145996,,0.4435436725616455,,0.04162561148405075
,1380.0,3,7.012413698248565e-05,30199,,7.365041732788086,,1.5586737394332886,,0.4437195360660553,,0.04161742702126503
,1368.0,3,7.00689633958973e-05,30249,,5.080204963684082,,1.1330771446228027,,0.44384774565696716,,0.04161900654435158
,1352.0,3,7.001378980930895e-05,30299,,10.937201499938965,,2.057950258255005,,0.4439438283443451,,0.041620418429374695
,1352.0,3,6.995862349867821e-05,30349,,11.851081848144531,,1.8408551216125488,,0.44410279393196106,,0.04163119196891785
,1380.0,3,6.990344991208985e-05,30399,,14.979781150817871,,1.3397201299667358,,0.44422510266304016,,0.04164108261466026
,1368.0,3,6.98482763255015e-05,30449,,9.271263122558594,,2.011404275894165,,0.44429534673690796,,0.041647110134363174
,1380.0,3,6.979310273891315e-05,30499,,6.892524242401123,,1.803992748260498,,0.4444204568862915,,0.0416514053940773
,1364.0,3,6.97379291523248e-05,30549,,11.366167068481445,,1.4640896320343018,,0.4445613920688629,,0.04166354611515999
,1368.0,3,6.968275556573644e-05,30599,,13.695685386657715,,1.4962390661239624,,0.44471776485443115,,0.041668545454740524
,1360.0,3,6.96275892551057e-05,30649,,9.358651161193848,,1.8805615901947021,,0.4448556900024414,,0.04166556894779205
,1360.0,3,6.957241566851735e-05,30699,,8.876877784729004,,1.8564101457595825,,0.44498273730278015,,0.041652970016002655
,1364.0,3,6.9517242081929e-05,30749,,9.650430679321289,,1.5693345069885254,,0.44507989287376404,,0.0416535884141922
,1368.0,3,6.946206849534065e-05,30799,,7.258216381072998,,1.8644702434539795,,0.4452653229236603,,0.04165954887866974
,1344.0,3,6.940689490875229e-05,30849,,13.502455711364746,,2.1500322818756104,,0.4454081952571869,,0.041655514389276505
,1344.0,3,6.935172132216394e-05,30899,,10.763927459716797,,1.703468918800354,,0.44554221630096436,,0.04165315255522728
,1348.0,3,6.92965550115332e-05,30949,,9.585857391357422,,1.9188863039016724,,0.445648729801178,,0.04165093973278999
,1336.0,3,6.924138142494485e-05,30999,,4.894290924072266,,1.0765142440795898,,0.44579532742500305,,0.04166983813047409
,1372.0,3,6.91862078383565e-05,31049,,9.698894500732422,,1.7799021005630493,,0.4459417760372162,,0.04167309030890465
,1380.0,3,6.913103425176814e-05,31099,,7.902972221374512,,1.5710912942886353,,0.4460589587688446,,0.041664969176054
,1352.0,3,6.907586066517979e-05,31149,,8.56628131866455,,1.916824460029602,,0.44616466760635376,,0.04166141897439957
,1328.0,3,6.902068707859144e-05,31199,,5.430454730987549,,1.7231978178024292,,0.44629859924316406,,0.04166523367166519
,1300.0,3,6.89655207679607e-05,31249,,11.781279563903809,,1.3096364736557007,,0.4464377164840698,,0.04166662320494652
,1344.0,3,6.891034718137234e-05,31299,,6.002471923828125,,1.6562118530273438,,0.4465644359588623,,0.0416661761701107
,1420.0,3,6.885517359478399e-05,31349,,9.093902587890625,,1.9361552000045776,,0.4466347396373749,,0.04165758937597275
,1340.0,3,6.880000000819564e-05,31399,,9.92830753326416,,1.8031173944473267,,0.44674012064933777,,0.04164879396557808
,1368.0,3,6.874482642160729e-05,31449,,14.000389099121094,,1.420464277267456,,0.44685953855514526,,0.04163658246397972
,1372.0,3,6.868965283501893e-05,31499,,8.072505950927734,,1.8771120309829712,,0.44699305295944214,,0.04163159802556038
,1388.0,3,6.863447924843058e-05,31549,,9.729761123657227,,1.7988899946212769,,0.44710302352905273,,0.041622839868068695
,1380.0,3,6.857931293779984e-05,31599,,7.931141376495361,,1.7852054834365845,,0.44727763533592224,,0.041604433208703995
,1380.0,3,6.852413935121149e-05,31649,,4.6272993087768555,,0.8922171592712402,,0.4474332928657532,,0.041600894182920456
,1348.0,3,6.846896576462314e-05,31699,,8.656270980834961,,1.6478174924850464,,0.44754961133003235,,0.0415896512567997
,1392.0,3,6.841379217803478e-05,31749,,14.566526412963867,,2.033707618713379,,0.4475707411766052,,0.041568055748939514
,1368.0,3,6.835861859144643e-05,31799,,4.396721839904785,,1.1824028491973877,,0.44770878553390503,,0.0415571928024292
,1364.0,3,6.830344500485808e-05,31849,,9.10200023651123,,1.7169352769851685,,0.44780874252319336,,0.04154009744524956
,1380.0,3,6.824827869422734e-05,31899,,6.857640743255615,,1.5000098943710327,,0.4479576051235199,,0.04152603819966316
,1380.0,3,6.819310510763898e-05,31949,,11.254356384277344,,1.9069130420684814,,0.44809362292289734,,0.04151654243469238
,1352.0,3,6.813793152105063e-05,31999,,6.724477291107178,,1.6051957607269287,,0.4481829106807709,,0.04151507094502449
,1356.0,3,6.808275793446228e-05,32049,,8.984496116638184,,1.8440181016921997,,0.44828227162361145,,0.04150662571191788
,1384.0,3,6.802758434787393e-05,32099,,7.3277740478515625,,1.265183687210083,,0.44839566946029663,,0.04149429872632027
,1352.0,3,6.797241076128557e-05,32149,,9.528189659118652,,1.7314938306808472,,0.448496550321579,,0.04147639498114586
,1344.0,3,6.791724445065483e-05,32199,,18.892696380615234,,2.4270498752593994,,0.4486390948295593,,0.04145757108926773
,1372.0,3,6.786207086406648e-05,32249,,12.782818794250488,,2.246814012527466,,0.44878092408180237,,0.041449591517448425
,1364.0,3,6.780689727747813e-05,32299,,8.663623809814453,,1.66015625,,0.4488910436630249,,0.04144379124045372
,1348.0,3,6.775172369088978e-05,32349,,9.050381660461426,,1.3659703731536865,,0.4489552974700928,,0.041425008326768875
,1356.0,3,6.769655010430142e-05,32399,,9.609726905822754,,1.7902122735977173,,0.44905367493629456,,0.04140732064843178
,1352.0,3,6.764137651771307e-05,32449,,6.108067989349365,,2.0458266735076904,,0.44915249943733215,,0.041394658386707306
,1380.0,3,6.758621020708233e-05,32499,,9.959507942199707,,1.7960556745529175,,0.4492460787296295,,0.04138471558690071
,1416.0,3,6.753103662049398e-05,32549,,7.149367332458496,,1.792038917541504,,0.4493377208709717,,0.041372790932655334
,1360.0,3,6.747586303390563e-05,32599,,8.882633209228516,,1.8082284927368164,,0.44939956068992615,,0.041357263922691345
,1308.0,3,6.742068944731727e-05,32649,,11.216826438903809,,1.7463445663452148,,0.4495033919811249,,0.041352346539497375
,1364.0,3,6.736551586072892e-05,32699,,7.911111354827881,,1.6619656085968018,,0.4496055543422699,,0.041333798319101334
,1392.0,3,6.731034227414057e-05,32749,,9.813254356384277,,1.6422300338745117,,0.4497348368167877,,0.041315097361803055
,1336.0,3,6.725517596350983e-05,32799,,7.024538993835449,,1.4548693895339966,,0.44987350702285767,,0.041311345994472504
,1420.0,3,6.720000237692147e-05,32849,,7.553012847900391,,1.9151841402053833,,0.45001891255378723,,0.04129916429519653
,1348.0,3,6.714482879033312e-05,32899,,7.046358585357666,,1.9642693996429443,,0.4501304030418396,,0.041295696049928665
,1376.0,3,6.708965520374477e-05,32949,,8.587910652160645,,1.6849433183670044,,0.4502194821834564,,0.041298456490039825
,1352.0,3,6.703448161715642e-05,32999,,8.398372650146484,,1.3951098918914795,,0.4502982497215271,,0.04129735007882118
,1416.0,3,6.697930803056806e-05,33049,,10.787111282348633,,1.6719577312469482,,0.45040586590766907,,0.04129976034164429
,1340.0,3,6.692413444397971e-05,33099,,7.330400466918945,,1.667847752571106,,0.45050233602523804,,0.04129588603973389
,1348.0,3,6.686896813334897e-05,33149,,10.711047172546387,,1.7693949937820435,,0.4505980610847473,,0.04128358140587807
,1368.0,3,6.681379454676062e-05,33199,,13.040358543395996,,1.917192816734314,,0.45070841908454895,,0.04128512367606163
,1392.0,3,6.675862096017227e-05,33249,,5.7972211837768555,,1.6245101690292358,,0.4508368670940399,,0.04127016291022301
,1352.0,3,6.670344737358391e-05,33299,,10.104872703552246,,0.8335034251213074,,0.45094212889671326,,0.041264113038778305
,1388.0,3,6.664827378699556e-05,33349,,10.427692413330078,,1.6224324703216553,,0.4510868191719055,,0.04126891493797302
,1328.0,3,6.659310020040721e-05,33399,,10.848274230957031,,1.3288682699203491,,0.4512022137641907,,0.04126257449388504
,1388.0,3,6.653793388977647e-05,33449,,10.842283248901367,,1.755015254020691,,0.45133328437805176,,0.04126773029565811
,1356.0,3,6.648276030318812e-05,33499,,9.230171203613281,,1.409173607826233,,0.4514748454093933,,0.0412677563726902
,1408.0,3,6.642758671659976e-05,33549,,10.53767204284668,,1.867811679840088,,0.451591432094574,,0.04126831516623497
,1372.0,3,6.637241313001141e-05,33599,,13.038284301757812,,1.8198432922363281,,0.45169538259506226,,0.04126065969467163
,1356.0,3,6.631723954342306e-05,33649,,14.759374618530273,,1.7023067474365234,,0.4518145024776459,,0.041265226900577545
,1340.0,3,6.62620659568347e-05,33699,,10.230607032775879,,1.6152153015136719,,0.4519105851650238,,0.0412680059671402
,1352.0,3,6.620689964620396e-05,33749,,5.118607997894287,,1.2249598503112793,,0.45206937193870544,,0.041270140558481216
,1356.0,3,6.615172605961561e-05,33799,,7.507321357727051,,1.5162075757980347,,0.45218589901924133,,0.041273314505815506
,1348.0,3,6.609655247302726e-05,33849,,8.296091079711914,,2.0009446144104004,,0.4522705674171448,,0.04128248244524002
,1372.0,3,6.60413788864389e-05,33899,,11.549891471862793,,1.5999011993408203,,0.45242545008659363,,0.04128701984882355
,1368.0,3,6.598620529985055e-05,33949,,11.205819129943848,,1.4922511577606201,,0.4525298774242401,,0.041296374052762985
,1392.0,3,6.59310317132622e-05,33999,,11.007987976074219,,1.7520304918289185,,0.452696293592453,,0.04131264239549637
,1368.0,3,6.587586540263146e-05,34049,,7.758681774139404,,1.6406993865966797,,0.4528501331806183,,0.04131927341222763
,1332.0,3,6.582069181604311e-05,34099,,10.023689270019531,,2.0184266567230225,,0.45291867852211,,0.04131808504462242
,1364.0,3,6.576551822945476e-05,34149,,7.0794291496276855,,1.3815701007843018,,0.4530795216560364,,0.04131993651390076
,1388.0,3,6.57103446428664e-05,34199,,11.712121963500977,,1.8576853275299072,,0.4531947374343872,,0.041323136538267136
,1384.0,3,6.565517105627805e-05,34249,,6.955906867980957,,1.6822149753570557,,0.45325905084609985,,0.041326895356178284
,1356.0,3,6.55999974696897e-05,34299,,7.909870624542236,,1.8058795928955078,,0.45339110493659973,,0.04133128747344017
,1336.0,3,6.554483115905896e-05,34349,,10.351820945739746,,1.6813910007476807,,0.4535149335861206,,0.04132562130689621
,1388.0,3,6.54896575724706e-05,34399,,7.767364978790283,,1.7463852167129517,,0.45359134674072266,,0.041329525411129
,1372.0,3,6.543448398588225e-05,34449,,8.965791702270508,,1.3448002338409424,,0.45371565222740173,,0.04133633151650429
,1380.0,3,6.53793103992939e-05,34499,,9.22764778137207,,1.9509189128875732,,0.45383796095848083,,0.04133724048733711
,1372.0,3,6.532413681270555e-05,34549,,13.747756004333496,,2.041870594024658,,0.4539404511451721,,0.041352368891239166
,1372.0,3,6.52689632261172e-05,34599,,12.255905151367188,,1.3740876913070679,,0.45404860377311707,,0.041354868561029434
,1372.0,3,6.521378963952884e-05,34649,,5.305781364440918,,0.9925546050071716,,0.45414164662361145,,0.04135284572839737
,1384.0,3,6.51586233288981e-05,34699,,11.320212364196777,,2.09104585647583,,0.45424580574035645,,0.04134932905435562
,1380.0,3,6.510344974230975e-05,34749,,8.683652877807617,,1.7539043426513672,,0.45433369278907776,,0.04134637489914894
,1348.0,3,6.50482761557214e-05,34799,,7.685281753540039,,1.544618010520935,,0.45442521572113037,,0.04134594276547432
,1364.0,3,6.499310256913304e-05,34849,,10.700362205505371,,2.1080539226531982,,0.4545123279094696,,0.04136364907026291
,1356.0,3,6.493792898254469e-05,34899,,11.79438591003418,,2.073413610458374,,0.454649955034256,,0.041363902390003204
,1356.0,3,6.488275539595634e-05,34949,,6.117704391479492,,1.3773820400238037,,0.4547875225543976,,0.041364897042512894
,1340.0,3,6.48275890853256e-05,34999,,8.580537796020508,,1.456158995628357,,0.45486128330230713,,0.041372522711753845
,1396.0,3,6.477241549873725e-05,35049,,9.85512924194336,,2.024543046951294,,0.45499059557914734,,0.04137125611305237
,1356.0,3,6.471724191214889e-05,35099,,13.163037300109863,,1.707543134689331,,0.4551354646682739,,0.04137929528951645
,1400.0,3,6.466206832556054e-05,35149,,6.272427558898926,,1.4001774787902832,,0.4553012251853943,,0.04138163477182388
,1356.0,3,6.460689473897219e-05,35199,,11.379810333251953,,1.769604206085205,,0.4554300010204315,,0.0413806177675724
,1376.0,3,6.455172115238383e-05,35249,,9.219941139221191,,1.5432789325714111,,0.45555850863456726,,0.041370902210474014
,1364.0,3,6.44965548417531e-05,35299,,15.09720516204834,,1.666616678237915,,0.4556678235530853,,0.04136519134044647
,1320.0,3,6.444138125516474e-05,35349,,9.80739974975586,,1.6572365760803223,,0.45575883984565735,,0.04136724770069122
,1380.0,3,6.438620766857639e-05,35399,,10.074738502502441,,1.7093360424041748,,0.4558964669704437,,0.04136870428919792
,1316.0,3,6.433103408198804e-05,35449,,5.383325576782227,,1.3007007837295532,,0.4559806287288666,,0.04136991500854492
,1368.0,3,6.427586049539968e-05,35499,,7.595670700073242,,1.2465790510177612,,0.4560804069042206,,0.04137788340449333
,1392.0,3,6.422068690881133e-05,35549,,11.28938102722168,,1.7695740461349487,,0.4561801254749298,,0.04137811437249184
,1388.0,3,6.416552059818059e-05,35599,,13.052726745605469,,1.929080843925476,,0.4562576115131378,,0.04138299077749252
,1368.0,3,6.411034701159224e-05,35649,,9.157133102416992,,1.7447876930236816,,0.45635420083999634,,0.041379984468221664
,1348.0,3,6.405517342500389e-05,35699,,9.097772598266602,,1.4864763021469116,,0.45646360516548157,,0.0413767471909523
,1364.0,3,6.399999983841553e-05,35749,,10.143218994140625,,1.8326752185821533,,0.4565560519695282,,0.04137328267097473
,1340.0,3,6.394482625182718e-05,35799,,6.447840213775635,,1.3050576448440552,,0.4566754698753357,,0.04137951135635376
,1356.0,3,6.388965266523883e-05,35849,,8.086869239807129,,2.1019718647003174,,0.45675763487815857,,0.041396863758563995
,1380.0,3,6.383448635460809e-05,35899,,5.463064670562744,,1.2485754489898682,,0.4568834900856018,,0.041395463049411774
,1348.0,3,6.377931276801974e-05,35949,,10.09421157836914,,1.8104666471481323,,0.4570646584033966,,0.041390933096408844
,1348.0,3,6.372413918143138e-05,35999,,13.313736915588379,,2.2988383769989014,,0.4571520686149597,,0.041396189481019974
,1356.0,3,6.366896559484303e-05,36049,,10.840506553649902,,1.9396411180496216,,0.45727139711380005,,0.04139550030231476
,1340.0,3,6.361379200825468e-05,36099,,9.863266944885254,,1.6202343702316284,,0.4573849141597748,,0.04139217734336853
,1368.0,3,6.355861842166632e-05,36149,,8.894259452819824,,1.1480767726898193,,0.45751285552978516,,0.04140031337738037
,1360.0,3,6.350344483507797e-05,36199,,10.52408504486084,,1.5376211404800415,,0.45763102173805237,,0.04140400141477585
,1316.0,3,6.344827852444723e-05,36249,,7.149727821350098,,1.9408128261566162,,0.4577351212501526,,0.041400596499443054
,1384.0,3,6.339310493785888e-05,36299,,8.55368709564209,,2.113713502883911,,0.4578174948692322,,0.04140142351388931
,1400.0,3,6.333793135127053e-05,36349,,25.337976455688477,,2.120222806930542,,0.45789021253585815,,0.04140211269259453
,1396.0,3,6.328275776468217e-05,36399,,8.65679931640625,,1.8794233798980713,,0.4579865634441376,,0.04140138998627663
,1388.0,3,6.322758417809382e-05,36449,,9.18714427947998,,1.3260514736175537,,0.4581044316291809,,0.04140821844339371
,1364.0,3,6.317241059150547e-05,36499,,8.876325607299805,,1.4010967016220093,,0.4582318365573883,,0.04140783101320267
,1384.0,3,6.311724428087473e-05,36549,,5.128265857696533,,0.9992398023605347,,0.4583435356616974,,0.04140428826212883
,1352.0,3,6.306207069428638e-05,36599,,5.5579023361206055,,1.2904258966445923,,0.45848143100738525,,0.041394177824258804
,1352.0,3,6.300689710769802e-05,36649,,10.555179595947266,,1.888641119003296,,0.45858535170555115,,0.04139593243598938
,1364.0,3,6.295172352110967e-05,36699,,11.284305572509766,,2.117715835571289,,0.4586640000343323,,0.04138810187578201
,1388.0,3,6.289654993452132e-05,36749,,11.12204360961914,,1.8757110834121704,,0.4587249159812927,,0.04138871654868126
,1388.0,3,6.284137634793296e-05,36799,,11.434185981750488,,1.6804522275924683,,0.45883283019065857,,0.04138132184743881
,1372.0,3,6.278621003730223e-05,36849,,8.877243995666504,,1.7895832061767578,,0.4589318335056305,,0.04137665405869484
,1364.0,3,6.273103645071387e-05,36899,,9.572369575500488,,1.59713613986969,,0.45906728506088257,,0.041371043771505356
,1388.0,3,6.267586286412552e-05,36949,,15.453654289245605,,1.9252252578735352,,0.459145188331604,,0.04137582331895828
,1376.0,3,6.262068927753717e-05,36999,,12.764293670654297,,1.6720918416976929,,0.4592585265636444,,0.04137703403830528
,1348.0,3,6.256551569094881e-05,37049,,12.696083068847656,,2.1898961067199707,,0.45939716696739197,,0.04138169810175896
,1364.0,3,6.251034210436046e-05,37099,,11.866939544677734,,1.540204644203186,,0.4595235288143158,,0.04138796776533127
,1324.0,3,6.245517579372972e-05,37149,,9.120949745178223,,1.5228376388549805,,0.4596312344074249,,0.041390903294086456
,1356.0,3,6.240000220714137e-05,37199,,9.293688774108887,,1.3671550750732422,,0.4597184360027313,,0.041394058614969254
,1344.0,3,6.234482862055302e-05,37249,,16.290508270263672,,2.2289788722991943,,0.4597804546356201,,0.041386622935533524
,1364.0,3,6.228965503396466e-05,37299,,10.813037872314453,,1.3323423862457275,,0.4598782956600189,,0.04138455539941788
,1332.0,3,6.223448144737631e-05,37349,,9.077962875366211,,1.376880407333374,,0.4599829912185669,,0.04138457775115967
,1352.0,3,6.217930786078796e-05,37399,,10.402312278747559,,1.7798774242401123,,0.46011388301849365,,0.041388534009456635
,1344.0,3,6.212414155015722e-05,37449,,7.318167686462402,,1.523079514503479,,0.46019431948661804,,0.04138624295592308
,1380.0,3,6.206896796356887e-05,37499,,13.271154403686523,,1.7849955558776855,,0.4603007733821869,,0.041394833475351334
,1392.0,3,6.201379437698051e-05,37549,,9.417200088500977,,1.6755913496017456,,0.46043992042541504,,0.041392479091882706
,1388.0,3,6.195862079039216e-05,37599,,10.408957481384277,,1.5426210165023804,,0.4605291187763214,,0.04138503968715668
,1356.0,3,6.190344720380381e-05,37649,,5.327001571655273,,1.2616665363311768,,0.4606011211872101,,0.04138980060815811
,1364.0,3,6.184827361721545e-05,37699,,13.84408187866211,,1.621355652809143,,0.46068933606147766,,0.04139003902673721
,1392.0,3,6.17931000306271e-05,37749,,13.68377685546875,,1.7864083051681519,,0.46079808473587036,,0.041384175419807434
,1360.0,3,6.173793371999636e-05,37799,,8.721858024597168,,1.691932201385498,,0.4608997404575348,,0.04138312488794327
,1284.0,3,6.168276013340801e-05,37849,,8.290196418762207,,1.4185386896133423,,0.4610242247581482,,0.041386011987924576
,1392.0,3,6.162758654681966e-05,37899,,9.370835304260254,,1.3547135591506958,,0.4611433744430542,,0.04138736054301262
,1344.0,3,6.15724129602313e-05,37949,,8.425562858581543,,1.5379445552825928,,0.4612475633621216,,0.04139162600040436
,1364.0,3,6.151723937364295e-05,37999,,12.008540153503418,,1.7742202281951904,,0.4613586962223053,,0.04139210656285286
,1424.0,3,6.14620657870546e-05,38049,,8.859842300415039,,1.865436315536499,,0.46145597100257874,,0.04139082133769989
,1372.0,3,6.140689947642386e-05,38099,,7.0052809715271,,1.4967354536056519,,0.46152573823928833,,0.041386768221855164
,1368.0,3,6.13517258898355e-05,38149,,11.12566089630127,,1.6372580528259277,,0.46165716648101807,,0.04138750955462456
,1336.0,3,6.129655230324715e-05,38199,,8.578842163085938,,1.4287614822387695,,0.46174368262290955,,0.04138575866818428
,1388.0,3,6.12413787166588e-05,38249,,10.575241088867188,,2.0388400554656982,,0.46182674169540405,,0.041390739381313324
,1372.0,3,6.118620513007045e-05,38299,,9.090858459472656,,1.3303195238113403,,0.4619690477848053,,0.0414033904671669
,1388.0,3,6.11310315434821e-05,38349,,9.994367599487305,,1.5153220891952515,,0.46206945180892944,,0.0414002425968647
,1404.0,3,6.107586523285136e-05,38399,,6.538389682769775,,1.1453648805618286,,0.46214497089385986,,0.041400887072086334
,1396.0,3,6.1020688008284196e-05,38449,,9.50147819519043,,1.8842309713363647,,0.46226081252098083,,0.0414048433303833
,1376.0,3,6.096551805967465e-05,38499,,20.47357940673828,,1.821810007095337,,0.46234366297721863,,0.04141245782375336
,1388.0,3,6.09103444730863e-05,38549,,12.267330169677734,,2.1467576026916504,,0.4624328315258026,,0.041419580578804016
,1340.0,3,6.0855170886497945e-05,38599,,9.502086639404297,,1.7302151918411255,,0.4625866711139679,,0.04141542688012123
,1384.0,3,6.08000009378884e-05,38649,,9.889908790588379,,1.2160402536392212,,0.4626680910587311,,0.04141068831086159
,1336.0,3,6.0744827351300046e-05,38699,,10.254429817199707,,1.938155174255371,,0.46276700496673584,,0.04140986129641533
,1348.0,3,6.068965376471169e-05,38749,,15.555346488952637,,1.6258918046951294,,0.46287959814071655,,0.041410498321056366
,1380.0,3,6.063448381610215e-05,38799,,5.6566853523254395,,1.2663625478744507,,0.46296748518943787,,0.041420456022024155
,1328.0,3,6.0579310229513794e-05,38849,,13.561055183410645,,1.9373393058776855,,0.4630442261695862,,0.04142254963517189
,1364.0,3,6.052413664292544e-05,38899,,18.77301025390625,,1.9940624237060547,,0.4631752073764801,,0.0414239726960659
,1344.0,3,6.0468966694315895e-05,38949,,10.930421829223633,,1.9491376876831055,,0.46326810121536255,,0.04142722114920616
,1352.0,3,6.041379310772754e-05,38999,,10.217828750610352,,1.5672106742858887,,0.463357537984848,,0.04143130034208298
,1332.0,3,6.035861952113919e-05,39049,,7.75297212600708,,1.5429280996322632,,0.46344083547592163,,0.04144737869501114
,1364.0,3,6.0303449572529644e-05,39099,,10.16337776184082,,1.6227531433105469,,0.46352556347846985,,0.04144957289099693
,1392.0,3,6.024827598594129e-05,39149,,12.731644630432129,,1.8160773515701294,,0.4636251628398895,,0.041453320533037186
,1352.0,3,6.019310239935294e-05,39199,,18.21339988708496,,1.8264925479888916,,0.46369484066963196,,0.04145314544439316
,1360.0,3,6.013793245074339e-05,39249,,16.247241973876953,,1.6937074661254883,,0.46375423669815063,,0.04145905002951622
,1384.0,3,6.008275886415504e-05,39299,,12.793416023254395,,1.5618036985397339,,0.463824987411499,,0.04145791754126549
,1332.0,3,6.0027585277566686e-05,39349,,11.249733924865723,,1.6624336242675781,,0.46389999985694885,,0.04146307706832886
,1396.0,3,5.997241532895714e-05,39399,,4.688986301422119,,1.0743682384490967,,0.46399545669555664,,0.041472144424915314
,1384.0,3,5.991724174236879e-05,39449,,14.544035911560059,,1.6423012018203735,,0.46409687399864197,,0.041486091911792755
,1344.0,3,5.9862068155780435e-05,39499,,13.807116508483887,,1.5916391611099243,,0.46417316794395447,,0.04149559140205383
,1352.0,3,5.980689820717089e-05,39549,,11.756806373596191,,1.925750970840454,,0.46425753831863403,,0.04150250181555748
,1368.0,3,5.9751724620582536e-05,39599,,14.013638496398926,,2.0414350032806396,,0.4643423855304718,,0.04151076078414917
,1376.0,3,5.969655103399418e-05,39649,,13.720520973205566,,1.3901851177215576,,0.46443063020706177,,0.04150959476828575
,1380.0,3,5.964138108538464e-05,39699,,11.825419425964355,,1.6863559484481812,,0.4645107388496399,,0.0415019765496254
,1344.0,3,5.9586207498796284e-05,39749,,12.951281547546387,,1.7378026247024536,,0.4646137058734894,,0.04150215908885002
,1388.0,3,5.953103391220793e-05,39799,,15.580116271972656,,1.7613511085510254,,0.4647311270236969,,0.041502393782138824
,1396.0,3,5.947586032561958e-05,39849,,9.723532676696777,,1.615614414215088,,0.46483755111694336,,0.041503358632326126
,1364.0,3,5.942069037701003e-05,39899,,16.61971092224121,,2.379862070083618,,0.46491262316703796,,0.04150354489684105
,1356.0,3,5.936551679042168e-05,39949,,16.895755767822266,,1.466867446899414,,0.46499529480934143,,0.04150695726275444
,1400.0,3,5.931034320383333e-05,39999,,14.848800659179688,,1.5432376861572266,,0.4651223421096802,,0.04150579497218132
,1372.0,3,5.925517325522378e-05,40049,,8.359932899475098,,1.6853464841842651,,0.46522238850593567,,0.04151780903339386
,1368.0,3,5.919999966863543e-05,40099,,6.8896484375,,1.3980798721313477,,0.4653274118900299,,0.04151856526732445
1365.9569091796875,,3,,40128,10.461599349975586,,1.6954561471939087,,0.4549621641635895,,0.04142981022596359,
,1380.0,4,5.9144826082047075e-05,40149,,14.637218475341797,,1.5719009637832642,,0.46543586254119873,,0.041521068662405014
,1348.0,4,5.908965613343753e-05,40199,,8.506678581237793,,1.3631210327148438,,0.46553468704223633,,0.04152008518576622
,1380.0,4,5.9034482546849176e-05,40249,,9.766532897949219,,1.1792023181915283,,0.46564480662345886,,0.04152773693203926
,1384.0,4,5.897930896026082e-05,40299,,12.837335586547852,,1.5567210912704468,,0.4657689332962036,,0.04153187945485115
,1352.0,4,5.892413901165128e-05,40349,,12.544486045837402,,1.7795747518539429,,0.4658764600753784,,0.041542213410139084
,1364.0,4,5.8868965425062925e-05,40399,,10.715534210205078,,1.1880258321762085,,0.46599793434143066,,0.04153958335518837
,1376.0,4,5.881379183847457e-05,40449,,18.982173919677734,,1.9163153171539307,,0.46609780192375183,,0.04154970496892929
,1352.0,4,5.8758621889865026e-05,40499,,9.040721893310547,,1.544242024421692,,0.46621769666671753,,0.04155023396015167
,1344.0,4,5.870344830327667e-05,40549,,12.77941608428955,,1.422141432762146,,0.46629559993743896,,0.04155745357275009
,1344.0,4,5.864827471668832e-05,40599,,11.461984634399414,,1.228259801864624,,0.4663800001144409,,0.04156281799077988
,1320.0,4,5.8593104768078774e-05,40649,,8.737907409667969,,1.849788784980774,,0.4664793610572815,,0.041560541838407516
,1352.0,4,5.853793118149042e-05,40699,,13.095405578613281,,1.8234386444091797,,0.46659520268440247,,0.04156031087040901
,1336.0,4,5.848275759490207e-05,40749,,8.812224388122559,,1.4411537647247314,,0.46667537093162537,,0.04156224802136421
,1388.0,4,5.842758764629252e-05,40799,,13.764240264892578,,2.4055862426757812,,0.4667529761791229,,0.04155489429831505
,1336.0,4,5.837241405970417e-05,40849,,9.099556922912598,,1.5033149719238281,,0.46685439348220825,,0.041555751115083694
,1344.0,4,5.831724047311582e-05,40899,,16.376129150390625,,1.8836019039154053,,0.4669795334339142,,0.04155518859624863
,1348.0,4,5.826207052450627e-05,40949,,7.857606410980225,,1.3858683109283447,,0.4670798182487488,,0.04156213998794556
,1356.0,4,5.820689693791792e-05,40999,,22.575716018676758,,1.8349703550338745,,0.4671764671802521,,0.04156854748725891
,1372.0,4,5.8151723351329565e-05,41049,,12.796378135681152,,1.7965130805969238,,0.46728459000587463,,0.04157353937625885
,1388.0,4,5.809655340272002e-05,41099,,9.134241104125977,,1.6825445890426636,,0.46739038825035095,,0.0415802039206028
,1348.0,4,5.8041379816131666e-05,41149,,12.185554504394531,,1.4030417203903198,,0.4675258696079254,,0.04158802330493927
,1348.0,4,5.798620622954331e-05,41199,,12.040066719055176,,1.5030542612075806,,0.46761083602905273,,0.04159659892320633
,1332.0,4,5.793103628093377e-05,41249,,10.254790306091309,,1.7085707187652588,,0.4677136540412903,,0.04159795120358467
,1348.0,4,5.7875862694345415e-05,41299,,11.018475532531738,,1.5231491327285767,,0.46780410408973694,,0.0415918193757534
,1376.0,4,5.782068910775706e-05,41349,,11.052775382995605,,1.3730345964431763,,0.4679017663002014,,0.04160083830356598
,1376.0,4,5.776551552116871e-05,41399,,12.043096542358398,,1.7277615070343018,,0.4679984450340271,,0.04160425812005997
,1336.0,4,5.771034557255916e-05,41449,,8.857071876525879,,1.5901509523391724,,0.46810248494148254,,0.04161415994167328
,1372.0,4,5.765517198597081e-05,41499,,8.153867721557617,,1.7663954496383667,,0.4682113528251648,,0.04161949083209038
,1380.0,4,5.759999839938246e-05,41549,,18.229053497314453,,1.3895721435546875,,0.4683336615562439,,0.041622135788202286
,1328.0,4,5.754482845077291e-05,41599,,16.672119140625,,1.4920387268066406,,0.46840009093284607,,0.041619643568992615
,1364.0,4,5.748965486418456e-05,41649,,12.151723861694336,,1.7428895235061646,,0.46851852536201477,,0.04162019491195679
,1368.0,4,5.7434481277596205e-05,41699,,10.621320724487305,,1.486672043800354,,0.4686274230480194,,0.041611939668655396
,1336.0,4,5.737931132898666e-05,41749,,9.29731273651123,,1.64047110080719,,0.468727171421051,,0.04160882905125618
,1312.0,4,5.732413774239831e-05,41799,,14.296663284301758,,1.676074743270874,,0.4687992036342621,,0.041601166129112244
,1376.0,4,5.7268964155809954e-05,41849,,11.805158615112305,,1.9393353462219238,,0.4689393639564514,,0.04159662127494812
,1376.0,4,5.721379420720041e-05,41899,,9.152312278747559,,0.8310790657997131,,0.46906739473342896,,0.041608016937971115
,1344.0,4,5.7158620620612055e-05,41949,,13.13245964050293,,1.3557286262512207,,0.469155490398407,,0.04161391779780388
,1388.0,4,5.71034470340237e-05,41999,,7.458644866943359,,1.276066780090332,,0.46927520632743835,,0.041619062423706055
,1368.0,4,5.7048277085414156e-05,42049,,14.3003568649292,,2.185856580734253,,0.46937763690948486,,0.04162104055285454
,1364.0,4,5.6993103498825803e-05,42099,,17.28244400024414,,1.5635637044906616,,0.4695102572441101,,0.04161711409687996
,1368.0,4,5.693792991223745e-05,42149,,12.144076347351074,,1.5797843933105469,,0.4695858955383301,,0.04162321612238884
,1400.0,4,5.6882759963627905e-05,42199,,8.274974822998047,,1.3036988973617554,,0.4696914851665497,,0.041631102561950684
,1364.0,4,5.682758637703955e-05,42249,,9.228073120117188,,1.7486355304718018,,0.46976131200790405,,0.0416368693113327
,1340.0,4,5.67724127904512e-05,42299,,18.11866569519043,,1.3570150136947632,,0.46987059712409973,,0.041644953191280365
,1336.0,4,5.671724284184165e-05,42349,,14.768481254577637,,1.4111762046813965,,0.4699617922306061,,0.041647374629974365
,1344.0,4,5.66620692552533e-05,42399,,14.492986679077148,,1.9578759670257568,,0.47005292773246765,,0.041649118065834045
,1340.0,4,5.660689566866495e-05,42449,,13.9797945022583,,2.1010971069335938,,0.4701695442199707,,0.04165434092283249
,1356.0,4,5.65517257200554e-05,42499,,13.35082721710205,,1.8908381462097168,,0.4702531695365906,,0.041658855974674225
,1352.0,4,5.649655213346705e-05,42549,,14.706424713134766,,1.5606144666671753,,0.4703127145767212,,0.041672252118587494
,1332.0,4,5.6441378546878695e-05,42599,,15.351961135864258,,1.555065393447876,,0.4704170227050781,,0.0416807159781456
,1376.0,4,5.638620859826915e-05,42649,,6.999960899353027,,1.4416831731796265,,0.47051867842674255,,0.04169455170631409
,1348.0,4,5.63310350116808e-05,42699,,11.486797332763672,,1.4915956258773804,,0.47061699628829956,,0.04169393703341484
,1380.0,4,5.6275861425092444e-05,42749,,5.892852783203125,,1.4996623992919922,,0.47075366973876953,,0.04169990122318268
,1364.0,4,5.622068783850409e-05,42799,,12.622102737426758,,1.334463357925415,,0.4708516597747803,,0.04169869050383568
,1360.0,4,5.6165517889894545e-05,42849,,8.241280555725098,,1.7141951322555542,,0.470938503742218,,0.0417075976729393
,1364.0,4,5.611034430330619e-05,42899,,12.775390625,,1.661963701248169,,0.4710340201854706,,0.04170740395784378
,1372.0,4,5.605517071671784e-05,42949,,14.754643440246582,,1.2821482419967651,,0.471108615398407,,0.041715387254953384
,1364.0,4,5.6000000768108293e-05,42999,,13.642477989196777,,1.6058189868927002,,0.4711739122867584,,0.041717883199453354
,1340.0,4,5.594482718151994e-05,43049,,11.229145050048828,,1.4276915788650513,,0.471273273229599,,0.04171749949455261
,1360.0,4,5.588965359493159e-05,43099,,11.927000999450684,,1.3631012439727783,,0.4713841378688812,,0.0417175218462944
,1316.0,4,5.583448364632204e-05,43149,,8.449898719787598,,1.4970428943634033,,0.47147849202156067,,0.04172094538807869
,1364.0,4,5.577931005973369e-05,43199,,12.436168670654297,,1.8549340963363647,,0.47157302498817444,,0.0417243055999279
,1388.0,4,5.5724136473145336e-05,43249,,10.34935474395752,,1.7540816068649292,,0.47162795066833496,,0.041731107980012894
,1368.0,4,5.566896652453579e-05,43299,,11.06159782409668,,1.3592250347137451,,0.4717298746109009,,0.041734300553798676
,1352.0,4,5.561379293794744e-05,43349,,17.293415069580078,,1.8093799352645874,,0.4718213379383087,,0.04173552244901657
,1352.0,4,5.5558619351359084e-05,43399,,11.976358413696289,,1.251779556274414,,0.47191086411476135,,0.041733868420124054
,1384.0,4,5.550344940274954e-05,43449,,14.313645362854004,,1.5333913564682007,,0.47202637791633606,,0.04174298048019409
,1376.0,4,5.5448275816161186e-05,43499,,13.85916519165039,,1.830587387084961,,0.47216275334358215,,0.04174845665693283
,1360.0,4,5.539310222957283e-05,43549,,12.38683032989502,,1.4484442472457886,,0.47227466106414795,,0.0417587012052536
,1404.0,4,5.533793228096329e-05,43599,,13.975391387939453,,1.7209945917129517,,0.47236767411231995,,0.041768111288547516
,1344.0,4,5.5282758694374934e-05,43649,,6.588915824890137,,1.5029710531234741,,0.4724542796611786,,0.04177473112940788
,1376.0,4,5.522758510778658e-05,43699,,10.853679656982422,,1.4117344617843628,,0.472555011510849,,0.04177507013082504
,1404.0,4,5.5172415159177035e-05,43749,,12.771924018859863,,2.073467493057251,,0.4726269841194153,,0.04177701100707054
,1376.0,4,5.511724157258868e-05,43799,,16.015201568603516,,1.6577746868133545,,0.4727349877357483,,0.04177730530500412
,1324.0,4,5.506206798600033e-05,43849,,9.320648193359375,,1.2457330226898193,,0.4728529453277588,,0.04179013893008232
,1368.0,4,5.5006898037390783e-05,43899,,14.50062370300293,,1.5786625146865845,,0.4729527533054352,,0.0417940579354763
,1388.0,4,5.495172445080243e-05,43949,,13.667501449584961,,2.03802752494812,,0.4730550944805145,,0.04179874062538147
,1384.0,4,5.489655086421408e-05,43999,,14.385210990905762,,1.9392017126083374,,0.4731486737728119,,0.04179961979389191
,1364.0,4,5.484138091560453e-05,44049,,10.454689025878906,,1.6824134588241577,,0.47322627902030945,,0.04179759696125984
,1388.0,4,5.478620732901618e-05,44099,,12.744945526123047,,1.543562889099121,,0.47331473231315613,,0.041794318705797195
,1344.0,4,5.4731033742427826e-05,44149,,11.56551742553711,,1.8605252504348755,,0.47338613867759705,,0.04179932177066803
,1340.0,4,5.467586379381828e-05,44199,,20.78211212158203,,1.577750563621521,,0.4734792709350586,,0.041808050125837326
,1332.0,4,5.462069020722993e-05,44249,,8.632089614868164,,1.3744921684265137,,0.47353050112724304,,0.04181604087352753
,1372.0,4,5.4565516620641574e-05,44299,,13.452457427978516,,1.900789737701416,,0.47362852096557617,,0.04182060807943344
,1356.0,4,5.451034303405322e-05,44349,,6.79278564453125,,1.163755178451538,,0.4737192988395691,,0.04182996600866318
,1344.0,4,5.4455173085443676e-05,44399,,11.81345272064209,,1.5275219678878784,,0.4738079607486725,,0.04184376075863838
,1348.0,4,5.439999949885532e-05,44449,,14.836310386657715,,1.5659929513931274,,0.4738962948322296,,0.041851434856653214
,1344.0,4,5.434482591226697e-05,44499,,11.344407081604004,,1.9012371301651,,0.47399598360061646,,0.04186006262898445
,1344.0,4,5.4289655963657424e-05,44549,,11.423402786254883,,1.4624241590499878,,0.4740844964981079,,0.04186480492353439
,1352.0,4,5.423448237706907e-05,44599,,6.843760967254639,,0.908249020576477,,0.4741908311843872,,0.04186446964740753
,1332.0,4,5.417930879048072e-05,44649,,9.605230331420898,,1.5105252265930176,,0.4743000566959381,,0.041862852871418
,1376.0,4,5.412413884187117e-05,44699,,8.322547912597656,,1.6367172002792358,,0.47438186407089233,,0.041869282722473145
,1332.0,4,5.406896525528282e-05,44749,,17.466651916503906,,1.8791402578353882,,0.47448262572288513,,0.04187566041946411
,1372.0,4,5.4013791668694466e-05,44799,,10.455065727233887,,1.5121828317642212,,0.4745723605155945,,0.041881658136844635
,1380.0,4,5.395862172008492e-05,44849,,10.626435279846191,,1.7133804559707642,,0.4746473729610443,,0.041889406740665436
,1304.0,4,5.390344813349657e-05,44899,,10.697500228881836,,1.4833908081054688,,0.47472676634788513,,0.04189199209213257
,1392.0,4,5.3848274546908215e-05,44949,,8.261327743530273,,1.229019045829773,,0.47481444478034973,,0.041895363479852676
,1364.0,4,5.379310459829867e-05,44999,,13.455843925476074,,1.7466267347335815,,0.4748990535736084,,0.041898950934410095
,1368.0,4,5.3737931011710316e-05,45049,,13.6636962890625,,1.751043677330017,,0.4750104546546936,,0.04190518707036972
,1328.0,4,5.368275742512196e-05,45099,,14.6388521194458,,1.5074669122695923,,0.4751044511795044,,0.0419144406914711
,1384.0,4,5.362758747651242e-05,45149,,13.578953742980957,,1.8556594848632812,,0.4752349555492401,,0.041922710835933685
,1364.0,4,5.3572413889924064e-05,45199,,11.016613960266113,,2.1255486011505127,,0.47530996799468994,,0.04193088412284851
,1368.0,4,5.351724030333571e-05,45249,,9.962872505187988,,1.399863839149475,,0.4753815531730652,,0.041937243193387985
,1388.0,4,5.3462070354726166e-05,45299,,10.21268367767334,,1.676965594291687,,0.4754713177680969,,0.04194406792521477
,1348.0,4,5.340689676813781e-05,45349,,9.290139198303223,,1.481706976890564,,0.47557204961776733,,0.0419541634619236
,1336.0,4,5.335172318154946e-05,45399,,14.770134925842285,,1.264867901802063,,0.475687175989151,,0.041959017515182495
,1388.0,4,5.3296553232939914e-05,45449,,19.160737991333008,,1.653627634048462,,0.4757331907749176,,0.04196024313569069
,1344.0,4,5.324137964635156e-05,45499,,11.735710144042969,,1.6882669925689697,,0.4758087992668152,,0.04196024686098099
,1364.0,4,5.318620605976321e-05,45549,,12.639275550842285,,1.1958158016204834,,0.47588789463043213,,0.04195922985672951
,1324.0,4,5.313103611115366e-05,45599,,11.394196510314941,,1.62422776222229,,0.4759649634361267,,0.04195665940642357
,1356.0,4,5.307586252456531e-05,45649,,11.039565086364746,,1.7027369737625122,,0.4760628342628479,,0.04195708781480789
,1376.0,4,5.3020688937976956e-05,45699,,8.494483947753906,,1.315600037574768,,0.476155549287796,,0.04195571318268776
,1380.0,4,5.296551898936741e-05,45749,,12.187118530273438,,1.3343757390975952,,0.4762311279773712,,0.04195396229624748
,1352.0,4,5.291034540277906e-05,45799,,10.665477752685547,,1.6248676776885986,,0.4763028919696808,,0.04195206239819527
,1356.0,4,5.2855171816190705e-05,45849,,7.39410400390625,,1.4384511709213257,,0.47639432549476624,,0.04195445403456688
,1348.0,4,5.279999822960235e-05,45899,,8.758441925048828,,1.5395665168762207,,0.47647684812545776,,0.04195043072104454
,1340.0,4,5.2744828280992806e-05,45949,,12.287636756896973,,1.5829777717590332,,0.47655531764030457,,0.041961345821619034
,1356.0,4,5.268965469440445e-05,45999,,17.037811279296875,,1.8572875261306763,,0.47663944959640503,,0.04197042062878609
,1336.0,4,5.26344811078161e-05,46049,,7.131216526031494,,0.899625837802887,,0.4767252802848816,,0.041979264467954636
,1384.0,4,5.2579311159206554e-05,46099,,11.409482955932617,,2.251765012741089,,0.4768340587615967,,0.04199632629752159
,1352.0,4,5.25241375726182e-05,46149,,15.080474853515625,,1.8770885467529297,,0.47689610719680786,,0.04200273007154465
,1360.0,4,5.246896398602985e-05,46199,,7.268953323364258,,1.1057885885238647,,0.47698673605918884,,0.042013298720121384
,1408.0,4,5.24137940374203e-05,46249,,10.484780311584473,,1.4547256231307983,,0.47706496715545654,,0.04202495515346527
,1376.0,4,5.235862045083195e-05,46299,,14.06334400177002,,1.7134016752243042,,0.47715261578559875,,0.04203067719936371
,1352.0,4,5.23034468642436e-05,46349,,9.226990699768066,,0.9218747019767761,,0.4772295653820038,,0.04204130545258522
,1352.0,4,5.224827691563405e-05,46399,,14.867025375366211,,0.9527650475502014,,0.477338045835495,,0.04204893112182617
,1344.0,4,5.21931033290457e-05,46449,,11.598555564880371,,1.238946795463562,,0.4774273633956909,,0.04205560311675072
,1352.0,4,5.2137929742457345e-05,46499,,12.951300621032715,,1.4200166463851929,,0.477505624294281,,0.04206375405192375
,1352.0,4,5.20827597938478e-05,46549,,10.352583885192871,,1.6677309274673462,,0.47758007049560547,,0.04207247495651245
,1380.0,4,5.2027586207259446e-05,46599,,8.432784080505371,,0.6628406643867493,,0.47766056656837463,,0.042074527591466904
,1396.0,4,5.1972412620671093e-05,46649,,10.398603439331055,,1.417965292930603,,0.4777331054210663,,0.042088039219379425
,1384.0,4,5.191724267206155e-05,46699,,9.097518920898438,,1.6615122556686401,,0.47780781984329224,,0.0421014167368412
,1384.0,4,5.1862069085473195e-05,46749,,18.024831771850586,,2.10003924369812,,0.4778830409049988,,0.042116474360227585
,1384.0,4,5.180689549888484e-05,46799,,11.515511512756348,,1.954422116279602,,0.47793400287628174,,0.04214107617735863
,1384.0,4,5.1751725550275296e-05,46849,,18.284198760986328,,1.5537241697311401,,0.47799670696258545,,0.04215497151017189
,1352.0,4,5.169655196368694e-05,46899,,21.220266342163086,,1.2975338697433472,,0.4780801236629486,,0.042170967906713486
,1344.0,4,5.164137837709859e-05,46949,,7.542769432067871,,1.0631582736968994,,0.47818630933761597,,0.042187366634607315
,1376.0,4,5.1586208428489044e-05,46999,,10.055829048156738,,1.434477686882019,,0.4782801568508148,,0.042205166071653366
,1392.0,4,5.153103484190069e-05,47049,,9.9129638671875,,1.7392997741699219,,0.4783894121646881,,0.04222535341978073
,1336.0,4,5.147586125531234e-05,47099,,8.435491561889648,,1.4648079872131348,,0.4784916937351227,,0.04224478825926781
,1356.0,4,5.142069130670279e-05,47149,,13.030247688293457,,1.5906955003738403,,0.47856447100639343,,0.0422675684094429
,1364.0,4,5.136551772011444e-05,47199,,11.480142593383789,,1.363675594329834,,0.4786373972892761,,0.042284633964300156
,1380.0,4,5.131034413352609e-05,47249,,9.877842903137207,,1.9932434558868408,,0.47867515683174133,,0.04230184853076935
,1368.0,4,5.125517418491654e-05,47299,,8.952996253967285,,1.5349527597427368,,0.4787510931491852,,0.042321011424064636
,1340.0,4,5.120000059832819e-05,47349,,9.878874778747559,,1.9376665353775024,,0.47883254289627075,,0.042336221784353256
,1360.0,4,5.1144827011739835e-05,47399,,9.445363998413086,,1.1546512842178345,,0.4789373278617859,,0.04234917461872101
,1352.0,4,5.108965342515148e-05,47449,,13.436976432800293,,1.5905529260635376,,0.4790140390396118,,0.04236476123332977
,1380.0,4,5.1034483476541936e-05,47499,,10.789970397949219,,1.528060793876648,,0.47910454869270325,,0.04237619787454605
,1384.0,4,5.0979309889953583e-05,47549,,12.83951473236084,,1.321343183517456,,0.4791865944862366,,0.042380452156066895
,1376.0,4,5.092413630336523e-05,47599,,14.555413246154785,,1.402019739151001,,0.479277640581131,,0.042391665279865265
,1352.0,4,5.0868966354755685e-05,47649,,11.488432884216309,,1.7004492282867432,,0.47934645414352417,,0.04240667447447777
,1380.0,4,5.081379276816733e-05,47699,,15.55600643157959,,1.8303868770599365,,0.4794113039970398,,0.042420510202646255
,1364.0,4,5.075861918157898e-05,47749,,12.132547378540039,,1.2860487699508667,,0.4794859290122986,,0.04243488237261772
,1340.0,4,5.070344923296943e-05,47799,,9.208573341369629,,1.396978497505188,,0.4795684218406677,,0.04244757816195488
,1388.0,4,5.064827564638108e-05,47849,,9.825965881347656,,1.1611171960830688,,0.47964704036712646,,0.04245719686150551
,1356.0,4,5.059310205979273e-05,47899,,13.882405281066895,,1.7423405647277832,,0.4797123372554779,,0.042471155524253845
,1364.0,4,5.053793211118318e-05,47949,,10.863285064697266,,1.3847501277923584,,0.4798137843608856,,0.04247841238975525
,1372.0,4,5.048275852459483e-05,47999,,13.227143287658691,,1.3607356548309326,,0.4798935353755951,,0.04248884320259094
,1356.0,4,5.0427584938006476e-05,48049,,16.282398223876953,,1.6508500576019287,,0.4799889922142029,,0.04249647632241249
,1360.0,4,5.037241498939693e-05,48099,,9.539134979248047,,1.604972004890442,,0.48009026050567627,,0.042504940181970596
,1360.0,4,5.031724140280858e-05,48149,,11.00184154510498,,1.1942667961120605,,0.480159729719162,,0.04251984506845474
,1372.0,4,5.0262067816220224e-05,48199,,9.451742172241211,,1.3161760568618774,,0.4802536964416504,,0.042526453733444214
,1372.0,4,5.020689786761068e-05,48249,,12.285869598388672,,1.772312879562378,,0.48031288385391235,,0.042537420988082886
,1368.0,4,5.0151724281022325e-05,48299,,12.051496505737305,,1.6569138765335083,,0.4803963899612427,,0.04254569113254547
,1392.0,4,5.009655069443397e-05,48349,,11.718413352966309,,1.4986279010772705,,0.48047778010368347,,0.04255900904536247
,1376.0,4,5.0041380745824426e-05,48399,,10.859429359436035,,1.3735096454620361,,0.4805874526500702,,0.042572230100631714
,1356.0,4,4.9986207159236073e-05,48449,,8.662385940551758,,1.2883906364440918,,0.48066163063049316,,0.04258313775062561
,1376.0,4,4.993103357264772e-05,48499,,10.758115768432617,,1.5726497173309326,,0.4807385802268982,,0.04260212555527687
,1388.0,4,4.9875863624038175e-05,48549,,10.806657791137695,,1.4484602212905884,,0.48082318902015686,,0.042610954493284225
,1368.0,4,4.982069003744982e-05,48599,,11.224936485290527,,2.153308629989624,,0.48089006543159485,,0.04262464493513107
,1392.0,4,4.976551645086147e-05,48649,,11.181478500366211,,1.5159353017807007,,0.48096999526023865,,0.04263531044125557
,1332.0,4,4.971034650225192e-05,48699,,13.610974311828613,,1.1558887958526611,,0.48105472326278687,,0.042643651366233826
,1336.0,4,4.965517291566357e-05,48749,,15.034711837768555,,1.6395797729492188,,0.4811664819717407,,0.04265157878398895
,1376.0,4,4.959999932907522e-05,48799,,11.966448783874512,,1.4597578048706055,,0.481265127658844,,0.04266113042831421
,1360.0,4,4.954482938046567e-05,48849,,15.575767517089844,,1.4694373607635498,,0.4813549518585205,,0.04266711324453354
,1396.0,4,4.948965579387732e-05,48899,,24.869123458862305,,1.5424449443817139,,0.48143890500068665,,0.04268249496817589
,1328.0,4,4.9434482207288966e-05,48949,,12.40036678314209,,2.0244035720825195,,0.48151370882987976,,0.04270114749670029
,1376.0,4,4.937930862070061e-05,48999,,14.047662734985352,,1.4319580793380737,,0.48159727454185486,,0.04271097108721733
,1376.0,4,4.932413867209107e-05,49049,,14.995511054992676,,1.6063733100891113,,0.4816916882991791,,0.042721938341856
,1384.0,4,4.9268965085502714e-05,49099,,15.726702690124512,,2.003206968307495,,0.4817692041397095,,0.042734093964099884
,1368.0,4,4.921379149891436e-05,49149,,10.559913635253906,,1.8253521919250488,,0.4818283021450043,,0.04274052381515503
,1376.0,4,4.9158621550304815e-05,49199,,20.29753875732422,,1.750846028327942,,0.48192569613456726,,0.042743980884552
,1356.0,4,4.910344796371646e-05,49249,,11.457723617553711,,1.9867969751358032,,0.4820137023925781,,0.04274793714284897
,1348.0,4,4.904827437712811e-05,49299,,15.384157180786133,,1.6937206983566284,,0.4821320176124573,,0.042760107666254044
,1420.0,4,4.8993104428518564e-05,49349,,16.487741470336914,,1.6835509538650513,,0.4822060763835907,,0.042767658829689026
,1340.0,4,4.893793084193021e-05,49399,,8.71351432800293,,1.1287695169448853,,0.48230865597724915,,0.04277770593762398
,1328.0,4,4.888275725534186e-05,49449,,12.23361873626709,,1.1353306770324707,,0.48236989974975586,,0.04279009625315666
,1340.0,4,4.882758730673231e-05,49499,,10.983935356140137,,1.2612866163253784,,0.4824591875076294,,0.04279578477144241
,1356.0,4,4.877241372014396e-05,49549,,15.937689781188965,,1.338684320449829,,0.48255741596221924,,0.04280266538262367
,1420.0,4,4.8717240133555606e-05,49599,,13.361540794372559,,1.7678217887878418,,0.48264187574386597,,0.04280783608555794
,1384.0,4,4.866207018494606e-05,49649,,12.348115921020508,,1.6409823894500732,,0.4827151596546173,,0.04281557723879814
,1384.0,4,4.860689659835771e-05,49699,,12.505681037902832,,1.8474996089935303,,0.48280495405197144,,0.04282323643565178
,1376.0,4,4.8551723011769354e-05,49749,,9.873519897460938,,1.1780078411102295,,0.48287540674209595,,0.042832151055336
,1372.0,4,4.849655306315981e-05,49799,,11.938821792602539,,1.3100194931030273,,0.4829801917076111,,0.042832572013139725
,1356.0,4,4.8441379476571456e-05,49849,,12.343260765075684,,1.6282501220703125,,0.4830639660358429,,0.04283856600522995
,1372.0,4,4.83862058899831e-05,49899,,18.140621185302734,,1.7413867712020874,,0.4831605851650238,,0.04283726587891579
,1384.0,4,4.833103594137356e-05,49949,,11.92910099029541,,1.2000820636749268,,0.48324739933013916,,0.04284396022558212
,1408.0,4,4.8275862354785204e-05,49999,,15.095345497131348,,1.735128402709961,,0.48333293199539185,,0.04284801334142685
,1348.0,4,4.822068876819685e-05,50049,,11.606769561767578,,1.6017001867294312,,0.4834193289279938,,0.04285764321684837
,1308.0,4,4.8165518819587305e-05,50099,,10.77164077758789,,1.3370999097824097,,0.4834957420825958,,0.042874593287706375
,1384.0,4,4.811034523299895e-05,50149,,12.542976379394531,,1.7027941942214966,,0.4835943877696991,,0.04288339987397194
1365.3489990234375,,4,,50160,12.268123626708984,,1.5707228183746338,,0.4749029874801636,,0.042038869112730026,
,1360.0,5,4.80551716464106e-05,50199,,14.145142555236816,,1.3264515399932861,,0.48367616534233093,,0.042895540595054626
,1312.0,5,4.8000001697801054e-05,50249,,17.1744441986084,,1.789785623550415,,0.48377227783203125,,0.04290126636624336
,1340.0,5,4.79448281112127e-05,50299,,10.42460823059082,,1.2825696468353271,,0.483854204416275,,0.04290487989783287
,1344.0,5,4.788965452462435e-05,50349,,9.841964721679688,,1.1750714778900146,,0.4839426875114441,,0.04291127622127533
,1380.0,5,4.78344845760148e-05,50399,,12.022598266601562,,1.7863743305206299,,0.48403432965278625,,0.04291413724422455
,1376.0,5,4.777931098942645e-05,50449,,16.65032386779785,,1.6609388589859009,,0.48411694169044495,,0.04292437806725502
,1328.0,5,4.7724137402838096e-05,50499,,9.069964408874512,,1.3552262783050537,,0.4842076301574707,,0.04293079674243927
,1372.0,5,4.766896381624974e-05,50549,,21.94873046875,,2.002497911453247,,0.48427483439445496,,0.042937591671943665
,1372.0,5,4.76137938676402e-05,50599,,15.922879219055176,,1.2761460542678833,,0.48438015580177307,,0.042951423674821854
,1380.0,5,4.7558620281051844e-05,50649,,10.542143821716309,,1.7372831106185913,,0.48446977138519287,,0.042959071695804596
,1360.0,5,4.750344669446349e-05,50699,,11.509531021118164,,1.1432605981826782,,0.4845765233039856,,0.04296636953949928
,1380.0,5,4.7448276745853946e-05,50749,,12.946219444274902,,1.4313507080078125,,0.4846576750278473,,0.04297385737299919
,1308.0,5,4.739310315926559e-05,50799,,9.626968383789062,,1.2014834880828857,,0.4847404658794403,,0.04298533871769905
,1368.0,5,4.733792957267724e-05,50849,,12.987875938415527,,1.3841185569763184,,0.484835684299469,,0.04299910366535187
,1324.0,5,4.7282759624067694e-05,50899,,14.456283569335938,,1.6553175449371338,,0.4849107265472412,,0.043004170060157776
,1352.0,5,4.722758603747934e-05,50949,,12.00013256072998,,1.4644312858581543,,0.4850023686885834,,0.04301680251955986
,1368.0,5,4.717241245089099e-05,50999,,7.2917890548706055,,1.0023529529571533,,0.48511433601379395,,0.04302440211176872
,1376.0,5,4.711724250228144e-05,51049,,9.669378280639648,,1.3015426397323608,,0.4852096438407898,,0.04303315654397011
,1364.0,5,4.706206891569309e-05,51099,,13.79371166229248,,1.515137791633606,,0.4852582514286041,,0.04304419830441475
,1352.0,5,4.7006895329104736e-05,51149,,13.916057586669922,,1.6428208351135254,,0.48534056544303894,,0.04305790364742279
,1372.0,5,4.695172538049519e-05,51199,,13.776074409484863,,1.4002119302749634,,0.48543521761894226,,0.04306775704026222
,1336.0,5,4.689655179390684e-05,51249,,14.472105026245117,,1.461859941482544,,0.4855293929576874,,0.04308002069592476
,1404.0,5,4.6841378207318485e-05,51299,,11.395853996276855,,1.722859501838684,,0.4856230318546295,,0.04309028014540672
,1388.0,5,4.678620825870894e-05,51349,,9.690983772277832,,1.2690253257751465,,0.4857204556465149,,0.04310308024287224
,1336.0,5,4.6731034672120586e-05,51399,,17.7213077545166,,1.4172637462615967,,0.4857984483242035,,0.043108981102705
,1348.0,5,4.667586108553223e-05,51449,,17.081056594848633,,1.4005991220474243,,0.48589184880256653,,0.04312058538198471
,1392.0,5,4.662069113692269e-05,51499,,13.146758079528809,,1.7816921472549438,,0.48597952723503113,,0.043126583099365234
,1340.0,5,4.6565517550334334e-05,51549,,11.09666919708252,,1.5124670267105103,,0.4860907196998596,,0.043143291026353836
,1324.0,5,4.651034396374598e-05,51599,,8.97089672088623,,1.292280912399292,,0.4861828684806824,,0.04315812513232231
,1324.0,5,4.6455174015136436e-05,51649,,10.129727363586426,,1.430275321006775,,0.48626744747161865,,0.04317176342010498
,1352.0,5,4.640000042854808e-05,51699,,14.058828353881836,,1.6242672204971313,,0.48634451627731323,,0.043181367218494415
,1356.0,5,4.634482684195973e-05,51749,,22.348482131958008,,1.7665677070617676,,0.4864291846752167,,0.04319598525762558
,1384.0,5,4.6289656893350184e-05,51799,,8.722270965576172,,1.456606149673462,,0.4865010976791382,,0.043208830058574677
,1336.0,5,4.623448330676183e-05,51849,,18.023162841796875,,1.7094974517822266,,0.4865822196006775,,0.043226033449172974
,1372.0,5,4.617930972017348e-05,51899,,11.726804733276367,,1.404005527496338,,0.48666274547576904,,0.04323989152908325
,1336.0,5,4.6124136133585125e-05,51949,,13.181931495666504,,1.771550178527832,,0.4867555499076843,,0.04325210675597191
,1392.0,5,4.606896618497558e-05,51999,,12.90276050567627,,1.4630016088485718,,0.4868440330028534,,0.04325456544756889
,1388.0,5,4.6013792598387226e-05,52049,,12.645956039428711,,1.6317143440246582,,0.4869299530982971,,0.043266478925943375
,1368.0,5,4.5958619011798874e-05,52099,,15.809571266174316,,2.097445249557495,,0.48701825737953186,,0.04327922686934471
,1376.0,5,4.590344906318933e-05,52149,,8.371406555175781,,1.051336646080017,,0.4870798587799072,,0.043289486318826675
,1372.0,5,4.5848275476600975e-05,52199,,15.4987154006958,,1.7558889389038086,,0.4871367812156677,,0.04330368712544441
,1360.0,5,4.579310189001262e-05,52249,,9.793119430541992,,1.3389818668365479,,0.4872058629989624,,0.043317992240190506
,1328.0,5,4.5737931941403076e-05,52299,,13.124385833740234,,1.3290472030639648,,0.48730406165122986,,0.04332297667860985
,1348.0,5,4.568275835481472e-05,52349,,18.69629669189453,,1.2160121202468872,,0.48739346861839294,,0.04334161803126335
,1344.0,5,4.562758476822637e-05,52399,,12.589457511901855,,1.805303692817688,,0.48746544122695923,,0.04335731267929077
,1300.0,5,4.5572414819616824e-05,52449,,20.22723388671875,,1.749311089515686,,0.48755666613578796,,0.04336842522025108
,1368.0,5,4.551724123302847e-05,52499,,13.330591201782227,,1.4230905771255493,,0.4876568019390106,,0.043386705219745636
,1360.0,5,4.546206764644012e-05,52549,,20.799924850463867,,1.558939814567566,,0.4877321422100067,,0.04339669644832611
,1392.0,5,4.540689769783057e-05,52599,,14.945100784301758,,1.6806068420410156,,0.48780515789985657,,0.043405815958976746
,1336.0,5,4.535172411124222e-05,52649,,9.929092407226562,,1.2999141216278076,,0.48789310455322266,,0.04342115297913551
,1348.0,5,4.529655052465387e-05,52699,,15.552602767944336,,1.8151286840438843,,0.4879705309867859,,0.04343461990356445
,1356.0,5,4.524138057604432e-05,52749,,9.945425033569336,,1.4994553327560425,,0.4880220293998718,,0.04344664514064789
,1360.0,5,4.518620698945597e-05,52799,,13.01138687133789,,1.4406930208206177,,0.4881003499031067,,0.043459732085466385
,1356.0,5,4.5131033402867615e-05,52849,,14.009815216064453,,1.5163098573684692,,0.4881814122200012,,0.043470315635204315
,1336.0,5,4.507586345425807e-05,52899,,12.902764320373535,,1.3241997957229614,,0.4882631003856659,,0.04348612204194069
,1380.0,5,4.5020689867669716e-05,52949,,12.845135688781738,,1.9144543409347534,,0.4883517324924469,,0.043496206402778625
,1360.0,5,4.4965516281081364e-05,52999,,14.951353073120117,,1.8592288494110107,,0.4884103834629059,,0.04350350797176361
,1356.0,5,4.491034633247182e-05,53049,,9.457122802734375,,1.7191102504730225,,0.48850399255752563,,0.043511275202035904
,1384.0,5,4.4855172745883465e-05,53099,,15.341408729553223,,1.8220876455307007,,0.48857581615448,,0.04351923614740372
,1356.0,5,4.479999915929511e-05,53149,,16.94850730895996,,1.6684390306472778,,0.48865875601768494,,0.04352859407663345
,1376.0,5,4.4744829210685566e-05,53199,,18.993568420410156,,1.6265171766281128,,0.48875758051872253,,0.043529972434043884
,1344.0,5,4.468965562409721e-05,53249,,15.08240032196045,,1.7417566776275635,,0.48880526423454285,,0.04353388398885727
,1336.0,5,4.463448203750886e-05,53299,,15.434000968933105,,1.3697954416275024,,0.4888964295387268,,0.04353542998433113
,1364.0,5,4.4579312088899314e-05,53349,,12.438638687133789,,1.1589690446853638,,0.4889990985393524,,0.043536413460969925
,1392.0,5,4.452413850231096e-05,53399,,14.957115173339844,,1.4676622152328491,,0.4891088902950287,,0.043533917516469955
,1356.0,5,4.446896491572261e-05,53449,,15.257736206054688,,1.652712106704712,,0.4891955852508545,,0.04353781044483185
,1392.0,5,4.4413791329134256e-05,53499,,11.395435333251953,,1.3068925142288208,,0.4892759323120117,,0.043541714549064636
,1344.0,5,4.435862138052471e-05,53549,,9.019704818725586,,1.498477578163147,,0.4893736243247986,,0.04354257881641388
,1376.0,5,4.430344779393636e-05,53599,,21.979639053344727,,1.5157350301742554,,0.4894523322582245,,0.04354648292064667
,1364.0,5,4.4248274207348004e-05,53649,,9.58415412902832,,1.4235754013061523,,0.4895367920398712,,0.04354821890592575
,1396.0,5,4.419310425873846e-05,53699,,10.153132438659668,,1.402316927909851,,0.48962709307670593,,0.043545983731746674
,1340.0,5,4.4137930672150105e-05,53749,,12.226510047912598,,1.7785803079605103,,0.4897216260433197,,0.043548744171857834
,1360.0,5,4.408275708556175e-05,53799,,9.905041694641113,,1.2225247621536255,,0.4898046553134918,,0.04354873299598694
,1364.0,5,4.4027587136952206e-05,53849,,12.28678035736084,,1.3621152639389038,,0.48985594511032104,,0.043546855449676514
,1368.0,5,4.3972413550363854e-05,53899,,15.89216423034668,,1.6849881410598755,,0.4899337887763977,,0.043547287583351135
,1368.0,5,4.39172399637755e-05,53949,,8.552339553833008,,1.3583602905273438,,0.4900244176387787,,0.04355080425739288
,1372.0,5,4.3862070015165955e-05,53999,,7.829888343811035,,1.0192075967788696,,0.49011021852493286,,0.04355680197477341
,1384.0,5,4.38068964285776e-05,54049,,10.358098983764648,,1.5221446752548218,,0.4901953637599945,,0.04355940222740173
,1352.0,5,4.375172284198925e-05,54099,,12.795331954956055,,1.6919188499450684,,0.49027183651924133,,0.04356197640299797
,1352.0,5,4.36965528933797e-05,54149,,10.886473655700684,,1.4162284135818481,,0.4903518557548523,,0.043565500527620316
,1396.0,5,4.364137930679135e-05,54199,,13.71560001373291,,1.5295326709747314,,0.4904329478740692,,0.04356909543275833
,1388.0,5,4.3586205720203e-05,54249,,14.295050621032715,,1.726400375366211,,0.49050983786582947,,0.04357411712408066
,1376.0,5,4.353103577159345e-05,54299,,12.161696434020996,,1.4416730403900146,,0.490605890750885,,0.04357808083295822
,1332.0,5,4.34758621850051e-05,54349,,12.763270378112793,,1.1754099130630493,,0.49068811535835266,,0.04358292743563652
,1344.0,5,4.3420688598416746e-05,54399,,10.00730037689209,,1.4720710515975952,,0.4907701909542084,,0.04358721151947975
,1380.0,5,4.33655186498072e-05,54449,,10.284008026123047,,1.1726486682891846,,0.49084916710853577,,0.0435917042195797
,1360.0,5,4.331034506321885e-05,54499,,12.050942420959473,,1.5254510641098022,,0.49095794558525085,,0.043597325682640076
,1372.0,5,4.3255171476630494e-05,54549,,10.880393981933594,,1.60946786403656,,0.49104732275009155,,0.043596599251031876
,1380.0,5,4.320000152802095e-05,54599,,15.159276008605957,,1.7916477918624878,,0.49110257625579834,,0.04360359534621239
,1336.0,5,4.3144827941432595e-05,54649,,19.503223419189453,,1.622035264968872,,0.4911808371543884,,0.0436103455722332
,1344.0,5,4.308965435484424e-05,54699,,8.730354309082031,,1.0662082433700562,,0.491257905960083,,0.043616440147161484
,1372.0,5,4.3034484406234697e-05,54749,,12.966522216796875,,1.4907066822052002,,0.4913344085216522,,0.04362264275550842
,1392.0,5,4.2979310819646344e-05,54799,,11.040566444396973,,2.091757297515869,,0.4914110600948334,,0.04362375661730766
,1376.0,5,4.292413723305799e-05,54849,,14.107304573059082,,1.6822165250778198,,0.49150609970092773,,0.04362497478723526
,1384.0,5,4.2868967284448445e-05,54899,,14.061671257019043,,1.848032832145691,,0.49158263206481934,,0.043630316853523254
,1364.0,5,4.281379369786009e-05,54949,,9.242115020751953,,1.2977874279022217,,0.49167099595069885,,0.043636493384838104
,1392.0,5,4.275862011127174e-05,54999,,9.789463996887207,,1.5366437435150146,,0.49175208806991577,,0.043645523488521576
,1328.0,5,4.2703446524683386e-05,55049,,10.612696647644043,,1.5044485330581665,,0.49182701110839844,,0.043652184307575226
,1388.0,5,4.264827657607384e-05,55099,,9.203272819519043,,1.2411154508590698,,0.4919065535068512,,0.04365471750497818
,1376.0,5,4.259310298948549e-05,55149,,10.843374252319336,,1.508109211921692,,0.4920049011707306,,0.04366146773099899
,1356.0,5,4.2537929402897134e-05,55199,,12.26123332977295,,1.5260846614837646,,0.492099404335022,,0.043669503182172775
,1356.0,5,4.248275945428759e-05,55249,,13.304844856262207,,1.373715877532959,,0.49216583371162415,,0.043675296008586884
,1388.0,5,4.2427585867699236e-05,55299,,14.419829368591309,,1.3428071737289429,,0.49222126603126526,,0.043676942586898804
,1352.0,5,4.237241228111088e-05,55349,,15.872611045837402,,1.9698688983917236,,0.49229365587234497,,0.04368238523602486
,1384.0,5,4.231724233250134e-05,55399,,12.321884155273438,,1.4897254705429077,,0.4923858046531677,,0.04368337243795395
,1372.0,5,4.2262068745912984e-05,55449,,12.770758628845215,,1.3144066333770752,,0.4924865961074829,,0.04368666186928749
,1384.0,5,4.220689515932463e-05,55499,,17.837230682373047,,1.5832810401916504,,0.4925510287284851,,0.043693263083696365
,1352.0,5,4.2151725210715085e-05,55549,,12.999225616455078,,1.381438970565796,,0.4926323890686035,,0.043701961636543274
,1396.0,5,4.209655162412673e-05,55599,,12.355359077453613,,1.2435694932937622,,0.4927120506763458,,0.043711863458156586
,1356.0,5,4.204137803753838e-05,55649,,13.7340669631958,,1.3030139207839966,,0.49279287457466125,,0.04372454434633255
,1372.0,5,4.1986208088928834e-05,55699,,12.925077438354492,,1.5499351024627686,,0.4928538501262665,,0.04373020678758621
,1384.0,5,4.193103450234048e-05,55749,,14.438002586364746,,1.250029444694519,,0.49292054772377014,,0.04373644292354584
,1344.0,5,4.187586091575213e-05,55799,,14.524739265441895,,1.3663355112075806,,0.49299687147140503,,0.043744172900915146
,1360.0,5,4.182069096714258e-05,55849,,11.148615837097168,,1.4719927310943604,,0.493081271648407,,0.0437580868601799
,1348.0,5,4.176551738055423e-05,55899,,26.850893020629883,,1.970623254776001,,0.4931454062461853,,0.04376724734902382
,1368.0,5,4.1710343793965876e-05,55949,,11.832465171813965,,1.2670059204101562,,0.4932270646095276,,0.04377611726522446
,1356.0,5,4.165517384535633e-05,55999,,12.31126594543457,,1.3051799535751343,,0.49329933524131775,,0.043782997876405716
,1352.0,5,4.160000025876798e-05,56049,,12.52721881866455,,1.3930953741073608,,0.4933784604072571,,0.043789103627204895
,1384.0,5,4.1544826672179624e-05,56099,,11.95926570892334,,1.6277430057525635,,0.4934334456920624,,0.04379536211490631
,1368.0,5,4.148965672357008e-05,56149,,15.587125778198242,,1.2935820817947388,,0.49350786209106445,,0.04380152374505997
,1360.0,5,4.1434483136981726e-05,56199,,10.673624038696289,,1.3221783638000488,,0.4935612380504608,,0.04381191357970238
,1388.0,5,4.137930955039337e-05,56249,,13.251448631286621,,1.7987490892410278,,0.4936424493789673,,0.04382357746362686
,1352.0,5,4.132413960178383e-05,56299,,11.301738739013672,,1.410292387008667,,0.4937087297439575,,0.04383350536227226
,1364.0,5,4.1268966015195474e-05,56349,,12.132437705993652,,1.4407051801681519,,0.4937935769557953,,0.04384411498904228
,1356.0,5,4.121379242860712e-05,56399,,11.276708602905273,,1.4721286296844482,,0.4938424229621887,,0.04385629668831825
,1360.0,5,4.1158622479997575e-05,56449,,14.153146743774414,,1.3720687627792358,,0.4939254820346832,,0.04386575520038605
,1360.0,5,4.110344889340922e-05,56499,,9.527700424194336,,1.5050773620605469,,0.49400511384010315,,0.04387162625789642
,1388.0,5,4.104827530682087e-05,56549,,13.638106346130371,,1.477497935295105,,0.4940769374370575,,0.0438833050429821
,1368.0,5,4.0993101720232517e-05,56599,,14.06370735168457,,1.530931830406189,,0.494145005941391,,0.04389134421944618
,1388.0,5,4.093793177162297e-05,56649,,12.585732460021973,,1.3346995115280151,,0.49421119689941406,,0.04390542581677437
,1384.0,5,4.088275818503462e-05,56699,,9.739375114440918,,1.4393353462219238,,0.49429282546043396,,0.04392120614647865
,1364.0,5,4.0827584598446265e-05,56749,,12.25883674621582,,1.5216553211212158,,0.49434894323349,,0.04393244534730911
,1320.0,5,4.077241464983672e-05,56799,,11.1459379196167,,1.5853317975997925,,0.4944230318069458,,0.043942324817180634
,1376.0,5,4.0717241063248366e-05,56849,,11.064399719238281,,1.6656498908996582,,0.494500994682312,,0.04394865408539772
,1372.0,5,4.066206747666001e-05,56899,,15.727639198303223,,1.6490062475204468,,0.49458372592926025,,0.043960604816675186
,1360.0,5,4.060689752805047e-05,56949,,11.519179344177246,,1.2962816953659058,,0.4946751892566681,,0.04396849125623703
,1404.0,5,4.0551723941462114e-05,56999,,13.000015258789062,,1.5863761901855469,,0.4947488605976105,,0.04397967830300331
,1328.0,5,4.049655035487376e-05,57049,,11.12105655670166,,1.2946780920028687,,0.4948250651359558,,0.04398958012461662
,1392.0,5,4.0441380406264216e-05,57099,,12.540153503417969,,1.6423578262329102,,0.49491289258003235,,0.04399615898728371
,1388.0,5,4.038620681967586e-05,57149,,12.457359313964844,,1.6575946807861328,,0.49498066306114197,,0.04400330036878586
,1396.0,5,4.033103323308751e-05,57199,,21.478891372680664,,1.5368633270263672,,0.4950636625289917,,0.04401034489274025
,1376.0,5,4.0275863284477964e-05,57249,,13.923055648803711,,1.3405447006225586,,0.495151549577713,,0.04401860386133194
,1360.0,5,4.022068969788961e-05,57299,,9.904141426086426,,1.115767478942871,,0.49523067474365234,,0.04402735084295273
,1300.0,5,4.016551611130126e-05,57349,,10.793866157531738,,1.5803313255310059,,0.4953273832798004,,0.04403940960764885
,1380.0,5,4.011034616269171e-05,57399,,10.44265079498291,,1.3489017486572266,,0.49541035294532776,,0.04404754564166069
,1380.0,5,4.005517257610336e-05,57449,,12.402446746826172,,1.2604268789291382,,0.4954918324947357,,0.044057536870241165
,1340.0,5,3.9999998989515007e-05,57499,,12.14627456665039,,1.3459750413894653,,0.49557799100875854,,0.04406929388642311
,1364.0,5,3.994482904090546e-05,57549,,23.303577423095703,,1.6604492664337158,,0.4956527650356293,,0.04408125579357147
,1408.0,5,3.988965545431711e-05,57599,,11.69176197052002,,1.7231847047805786,,0.49571099877357483,,0.04409032687544823
,1356.0,5,3.9834481867728755e-05,57649,,17.649015426635742,,1.9102684259414673,,0.4957825243473053,,0.04409819841384888
,1396.0,5,3.977931191911921e-05,57699,,12.902057647705078,,1.532631278038025,,0.49584972858428955,,0.0441046804189682
,1372.0,5,3.9724138332530856e-05,57749,,12.763556480407715,,1.6116033792495728,,0.4959104657173157,,0.04411357641220093
,1352.0,5,3.96689647459425e-05,57799,,18.37289810180664,,1.313346266746521,,0.49600091576576233,,0.04412218928337097
,1344.0,5,3.961379479733296e-05,57849,,12.987385749816895,,1.76739501953125,,0.49608251452445984,,0.044126663357019424
,1364.0,5,3.9558621210744604e-05,57899,,14.475029945373535,,1.6414110660552979,,0.49615517258644104,,0.04413430765271187
,1332.0,5,3.950344762415625e-05,57949,,9.032750129699707,,1.1691198348999023,,0.49621251225471497,,0.04413946345448494
,1368.0,5,3.9448277675546706e-05,57999,,19.708602905273438,,1.6778284311294556,,0.49627500772476196,,0.04414450377225876
,1368.0,5,3.939310408895835e-05,58049,,16.818758010864258,,1.7315561771392822,,0.49634677171707153,,0.044152844697237015
,1300.0,5,3.933793050237e-05,58099,,13.70930004119873,,1.4549278020858765,,0.496420681476593,,0.044158242642879486
,1384.0,5,3.928275691578165e-05,58149,,10.04069709777832,,1.0857044458389282,,0.49650949239730835,,0.044161971658468246
,1364.0,5,3.92275869671721e-05,58199,,17.327070236206055,,1.636839509010315,,0.49657171964645386,,0.044167786836624146
,1352.0,5,3.917241338058375e-05,58249,,12.341794967651367,,1.883772611618042,,0.49661943316459656,,0.04417239874601364
,1328.0,5,3.9117239793995395e-05,58299,,14.569376945495605,,1.295220971107483,,0.4966880679130554,,0.044175706803798676
,1392.0,5,3.906206984538585e-05,58349,,10.658304214477539,,1.4852429628372192,,0.4967505633831024,,0.044183701276779175
,1360.0,5,3.9006896258797497e-05,58399,,20.979482650756836,,1.765974521636963,,0.49681800603866577,,0.044184230268001556
,1364.0,5,3.8951722672209144e-05,58449,,17.66602897644043,,1.608284592628479,,0.49689781665802,,0.04418554529547691
,1364.0,5,3.88965527235996e-05,58499,,14.835254669189453,,1.5194737911224365,,0.4969913363456726,,0.04418804123997688
,1368.0,5,3.8841379137011245e-05,58549,,13.624531745910645,,1.4544323682785034,,0.49708449840545654,,0.044191982597112656
,1372.0,5,3.878620555042289e-05,58599,,11.474052429199219,,1.443591594696045,,0.4971514642238617,,0.044201575219631195
,1376.0,5,3.8731035601813346e-05,58649,,12.51339340209961,,1.6812652349472046,,0.4972086250782013,,0.044208966195583344
,1380.0,5,3.867586201522499e-05,58699,,12.58384895324707,,1.4672304391860962,,0.49728816747665405,,0.04421890527009964
,1360.0,5,3.862068842863664e-05,58749,,16.09585189819336,,1.7467427253723145,,0.49736377596855164,,0.04422857612371445
,1344.0,5,3.8565518480027094e-05,58799,,15.45689868927002,,1.4948995113372803,,0.4974461793899536,,0.0442328080534935
,1328.0,5,3.851034489343874e-05,58849,,20.258289337158203,,1.7249338626861572,,0.49750658869743347,,0.044239457696676254
,1368.0,5,3.845517130685039e-05,58899,,10.92868709564209,,1.1941988468170166,,0.4975948631763458,,0.044249024242162704
,1396.0,5,3.840000135824084e-05,58949,,11.164630889892578,,1.4347519874572754,,0.49767065048217773,,0.044259246438741684
,1364.0,5,3.834482777165249e-05,58999,,21.6129207611084,,1.569499135017395,,0.49774494767189026,,0.0442691370844841
,1392.0,5,3.828965418506414e-05,59049,,13.301197052001953,,1.660567045211792,,0.4978371262550354,,0.044277943670749664
,1372.0,5,3.823448423645459e-05,59099,,24.330921173095703,,1.696338176727295,,0.49791082739830017,,0.0442856028676033
,1380.0,5,3.817931064986624e-05,59149,,9.841374397277832,,1.2637004852294922,,0.4979822039604187,,0.044294606894254684
,1340.0,5,3.8124137063277885e-05,59199,,12.601421356201172,,1.3534657955169678,,0.4980640113353729,,0.04430423304438591
,1372.0,5,3.806896711466834e-05,59249,,15.34168529510498,,1.4314680099487305,,0.4981406033039093,,0.044311847537755966
,1360.0,5,3.8013793528079987e-05,59299,,13.167950630187988,,1.7620224952697754,,0.49820441007614136,,0.04431936517357826
,1356.0,5,3.7958619941491634e-05,59349,,13.321436882019043,,1.558881402015686,,0.4982684254646301,,0.04432344436645508
,1368.0,5,3.790344999288209e-05,59399,,19.308942794799805,,1.6036169528961182,,0.4983508586883545,,0.04432506114244461
,1396.0,5,3.7848276406293735e-05,59449,,14.463913917541504,,1.2764105796813965,,0.4984248876571655,,0.044329699128866196
,1380.0,5,3.779310281970538e-05,59499,,13.470843315124512,,1.681275486946106,,0.4984881281852722,,0.044334109872579575
,1384.0,5,3.773792923311703e-05,59549,,12.485485076904297,,1.558253288269043,,0.49857982993125916,,0.04433989152312279
,1388.0,5,3.768275928450748e-05,59599,,13.695601463317871,,1.3056907653808594,,0.4986268877983093,,0.04434655234217644
,1344.0,5,3.762758569791913e-05,59649,,12.64156436920166,,1.3148795366287231,,0.49867722392082214,,0.04434666037559509
,1336.0,5,3.757241211133078e-05,59699,,13.964275360107422,,1.394389033317566,,0.49874621629714966,,0.04434698447585106
,1360.0,5,3.751724216272123e-05,59749,,13.952637672424316,,1.18045973777771,,0.4988340437412262,,0.04434676468372345
,1436.0,5,3.746206857613288e-05,59799,,7.44703483581543,,1.209118366241455,,0.49890395998954773,,0.04434975981712341
,1360.0,5,3.7406894989544526e-05,59849,,15.700522422790527,,1.9138723611831665,,0.4989505410194397,,0.04435773938894272
,1392.0,5,3.735172504093498e-05,59899,,11.113775253295898,,1.576085090637207,,0.4990096986293793,,0.04435662552714348
,1364.0,5,3.729655145434663e-05,59949,,18.124380111694336,,1.292162537574768,,0.49909618496894836,,0.04435548558831215
,1372.0,5,3.7241377867758274e-05,59999,,11.683393478393555,,1.6378495693206787,,0.49915748834609985,,0.044356223195791245
,1336.0,5,3.718620791914873e-05,60049,,19.910982131958008,,1.8682419061660767,,0.49922478199005127,,0.044355228543281555
,1380.0,5,3.7131034332560375e-05,60099,,13.007491111755371,,1.482231616973877,,0.4993138313293457,,0.04435582458972931
,1396.0,5,3.707586074597202e-05,60149,,22.083200454711914,,1.7685489654541016,,0.49937331676483154,,0.04436095431447029
1365.666259765625,,5,,60192,13.26990032196045,,1.4711692333221436,,0.49183768033981323,,0.043702345341444016,
,1336.0,6,3.7020690797362477e-05,60199,,10.999372482299805,,1.2749876976013184,,0.4994509816169739,,0.04436412453651428
,1308.0,6,3.6965517210774124e-05,60249,,16.171173095703125,,1.6885945796966553,,0.4995289444923401,,0.04437364637851715
,1368.0,6,3.691034362418577e-05,60299,,21.040843963623047,,1.4410978555679321,,0.4996036887168884,,0.044379472732543945
,1380.0,6,3.6855173675576225e-05,60349,,16.506601333618164,,1.8763720989227295,,0.49967247247695923,,0.044384345412254333
,1360.0,6,3.680000008898787e-05,60399,,12.298157691955566,,1.7203912734985352,,0.4997355341911316,,0.04439123719930649
,1388.0,6,3.674482650239952e-05,60449,,10.143997192382812,,1.0876109600067139,,0.4998016357421875,,0.04439741000533104
,1364.0,6,3.668965655378997e-05,60499,,9.743049621582031,,1.6116786003112793,,0.49987658858299255,,0.04440461844205856
,1352.0,6,3.663448296720162e-05,60549,,12.289650917053223,,1.2920222282409668,,0.49995192885398865,,0.04441157728433609
,1352.0,6,3.657930938061327e-05,60599,,12.844234466552734,,2.039626359939575,,0.500017523765564,,0.04441861808300018
,1408.0,6,3.652413943200372e-05,60649,,15.050654411315918,,1.7619010210037231,,0.5000856518745422,,0.04442325606942177
,1356.0,6,3.646896584541537e-05,60699,,10.171798706054688,,1.880611777305603,,0.5001491904258728,,0.04442697390913963
,1376.0,6,3.6413792258827016e-05,60749,,10.173918724060059,,1.4318459033966064,,0.500232994556427,,0.0444321371614933
,1360.0,6,3.635862231021747e-05,60799,,14.531730651855469,,1.5583159923553467,,0.5003257393836975,,0.04443734139204025
,1396.0,6,3.630344872362912e-05,60849,,14.608412742614746,,1.248592495918274,,0.5004080533981323,,0.04444275423884392
,1332.0,6,3.6248275137040764e-05,60899,,11.253462791442871,,1.2174359560012817,,0.5004857182502747,,0.04444558918476105
,1368.0,6,3.619310518843122e-05,60949,,11.041421890258789,,1.2211402654647827,,0.500584602355957,,0.04445276036858559
,1372.0,6,3.6137931601842865e-05,60999,,11.169184684753418,,1.4864383935928345,,0.5006516575813293,,0.044455867260694504
,1388.0,6,3.608275801525451e-05,61049,,12.481487274169922,,1.4637224674224854,,0.5007246732711792,,0.04445919394493103
,1348.0,6,3.602758442866616e-05,61099,,12.18887996673584,,1.3914210796356201,,0.5008061528205872,,0.044463109225034714
,1368.0,6,3.5972414480056614e-05,61149,,14.045564651489258,,1.3075584173202515,,0.500882625579834,,0.04446696862578392
,1344.0,6,3.591724089346826e-05,61199,,12.417827606201172,,1.3259532451629639,,0.5009677410125732,,0.044474054127931595
,1368.0,6,3.586206730687991e-05,61249,,12.874006271362305,,1.378798246383667,,0.5010524988174438,,0.044477544724941254
,1348.0,6,3.580689735827036e-05,61299,,11.49438190460205,,1.566641926765442,,0.5011339783668518,,0.04448826611042023
,1380.0,6,3.575172377168201e-05,61349,,19.439838409423828,,1.7606910467147827,,0.5012134313583374,,0.044494908303022385
,1348.0,6,3.5696550185093656e-05,61399,,13.034586906433105,,1.6276977062225342,,0.501291811466217,,0.044500935822725296
,1352.0,6,3.564138023648411e-05,61449,,19.54309844970703,,2.2556662559509277,,0.5013734698295593,,0.04450683668255806
,1408.0,6,3.558620664989576e-05,61499,,10.680543899536133,,1.4673895835876465,,0.5014208555221558,,0.0445125438272953
,1360.0,6,3.5531033063307405e-05,61549,,10.719962120056152,,1.5129929780960083,,0.501492977142334,,0.04451381042599678
,1392.0,6,3.547586311469786e-05,61599,,14.314494132995605,,1.4437931776046753,,0.5015677213668823,,0.04452046751976013
,1364.0,6,3.5420689528109506e-05,61649,,14.184755325317383,,1.4384312629699707,,0.501642107963562,,0.04452677443623543
,1344.0,6,3.536551594152115e-05,61699,,16.000085830688477,,1.404236912727356,,0.5016862750053406,,0.04453084617853165
,1368.0,6,3.531034599291161e-05,61749,,13.144481658935547,,1.3328429460525513,,0.5017494559288025,,0.044538576155900955
,1372.0,6,3.5255172406323254e-05,61799,,16.075658798217773,,1.9332867860794067,,0.5018182396888733,,0.044545963406562805
,1408.0,6,3.51999988197349e-05,61849,,16.68401527404785,,1.4745780229568481,,0.5018896460533142,,0.04455184191465378
,1396.0,6,3.5144828871125355e-05,61899,,13.294382095336914,,1.5144604444503784,,0.50197434425354,,0.044559042900800705
,1368.0,6,3.5089655284537e-05,61949,,15.849922180175781,,1.584605097770691,,0.5020520687103271,,0.044566892087459564
,1344.0,6,3.503448169794865e-05,61999,,11.230485916137695,,1.5150823593139648,,0.5021085143089294,,0.04457399621605873
,1384.0,6,3.4979311749339104e-05,62049,,12.987870216369629,,1.3135604858398438,,0.5021783709526062,,0.04457632452249527
,1352.0,6,3.492413816275075e-05,62099,,8.091361999511719,,0.8804947733879089,,0.502261221408844,,0.04457966610789299
,1344.0,6,3.48689645761624e-05,62149,,13.289807319641113,,1.2128721475601196,,0.5023273825645447,,0.04458164423704147
,1392.0,6,3.481379462755285e-05,62199,,12.7950439453125,,1.2483078241348267,,0.5024022459983826,,0.04458192363381386
,1384.0,6,3.47586210409645e-05,62249,,9.858187675476074,,1.3427287340164185,,0.5024858117103577,,0.04458443447947502
,1376.0,6,3.4703447454376146e-05,62299,,12.546863555908203,,1.2947968244552612,,0.5025659799575806,,0.044588856399059296
,1360.0,6,3.46482775057666e-05,62349,,18.26922607421875,,1.308870792388916,,0.5026537775993347,,0.04459356144070625
,1364.0,6,3.459310391917825e-05,62399,,13.184170722961426,,1.4795178174972534,,0.5027362108230591,,0.04459627345204353
,1376.0,6,3.4537930332589895e-05,62449,,13.502044677734375,,1.0216810703277588,,0.5028109550476074,,0.04460058733820915
,1340.0,6,3.448276038398035e-05,62499,,13.060486793518066,,1.0963468551635742,,0.5028995871543884,,0.04460388794541359
,1356.0,6,3.4427586797391996e-05,62549,,12.653817176818848,,1.64854896068573,,0.5029594898223877,,0.04461394622921944
,1380.0,6,3.437241321080364e-05,62599,,16.27194595336914,,1.7226554155349731,,0.5030143857002258,,0.04461858049035072
,1368.0,6,3.431723962421529e-05,62649,,18.339435577392578,,1.298071026802063,,0.503089427947998,,0.04462702199816704
,1368.0,6,3.4262069675605744e-05,62699,,15.083662033081055,,1.7215501070022583,,0.5031611919403076,,0.04463144764304161
,1372.0,6,3.420689608901739e-05,62749,,14.134331703186035,,1.769695520401001,,0.503232479095459,,0.04463471099734306
,1380.0,6,3.415172250242904e-05,62799,,13.859489440917969,,1.2543641328811646,,0.503289520740509,,0.04463396966457367
,1332.0,6,3.409655255381949e-05,62849,,14.251376152038574,,1.3120851516723633,,0.5033667087554932,,0.044634077697992325
,1416.0,6,3.404137896723114e-05,62899,,9.289922714233398,,1.5117937326431274,,0.5034383535385132,,0.04464048519730568
,1340.0,6,3.398620538064279e-05,62949,,12.839224815368652,,1.4316630363464355,,0.5034881234169006,,0.04464069753885269
,1388.0,6,3.393103543203324e-05,62999,,12.592647552490234,,0.974270224571228,,0.5035731196403503,,0.04464075714349747
,1320.0,6,3.387586184544489e-05,63049,,11.453588485717773,,1.0362966060638428,,0.5036452412605286,,0.044642962515354156
,1348.0,6,3.3820688258856535e-05,63099,,11.62435245513916,,1.85886812210083,,0.5037134289741516,,0.04464317113161087
,1384.0,6,3.376551831024699e-05,63149,,12.650671005249023,,1.7479859590530396,,0.5037829875946045,,0.04464856907725334
,1384.0,6,3.3710344723658636e-05,63199,,11.354867935180664,,1.7127567529678345,,0.5038517117500305,,0.044651661068201065
,1360.0,6,3.365517113707028e-05,63249,,11.705570220947266,,1.1861367225646973,,0.5039217472076416,,0.04465331509709358
,1376.0,6,3.360000118846074e-05,63299,,10.907052993774414,,1.2830932140350342,,0.5039877891540527,,0.044660549610853195
,1312.0,6,3.3544827601872385e-05,63349,,12.76903247833252,,1.0964975357055664,,0.5040783882141113,,0.04466221109032631
,1368.0,6,3.348965401528403e-05,63399,,16.55908203125,,1.7217974662780762,,0.5041539072990417,,0.044664595276117325
,1376.0,6,3.3434484066674486e-05,63449,,15.808859825134277,,1.7104504108428955,,0.5042324662208557,,0.04466871917247772
,1384.0,6,3.337931048008613e-05,63499,,9.977084159851074,,1.267078161239624,,0.5043161511421204,,0.044672902673482895
,1404.0,6,3.332413689349778e-05,63549,,21.636627197265625,,1.6425094604492188,,0.504377007484436,,0.04467661306262016
,1396.0,6,3.3268966944888234e-05,63599,,14.427522659301758,,1.944730520248413,,0.5044478178024292,,0.044681064784526825
,1380.0,6,3.321379335829988e-05,63649,,15.586153030395508,,1.4151328802108765,,0.5045151114463806,,0.04468253627419472
,1364.0,6,3.315861977171153e-05,63699,,15.408736228942871,,1.178983211517334,,0.5045861005783081,,0.04468733072280884
,1352.0,6,3.310344982310198e-05,63749,,9.6619234085083,,1.167563557624817,,0.5046485662460327,,0.04469382017850876
,1380.0,6,3.304827623651363e-05,63799,,14.559880256652832,,1.2905329465866089,,0.5047330856323242,,0.04469764605164528
,1380.0,6,3.299310264992528e-05,63849,,9.917332649230957,,1.4135490655899048,,0.5048109889030457,,0.044706352055072784
,1372.0,6,3.293793270131573e-05,63899,,10.005176544189453,,1.1158419847488403,,0.504880964756012,,0.04471258446574211
,1332.0,6,3.288275911472738e-05,63949,,11.348382949829102,,1.4066100120544434,,0.5049604773521423,,0.044717516750097275
,1340.0,6,3.2827585528139025e-05,63999,,20.189603805541992,,1.703173041343689,,0.5050265789031982,,0.04472534731030464
,1364.0,6,3.277241557952948e-05,64049,,19.817567825317383,,1.2166509628295898,,0.5050935745239258,,0.04472896456718445
,1348.0,6,3.2717241992941126e-05,64099,,15.516081809997559,,1.7480475902557373,,0.5051571130752563,,0.04473674297332764
,1312.0,6,3.266206840635277e-05,64149,,14.177835464477539,,1.288467288017273,,0.5052222609519958,,0.04474688321352005
,1372.0,6,3.260689481976442e-05,64199,,17.591228485107422,,1.6525055170059204,,0.5052990913391113,,0.04475356638431549
,1328.0,6,3.2551724871154875e-05,64249,,13.79678726196289,,1.4451649188995361,,0.5053706169128418,,0.04476182907819748
,1376.0,6,3.249655128456652e-05,64299,,13.155624389648438,,1.706452488899231,,0.5054561495780945,,0.0447644405066967
,1360.0,6,3.244137769797817e-05,64349,,15.049235343933105,,1.3786581754684448,,0.5055369138717651,,0.044769831001758575
,1344.0,6,3.238620774936862e-05,64399,,14.466456413269043,,0.9751068353652954,,0.5055996775627136,,0.04477499797940254
,1352.0,6,3.233103416278027e-05,64449,,8.559539794921875,,0.9426488280296326,,0.5056770443916321,,0.04477719962596893
,1364.0,6,3.227586057619192e-05,64499,,13.065146446228027,,1.5819777250289917,,0.5057522058486938,,0.04478370398283005
,1372.0,6,3.222069062758237e-05,64549,,13.91604232788086,,1.3202990293502808,,0.5058125257492065,,0.04478520527482033
,1368.0,6,3.216551704099402e-05,64599,,15.538053512573242,,1.4006211757659912,,0.5058727860450745,,0.04478437826037407
,1388.0,6,3.2110343454405665e-05,64649,,11.643104553222656,,1.5501823425292969,,0.5059438943862915,,0.04478967934846878
,1380.0,6,3.205517350579612e-05,64699,,11.919026374816895,,0.9426099061965942,,0.5060217976570129,,0.04479129984974861
,1392.0,6,3.199999991920777e-05,64749,,13.090835571289062,,1.1352360248565674,,0.5060846209526062,,0.044798173010349274
,1356.0,6,3.1944826332619414e-05,64799,,13.781298637390137,,1.7667479515075684,,0.5061659812927246,,0.04480534791946411
,1384.0,6,3.188965638400987e-05,64849,,11.504385948181152,,1.2239927053451538,,0.5062488317489624,,0.04480829834938049
,1360.0,6,3.1834482797421515e-05,64899,,9.348200798034668,,1.282076358795166,,0.5063135027885437,,0.04481450095772743
,1380.0,6,3.177930921083316e-05,64949,,12.794790267944336,,1.668511152267456,,0.506385862827301,,0.044822268187999725
,1364.0,6,3.1724139262223616e-05,64999,,13.602926254272461,,1.5295339822769165,,0.5064514875411987,,0.04482485353946686
,1380.0,6,3.166896567563526e-05,65049,,16.536144256591797,,1.5111006498336792,,0.5065255761146545,,0.044828303158283234
,1368.0,6,3.161379208904691e-05,65099,,18.04668617248535,,1.5406404733657837,,0.5065969228744507,,0.04483170434832573
,1376.0,6,3.1558622140437365e-05,65149,,8.750448226928711,,0.9378242492675781,,0.5066695809364319,,0.04483632370829582
,1400.0,6,3.150344855384901e-05,65199,,19.650325775146484,,1.381185531616211,,0.5067436099052429,,0.04484080150723457
,1364.0,6,3.144827496726066e-05,65249,,13.71523380279541,,1.3891305923461914,,0.5068110227584839,,0.044845305383205414
,1348.0,6,3.139310501865111e-05,65299,,21.23194694519043,,1.53094482421875,,0.5068642497062683,,0.04484975337982178
,1360.0,6,3.133793143206276e-05,65349,,17.49747657775879,,1.8010778427124023,,0.5069486498832703,,0.04485435411334038
,1368.0,6,3.128275784547441e-05,65399,,7.443665027618408,,0.9237005114555359,,0.5070127844810486,,0.04486696422100067
,1376.0,6,3.122758789686486e-05,65449,,14.019347190856934,,1.8143516778945923,,0.5070746541023254,,0.04487285390496254
,1324.0,6,3.117241431027651e-05,65499,,10.583220481872559,,1.4989590644836426,,0.5071431398391724,,0.04488224536180496
,1360.0,6,3.1117240723688155e-05,65549,,12.385536193847656,,1.2436846494674683,,0.5072080492973328,,0.04488850012421608
,1368.0,6,3.106207077507861e-05,65599,,15.938276290893555,,1.4668705463409424,,0.5072644352912903,,0.04489996284246445
,1372.0,6,3.100689718849026e-05,65649,,19.321189880371094,,1.3590121269226074,,0.5073245167732239,,0.04490361735224724
,1388.0,6,3.0951723601901904e-05,65699,,16.465070724487305,,1.2891725301742554,,0.507388710975647,,0.04490958899259567
,1344.0,6,3.089655001531355e-05,65749,,13.701173782348633,,1.5481102466583252,,0.5074524283409119,,0.04491772502660751
,1376.0,6,3.0841380066704005e-05,65799,,9.5316801071167,,1.1591756343841553,,0.5075281858444214,,0.04492703825235367
,1364.0,6,3.078620648011565e-05,65849,,11.721240997314453,,1.0920860767364502,,0.5076090097427368,,0.0449315570294857
,1356.0,6,3.07310328935273e-05,65899,,10.007248878479004,,1.0669150352478027,,0.5076709389686584,,0.04493895173072815
,1392.0,6,3.067586294491775e-05,65949,,13.835209846496582,,1.3711053133010864,,0.507742166519165,,0.04494017735123634
,1352.0,6,3.06206893583294e-05,65999,,14.432111740112305,,1.5491409301757812,,0.5078124403953552,,0.04494326189160347
,1364.0,6,3.056551577174105e-05,66049,,10.616575241088867,,1.4355180263519287,,0.5078830122947693,,0.0449524000287056
,1412.0,6,3.0510344004142098e-05,66099,,19.19830894470215,,1.280579686164856,,0.507953405380249,,0.04495741054415703
,1392.0,6,3.045517223654315e-05,66149,,13.790371894836426,,1.5164839029312134,,0.5080307126045227,,0.04496365413069725
,1356.0,6,3.04000004689442e-05,66199,,13.325176239013672,,1.3667701482772827,,0.5080956816673279,,0.04496949911117554
,1336.0,6,3.0344826882355846e-05,66249,,10.868313789367676,,1.1250537633895874,,0.5081475377082825,,0.04497792199254036
,1372.0,6,3.0289655114756897e-05,66299,,14.252114295959473,,1.5352423191070557,,0.5082003474235535,,0.04498657211661339
,1388.0,6,3.0234483347157948e-05,66349,,11.638420104980469,,1.0880926847457886,,0.5082616209983826,,0.04499312490224838
,1368.0,6,3.0179309760569595e-05,66399,,8.461273193359375,,1.0062565803527832,,0.5083392262458801,,0.04499920457601547
,1324.0,6,3.0124137992970645e-05,66449,,15.303629875183105,,1.516241192817688,,0.5083990097045898,,0.045003585517406464
,1332.0,6,3.0068966225371696e-05,66499,,12.18114185333252,,1.4064997434616089,,0.5084577202796936,,0.04500848054885864
,1368.0,6,3.0013792638783343e-05,66549,,14.522992134094238,,1.3551541566848755,,0.5085201859474182,,0.04501236602663994
,1368.0,6,2.9958620871184394e-05,66599,,12.608859062194824,,1.2179275751113892,,0.5085741877555847,,0.04501499608159065
,1396.0,6,2.9903449103585444e-05,66649,,15.273005485534668,,1.8237173557281494,,0.5086392164230347,,0.045018408447504044
,1404.0,6,2.984827551699709e-05,66699,,13.347464561462402,,1.2962182760238647,,0.5087016224861145,,0.04502282664179802
,1324.0,6,2.9793103749398142e-05,66749,,17.03921127319336,,1.5038691759109497,,0.5087662935256958,,0.045025624334812164
,1292.0,6,2.973793016280979e-05,66799,,9.7205228805542,,1.5578773021697998,,0.5088391900062561,,0.04502721130847931
,1368.0,6,2.968275839521084e-05,66849,,13.48706340789795,,1.9259593486785889,,0.5089066028594971,,0.04502571374177933
,1372.0,6,2.962758662761189e-05,66899,,14.70059871673584,,1.252044677734375,,0.5089674592018127,,0.045028138905763626
,1368.0,6,2.9572413041023538e-05,66949,,14.523953437805176,,1.5121384859085083,,0.5090426206588745,,0.04503318667411804
,1336.0,6,2.9517241273424588e-05,66999,,12.046955108642578,,1.46668541431427,,0.5091110467910767,,0.04503642022609711
,1396.0,6,2.946206950582564e-05,67049,,17.50457000732422,,1.5513625144958496,,0.5091761350631714,,0.04504292458295822
,1380.0,6,2.9406895919237286e-05,67099,,12.528278350830078,,1.3598355054855347,,0.5092453360557556,,0.04504429176449776
,1332.0,6,2.9351724151638336e-05,67149,,14.798590660095215,,1.388161540031433,,0.5093184113502502,,0.04504886269569397
,1388.0,6,2.9296552384039387e-05,67199,,17.329755783081055,,1.6298213005065918,,0.509387195110321,,0.04505432769656181
,1384.0,6,2.9241378797451034e-05,67249,,14.584390640258789,,1.021710753440857,,0.5094554424285889,,0.0450599268078804
,1348.0,6,2.9186207029852085e-05,67299,,10.958146095275879,,1.2454463243484497,,0.5095005631446838,,0.045066311955451965
,1372.0,6,2.9131035262253135e-05,67349,,13.333161354064941,,1.1958918571472168,,0.5095686912536621,,0.045069076120853424
,1356.0,6,2.9075861675664783e-05,67399,,16.871227264404297,,1.6680079698562622,,0.509633481502533,,0.04507078975439072
,1384.0,6,2.9020689908065833e-05,67449,,15.826384544372559,,1.3783891201019287,,0.509704053401947,,0.045076075941324234
,1368.0,6,2.8965518140466884e-05,67499,,15.468539237976074,,1.4431335926055908,,0.5097876787185669,,0.04507721588015556
,1328.0,6,2.891034455387853e-05,67549,,9.503035545349121,,0.9004995226860046,,0.5098560452461243,,0.045082684606313705
,1324.0,6,2.885517278627958e-05,67599,,11.557999610900879,,1.7409127950668335,,0.5099153518676758,,0.0450872927904129
,1376.0,6,2.879999919969123e-05,67649,,16.010231018066406,,1.4413187503814697,,0.5099731683731079,,0.04508914425969124
,1380.0,6,2.874482743209228e-05,67699,,15.099726676940918,,0.9582386016845703,,0.5100520849227905,,0.04509276524186134
,1388.0,6,2.868965566449333e-05,67749,,15.985674858093262,,1.4436193704605103,,0.5101184844970703,,0.04509860277175903
,1376.0,6,2.8634482077904977e-05,67799,,11.866899490356445,,1.4392708539962769,,0.5101885199546814,,0.045101653784513474
,1356.0,6,2.8579310310306028e-05,67849,,13.03807258605957,,1.2734932899475098,,0.5102683305740356,,0.045106735080480576
,1356.0,6,2.8524138542707078e-05,67899,,11.262761116027832,,1.5483148097991943,,0.5103452205657959,,0.04511187598109245
,1372.0,6,2.8468964956118725e-05,67949,,17.057445526123047,,1.1631985902786255,,0.5104153156280518,,0.04512082412838936
,1352.0,6,2.8413793188519776e-05,67999,,11.967586517333984,,1.4194530248641968,,0.5104749798774719,,0.04511912539601326
,1404.0,6,2.8358621420920826e-05,68049,,19.145915985107422,,1.964857816696167,,0.5105516910552979,,0.04511751979589462
,1360.0,6,2.8303447834332474e-05,68099,,12.299288749694824,,1.3883236646652222,,0.5106170177459717,,0.0451207160949707
,1352.0,6,2.8248276066733524e-05,68149,,16.923442840576172,,1.2956105470657349,,0.5106902122497559,,0.04512320086359978
,1344.0,6,2.8193104299134575e-05,68199,,11.871725082397461,,1.635349988937378,,0.5107519030570984,,0.045128896832466125
,1364.0,6,2.8137930712546222e-05,68249,,14.845645904541016,,0.8738105297088623,,0.5108205080032349,,0.04513251408934593
,1348.0,6,2.8082758944947273e-05,68299,,13.336287498474121,,1.629785180091858,,0.5108853578567505,,0.04513993859291077
,1364.0,6,2.802758535835892e-05,68349,,10.622900009155273,,1.088602066040039,,0.5109609961509705,,0.04514649510383606
,1332.0,6,2.797241359075997e-05,68399,,11.960224151611328,,1.3775222301483154,,0.5110217332839966,,0.04515160992741585
,1368.0,6,2.791724182316102e-05,68449,,9.850579261779785,,1.3814500570297241,,0.5110865235328674,,0.04515581578016281
,1388.0,6,2.7862068236572668e-05,68499,,19.37065887451172,,1.7202566862106323,,0.5111504793167114,,0.045156579464673996
,1396.0,6,2.780689646897372e-05,68549,,11.35516357421875,,0.6793314814567566,,0.5112269520759583,,0.04516119882464409
,1344.0,6,2.775172470137477e-05,68599,,12.358631134033203,,1.3252437114715576,,0.5112968683242798,,0.045163050293922424
,1368.0,6,2.7696551114786416e-05,68649,,14.637203216552734,,1.5705409049987793,,0.5113629102706909,,0.04516734182834625
,1372.0,6,2.7641379347187467e-05,68699,,9.892609596252441,,1.2490005493164062,,0.5114275217056274,,0.045173279941082
,1356.0,6,2.7586207579588518e-05,68749,,7.752034664154053,,0.7584032416343689,,0.5114899277687073,,0.04517672210931778
,1388.0,6,2.7531033993000165e-05,68799,,17.134706497192383,,1.9086706638336182,,0.5115599036216736,,0.04518222063779831
,1360.0,6,2.7475862225401215e-05,68849,,13.768599510192871,,1.7429063320159912,,0.5116133093833923,,0.04518694803118706
,1348.0,6,2.7420690457802266e-05,68899,,14.32146167755127,,1.0902234315872192,,0.5116710662841797,,0.04519401863217354
,1372.0,6,2.7365516871213913e-05,68949,,18.069002151489258,,1.4751641750335693,,0.5117353796958923,,0.045200783759355545
,1360.0,6,2.7310345103614964e-05,68999,,13.143145561218262,,1.0464799404144287,,0.5117884874343872,,0.045204006135463715
,1396.0,6,2.725517151702661e-05,69049,,13.769591331481934,,1.3885061740875244,,0.5118493437767029,,0.04520491883158684
,1344.0,6,2.719999974942766e-05,69099,,14.748064994812012,,1.5051096677780151,,0.5119127035140991,,0.04520658776164055
,1372.0,6,2.7144827981828712e-05,69149,,16.09225082397461,,1.430391788482666,,0.5119746923446655,,0.045207228511571884
,1368.0,6,2.708965439524036e-05,69199,,17.339176177978516,,1.2412313222885132,,0.5120350122451782,,0.04520954191684723
,1336.0,6,2.703448262764141e-05,69249,,15.032631874084473,,1.369077444076538,,0.512096107006073,,0.04521571472287178
,1384.0,6,2.697931086004246e-05,69299,,9.23509693145752,,1.1918916702270508,,0.5121752023696899,,0.045218732208013535
,1416.0,6,2.6924137273454107e-05,69349,,10.480695724487305,,1.306809425354004,,0.5122343301773071,,0.045226141810417175
,1388.0,6,2.6868965505855158e-05,69399,,12.738259315490723,,1.3863890171051025,,0.5123048424720764,,0.04522734507918358
,1368.0,6,2.681379373825621e-05,69449,,12.329595565795898,,1.3901063203811646,,0.5123524069786072,,0.04523315653204918
,1372.0,6,2.6758620151667856e-05,69499,,9.729767799377441,,1.1642686128616333,,0.5124154090881348,,0.04523879289627075
,1352.0,6,2.6703448384068906e-05,69549,,11.649587631225586,,0.9096167087554932,,0.5124776363372803,,0.04524381831288338
,1384.0,6,2.6648276616469957e-05,69599,,14.403548240661621,,1.997355580329895,,0.5125426650047302,,0.045246340334415436
,1348.0,6,2.6593103029881604e-05,69649,,15.388258934020996,,1.4376368522644043,,0.5126055479049683,,0.04525173828005791
,1388.0,6,2.6537931262282655e-05,69699,,15.489336013793945,,1.449911117553711,,0.5126688480377197,,0.04525640979409218
,1388.0,6,2.6482759494683705e-05,69749,,16.788171768188477,,1.296610951423645,,0.51273512840271,,0.045262593775987625
,1376.0,6,2.6427585908095352e-05,69799,,14.45628833770752,,1.3433184623718262,,0.5127978324890137,,0.04526686295866966
,1372.0,6,2.6372414140496403e-05,69849,,15.750101089477539,,1.1061289310455322,,0.5128585696220398,,0.04527011141180992
,1364.0,6,2.631724055390805e-05,69899,,14.112299919128418,,1.0824546813964844,,0.5129057765007019,,0.04527220502495766
,1360.0,6,2.62620687863091e-05,69949,,14.637151718139648,,1.9061307907104492,,0.512963056564331,,0.04527587443590164
,1316.0,6,2.620689701871015e-05,69999,,13.618735313415527,,1.4488866329193115,,0.51302170753479,,0.045280713587999344
,1356.0,6,2.61517234321218e-05,70049,,13.495831489562988,,1.5187867879867554,,0.5130851864814758,,0.045284975320100784
,1348.0,6,2.609655166452285e-05,70099,,16.99046516418457,,1.6353930234909058,,0.5131473541259766,,0.045293960720300674
,1344.0,6,2.60413798969239e-05,70149,,17.862558364868164,,1.03524911403656,,0.5132245421409607,,0.04529748857021332
,1332.0,6,2.5986206310335547e-05,70199,,13.172369003295898,,1.268451452255249,,0.5132884383201599,,0.04530276730656624
1365.594482421875,,6,,70224,14.05221939086914,,1.3945189714431763,,0.5066028237342834,,0.044852543622255325,
,1336.0,7,2.5931034542736597e-05,70249,,15.574040412902832,,1.074733853340149,,0.5133610367774963,,0.04530585557222366
,1316.0,7,2.5875862775137648e-05,70299,,17.90264129638672,,1.5576258897781372,,0.5134347677230835,,0.04530878737568855
,1368.0,7,2.5820689188549295e-05,70349,,17.144058227539062,,1.3476682901382446,,0.5134956240653992,,0.04531161114573479
,1340.0,7,2.5765517420950346e-05,70399,,16.987640380859375,,1.5247726440429688,,0.5135589241981506,,0.04531242325901985
,1352.0,7,2.5710345653351396e-05,70449,,16.479787826538086,,1.5517827272415161,,0.5136357545852661,,0.045314475893974304
,1392.0,7,2.5655172066763043e-05,70499,,18.540727615356445,,0.9155381321907043,,0.5137079358100891,,0.045319557189941406
,1392.0,7,2.5600000299164094e-05,70549,,13.395419120788574,,1.5741827487945557,,0.5137657523155212,,0.0453234501183033
,1360.0,7,2.554482671257574e-05,70599,,15.44577407836914,,1.5408623218536377,,0.5138199925422668,,0.04532719403505325
,1356.0,7,2.5489654944976792e-05,70649,,12.308834075927734,,1.1769628524780273,,0.5138992071151733,,0.04532802850008011
,1384.0,7,2.5434483177377842e-05,70699,,17.58472442626953,,1.5698577165603638,,0.5139732360839844,,0.04533110558986664
,1356.0,7,2.537930959078949e-05,70749,,15.586943626403809,,1.2493691444396973,,0.5140419006347656,,0.045333199203014374
,1360.0,7,2.532413782319054e-05,70799,,20.009063720703125,,1.94424307346344,,0.5141021013259888,,0.04533187299966812
,1404.0,7,2.526896605559159e-05,70849,,16.981765747070312,,1.1698901653289795,,0.5141707062721252,,0.04533609747886658
,1360.0,7,2.5213792469003238e-05,70899,,14.064020156860352,,1.2444154024124146,,0.5142269730567932,,0.045339930802583694
,1388.0,7,2.515862070140429e-05,70949,,17.021669387817383,,1.2047442197799683,,0.514290452003479,,0.04534420743584633
,1356.0,7,2.510344893380534e-05,70999,,13.083791732788086,,1.467879056930542,,0.5143698453903198,,0.045360714197158813
,1372.0,7,2.5048275347216986e-05,71049,,14.831225395202637,,1.2778903245925903,,0.5144290328025818,,0.04536917433142662
,1400.0,7,2.4993103579618037e-05,71099,,15.162256240844727,,1.2454932928085327,,0.5145044922828674,,0.04538227245211601
,1376.0,7,2.4937931812019087e-05,71149,,15.425617218017578,,1.7970620393753052,,0.5145666003227234,,0.04541219770908356
,1344.0,7,2.4882758225430734e-05,71199,,22.28000259399414,,1.244088053703308,,0.5146323442459106,,0.0454414077103138
,1372.0,7,2.4827586457831785e-05,71249,,17.292272567749023,,1.5778098106384277,,0.5146801471710205,,0.045461975038051605
,1340.0,7,2.4772414690232836e-05,71299,,12.588801383972168,,1.1623822450637817,,0.51474529504776,,0.04547730088233948
,1372.0,7,2.4717241103644483e-05,71349,,12.970963478088379,,1.5496950149536133,,0.5148054957389832,,0.0454864427447319
,1376.0,7,2.4662069336045533e-05,71399,,23.89764404296875,,1.624518632888794,,0.5148690938949585,,0.04549501836299896
,1368.0,7,2.460689574945718e-05,71449,,14.958030700683594,,1.5575909614562988,,0.5149324536323547,,0.045501843094825745
,1380.0,7,2.455172398185823e-05,71499,,12.0690336227417,,1.536760687828064,,0.5150018334388733,,0.04551275074481964
,1372.0,7,2.4496552214259282e-05,71549,,12.405753135681152,,1.5850870609283447,,0.5150526762008667,,0.045519888401031494
,1380.0,7,2.444137862767093e-05,71599,,16.96149444580078,,1.632773756980896,,0.515109658241272,,0.04553987458348274
,1372.0,7,2.438620686007198e-05,71649,,15.577133178710938,,1.1304768323898315,,0.5151834487915039,,0.04554511234164238
,1340.0,7,2.433103509247303e-05,71699,,15.03375244140625,,1.5882450342178345,,0.5152430534362793,,0.045551758259534836
,1376.0,7,2.4275861505884677e-05,71749,,11.368952751159668,,1.176615595817566,,0.5152995586395264,,0.04555799439549446
,1376.0,7,2.4220689738285728e-05,71799,,15.463013648986816,,1.3329906463623047,,0.5153646469116211,,0.04556184634566307
,1408.0,7,2.416551797068678e-05,71849,,22.841426849365234,,1.6911098957061768,,0.515424370765686,,0.04556944966316223
,1380.0,7,2.4110344384098426e-05,71899,,11.818359375,,1.3763169050216675,,0.5154955387115479,,0.04557616636157036
,1380.0,7,2.4055172616499476e-05,71949,,13.978338241577148,,1.3274500370025635,,0.5155617594718933,,0.045581262558698654
,1368.0,7,2.4000000848900527e-05,71999,,14.571280479431152,,1.7674744129180908,,0.5156245231628418,,0.045583270490169525
,1368.0,7,2.3944827262312174e-05,72049,,12.4520845413208,,1.5544533729553223,,0.5156884789466858,,0.0455864854156971
,1372.0,7,2.3889655494713224e-05,72099,,14.139286994934082,,1.2340493202209473,,0.5157561302185059,,0.045591868460178375
,1348.0,7,2.383448190812487e-05,72149,,10.8629789352417,,1.2571394443511963,,0.515822172164917,,0.045596424490213394
,1412.0,7,2.3779310140525922e-05,72199,,13.9703950881958,,1.6138010025024414,,0.5159024596214294,,0.045599255710840225
,1328.0,7,2.3724138372926973e-05,72249,,11.47744369506836,,1.5547963380813599,,0.515964686870575,,0.04560312628746033
,1352.0,7,2.366896478633862e-05,72299,,11.461252212524414,,1.1687997579574585,,0.5160322189331055,,0.04560425132513046
,1332.0,7,2.361379301873967e-05,72349,,17.014801025390625,,1.4018020629882812,,0.5161067843437195,,0.045608777552843094
,1332.0,7,2.355862125114072e-05,72399,,19.155384063720703,,1.2550833225250244,,0.5161775350570679,,0.04561173915863037
,1356.0,7,2.3503447664552368e-05,72449,,11.510147094726562,,1.5055830478668213,,0.5162513256072998,,0.04561479389667511
,1388.0,7,2.344827589695342e-05,72499,,17.45212745666504,,1.290490984916687,,0.5163095593452454,,0.04561905190348625
,1364.0,7,2.339310412935447e-05,72549,,11.861774444580078,,1.5378167629241943,,0.5163760185241699,,0.04562276601791382
,1340.0,7,2.3337930542766117e-05,72599,,14.660048484802246,,1.5560884475708008,,0.5164353251457214,,0.04562991484999657
,1348.0,7,2.3282758775167167e-05,72649,,12.6980619430542,,0.9280959963798523,,0.5164934396743774,,0.045634180307388306
,1360.0,7,2.3227587007568218e-05,72699,,13.110980033874512,,1.0033559799194336,,0.5165608525276184,,0.04563901945948601
,1348.0,7,2.3172413420979865e-05,72749,,17.45285987854004,,1.4992812871932983,,0.516632616519928,,0.04563898593187332
,1348.0,7,2.3117241653380916e-05,72799,,16.68280792236328,,1.7444074153900146,,0.5166977643966675,,0.04564127326011658
,1336.0,7,2.3062068066792563e-05,72849,,20.215930938720703,,1.5360829830169678,,0.5167693495750427,,0.045643407851457596
,1356.0,7,2.3006896299193613e-05,72899,,14.436485290527344,,1.5542246103286743,,0.5168397426605225,,0.045646145939826965
,1380.0,7,2.2951724531594664e-05,72949,,14.265758514404297,,1.0547370910644531,,0.5169076919555664,,0.04564790800213814
,1400.0,7,2.289655094500631e-05,72999,,14.847736358642578,,1.6720446348190308,,0.5169633626937866,,0.045652009546756744
,1344.0,7,2.284137917740736e-05,73049,,15.346061706542969,,1.0750722885131836,,0.5170468091964722,,0.04565117508172989
,1380.0,7,2.2786207409808412e-05,73099,,9.37865161895752,,1.287484884262085,,0.517116904258728,,0.04565543681383133
,1336.0,7,2.273103382322006e-05,73149,,14.712474822998047,,1.098238229751587,,0.5171694755554199,,0.045655570924282074
,1316.0,7,2.267586205562111e-05,73199,,19.419729232788086,,1.2643178701400757,,0.5172292590141296,,0.0456630177795887
,1384.0,7,2.262069028802216e-05,73249,,16.822355270385742,,1.6423089504241943,,0.5172929763793945,,0.0456688329577446
,1384.0,7,2.2565516701433808e-05,73299,,16.843006134033203,,1.568674921989441,,0.5173524618148804,,0.0456748865544796
,1376.0,7,2.2510344933834858e-05,73349,,17.904020309448242,,1.2625608444213867,,0.5174205899238586,,0.045678671449422836
,1356.0,7,2.245517316623591e-05,73399,,17.0369815826416,,1.6014413833618164,,0.517475962638855,,0.0456843227148056
,1348.0,7,2.2399999579647556e-05,73449,,14.324640274047852,,1.2806650400161743,,0.5175455808639526,,0.045689791440963745
,1400.0,7,2.2344827812048607e-05,73499,,17.0753231048584,,1.5597224235534668,,0.5176123380661011,,0.04569168761372566
,1364.0,7,2.2289656044449657e-05,73549,,7.956071853637695,,0.8478477597236633,,0.5176594257354736,,0.04569811373949051
,1380.0,7,2.2234482457861304e-05,73599,,18.367290496826172,,1.3075075149536133,,0.517722487449646,,0.04570036008954048
,1388.0,7,2.2179310690262355e-05,73649,,19.96550941467285,,1.398702621459961,,0.5177850127220154,,0.045700863003730774
,1340.0,7,2.2124137103674002e-05,73699,,11.500107765197754,,1.15451979637146,,0.5178572535514832,,0.0457039512693882
,1384.0,7,2.2068965336075053e-05,73749,,15.092823028564453,,1.527012825012207,,0.5179002285003662,,0.0457112118601799
,1328.0,7,2.2013793568476103e-05,73799,,16.23021697998047,,1.7070980072021484,,0.5179620385169983,,0.04571513086557388
,1348.0,7,2.195861998188775e-05,73849,,12.22859001159668,,1.0164653062820435,,0.5180284380912781,,0.04572267830371857
,1324.0,7,2.19034482142888e-05,73899,,10.15186882019043,,1.2324042320251465,,0.5180867910385132,,0.04572390764951706
,1360.0,7,2.184827644668985e-05,73949,,16.136320114135742,,1.1667989492416382,,0.5181488394737244,,0.04572812095284462
,1368.0,7,2.17931028601015e-05,73999,,16.111560821533203,,1.5015621185302734,,0.5182186961174011,,0.045730166137218475
,1368.0,7,2.173793109250255e-05,74049,,18.995893478393555,,1.58771550655365,,0.5182836651802063,,0.04573431611061096
,1368.0,7,2.16827593249036e-05,74099,,13.433938980102539,,1.4222583770751953,,0.5183599591255188,,0.04573911055922508
,1380.0,7,2.1627585738315247e-05,74149,,16.965845108032227,,1.4571750164031982,,0.5184273719787598,,0.04574412479996681
,1352.0,7,2.1572413970716298e-05,74199,,13.861907958984375,,1.5432279109954834,,0.5184963941574097,,0.045753370970487595
,1396.0,7,2.1517242203117348e-05,74249,,16.019603729248047,,1.4802995920181274,,0.5185532569885254,,0.0457635335624218
,1388.0,7,2.1462068616528995e-05,74299,,12.239279747009277,,1.2251845598220825,,0.5186061859130859,,0.045766863971948624
,1364.0,7,2.1406896848930046e-05,74349,,14.775642395019531,,1.3059284687042236,,0.5186709761619568,,0.04577168449759483
,1344.0,7,2.1351723262341693e-05,74399,,11.444835662841797,,1.1698333024978638,,0.5187313556671143,,0.0457780584692955
,1388.0,7,2.1296551494742744e-05,74449,,8.67496395111084,,1.081642746925354,,0.518790602684021,,0.045783232897520065
,1352.0,7,2.1241379727143794e-05,74499,,13.995881080627441,,0.9041414260864258,,0.5188445448875427,,0.04579240456223488
,1388.0,7,2.118620614055544e-05,74549,,16.21055030822754,,1.1869035959243774,,0.5189118385314941,,0.04579394310712814
,1364.0,7,2.1131034372956492e-05,74599,,14.02170467376709,,1.864145040512085,,0.518970251083374,,0.04579915851354599
,1404.0,7,2.1075862605357543e-05,74649,,8.821584701538086,,0.9823073744773865,,0.5190355181694031,,0.045800525695085526
,1356.0,7,2.102068901876919e-05,74699,,19.82633399963379,,1.183302402496338,,0.5191054940223694,,0.04580886289477348
,1352.0,7,2.096551725117024e-05,74749,,15.814146041870117,,1.2510178089141846,,0.5191607475280762,,0.04581557959318161
,1420.0,7,2.091034548357129e-05,74799,,17.933076858520508,,1.3342863321304321,,0.5192179083824158,,0.045818980783224106
,1384.0,7,2.0855171896982938e-05,74849,,15.449137687683105,,1.506968379020691,,0.5192763209342957,,0.045825447887182236
,1368.0,7,2.080000012938399e-05,74899,,13.739741325378418,,1.2936707735061646,,0.51933753490448,,0.045827433466911316
,1384.0,7,2.074482836178504e-05,74949,,12.064189910888672,,0.9532939195632935,,0.5194147825241089,,0.04583440721035004
,1368.0,7,2.0689654775196686e-05,74999,,17.30908203125,,1.6945406198501587,,0.5194880366325378,,0.04584025964140892
,1368.0,7,2.0634483007597737e-05,75049,,15.317516326904297,,1.6343212127685547,,0.5195317268371582,,0.045846689492464066
,1392.0,7,2.0579311239998788e-05,75099,,15.71083927154541,,1.2415165901184082,,0.5195988416671753,,0.04585156589746475
,336.0,7,2.0524137653410435e-05,75149,,14.974674224853516,,1.2174818515777588,,0.5196597576141357,,0.045856595039367676
,1368.0,7,2.0468965885811485e-05,75199,,12.957128524780273,,1.4941041469573975,,0.5197187066078186,,0.045862454921007156
,1396.0,7,2.0413792299223132e-05,75249,,9.056327819824219,,1.166327714920044,,0.5197803974151611,,0.04587056487798691
,1352.0,7,2.0358620531624183e-05,75299,,13.040493965148926,,1.3920701742172241,,0.5198508501052856,,0.04587654024362564
,1368.0,7,2.0303448764025234e-05,75349,,7.304658889770508,,1.1090291738510132,,0.5199065804481506,,0.0458843894302845
,1360.0,7,2.024827517743688e-05,75399,,19.17450714111328,,1.510213017463684,,0.5199563503265381,,0.04589021950960159
,1372.0,7,2.019310340983793e-05,75449,,10.491006851196289,,1.093328595161438,,0.5200144648551941,,0.04589683935046196
,1388.0,7,2.0137931642238982e-05,75499,,17.994009017944336,,1.5548834800720215,,0.5200791954994202,,0.04590321704745293
,1404.0,7,2.008275805565063e-05,75549,,16.473304748535156,,1.3574174642562866,,0.5201443433761597,,0.045909035950899124
,1360.0,7,2.002758628805168e-05,75599,,13.987915992736816,,1.361275315284729,,0.52020663022995,,0.045912887901067734
,1368.0,7,1.997241452045273e-05,75649,,14.371402740478516,,1.0820486545562744,,0.5202540755271912,,0.045918021351099014
,1376.0,7,1.9917240933864377e-05,75699,,16.40639877319336,,1.1247059106826782,,0.5203205943107605,,0.04592541605234146
,1392.0,7,1.9862069166265428e-05,75749,,14.356494903564453,,1.2069491147994995,,0.5203917622566223,,0.04592762514948845
,1376.0,7,1.980689739866648e-05,75799,,14.820695877075195,,1.5845863819122314,,0.520460307598114,,0.04593459889292717
,1336.0,7,1.9751723812078126e-05,75849,,18.822206497192383,,0.963123083114624,,0.5205307006835938,,0.04593757167458534
,1376.0,7,1.9696552044479176e-05,75899,,11.04834270477295,,1.0327534675598145,,0.520595133304596,,0.04594016075134277
,1368.0,7,1.9641378457890823e-05,75949,,13.566605567932129,,1.3985282182693481,,0.5206524133682251,,0.045946620404720306
,1352.0,7,1.9586206690291874e-05,75999,,17.66061782836914,,1.272542953491211,,0.5207089781761169,,0.04595179110765457
,1356.0,7,1.9531034922692925e-05,76049,,10.730358123779297,,1.332285761833191,,0.5207840204238892,,0.045958247035741806
,1368.0,7,1.9475861336104572e-05,76099,,14.983007431030273,,1.3932052850723267,,0.5208424925804138,,0.04596693068742752
,1396.0,7,1.9420689568505622e-05,76149,,12.88499641418457,,1.3658851385116577,,0.520898699760437,,0.045976024121046066
,1392.0,7,1.9365517800906673e-05,76199,,19.48414421081543,,1.1301790475845337,,0.5209598541259766,,0.045983221381902695
,1384.0,7,1.931034421431832e-05,76249,,12.941143989562988,,1.2325562238693237,,0.5210208892822266,,0.04599188268184662
,1372.0,7,1.925517244671937e-05,76299,,15.101466178894043,,1.4717568159103394,,0.5210679173469543,,0.04600061848759651
,1368.0,7,1.920000067912042e-05,76349,,13.04541301727295,,1.1826720237731934,,0.5211215615272522,,0.04600480943918228
,1368.0,7,1.914482709253207e-05,76399,,12.4183349609375,,1.4427151679992676,,0.5211840271949768,,0.046009719371795654
,1372.0,7,1.908965532493312e-05,76449,,14.789688110351562,,1.446170687675476,,0.5212525725364685,,0.04601861163973808
,1380.0,7,1.903448355733417e-05,76499,,15.298916816711426,,1.1720951795578003,,0.5213021636009216,,0.046024296432733536
,1360.0,7,1.8979309970745817e-05,76549,,8.22095012664795,,1.0324395895004272,,0.5213580131530762,,0.0460299476981163
,1396.0,7,1.8924138203146867e-05,76599,,10.5110445022583,,1.2518631219863892,,0.5214291214942932,,0.046033456921577454
,1376.0,7,1.8868964616558515e-05,76649,,17.403430938720703,,1.763776183128357,,0.5214863419532776,,0.046039238572120667
,1372.0,7,1.8813792848959565e-05,76699,,15.266927719116211,,1.2340980768203735,,0.5215480923652649,,0.046044934540987015
,1376.0,7,1.8758621081360616e-05,76749,,15.492822647094727,,1.4779478311538696,,0.5215981006622314,,0.0460532009601593
,1348.0,7,1.8703447494772263e-05,76799,,9.148744583129883,,1.2567692995071411,,0.5216487050056458,,0.046057041734457016
,1348.0,7,1.8648275727173313e-05,76849,,13.935213088989258,,1.2868574857711792,,0.5217095017433167,,0.04606103524565697
,1388.0,7,1.8593103959574364e-05,76899,,14.351859092712402,,1.3072199821472168,,0.5217692852020264,,0.04606492072343826
,1348.0,7,1.853793037298601e-05,76949,,12.637718200683594,,1.5418766736984253,,0.5218216776847839,,0.04606969282031059
,1340.0,7,1.8482758605387062e-05,76999,,11.033683776855469,,1.0801724195480347,,0.5218769311904907,,0.046075183898210526
,1380.0,7,1.8427586837788112e-05,77049,,11.347457885742188,,1.2101048231124878,,0.5219420790672302,,0.0460774190723896
,1388.0,7,1.837241325119976e-05,77099,,14.832945823669434,,1.3508974313735962,,0.5220135450363159,,0.046085160225629807
,1356.0,7,1.831724148360081e-05,77149,,13.13464641571045,,1.3635363578796387,,0.5220702886581421,,0.04608941078186035
,1384.0,7,1.826206971600186e-05,77199,,19.328907012939453,,1.412314772605896,,0.5221382975578308,,0.04609457775950432
,1376.0,7,1.8206896129413508e-05,77249,,11.657299995422363,,1.1852238178253174,,0.5221884846687317,,0.0461011603474617
,1376.0,7,1.815172436181456e-05,77299,,13.682744026184082,,1.3735543489456177,,0.5222600102424622,,0.046103619039058685
,1384.0,7,1.809655259421561e-05,77349,,18.388696670532227,,1.8310174942016602,,0.5223202705383301,,0.046112556010484695
,1360.0,7,1.8041379007627256e-05,77399,,16.931278228759766,,1.220064640045166,,0.5223767161369324,,0.04611744359135628
,1352.0,7,1.7986207240028307e-05,77449,,15.827024459838867,,0.9706896543502808,,0.5224320292472839,,0.0461263582110405
,1364.0,7,1.7931033653439954e-05,77499,,15.399123191833496,,1.045016884803772,,0.5224870443344116,,0.046134818345308304
,1396.0,7,1.7875861885841005e-05,77549,,12.228322982788086,,1.3474539518356323,,0.5225477814674377,,0.04613950103521347
,1372.0,7,1.7820690118242055e-05,77599,,17.103965759277344,,1.3884836435317993,,0.5226082801818848,,0.046142302453517914
,1396.0,7,1.7765516531653702e-05,77649,,15.792360305786133,,1.6426424980163574,,0.5226667523384094,,0.04614467918872833
,1364.0,7,1.7710344764054753e-05,77699,,18.88204574584961,,1.3721396923065186,,0.5227316617965698,,0.0461466908454895
,1400.0,7,1.7655172996455804e-05,77749,,13.151247024536133,,1.1095277070999146,,0.522793173789978,,0.046150729060173035
,1376.0,7,1.759999940986745e-05,77799,,19.115875244140625,,1.1938010454177856,,0.5228615403175354,,0.04615487903356552
,1368.0,7,1.75448276422685e-05,77849,,10.903524398803711,,1.3507157564163208,,0.5229260921478271,,0.04616054892539978
,1356.0,7,1.7489655874669552e-05,77899,,16.2235050201416,,1.5989196300506592,,0.5229848027229309,,0.046166256070137024
,1380.0,7,1.74344822880812e-05,77949,,14.27912425994873,,1.577233910560608,,0.5230312347412109,,0.04616617038846016
,1352.0,7,1.737931052048225e-05,77999,,7.09568977355957,,0.8732509016990662,,0.5230957865715027,,0.04616771638393402
,1376.0,7,1.73241387528833e-05,78049,,15.015451431274414,,1.5398898124694824,,0.5231620669364929,,0.04617155343294144
,1356.0,7,1.7268965166294947e-05,78099,,14.388646125793457,,1.440606951713562,,0.5232192873954773,,0.04617797210812569
,1384.0,7,1.7213793398695998e-05,78149,,21.265972137451172,,1.1739169359207153,,0.5232831239700317,,0.04617871344089508
,1368.0,7,1.7158619812107645e-05,78199,,15.906155586242676,,1.4955098628997803,,0.5233511328697205,,0.04618518427014351
,1392.0,7,1.7103448044508696e-05,78249,,16.85380744934082,,1.52046799659729,,0.523405909538269,,0.046191487461328506
,1376.0,7,1.7048276276909746e-05,78299,,12.359363555908203,,1.3662593364715576,,0.5234721302986145,,0.04619549959897995
,1384.0,7,1.6993102690321393e-05,78349,,14.115873336791992,,1.4013805389404297,,0.523535966873169,,0.04620128124952316
,1376.0,7,1.6937930922722444e-05,78399,,16.860301971435547,,1.6111149787902832,,0.523600161075592,,0.046206191182136536
,1396.0,7,1.6882759155123495e-05,78449,,13.577710151672363,,1.2278664112091064,,0.523659348487854,,0.04621031507849693
,1360.0,7,1.682758556853514e-05,78499,,17.498485565185547,,1.100438117980957,,0.5237157344818115,,0.04621315002441406
,1360.0,7,1.6772413800936192e-05,78549,,16.734880447387695,,1.3943904638290405,,0.5237722396850586,,0.04621494188904762
,1392.0,7,1.6717242033337243e-05,78599,,15.957283973693848,,1.7431689500808716,,0.5238393545150757,,0.04621679708361626
,1368.0,7,1.666206844674889e-05,78649,,17.522464752197266,,1.090280532836914,,0.5238876342773438,,0.046219468116760254
,1364.0,7,1.660689667914994e-05,78699,,15.127193450927734,,1.2222967147827148,,0.5239386558532715,,0.046224452555179596
,1404.0,7,1.655172491155099e-05,78749,,13.510104179382324,,1.0239355564117432,,0.5239895582199097,,0.04623007774353027
,1364.0,7,1.649655132496264e-05,78799,,12.752885818481445,,0.9839325547218323,,0.5240563750267029,,0.04623068869113922
,1364.0,7,1.644137955736369e-05,78849,,9.434211730957031,,1.0127778053283691,,0.524106502532959,,0.04623601213097572
,1376.0,7,1.638620778976474e-05,78899,,18.640172958374023,,1.6780667304992676,,0.5241554379463196,,0.04623596742749214
,1392.0,7,1.6331034203176387e-05,78949,,14.64905071258545,,1.219718098640442,,0.5242075324058533,,0.0462375245988369
,1372.0,7,1.6275862435577437e-05,78999,,10.544808387756348,,1.2198086977005005,,0.524263322353363,,0.04624081030488014
,1380.0,7,1.6220688848989084e-05,79049,,14.90173053741455,,1.6999262571334839,,0.5243207216262817,,0.046240825206041336
,1396.0,7,1.6165517081390135e-05,79099,,21.883092880249023,,1.140821933746338,,0.5243839621543884,,0.046245213598012924
,1324.0,7,1.6110345313791186e-05,79149,,21.111528396606445,,1.3428455591201782,,0.5244483351707458,,0.04624605178833008
,1336.0,7,1.6055171727202833e-05,79199,,11.306931495666504,,0.9698033928871155,,0.5245190858840942,,0.04625019058585167
,1392.0,7,1.5999999959603883e-05,79249,,16.457582473754883,,1.283839225769043,,0.5245782732963562,,0.04625490680336952
,1368.0,7,1.5944828192004934e-05,79299,,14.50621223449707,,1.4893577098846436,,0.5246310830116272,,0.046261344105005264
,1380.0,7,1.588965460541658e-05,79349,,14.47370433807373,,1.0615037679672241,,0.52469801902771,,0.04626693204045296
,1372.0,7,1.583448283781763e-05,79399,,19.330154418945312,,1.056095004081726,,0.5247466564178467,,0.046274617314338684
,1336.0,7,1.5779311070218682e-05,79449,,20.015901565551758,,1.56161367893219,,0.5248043537139893,,0.0462794303894043
,1364.0,7,1.572413748363033e-05,79499,,20.001615524291992,,0.8944652080535889,,0.5248652696609497,,0.04628613218665123
,1364.0,7,1.566896571603138e-05,79549,,18.583616256713867,,0.9759474992752075,,0.5249261856079102,,0.04628840461373329
,1376.0,7,1.561379394843243e-05,79599,,13.648825645446777,,1.5443627834320068,,0.5249890089035034,,0.04629267752170563
,1344.0,7,1.5558620361844078e-05,79649,,19.95989990234375,,1.6817762851715088,,0.5250402688980103,,0.04629925265908241
,1384.0,7,1.550344859424513e-05,79699,,19.859643936157227,,1.2114650011062622,,0.5251030325889587,,0.04630308598279953
,1352.0,7,1.5448275007656775e-05,79749,,15.5336275100708,,1.5417003631591797,,0.5251559615135193,,0.04630502685904503
,1380.0,7,1.5393103240057826e-05,79799,,15.031171798706055,,1.5596686601638794,,0.5252082943916321,,0.046309154480695724
,1336.0,7,1.5337931472458877e-05,79849,,16.362689971923828,,1.7021901607513428,,0.5252578258514404,,0.046316251158714294
,1348.0,7,1.5282757885870524e-05,79899,,18.221874237060547,,1.2295382022857666,,0.5253089070320129,,0.04631920903921127
,1364.0,7,1.5227586118271574e-05,79949,,17.333084106445312,,1.610763430595398,,0.5253583788871765,,0.046325746923685074
,1368.0,7,1.5172413441177923e-05,79999,,11.000875473022461,,1.3747498989105225,,0.5254201292991638,,0.046332597732543945
,1372.0,7,1.5117241673578974e-05,80049,,13.101471900939941,,1.611907720565796,,0.5254693627357483,,0.04633446782827377
,1392.0,7,1.5062068996485323e-05,80099,,12.568460464477539,,1.1197254657745361,,0.5255268216133118,,0.04634028673171997
,1352.0,7,1.5006896319391672e-05,80149,,18.461734771728516,,1.2450863122940063,,0.5255843997001648,,0.04634295031428337
,1312.0,7,1.4951724551792722e-05,80199,,16.869565963745117,,1.2964333295822144,,0.5256432890892029,,0.04634575918316841
,1360.0,7,1.4896551874699071e-05,80249,,18.838869094848633,,1.6300069093704224,,0.5256996154785156,,0.04634734243154526
1365.7958984375,,7,,80256,14.602354049682617,,1.332115888595581,,0.5196878910064697,,0.045870132744312286,
,1340.0,8,1.484137919760542e-05,80299,,17.87538719177246,,1.3603765964508057,,0.525763213634491,,0.04635261744260788
,1336.0,8,1.4786206520511769e-05,80349,,16.439725875854492,,1.6061919927597046,,0.5258263349533081,,0.04635803773999214
,1348.0,8,1.473103475291282e-05,80399,,12.6830415725708,,1.017763614654541,,0.5258848071098328,,0.046361539512872696
,1356.0,8,1.4675862075819168e-05,80449,,13.205062866210938,,1.2733486890792847,,0.5259431600570679,,0.046368636190891266
,1352.0,8,1.4620689398725517e-05,80499,,14.791337966918945,,0.8761845827102661,,0.5260025262832642,,0.04637327045202255
,1368.0,8,1.4565517631126568e-05,80549,,18.02351188659668,,1.0103261470794678,,0.5260640978813171,,0.04638116434216499
,1344.0,8,1.4510344954032917e-05,80599,,15.095769882202148,,1.589194655418396,,0.5261167883872986,,0.046384163200855255
,1376.0,8,1.4455172276939265e-05,80649,,12.520696640014648,,1.32590913772583,,0.5261815786361694,,0.046385861933231354
,1380.0,8,1.4399999599845614e-05,80699,,16.821548461914062,,1.1283457279205322,,0.5262441635131836,,0.04639356955885887
,1368.0,8,1.4344827832246665e-05,80749,,14.968755722045898,,1.0631388425827026,,0.5263060331344604,,0.04639874026179314
,1384.0,8,1.4289655155153014e-05,80799,,10.79527473449707,,1.0582631826400757,,0.5263686776161194,,0.0464061014354229
,1400.0,8,1.4234482478059363e-05,80849,,12.006709098815918,,1.157248854637146,,0.5264331102371216,,0.046411409974098206
,1364.0,8,1.4179310710460413e-05,80899,,18.472797393798828,,1.5048511028289795,,0.5264836549758911,,0.04641447588801384
,1344.0,8,1.4124138033366762e-05,80949,,15.095885276794434,,1.281386137008667,,0.5265480279922485,,0.046418946236371994
,1368.0,8,1.4068965356273111e-05,80999,,12.206646919250488,,0.7253169417381287,,0.5266098380088806,,0.04642416164278984
,1400.0,8,1.401379267917946e-05,81049,,11.969342231750488,,1.098853588104248,,0.5266801118850708,,0.04642653092741966
,1372.0,8,1.395862091158051e-05,81099,,15.64703369140625,,1.2932391166687012,,0.5267443656921387,,0.046428658068180084
,1372.0,8,1.390344823448686e-05,81149,,18.222732543945312,,1.9592719078063965,,0.5268076062202454,,0.046432383358478546
,1372.0,8,1.3848275557393208e-05,81199,,11.818765640258789,,1.31246018409729,,0.5268651843070984,,0.04643794149160385
,1392.0,8,1.3793103789794259e-05,81249,,15.800779342651367,,1.549176812171936,,0.5269254446029663,,0.04644253849983215
,1400.0,8,1.3737931112700608e-05,81299,,19.38644027709961,,1.3015800714492798,,0.5269882082939148,,0.046444762498140335
,1340.0,8,1.3682758435606956e-05,81349,,14.686710357666016,,1.410098910331726,,0.5270355343818665,,0.04645344987511635
,1356.0,8,1.3627585758513305e-05,81399,,16.280393600463867,,1.546332836151123,,0.5271004438400269,,0.046457674354314804
,1316.0,8,1.3572413990914356e-05,81449,,17.07461166381836,,1.3566961288452148,,0.5271631479263306,,0.04646120220422745
,1344.0,8,1.3517241313820705e-05,81499,,11.923958778381348,,1.3726074695587158,,0.5272294282913208,,0.046464353799819946
,1376.0,8,1.3462068636727054e-05,81549,,12.60090446472168,,1.3131660223007202,,0.5272833108901978,,0.04646991193294525
,1372.0,8,1.3406896869128104e-05,81599,,12.669451713562012,,1.528916597366333,,0.5273362398147583,,0.046473320573568344
,1376.0,8,1.3351724192034453e-05,81649,,12.451279640197754,,1.0604668855667114,,0.5273982286453247,,0.046476561576128006
,1336.0,8,1.3296551514940802e-05,81699,,15.003265380859375,,1.487367868423462,,0.5274642705917358,,0.046479396522045135
,1380.0,8,1.3241379747341853e-05,81749,,15.064323425292969,,1.3373295068740845,,0.5275124907493591,,0.046484071761369705
,1312.0,8,1.3186207070248201e-05,81799,,17.885374069213867,,1.7019050121307373,,0.5275630354881287,,0.046487994492053986
,1364.0,8,1.313103439315455e-05,81849,,9.13863468170166,,0.7917732000350952,,0.5276279449462891,,0.046490591019392014
,1296.0,8,1.30758617160609e-05,81899,,14.374471664428711,,1.2697157859802246,,0.5276927351951599,,0.04649609699845314
,1396.0,8,1.302068994846195e-05,81949,,13.723990440368652,,1.2539292573928833,,0.5277414917945862,,0.04649592563509941
,1368.0,8,1.2965517271368299e-05,81999,,13.950004577636719,,1.525504469871521,,0.5277976989746094,,0.046498946845531464
,1340.0,8,1.2910344594274648e-05,82049,,11.419261932373047,,1.0350642204284668,,0.5278686285018921,,0.04650459438562393
,1356.0,8,1.2855172826675698e-05,82099,,20.12427520751953,,1.1713809967041016,,0.5279392004013062,,0.04651043936610222
,1376.0,8,1.2800000149582047e-05,82149,,13.612874031066895,,1.4273196458816528,,0.5280073881149292,,0.046514276415109634
,1376.0,8,1.2744827472488396e-05,82199,,15.104372024536133,,1.5153666734695435,,0.5280578136444092,,0.04651813954114914
,1372.0,8,1.2689654795394745e-05,82249,,12.778434753417969,,1.2716217041015625,,0.5281250476837158,,0.04651854559779167
,1368.0,8,1.2634483027795795e-05,82299,,10.063270568847656,,1.0393041372299194,,0.5281781554222107,,0.04652349650859833
,1396.0,8,1.2579310350702144e-05,82349,,14.435583114624023,,1.1233371496200562,,0.528246283531189,,0.04652881622314453
,1376.0,8,1.2524137673608493e-05,82399,,15.43214225769043,,1.1166249513626099,,0.5283033847808838,,0.04653244838118553
,1372.0,8,1.2468965906009544e-05,82449,,18.80722427368164,,1.624137282371521,,0.5283622145652771,,0.046534810215234756
,1376.0,8,1.2413793228915893e-05,82499,,13.289427757263184,,1.5412148237228394,,0.5284126400947571,,0.04654161259531975
,1352.0,8,1.2358620551822241e-05,82549,,11.348280906677246,,1.1011601686477661,,0.5284603834152222,,0.046549439430236816
,1368.0,8,1.230344787472859e-05,82599,,13.210375785827637,,1.2416996955871582,,0.5285162329673767,,0.04655476659536362
,1336.0,8,1.2248276107129641e-05,82649,,14.3928804397583,,1.1101881265640259,,0.5285682678222656,,0.04655751585960388
,1340.0,8,1.219310343003599e-05,82699,,17.228376388549805,,1.236579418182373,,0.5286248326301575,,0.046562597155570984
,1372.0,8,1.2137930752942339e-05,82749,,16.083894729614258,,1.3039013147354126,,0.5286787152290344,,0.04656592011451721
,1368.0,8,1.208275898534339e-05,82799,,18.06128692626953,,1.7219181060791016,,0.5287376642227173,,0.04657034948468208
,1380.0,8,1.2027586308249738e-05,82849,,14.250253677368164,,1.966522455215454,,0.5287928581237793,,0.04657614231109619
,1364.0,8,1.1972413631156087e-05,82899,,21.427978515625,,1.6091654300689697,,0.5288553833961487,,0.04658149182796478
,1392.0,8,1.1917240954062436e-05,82949,,13.683774948120117,,0.9616386890411377,,0.5289221405982971,,0.04658558592200279
,1360.0,8,1.1862069186463486e-05,82999,,14.039673805236816,,1.276947259902954,,0.5289707183837891,,0.0465901643037796
,1348.0,8,1.1806896509369835e-05,83049,,14.76852035522461,,1.7012617588043213,,0.5290261507034302,,0.04659324884414673
,1388.0,8,1.1751723832276184e-05,83099,,14.783644676208496,,1.2232054471969604,,0.5290781855583191,,0.04659781977534294
,1364.0,8,1.1696552064677235e-05,83149,,12.561476707458496,,0.8260023593902588,,0.5291290283203125,,0.04660142958164215
,1364.0,8,1.1641379387583584e-05,83199,,17.39818572998047,,1.653328776359558,,0.5291834473609924,,0.04660659283399582
,1392.0,8,1.1586206710489932e-05,83249,,14.624458312988281,,1.2968155145645142,,0.5292430520057678,,0.046610500663518906
,1376.0,8,1.1531034033396281e-05,83299,,12.247419357299805,,1.04550302028656,,0.529308557510376,,0.04661490023136139
,1384.0,8,1.1475862265797332e-05,83349,,14.518596649169922,,1.2358242273330688,,0.5293627977371216,,0.04662231728434563
,1336.0,8,1.142068958870368e-05,83399,,13.186654090881348,,0.9962025880813599,,0.5294201374053955,,0.046629734337329865
,1384.0,8,1.136551691161003e-05,83449,,12.705601692199707,,1.301747441291809,,0.5294685363769531,,0.04663538187742233
,1384.0,8,1.131034514401108e-05,83499,,9.630278587341309,,1.2470595836639404,,0.5295230150222778,,0.04664123058319092
,1364.0,8,1.1255172466917429e-05,83549,,13.369054794311523,,1.3530033826828003,,0.5295727849006653,,0.046644117683172226
,1368.0,8,1.1199999789823778e-05,83599,,14.194903373718262,,1.445407509803772,,0.5296279788017273,,0.04665001109242439
,1304.0,8,1.1144828022224829e-05,83649,,13.987360954284668,,1.6169201135635376,,0.5296907424926758,,0.04665711894631386
,1332.0,8,1.1089655345131177e-05,83699,,11.77022647857666,,1.0041775703430176,,0.5297623872756958,,0.04665893688797951
,1368.0,8,1.1034482668037526e-05,83749,,13.18603801727295,,1.3499103784561157,,0.5298236608505249,,0.04666369408369064
,1352.0,8,1.0979309990943875e-05,83799,,14.226163864135742,,1.1320072412490845,,0.5298874378204346,,0.04666650667786598
,1360.0,8,1.0924138223344926e-05,83849,,13.79015064239502,,0.7625017762184143,,0.5299468040466309,,0.04667230695486069
,1384.0,8,1.0868965546251275e-05,83899,,12.804579734802246,,1.343907117843628,,0.52999347448349,,0.04667722433805466
,1368.0,8,1.0813792869157623e-05,83949,,13.985297203063965,,1.8583968877792358,,0.5300548672676086,,0.04668057709932327
,1356.0,8,1.0758621101558674e-05,83999,,13.805533409118652,,1.275923728942871,,0.5301027297973633,,0.04668562859296799
,1372.0,8,1.0703448424465023e-05,84049,,14.160996437072754,,1.5994032621383667,,0.5301557183265686,,0.04668848216533661
,1408.0,8,1.0648275747371372e-05,84099,,17.691328048706055,,2.04207444190979,,0.5302072763442993,,0.046693187206983566
,1356.0,8,1.059310307027772e-05,84149,,14.137206077575684,,1.0722078084945679,,0.5302696824073792,,0.046700749546289444
,1352.0,8,1.0537931302678771e-05,84199,,15.494462013244629,,1.4416148662567139,,0.5303320288658142,,0.046705618500709534
,1324.0,8,1.048275862558512e-05,84249,,17.06022071838379,,1.3286099433898926,,0.530389130115509,,0.04670976847410202
,1328.0,8,1.0427585948491469e-05,84299,,18.873554229736328,,1.088441252708435,,0.5304445028305054,,0.04671608284115791
,1432.0,8,1.037241418089252e-05,84349,,17.502775192260742,,1.5730491876602173,,0.5304955244064331,,0.04672207683324814
,1340.0,8,1.0317241503798869e-05,84399,,11.579402923583984,,1.5211780071258545,,0.530545175075531,,0.04672927409410477
,1372.0,8,1.0262068826705217e-05,84449,,18.331497192382812,,1.265224575996399,,0.530600368976593,,0.04673422500491142
,1332.0,8,1.0206896149611566e-05,84499,,16.91644287109375,,0.8781017065048218,,0.5306536555290222,,0.04673880338668823
,1364.0,8,1.0151724382012617e-05,84549,,18.587493896484375,,1.248679280281067,,0.5307190418243408,,0.04674186930060387
,1372.0,8,1.0096551704918966e-05,84599,,13.907110214233398,,1.815863847732544,,0.5307605266571045,,0.04674716666340828
,1356.0,8,1.0041379027825315e-05,84649,,9.385551452636719,,0.8764758110046387,,0.5308241844177246,,0.04675120860338211
,1376.0,8,9.986207260226365e-06,84699,,10.392288208007812,,1.1715461015701294,,0.5308823585510254,,0.04675853252410889
,1392.0,8,9.931034583132714e-06,84749,,11.408061981201172,,1.1254022121429443,,0.5309340953826904,,0.04676422104239464
,1400.0,8,9.875861906039063e-06,84799,,18.252954483032227,,1.3632137775421143,,0.5310001969337463,,0.04676875099539757
,1344.0,8,9.820689228945412e-06,84849,,14.129975318908691,,1.0667390823364258,,0.5310561656951904,,0.0467732809484005
,1324.0,8,9.765517461346462e-06,84899,,15.143797874450684,,1.3676276206970215,,0.5311152935028076,,0.04677643999457359
,1352.0,8,9.710344784252811e-06,84949,,15.181321144104004,,1.3330167531967163,,0.5311660766601562,,0.04677954316139221
,1352.0,8,9.65517210715916e-06,84999,,14.017557144165039,,1.40095853805542,,0.531212329864502,,0.046785589307546616
,1380.0,8,9.60000033956021e-06,85049,,17.32485008239746,,1.3523132801055908,,0.531270444393158,,0.04679006710648537
,1376.0,8,9.54482766246656e-06,85099,,14.440616607666016,,1.1347453594207764,,0.5313342809677124,,0.04679359495639801
,1368.0,8,9.489654985372908e-06,85149,,13.68368148803711,,1.016729712486267,,0.5313853621482849,,0.04679813235998154
,1360.0,8,9.434482308279257e-06,85199,,13.47897720336914,,1.2910348176956177,,0.5314388275146484,,0.04680534824728966
,1352.0,8,9.379310540680308e-06,85249,,15.261704444885254,,1.2595478296279907,,0.5314865708351135,,0.046810444444417953
,1324.0,8,9.324137863586657e-06,85299,,15.795586585998535,,1.4554808139801025,,0.5315448045730591,,0.04681577906012535
,1392.0,8,9.268965186493006e-06,85349,,17.843217849731445,,1.5510656833648682,,0.5315994024276733,,0.04682400822639465
,1352.0,8,9.213793418894056e-06,85399,,12.969656944274902,,1.4103624820709229,,0.5316469073295593,,0.046829089522361755
,1368.0,8,9.158620741800405e-06,85449,,16.08036231994629,,1.3528103828430176,,0.5316977500915527,,0.0468326061964035
,1352.0,8,9.103448064706754e-06,85499,,10.920948028564453,,1.2312750816345215,,0.5317395925521851,,0.04683898761868477
,1372.0,8,9.048276297107805e-06,85549,,11.074382781982422,,1.4468696117401123,,0.5317944288253784,,0.0468476340174675
,1388.0,8,8.993103620014153e-06,85599,,16.206573486328125,,1.4133332967758179,,0.5318499803543091,,0.046854980289936066
,1368.0,8,8.937930942920502e-06,85649,,14.586560249328613,,1.4608728885650635,,0.5319042801856995,,0.04685831815004349
,1388.0,8,8.882758265826851e-06,85699,,15.252727508544922,,1.1026880741119385,,0.5319642424583435,,0.04686231538653374
,1372.0,8,8.827586498227902e-06,85749,,13.236783027648926,,1.3003520965576172,,0.5320185422897339,,0.04686519503593445
,1372.0,8,8.77241382113425e-06,85799,,14.201642990112305,,1.266052007675171,,0.532060980796814,,0.046868178993463516
,1380.0,8,8.7172411440406e-06,85849,,19.85710906982422,,1.5116353034973145,,0.5321180820465088,,0.04687121510505676
,1360.0,8,8.66206937644165e-06,85899,,15.494117736816406,,1.2393239736557007,,0.5321742296218872,,0.04687530919909477
,1332.0,8,8.606896699347999e-06,85949,,17.40094757080078,,1.1374236345291138,,0.5322310328483582,,0.04688119888305664
,1348.0,8,8.551724022254348e-06,85999,,14.746255874633789,,1.210899829864502,,0.5322872996330261,,0.04688246548175812
,1380.0,8,8.496551345160697e-06,86049,,13.0614013671875,,1.5299313068389893,,0.5323388576507568,,0.04688470438122749
,1356.0,8,8.441379577561747e-06,86099,,11.068458557128906,,1.2632371187210083,,0.5323900580406189,,0.04688935726881027
,1380.0,8,8.386206900468096e-06,86149,,15.324212074279785,,1.7636626958847046,,0.5324475765228271,,0.04689280688762665
,1380.0,8,8.331034223374445e-06,86199,,17.945104598999023,,1.1087254285812378,,0.5325045585632324,,0.04689379036426544
,1384.0,8,8.275862455775496e-06,86249,,15.074690818786621,,1.4359270334243774,,0.5325571298599243,,0.046898387372493744
,1372.0,8,8.220689778681844e-06,86299,,17.78693962097168,,1.6942343711853027,,0.5326164364814758,,0.04690271615982056
,1360.0,8,8.165517101588193e-06,86349,,15.501729965209961,,1.4428143501281738,,0.5326731204986572,,0.04690747708082199
,1348.0,8,8.110344424494542e-06,86399,,13.772001266479492,,1.407979130744934,,0.5327321290969849,,0.04691198095679283
,1356.0,8,8.055172656895593e-06,86449,,18.4211368560791,,1.5300606489181519,,0.5327805876731873,,0.046917229890823364
,1392.0,8,7.999999979801942e-06,86499,,17.13862419128418,,1.597307801246643,,0.5328229665756226,,0.04692276939749718
,1368.0,8,7.94482730270829e-06,86549,,13.405028343200684,,1.772874116897583,,0.5328723192214966,,0.046926699578762054
,1336.0,8,7.889655535109341e-06,86599,,15.92422103881836,,1.3680858612060547,,0.5329223871231079,,0.04693051800131798
,1352.0,8,7.83448285801569e-06,86649,,16.03053855895996,,1.2111784219741821,,0.5329742431640625,,0.046935103833675385
,1336.0,8,7.779310180922039e-06,86699,,14.393381118774414,,1.138051986694336,,0.5330262184143066,,0.04693884029984474
,1384.0,8,7.724137503828388e-06,86749,,14.323223114013672,,1.638695478439331,,0.5330783128738403,,0.04694433510303497
,1364.0,8,7.668965736229438e-06,86799,,13.412111282348633,,1.0182855129241943,,0.5331369042396545,,0.04694764316082001
,1352.0,8,7.613793059135787e-06,86849,,15.011646270751953,,1.3756370544433594,,0.5331910252571106,,0.0469515360891819
,1340.0,8,7.558620836789487e-06,86899,,14.411165237426758,,0.8779798746109009,,0.5332539081573486,,0.046958062797784805
,1368.0,8,7.503448159695836e-06,86949,,10.662580490112305,,1.1519654989242554,,0.5332992076873779,,0.04696241021156311
,1360.0,8,7.4482759373495355e-06,86999,,17.074186325073242,,1.401254653930664,,0.533344566822052,,0.04696650058031082
,1352.0,8,7.393103260255884e-06,87049,,10.612780570983887,,1.5165351629257202,,0.5334017276763916,,0.04696858674287796
,1324.0,8,7.337931037909584e-06,87099,,21.57527732849121,,1.7469967603683472,,0.5334630012512207,,0.046973757445812225
,1368.0,8,7.282758815563284e-06,87149,,9.927714347839355,,1.0991681814193726,,0.5335125923156738,,0.04697725921869278
,1360.0,8,7.227586138469633e-06,87199,,16.34799575805664,,1.3064515590667725,,0.5335647463798523,,0.04698137566447258
,1404.0,8,7.1724139161233325e-06,87249,,9.924407958984375,,1.137771725654602,,0.5336307883262634,,0.04698486998677254
,1364.0,8,7.117241239029681e-06,87299,,13.98405647277832,,1.4798166751861572,,0.5336806774139404,,0.04698966071009636
,1360.0,8,7.062069016683381e-06,87349,,9.700483322143555,,1.2344697713851929,,0.5337337255477905,,0.04699544236063957
,1380.0,8,7.00689633958973e-06,87399,,12.957738876342773,,1.4555232524871826,,0.5337835550308228,,0.047000445425510406
,1360.0,8,6.95172411724343e-06,87449,,15.55306625366211,,1.385617971420288,,0.5338413715362549,,0.04700334370136261
,1416.0,8,6.896551894897129e-06,87499,,14.050785064697266,,1.5583380460739136,,0.5338972806930542,,0.04700795188546181
,1380.0,8,6.841379217803478e-06,87549,,21.570222854614258,,1.0225356817245483,,0.5339479446411133,,0.047010116279125214
,1340.0,8,6.786206995457178e-06,87599,,11.594322204589844,,1.362326741218567,,0.5340040922164917,,0.0470130518078804
,1360.0,8,6.731034318363527e-06,87649,,12.749237060546875,,1.1215178966522217,,0.5340550541877747,,0.047017764300107956
,1388.0,8,6.675862096017227e-06,87699,,17.000499725341797,,1.5056315660476685,,0.5341203808784485,,0.0470234751701355
,1368.0,8,6.620689873670926e-06,87749,,19.374588012695312,,1.4689853191375732,,0.5341779589653015,,0.047027505934238434
,1324.0,8,6.565517196577275e-06,87799,,11.635369300842285,,1.2353754043579102,,0.5342332124710083,,0.047031108289957047
,1364.0,8,6.510344974230975e-06,87849,,12.935243606567383,,0.9505842328071594,,0.5342976450920105,,0.04703402519226074
,1364.0,8,6.455172297137324e-06,87899,,17.112558364868164,,1.1576273441314697,,0.534350574016571,,0.04703845828771591
,1348.0,8,6.4000000747910235e-06,87949,,16.76813316345215,,1.2663320302963257,,0.5344147682189941,,0.047043293714523315
,1360.0,8,6.344827397697372e-06,87999,,18.29646873474121,,1.7760343551635742,,0.5344642400741577,,0.04704656824469566
,1324.0,8,6.289655175351072e-06,88049,,16.520856857299805,,1.574039340019226,,0.5345163941383362,,0.04705044627189636
,1360.0,8,6.234482953004772e-06,88099,,13.1402587890625,,1.063245177268982,,0.5345680117607117,,0.047054022550582886
,1328.0,8,6.179310275911121e-06,88149,,17.2241268157959,,1.2987372875213623,,0.5346205234527588,,0.04705997183918953
,1392.0,8,6.1241380535648204e-06,88199,,21.467138290405273,,1.1702945232391357,,0.5346755981445312,,0.047064680606126785
,1368.0,8,6.068965376471169e-06,88249,,12.683138847351074,,1.1092796325683594,,0.5347270965576172,,0.04706937447190285
,1392.0,8,6.013793154124869e-06,88299,,19.287883758544922,,1.130264163017273,,0.5347777009010315,,0.04707373306155205
,1392.0,8,5.958620477031218e-06,88349,,12.327676773071289,,1.359674096107483,,0.5348324775695801,,0.04707704111933708
,1360.0,8,5.903448254684918e-06,88399,,14.696938514709473,,1.065671443939209,,0.534885823726654,,0.04707969352602959
,1352.0,8,5.848276032338617e-06,88449,,14.64551830291748,,1.3633159399032593,,0.5349308252334595,,0.047086164355278015
,1344.0,8,5.793103355244966e-06,88499,,13.28083610534668,,1.0364830493927002,,0.5349719524383545,,0.047092173248529434
,1412.0,8,5.737931132898666e-06,88549,,12.629100799560547,,1.0889697074890137,,0.5350283980369568,,0.04709487408399582
,1352.0,8,5.682758455805015e-06,88599,,12.196334838867188,,0.9137224555015564,,0.5350825190544128,,0.047098249197006226
,1376.0,8,5.6275862334587146e-06,88649,,16.253049850463867,,1.5385016202926636,,0.5351319313049316,,0.047101158648729324
,1364.0,8,5.572414011112414e-06,88699,,19.51784896850586,,1.4826971292495728,,0.5351890325546265,,0.04710416868329048
,1364.0,8,5.517241334018763e-06,88749,,14.235633850097656,,1.3278635740280151,,0.5352367162704468,,0.04710743576288223
,1352.0,8,5.462069111672463e-06,88799,,23.82330322265625,,1.4615540504455566,,0.5352886319160461,,0.04711107909679413
,1352.0,8,5.406896434578812e-06,88849,,16.92512321472168,,1.1400096416473389,,0.5353475213050842,,0.04711519926786423
,1364.0,8,5.3517242122325115e-06,88899,,12.989370346069336,,1.4665387868881226,,0.5354012250900269,,0.04711708053946495
,1352.0,8,5.29655153513886e-06,88949,,16.3675594329834,,1.2775754928588867,,0.5354531407356262,,0.04711971804499626
,1376.0,8,5.24137931279256e-06,88999,,13.258160591125488,,1.7116942405700684,,0.5355048179626465,,0.047123923897743225
,1384.0,8,5.18620709044626e-06,89049,,12.94332504272461,,1.1078622341156006,,0.5355565547943115,,0.047128256410360336
,1312.0,8,5.131034413352609e-06,89099,,13.920158386230469,,1.5863653421401978,,0.5356096029281616,,0.0471339225769043
,1396.0,8,5.075862191006308e-06,89149,,19.380165100097656,,1.4223543405532837,,0.5356747508049011,,0.047136999666690826
,1372.0,8,5.020689513912657e-06,89199,,14.500179290771484,,1.2985647916793823,,0.5357374548912048,,0.047141507267951965
,1380.0,8,4.965517291566357e-06,89249,,18.582347869873047,,1.225003719329834,,0.535797655582428,,0.04714300483465195
,1348.0,8,4.910344614472706e-06,89299,,11.566320419311523,,1.249424934387207,,0.5358453989028931,,0.04714881256222725
,1356.0,8,4.855172392126406e-06,89349,,14.230850219726562,,1.0542161464691162,,0.5359028577804565,,0.04715155065059662
,1340.0,8,4.800000169780105e-06,89399,,15.363933563232422,,1.4161196947097778,,0.5359629988670349,,0.047154054045677185
,1364.0,8,4.744827492686454e-06,89449,,16.576557159423828,,1.4271548986434937,,0.5360181927680969,,0.04715709015727043
,1364.0,8,4.689655270340154e-06,89499,,14.318416595458984,,1.0879021883010864,,0.5360732078552246,,0.04716057330369949
,1408.0,8,4.634482593246503e-06,89549,,18.380399703979492,,1.0004807710647583,,0.5361219048500061,,0.04716288298368454
,1364.0,8,4.5793103709002025e-06,89599,,14.618430137634277,,1.3797218799591064,,0.5361668467521667,,0.04716610535979271
,1372.0,8,4.524138148553902e-06,89649,,16.671245574951172,,1.275208830833435,,0.536219596862793,,0.04717016965150833
,1340.0,8,4.468965471460251e-06,89699,,11.955692291259766,,1.1070489883422852,,0.5362740755081177,,0.0471750870347023
,1392.0,8,4.413793249113951e-06,89749,,14.034249305725098,,1.0411972999572754,,0.536324143409729,,0.047179803252220154
,1400.0,8,4.3586205720203e-06,89799,,15.006351470947266,,1.341304063796997,,0.5363804697990417,,0.04718206077814102
,1336.0,8,4.3034483496739995e-06,89849,,16.34773063659668,,1.3960623741149902,,0.5364392995834351,,0.04718504473567009
,1384.0,8,4.248275672580348e-06,89899,,20.571699142456055,,1.5400397777557373,,0.5364872813224792,,0.047187525779008865
,1384.0,8,4.193103450234048e-06,89949,,13.86074161529541,,1.5259356498718262,,0.5365371108055115,,0.047190576791763306
,1320.0,8,4.137931227887748e-06,89999,,8.5818510055542,,0.839377224445343,,0.5365908145904541,,0.047192178666591644
,1380.0,8,4.082758550794097e-06,90049,,13.450061798095703,,1.1781843900680542,,0.536649227142334,,0.04719226434826851
,1348.0,8,4.027586328447796e-06,90099,,17.010683059692383,,1.2290040254592896,,0.5367034673690796,,0.04719334840774536
,1336.0,8,3.972413651354145e-06,90149,,14.960509300231934,,1.139567255973816,,0.5367593169212341,,0.047196775674819946
,1372.0,8,3.917241429007845e-06,90199,,14.725846290588379,,1.391632080078125,,0.5368067026138306,,0.047201380133628845
,1360.0,8,3.862068751914194e-06,90249,,19.857534408569336,,1.1996203660964966,,0.5368551015853882,,0.0472031906247139
1365.65478515625,,8,,90288,14.832601547241211,,1.2814388275146484,,0.5314381122589111,,0.0468004047870636,
,1368.0,9,3.8068965295678936e-06,90299,,9.400290489196777,,0.9807887673377991,,0.5368945598602295,,0.047205179929733276
,1368.0,9,3.751724079847918e-06,90349,,17.634798049926758,,1.1652342081069946,,0.5369471907615662,,0.04720746725797653
,1376.0,9,3.696551630127942e-06,90399,,15.914437294006348,,1.4511895179748535,,0.5369962453842163,,0.04720957949757576
,1352.0,9,3.641379407781642e-06,90449,,13.718351364135742,,1.585192084312439,,0.53705233335495,,0.0472145639359951
,1384.0,9,3.5862069580616662e-06,90499,,8.057967185974121,,0.8986256122589111,,0.5371015667915344,,0.047219403088092804
,1396.0,9,3.5310345083416905e-06,90549,,16.685928344726562,,1.414184808731079,,0.5371583700180054,,0.04722275957465172
,1332.0,9,3.475862058621715e-06,90599,,16.807720184326172,,1.3560115098953247,,0.5372160077095032,,0.04722645878791809
,1368.0,9,3.420689608901739e-06,90649,,10.82921028137207,,1.174346923828125,,0.5372742414474487,,0.0472305603325367
,1376.0,9,3.3655171591817634e-06,90699,,16.77446937561035,,1.009821891784668,,0.5373254418373108,,0.04723335802555084
,1372.0,9,3.310344936835463e-06,90749,,15.090968132019043,,1.2418996095657349,,0.5373795032501221,,0.047233063727617264
,1384.0,9,3.2551724871154875e-06,90799,,13.42868423461914,,1.4908628463745117,,0.5374237298965454,,0.04723632335662842
,1412.0,9,3.2000000373955118e-06,90849,,15.74636173248291,,0.9346197843551636,,0.537474513053894,,0.04723843187093735
,1328.0,9,3.144827587675536e-06,90899,,12.23363971710205,,1.3384385108947754,,0.5375242829322815,,0.04724254831671715
,1392.0,9,3.0896551379555603e-06,90949,,15.530244827270508,,1.2291476726531982,,0.5375781655311584,,0.04724391549825668
,1380.0,9,3.0344826882355846e-06,90999,,13.448663711547852,,1.6399558782577515,,0.537620484828949,,0.047247257083654404
,1384.0,9,2.979310238515609e-06,91049,,14.30711555480957,,1.2986787557601929,,0.5376670360565186,,0.047253020107746124
,1368.0,9,2.9241380161693087e-06,91099,,13.786638259887695,,0.9863568544387817,,0.5377177596092224,,0.04725637286901474
,1336.0,9,2.868965566449333e-06,91149,,15.213144302368164,,1.6006659269332886,,0.5377758741378784,,0.04725703224539757
,1348.0,9,2.8137931167293573e-06,91199,,12.542276382446289,,1.1784307956695557,,0.5378325581550598,,0.04726146161556244
,1368.0,9,2.7586206670093816e-06,91249,,14.214653968811035,,1.3861442804336548,,0.5378811955451965,,0.04726376384496689
,1396.0,9,2.703448217289406e-06,91299,,15.365579605102539,,1.4137077331542969,,0.5379284620285034,,0.047268159687519073
,1404.0,9,2.64827576756943e-06,91349,,17.661211013793945,,1.4725995063781738,,0.537979781627655,,0.047270484268665314
,1384.0,9,2.59310354522313e-06,91399,,13.741680145263672,,1.115942358970642,,0.5380321741104126,,0.04727419465780258
,1352.0,9,2.537931095503154e-06,91449,,7.860306739807129,,1.102138876914978,,0.5380904674530029,,0.04727734997868538
,1368.0,9,2.4827586457831785e-06,91499,,14.204392433166504,,1.2522008419036865,,0.5381332039833069,,0.04728179797530174
,1352.0,9,2.427586196063203e-06,91549,,15.551643371582031,,0.8964651226997375,,0.5381885766983032,,0.04728228598833084
,1364.0,9,2.372413746343227e-06,91599,,15.060016632080078,,1.321752667427063,,0.5382328629493713,,0.04728538170456886
,1320.0,9,2.3172412966232514e-06,91649,,17.633581161499023,,1.4270730018615723,,0.5382867455482483,,0.04729001596570015
,1384.0,9,2.262069074276951e-06,91699,,11.375744819641113,,1.370925784111023,,0.5383431911468506,,0.04729585349559784
,1360.0,9,2.2068966245569754e-06,91749,,15.059971809387207,,1.1805105209350586,,0.5383868217468262,,0.04729844629764557
,1368.0,9,2.1517241748369997e-06,91799,,14.127420425415039,,1.456944465637207,,0.5384350419044495,,0.04730123281478882
,1304.0,9,2.096551725117024e-06,91849,,19.302593231201172,,1.339741587638855,,0.5384889841079712,,0.04730439931154251
,1352.0,9,2.0413792753970483e-06,91899,,14.217487335205078,,1.3835262060165405,,0.5385352969169617,,0.04730912670493126
,1352.0,9,1.9862068256770726e-06,91949,,16.091506958007812,,1.2814269065856934,,0.5385900735855103,,0.047311484813690186
,1364.0,9,1.931034375957097e-06,91999,,7.671689987182617,,1.0735801458358765,,0.5386441349983215,,0.047313809394836426
,1388.0,9,1.875862039923959e-06,92049,,13.802016258239746,,0.9877527952194214,,0.5386883616447449,,0.047317471355199814
,1340.0,9,1.820689703890821e-06,92099,,13.976799011230469,,1.1650612354278564,,0.5387457609176636,,0.04731951281428337
,1340.0,9,1.7655172541708453e-06,92149,,16.4307861328125,,1.1877728700637817,,0.5387991666793823,,0.047321125864982605
,1356.0,9,1.7103448044508696e-06,92199,,14.90780258178711,,1.3870586156845093,,0.538845956325531,,0.04732636362314224
,1348.0,9,1.6551724684177316e-06,92249,,11.814126014709473,,0.9221714735031128,,0.5389046669006348,,0.04732822999358177
,1316.0,9,1.6000000186977559e-06,92299,,18.803022384643555,,1.1328219175338745,,0.5389622449874878,,0.047332536429166794
,1360.0,9,1.5448275689777802e-06,92349,,14.874624252319336,,1.1885595321655273,,0.539009153842926,,0.0473361536860466
,1396.0,9,1.4896551192578045e-06,92399,,15.055525779724121,,1.1193281412124634,,0.5390700101852417,,0.04734048992395401
,1364.0,9,1.4344827832246665e-06,92449,,17.281938552856445,,1.3594590425491333,,0.5391172766685486,,0.04734419286251068
,1344.0,9,1.3793103335046908e-06,92499,,16.441946029663086,,1.1212224960327148,,0.5391755700111389,,0.04735070839524269
,1388.0,9,1.324137883784715e-06,92549,,12.461411476135254,,1.0523639917373657,,0.539216935634613,,0.04735671356320381
,1352.0,9,1.268965547751577e-06,92599,,14.923371315002441,,1.7094320058822632,,0.5392751097679138,,0.04736049845814705
,1380.0,9,1.2137930980316014e-06,92649,,18.864452362060547,,1.2282370328903198,,0.5393269062042236,,0.04736355319619179
,1340.0,9,1.1586206483116257e-06,92699,,11.38989543914795,,1.0830225944519043,,0.539375364780426,,0.04736630991101265
,1376.0,9,1.1034483122784877e-06,92749,,13.79909610748291,,1.3286960124969482,,0.5394278764724731,,0.04736776277422905
,1392.0,9,1.048275862558512e-06,92799,,14.502347946166992,,1.3098242282867432,,0.5394715666770935,,0.047371331602334976
,1340.0,9,9.931034128385363e-07,92849,,13.537314414978027,,0.9075623750686646,,0.5395249724388123,,0.04737335070967674
,1392.0,9,9.379310199619795e-07,92899,,14.098092079162598,,1.277246356010437,,0.5395734906196594,,0.04737633094191551
,1376.0,9,8.827586270854226e-07,92949,,11.925278663635254,,1.072826862335205,,0.5396210551261902,,0.047377172857522964
,1384.0,9,8.275862342088658e-07,92999,,22.453989028930664,,1.4461137056350708,,0.5396628975868225,,0.04737873747944832
,1324.0,9,7.724137844888901e-07,93049,,15.704156875610352,,1.3291701078414917,,0.5397103428840637,,0.04738399386405945
,1364.0,9,7.172413916123332e-07,93099,,14.656644821166992,,1.2659225463867188,,0.5397660136222839,,0.04738506302237511
,1364.0,9,6.620689418923575e-07,93149,,14.58689022064209,,1.4597245454788208,,0.5398192405700684,,0.047389160841703415
,1388.0,9,6.068965490158007e-07,93199,,21.205678939819336,,1.3156113624572754,,0.5398767590522766,,0.047390274703502655
,1372.0,9,5.517241561392439e-07,93249,,14.063760757446289,,1.1434835195541382,,0.5399304628372192,,0.047394149005413055
,1340.0,9,4.965517064192682e-07,93299,,14.914447784423828,,1.1490122079849243,,0.5399855971336365,,0.0473976731300354
,1396.0,9,4.413793135427113e-07,93349,,16.7111873626709,,1.122774600982666,,0.5400363802909851,,0.04739935323596001
,1332.0,9,3.8620689224444504e-07,93399,,16.896760940551758,,1.1837695837020874,,0.5400834083557129,,0.047403935343027115
,1372.0,9,3.3103447094617877e-07,93449,,17.33474349975586,,1.3698220252990723,,0.5401316285133362,,0.04740811511874199
,1364.0,9,2.7586207806962193e-07,93499,,14.750120162963867,,1.281725525856018,,0.5401846170425415,,0.047413911670446396
,1400.0,9,2.2068965677135566e-07,93549,,14.442285537719727,,1.306749701499939,,0.5402359962463379,,0.04741398245096207
,1372.0,9,1.6551723547308939e-07,93599,,14.587719917297363,,1.4226487874984741,,0.540279746055603,,0.04741855338215828
,1360.0,9,1.1034482838567783e-07,93649,,12.768686294555664,,0.8918989896774292,,0.540336012840271,,0.04741895943880081
,1400.0,9,5.5172414192838914e-08,93699,,14.52894115447998,,1.3312389850616455,,0.5403825640678406,,0.04742403328418732
,1368.0,9,0.0,93749,,10.006328582763672,,1.2009817361831665,,0.5404320955276489,,0.047428589314222336
1366.620849609375,,9,,93783,14.91444206237793,,1.2570452690124512,,0.5386850237846375,,0.047317005693912506,
