game_pk,pitcher_id,pitcher_name,strikeouts,line,over_odds,under_odds,over_bookmaker,under_bookmaker,fetched_at,start_utc,date,k,mu,pitcher,team,opponent,p_over_model,p_over_mkt,overround,went_over,ev_over,ev_under,side,ev,won,dec,profit
777540,669211,Keegan Akin,2,1.5,132.0,-155.0,betonlineag,betmgm,2025-06-12 18:35:37+00:00,2025-06-12 22:35:00+00:00,2025-06-12,2,5.075011846125329,Keegan Akin,BAL,DET,0.9529614645073873,0.4149040026033192,0.038877620013522574,1.0,1.2108705976571388,-0.9226140222540887,over,1.2108705976571388,True,2.3200000000000003,1.3200000000000003
776189,675512,Troy Melton,1,2.5,150.0,-156.0,bovada,betonlineag,2025-09-25 18:40:39+00:00,2025-09-25 22:40:00+00:00,2025-09-25,1,4.747750224557307,Troy Melton,DET,CLE,0.8357111250892375,0.3962848297213623,0.009374999999999911,0.0,1.0892778127230938,-0.7303977437361846,over,1.0892778127230938,False,2.5,-1.0
776149,450203,Charlie Morton,1,1.5,105.0,-140.0,betmgm,betmgm,2025-09-28 15:15:38+00:00,2025-09-28 19:15:00+00:00,2025-09-28,1,5.099207586671561,Charlie Morton,ATL,PIT,0.953793302037568,0.4554079696394686,0.07113821138211396,0.0,0.9552762691770142,-0.9207885177786879,over,0.9552762691770142,False,2.05,-1.0
777398,660271,Shohei Ohtani,2,2.5,146.0,-160.0,betonlineag,draftkings,2025-06-22 16:10:37+00:00,2025-06-22 20:10:00+00:00,2025-06-22,2,4.062744015849238,Shohei Ohtani,LAD,WSH,0.7554688670631493,0.397796817625459,0.021888680425265816,0.0,0.8584534129753472,-0.6026369089776176,over,0.8584534129753472,False,2.46,-1.0
777647,669084,DL Hall,3,2.5,110.0,-135.0,betonlineag,betmgm,2025-06-04 12:40:37+00:00,2025-06-04 16:40:00+00:00,2025-06-04,3,5.2666465885963625,DL Hall,MIL,CIN,0.8797692388092072,0.4532304725168756,0.050658561296859084,1.0,0.8475154014993351,-0.7907094157049163,over,0.8475154014993351,True,2.1,1.1
776135,621121,Lance McCullers Jr.,4,3.5,132.0,-160.0,draftkings,fanatics,2025-09-28 15:05:38+00:00,2025-09-28 19:07:00+00:00,2025-09-28,4,5.593687189126936,Lance McCullers Jr.,HOU,LAA,0.7884440445862713,0.41191381495564006,0.04641909814323597,1.0,0.8291901834401496,-0.6562215724526907,over,0.8291901834401496,True,2.3200000000000003,1.3200000000000003
778409,695418,Brad Lord,4,2.5,128.0,-145.0,betonlineag,fanatics,2025-04-08 18:40:39+00:00,2025-04-08 22:45:00+00:00,2025-04-08,4,4.307957243811354,Brad Lord,WSH,LAD,0.7874499685347489,0.42564280750521194,0.03043322592194775,1.0,0.7953859282592277,-0.640863739938024,over,0.7953859282592277,True,2.2800000000000002,1.2800000000000002
777844,669211,Keegan Akin,2,1.5,-115.0,-102.0,draftkings,betonlineag,2025-05-20 19:40:38+00:00,2025-05-20 23:40:00+00:00,2025-05-20,2,5.254253256236347,Keegan Akin,BAL,MIL,0.958788464127537,0.5143932683790965,0.039834215979737575,1.0,0.7925175633688735,-0.9183849975859066,over,0.7925175633688735,True,1.8695652173913042,0.8695652173913042
776568,669387,Carmen Mlodzinski,4,2.5,140.0,-175.0,fanatics,draftkings,2025-08-27 19:45:39+00:00,2025-08-27 23:45:00+00:00,2025-08-27,4,3.988683037519794,Carmen Mlodzinski,PIT,STL,0.745034563251026,0.3956834532374101,0.05303030303030298,1.0,0.7880829518024624,-0.599340027965898,over,0.7880829518024624,True,2.4,1.4
777639,694363,Jared Shuster,1,1.5,106.0,-135.0,betonlineag,draftkings,2025-06-04 19:40:37+00:00,2025-06-04 23:40:00+00:00,2025-06-04,1,3.4309780828223766,Jared Shuster,CWS,DET,0.8443306990197155,0.45800038978756574,0.05990497831026653,0.0,0.7393212399806139,-0.7290201057009862,over,0.7393212399806139,False,2.06,-1.0
777827,676428,Brant Hurter,2,1.5,-118.0,-110.0,betonlineag,betonlineag,2025-05-21 13:15:38+00:00,2025-05-21 17:15:00+00:00,2025-05-21,2,4.469248122902961,Brant Hurter,DET,STL,0.9265765127015115,0.5082034454470877,0.06509392747924858,1.0,0.7118108454994025,-0.8598278878847039,over,0.7118108454994025,True,1.847457627118644,0.847457627118644
778483,676979,Garrett Crochet,8,6.5,-150.0,123.0,fanatics,betrivers,2025-04-02 18:30:39+00:00,2025-04-02 22:35:00+00:00,2025-04-02,8,4.9423922846907296,Garrett Crochet,BOS,BAL,0.23858653096264237,0.5722840034217279,0.04843049327354265,1.0,-0.6023557817289293,0.6979520359533076,under,0.6979520359533076,False,2.23,-1.0
777022,607192,Tyler Glasnow,12,6.5,-137.0,124.0,betrivers,betonlineag,2025-07-23 16:10:38+00:00,2025-07-23 20:10:00+00:00,2025-07-23,12,5.014566756630526,Tyler Glasnow,LAD,MIN,0.24868884869120736,0.5642421122306391,0.02448764315852925,1.0,-0.5697864442349186,0.6829369789316957,under,0.6829369789316957,False,2.24,-1.0
777942,647336,Michael Soroka,4,4.5,115.0,-130.0,betmgm,fanduel,2025-05-13 19:10:38+00:00,2025-05-13 23:15:00+00:00,2025-05-13,4,6.771876542529511,Michael Soroka,WSH,ATL,0.781287906775219,0.45142296368989204,0.030333670374115274,0.0,0.6797689995667207,-0.613047835063849,over,0.6797689995667207,False,2.15,-1.0
778438,594798,Jacob deGrom,3,6.5,-135.0,125.0,bovada,draftkings,2025-04-05 19:00:38+00:00,2025-04-05 23:05:00+00:00,2025-04-05,3,5.088330878655892,Jacob deGrom,TEX,TB,0.25912649821167,0.5638051044083527,0.01891252955082745,0.0,-0.5489279475574633,0.6669653790237424,under,0.6669653790237424,True,2.25,1.25
777545,641778,Eric Lauer,4,2.5,105.0,-130.0,draftkings,fanatics,2025-06-11 14:15:37+00:00,2025-06-11 18:15:00+00:00,2025-06-11,4,4.455638145681227,Eric Lauer,TOR,STL,0.8048989160289992,0.4632426988922458,0.05302226935312815,1.0,0.6500427778594482,-0.6548211591282294,over,0.6500427778594482,True,2.05,1.0499999999999998
777221,660271,Shohei Ohtani,3,2.5,140.0,-180.0,fanatics,fanatics,2025-07-05 19:15:37+00:00,2025-07-05 23:15:00+00:00,2025-07-05,3,3.5908561923617426,Shohei Ohtani,LAD,HOU,0.6824401501342057,0.39325842696629215,0.059523809523809534,1.0,0.6378563603220935,-0.5060180113198756,over,0.6378563603220935,True,2.4,1.4
776231,688107,Robert Gasser,2,3.5,134.0,-178.0,fanduel,fanduel,2025-09-21 14:15:38+00:00,2025-09-21 18:15:00+00:00,2025-09-21,2,4.83748424435814,Robert Gasser,MIL,STL,0.6944254296070239,0.4002764499222484,0.06763819713460006,0.0,0.6249555052804359,-0.5227543226446778,over,0.6249555052804359,False,2.34,-1.0
777672,675911,Spencer Strider,4,6.5,-105.0,-105.0,bovada,betmgm,2025-06-03 19:10:37+00:00,2025-06-03 23:15:00+00:00,2025-06-03,4,4.497937616043489,Spencer Strider,ATL,AZ,0.17938675633173984,0.5,0.024390243902439046,0.0,-0.649768713828508,0.6021496662094603,under,0.6021496662094603,True,1.9523809523809523,0.9523809523809523
776963,607192,Tyler Glasnow,3,6.5,-152.0,140.0,betrivers,betmgm,2025-07-29 19:10:39+00:00,2025-07-29 23:10:00+00:00,2025-07-29,3,5.591291314456672,Tyler Glasnow,LAD,CIN,0.3324995133310452,0.5914396887159533,0.01984126984126977,0.0,-0.44875080684589874,0.6020011680054915,under,0.6020011680054915,True,2.4,1.4
777114,675911,Spencer Strider,8,7.5,-141.0,120.0,betrivers,betmgm,2025-07-18 19:10:38+00:00,2025-07-18 23:15:00+00:00,2025-07-18,8,6.063691558006041,Spencer Strider,ATL,NYY,0.2741196896322255,0.5627721335268505,0.03960769520935492,1.0,-0.531469182969033,0.5969366828091038,under,0.5969366828091038,False,2.2,-1.0
776829,695505,Chase Burns,10,7.5,-125.0,116.0,bovada,betrivers,2025-08-08 18:40:39+00:00,2025-08-08 22:40:00+00:00,2025-08-08,10,5.963236255997928,Chase Burns,CIN,PIT,0.26097976024241615,0.5454545454545454,0.0185185185185186,1.0,-0.530236431563651,0.5962837178763811,under,0.5962837178763811,False,2.16,-1.0
777387,593423,Frankie Montas,5,4.5,144.0,-159.0,fanduel,betrivers,2025-06-24 19:10:37+00:00,2025-06-24 23:10:00+00:00,2025-06-24,5,5.6890097348458815,Frankie Montas,NYM,ATL,0.653322437992967,0.4003338691727463,0.023735679473384508,1.0,0.5941067487028393,-0.4352862354728204,over,0.5941067487028393,True,2.44,1.44
777750,663738,Daniel Lynch IV,4,1.5,-143.0,120.0,betonlineag,betmgm,2025-05-27 19:40:37+00:00,2025-05-27 23:40:00+00:00,2025-05-27,4,4.663391422512324,Daniel Lynch IV,KC,CIN,0.9363189128614531,0.5642037302725968,0.043022820800598494,1.0,0.5910873833939376,-0.8599016082951968,over,0.5910873833939376,True,1.6993006993006992,0.6993006993006992
778321,695418,Brad Lord,1,3.5,138.0,-167.0,fanduel,betrivers,2025-04-14 18:35:38+00:00,2025-04-14 22:40:00+00:00,2025-04-14,1,4.651090858890707,Brad Lord,WSH,PIT,0.6668329314719723,0.4018300574902929,0.04563623202089828,0.0,0.5870623769032941,-0.4673316928324348,over,0.5870623769032941,False,2.38,-1.0
777523,675911,Spencer Strider,13,7.5,-118.0,114.0,betmgm,fanduel,2025-06-14 16:10:37+00:00,2025-06-14 20:10:00+00:00,2025-06-14,13,5.948800777924381,Spencer Strider,ATL,COL,0.2591046714209888,0.5366828190087563,0.00857412329589291,1.0,-0.521315098561224,0.5855160031590838,under,0.5855160031590838,False,2.1399999999999997,-1.0
777508,678024,Mike Vasil,4,2.5,125.0,-145.0,draftkings,bovada,2025-06-14 16:05:37+00:00,2025-06-14 20:05:00+00:00,2025-06-14,4,3.698637664816877,Mike Vasil,CWS,TEX,0.7005168655699971,0.42888402625820565,0.03628117913832196,1.0,0.5761629475324936,-0.49397677285965036,over,0.5761629475324936,True,2.25,1.25
777264,687888,Brandon Walter,3,4.5,105.0,-118.0,betonlineag,betmgm,2025-07-03 15:10:37+00:00,2025-07-03 19:10:00+00:00,2025-07-03,3,6.630908208287552,Brandon Walter,HOU,COL,0.7671600855286971,0.4740160904544466,0.029089281718505333,0.0,0.5726781753338288,-0.5698381241123387,over,0.5726781753338288,False,2.05,-1.0
778022,647336,Michael Soroka,8,4.5,143.0,-154.0,betrivers,fanduel,2025-05-07 12:00:38+00:00,2025-05-07 16:05:00+00:00,2025-05-07,8,5.6427483531321725,Michael Soroka,WSH,CLE,0.646837424449662,0.40431695902709236,0.017821846343281322,1.0,0.5718149414126783,-0.4175110766897022,over,0.5718149414126783,True,2.4299999999999997,1.4299999999999997
778193,669022,MacKenzie Gore,8,6.5,-186.0,138.0,betrivers,betrivers,2025-04-24 18:40:38+00:00,2025-04-24 22:45:00+00:00,2025-04-24,8,5.689868561845555,MacKenzie Gore,WSH,BAL,0.3471573098261525,0.6075094691771422,0.07051771757654102,1.0,-0.46619897521355047,0.5537656026137572,under,0.5537656026137572,False,2.38,-1.0
776793,434378,Justin Verlander,6,4.5,-154.0,132.0,betonlineag,betrivers,2025-08-10 16:05:38+00:00,2025-08-10 20:05:00+00:00,2025-08-10,6,3.8058022423785385,Justin Verlander,SF,WSH,0.3349323458220043,0.5844784714042665,0.037333695357046004,1.0,-0.447579117929941,0.54295695769295,under,0.54295695769295,False,2.3200000000000003,-1.0
777455,675911,Spencer Strider,8,6.5,-175.0,128.0,betrivers,betrivers,2025-06-19 19:15:37+00:00,2025-06-19 23:15:00+00:00,2025-06-19,8,5.542395822125601,Spencer Strider,ATL,NYM,0.3252489506085643,0.5919881305637983,0.07496012759170645,1.0,-0.48889450618654184,0.5384323926124737,under,0.5384323926124737,False,2.2800000000000002,-1.0
776548,804636,Jonah Tong,6,5.5,-150.0,130.0,fanatics,bovada,2025-08-29 19:10:39+00:00,2025-08-29 23:10:00+00:00,2025-08-29,6,4.6893965560315225,Jonah Tong,NYM,MIA,0.3326381626044949,0.5798319327731092,0.034782608695652195,1.0,-0.4456030623258419,0.5349322260096614,under,0.5349322260096614,False,2.3,-1.0
777048,663436,Davis Martin,3,3.5,130.0,-148.0,draftkings,fanduel,2025-07-22 19:35:38+00:00,2025-07-22 23:05:00+00:00,2025-07-22,3,4.652897661844432,Davis Martin,CWS,TB,0.6671090375661279,0.4214819850441876,0.03155680224403934,0.0,0.5343507864020942,-0.4421827115972955,over,0.5343507864020942,False,2.3,-1.0
778264,676979,Garrett Crochet,7,7.5,-117.0,105.0,williamhill_us,betmgm,2025-04-19 16:05:38+00:00,2025-04-19 20:10:00+00:00,2025-04-19,7,5.92785268913259,Garrett Crochet,BOS,CWS,0.2563898377705408,0.5250082083834957,0.02697538496122287,0.0,-0.5244735487503644,0.5244008325703913,under,0.5244008325703913,True,2.05,1.0499999999999998
778087,668881,Hunter Greene,12,6.5,-165.0,123.0,betrivers,betrivers,2025-05-02 18:05:39+00:00,2025-05-02 22:10:00+00:00,2025-05-02,12,5.483545757826571,Hunter Greene,CIN,WSH,0.3165451286450807,0.5813255391421123,0.07107200270750491,1.0,-0.49160933884274916,0.5241043631214701,under,0.5241043631214701,False,2.23,-1.0
777391,677952,Braxton Ashcraft,2,2.5,-125.0,106.0,bovada,fanduel,2025-06-23 19:35:37+00:00,2025-06-23 23:40:00+00:00,2025-06-23,2,4.863861133989072,Braxton Ashcraft,PIT,MIL,0.8466879184405294,0.533678756476684,0.04099244875943908,0.0,0.5240382531929528,-0.6841771119874904,over,0.5240382531929528,False,1.8,-1.0
777680,622491,Luis Castillo,5,5.5,-190.0,140.0,betrivers,betrivers,2025-06-01 16:10:36+00:00,2025-06-01 20:10:00+00:00,2025-06-01,5,4.892967194731764,Luis Castillo,SEA,MIN,0.3661684332390455,0.6112600536193029,0.07183908045977017,0.0,-0.4411113387404042,0.5211957602262907,under,0.5211957602262907,True,2.4,1.4
778297,675911,Spencer Strider,5,5.5,-145.0,126.0,fanatics,fanduel,2025-04-16 13:05:40+00:00,2025-04-16 17:07:00+00:00,2025-04-16,5,4.655458395206618,Spencer Strider,ATL,TOR,0.32706374409177824,0.572201850881788,0.034314610800072254,0.0,-0.44737505308630576,0.5208359383525809,under,0.5208359383525809,True,2.26,1.2599999999999998
776282,668881,Hunter Greene,9,6.5,-149.0,122.0,betonlineag,draftkings,2025-09-18 19:15:40+00:00,2025-09-18 23:15:00+00:00,2025-09-18,9,5.491985178510807,Hunter Greene,CIN,CHC,0.3177915930433953,0.5705267515264411,0.04884402474763916,1.0,-0.46892545860533263,0.5145026634436622,under,0.5145026634436622,False,2.2199999999999998,-1.0
777408,605288,Adrian Houser,4,3.5,155.0,-158.0,betrivers,fanduel,2025-06-22 13:35:37+00:00,2025-06-22 17:37:00+00:00,2025-06-22,4,4.1865208585289935,Adrian Houser,CWS,TOR,0.590265478263827,0.3903767589650477,0.004559963520291754,1.0,0.5051769695727588,-0.3309398315953631,over,0.5051769695727588,True,2.55,1.5499999999999998
777921,677960,Ryan Weathers,5,3.5,-104.0,100.0,betrivers,betonlineag,2025-05-14 19:35:38+00:00,2025-05-14 23:40:00+00:00,2025-05-14,5,5.387836285233254,Ryan Weathers,MIA,CHC,0.7655979940611969,0.5048543689320388,0.009803921568627416,1.0,0.5017499114277324,-0.5311959881223938,over,0.5017499114277324,True,1.9615384615384617,0.9615384615384617
778103,673540,Kodai Senga,6,5.5,-152.0,135.0,betrivers,draftkings,2025-05-01 13:05:38+00:00,2025-05-01 17:10:00+00:00,2025-05-01,6,4.868674840470234,Kodai Senga,NYM,AZ,0.3621637601283876,0.5863427445830597,0.02870651806822022,1.0,-0.39957060820819956,0.49891516369828914,under,0.49891516369828914,False,2.35,-1.0
778096,641816,Tyler Mahle,6,4.5,-177.0,132.0,betrivers,betrivers,2025-05-01 14:30:38+00:00,2025-05-01 18:35:00+00:00,2025-05-01,6,3.9129006137226763,Tyler Mahle,TEX,ATH,0.35482003628763104,0.5971729393287185,0.070023652433711,1.0,-0.4447166663747243,0.4968175158126962,under,0.4968175158126962,False,2.3200000000000003,-1.0
777582,700241,Michael McGreevy,5,3.5,110.0,-128.0,betmgm,fanduel,2025-06-08 14:15:37+00:00,2025-06-08 18:15:00+00:00,2025-06-08,5,4.96607800139487,Michael McGreevy,STL,LAD,0.7124176573978438,0.4589371980676328,0.03759398496240607,1.0,0.49607708053547195,-0.4877439522399093,over,0.49607708053547195,True,2.1,1.1
777252,675911,Spencer Strider,6,7.5,-115.0,101.0,bovada,betonlineag,2025-07-04 19:15:38+00:00,2025-07-04 23:15:00+00:00,2025-07-04,6,5.926783241939349,Spencer Strider,ATL,BAL,0.2562514394876412,0.5180992939594307,0.03239615874117785,0.0,-0.5209212218274535,0.494934606629841,under,0.494934606629841,True,2.01,1.0099999999999998
777319,660271,Shohei Ohtani,1,1.5,-139.0,130.0,betrivers,draftkings,2025-06-28 16:10:38+00:00,2025-06-28 20:10:00+00:00,2025-06-28,1,3.6634612644552282,Shohei Ohtani,LAD,KC,0.8681894717264338,0.572221227850367,0.01637256685464794,0.0,0.4927862139756667,-0.6968357849707978,over,0.4927862139756667,False,1.7194244604316546,-1.0
776788,607192,Tyler Glasnow,8,5.5,-110.0,100.0,betrivers,fanduel,2025-08-10 16:10:38+00:00,2025-08-10 20:10:00+00:00,2025-08-10,8,4.204880577154825,Tyler Glasnow,LAD,TOR,0.25432613781558716,0.5116279069767442,0.023809523809523725,1.0,-0.5144682823520609,0.49134772436882557,under,0.49134772436882557,False,2.0,-1.0
777778,647336,Michael Soroka,2,5.5,125.0,-140.0,draftkings,fanduel,2025-05-25 13:35:38+00:00,2025-05-25 17:35:00+00:00,2025-05-25,2,6.878430707091483,Michael Soroka,WSH,SF,0.662363956206264,0.43243243243243246,0.02777777777777768,0.0,0.49031890146409385,-0.42119535349645254,over,0.49031890146409385,False,2.25,-1.0
777470,621112,Paul Blackburn,2,3.5,135.0,-160.0,fanatics,betmgm,2025-06-18 19:15:37+00:00,2025-06-18 23:15:00+00:00,2025-06-18,2,4.441090853252642,Paul Blackburn,NYM,ATL,0.6335901419339831,0.4088050314465409,0.04091653027823239,0.0,0.4889368335448603,-0.4045839806427225,over,0.4889368335448603,False,2.35,-1.0
778321,694973,Paul Skenes,6,6.5,-146.0,135.0,fanduel,bovada,2025-04-14 18:35:38+00:00,2025-04-14 22:40:00+00:00,2025-04-14,6,5.819362764490669,Paul Skenes,PIT,WSH,0.3664608000653206,0.582413851638092,0.019027849852966572,0.0,-0.3825386519447337,0.48881711984649656,under,0.48881711984649656,True,2.35,1.35
778339,657277,Logan Webb,5,5.5,-145.0,130.0,fanatics,fanduel,2025-04-13 13:30:38+00:00,2025-04-13 17:35:00+00:00,2025-04-13,5,4.816635628507042,Logan Webb,SF,NYY,0.3535854380641025,0.5764909248055315,0.02661934338952965,0.0,-0.4025625356847924,0.4867534924525643,under,0.4867534924525643,True,2.3,1.2999999999999998
778113,656876,Drew Rasmussen,3,4.5,-157.0,125.0,betrivers,fanatics,2025-04-30 19:05:38+00:00,2025-04-30 23:05:00+00:00,2025-04-30,3,3.835846162049306,Drew Rasmussen,TB,KC,0.34050914712246766,0.5788611224907825,0.055339386078685715,0.0,-0.4426060457931581,0.4838544189744476,under,0.4838544189744476,True,2.25,1.25
776518,663903,Brady Singer,8,5.5,-125.0,114.0,draftkings,betrivers,2025-08-31 12:10:37+00:00,2025-08-31 16:10:00+00:00,2025-08-31,8,4.532347976685037,Brady Singer,CIN,STL,0.30691828795576603,0.5431472081218274,0.022845275181723856,1.0,-0.4475470816796211,0.48319486377466037,under,0.48319486377466037,False,2.1399999999999997,-1.0
777311,686563,Jonathan Cannon,4,3.5,134.0,-140.0,betonlineag,draftkings,2025-06-29 14:05:37+00:00,2025-06-29 18:10:00+00:00,2025-06-29,4,4.440142920003081,Jonathan Cannon,CWS,SF,0.633434923767632,0.42283298097251587,0.010683760683760646,1.0,0.4822377216162588,-0.37160272645879766,over,0.4822377216162588,True,2.34,1.3399999999999999
777042,695505,Chase Burns,10,5.5,-138.0,125.0,fanduel,draftkings,2025-07-22 18:45:38+00:00,2025-07-22 22:45:00+00:00,2025-07-22,10,4.750235508216197,Chase Burns,CIN,WSH,0.3426466649485794,0.5660893345487694,0.024276377217553602,1.0,-0.40905865030607313,0.4790450038656964,under,0.4790450038656964,False,2.25,-1.0
776570,608331,Max Fried,6,6.5,-114.0,110.0,betrivers,draftkings,2025-08-27 13:05:39+00:00,2025-08-27 17:05:00+00:00,2025-08-27,6,5.352600411792095,Max Fried,NYY,WSH,0.29729318935309473,0.5280105866784297,0.008900756564307777,0.0,-0.441923311214366,0.4756843023585009,under,0.4756843023585009,True,2.1,1.1
777155,690928,Hunter Dobbins,2,3.5,140.0,-154.0,fanatics,fanduel,2025-07-11 19:10:37+00:00,2025-07-11 23:10:00+00:00,2025-07-11,2,4.322016421724989,Hunter Dobbins,BOS,TB,0.6137327206202785,0.40731237973059653,0.02296587926509197,0.0,0.47295852948866846,-0.36290981193214766,over,0.47295852948866846,False,2.4,-1.0
777954,664062,Tony Gonsolin,4,4.5,150.0,-148.0,bovada,betrivers,2025-05-11 16:05:37+00:00,2025-05-11 20:10:00+00:00,2025-05-11,4,5.248626639823429,Tony Gonsolin,LAD,AZ,0.5882630782068807,0.40129449838187703,-0.003225806451612856,0.0,0.4706576955172017,-0.31006245537369204,over,0.4706576955172017,False,2.5,-1.0
777810,641778,Eric Lauer,2,3.5,-111.0,100.0,fanduel,draftkings,2025-05-23 19:05:38+00:00,2025-05-23 23:05:00+00:00,2025-05-23,2,5.447437176789766,Eric Lauer,TOR,TB,0.7724156989688937,0.5127020785219399,0.026066350710900466,0.0,0.4682856980399692,-0.5448313979377875,over,0.4682856980399692,False,1.900900900900901,-1.0
777371,656427,Jack Flaherty,7,6.5,-143.0,120.0,betonlineag,bovada,2025-06-25 18:40:37+00:00,2025-06-25 22:40:00+00:00,2025-06-25,7,5.6030833035289005,Jack Flaherty,DET,ATH,0.33425033801748133,0.5642037302725968,0.043022820800598494,1.0,-0.4320081668653989,0.4646492563615414,under,0.4646492563615414,False,2.2,-1.0
776942,663465,Kolby Allard,5,2.5,-120.0,105.0,betonlineag,draftkings,2025-07-30 18:35:38+00:00,2025-07-30 22:40:00+00:00,2025-07-30,5,4.3951542465160625,Kolby Allard,CLE,COL,0.7979111834407512,0.5278969957081545,0.03325942350332589,1.0,0.46283716964137733,-0.5857179260535399,over,0.46283716964137733,True,1.8333333333333335,0.8333333333333335
778338,676979,Garrett Crochet,11,7.5,100.0,-110.0,betonlineag,betmgm,2025-04-13 14:05:38+00:00,2025-04-13 18:10:00+00:00,2025-04-13,11,5.755039651694624,Garrett Crochet,BOS,CWS,0.23429761465924606,0.48837209302325585,0.023809523809523725,1.0,-0.5314047706815079,0.4617954629232577,under,0.4617954629232577,False,1.9090909090909092,-1.0
776536,700241,Michael McGreevy,0,3.5,120.0,-108.0,betmgm,fanduel,2025-08-30 18:40:38+00:00,2025-08-30 22:40:00+00:00,2025-08-30,0,4.634890831583673,Michael McGreevy,STL,CIN,0.6643497642960655,0.466786355475763,-0.02622377622377625,0.0,0.46156948145134424,-0.3535625090146447,over,0.46156948145134424,False,2.2,-1.0
776244,694477,Chad Patrick,3,3.5,-103.0,-125.0,betonlineag,betonlineag,2025-09-20 19:15:39+00:00,2025-09-20 23:15:00+00:00,2025-09-20,3,5.177433092537537,Chad Patrick,MIL,STL,0.7401667254346982,0.4773429454170958,0.06294471811713187,0.0,0.4587751967305216,-0.5323001057824568,over,0.4587751967305216,False,1.970873786407767,-1.0
776402,675911,Spencer Strider,8,5.5,-138.0,140.0,fanduel,bovada,2025-09-09 19:15:39+00:00,2025-09-09 23:15:00+00:00,2025-09-09,8,5.0544011332249825,Spencer Strider,ATL,CHC,0.39274937979798574,0.5818692902319045,-0.003501400560224077,1.0,-0.3226496203484014,0.4574014884848341,under,0.4574014884848341,False,2.4,-1.0
776911,678906,Kai-Wei Teng,4,3.5,110.0,-116.0,betrivers,betonlineag,2025-08-02 16:10:38+00:00,2025-08-02 20:10:00+00:00,2025-08-02,4,4.833782241094575,Kai-Wei Teng,SF,NYM,0.6938948884596585,0.46997389033942555,0.013227513227513255,1.0,0.4571792657652829,-0.4300111716145366,over,0.4571792657652829,True,2.1,1.1
777913,592332,Kevin Gausman,6,5.5,-130.0,140.0,fanduel,bovada,2025-05-15 15:05:38+00:00,2025-05-15 19:07:00+00:00,2025-05-15,6,5.063131516295917,Kevin Gausman,TOR,TB,0.3941838919125794,0.5756457564575646,-0.018115942028985588,1.0,-0.3025977296931288,0.4539586594098093,under,0.4539586594098093,False,2.4,-1.0
777295,453286,Max Scherzer,7,5.5,-110.0,100.0,bovada,draftkings,2025-06-30 19:05:38+00:00,2025-06-30 23:07:00+00:00,2025-06-30,7,4.3259420704696705,Max Scherzer,TOR,NYY,0.2735515847806467,0.5116279069767442,0.023809523809523725,1.0,-0.4777651563278563,0.45289683043870665,under,0.45289683043870665,False,2.0,-1.0
776983,669160,Dustin May,5,4.5,128.0,-145.0,fanduel,bovada,2025-07-27 13:35:37+00:00,2025-07-27 17:35:00+00:00,2025-07-27,5,5.570540697048237,Dustin May,LAD,BOS,0.6365488305285407,0.42564280750521194,0.03043322592194775,1.0,0.45133133360507305,-0.3858928515827067,over,0.45133133360507305,True,2.2800000000000002,1.2800000000000002
778477,642547,Freddy Peralta,8,5.5,-155.0,140.0,betmgm,bovada,2025-04-02 13:05:39+00:00,2025-04-02 17:10:00+00:00,2025-04-02,8,5.074440185855009,Freddy Peralta,MIL,KC,0.39604139760694096,0.5933014354066986,0.02450980392156854,1.0,-0.3484480232918069,0.4495006457433415,under,0.4495006457433415,False,2.4,-1.0
778055,621121,Lance McCullers Jr.,4,4.5,128.0,-136.0,betonlineag,fanduel,2025-05-04 14:05:38+00:00,2025-05-04 18:10:00+00:00,2025-05-04,4,5.562269063522229,Lance McCullers Jr.,HOU,CWS,0.6353573472835563,0.43217111046000584,0.014867677668748192,0.0,0.44861475180650845,-0.3672377496979359,over,0.44861475180650845,False,2.2800000000000002,-1.0
777985,571760,Andrew Heaney,2,4.5,125.0,-142.0,betrivers,fanduel,2025-05-10 16:00:38+00:00,2025-05-10 20:05:00+00:00,2025-05-10,2,5.619683481083884,Andrew Heaney,PIT,ATL,0.6435729933175784,0.43098842386464825,0.031221303948576695,0.0,0.44803923496455145,-0.392568059034183,over,0.44803923496455145,False,2.25,-1.0
778040,656876,Drew Rasmussen,2,4.5,-180.0,133.0,betrivers,betrivers,2025-05-06 19:00:38+00:00,2025-05-06 23:05:00+00:00,2025-05-06,2,4.041760833775604,Drew Rasmussen,TB,PHI,0.378731878196238,0.5996568487274806,0.0720416922133662,0.0,-0.410861522805852,0.4475547238027655,under,0.4475547238027655,True,2.33,1.33
777587,675911,Spencer Strider,5,6.5,-130.0,115.0,betonlineag,draftkings,2025-06-08 16:05:37+00:00,2025-06-08 20:05:00+00:00,2025-06-08,5,5.554178737345462,Spencer Strider,ATL,SF,0.32699475403578826,0.5485770363101079,0.030333670374115274,0.0,-0.4214708197828362,0.44696127882305525,under,0.44696127882305525,True,2.15,1.15
778462,657746,Joe Ryan,6,5.5,-152.0,145.0,betrivers,bovada,2025-04-03 16:05:40+00:00,2025-04-03 20:10:00+00:00,2025-04-03,6,5.156586370625409,Joe Ryan,MIN,HOU,0.40950866204766195,0.5964125560538116,0.01133786848072571,1.0,-0.3210777444999289,0.44670377798322813,under,0.44670377798322813,False,2.45,-1.0
776830,669302,Logan Gilbert,6,7.5,-150.0,128.0,betmgm,betonlineag,2025-08-07 16:10:39+00:00,2025-08-07 20:10:00+00:00,2025-08-07,6,6.762443168857674,Logan Gilbert,SEA,CWS,0.36842543195619243,0.5777027027027027,0.03859649122807007,0.0,-0.38595761340634605,0.43999001513988145,under,0.43999001513988145,True,2.2800000000000002,1.2800000000000002
776494,656302,Dylan Cease,7,7.5,-130.0,110.0,fanatics,betrivers,2025-09-01 18:40:38+00:00,2025-09-01 22:40:00+00:00,2025-09-01,7,6.367445286136255,Dylan Cease,SD,BAL,0.31465032115991987,0.5427435387673957,0.04140786749482395,0.0,-0.44331097025552646,0.4392343255641684,under,0.4392343255641684,True,2.1,1.1
778296,592662,Robbie Ray,8,5.5,-186.0,138.0,betrivers,betrivers,2025-04-16 18:40:38+00:00,2025-04-16 22:45:00+00:00,2025-04-16,8,5.076640291559059,Robbie Ray,SF,PHI,0.39640268750925345,0.6075094691771422,0.07051771757654102,1.0,-0.39047758802340604,0.4365616037279767,under,0.4365616037279767,False,2.38,-1.0
777685,592332,Kevin Gausman,7,6.5,106.0,-125.0,betrivers,betmgm,2025-06-01 13:35:37+00:00,2025-06-01 17:37:00+00:00,2025-06-01,7,4.675898491326073,Kevin Gausman,TOR,ATH,0.2023977458589649,0.46632124352331605,0.04099244875943908,1.0,-0.5830606435305323,0.4356840574538632,under,0.4356840574538632,False,1.8,-1.0
777990,690928,Hunter Dobbins,6,3.5,140.0,-155.0,betrivers,draftkings,2025-05-09 19:35:38+00:00,2025-05-09 23:40:00+00:00,2025-05-09,6,4.231293056704313,Hunter Dobbins,BOS,KC,0.5981211759296228,0.4066985645933015,0.02450980392156854,1.0,0.4354908222310947,-0.3388445152390569,over,0.4354908222310947,True,2.4,1.4
778144,657746,Joe Ryan,11,7.5,128.0,-118.0,betrivers,betonlineag,2025-04-27 13:35:38+00:00,2025-04-27 17:40:00+00:00,2025-04-27,11,5.669006649283868,Joe Ryan,MIN,LAA,0.22352248884638484,0.4476018396846255,-0.02011910510220516,1.0,-0.49036872543024246,0.4345093002668483,under,0.4345093002668483,False,1.847457627118644,-1.0
777727,682052,Jacob Lopez,0,3.5,104.0,-116.0,fanduel,betonlineag,2025-05-29 19:05:37+00:00,2025-05-29 23:07:00+00:00,2025-05-29,0,4.891643866110888,Jacob Lopez,ATH,TOR,0.7021065235445354,0.47720042417815484,0.027233115468409563,0.0,0.4322973080308523,-0.4453018024622384,over,0.4322973080308523,False,2.04,-1.0
778400,666142,Cole Ragans,11,6.5,-140.0,135.0,fanatics,bovada,2025-04-08 19:35:39+00:00,2025-04-08 23:40:00+00:00,2025-04-08,11,5.984024270640449,Cole Ragans,KC,MIN,0.3910125946859485,0.578207381370826,0.00886524822695045,1.0,-0.32969269482408825,0.4311204024880211,under,0.4311204024880211,False,2.35,-1.0
777455,605280,Clay Holmes,5,4.5,125.0,-138.0,draftkings,fanduel,2025-06-19 19:15:37+00:00,2025-06-19 23:15:00+00:00,2025-06-19,5,5.558692120100133,Clay Holmes,NYM,ATL,0.6348412904050065,0.43391066545123064,0.024276377217553602,1.0,0.42839290341126457,-0.3702335298289242,over,0.42839290341126457,True,2.25,1.25
777046,453286,Max Scherzer,4,5.5,-125.0,110.0,draftkings,fanduel,2025-07-22 19:05:39+00:00,2025-07-22 23:07:00+00:00,2025-07-22,4,4.615982547233189,Max Scherzer,TOR,NYY,0.3205897276120247,0.5384615384615385,0.03174603174603163,0.0,-0.4229384902983555,0.4267615720147484,under,0.4267615720147484,True,2.1,1.1
778069,687134,Bradley Blalock,4,3.5,139.0,-146.0,betonlineag,fanduel,2025-05-03 16:00:38+00:00,2025-05-03 20:05:00+00:00,2025-05-03,4,4.220628427674417,Bradley Blalock,COL,SF,0.5962589788487056,0.41348707432682286,0.011905976800353768,1.0,0.4250589594484062,-0.3197240328546683,over,0.4250589594484062,True,2.3899999999999997,1.3899999999999997
777316,675911,Spencer Strider,4,7.5,100.0,-120.0,fanduel,betmgm,2025-06-29 13:35:37+00:00,2025-06-29 17:35:00+00:00,2025-06-29,4,5.664898930271605,Spencer Strider,ATL,PHI,0.22301206006934052,0.4782608695652174,0.045454545454545414,0.0,-0.553975879861319,0.4244778898728758,under,0.4244778898728758,True,1.8333333333333335,0.8333333333333335
778271,669387,Carmen Mlodzinski,0,3.5,-134.0,115.0,betrivers,betonlineag,2025-04-18 18:35:39+00:00,2025-04-18 22:40:00+00:00,2025-04-18,0,2.9307981121207147,Carmen Mlodzinski,PIT,CLE,0.33773840894375906,0.5518099980846581,0.03776585171933999,0.0,-0.4102180022922417,0.42386242077091807,under,0.42386242077091807,True,2.15,1.15
776879,670912,Johan Oviedo,3,4.5,125.0,-175.0,betrivers,betrivers,2025-08-04 18:40:38+00:00,2025-08-04 22:40:00+00:00,2025-08-04,3,5.542792966219711,Johan Oviedo,PIT,SF,0.6325415009553533,0.41121495327102797,0.08080808080808088,0.0,0.423218377149545,-0.4225652157869838,over,0.423218377149545,False,2.25,-1.0
778010,680684,Gunnar Hoglund,3,3.5,-130.0,120.0,draftkings,betonlineag,2025-05-07 15:30:38+00:00,2025-05-07 19:35:00+00:00,2025-05-07,3,5.744888601545432,Gunnar Hoglund,ATH,SEA,0.8039976879843524,0.5542635658914729,0.019762845849802257,0.0,0.42245744797231577,-0.5687949135655754,over,0.42245744797231577,False,1.7692307692307692,-1.0
778011,680573,Simeon Woods Richardson,1,4.5,-175.0,130.0,betrivers,betrivers,2025-05-07 19:35:38+00:00,2025-05-07 23:40:00+00:00,2025-05-07,1,4.058233570866073,Simeon Woods Richardson,MIN,BAL,0.3817829881324088,0.5940959409594095,0.07114624505928857,0.0,-0.40005530436335757,0.42189912729545953,under,0.42189912729545953,True,2.3,1.2999999999999998
778113,702070,Noah Cameron,3,4.5,140.0,-150.0,fanduel,draftkings,2025-04-30 19:05:38+00:00,2025-04-30 23:05:00+00:00,2025-04-30,3,5.275029663265041,Noah Cameron,KC,TB,0.5923686707113199,0.40983606557377056,0.016666666666666607,0.0,0.4216848097071677,-0.32061445118553333,over,0.4216848097071677,False,2.4,-1.0
777981,668964,Tobias Myers,3,3.5,100.0,-115.0,betmgm,fanduel,2025-05-10 16:05:38+00:00,2025-05-10 20:10:00+00:00,2025-05-10,3,4.938783481762115,Tobias Myers,MIL,TB,0.7086695102665846,0.4831460674157303,0.03488372093023262,0.0,0.4173390205331693,-0.4553386496288322,over,0.4173390205331693,False,2.0,-1.0
776697,607192,Tyler Glasnow,8,5.5,-115.0,102.0,fanatics,fanduel,2025-08-17 16:10:38+00:00,2025-08-17 20:10:00+00:00,2025-08-17,8,4.491017359681342,Tyler Glasnow,LAD,SD,0.30018935716869705,0.5193382517326178,0.029933225880727665,1.0,-0.438776419206349,0.4136174985192318,under,0.4136174985192318,False,2.02,-1.0
778404,676979,Garrett Crochet,5,6.5,105.0,-120.0,fanatics,bovada,2025-04-08 18:40:39+00:00,2025-04-08 22:45:00+00:00,2025-04-08,5,4.872709289082967,Garrett Crochet,BOS,TOR,0.22894611492622985,0.4721030042918455,0.03325942350332589,0.0,-0.5306604644012288,0.41359878930191196,under,0.41359878930191196,True,1.8333333333333335,0.8333333333333335
778050,681857,Reese Olson,8,5.5,-120.0,105.0,bovada,draftkings,2025-05-04 16:05:38+00:00,2025-05-04 20:07:00+00:00,2025-05-04,8,4.555062027771183,Reese Olson,DET,LAA,0.31062448701951945,0.5278969957081545,0.03325942350332589,1.0,-0.43052177379754764,0.41321980160998506,under,0.41321980160998506,False,2.05,-1.0
776200,674841,Andrew Alvarez,5,3.5,129.0,-160.0,draftkings,fanduel,2025-09-24 12:15:39+00:00,2025-09-24 16:15:00+00:00,2025-09-24,5,4.340256280990984,Andrew Alvarez,WSH,ATL,0.6168213298163029,0.4150702426564495,0.05206583809203913,1.0,0.41252084527933364,-0.37733466095149215,over,0.41252084527933364,True,2.29,1.29
777014,669194,Ryne Nelson,4,4.5,135.0,-146.0,bovada,fanduel,2025-07-25 18:40:38+00:00,2025-07-25 22:40:00+00:00,2025-07-25,4,5.330534870873322,Ryne Nelson,AZ,PIT,0.6009164838883756,0.417586148361908,0.019027849852966572,0.0,0.41215373713768266,-0.32757160983931777,over,0.41215373713768266,False,2.35,-1.0
778075,676974,Max Meyer,0,5.5,-182.0,135.0,betrivers,betrivers,2025-05-03 16:05:38+00:00,2025-05-03 20:10:00+00:00,2025-05-03,0,5.10100623292437,Max Meyer,MIA,ATH,0.4004018954147314,0.6026490066225165,0.07092198581560294,0.0,-0.379597063148603,0.40905554577538106,under,0.40905554577538106,True,2.35,1.35
778411,657006,Justin Steele,8,5.5,-112.0,105.0,fanduel,draftkings,2025-04-07 19:35:39+00:00,2025-04-07 23:40:00+00:00,2025-04-07,8,4.571327027800067,Justin Steele,CHC,TEX,0.3132816804584738,0.5199275362318841,0.01610676484123319,1.0,-0.40700253341788883,0.40777255506012855,under,0.40777255506012855,False,2.05,-1.0
778272,656876,Drew Rasmussen,7,5.5,104.0,-116.0,betrivers,betonlineag,2025-04-18 19:00:39+00:00,2025-04-18 23:05:00+00:00,2025-04-18,7,4.150054300481814,Drew Rasmussen,TB,NYY,0.2457257442219485,0.47720042417815484,0.027233115468409563,1.0,-0.498719481787225,0.4045106831729235,under,0.4045106831729235,False,1.8620689655172413,-1.0
776202,668881,Hunter Greene,7,7.5,-146.0,118.0,fanduel,draftkings,2025-09-24 18:40:40+00:00,2025-09-24 22:40:00+00:00,2025-09-24,7,6.6708002949567256,Hunter Greene,CIN,PIT,0.3558952217075779,0.5640462181895513,0.05221153128962497,0.0,-0.40034092780777963,0.40414841667748,under,0.40414841667748,True,2.1799999999999997,1.1799999999999997
777439,676083,Janson Junk,5,3.5,115.0,-124.0,fanatics,fanduel,2025-06-20 19:10:37+00:00,2025-06-20 23:10:00+00:00,2025-06-20,5,4.560969841637448,Janson Junk,MIA,ATL,0.6528463349738541,0.4565837749694252,0.018687707641195983,1.0,0.4036196201937863,-0.3728837018882527,over,0.4036196201937863,True,2.15,1.15
777090,605288,Adrian Houser,5,3.5,-106.0,100.0,betrivers,fanatics,2025-07-19 18:40:38+00:00,2025-07-19 22:40:00+00:00,2025-07-19,5,5.025657945876116,Adrian Houser,CWS,PIT,0.720467670842038,0.507177033492823,0.014563106796116498,1.0,0.40015415276848887,-0.440935341684076,over,0.40015415276848887,True,1.9433962264150944,0.9433962264150944
776307,519242,Chris Sale,9,8.5,-116.0,102.0,draftkings,fanduel,2025-09-16 18:40:39+00:00,2025-09-16 22:45:00+00:00,2025-09-16,9,7.213069781784341,Chris Sale,ATL,WSH,0.3077264824482632,0.5203410907798899,0.03208654198753225,1.0,-0.426992067165303,0.3983925054545081,under,0.3983925054545081,False,2.02,-1.0
778378,668909,Gavin Williams,7,5.5,-132.0,120.0,betrivers,fanatics,2025-04-10 13:05:39+00:00,2025-04-10 17:10:00+00:00,2025-04-10,7,4.882878837948097,Gavin Williams,CLE,CWS,0.3645053652721222,0.555895865237366,0.023510971786833812,1.0,-0.3593542064914216,0.3980881964013314,under,0.3980881964013314,False,2.2,-1.0
777124,605280,Clay Holmes,2,3.5,128.0,-143.0,fanduel,betonlineag,2025-07-13 14:10:37+00:00,2025-07-13 18:10:00+00:00,2025-07-13,2,4.311313799531992,Clay Holmes,NYM,KC,0.61191257293175,0.42703500632644453,0.027073857483214114,0.0,0.3951606662843903,-0.34052276379311375,over,0.3951606662843903,False,2.2800000000000002,-1.0
777510,686613,Hunter Brown,12,6.5,-143.0,122.0,betrivers,fanduel,2025-06-14 16:10:37+00:00,2025-06-14 20:10:00+00:00,2025-06-14,12,5.864904013665946,Hunter Brown,HOU,MIN,0.3732541268091624,0.5664275773471791,0.03892781670559442,1.0,-0.36572900129631847,0.3913758384836592,under,0.3913758384836592,False,2.2199999999999998,-1.0
776917,680730,Mitchell Parker,3,3.5,135.0,-130.0,draftkings,bovada,2025-08-01 18:40:38+00:00,2025-08-01 22:45:00+00:00,2025-08-01,3,4.195423691848252,Mitchell Parker,WSH,MIL,0.5918354585475201,0.4295051353874883,-0.009250693802035137,0.0,0.3908133275866723,-0.2778627343533048,over,0.3908133275866723,False,2.35,-1.0
778073,641927,Bailey Ober,6,5.5,128.0,-155.0,betrivers,draftkings,2025-05-03 16:05:38+00:00,2025-05-03 20:10:00+00:00,2025-05-03,6,6.47437020792123,Bailey Ober,MIN,BOS,0.6099181217600027,0.4191321499013807,0.046439628482972006,1.0,0.3906133176128064,-0.35825239386323027,over,0.3906133176128064,True,2.2800000000000002,1.2800000000000002
777221,664285,Framber Valdez,7,5.5,130.0,-158.0,betrivers,fanduel,2025-07-05 19:15:37+00:00,2025-07-05 23:15:00+00:00,2025-07-05,7,6.434471661836365,Framber Valdez,HOU,LAD,0.6044725524490193,0.4151915030576119,0.04718570947084588,1.0,0.39028687063274425,-0.35413872488510745,over,0.39028687063274425,True,2.3,1.2999999999999998
778139,668909,Gavin Williams,2,5.5,-128.0,105.0,betonlineag,betmgm,2025-04-28 18:05:38+00:00,2025-04-28 22:10:00+00:00,2025-04-28,2,4.62351136954381,Gavin Williams,CLE,MIN,0.32182353316858114,0.5350734094616639,0.04920838682071027,0.0,-0.42675183154346485,0.39026175700440846,under,0.39026175700440846,True,2.05,1.0499999999999998
777886,641778,Eric Lauer,5,4.5,130.0,-165.0,draftkings,draftkings,2025-05-17 15:05:38+00:00,2025-05-17 19:07:00+00:00,2025-05-17,5,5.350603162367935,Eric Lauer,TOR,DET,0.6039790425618212,0.4111714507370054,0.057424118129614454,1.0,0.3891517978921888,-0.36396634108413717,over,0.3891517978921888,True,2.3,1.2999999999999998
778462,686613,Hunter Brown,8,5.5,-150.0,155.0,fanatics,betrivers,2025-04-03 16:05:40+00:00,2025-04-03 20:10:00+00:00,2025-04-03,8,5.4386915746268185,Hunter Brown,HOU,MIN,0.45524741765198723,0.6047430830039525,-0.007843137254901933,1.0,-0.24125430391335467,0.38911908498743264,under,0.38911908498743264,False,2.55,-1.0
777448,592332,Kevin Gausman,4,5.5,-112.0,100.0,fanduel,draftkings,2025-06-19 15:05:37+00:00,2025-06-19 19:07:00+00:00,2025-06-19,4,4.529599472980942,Kevin Gausman,TOR,AZ,0.30647019894878896,0.5137614678899083,0.028301886792452713,0.0,-0.41989569484693523,0.38705960210242196,under,0.38705960210242196,True,2.0,1.0
776839,660271,Shohei Ohtani,8,4.5,130.0,-148.0,bovada,fanduel,2025-08-06 16:05:38+00:00,2025-08-06 20:10:00+00:00,2025-08-06,8,2.886352608622667,Shohei Ohtani,LAD,STL,0.17260279659890543,0.4214819850441876,0.03155680224403934,1.0,-0.6030135678225175,0.3864493678612937,under,0.3864493678612937,False,1.6756756756756757,-1.0
778262,668881,Hunter Greene,4,6.5,-140.0,122.0,fanatics,fanduel,2025-04-19 16:00:38+00:00,2025-04-19 20:05:00+00:00,2025-04-19,4,5.8871010282511245,Hunter Greene,CIN,BAL,0.37656495702620063,0.5642701525054467,0.03378378378378377,0.0,-0.35446007366937027,0.38402579540183446,under,0.38402579540183446,True,2.2199999999999998,1.2199999999999998
776139,477132,Clayton Kershaw,7,3.5,139.0,-150.0,betonlineag,betmgm,2025-09-28 15:05:38+00:00,2025-09-28 19:10:00+00:00,2025-09-28,7,4.120586555253584,Clayton Kershaw,LAD,SEA,0.5785173388609369,0.4108463434675431,0.018410041841004254,1.0,0.3826564398776391,-0.2975288981015616,over,0.3826564398776391,True,2.3899999999999997,1.3899999999999997
777608,668909,Gavin Williams,5,5.5,-135.0,115.0,betonlineag,draftkings,2025-06-07 16:10:37+00:00,2025-06-07 20:10:00+00:00,2025-06-07,5,4.837105017214649,Gavin Williams,CLE,HOU,0.35695941323981584,0.552594002855783,0.03958436417615041,0.0,-0.37862620658254287,0.3825372615343958,under,0.3825372615343958,True,2.15,1.15
777580,489119,Wade Miley,2,2.5,-123.0,100.0,betonlineag,betmgm,2025-06-09 18:40:37+00:00,2025-06-09 22:40:00+00:00,2025-06-09,2,4.109271455839358,Wade Miley,CIN,CLE,0.7618365256121867,0.5245202558635395,0.05156950672645744,0.0,0.38121581472778576,-0.5236730512243735,over,0.38121581472778576,False,1.8130081300813008,-1.0
776596,453286,Max Scherzer,5,5.5,-180.0,128.0,betrivers,betrivers,2025-08-25 19:05:39+00:00,2025-08-25 23:07:00+00:00,2025-08-25,5,5.066984367593934,Max Scherzer,TOR,MIN,0.3948168263139146,0.5944380069524914,0.081453634085213,0.0,-0.3858404924005773,0.37981763600427465,under,0.37981763600427465,True,2.2800000000000002,1.2800000000000002
776987,453286,Max Scherzer,11,5.5,-121.0,110.0,betrivers,bovada,2025-07-27 13:40:38+00:00,2025-07-27 17:40:00+00:00,2025-07-27,11,4.752905544778725,Max Scherzer,TOR,DET,0.34308627518690415,0.534834771627026,0.023701788407670676,1.0,-0.37337134862557175,0.37951882210750143,under,0.37951882210750143,False,2.1,-1.0
777748,675911,Spencer Strider,7,6.5,125.0,-132.0,bovada,betrivers,2025-05-27 18:45:37+00:00,2025-05-27 22:45:00+00:00,2025-05-27,7,4.775829980454242,Spencer Strider,ATL,PHI,0.21574515126406388,0.43856332703213613,0.013409961685823646,1.0,-0.5145734096558563,0.37838730989952407,under,0.37838730989952407,False,1.7575757575757576,-1.0
777070,500779,Jose Quintana,5,3.5,135.0,-150.0,fanatics,fanduel,2025-07-20 16:10:38+00:00,2025-07-20 20:10:00+00:00,2025-07-20,5,4.16487876570634,Jose Quintana,MIL,LAD,0.5864327217679568,0.41493775933609955,0.025531914893617058,1.0,0.37811689615469857,-0.3107212029465948,over,0.37811689615469857,True,2.35,1.35
776900,453286,Max Scherzer,5,5.5,105.0,-110.0,draftkings,bovada,2025-08-02 15:05:38+00:00,2025-08-02 19:07:00+00:00,2025-08-02,5,4.356707612048277,Max Scherzer,TOR,KC,0.2784829797298433,0.48220436280137774,0.011614401858304202,0.0,-0.4291098915538213,0.37744158415211726,under,0.37744158415211726,True,1.9090909090909092,0.9090909090909092
778451,700363,AJ Smith-Shawver,6,4.5,-160.0,165.0,betmgm,bovada,2025-04-05 19:10:38+00:00,2025-04-05 23:15:00+00:00,2025-04-05,6,4.60171153510312,AJ Smith-Shawver,ATL,MIA,0.48041952970507784,0.6198830409356725,-0.007256894049346818,1.0,-0.2193182642292485,0.3768882462815437,under,0.3768882462815437,False,2.65,-1.0
777813,519242,Chris Sale,6,6.5,-135.0,110.0,betmgm,fanduel,2025-05-23 19:15:38+00:00,2025-05-23 23:15:00+00:00,2025-05-23,6,5.678024921575861,Chris Sale,ATL,SD,0.345393971688699,0.5467695274831245,0.050658561296859084,0.0,-0.3987586418752277,0.3746726594537322,under,0.3746726594537322,True,2.1,1.1
777968,656288,Griffin Canning,5,4.5,-150.0,128.0,draftkings,fanduel,2025-05-11 12:00:37+00:00,2025-05-11 16:05:00+00:00,2025-05-11,5,4.143809200352804,Griffin Canning,NYM,CHC,0.39759924954310955,0.5777027027027027,0.03859649122807007,1.0,-0.33733458409481754,0.37347371104171034,under,0.37347371104171034,False,2.2800000000000002,-1.0
776771,642547,Freddy Peralta,7,6.5,-135.0,118.0,bovada,fanduel,2025-08-12 19:40:39+00:00,2025-08-12 23:40:00+00:00,2025-08-12,7,5.844139727862678,Freddy Peralta,MIL,PIT,0.3701567551890097,0.5560173814471944,0.0331836814366584,1.0,-0.3556530557820943,0.37305827368795863,under,0.37305827368795863,False,2.1799999999999997,-1.0
776496,669387,Carmen Mlodzinski,1,3.5,143.0,-160.0,betrivers,fanduel,2025-09-02 18:35:38+00:00,2025-09-02 22:40:00+00:00,2025-09-02,1,4.046276280342332,Carmen Mlodzinski,PIT,LAD,0.5650250500849967,0.40073982737361286,0.02690724912947129,0.0,0.3730108717065419,-0.2931657063881197,over,0.3730108717065419,False,2.4299999999999997,-1.0
777600,592332,Kevin Gausman,5,6.5,115.0,-130.0,betonlineag,fanduel,2025-06-07 14:10:37+00:00,2025-06-07 18:10:00+00:00,2025-06-07,5,4.837384907034655,Kevin Gausman,TOR,MIN,0.22410451093431424,0.45142296368989204,0.030333670374115274,0.0,-0.5181753014912244,0.3727381729623671,under,0.3727381729623671,True,1.7692307692307692,0.7692307692307692
777305,686799,Jack Kochanowicz,2,3.5,-125.0,110.0,betonlineag,bovada,2025-06-29 16:05:38+00:00,2025-06-29 20:07:00+00:00,2025-06-29,2,2.9706267797334887,Jack Kochanowicz,LAA,WSH,0.3463245139810926,0.5384615384615385,0.03174603174603163,0.0,-0.37661587483403336,0.37271852063970545,under,0.37271852063970545,True,2.1,1.1
776558,800049,Adam Mazur,2,3.5,120.0,-135.0,bovada,betmgm,2025-08-28 19:10:39+00:00,2025-08-28 23:10:00+00:00,2025-08-28,2,4.379466051585119,Adam Mazur,MIA,NYM,0.6234036201727107,0.44172932330827064,0.029013539651837617,0.0,0.37148796437996356,-0.344443338819163,over,0.37148796437996356,False,2.2,-1.0
778376,434378,Justin Verlander,9,4.5,-150.0,160.0,betrivers,bovada,2025-04-09 15:40:39+00:00,2025-04-09 19:45:00+00:00,2025-04-09,9,4.557112045248589,Justin Verlander,SF,CIN,0.4725367396657773,0.6093749999999999,-0.01538461538461533,1.0,-0.21243876722370458,0.3714044768689788,under,0.3714044768689788,False,2.6,-1.0
778371,682990,Quinn Priester,4,4.5,144.0,-160.0,fanduel,betmgm,2025-04-10 15:05:38+00:00,2025-04-10 19:10:00+00:00,2025-04-10,4,5.083466204382487,Quinn Priester,MIL,COL,0.5620170694734792,0.39975399753997537,0.02522068095838592,0.0,0.3713216495152891,-0.2882777378944037,over,0.3713216495152891,False,2.44,-1.0
776709,671096,Andrew Abbott,7,4.5,143.0,-150.0,betrivers,bovada,2025-08-17 13:40:38+00:00,2025-08-17 17:40:00+00:00,2025-08-17,7,5.096912038537219,Andrew Abbott,CIN,MIL,0.5641894150981628,0.40683482506102525,0.011522633744855959,1.0,0.37098027868853545,-0.2736490251636047,over,0.37098027868853545,True,2.4299999999999997,1.4299999999999997
777570,656288,Griffin Canning,4,4.5,-145.0,115.0,draftkings,fanatics,2025-06-10 19:10:37+00:00,2025-06-10 23:10:00+00:00,2025-06-10,4,3.9547188761771235,Griffin Canning,NYM,WSH,0.3625859577688797,0.5599461158509206,0.05695301376364492,0.0,-0.38735476101120325,0.3704401907969086,under,0.3704401907969086,True,2.15,1.15
778343,668881,Hunter Greene,8,7.5,-110.0,110.0,bovada,betonlineag,2025-04-13 13:35:38+00:00,2025-04-13 17:40:00+00:00,2025-04-13,8,6.614193215147535,Hunter Greene,CIN,PIT,0.34816529104357985,0.5238095238095238,0.0,1.0,-0.33532080800771114,0.3688528888084823,under,0.3688528888084823,False,2.1,-1.0
776511,571510,Matthew Boyd,5,5.5,125.0,-140.0,fanatics,draftkings,2025-08-31 15:10:37+00:00,2025-08-31 19:10:00+00:00,2025-08-31,5,6.460788619185574,Matthew Boyd,CHC,COL,0.6080696757579613,0.43243243243243246,0.02777777777777768,0.0,0.36815677045541295,-0.32811944415650507,over,0.36815677045541295,False,2.25,-1.0
777769,668909,Gavin Williams,3,5.5,-123.0,118.0,betonlineag,fanduel,2025-05-26 18:05:38+00:00,2025-05-26 22:10:00+00:00,2025-05-26,3,4.931204192289038,Gavin Williams,CLE,LAD,0.3724708366077528,0.5459543103799325,0.01028510305673258,0.0,-0.3247073450119603,0.36801357619509867,under,0.36801357619509867,True,2.1799999999999997,1.1799999999999997
777736,642547,Freddy Peralta,6,6.5,-150.0,130.0,fanduel,bovada,2025-05-28 13:10:38+00:00,2025-05-28 17:10:00+00:00,2025-05-28,6,6.081099981409621,Freddy Peralta,MIL,BOS,0.4054534569223618,0.5798319327731092,0.034782608695652195,0.0,-0.3242442384627304,0.3674570490785678,under,0.3674570490785678,True,2.3,1.2999999999999998
777873,647336,Michael Soroka,8,4.5,-110.0,-106.0,draftkings,fanduel,2025-05-18 13:30:37+00:00,2025-05-18 17:35:00+00:00,2025-05-18,8,6.173390736425058,Michael Soroka,WSH,BAL,0.7161744312571381,0.5044523597506678,0.038372630605640445,1.0,0.3672420960363545,-0.44841446074500424,over,0.3672420960363545,True,1.9090909090909092,0.9090909090909092
777636,687765,Mitch Spence,4,3.5,125.0,-160.0,fanatics,draftkings,2025-06-05 15:35:37+00:00,2025-06-05 19:35:00+00:00,2025-06-05,4,4.284476491420773,Mitch Spence,ATH,MIN,0.6073230457529448,0.4193548387096774,0.05982905982905984,1.0,0.3664768529441258,-0.3618999493485353,over,0.3664768529441258,True,2.25,1.25
776156,675911,Spencer Strider,5,6.5,-145.0,120.0,fanatics,betmgm,2025-09-27 19:10:39+00:00,2025-09-27 23:15:00+00:00,2025-09-27,5,5.90458531711162,Spencer Strider,ATL,PIT,0.3791725087560251,0.5656028368794326,0.04638218923933213,0.0,-0.35932920934326795,0.36582048073674467,under,0.36582048073674467,True,2.2,1.2000000000000002
778091,678368,Valente Bellozo,1,2.5,102.0,-130.0,betonlineag,draftkings,2025-05-02 19:05:39+00:00,2025-05-02 23:10:00+00:00,2025-05-02,1,3.5537417786267573,Valente Bellozo,MIA,ATH,0.6760183515679434,0.4669102720259846,0.06026689625484272,0.0,0.3655570701672457,-0.4268016989279,over,0.3655570701672457,False,2.02,-1.0
777135,605540,Brandon Woodruff,10,5.5,-145.0,125.0,draftkings,betrivers,2025-07-12 16:10:37+00:00,2025-07-12 20:10:00+00:00,2025-07-12,10,5.05756987209087,Brandon Woodruff,MIL,WSH,0.3932700928632077,0.5711159737417943,0.03628117913832196,1.0,-0.33550915343802834,0.3651422910577826,under,0.3651422910577826,False,2.25,-1.0
778334,669302,Logan Gilbert,7,6.5,-160.0,120.0,fanatics,fanatics,2025-04-13 16:05:38+00:00,2025-04-13 20:10:00+00:00,2025-04-13,7,5.907892339084611,Logan Gilbert,SEA,TEX,0.37966566251087447,0.5751633986928104,0.06993006993007,1.0,-0.383043298419829,0.3647355424760761,under,0.3647355424760761,False,2.2,-1.0
777666,645261,Sandy Alcantara,4,5.5,-152.0,122.0,fanduel,betonlineag,2025-06-03 18:35:37+00:00,2025-06-03 22:40:00+00:00,2025-06-03,4,5.010928594150728,Sandy Alcantara,MIA,COL,0.3856004425459854,0.5724755700325733,0.05362505362505354,0.0,-0.3607150557790242,0.3639670175479124,under,0.3639670175479124,True,2.2199999999999998,1.2199999999999998
778370,592662,Robbie Ray,7,6.5,118.0,-130.0,betonlineag,fanatics,2025-04-11 19:00:39+00:00,2025-04-11 23:05:00+00:00,2025-04-11,7,4.8736221988977775,Robbie Ray,SF,NYY,0.22907165464052687,0.4479937670432412,0.023932987634623037,1.0,-0.5006237928836514,0.36395014948214466,under,0.36395014948214466,False,1.7692307692307692,-1.0
777013,607259,Nick Martinez,5,3.5,100.0,-108.0,bovada,betonlineag,2025-07-25 19:10:38+00:00,2025-07-25 23:10:00+00:00,2025-07-25,5,4.740976298957988,Nick Martinez,CIN,TB,0.6803635094521434,0.4905660377358491,0.019230769230769162,1.0,0.3607270189042868,-0.38440379598190577,over,0.3607270189042868,True,2.0,1.0
777816,663568,Stephen Kolek,6,3.5,117.0,-145.0,betonlineag,draftkings,2025-05-22 13:05:37+00:00,2025-05-22 17:07:00+00:00,2025-05-22,6,4.401279355850178,Stephen Kolek,SD,TOR,0.6270315673956379,0.4377736085053158,0.05266622778143515,1.0,0.36065850124853416,-0.36981195870297445,over,0.36065850124853416,True,2.17,1.17
778307,656731,Tylor Megill,3,5.5,-182.0,135.0,betrivers,betrivers,2025-04-15 18:00:38+00:00,2025-04-15 23:40:00+00:00,2025-04-15,3,5.229102263104299,Tylor Megill,NYM,MIN,0.42135131826357325,0.6026490066225165,0.07092198581560294,0.0,-0.347136968404793,0.35982440208060273,under,0.35982440208060273,True,2.35,1.35
777974,657277,Logan Webb,9,5.5,-135.0,120.0,draftkings,bovada,2025-05-10 19:10:38+00:00,2025-05-10 23:15:00+00:00,2025-05-10,9,4.998002146707707,Logan Webb,SF,MIN,0.38347306909029655,0.5582706766917294,0.029013539651837617,1.0,-0.33247280565763193,0.3563592480013478,under,0.3563592480013478,False,2.2,-1.0
778254,694973,Paul Skenes,4,6.5,-130.0,115.0,fanduel,draftkings,2025-04-19 16:00:38+00:00,2025-04-19 20:05:00+00:00,2025-04-19,4,5.839868465991034,Paul Skenes,PIT,CLE,0.36951960852425003,0.5485770363101079,0.030333670374115274,0.0,-0.3462345387647884,0.3555328416728625,under,0.3555328416728625,True,2.15,1.15
778051,663568,Stephen Kolek,4,3.5,100.0,-111.0,betmgm,fanduel,2025-05-04 13:30:37+00:00,2025-05-04 17:35:00+00:00,2025-05-04,4,4.721646519527724,Stephen Kolek,SD,PIT,0.6774891139943431,0.48729792147806006,0.026066350710900466,1.0,0.35497822798868617,-0.3869387662414989,over,0.35497822798868617,True,2.0,1.0
778366,656794,Sean Newcomb,6,4.5,-128.0,115.0,fanduel,draftkings,2025-04-11 19:35:39+00:00,2025-04-11 23:40:00+00:00,2025-04-11,6,3.9938533181529365,Sean Newcomb,BOS,CWS,0.36984936640543997,0.5468998410174881,0.026519787841697173,1.0,-0.3412058160903101,0.354823862228304,under,0.354823862228304,False,2.15,-1.0
776209,690990,Cade Horton,2,3.5,135.0,116.0,betmgm,betrivers,2025-09-23 19:40:39+00:00,2025-09-23 23:40:00+00:00,2025-09-23,2,4.108407735125686,Cade Horton,CHC,NYM,0.5763242014441843,0.4789356984478936,-0.11150512214342001,0.0,0.3543618733938332,-0.08486027511943794,over,0.3543618733938332,False,2.35,-1.0
777127,660271,Shohei Ohtani,4,3.5,140.0,-175.0,draftkings,betonlineag,2025-07-12 16:05:37+00:00,2025-07-12 20:05:00+00:00,2025-07-12,4,4.041763005715948,Shohei Ohtani,LAD,SF,0.5641971256617854,0.3956834532374101,0.05303030303030298,1.0,0.35407310158828476,-0.31516691175423417,over,0.35407310158828476,True,2.4,1.4
777344,596295,Austin Gomber,1,2.5,-122.0,115.0,fanduel,bovada,2025-06-26 15:05:37+00:00,2025-06-26 19:10:00+00:00,2025-06-26,1,3.979976542119425,Austin Gomber,COL,LAD,0.7437835565818598,0.5416064422878382,0.01466582861931709,0.0,0.35344220951781047,-0.44913464665099856,over,0.35344220951781047,False,1.819672131147541,-1.0
778317,450203,Charlie Morton,2,5.5,-130.0,120.0,betmgm,bovada,2025-04-15 18:00:38+00:00,2025-04-15 23:05:00+00:00,2025-04-15,2,5.006185349579704,Charlie Morton,BAL,CLE,0.3848199010711715,0.5542635658914729,0.019762845849802257,0.0,-0.31916479041254275,0.3533962176434229,under,0.3533962176434229,True,2.2,1.2000000000000002
777286,669358,Shane Baz,11,5.5,-167.0,123.0,betrivers,betrivers,2025-07-01 19:00:37+00:00,2025-07-01 23:05:00+00:00,2025-07-01,11,5.057724866798014,Shane Baz,TB,ATH,0.3932955614324953,0.5824275503980232,0.07389865806755003,1.0,-0.3711981143564298,0.35295089800553536,under,0.35295089800553536,False,2.23,-1.0
777700,673540,Kodai Senga,7,7.5,100.0,100.0,betmgm,bovada,2025-05-31 16:10:37+00:00,2025-05-31 20:10:00+00:00,2025-05-31,7,6.435856544266953,Kodai Senga,NYM,COL,0.32390410651976753,0.5,0.0,0.0,-0.35219178696046494,0.35219178696046494,under,0.35219178696046494,True,2.0,1.0
777505,489119,Wade Miley,5,2.5,-139.0,115.0,betrivers,bovada,2025-06-15 12:05:38+00:00,2025-06-15 16:05:00+00:00,2025-06-15,5,4.293676981983545,Wade Miley,CIN,DET,0.7856923244083649,0.5556381890861765,0.046706237228763214,1.0,0.35093860096114526,-0.5392384974779845,over,0.35093860096114526,True,1.7194244604316546,0.7194244604316546
776317,669923,George Kirby,14,6.5,-145.0,133.0,bovada,betrivers,2025-09-14 16:05:38+00:00,2025-09-14 20:10:00+00:00,2025-09-14,14,6.182731675298781,George Kirby,SEA,LAA,0.4205196848439843,0.5796517114180321,0.02102128405010073,1.0,-0.28946673940154377,0.3501891343135166,under,0.3501891343135166,False,2.33,-1.0
778119,571927,Steven Matz,6,3.5,-105.0,-125.0,fanatics,fanatics,2025-04-30 18:35:39+00:00,2025-04-30 22:40:00+00:00,2025-04-30,6,4.815101175720688,Steven Matz,STL,CIN,0.691206892035619,0.4796954314720812,0.0677506775067751,1.0,0.34949917016478005,-0.4441724056641142,over,0.34949917016478005,True,1.9523809523809523,0.9523809523809523
777996,669373,Tarik Skubal,12,6.5,-148.0,130.0,fanduel,bovada,2025-05-09 18:35:38+00:00,2025-05-09 22:40:00+00:00,2025-05-09,12,6.133818752083878,Tarik Skubal,DET,TEX,0.4132766575030466,0.5785180149558123,0.03155680224403934,1.0,-0.3074823576975976,0.34946368774299263,under,0.34946368774299263,False,2.3,-1.0
778412,547179,Michael Lorenzen,3,4.5,108.0,-112.0,betrivers,betonlineag,2025-04-07 19:35:39+00:00,2025-04-07 23:40:00+00:00,2025-04-07,3,3.547029499325386,Michael Lorenzen,KC,MIN,0.2871850332792836,0.4764473211075153,0.00907111756168355,0.0,-0.4026551307790901,0.34925690129278464,under,0.34925690129278464,True,1.8928571428571428,0.8928571428571428
777865,642547,Freddy Peralta,5,5.5,-186.0,138.0,betrivers,betrivers,2025-05-18 14:05:37+00:00,2025-05-18 18:10:00+00:00,2025-05-18,5,5.302357115892458,Freddy Peralta,MIL,MIN,0.4332605767144226,0.6075094691771422,0.07051771757654102,0.0,-0.33380362935309216,0.348839827419674,under,0.348839827419674,True,2.38,1.38
776837,682052,Jacob Lopez,10,5.5,-130.0,128.0,fanduel,betonlineag,2025-08-07 12:05:38+00:00,2025-08-07 16:05:00+00:00,2025-08-07,10,5.150202149199901,Jacob Lopez,ATH,WSH,0.4084638224895453,0.5630699088145897,0.0038138825324178782,1.0,-0.27733323713388136,0.3487024847238367,under,0.3487024847238367,False,2.2800000000000002,-1.0
778156,592332,Kevin Gausman,2,5.5,-142.0,118.0,fanduel,betrivers,2025-04-27 13:30:37+00:00,2025-04-27 17:35:00+00:00,2025-04-27,2,4.9856759940782505,Kevin Gausman,TOR,NYY,0.3814438845245404,0.5612444702298934,0.04549245583440742,0.0,-0.3499336615849382,0.3484523317365016,under,0.3484523317365016,True,2.1799999999999997,1.1799999999999997
777787,693433,Bryan Woo,5,5.5,116.0,105.0,betrivers,bovada,2025-05-24 16:10:38+00:00,2025-05-24 20:10:00+00:00,2025-05-24,5,4.748158133989495,Bryan Woo,SEA,HOU,0.3423046522939283,0.4869358669833729,-0.0492321589882565,0.0,-0.26062195104511476,0.3482754627974467,under,0.3482754627974467,True,2.05,1.0499999999999998
777987,594798,Jacob deGrom,10,6.5,-102.0,-120.0,fanduel,draftkings,2025-05-10 18:05:38+00:00,2025-05-10 22:10:00+00:00,2025-05-10,10,5.127230501864669,Jacob deGrom,TEX,DET,0.26467310877108235,0.48071979434447304,0.05040504050405037,1.0,-0.47584345125726824,0.3480993005863493,under,0.3480993005863493,False,1.8333333333333335,-1.0
777758,605288,Adrian Houser,6,3.5,116.0,-142.0,betrivers,fanduel,2025-05-26 16:10:37+00:00,2025-05-26 20:10:00+00:00,2025-05-26,6,4.382037289835074,Adrian Houser,CWS,NYM,0.6238325271574806,0.4410263886863974,0.049739822467095296,1.0,0.34747825866015813,-0.35892585614162187,over,0.34747825866015813,True,2.16,1.1600000000000001
777118,543243,Sonny Gray,5,5.5,120.0,-144.0,draftkings,fanduel,2025-07-13 14:15:37+00:00,2025-07-13 18:15:00+00:00,2025-07-13,5,6.491166769876294,Sonny Gray,STL,ATL,0.6121966065009776,0.43509272467902993,0.04470938897168408,0.0,0.3468325343021508,-0.3428886943488788,over,0.3468325343021508,False,2.2,-1.0
776836,592332,Kevin Gausman,8,5.5,125.0,-130.0,fanatics,bovada,2025-08-06 15:10:38+00:00,2025-08-06 19:10:00+00:00,2025-08-06,8,6.388863046397031,Kevin Gausman,TOR,COL,0.5981907732426113,0.4401913875598086,0.009661835748792313,1.0,0.3459292397958753,-0.28910675266000463,over,0.3459292397958753,True,2.25,1.25
776929,642547,Freddy Peralta,3,6.5,110.0,-120.0,fanduel,fanatics,2025-07-30 14:10:38+00:00,2025-07-30 18:10:00+00:00,2025-07-30,3,5.1378118056448985,Freddy Peralta,MIL,CHC,0.26618663782395646,0.4661016949152542,0.02164502164502169,0.0,-0.44100806056969144,0.3453244973227465,under,0.3453244973227465,True,1.8333333333333335,0.8333333333333335
777030,686563,Jonathan Cannon,9,3.5,120.0,-140.0,bovada,fanduel,2025-07-23 19:35:38+00:00,2025-07-23 23:35:00+00:00,2025-07-23,9,4.308658328979846,Jonathan Cannon,CWS,TB,0.6114600723843484,0.43795620437956206,0.037878787878787845,1.0,0.3452121592455666,-0.33393155265888297,over,0.3452121592455666,True,2.2,1.2000000000000002
776924,668909,Gavin Williams,8,5.5,-160.0,136.0,draftkings,betonlineag,2025-08-01 19:05:38+00:00,2025-08-01 23:10:00+00:00,2025-08-01,8,5.28433584773268,Gavin Williams,CLE,MIN,0.43033637637312516,0.5922208281053952,0.039113428943937434,1.0,-0.3007033883936716,0.3444061517594248,under,0.3444061517594248,False,2.3600000000000003,-1.0
776483,622663,Luis Severino,4,3.5,120.0,-135.0,draftkings,betonlineag,2025-09-02 19:40:38+00:00,2025-09-02 23:45:00+00:00,2025-09-02,4,4.305807011854979,Luis Severino,ATH,STL,0.610973802530989,0.44172932330827064,0.029013539651837617,1.0,0.3441423655681759,-0.3228062488502401,over,0.3441423655681759,True,2.2,1.2000000000000002
777153,623167,Chris Flexen,2,2.5,-120.0,115.0,betmgm,bovada,2025-07-11 19:05:38+00:00,2025-07-11 23:05:00+00:00,2025-07-11,2,3.9040487678096425,Chris Flexen,CHC,NYY,0.7326534810143601,0.5397489539748954,0.010570824524312794,0.0,0.34319804852632707,-0.42520498418087427,over,0.34319804852632707,False,1.8333333333333335,-1.0
777271,686752,Ryan Pepiot,9,5.5,-130.0,123.0,betmgm,betrivers,2025-07-02 12:05:37+00:00,2025-07-02 16:10:00+00:00,2025-07-02,9,5.085138480879111,Ryan Pepiot,TB,ATH,0.39779793598162,0.5576072321600307,0.013647884577890457,1.0,-0.2962036517248262,0.3429106027609876,under,0.3429106027609876,False,2.23,-1.0
777359,608379,Michael Wacha,9,4.5,130.0,-150.0,bovada,fanduel,2025-06-25 19:40:37+00:00,2025-06-25 23:40:00+00:00,2025-06-25,9,5.220408544081981,Michael Wacha,KC,TB,0.583847368126395,0.42016806722689076,0.034782608695652195,1.0,0.34284894669070853,-0.30641228021065847,over,0.34284894669070853,True,2.3,1.2999999999999998
776381,592791,Jameson Taillon,2,3.5,114.0,-130.0,draftkings,fanduel,2025-09-10 19:15:39+00:00,2025-09-10 23:15:00+00:00,2025-09-10,2,4.40318211126593,Jameson Taillon,CHC,ATL,0.6273468766312456,0.45257772530499807,0.03250711093051595,0.0,0.34252231599086524,-0.34069062788604987,over,0.34252231599086524,False,2.1399999999999997,-1.0
778200,687473,Ryan Gusto,6,3.5,115.0,-130.0,bovada,draftkings,2025-04-23 19:35:39+00:00,2025-04-23 23:40:00+00:00,2025-04-23,6,4.380305310577479,Ryan Gusto,HOU,TOR,0.6235436536414374,0.45142296368989204,0.030333670374115274,1.0,0.3406188553290903,-0.3339618487502354,over,0.3406188553290903,True,2.15,1.15
777612,669194,Ryne Nelson,3,4.5,120.0,-130.0,bovada,fanduel,2025-06-07 16:10:37+00:00,2025-06-07 20:10:00+00:00,2025-06-07,3,5.384787716391299,Ryne Nelson,AZ,CIN,0.6091613438250336,0.44573643410852715,0.019762845849802257,0.0,0.3401549564150741,-0.30851622369044407,over,0.3401549564150741,False,2.2,-1.0
777398,647336,Michael Soroka,10,3.5,-150.0,132.0,fanatics,betrivers,2025-06-22 16:10:37+00:00,2025-06-22 20:10:00+00:00,2025-06-22,10,5.740842858894909,Michael Soroka,WSH,LAD,0.8035946411912628,0.5819397993311037,0.03103448275862064,1.0,0.3393244019854378,-0.5443395675637296,over,0.3393244019854378,True,1.6666666666666665,0.6666666666666665
778408,694973,Paul Skenes,7,6.5,-134.0,120.0,fanduel,bovada,2025-04-08 18:35:39+00:00,2025-04-08 22:40:00+00:00,2025-04-08,7,5.985867718112523,Paul Skenes,PIT,STL,0.3912871602760068,0.5574886535552194,0.0271950271950272,1.0,-0.31670749623443595,0.33916824739278506,under,0.33916824739278506,False,2.2,-1.0
777347,676083,Janson Junk,1,3.5,-105.0,-113.0,betmgm,fanduel,2025-06-26 15:40:37+00:00,2025-06-26 19:45:00+00:00,2025-06-26,1,4.776953532659761,Janson Junk,MIA,SF,0.6856619274380129,0.49121458379090716,0.04271155387610204,0.0,0.3386732869027871,-0.407486641984927,over,0.3386732869027871,False,1.9523809523809523,-1.0
777508,594798,Jacob deGrom,6,6.5,-137.0,120.0,betrivers,fanduel,2025-06-14 16:05:37+00:00,2025-06-14 20:05:00+00:00,2025-06-14,6,5.98772464037096,Jacob deGrom,TEX,CWS,0.3915637218974835,0.5598068350668648,0.03260452627541244,0.0,-0.3226233424109227,0.3385598118255364,under,0.3385598118255364,True,2.2,1.2000000000000002
778209,681857,Reese Olson,7,3.5,-165.0,130.0,betmgm,draftkings,2025-04-23 13:05:39+00:00,2025-04-23 17:10:00+00:00,2025-04-23,7,3.3066622051356958,Reese Olson,DET,SD,0.4181541624240327,0.5888285492629945,0.057424118129614454,1.0,-0.32841907247049296,0.33824542642472477,under,0.33824542642472477,False,2.3,-1.0
777586,642547,Freddy Peralta,3,5.5,-118.0,-105.0,fanduel,draftkings,2025-06-08 13:05:36+00:00,2025-06-08 17:05:00+00:00,2025-06-08,3,4.581062328564547,Freddy Peralta,MIL,SD,0.3148733597374564,0.513806287170773,0.05347952562094438,0.0,-0.4182848099765636,0.3376282024173469,under,0.3376282024173469,True,1.9523809523809523,0.9523809523809523
778227,668909,Gavin Williams,8,5.5,-110.0,-104.0,bovada,fanduel,2025-04-21 18:05:38+00:00,2025-04-21 22:10:00+00:00,2025-04-21,8,4.605686462602726,Gavin Williams,CLE,NYY,0.3189031808917263,0.5067750677506776,0.03361344537815114,1.0,-0.3911848364794316,0.3359976067123831,under,0.3359976067123831,False,1.9615384615384617,-1.0
777097,666214,Joey Wentz,2,2.5,-165.0,138.0,fanatics,fanduel,2025-07-19 19:15:38+00:00,2025-07-19 23:15:00+00:00,2025-07-19,2,4.708175673209589,Joey Wentz,ATL,NYY,0.8318103201074647,0.5970807358978257,0.042809576660852944,0.0,0.33593778683926145,-0.599708561855766,over,0.33593778683926145,False,1.606060606060606,-1.0
778450,571510,Matthew Boyd,5,4.5,-136.0,110.0,fanduel,draftkings,2025-04-05 14:15:38+00:00,2025-04-05 18:20:00+00:00,2025-04-05,5,3.961832649201014,Matthew Boyd,CHC,SD,0.36390665918647064,0.5475460122699387,0.05246166263115404,1.0,-0.3685149149411244,0.3357960157084119,under,0.3357960157084119,False,2.1,-1.0
776190,666157,Nick Lodolo,12,6.5,-112.0,-112.0,draftkings,fanduel,2025-09-25 13:40:40+00:00,2025-09-25 16:40:00+00:00,2025-09-25,12,5.332537756554499,Nick Lodolo,CIN,PIT,0.29436021855396216,0.5,0.05660377358490565,1.0,-0.44281815773714306,0.33567530059428585,under,0.33567530059428585,False,1.8928571428571428,-1.0
776938,701542,Will Warren,4,5.5,135.0,-155.0,betrivers,draftkings,2025-07-30 19:05:38+00:00,2025-07-30 23:05:00+00:00,2025-07-30,4,6.177896536000723,Will Warren,NYY,TB,0.5683660202537002,0.4117884537747275,0.03337505214851899,0.0,0.33566014759619556,-0.28989248493350683,over,0.33566014759619556,False,2.35,-1.0
777733,668881,Hunter Greene,3,5.5,-145.0,135.0,betmgm,bovada,2025-05-28 19:35:38+00:00,2025-05-28 23:40:00+00:00,2025-05-28,3,5.292915771319998,Hunter Greene,CIN,KC,0.4317290622141745,0.5817328211694409,0.01736864958749451,0.0,-0.27052675694846373,0.3354367037966899,under,0.3354367037966899,True,2.35,1.35
776758,700241,Michael McGreevy,2,4.5,125.0,-150.0,bovada,draftkings,2025-08-13 14:10:38+00:00,2025-08-13 18:15:00+00:00,2025-08-13,2,5.281641528557373,Michael McGreevy,STL,COL,0.5933928246842604,0.4255319148936171,0.04444444444444429,0.0,0.33513385553958575,-0.3223213744737673,over,0.33513385553958575,False,2.25,-1.0
776221,519242,Chris Sale,6,8.5,-110.0,-102.0,bovada,fanduel,2025-09-22 19:15:39+00:00,2025-09-22 23:15:00+00:00,2025-09-22,6,7.363348793323414,Chris Sale,ATL,WSH,0.32650274328564993,0.5091659028414299,0.02876001885902868,0.0,-0.3766765810001228,0.3337886848656737,under,0.3337886848656737,True,1.9803921568627452,0.9803921568627452
777019,671106,Logan Allen,4,4.5,-140.0,126.0,fanatics,fanduel,2025-07-24 13:10:38+00:00,2025-07-24 17:10:00+00:00,2025-07-24,4,4.212614240749587,Logan Allen,CLE,BAL,0.4102626533581843,0.5686556434219986,0.02581120943952797,0.0,-0.29669259424311256,0.33280640341050316,under,0.33280640341050316,True,2.26,1.2599999999999998
777830,688138,Logan Evans,7,3.5,-104.0,-110.0,fanduel,betrivers,2025-05-21 14:05:38+00:00,2025-05-21 18:10:00+00:00,2025-05-21,7,4.728141904559248,Logan Evans,SEA,CWS,0.678457156008557,0.4932249322493225,0.03361344537815114,1.0,0.33081980601678507,-0.38614547965269974,over,0.33081980601678507,True,1.9615384615384617,0.9615384615384617
778335,663554,Casey Mize,3,4.5,-120.0,105.0,fanduel,bovada,2025-04-13 14:05:38+00:00,2025-04-13 18:10:00+00:00,2025-04-13,3,3.893010009345749,Casey Mize,DET,MIN,0.3511255210347036,0.5278969957081545,0.03325942350332589,0.0,-0.35626987810304334,0.3301926818788574,under,0.3301926818788574,True,2.05,1.0499999999999998
778255,669358,Shane Baz,3,6.5,105.0,-115.0,bovada,draftkings,2025-04-19 16:05:38+00:00,2025-04-19 20:10:00+00:00,2025-04-19,3,5.296268648464137,Shane Baz,TB,NYY,0.2890709330411488,0.47698280643372154,0.022688598979013097,0.0,-0.4074045872656451,0.32912825561872183,under,0.32912825561872183,True,1.8695652173913042,0.8695652173913042
777998,693821,Bryce Elder,8,4.5,140.0,-148.0,betmgm,fanduel,2025-05-09 18:35:38+00:00,2025-05-09 22:40:00+00:00,2025-05-09,8,5.032146676706078,Bryce Elder,ATL,PIT,0.553669274795046,0.41114058355437666,0.013440860215053752,1.0,0.3288062595081105,-0.2520944604673744,over,0.3288062595081105,True,2.4,1.4
777598,693821,Bryce Elder,12,4.5,135.0,-165.0,betrivers,fanatics,2025-06-07 16:05:37+00:00,2025-06-07 20:05:00+00:00,2025-06-07,12,5.100865605707197,Bryce Elder,ATL,SF,0.5648269843178648,0.4059747223286097,0.04817342432757932,1.0,0.32734341314698234,-0.30108576269232834,over,0.32734341314698234,True,2.35,1.35
776784,663559,Bailey Falter,5,3.5,-145.0,125.0,draftkings,fanatics,2025-08-11 19:40:38+00:00,2025-08-11 23:40:00+00:00,2025-08-11,5,3.2698610841179687,Bailey Falter,KC,WSH,0.4103782252452773,0.5711159737417943,0.03628117913832196,1.0,-0.30660230906832453,0.32664899319812624,under,0.32664899319812624,False,2.25,-1.0
776148,640455,Sean Manaea,3,4.5,148.0,-160.0,betrivers,fanatics,2025-09-28 15:10:38+00:00,2025-09-28 19:10:00+00:00,2025-09-28,3,4.917992443790414,Sean Manaea,NYM,MIA,0.5347881483141119,0.3958587088915955,0.018610421836228408,0.0,0.32627460781899753,-0.24403074101043187,over,0.32627460781899753,False,2.48,-1.0
777389,621112,Paul Blackburn,5,3.5,120.0,-150.0,draftkings,fanduel,2025-06-23 19:10:37+00:00,2025-06-23 23:10:00+00:00,2025-06-23,5,4.253914302744897,Paul Blackburn,NYM,ATL,0.6020524229818867,0.4310344827586207,0.05454545454545445,1.0,0.3245153305601507,-0.33675403830314454,over,0.3245153305601507,True,2.2,1.2000000000000002
777837,592332,Kevin Gausman,9,4.5,-109.0,100.0,betonlineag,bovada,2025-05-21 19:05:37+00:00,2025-05-21 23:07:00+00:00,2025-05-21,9,3.822935421630136,Kevin Gausman,TOR,SD,0.33811227125773646,0.5105386416861827,0.021531100478468845,1.0,-0.3516929844691108,0.3237754574845271,under,0.3237754574845271,False,2.0,-1.0
777835,594798,Jacob deGrom,9,6.5,107.0,-110.0,betonlineag,draftkings,2025-05-21 19:05:37+00:00,2025-05-21 23:05:00+00:00,2025-05-21,9,5.417419731170204,Jacob deGrom,TEX,NYY,0.30680104769514693,0.4797806716929403,0.0069013112491373985,1.0,-0.3649218312710457,0.3233798180365377,under,0.3233798180365377,False,1.9090909090909092,-1.0
776747,453286,Max Scherzer,3,5.5,-110.0,-110.0,fanatics,draftkings,2025-08-14 15:05:39+00:00,2025-08-14 19:07:00+00:00,2025-08-14,3,4.532351017514134,Max Scherzer,TOR,CHC,0.30691878374892057,0.5,0.04761904761904767,0.0,-0.41406414011569703,0.3231550492066062,under,0.3231550492066062,True,1.9090909090909092,0.9090909090909092
777561,641793,Zack Littell,6,4.5,130.0,-138.0,betrivers,fanduel,2025-06-11 19:10:37+00:00,2025-06-11 23:10:00+00:00,2025-06-11,6,5.164867989455181,Zack Littell,TB,BOS,0.5750728949959203,0.4285199855959668,0.01461454146876151,1.0,0.3226676584906165,-0.2671547029639785,over,0.3226676584906165,True,2.3,1.2999999999999998
778052,688138,Logan Evans,5,3.5,110.0,-135.0,betonlineag,draftkings,2025-05-04 14:30:38+00:00,2025-05-04 18:35:00+00:00,2025-05-04,5,4.417015832649709,Logan Evans,SEA,TEX,0.6296337166812961,0.4532304725168756,0.050658561296859084,1.0,0.3222308050307219,-0.35528832163040436,over,0.3222308050307219,True,2.1,1.1
776506,675911,Spencer Strider,1,5.5,-150.0,135.0,draftkings,bovada,2025-09-01 16:00:39+00:00,2025-09-01 20:05:00+00:00,2025-09-01,1,5.328952997741154,Spencer Strider,ATL,CHC,0.4375690059569427,0.5850622406639003,0.025531914893617058,0.0,-0.2707183234050956,0.3217128360011847,under,0.3217128360011847,True,2.35,1.35
777867,605488,Jeffrey Springs,5,4.5,126.0,-138.0,betonlineag,fanduel,2025-05-18 16:00:37+00:00,2025-05-18 20:05:00+00:00,2025-05-18,5,5.224371773128114,Jeffrey Springs,ATH,SF,0.5844692842954712,0.4328217065541573,0.022309808879303894,1.0,0.32090058250776465,-0.28336007001682706,over,0.32090058250776465,True,2.26,1.2599999999999998
776507,434378,Justin Verlander,10,5.5,-105.0,-112.0,bovada,fanduel,2025-08-31 16:05:38+00:00,2025-08-31 20:05:00+00:00,2025-08-31,10,4.505221622234117,Justin Verlander,SF,BAL,0.3024996369919684,0.4922600619195047,0.040497008743672236,1.0,-0.4094054706347283,0.3202685442652027,under,0.3202685442652027,False,1.8928571428571428,-1.0
778275,690928,Hunter Dobbins,6,4.5,126.0,-140.0,williamhill_us,fanatics,2025-04-18 19:05:38+00:00,2025-04-18 23:10:00+00:00,2025-04-18,6,5.221796468702276,Hunter Dobbins,BOS,CWS,0.58406522760725,0.43134435657800146,0.02581120943952797,1.0,0.3199874143923849,-0.28696896161242846,over,0.3199874143923849,True,2.26,1.2599999999999998
776580,656876,Drew Rasmussen,5,4.5,-138.0,128.0,fanduel,betrivers,2025-08-27 13:10:39+00:00,2025-08-27 17:10:00+00:00,2025-08-27,5,4.273046657733595,Drew Rasmussen,TB,CLE,0.42133556280795154,0.5693398957730169,0.01842842400117939,1.0,-0.27334881196889516,0.3193549167978704,under,0.3193549167978704,False,2.2800000000000002,-1.0
778416,678368,Valente Bellozo,2,2.5,-130.0,145.0,fanatics,bovada,2025-04-07 19:05:38+00:00,2025-04-07 23:10:00+00:00,2025-04-07,2,3.9862529199323133,Valente Bellozo,MIA,NYM,0.7446859071311125,0.5806745670009116,-0.02661934338952976,0.0,0.3175212203088913,-0.3744804724712255,over,0.3175212203088913,False,1.7692307692307692,-1.0
777041,675911,Spencer Strider,7,7.5,-125.0,108.0,fanatics,fanduel,2025-07-23 12:15:38+00:00,2025-07-23 16:15:00+00:00,2025-07-23,7,6.751351832018315,Spencer Strider,ATL,SF,0.3669082446466489,0.5360824742268041,0.03632478632478642,0.0,-0.33956515963603195,0.3168308511349702,under,0.3168308511349702,True,2.08,1.08
776327,666157,Nick Lodolo,5,5.5,-136.0,115.0,fanduel,bovada,2025-09-14 16:00:38+00:00,2025-09-14 20:05:00+00:00,2025-09-14,5,5.022741264542385,Nick Lodolo,CIN,ATH,0.38754389618681756,0.5533686601059804,0.041387465510445365,0.0,-0.3274973566169931,0.3167806231983421,under,0.3167806231983421,True,2.15,1.15
776429,668881,Hunter Greene,12,6.5,-114.0,100.0,betrivers,draftkings,2025-09-07 13:40:38+00:00,2025-09-07 17:40:00+00:00,2025-09-07,12,5.6544694216706715,Hunter Greene,CIN,NYM,0.3418885424230888,0.5158371040723981,0.032710280373831724,1.0,-0.3582092273812193,0.3162229151538223,under,0.3162229151538223,False,2.0,-1.0
777327,605288,Adrian Houser,5,3.5,-125.0,110.0,bovada,fanduel,2025-06-28 16:10:38+00:00,2025-06-28 20:10:00+00:00,2025-06-28,5,5.106557680033964,Adrian Houser,CWS,SF,0.7311111723482973,0.5384615384615385,0.03174603174603163,1.0,0.3160001102269352,-0.4353334619314242,over,0.3160001102269352,True,1.8,0.8
776940,669194,Ryne Nelson,8,4.5,120.0,-140.0,draftkings,fanduel,2025-07-30 13:10:38+00:00,2025-07-30 17:10:00+00:00,2025-07-30,8,5.3115631493810875,Ryne Nelson,AZ,DET,0.5980075720486707,0.43795620437956206,0.037878787878787845,1.0,0.31561665850707565,-0.31087012351200694,over,0.31561665850707565,True,2.2,1.2000000000000002
778331,607067,Colin Rea,5,2.5,-150.0,115.0,fanatics,fanatics,2025-04-13 19:10:37+00:00,2025-04-13 23:10:00+00:00,2025-04-13,5,4.32352536022002,Colin Rea,CHC,LAD,0.7893517675964528,0.5633187772925764,0.06511627906976747,1.0,0.3155862793274211,-0.5471063003323735,over,0.3155862793274211,True,1.6666666666666665,0.6666666666666665
777544,673540,Kodai Senga,5,5.5,-140.0,116.0,fanatics,fanduel,2025-06-12 13:10:37+00:00,2025-06-12 17:10:00+00:00,2025-06-12,5,5.044683460808524,Kodai Senga,NYM,WSH,0.39115215304726875,0.5575221238938054,0.04629629629629628,0.0,-0.3294534519189678,0.3151113494178994,under,0.3151113494178994,True,2.16,1.1600000000000001
777504,596295,Austin Gomber,4,3.5,105.0,-130.0,betmgm,fanduel,2025-06-15 13:35:37+00:00,2025-06-15 17:35:00+00:00,2025-06-15,4,4.489575687183571,Austin Gomber,COL,ATL,0.6414675799837406,0.4632426988922458,0.05302226935312815,1.0,0.31500853896666814,-0.3656734107404641,over,0.31500853896666814,True,2.05,1.0499999999999998
777066,592332,Kevin Gausman,8,5.5,-140.0,125.0,fanduel,betrivers,2025-07-21 19:05:38+00:00,2025-07-21 23:07:00+00:00,2025-07-21,8,5.194267576824056,Kevin Gausman,TOR,NYY,0.4156684722318281,0.5675675675675677,0.02777777777777768,1.0,-0.28742547617400893,0.31474593747838675,under,0.31474593747838675,False,2.25,-1.0
776359,804636,Jonah Tong,1,5.5,-125.0,118.0,betmgm,betonlineag,2025-09-12 19:10:40+00:00,2025-09-12 23:10:00+00:00,2025-09-12,1,5.081474921500977,Jonah Tong,NYM,TEX,0.39719650112009675,0.5477386934673366,0.014271151885830946,0.0,-0.28504629798382586,0.314111627558189,under,0.314111627558189,True,2.1799999999999997,1.1799999999999997
777386,669373,Tarik Skubal,8,7.5,-167.0,125.0,betrivers,betrivers,2025-06-24 18:40:37+00:00,2025-06-24 22:40:00+00:00,2025-06-24,8,7.112411491735277,Tarik Skubal,DET,ATH,0.4162331488431857,0.5845974329054843,0.06991260923845188,1.0,-0.3345254446638888,0.3134754151028323,under,0.3134754151028323,False,2.25,-1.0
776678,656849,David Peterson,10,5.5,-110.0,100.0,draftkings,bovada,2025-08-19 18:45:39+00:00,2025-08-19 22:45:00+00:00,2025-08-19,10,4.756181045742423,David Peterson,NYM,WSH,0.34362560774649026,0.5116279069767442,0.023809523809523725,1.0,-0.34398747612033675,0.3127487845070194,under,0.3127487845070194,False,2.0,-1.0
778452,593958,Eduardo Rodriguez,12,4.5,-150.0,138.0,fanatics,betrivers,2025-04-05 16:00:38+00:00,2025-04-05 20:05:00+00:00,2025-04-05,12,4.4233972127420875,Eduardo Rodriguez,AZ,WSH,0.4486319553822273,0.5881383855024712,0.020168067226890685,1.0,-0.25228007436295463,0.31225594619029895,under,0.31225594619029895,False,2.38,-1.0
777759,594798,Jacob deGrom,0,6.5,105.0,-115.0,betrivers,bovada,2025-05-26 16:05:38+00:00,2025-05-26 20:05:00+00:00,2025-05-26,0,5.360593462403114,Jacob deGrom,TEX,TOR,0.29846305269674095,0.47698280643372154,0.022688598979013097,0.0,-0.3881507419716811,0.31156907539304957,under,0.31156907539304957,True,1.8695652173913042,0.8695652173913042
777222,656550,Grant Holmes,5,6.5,-182.0,132.0,betrivers,betrivers,2025-07-06 11:35:37+00:00,2025-07-06 15:35:00+00:00,2025-07-06,5,6.278927443684086,Grant Holmes,ATL,BAL,0.4347121278848295,0.5995683289787572,0.07642455368060652,0.0,-0.3264350545960334,0.31146786330719567,under,0.31146786330719567,True,2.3200000000000003,1.3200000000000003
776817,668964,Tobias Myers,4,3.5,100.0,-115.0,fanatics,draftkings,2025-08-09 19:10:38+00:00,2025-08-09 23:10:00+00:00,2025-08-09,4,4.578958107117126,Tobias Myers,MIL,NYM,0.6556717021641143,0.4831460674157303,0.03488372093023262,1.0,0.3113434043282286,-0.3562557910024746,over,0.3113434043282286,True,2.0,1.0
778286,681857,Reese Olson,5,4.5,-114.0,-110.0,betonlineag,fanduel,2025-04-17 18:35:39+00:00,2025-04-17 22:40:00+00:00,2025-04-17,5,3.691775610097642,Reese Olson,DET,KC,0.3138103324937195,0.5042122999157539,0.05651980418335567,1.0,-0.4109174460205617,0.30999845614835375,under,0.30999845614835375,False,1.9090909090909092,-1.0
777929,680730,Mitchell Parker,6,4.5,155.0,-160.0,betrivers,draftkings,2025-05-14 19:10:38+00:00,2025-05-14 23:15:00+00:00,2025-05-14,6,4.793375443754802,Mitchell Parker,WSH,ATL,0.5137084962341919,0.38922155688622756,0.007541478129713397,1.0,0.30995666539718925,-0.20977630638056188,over,0.30995666539718925,True,2.55,1.5499999999999998
776765,668881,Hunter Greene,6,6.5,-135.0,110.0,betonlineag,bovada,2025-08-13 17:05:38+00:00,2025-08-13 21:10:00+00:00,2025-08-13,6,5.885451543576904,Hunter Greene,CIN,PHI,0.376318940003288,0.5467695274831245,0.050658561296859084,0.0,-0.34492628962390603,0.3097302259930952,under,0.3097302259930952,True,2.1,1.1
777581,669467,Andre Pallante,3,3.5,140.0,-165.0,draftkings,betmgm,2025-06-09 19:45:37+00:00,2025-06-09 23:45:00+00:00,2025-06-09,3,3.942095138771501,Andre Pallante,STL,TOR,0.5456721699201672,0.40090771558245086,0.03930817610062887,0.0,0.3096132078084013,-0.2703219698717837,over,0.3096132078084013,False,2.4,-1.0
778222,680730,Mitchell Parker,4,4.5,-155.0,145.0,draftkings,bovada,2025-04-22 18:40:39+00:00,2025-04-22 22:45:00+00:00,2025-04-22,4,4.518568364143513,Mitchell Parker,WSH,BAL,0.46568644170347584,0.5982670342654588,0.01600640256102448,0.0,-0.2338706926813785,0.3090682178264843,under,0.3090682178264843,True,2.45,1.4500000000000002
777213,676979,Garrett Crochet,7,7.5,-140.0,120.0,fanatics,fanduel,2025-07-06 13:30:37+00:00,2025-07-06 17:35:00+00:00,2025-07-06,7,7.032709721538504,Garrett Crochet,BOS,WSH,0.4053733783769676,0.562043795620438,0.037878787878787845,0.0,-0.3050742084966269,0.30817856757067164,under,0.30817856757067164,True,2.2,1.2000000000000002
776215,665795,Edward Cabrera,3,3.5,-160.0,128.0,fanatics,betrivers,2025-09-23 18:45:39+00:00,2025-09-23 22:45:00+00:00,2025-09-23,3,5.754695045656769,Edward Cabrera,MIA,PHI,0.8049716787395366,0.5838668373879642,0.053981106612685625,0.0,0.308078977951747,-0.5553354275261433,over,0.308078977951747,False,1.625,-1.0
776610,694973,Paul Skenes,7,7.5,-134.0,120.0,fanduel,draftkings,2025-08-24 12:05:38+00:00,2025-08-24 16:05:00+00:00,2025-08-24,7,7.034988822527315,Paul Skenes,PIT,COL,0.40568427737002066,0.5574886535552194,0.0271950271950272,0.0,-0.29156626190608337,0.3074945897859547,under,0.3074945897859547,True,2.2,1.2000000000000002
777962,669022,MacKenzie Gore,7,6.5,-115.0,-104.0,draftkings,fanduel,2025-05-11 13:30:37+00:00,2025-05-11 17:35:00+00:00,2025-05-11,7,5.601611353807059,MacKenzie Gore,WSH,STL,0.33403174557832604,0.5120034919249236,0.044687642498860036,1.0,-0.37550586696226007,0.3063223452117452,under,0.3063223452117452,False,1.9615384615384617,-1.0
778241,687922,Easton Lucas,5,4.5,130.0,-154.0,draftkings,fanduel,2025-04-20 13:35:38+00:00,2025-04-20 17:37:00+00:00,2025-04-20,5,5.118399154129076,Easton Lucas,TOR,SEA,0.5676480278671654,0.4176257809930944,0.041081821294077336,1.0,0.3055904640944802,-0.28689999401467536,over,0.3055904640944802,True,2.3,1.2999999999999998
777123,642547,Freddy Peralta,7,6.5,115.0,-135.0,bovada,draftkings,2025-07-13 14:10:37+00:00,2025-07-13 18:10:00+00:00,2025-07-13,7,5.02485937332031,Freddy Peralta,MIL,WSH,0.25013865235461846,0.447405997144217,0.03958436417615041,1.0,-0.46220189743757034,0.30531419775307134,under,0.30531419775307134,False,1.7407407407407407,-1.0
777374,642547,Freddy Peralta,8,6.5,-128.0,105.0,fanduel,bovada,2025-06-24 19:35:37+00:00,2025-06-24 23:40:00+00:00,2025-06-24,8,5.798348737223544,Freddy Peralta,MIL,PIT,0.3633263842784912,0.5350734094616639,0.04920838682071027,1.0,-0.3528248780039376,0.30518091222909294,under,0.30518091222909294,False,2.05,-1.0
778415,669387,Carmen Mlodzinski,6,3.5,100.0,-120.0,fanatics,draftkings,2025-04-07 18:35:39+00:00,2025-04-07 22:40:00+00:00,2025-04-07,6,2.7000163543433993,Carmen Mlodzinski,PIT,STL,0.288109816280838,0.4782608695652174,0.045454545454545414,1.0,-0.42378036743832403,0.30513200348513037,under,0.30513200348513037,False,1.8333333333333335,-1.0
778274,554430,Zack Wheeler,13,7.5,-129.0,108.0,williamhill_us,betrivers,2025-04-18 18:40:38+00:00,2025-04-18 22:45:00+00:00,2025-04-18,13,6.793556555636872,Zack Wheeler,PHI,MIA,0.3726819675470655,0.5395318909354139,0.04408800806180713,1.0,-0.33841728241644964,0.3048215075021037,under,0.3048215075021037,False,2.08,-1.0
776503,668881,Hunter Greene,7,5.5,-115.0,105.0,betmgm,fanatics,2025-09-01 13:10:38+00:00,2025-09-01 17:10:00+00:00,2025-09-01,7,4.876912561411538,Hunter Greene,CIN,TOR,0.3635217989545626,0.5230171935662784,0.022688598979013097,1.0,-0.3203722889110352,0.3047803121431465,under,0.3047803121431465,False,2.05,-1.0
777678,594798,Jacob deGrom,4,5.5,-150.0,125.0,fanduel,betrivers,2025-06-01 13:05:36+00:00,2025-06-01 17:05:00+00:00,2025-06-01,4,5.22370655496434,Jacob deGrom,TEX,STL,0.4204718530383869,0.574468085106383,0.04444444444444429,0.0,-0.29921357826935524,0.30393833066362963,under,0.30393833066362963,True,2.25,1.25
776840,694973,Paul Skenes,8,7.5,-110.0,-105.0,fanduel,draftkings,2025-08-07 18:40:39+00:00,2025-08-07 22:40:00+00:00,2025-08-07,8,6.4978364429646085,Paul Skenes,PIT,CIN,0.3323163033785624,0.5056053811659194,0.03600464576074325,1.0,-0.36557796627729,0.3035729314989972,under,0.3035729314989972,False,1.9523809523809523,-1.0
777760,607259,Nick Martinez,2,3.5,118.0,-116.0,betrivers,betonlineag,2025-05-26 16:10:37+00:00,2025-05-26 20:10:00+00:00,2025-05-26,2,4.2300129575792225,Nick Martinez,CIN,KC,0.5978979508549034,0.4606722402320423,-0.004247366632687655,0.0,0.3034175328636892,-0.251258253316027,over,0.3034175328636892,False,2.1799999999999997,-1.0
776324,622503,Nabil Crismatt,4,3.5,134.0,-161.0,fanduel,draftkings,2025-09-14 14:05:38+00:00,2025-09-14 18:10:00+00:00,2025-09-14,4,4.002421469215693,Nabil Crismatt,AZ,MIN,0.5569397579490856,0.40925769122212813,0.04420866489831998,1.0,0.30323903360086013,-0.2817470610230518,over,0.30323903360086013,True,2.34,1.3399999999999999
777983,624133,Ranger Suarez,5,4.5,-140.0,135.0,betmgm,bovada,2025-05-10 18:05:38+00:00,2025-05-10 22:10:00+00:00,2025-05-10,5,4.406681876397582,Ranger Suarez,PHI,CLE,0.44561739171894815,0.578207381370826,0.00886524822695045,1.0,-0.23608447133894594,0.30279912946047194,under,0.30279912946047194,False,2.35,-1.0
776714,676083,Janson Junk,6,3.5,115.0,-140.0,fanatics,betmgm,2025-08-17 13:35:38+00:00,2025-08-17 17:35:00+00:00,2025-08-17,6,4.275970080153963,Janson Junk,MIA,BOS,0.605860772310596,0.44362292051756,0.04844961240310086,1.0,0.30260066046778133,-0.3243327525324502,over,0.30260066046778133,True,2.15,1.15
777540,669373,Tarik Skubal,6,7.5,-160.0,130.0,bovada,betmgm,2025-06-12 18:35:37+00:00,2025-06-12 22:35:00+00:00,2025-06-12,6,7.2418033277868785,Tarik Skubal,DET,BAL,0.43379376780133233,0.5859872611464969,0.050167224080267525,0.0,-0.295085127322835,0.3022743340569354,under,0.3022743340569354,True,2.3,1.2999999999999998
776440,571510,Matthew Boyd,3,6.5,100.0,-115.0,draftkings,betmgm,2025-09-06 14:20:39+00:00,2025-09-06 18:20:00+00:00,2025-09-06,3,5.394646141257296,Matthew Boyd,CHC,WSH,0.30345526909571563,0.4831460674157303,0.03488372093023262,0.0,-0.39308946180856874,0.30223580125583593,under,0.30223580125583593,True,1.8695652173913042,0.8695652173913042
776254,665871,Javier Assad,2,3.5,125.0,-122.0,bovada,betrivers,2025-09-20 18:40:39+00:00,2025-09-20 22:40:00+00:00,2025-09-20,2,4.116519421592485,Javier Assad,CHC,CIN,0.5777857340871582,0.44712990936555885,-0.006006006006005982,0.0,0.30001790169610576,-0.23170846694548453,over,0.30001790169610576,False,2.25,-1.0
776136,676664,JP Sears,4,3.5,125.0,-150.0,betmgm,betrivers,2025-09-28 15:05:38+00:00,2025-09-28 19:10:00+00:00,2025-09-28,4,4.116117497536417,JP Sears,SD,AZ,0.5777133917235624,0.4255319148936171,0.04444444444444429,1.0,0.29985513137801534,-0.29618898620593737,over,0.29985513137801534,True,2.25,1.25
776461,605483,Blake Snell,6,6.5,-154.0,130.0,betonlineag,betrivers,2025-09-04 18:35:39+00:00,2025-09-04 22:40:00+00:00,2025-09-04,6,6.282060442083247,Blake Snell,LAD,PIT,0.4351730509642279,0.5823742190069057,0.041081821294077336,0.0,-0.28224704581224747,0.2991019827822756,under,0.2991019827822756,True,2.3,1.2999999999999998
777909,592866,Trevor Williams,4,4.5,128.0,-150.0,betrivers,draftkings,2025-05-15 12:10:38+00:00,2025-05-15 16:15:00+00:00,2025-05-15,4,5.1282771594638215,Trevor Williams,WSH,ATL,0.5692326554603941,0.4222972972972973,0.03859649122807007,0.0,0.2978504544496987,-0.28205442576732365,over,0.2978504544496987,False,2.2800000000000002,-1.0
778385,641816,Tyler Mahle,4,4.5,-125.0,120.0,fanatics,betmgm,2025-04-09 14:15:38+00:00,2025-04-09 18:20:00+00:00,2025-04-09,4,4.211815028985335,Tyler Mahle,TEX,CHC,0.41011588507149155,0.55,0.010101010101010166,0.0,-0.2617914068713152,0.2977450528427188,under,0.2977450528427188,True,2.2,1.2000000000000002
778023,668881,Hunter Greene,6,6.5,-143.0,138.0,betonlineag,betrivers,2025-05-07 19:10:38+00:00,2025-05-07 23:15:00+00:00,2025-05-07,6,6.4158333079188585,Hunter Greene,CIN,ATL,0.45476345541967467,0.5834333321904893,0.008645433482034726,0.0,-0.22722014218894449,0.2976629761011742,under,0.2976629761011742,True,2.38,1.38
776891,665795,Edward Cabrera,7,5.5,-140.0,125.0,fanduel,betmgm,2025-08-03 13:40:38+00:00,2025-08-03 17:40:00+00:00,2025-08-03,7,5.240948894089597,Edward Cabrera,MIA,NYY,0.4232812017698632,0.5675675675675677,0.02777777777777768,1.0,-0.27437508268023447,0.2976172960178076,under,0.2976172960178076,False,2.25,-1.0
778373,608379,Michael Wacha,4,4.5,-160.0,130.0,fanatics,betmgm,2025-04-10 14:05:40+00:00,2025-04-10 18:10:00+00:00,2025-04-10,4,4.354446665873759,Michael Wacha,KC,MIN,0.4361629016317866,0.5859872611464969,0.050167224080267525,0.0,-0.2912352848483467,0.29682532624689073,under,0.29682532624689073,True,2.3,1.2999999999999998
776941,660271,Shohei Ohtani,4,4.5,110.0,-128.0,bovada,betonlineag,2025-07-30 19:10:38+00:00,2025-07-30 23:10:00+00:00,2025-07-30,4,3.4665550971427037,Shohei Ohtani,LAD,CIN,0.27252430684953594,0.4589371980676328,0.03759398496240607,0.0,-0.4276989556159745,0.29581607842426405,under,0.29581607842426405,True,1.78125,0.78125
776644,477132,Clayton Kershaw,3,3.5,-103.0,-110.0,betrivers,bovada,2025-08-21 15:10:39+00:00,2025-08-21 19:10:00+00:00,2025-08-21,3,4.590007098829884,Clayton Kershaw,LAD,COL,0.6573988263555862,0.49203821656050956,0.031198686371100237,0.0,0.2956501140794563,-0.3459432139515737,over,0.2956501140794563,False,1.970873786407767,-1.0
776404,640455,Sean Manaea,5,5.5,-149.0,120.0,betonlineag,bovada,2025-09-09 18:45:39+00:00,2025-09-09 22:45:00+00:00,2025-09-09,5,5.16849966094939,Sean Manaea,NYM,PHI,0.41145748178761166,0.5683079056865465,0.05293902884264323,0.0,-0.3123965572811054,0.29479354006725456,under,0.29479354006725456,True,2.2,1.2000000000000002
777067,693433,Bryan Woo,6,5.5,-165.0,138.0,bovada,betrivers,2025-07-20 16:05:38+00:00,2025-07-20 20:10:00+00:00,2025-07-20,6,5.4458111264328455,Bryan Woo,SEA,HOU,0.45638839835766803,0.5970807358978257,0.042809576660852944,1.0,-0.26701257233465436,0.29379561190875014,under,0.29379561190875014,False,2.38,-1.0
777475,663554,Casey Mize,4,4.5,115.0,-130.0,bovada,draftkings,2025-06-17 18:40:37+00:00,2025-06-17 22:40:00+00:00,2025-06-17,4,5.335848947538568,Casey Mize,DET,PIT,0.6017289011885143,0.45142296368989204,0.030333670374115274,0.0,0.2937171375553056,-0.2953665174873715,over,0.2937171375553056,False,2.15,-1.0
777974,657746,Joe Ryan,7,6.5,-121.0,115.0,betrivers,bovada,2025-05-10 19:10:38+00:00,2025-05-10 23:15:00+00:00,2025-05-10,7,6.033999631828516,Joe Ryan,MIN,SF,0.39845177689680567,0.5406837784474696,0.012627591286962003,1.0,-0.2722492339322806,0.2933286796718677,under,0.2933286796718677,False,2.15,-1.0
776815,661563,Luis Gil,7,4.5,-148.0,128.0,betrivers,betonlineag,2025-08-09 14:05:39+00:00,2025-08-09 18:05:00+00:00,2025-08-09,7,4.3368517799216475,Luis Gil,NYY,HOU,0.4329672070029309,0.5763869909811424,0.03537068477645722,1.0,-0.27448738285995367,0.29283476803331765,under,0.29283476803331765,False,2.2800000000000002,-1.0
776177,669456,Shane Bieber,3,5.5,-186.0,135.0,betrivers,betrivers,2025-09-26 19:05:42+00:00,2025-09-26 23:07:00+00:00,2025-09-26,3,5.405846781521499,Shane Bieber,TOR,TB,0.44997394350934194,0.6044807080625086,0.07588156524326739,0.0,-0.30810458148563546,0.29256123275304646,under,0.29256123275304646,True,2.35,1.35
777073,669373,Tarik Skubal,11,7.5,-142.0,125.0,fanduel,betonlineag,2025-07-20 19:05:37+00:00,2025-07-20 23:10:00+00:00,2025-07-20,11,7.182516312993768,Tarik Skubal,DET,TEX,0.4257598261362095,0.5690115761353518,0.031221303948576695,1.0,-0.27440931038758665,0.29204039119352876,under,0.29204039119352876,False,2.25,-1.0
777209,596295,Austin Gomber,5,3.5,110.0,-118.0,bovada,fanduel,2025-07-07 19:10:38+00:00,2025-07-07 23:10:00+00:00,2025-07-07,5,4.328970025970259,Austin Gomber,COL,BOS,0.6149121833908149,0.46801202232717903,0.01747487986020091,1.0,0.2913155851207112,-0.28856657609489533,over,0.2913155851207112,True,2.1,1.1
777264,607536,Kyle Freeland,2,3.5,125.0,-145.0,betmgm,bovada,2025-07-03 15:10:37+00:00,2025-07-03 19:10:00+00:00,2025-07-03,2,4.0935259327470765,Kyle Freeland,COL,HOU,0.5736346170063128,0.42888402625820565,0.03628117913832196,0.0,0.2906778882642038,-0.2795895252865285,over,0.2906778882642038,False,2.25,-1.0
776661,670912,Johan Oviedo,6,3.5,115.0,-128.0,draftkings,fanduel,2025-08-20 12:30:39+00:00,2025-08-20 16:35:00+00:00,2025-08-20,6,4.243604539373561,Johan Oviedo,PIT,TOR,0.600263899767765,0.45310015898251194,0.026519787841697173,1.0,0.29056738450069464,-0.28797007146133136,over,0.29056738450069464,True,2.15,1.15
777283,592332,Kevin Gausman,3,6.5,120.0,-130.0,draftkings,betrivers,2025-07-01 15:05:37+00:00,2025-07-01 19:07:00+00:00,2025-07-01,3,5.16837811337226,Kevin Gausman,TOR,NYY,0.27056977852393216,0.44573643410852715,0.019762845849802257,0.0,-0.4047464872473492,0.2905303918422739,under,0.2905303918422739,True,1.7692307692307692,0.7692307692307692
778429,669203,Corbin Burnes,3,5.5,-113.0,100.0,fanduel,betmgm,2025-04-06 13:30:38+00:00,2025-04-06 17:35:00+00:00,2025-04-06,3,4.824045161517101,Corbin Burnes,AZ,WSH,0.35480669079172794,0.5148063781321185,0.030516431924882514,0.0,-0.3312050872686898,0.290386618416544,under,0.290386618416544,True,2.0,1.0
776702,663436,Davis Martin,4,3.5,140.0,-179.0,draftkings,betonlineag,2025-08-17 14:10:38+00:00,2025-08-17 18:10:00+00:00,2025-08-17,4,3.897081509829661,Davis Martin,CWS,KC,0.537157175332021,0.3937341236240474,0.05824372759856633,1.0,0.2891772207968504,-0.2785857649029825,over,0.2891772207968504,True,2.4,1.4
778133,502043,Kyle Gibson,2,4.5,126.0,-150.0,fanduel,draftkings,2025-04-29 18:35:38+00:00,2025-04-29 22:35:00+00:00,2025-04-29,2,5.134824475947142,Kyle Gibson,BAL,NYY,0.5702811060117562,0.42444821731748733,0.04247787610619458,0.0,0.28883529958656884,-0.283801843352927,over,0.28883529958656884,False,2.26,-1.0
777682,642232,Ryan Yarbrough,5,3.5,100.0,100.0,bovada,fanduel,2025-06-01 19:10:37+00:00,2025-06-01 23:10:00+00:00,2025-06-01,5,4.507153699744392,Ryan Yarbrough,NYY,LAD,0.6442935938320202,0.5,0.0,1.0,0.28858718766404046,-0.28858718766404046,over,0.28858718766404046,True,2.0,1.0
777104,671106,Logan Allen,4,4.5,-125.0,108.0,fanatics,fanduel,2025-07-19 19:10:38+00:00,2025-07-19 23:10:00+00:00,2025-07-19,4,4.051304647532134,Logan Allen,CLE,ATH,0.3804998191278761,0.5360824742268041,0.03632478632478642,0.0,-0.3151003255698229,0.28856037621401764,under,0.28856037621401764,True,2.08,1.08
778488,694477,Chad Patrick,5,2.5,-150.0,133.0,fanatics,williamhill_us,2025-04-01 19:35:39+00:00,2025-04-01 23:40:00+00:00,2025-04-01,5,4.194344277871735,Chad Patrick,MIL,KC,0.7731125594389384,0.5829858215179317,0.029184549356223055,1.0,0.2885209323982305,-0.4713522634927265,over,0.2885209323982305,True,1.6666666666666665,0.6666666666666665
777298,542881,Tyler Anderson,7,4.5,130.0,-158.0,bovada,fanduel,2025-07-01 19:10:38+00:00,2025-07-01 23:15:00+00:00,2025-07-01,7,5.071629758984878,Tyler Anderson,LAA,ATL,0.5600996285796702,0.4151915030576119,0.04718570947084588,1.0,0.2882291457332413,-0.28168167198452476,over,0.2882291457332413,True,2.3,1.2999999999999998
776886,687134,Bradley Blalock,2,2.5,-130.0,112.0,fanduel,betrivers,2025-08-03 15:10:38+00:00,2025-08-03 19:10:00+00:00,2025-08-03,2,3.8710352231918654,Bradley Blalock,COL,PIT,0.7276896321119939,0.5450949367088608,0.03691550451189496,0.0,0.2874508875827584,-0.42270202007742697,over,0.2874508875827584,False,1.7692307692307692,-1.0
776509,694297,Brandon Pfaadt,5,4.5,135.0,-140.0,betrivers,draftkings,2025-08-31 16:10:38+00:00,2025-08-31 20:10:00+00:00,2025-08-31,5,4.994274327489874,Brandon Pfaadt,AZ,LAD,0.547452295339828,0.42179261862917394,0.00886524822695045,1.0,0.2865128940485957,-0.2242039348682765,over,0.2865128940485957,True,2.35,1.35
777780,669373,Tarik Skubal,13,7.5,114.0,-115.0,fanduel,draftkings,2025-05-25 11:35:38+00:00,2025-05-25 15:35:00+00:00,2025-05-25,13,6.351133760285037,Tarik Skubal,DET,CLE,0.31244941489322825,0.46627629581435703,0.0021734405564006742,1.0,-0.3313582521284917,0.28542065911266024,under,0.28542065911266024,False,1.8695652173913042,-1.0
776582,605135,Chris Bassitt,6,5.5,-121.0,115.0,betrivers,betmgm,2025-08-26 19:05:39+00:00,2025-08-26 23:07:00+00:00,2025-08-26,6,5.111806541905904,Chris Bassitt,TOR,MIN,0.4021732997879415,0.5406837784474696,0.012627591286962003,1.0,-0.26545207228813994,0.28532740545592583,under,0.28532740545592583,False,2.15,-1.0
778420,656876,Drew Rasmussen,4,4.5,-120.0,114.0,bovada,fanduel,2025-04-06 14:30:38+00:00,2025-04-06 18:35:00+00:00,2025-04-06,4,4.154093709326841,Drew Rasmussen,TB,TEX,0.3994954717864188,0.5385906040268456,0.01274426508071369,0.0,-0.26759163505823214,0.2850796903770636,under,0.2850796903770636,True,2.1399999999999997,1.1399999999999997
777927,669373,Tarik Skubal,11,7.5,-126.0,120.0,fanduel,bovada,2025-05-14 18:35:38+00:00,2025-05-14 22:40:00+00:00,2025-05-14,11,7.110492215374116,Tarik Skubal,DET,BOS,0.4159719718196317,0.5508744038155803,0.012067578439259874,1.0,-0.2538915426092321,0.2848616619968103,under,0.2848616619968103,False,2.2,-1.0
776490,687830,Sawyer Gipson-Long,3,3.5,115.0,-135.0,betonlineag,betmgm,2025-09-02 18:35:38+00:00,2025-09-02 22:40:00+00:00,2025-09-02,3,4.228273232004836,Sawyer Gipson-Long,DET,NYM,0.5975944449711191,0.447405997144217,0.03958436417615041,0.0,0.284828056687906,-0.299516256060837,over,0.284828056687906,False,2.15,-1.0
777140,687134,Bradley Blalock,1,3.5,130.0,-155.0,fanatics,draftkings,2025-07-12 16:10:37+00:00,2025-07-12 20:10:00+00:00,2025-07-12,1,4.010979551856861,Bradley Blalock,COL,CIN,0.5585246278326864,0.4170073589533933,0.04262574595055413,0.0,0.28460664401517866,-0.2737018070795809,over,0.28460664401517866,False,2.3,-1.0
776992,669461,Matthew Liberatore,3,3.5,130.0,-140.0,betrivers,fanduel,2025-07-26 19:10:38+00:00,2025-07-26 23:15:00+00:00,2025-07-26,3,4.010887421962569,Matthew Liberatore,STL,SD,0.5585075844570215,0.4270462633451957,0.018115942028985588,0.0,0.28456744425114944,-0.2431558590691797,over,0.28456744425114944,False,2.3,-1.0
778229,669467,Andre Pallante,1,3.5,-120.0,112.0,bovada,williamhill_us,2025-04-22 19:15:38+00:00,2025-04-22 23:15:00+00:00,2025-04-22,1,4.8813827353344825,Andre Pallante,STL,ATL,0.7006628315190107,0.536256323777403,0.0171526586620927,0.0,0.28454852445151957,-0.36540520282030253,over,0.28454852445151957,False,1.8333333333333335,-1.0
778194,668964,Tobias Myers,2,3.5,-145.0,126.0,fanatics,fanduel,2025-04-24 15:40:39+00:00,2025-04-24 19:45:00+00:00,2025-04-24,2,5.335094610378825,Tobias Myers,MIL,SF,0.7594242297539603,0.572201850881788,0.034314610800072254,0.0,0.2831650778601398,-0.45629875924395036,over,0.2831650778601398,False,1.6896551724137931,-1.0
777739,477132,Clayton Kershaw,3,3.5,-160.0,133.0,fanduel,betrivers,2025-05-28 13:10:38+00:00,2025-05-28 17:10:00+00:00,2025-05-28,3,3.4568283579921433,Clayton Kershaw,LAD,CLE,0.4495325777963778,0.5891276864728192,0.04456916474083861,0.0,-0.2695095610808861,0.28258909373443974,under,0.28258909373443974,True,2.33,1.33
778190,666142,Cole Ragans,4,8.5,-128.0,105.0,fanduel,fanatics,2025-04-24 14:05:39+00:00,2025-04-24 18:10:00+00:00,2025-04-24,4,7.7480950644038495,Cole Ragans,KC,COL,0.3750919606565615,0.5350734094616639,0.04920838682071027,0.0,-0.3318674450804999,0.2810614806540488,under,0.2810614806540488,True,2.05,1.0499999999999998
777672,668678,Zac Gallen,4,5.5,138.0,-156.0,betrivers,fanduel,2025-06-03 19:10:37+00:00,2025-06-03 23:15:00+00:00,2025-06-03,4,5.972985308320598,Zac Gallen,AZ,ATL,0.5382518091820042,0.408111210304808,0.029543067226890818,0.0,0.28103930585316994,-0.24225937917046847,over,0.28103930585316994,False,2.38,-1.0
777814,681347,Mike Burrows,3,3.5,-120.0,105.0,bovada,betmgm,2025-05-22 18:35:38+00:00,2025-05-22 22:40:00+00:00,2025-05-22,3,4.8663151206655195,Mike Burrows,PIT,MIL,0.6985330907368443,0.5278969957081545,0.03325942350332589,0.0,0.2806439996842147,-0.3819928360105309,over,0.2806439996842147,False,1.8333333333333335,-1.0
776720,677944,Slade Cecconi,3,4.5,130.0,-150.0,bovada,draftkings,2025-08-16 19:10:38+00:00,2025-08-16 23:10:00+00:00,2025-08-16,3,5.050569652087463,Slade Cecconi,CLE,ATL,0.5566762434486296,0.42016806722689076,0.034782608695652195,0.0,0.280355359931848,-0.2611270724143828,over,0.280355359931848,False,2.3,-1.0
778324,657746,Joe Ryan,8,5.5,-159.0,139.0,betrivers,betonlineag,2025-04-14 19:35:38+00:00,2025-04-14 23:40:00+00:00,2025-04-14,8,5.495508190043833,Joe Ryan,MIN,NYM,0.46433094479399273,0.5946855291779473,0.03230965574061795,1.0,-0.24363701445506847,0.2802490419423571,under,0.2802490419423571,False,2.3899999999999997,-1.0
777820,592866,Trevor Williams,3,3.5,-135.0,120.0,bovada,draftkings,2025-05-22 18:40:37+00:00,2025-05-22 22:45:00+00:00,2025-05-22,3,5.138322716146003,Trevor Williams,WSH,ATL,0.7352006069173209,0.5582706766917294,0.029013539651837617,0.0,0.2797936490782993,-0.417441335218106,over,0.2797936490782993,False,1.7407407407407407,-1.0
776961,690916,Richard Fitts,2,3.5,-170.0,140.0,fanatics,betrivers,2025-07-28 19:35:38+00:00,2025-07-28 23:40:00+00:00,2025-07-28,2,3.5415853654197433,Richard Fitts,BOS,MIN,0.4669531733453033,0.6017699115044248,0.04629629629629628,0.0,-0.2583684893927536,0.2793123839712721,under,0.2793123839712721,True,2.4,1.4
776744,669373,Tarik Skubal,3,7.5,-165.0,125.0,betrivers,betmgm,2025-08-14 19:40:39+00:00,2025-08-14 23:40:00+00:00,2025-08-14,3,7.224816507204768,Tarik Skubal,DET,MIN,0.43149422164915374,0.5834970530451867,0.06708595387840655,0.0,-0.3069941288665107,0.279138001289404,under,0.279138001289404,True,2.25,1.25
776980,663568,Stephen Kolek,2,3.5,130.0,-148.0,fanatics,fanduel,2025-07-27 14:10:38+00:00,2025-07-27 18:15:00+00:00,2025-07-27,2,3.9977840507221845,Stephen Kolek,SD,STL,0.5560795341625152,0.4214819850441876,0.03155680224403934,0.0,0.2789829285737848,-0.25613327346151193,over,0.2789829285737848,False,2.3,-1.0
777130,678394,Brayan Bello,5,4.5,125.0,-152.0,fanatics,fanduel,2025-07-13 13:35:37+00:00,2025-07-13 17:35:00+00:00,2025-07-13,5,5.1198900708915644,Brayan Bello,BOS,TB,0.5678874172958894,0.4242424242424243,0.04761904761904745,1.0,0.27774668891575116,-0.28360282341160614,over,0.27774668891575116,True,2.25,1.25
777474,641927,Bailey Ober,5,4.5,-110.0,114.0,draftkings,fanduel,2025-06-18 19:10:37+00:00,2025-06-18 23:10:00+00:00,2025-06-18,5,5.804060660912303,Bailey Ober,MIN,CIN,0.6690872234102343,0.5285136955545577,-0.008900756564307999,1.0,0.2773483356013564,-0.29184665809790156,over,0.2773483356013564,True,1.9090909090909092,0.9090909090909092
777419,676106,Emerson Hancock,5,3.5,125.0,-142.0,fanatics,fanduel,2025-06-21 14:20:37+00:00,2025-06-21 18:20:00+00:00,2025-06-21,5,4.05934832001215,Emerson Hancock,SEA,CHC,0.5674175816083705,0.43098842386464825,0.031221303948576695,1.0,0.2766895586188336,-0.2627820756987723,over,0.2766895586188336,True,2.25,1.25
777503,669022,MacKenzie Gore,5,6.5,-175.0,128.0,betrivers,betrivers,2025-06-15 13:35:37+00:00,2025-06-15 17:35:00+00:00,2025-06-15,5,6.3174988357974415,MacKenzie Gore,WSH,MIA,0.44038038224725223,0.5919881305637983,0.07496012759170645,0.0,-0.3079736850400322,0.27593272847626493,under,0.27593272847626493,True,2.2800000000000002,1.2800000000000002
777369,605280,Clay Holmes,2,4.5,106.0,-129.0,betonlineag,betrivers,2025-06-25 19:10:37+00:00,2025-06-25 23:10:00+00:00,2025-06-25,2,5.451678911129281,Clay Holmes,NYM,ATL,0.6191750375371152,0.4628693859400897,0.04875567049646001,0.0,0.2755005773264574,-0.32396188834108053,over,0.2755005773264574,False,2.06,-1.0
777829,668909,Gavin Williams,6,5.5,-115.0,-102.0,betrivers,fanduel,2025-05-21 15:30:38+00:00,2025-05-21 19:55:00+00:00,2025-05-21,6,4.832117512707719,Gavin Williams,CLE,MIN,0.35613727465994516,0.5143932683790965,0.039834215979737575,1.0,-0.33417813867923296,0.2751006913597165,under,0.2751006913597165,False,1.9803921568627452,-1.0
778424,663554,Casey Mize,6,4.5,-105.0,-105.0,bovada,draftkings,2025-04-07 15:05:38+00:00,2025-04-07 19:10:00+00:00,2025-04-07,6,3.87147806194702,Casey Mize,DET,NYY,0.34712617405272533,0.5,0.024390243902439046,1.0,-0.3222774697065839,0.2746584220875361,under,0.2746584220875361,False,1.9523809523809523,-1.0
777972,676664,JP Sears,4,4.5,-141.0,125.0,betonlineag,draftkings,2025-05-10 16:00:38+00:00,2025-05-10 20:05:00+00:00,2025-05-10,4,4.340456677069299,JP Sears,ATH,NYY,0.4336223869649721,0.568293775190327,0.029506685108344755,0.0,-0.25884400525845197,0.274349629328813,under,0.274349629328813,True,2.25,1.25
776984,668678,Zac Gallen,5,5.5,116.0,-125.0,fanduel,betmgm,2025-07-27 13:35:37+00:00,2025-07-27 17:35:00+00:00,2025-07-27,5,6.329611726163834,Zac Gallen,AZ,PIT,0.5899404832376892,0.45454545454545453,0.0185185185185186,0.0,0.27427144379340884,-0.26189286982784055,over,0.27427144379340884,False,2.16,-1.0
777699,663436,Davis Martin,3,3.5,-102.0,-115.0,fanduel,draftkings,2025-05-31 16:05:37+00:00,2025-05-31 20:05:00+00:00,2025-05-31,3,4.500237896027275,Davis Martin,CWS,BAL,0.6431836442429657,0.48560673162090345,0.039834215979737575,0.0,0.2737558444811674,-0.33290855228032723,over,0.2737558444811674,False,1.9803921568627452,-1.0
776756,471911,Carlos Carrasco,2,3.5,134.0,-159.0,betonlineag,betrivers,2025-08-13 19:05:39+00:00,2025-08-13 23:10:00+00:00,2025-08-13,2,3.935013655774691,Carlos Carrasco,ATL,NYM,0.544338628091311,0.4104205622286312,0.04125004125004117,0.0,0.27375238973366756,-0.2577591489034563,over,0.27375238973366756,False,2.34,-1.0
776694,694973,Paul Skenes,8,5.5,-130.0,120.0,betonlineag,betrivers,2025-08-18 18:35:39+00:00,2025-08-18 22:40:00+00:00,2025-08-18,8,5.229657584565083,Paul Skenes,PIT,TOR,0.4214418153685998,0.5542635658914729,0.019762845849802257,1.0,-0.2543721728094004,0.27282800618908043,under,0.27282800618908043,False,2.2,-1.0
777557,641816,Tyler Mahle,3,4.5,-129.0,115.0,betrivers,fanatics,2025-06-10 19:40:37+00:00,2025-06-10 23:40:00+00:00,2025-06-10,3,4.200792628964685,Tyler Mahle,TEX,MIN,0.40809089353103134,0.5477436555742076,0.02843505636234389,0.0,-0.2755595765999521,0.2726045789082825,under,0.2726045789082825,True,2.15,1.15
778430,676962,Ben Brown,5,4.5,-138.0,120.0,fanduel,betmgm,2025-04-06 14:15:38+00:00,2025-04-06 18:20:00+00:00,2025-04-06,5,4.274735126844414,Ben Brown,CHC,SD,0.4216441909459257,0.5605612998522895,0.03437738731856377,1.0,-0.27281654025267876,0.27238277991896376,under,0.27238277991896376,False,2.2,-1.0
776230,624133,Ranger Suarez,2,4.5,110.0,-110.0,fanatics,bovada,2025-09-21 16:10:38+00:00,2025-09-21 20:10:00+00:00,2025-09-21,2,5.362059054919339,Ranger Suarez,PHI,AZ,0.6057205846648559,0.47619047619047616,0.0,0.0,0.2720132277961975,-0.24728475254199755,over,0.2720132277961975,False,2.1,-1.0
777101,608337,Lucas Giolito,6,4.5,-160.0,135.0,draftkings,betrivers,2025-07-18 14:20:38+00:00,2025-07-18 18:20:00+00:00,2025-07-18,6,4.479613570357591,Lucas Giolito,BOS,CHC,0.4587290896493214,0.5911949685534592,0.04091653027823239,1.0,-0.2545652293198527,0.2719866393240946,under,0.2719866393240946,False,2.35,-1.0
778418,669022,MacKenzie Gore,7,5.5,-135.0,130.0,betmgm,bovada,2025-04-07 18:40:39+00:00,2025-04-07 22:45:00+00:00,2025-04-07,7,5.387285614601698,MacKenzie Gore,WSH,LAD,0.44698692153456737,0.5692025664527957,0.009250693802035137,1.0,-0.2219116551064938,0.2719300804704947,under,0.2719300804704947,False,2.3,-1.0
776664,656876,Drew Rasmussen,6,4.5,-150.0,125.0,fanatics,draftkings,2025-08-20 19:35:39+00:00,2025-08-20 23:35:00+00:00,2025-08-20,6,4.3485695065072685,Drew Rasmussen,TB,NYY,0.4350960527084374,0.574468085106383,0.04444444444444429,1.0,-0.2748399121526044,0.27103388140601603,under,0.27103388140601603,False,2.25,-1.0
776850,605488,Jeffrey Springs,5,4.5,-165.0,128.0,fanatics,betrivers,2025-08-06 18:40:38+00:00,2025-08-06 22:45:00+00:00,2025-08-06,5,4.389756140409454,Jeffrey Springs,ATH,WSH,0.4425594010969008,0.5867124142233313,0.06123800066203233,1.0,-0.2892227800564927,0.27096456549906645,under,0.27096456549906645,False,2.2800000000000002,-1.0
776674,657746,Joe Ryan,6,6.5,-139.0,115.0,betrivers,bovada,2025-08-19 19:35:39+00:00,2025-08-19 23:40:00+00:00,2025-08-19,6,6.104222745310072,Joe Ryan,MIN,ATH,0.4088867009672381,0.5556381890861765,0.046706237228763214,0.0,-0.2969502048117273,0.2708935929204379,under,0.2708935929204379,True,2.15,1.15
777510,657746,Joe Ryan,7,6.5,110.0,-111.0,betmgm,betonlineag,2025-06-14 16:10:37+00:00,2025-06-14 20:10:00+00:00,2025-06-14,7,5.585172605349906,Joe Ryan,MIN,HOU,0.33159135496759057,0.4751182166178788,0.0022568269013767406,1.0,-0.3036581545680598,0.27057859551205765,under,0.27057859551205765,False,1.900900900900901,-1.0
776812,677952,Braxton Ashcraft,5,2.5,-150.0,130.0,draftkings,bovada,2025-08-09 18:40:38+00:00,2025-08-09 22:40:00+00:00,2025-08-09,5,4.112087628665072,Braxton Ashcraft,PIT,CIN,0.7622173513895079,0.5798319327731092,0.034782608695652195,1.0,0.2703622523158462,-0.4530999081958681,over,0.2703622523158462,True,1.6666666666666665,0.6666666666666665
776367,669022,MacKenzie Gore,4,4.5,-106.0,-115.0,draftkings,fanatics,2025-09-11 18:40:39+00:00,2025-09-11 22:40:00+00:00,2025-09-11,4,5.691287253152685,MacKenzie Gore,WSH,MIA,0.6536395469101426,0.4903184165232359,0.049446827726348896,0.0,0.27028062890084326,-0.3524565442233101,over,0.27028062890084326,False,1.9433962264150944,-1.0
778459,808967,Yoshinobu Yamamoto,5,5.5,-145.0,120.0,fanatics,draftkings,2025-04-04 18:40:39+00:00,2025-04-04 22:45:00+00:00,2025-04-04,5,5.237332736343896,Yoshinobu Yamamoto,LAD,PHI,0.4226922623687785,0.5656028368794326,0.04638218923933213,0.0,-0.2857958325493053,0.2700770227886873,under,0.2700770227886873,True,2.2,1.2000000000000002
778052,594798,Jacob deGrom,3,6.5,100.0,-122.0,betmgm,fanduel,2025-05-04 14:30:38+00:00,2025-05-04 18:35:00+00:00,2025-05-04,3,5.385978488429027,Jacob deGrom,TEX,SEA,0.30218332907626566,0.47639484978540764,0.04954954954954971,0.0,-0.3956333418474687,0.2697975487300739,under,0.2697975487300739,True,1.819672131147541,0.819672131147541
778228,672456,Keider Montero,3,3.5,-143.0,125.0,betonlineag,betmgm,2025-04-21 18:35:38+00:00,2025-04-21 22:40:00+00:00,2025-04-21,3,3.390414920155957,Keider Montero,DET,SD,0.4357298234474529,0.5697211155378487,0.03292181069958833,0.0,-0.2595640063095731,0.269607897243231,under,0.269607897243231,True,2.25,1.25
778108,594902,Ben Lively,2,3.5,-162.0,128.0,betrivers,fanduel,2025-05-01 13:05:38+00:00,2025-05-01 17:10:00+00:00,2025-05-01,2,3.429424582465514,Ben Lively,CLE,MIN,0.4438526114663843,0.585022807906741,0.05691710191509314,0.0,-0.2821642950358476,0.26801604585664385,under,0.26801604585664385,True,2.2800000000000002,1.2800000000000002
776650,640455,Sean Manaea,8,5.5,-140.0,125.0,draftkings,bovada,2025-08-21 16:05:39+00:00,2025-08-21 20:05:00+00:00,2025-08-21,8,5.321967651975393,Sean Manaea,NYM,WSH,0.4364382497666762,0.5675675675675677,0.02777777777777768,1.0,-0.2518201432571264,0.2680139380249784,under,0.2680139380249784,False,2.25,-1.0
777813,601713,Nick Pivetta,7,5.5,115.0,-125.0,bovada,betmgm,2025-05-23 19:15:38+00:00,2025-05-23 23:15:00+00:00,2025-05-23,7,6.3281186410994446,Nick Pivetta,SD,ATL,0.5897312894574134,0.45569620253164556,0.02067183462532296,1.0,0.2679222723334387,-0.2615163210233441,over,0.2679222723334387,True,2.15,1.15
778102,801403,Chase Dollander,4,4.5,110.0,-132.0,draftkings,betrivers,2025-04-30 15:05:38+00:00,2025-04-30 19:10:00+00:00,2025-04-30,4,5.347087738741978,Chase Dollander,COL,ATL,0.6034436440561337,0.4556166535742341,0.0451559934318555,0.0,0.26723165251788084,-0.3030221622804774,over,0.26723165251788084,False,2.1,-1.0
777767,665795,Edward Cabrera,10,5.5,-175.0,128.0,betrivers,betrivers,2025-05-25 16:05:37+00:00,2025-05-25 20:07:00+00:00,2025-05-25,10,5.37011439330522,Edward Cabrera,MIA,LAA,0.44421930869660375,0.5919881305637983,0.07496012759170645,1.0,-0.30194108633390837,0.2671799761717435,under,0.2671799761717435,False,2.2800000000000002,-1.0
776800,571578,Patrick Corbin,1,4.5,-195.0,140.0,betrivers,betrivers,2025-08-10 14:35:38+00:00,2025-08-10 18:35:00+00:00,2025-08-10,1,4.55497727939101,Patrick Corbin,TEX,PHI,0.4721582334774907,0.6133682830930537,0.07768361581920913,0.0,-0.2857093390981551,0.26682023965402224,under,0.26682023965402224,True,2.4,1.4
777036,621107,Zach Eflin,5,3.5,120.0,-132.0,bovada,fanduel,2025-07-23 18:40:38+00:00,2025-07-23 22:40:00+00:00,2025-07-23,5,4.104687298739193,Zach Eflin,BAL,CLE,0.5756528064155996,0.444104134762634,0.023510971786833812,1.0,0.2664361741143191,-0.2541776597607508,over,0.2664361741143191,True,2.2,1.2000000000000002
778466,471911,Carlos Carrasco,5,3.5,130.0,-148.0,bovada,fanduel,2025-04-03 19:00:39+00:00,2025-04-03 23:05:00+00:00,2025-04-03,5,3.968326705715836,Carlos Carrasco,NYY,AZ,0.5505921182859024,0.4214819850441876,0.03155680224403934,1.0,0.26636187205757533,-0.24693814415475535,over,0.26636187205757533,True,2.3,1.2999999999999998
777840,669373,Tarik Skubal,8,6.5,-128.0,125.0,fanduel,betrivers,2025-05-20 19:45:38+00:00,2025-05-20 23:45:00+00:00,2025-05-20,8,6.2983465937350065,Tarik Skubal,DET,STL,0.4375676058453041,0.5581395348837209,0.005847953216374213,1.0,-0.22058270208805209,0.2654728868480658,under,0.2654728868480658,False,2.25,-1.0
777413,656302,Dylan Cease,4,6.5,-108.0,-105.0,betonlineag,draftkings,2025-06-21 19:15:37+00:00,2025-06-21 23:15:00+00:00,2025-06-21,4,5.72158381265676,Dylan Cease,SD,KC,0.3518815544815439,0.5034106412005458,0.031425891181988685,0.0,-0.3223021913688784,0.2653741079169858,under,0.2653741079169858,True,1.9523809523809523,0.9523809523809523
777337,701542,Will Warren,7,6.5,-125.0,100.0,betonlineag,fanduel,2025-06-27 19:05:37+00:00,2025-06-27 23:05:00+00:00,2025-06-27,7,5.826166342270427,Will Warren,NYY,ATH,0.3674756672594575,0.5263157894736842,0.05555555555555558,1.0,-0.3385437989329765,0.2650486654810851,under,0.2650486654810851,False,2.0,-1.0
777773,673540,Kodai Senga,5,5.5,-118.0,110.0,betrivers,bovada,2025-05-25 19:10:37+00:00,2025-05-25 23:10:00+00:00,2025-05-25,5,5.085266998214464,Kodai Senga,NYM,LAD,0.39781903272720526,0.5319879776728209,0.01747487986020091,0.0,-0.26504619377516314,0.264580031272869,under,0.264580031272869,True,2.1,1.1
776308,694973,Paul Skenes,6,6.5,-114.0,105.0,betonlineag,draftkings,2025-09-16 18:40:39+00:00,2025-09-16 22:40:00+00:00,2025-09-16,6,5.9319566401679795,Paul Skenes,PIT,CHC,0.3832536681432355,0.5220013401831584,0.0205151584226122,0.0,-0.2805589036609438,0.26432998030636723,under,0.26432998030636723,True,2.05,1.0499999999999998
778264,681343,Shane Smith,3,4.5,120.0,-130.0,betonlineag,draftkings,2025-04-19 16:05:38+00:00,2025-04-19 20:10:00+00:00,2025-04-19,3,5.1614815844791995,Shane Smith,CWS,BOS,0.5745343642942335,0.44573643410852715,0.019762845849802257,0.0,0.2639756014473138,-0.24725310605902862,over,0.2639756014473138,False,2.2,-1.0
777693,676467,Colton Gordon,6,4.5,120.0,-142.0,betmgm,fanduel,2025-05-31 16:10:37+00:00,2025-05-31 20:10:00+00:00,2025-05-31,6,5.159769206232576,Colton Gordon,HOU,TB,0.5742618958361081,0.43650793650793646,0.04132231404958686,1.0,0.263376170839438,-0.2744463295235082,over,0.263376170839438,True,2.2,1.2000000000000002
778473,543243,Sonny Gray,9,6.5,135.0,-150.0,bovada,betmgm,2025-04-02 13:10:38+00:00,2025-04-02 17:15:00+00:00,2025-04-02,9,6.999942995412167,Sonny Gray,STL,LAA,0.5374293530467114,0.41493775933609955,0.025531914893617058,1.0,0.2629589796597718,-0.22904892174451896,over,0.2629589796597718,True,2.35,1.35
778234,641816,Tyler Mahle,4,5.5,128.0,-140.0,betonlineag,draftkings,2025-04-20 14:30:38+00:00,2025-04-20 18:35:00+00:00,2025-04-20,4,4.26350175010538,Tyler Mahle,TEX,LAD,0.26359777889572145,0.4291845493562232,0.021929824561403466,0.0,-0.39899706411775504,0.2624038076073347,under,0.2624038076073347,True,1.7142857142857144,0.7142857142857144
776810,594798,Jacob deGrom,8,6.5,-112.0,100.0,betrivers,betonlineag,2025-08-09 19:15:38+00:00,2025-08-09 23:15:00+00:00,2025-08-09,8,5.83650411119399,Jacob deGrom,TEX,PHI,0.36901774604117904,0.5137614678899083,0.028301886792452713,1.0,-0.30150212356491113,0.26196450791764203,under,0.26196450791764203,False,2.0,-1.0
777759,592332,Kevin Gausman,6,5.5,110.0,-113.0,draftkings,fanduel,2025-05-26 16:05:38+00:00,2025-05-26 20:05:00+00:00,2025-05-26,6,4.676484550272213,Kevin Gausman,TOR,TEX,0.33051649359641316,0.47301798800799466,0.0067069081153587895,1.0,-0.30591536344753234,0.26194678640676106,under,0.26194678640676106,False,1.8849557522123894,-1.0
776353,605135,Chris Bassitt,6,5.5,-145.0,124.0,betmgm,draftkings,2025-09-12 19:05:39+00:00,2025-09-12 23:07:00+00:00,2025-09-12,6,5.323362217611276,Chris Bassitt,TOR,BAL,0.43666404435345857,0.5700245700245701,0.03826530612244894,1.0,-0.26218833885105275,0.2618725406482527,under,0.2618725406482527,False,2.24,-1.0
776450,656849,David Peterson,4,4.5,115.0,-120.0,draftkings,betmgm,2025-09-05 18:40:38+00:00,2025-09-05 22:40:00+00:00,2025-09-05,4,5.239796476310414,David Peterson,NYM,CIN,0.5868843756136213,0.46025104602510464,0.010570824524312794,0.0,0.2618014075692856,-0.24262135529163897,over,0.2618014075692856,False,2.15,-1.0
777313,593423,Frankie Montas,5,4.5,-115.0,105.0,fanduel,draftkings,2025-06-29 13:35:37+00:00,2025-06-29 17:35:00+00:00,2025-06-29,5,5.847594901947321,Frankie Montas,NYM,PIT,0.6749168158532441,0.5230171935662784,0.022688598979013097,1.0,0.2618010035517173,-0.33357947249915054,over,0.2618010035517173,True,1.8695652173913042,0.8695652173913042
776659,673540,Kodai Senga,4,4.5,-155.0,143.0,draftkings,betrivers,2025-08-20 18:45:39+00:00,2025-08-20 22:45:00+00:00,2025-08-20,4,4.604094678413338,Kodai Senga,NYM,WSH,0.4808393767853997,0.5962954167656138,0.019365770999757892,0.0,-0.20894167044982637,0.26156031441147864,under,0.26156031441147864,True,2.4299999999999997,1.4299999999999997
776343,453286,Max Scherzer,5,6.5,110.0,-119.0,betonlineag,draftkings,2025-09-13 15:05:39+00:00,2025-09-13 19:07:00+00:00,2025-09-13,5,5.47018868755872,Max Scherzer,TOR,BAL,0.3145736091010021,0.4670505438259757,0.019569471624266033,0.0,-0.33939542088789554,0.26141495467966847,under,0.26141495467966847,True,1.8403361344537816,0.8403361344537816
777857,663436,Davis Martin,3,4.5,130.0,-150.0,bovada,betmgm,2025-05-19 19:35:37+00:00,2025-05-19 23:40:00+00:00,2025-05-19,3,4.9990947971847035,Davis Martin,CWS,SEA,0.5482462381185783,0.42016806722689076,0.034782608695652195,0.0,0.26096634767272997,-0.24707706353096393,over,0.26096634767272997,False,2.3,-1.0
776422,641927,Bailey Ober,6,3.5,108.0,-104.0,betrivers,fanduel,2025-09-07 14:10:38+00:00,2025-09-07 18:10:00+00:00,2025-09-07,6,4.277585227442104,Bailey Ober,MIN,KC,0.6061386997528428,0.4853444994290065,-0.009426847662141746,1.0,0.2607684954859131,-0.22742591105365317,over,0.2607684954859131,True,2.08,1.08
778068,669467,Andre Pallante,1,3.5,106.0,-134.0,fanduel,fanduel,2025-05-04 18:10:37+00:00,2025-05-04 22:15:00+00:00,2025-05-04,1,4.310989812861677,Andre Pallante,STL,NYM,0.6118573836595469,0.4587875460748177,0.058086465853456115,0.0,0.26042621033866653,-0.32219871474876105,over,0.26042621033866653,False,2.06,-1.0
776437,434378,Justin Verlander,6,4.5,-175.0,125.0,betrivers,betrivers,2025-09-06 19:15:39+00:00,2025-09-06 23:15:00+00:00,2025-09-06,6,4.374790321293285,Justin Verlander,SF,STL,0.43985103509339935,0.5887850467289719,0.08080808080808088,1.0,-0.3088055162818011,0.2603351710398516,under,0.2603351710398516,False,2.25,-1.0
777537,642232,Ryan Yarbrough,3,4.5,120.0,-130.0,bovada,betmgm,2025-06-13 19:10:37+00:00,2025-06-13 23:10:00+00:00,2025-06-13,3,5.151071455771397,Ryan Yarbrough,NYY,BOS,0.5728763453089627,0.44573643410852715,0.019762845849802257,0.0,0.2603279596797181,-0.24431968785431868,over,0.2603279596797181,False,2.2,-1.0
777963,669854,Ronel Blanco,11,5.5,-132.0,130.0,fanduel,bovada,2025-05-11 14:05:37+00:00,2025-05-11 18:10:00+00:00,2025-05-11,11,5.418833689071445,Ronel Blanco,HOU,CIN,0.45206097975521264,0.566840926064227,0.0037481259370315545,1.0,-0.20546858103629295,0.26025974656301076,under,0.26025974656301076,False,2.3,-1.0
777794,682990,Quinn Priester,7,3.5,112.0,-115.0,fanduel,draftkings,2025-05-24 16:05:38+00:00,2025-05-24 20:05:00+00:00,2025-05-24,7,4.2102160604241625,Quinn Priester,MIL,PIT,0.594435383696621,0.468613775065388,0.006581834137779685,1.0,0.2602030134368365,-0.24177049995455224,over,0.2602030134368365,True,2.12,1.12
778252,592836,Taijuan Walker,2,4.5,-118.0,100.0,fanduel,fanatics,2025-04-19 13:00:38+00:00,2025-04-19 17:05:00+00:00,2025-04-19,2,3.994756035565567,Taijuan Walker,PHI,MIA,0.37001684419234593,0.5198237885462554,0.041284403669724856,0.0,-0.31640955903447954,0.25996631161530814,under,0.25996631161530814,True,2.0,1.0
776613,624133,Ranger Suarez,11,6.5,110.0,-125.0,betmgm,draftkings,2025-08-24 13:35:39+00:00,2025-08-24 17:35:00+00:00,2025-08-24,11,5.371505762995148,Ranger Suarez,PHI,WSH,0.30006138909529656,0.46153846153846156,0.03174603174603163,1.0,-0.36987108289987725,0.2598894996284662,under,0.2598894996284662,False,1.8,-1.0
778343,669387,Carmen Mlodzinski,4,4.5,130.0,-148.0,fanduel,betrivers,2025-04-13 13:35:38+00:00,2025-04-13 17:40:00+00:00,2025-04-13,4,3.331426040945903,Carmen Mlodzinski,PIT,CIN,0.24822702874759442,0.4214819850441876,0.03155680224403934,0.0,-0.4290778338805329,0.2597276815580851,under,0.2597276815580851,True,1.6756756756756757,0.6756756756756757
777580,682847,Luis Ortiz,5,5.5,-140.0,120.0,fanduel,draftkings,2025-06-09 18:40:37+00:00,2025-06-09 22:40:00+00:00,2025-06-09,5,5.267967123815961,Luis Ortiz,CLE,CIN,0.4276770843348989,0.562043795620438,0.037878787878787845,0.0,-0.26683928399731605,0.25911041446322236,under,0.25911041446322236,True,2.2,1.2000000000000002
777032,694297,Brandon Pfaadt,5,5.5,106.0,-120.0,fanduel,bovada,2025-07-23 15:40:38+00:00,2025-07-23 19:40:00+00:00,2025-07-23,5,4.571277983268843,Brandon Pfaadt,AZ,HOU,0.3132736641877026,0.4708904109589041,0.030891438658428916,0.0,-0.3546562517733327,0.2589982823225454,under,0.2589982823225454,True,1.8333333333333335,0.8333333333333335
777597,663568,Stephen Kolek,2,3.5,-130.0,115.0,draftkings,bovada,2025-06-07 19:35:37+00:00,2025-06-07 23:35:00+00:00,2025-06-07,2,4.958747691855615,Stephen Kolek,SD,MIL,0.7114147734520088,0.5485770363101079,0.030333670374115274,0.0,0.2586569068766309,-0.37954176292181885,over,0.2586569068766309,False,1.7692307692307692,-1.0
776884,656302,Dylan Cease,9,6.5,-110.0,100.0,fanduel,draftkings,2025-08-03 16:10:38+00:00,2025-08-03 20:10:00+00:00,2025-08-03,9,5.847736709220461,Dylan Cease,SD,STL,0.37069331817886375,0.5116279069767442,0.023809523809523725,1.0,-0.29231275620398733,0.2586133636422725,under,0.2586133636422725,False,2.0,-1.0
778480,668881,Hunter Greene,8,6.5,-104.0,-115.0,fanduel,fanatics,2025-04-02 12:35:39+00:00,2025-04-02 16:40:00+00:00,2025-04-02,8,5.553198248537409,Hunter Greene,CIN,TEX,0.3268494441610836,0.48799650807507633,0.044687642498860036,1.0,-0.35887224414556673,0.25849886526406096,under,0.25849886526406096,False,1.8695652173913042,-1.0
778189,663978,Chris Paddack,5,5.5,120.0,-127.0,bovada,betrivers,2025-04-24 13:05:39+00:00,2025-04-24 17:10:00+00:00,2025-04-24,5,4.4651116883059405,Chris Paddack,MIN,CWS,0.29598243566024873,0.44826224328594,0.014016820184221013,0.0,-0.3488386415474527,0.258362103189949,under,0.258362103189949,True,1.7874015748031495,0.7874015748031495
777551,663460,Kris Bubic,3,5.5,116.0,-123.0,betrivers,betonlineag,2025-06-11 19:40:37+00:00,2025-06-11 23:40:00+00:00,2025-06-11,3,6.276815714668261,Kris Bubic,KC,NYY,0.5825051279255272,0.4563313415732176,0.014532469689420457,0.0,0.258211076319139,-0.2430784026617282,over,0.258211076319139,False,2.16,-1.0
777384,641778,Eric Lauer,5,4.5,150.0,-150.0,betmgm,fanatics,2025-06-24 18:40:37+00:00,2025-06-24 22:40:00+00:00,2025-06-24,5,4.7325669827420045,Eric Lauer,TOR,CLE,0.503255687379173,0.4,0.0,1.0,0.25813921844793253,-0.17209281229862183,over,0.25813921844793253,True,2.5,1.5
776928,671096,Andrew Abbott,1,5.5,145.0,-150.0,betrivers,bovada,2025-07-31 19:10:38+00:00,2025-07-31 23:10:00+00:00,2025-07-31,1,5.809571554171479,Andrew Abbott,CIN,ATL,0.5134958282663008,0.4048582995951417,0.008163265306122547,0.0,0.2580647792524371,-0.18915971377716811,over,0.2580647792524371,False,2.45,-1.0
776853,675911,Spencer Strider,6,6.5,-145.0,120.0,mybookieag,fanduel,2025-08-06 19:10:38+00:00,2025-08-06 23:15:00+00:00,2025-08-06,6,6.234831455530253,Spencer Strider,ATL,MIL,0.4282156695114429,0.5656028368794326,0.04638218923933213,0.0,-0.2764631791013551,0.2579255270748255,under,0.2579255270748255,True,2.2,1.2000000000000002
778282,671737,Taj Bradley,3,6.5,-110.0,-105.0,betonlineag,fanatics,2025-04-17 19:00:39+00:00,2025-04-17 23:05:00+00:00,2025-04-17,3,5.7474497008663565,Taj Bradley,TB,NYY,0.35573658693544374,0.5056053811659194,0.03600464576074325,0.0,-0.3208665158505165,0.2578476159831813,under,0.2578476159831813,True,1.9523809523809523,0.9523809523809523
776476,605288,Adrian Houser,8,3.5,-110.0,104.0,draftkings,fanduel,2025-09-03 19:35:38+00:00,2025-09-03 23:35:00+00:00,2025-09-03,8,4.597035361563166,Adrian Houser,TB,SEA,0.658494157806164,0.5165745856353592,0.014005602240896309,1.0,0.25712521035722236,-0.3033280819245746,over,0.25712521035722236,True,1.9090909090909092,0.9090909090909092
777026,666157,Nick Lodolo,8,5.5,-105.0,-120.0,betonlineag,fanduel,2025-07-23 12:05:38+00:00,2025-07-23 16:05:00+00:00,2025-07-23,8,4.578469063683125,Nick Lodolo,CIN,WSH,0.3144492843497039,0.48427672955974843,0.05764966740576494,1.0,-0.3860752067458163,0.25684297869220973,under,0.25684297869220973,False,1.8333333333333335,-1.0
776912,669373,Tarik Skubal,10,7.5,-162.0,118.0,betrivers,betrivers,2025-08-02 16:05:38+00:00,2025-08-02 20:05:00+00:00,2025-08-02,10,7.166761788397202,Tarik Skubal,DET,PHI,0.42362128457620896,0.5740945445087458,0.07703620701729808,1.0,-0.31488409531502004,0.2565055996238643,under,0.2565055996238643,False,2.1799999999999997,-1.0
777167,647336,Michael Soroka,4,4.5,105.0,-117.0,betmgm,betrivers,2025-07-10 19:45:38+00:00,2025-07-10 23:45:00+00:00,2025-07-10,4,5.4097767804248225,Michael Soroka,WSH,STL,0.6129219641551901,0.47499179161650434,0.02697538496122287,0.0,0.25649002651813957,-0.2820860360827029,over,0.25649002651813957,False,2.05,-1.0
777215,681343,Shane Smith,2,4.5,-105.0,-105.0,fanatics,betmgm,2025-07-06 15:10:37+00:00,2025-07-06 19:10:00+00:00,2025-07-06,2,5.618890664411391,Shane Smith,CWS,COL,0.6434604162497014,0.5,0.024390243902439046,0.0,0.256279860297036,-0.30389890791608376,over,0.256279860297036,False,1.9523809523809523,-1.0
777365,594798,Jacob deGrom,7,6.5,-122.0,102.0,betonlineag,fanduel,2025-06-25 18:35:37+00:00,2025-06-25 22:35:00+00:00,2025-06-25,7,5.8982276533469244,Jacob deGrom,TEX,BAL,0.37822439067951513,0.5260865852617197,0.044599054500044755,1.0,-0.3117556169602266,0.25598673082737955,under,0.25598673082737955,False,2.02,-1.0
776642,656302,Dylan Cease,7,6.5,-140.0,132.0,draftkings,fanduel,2025-08-21 16:10:39+00:00,2025-08-21 20:10:00+00:00,2025-08-21,7,6.4440366582443795,Dylan Cease,SD,SF,0.4588690189357198,0.5750708215297451,0.014367816091954033,1.0,-0.21336739611019462,0.2554238760691301,under,0.2554238760691301,False,2.3200000000000003,-1.0
776462,671737,Taj Bradley,7,4.5,-155.0,135.0,draftkings,betrivers,2025-09-04 19:40:38+00:00,2025-09-04 23:40:00+00:00,2025-09-04,7,4.519286495698326,Taj Bradley,MIN,CWS,0.4658143847001119,0.5882115462252725,0.03337505214851899,1.0,-0.23366020581594504,0.2553361959547369,under,0.2553361959547369,False,2.35,-1.0
777489,680885,Spencer Schwellenbach,8,5.5,120.0,-128.0,betmgm,fanduel,2025-06-17 19:15:37+00:00,2025-06-17 23:15:00+00:00,2025-06-17,8,6.191977143818759,Spencer Schwellenbach,ATL,NYM,0.570394949242673,0.4474097331240188,0.01594896331738438,1.0,0.25486888833388055,-0.23476600333851128,over,0.25486888833388055,True,2.2,1.2000000000000002
776322,669456,Shane Bieber,5,6.5,-114.0,102.0,fanduel,draftkings,2025-09-14 13:35:38+00:00,2025-09-14 17:37:00+00:00,2025-09-14,5,5.903317139203207,Shane Bieber,TOR,BAL,0.37898338983615154,0.5183217790582515,0.02775978532432677,0.0,-0.28857504013213653,0.2544535525309739,under,0.2544535525309739,True,2.02,1.02
777856,690928,Hunter Dobbins,2,3.5,-125.0,120.0,bovada,draftkings,2025-05-19 18:40:37+00:00,2025-05-19 22:45:00+00:00,2025-05-19,2,4.851032200527547,Hunter Dobbins,BOS,NYM,0.6963609943909905,0.55,0.010101010101010166,0.0,0.2534497899037831,-0.3319941876601791,over,0.2534497899037831,False,1.8,-1.0
777757,592791,Jameson Taillon,7,5.5,-144.0,132.0,fanduel,betrivers,2025-05-26 14:20:37+00:00,2025-05-26 18:20:00+00:00,2025-05-26,7,5.467539028453353,Jameson Taillon,CHC,COL,0.4598657141196583,0.5779130916136175,0.02119841718485027,1.0,-0.22078309551946784,0.25311154324239293,under,0.25311154324239293,False,2.3200000000000003,-1.0
776788,641778,Eric Lauer,4,4.5,126.0,-150.0,betonlineag,fanduel,2025-08-10 16:10:38+00:00,2025-08-10 20:10:00+00:00,2025-08-10,4,5.03670835572095,Eric Lauer,TOR,LAD,0.554414884840856,0.42444821731748733,0.04247787610619458,0.0,0.2529776397403345,-0.25735814140142677,over,0.2529776397403345,False,2.26,-1.0
777901,666142,Cole Ragans,7,6.5,-140.0,120.0,betmgm,draftkings,2025-05-16 19:35:38+00:00,2025-05-16 23:40:00+00:00,2025-05-16,7,6.251203148263945,Cole Ragans,KC,STL,0.43062957714905087,0.562043795620438,0.037878787878787845,1.0,-0.2617778677444842,0.25261493027208815,under,0.25261493027208815,False,2.2,-1.0
778072,663460,Kris Bubic,3,5.5,128.0,-143.0,betrivers,betonlineag,2025-05-03 19:10:38+00:00,2025-05-03 23:15:00+00:00,2025-05-03,3,6.047858304563564,Kris Bubic,KC,BAL,0.549380112297965,0.42703500632644453,0.027073857483214114,0.0,0.25258665603936037,-0.2342613097091294,over,0.25258665603936037,False,2.2800000000000002,-1.0
777104,622663,Luis Severino,3,3.5,-125.0,110.0,bovada,fanatics,2025-07-19 19:10:38+00:00,2025-07-19 23:10:00+00:00,2025-07-19,3,4.846449975615531,Luis Severino,ATH,CLE,0.6957074003633603,0.5384615384615385,0.03174603174603163,0.0,0.2522733206540486,-0.36098554076305667,over,0.2522733206540486,False,1.8,-1.0
776351,656605,Mitch Keller,4,4.5,-145.0,120.0,draftkings,betmgm,2025-09-12 18:40:40+00:00,2025-09-12 22:45:00+00:00,2025-09-12,4,4.325198541405457,Mitch Keller,PIT,WSH,0.4308477555538322,0.5656028368794326,0.04638218923933213,0.0,-0.27201586130559385,0.25213493778156937,under,0.25213493778156937,True,2.2,1.2000000000000002
778403,669373,Tarik Skubal,6,6.5,-145.0,117.0,fanatics,betrivers,2025-04-08 13:05:39+00:00,2025-04-08 17:10:00+00:00,2025-04-08,6,6.199572380791965,Tarik Skubal,DET,NYY,0.4230095949123889,0.5622263914946841,0.05266622778143515,0.0,-0.2852596499756188,0.25206917904011616,under,0.25206917904011616,True,2.17,1.17
777740,700249,Cade Povich,9,4.5,-134.0,115.0,fanduel,draftkings,2025-05-28 18:35:37+00:00,2025-05-28 22:35:00+00:00,2025-05-28,9,4.253169187260991,Cade Povich,BAL,STL,0.4176990915271164,0.5518099980846581,0.03776585171933999,1.0,-0.27058516852727443,0.2519469532166998,under,0.2519469532166998,False,2.15,-1.0
777052,663568,Stephen Kolek,5,3.5,105.0,-120.0,bovada,fanduel,2025-07-22 18:40:38+00:00,2025-07-22 22:40:00+00:00,2025-07-22,5,4.303745972658961,Stephen Kolek,SD,MIA,0.6106220528870068,0.4721030042918455,0.03325942350332589,1.0,0.25177520841836376,-0.28614043029284564,over,0.25177520841836376,True,2.05,1.0499999999999998
776967,695505,Chase Burns,10,5.5,-155.0,130.0,betrivers,bovada,2025-07-28 19:05:40+00:00,2025-07-28 23:10:00+00:00,2025-07-28,10,5.4420597443525,Chase Burns,CIN,LAD,0.4557872967989705,0.5829926410466066,0.04262574595055413,1.0,-0.2501563826855647,0.25168921736236793,under,0.25168921736236793,False,2.3,-1.0
777201,642547,Freddy Peralta,7,5.5,-134.0,120.0,betrivers,betmgm,2025-07-07 19:35:37+00:00,2025-07-07 23:40:00+00:00,2025-07-07,7,5.2888628586829,Freddy Peralta,MIL,LAD,0.43107130336338834,0.5574886535552194,0.0271950271950272,1.0,-0.24723369412662044,0.2516431326005457,under,0.2516431326005457,False,2.2,-1.0
776719,684007,Shota Imanaga,6,5.5,-120.0,110.0,betrivers,bovada,2025-08-16 14:20:45+00:00,2025-08-16 18:20:00+00:00,2025-08-16,6,5.1230664479782755,Shota Imanaga,CHC,PIT,0.40401920706997085,0.5338983050847457,0.02164502164502169,1.0,-0.25929812037172006,0.25155966515306116,under,0.25155966515306116,False,2.1,-1.0
777037,656302,Dylan Cease,5,6.5,-140.0,116.0,draftkings,betonlineag,2025-07-23 12:10:38+00:00,2025-07-23 16:10:00+00:00,2025-07-23,5,6.183529710615877,Dylan Cease,SD,MIA,0.4206377216380143,0.5575221238938054,0.04629629629629628,0.0,-0.27890676290626115,0.25142252126188924,under,0.25142252126188924,True,2.16,1.1600000000000001
778359,547179,Michael Lorenzen,4,4.5,128.0,-145.0,betonlineag,draftkings,2025-04-12 18:05:38+00:00,2025-04-12 22:10:00+00:00,2025-04-12,4,3.394797505802306,Michael Lorenzen,KC,CLE,0.25956551985107135,0.42564280750521194,0.03043322592194775,0.0,-0.4081906147395573,0.25107894921715523,under,0.25107894921715523,True,1.6896551724137931,0.6896551724137931
777775,605135,Chris Bassitt,2,5.5,133.0,-145.0,betrivers,bovada,2025-05-25 13:40:38+00:00,2025-05-25 17:40:00+00:00,2025-05-25,2,5.96421824904666,Chris Bassitt,TOR,TB,0.5369396960346163,0.42034828858196793,0.02102128405010073,0.0,0.2510694917606562,-0.21758776226538623,over,0.2510694917606562,False,2.33,-1.0
778116,682847,Luis Ortiz,5,4.5,-160.0,130.0,fanatics,betrivers,2025-04-30 18:05:38+00:00,2025-04-30 22:10:00+00:00,2025-04-30,5,4.465002625995993,Luis Ortiz,CLE,MIN,0.4561110911525299,0.5859872611464969,0.050167224080267525,1.0,-0.2588194768771389,0.2509444903491811,under,0.2509444903491811,False,2.3,-1.0
777737,656288,Griffin Canning,3,4.5,-159.0,130.0,betonlineag,fanduel,2025-05-28 13:10:38+00:00,2025-05-28 17:10:00+00:00,2025-05-28,3,4.465904737476012,Griffin Canning,NYM,CWS,0.456272862865297,0.5854009924763887,0.04868222259526611,0.0,-0.25676307243954777,0.2505724154098168,under,0.2505724154098168,True,2.3,1.2999999999999998
777633,592662,Robbie Ray,9,5.5,-141.0,116.0,betrivers,fanduel,2025-06-05 15:45:37+00:00,2025-06-05 19:45:00+00:00,2025-06-05,9,5.227152149714727,Robbie Ray,SF,SD,0.42103349632712794,0.5582520712662219,0.048025203626863355,1.0,-0.28036118712880964,0.2505676479334038,under,0.2505676479334038,False,2.16,-1.0
777069,693821,Bryce Elder,1,4.5,108.0,-130.0,fanduel,bovada,2025-07-21 19:10:38+00:00,2025-07-21 23:15:00+00:00,2025-07-21,1,5.332085559571385,Bryce Elder,ATL,SF,0.6011536615206994,0.45963229416466833,0.04598662207357851,0.0,0.2503996159630548,-0.2943487857673912,over,0.2503996159630548,False,2.08,-1.0
777874,671096,Andrew Abbott,5,4.5,-123.0,125.0,betonlineag,draftkings,2025-05-18 13:35:37+00:00,2025-05-18 17:40:00+00:00,2025-05-18,5,4.399549324699606,Andrew Abbott,CIN,CLE,0.4443294100221212,0.5537768884442221,-0.003986048829098143,1.0,-0.19442716719566655,0.25025882745022754,under,0.25025882745022754,False,2.25,-1.0
776539,670912,Johan Oviedo,6,4.5,100.0,-115.0,bovada,draftkings,2025-08-30 16:10:38+00:00,2025-08-30 20:10:00+00:00,2025-08-30,6,5.491805021980887,Johan Oviedo,PIT,BOS,0.6251006474139069,0.4831460674157303,0.03488372093023262,1.0,0.25020129482781384,-0.2991012103825217,over,0.25020129482781384,True,2.0,1.0
777886,681857,Reese Olson,6,4.5,-138.0,125.0,fanduel,bovada,2025-05-17 15:05:38+00:00,2025-05-17 19:07:00+00:00,2025-05-17,6,4.399702389358648,Reese Olson,DET,TOR,0.44435706033686306,0.5660893345487694,0.024276377217553602,1.0,-0.23364506985381583,0.2501966142420582,under,0.2501966142420582,False,2.25,-1.0
777211,672456,Keider Montero,4,3.5,115.0,-134.0,betmgm,fanduel,2025-07-07 18:40:38+00:00,2025-07-07 22:40:00+00:00,2025-07-07,4,4.136726385893211,Keider Montero,DET,TB,0.5814127107346645,0.4481900019153419,0.03776585171933999,1.0,0.2500373280795287,-0.2690341366560559,over,0.2500373280795287,True,2.15,1.15
778314,663623,Jake Irvin,6,4.5,130.0,-145.0,bovada,betmgm,2025-04-15 18:00:38+00:00,2025-04-15 22:40:00+00:00,2025-04-15,6,4.968771347935984,Jake Irvin,WSH,PIT,0.5432392436068413,0.42350907519446845,0.02661934338952965,1.0,0.24945026029573492,-0.2282318254046628,over,0.24945026029573492,True,2.3,1.2999999999999998
776875,669920,Jason Alexander,6,3.5,105.0,-125.0,fanatics,bovada,2025-08-04 18:40:38+00:00,2025-08-04 22:40:00+00:00,2025-08-04,6,4.29710494081174,Jason Alexander,HOU,MIA,0.6094871959691264,0.4675324675324675,0.04336043360433606,1.0,0.249448751736709,-0.29707695274442747,over,0.249448751736709,True,2.05,1.0499999999999998
778491,592866,Trevor Williams,3,2.5,-160.0,150.0,fanatics,betrivers,2025-04-01 19:05:39+00:00,2025-04-01 23:07:00+00:00,2025-04-01,3,4.1602373649856865,Trevor Williams,WSH,TOR,0.7686482506741399,0.6060606060606061,0.01538461538461533,1.0,0.24905340734547732,-0.4216206266853497,over,0.24905340734547732,True,1.625,0.625
777971,554430,Zack Wheeler,8,6.5,-135.0,115.0,betonlineag,draftkings,2025-05-11 19:05:37+00:00,2025-05-11 23:10:00+00:00,2025-05-11,8,6.173257740602159,Zack Wheeler,PHI,CLE,0.4191180555624898,0.552594002855783,0.03958436417615041,1.0,-0.2704241255023325,0.24889618054064688,under,0.24889618054064688,False,2.15,-1.0
776771,694973,Paul Skenes,4,6.5,-138.0,115.0,fanduel,draftkings,2025-08-12 19:40:39+00:00,2025-08-12 23:40:00+00:00,2025-08-12,4,6.173467584756841,Paul Skenes,PIT,MIL,0.41914910799873284,0.554890592855807,0.044948211842876784,0.0,-0.2771196543210259,0.24882941780272438,under,0.24882941780272438,True,2.15,1.15
776191,656876,Drew Rasmussen,3,4.5,136.0,-155.0,fanduel,betmgm,2025-09-25 13:05:40+00:00,2025-09-25 17:05:00+00:00,2025-09-25,3,4.884405825637394,Drew Rasmussen,TB,BAL,0.5291535215561161,0.41076030927835055,0.031571950814223815,0.0,0.24880231087243398,-0.22538159997941676,over,0.24880231087243398,False,2.3600000000000003,-1.0
776996,676083,Janson Junk,5,3.5,110.0,-125.0,fanatics,draftkings,2025-07-26 19:05:38+00:00,2025-07-26 23:10:00+00:00,2025-07-26,5,4.210934299809912,Janson Junk,MIA,MIL,0.5945613468265348,0.46153846153846156,0.03174603174603163,1.0,0.2485788283357231,-0.27021042428776265,over,0.2485788283357231,True,2.1,1.1
777961,542881,Tyler Anderson,5,4.5,-130.0,128.0,draftkings,betonlineag,2025-05-11 16:05:37+00:00,2025-05-11 20:07:00+00:00,2025-05-11,5,4.444635816195794,Tyler Anderson,LAA,BAL,0.4524542923914659,0.5630699088145897,0.0038138825324178782,1.0,-0.19950394423048345,0.248404213347458,under,0.248404213347458,False,2.2800000000000002,-1.0
778240,686752,Ryan Pepiot,7,6.5,145.0,-142.0,bovada,williamhill_us,2025-04-20 13:35:38+00:00,2025-04-20 17:40:00+00:00,2025-04-20,7,5.146876893065166,Ryan Pepiot,TB,NYY,0.26748486433373136,0.4102390235633158,-0.0050598751897452665,1.0,-0.34466208238235807,0.2483708650087113,under,0.2483708650087113,False,1.704225352112676,-1.0
778369,665795,Edward Cabrera,5,4.5,122.0,-145.0,fanduel,draftkings,2025-04-11 19:05:39+00:00,2025-04-11 23:10:00+00:00,2025-04-11,5,5.084451127824879,Edward Cabrera,MIA,WSH,0.562176406432138,0.4321749867701534,0.042287185144328054,1.0,0.24803162227934616,-0.26022910052326753,over,0.24803162227934616,True,2.2199999999999998,1.2199999999999998
776980,700241,Michael McGreevy,2,3.5,140.0,-166.0,bovada,fanduel,2025-07-27 14:10:38+00:00,2025-07-27 18:15:00+00:00,2025-07-27,2,3.8059867945523016,Michael McGreevy,STL,SD,0.5196531775034512,0.4003612281757977,0.0407268170426065,0.0,0.2471676260082829,-0.23028762178263873,over,0.2471676260082829,False,2.4,-1.0
776493,677944,Slade Cecconi,8,4.5,117.0,-140.0,betonlineag,draftkings,2025-09-02 18:40:38+00:00,2025-09-02 22:45:00+00:00,2025-09-02,8,5.162384364655191,Slade Cecconi,CLE,BOS,0.5746779704183584,0.4413387274733358,0.044162826420890866,1.0,0.24705119580783785,-0.2708765207171858,over,0.24705119580783785,True,2.17,1.17
777245,608337,Lucas Giolito,7,5.5,116.0,-145.0,fanduel,fanatics,2025-07-04 11:05:37+00:00,2025-07-04 15:05:00+00:00,2025-07-04,7,4.253389287105683,Lucas Giolito,BOS,WSH,0.2619930829179963,0.4389107846649946,0.05479969765684056,1.0,-0.43409494089712797,0.24697720472476492,under,0.24697720472476492,False,1.6896551724137931,-1.0
777217,554430,Zack Wheeler,12,7.5,-150.0,132.0,fanatics,betrivers,2025-07-06 13:35:37+00:00,2025-07-06 17:35:00+00:00,2025-07-06,12,7.455955165438191,Zack Wheeler,PHI,CIN,0.4625914274750348,0.5819397993311037,0.03103448275862064,1.0,-0.2290142875416088,0.24678788825791953,under,0.24678788825791953,False,2.3200000000000003,-1.0
777058,694738,Landen Roupp,6,4.5,130.0,-150.0,draftkings,fanatics,2025-07-22 19:15:38+00:00,2025-07-22 23:15:00+00:00,2025-07-22,6,4.96088034807327,Landen Roupp,SF,ATL,0.5419313795922188,0.42016806722689076,0.034782608695652195,1.0,0.24644217306210314,-0.2365522993203648,over,0.24644217306210314,True,2.3,1.2999999999999998
776956,682990,Quinn Priester,3,4.5,-118.0,110.0,fanduel,bovada,2025-07-29 19:40:38+00:00,2025-07-29 23:40:00+00:00,2025-07-29,3,4.1929826651018915,Quinn Priester,MIL,CHC,0.4066551656610173,0.5319879776728209,0.01747487986020091,0.0,-0.24872181259235793,0.24602415211186357,under,0.24602415211186357,True,2.1,1.1
777343,608372,Tomoyuki Sugano,2,3.5,115.0,-140.0,fanatics,fanduel,2025-06-27 19:05:37+00:00,2025-06-27 23:05:00+00:00,2025-06-27,2,4.125820961007639,Tomoyuki Sugano,BAL,TB,0.5794577375942394,0.44362292051756,0.04844961240310086,0.0,0.2458341358276146,-0.27907040730441024,over,0.2458341358276146,False,2.15,-1.0
777583,801403,Chase Dollander,3,3.5,-105.0,-108.0,betmgm,fanduel,2025-06-08 15:10:37+00:00,2025-06-08 19:10:00+00:00,2025-06-08,3,4.468680835631873,Chase Dollander,COL,NYM,0.63808758837718,0.4965893587994543,0.031425891181988685,0.0,0.24579005349830396,-0.3029835035412356,over,0.24579005349830396,False,1.9523809523809523,-1.0
778322,687922,Easton Lucas,3,4.5,135.0,-175.0,draftkings,draftkings,2025-04-14 19:05:38+00:00,2025-04-14 23:07:00+00:00,2025-04-14,3,4.890116196002299,Easton Lucas,TOR,ATL,0.5301139978245687,0.4007285974499089,0.061895551257253434,0.0,0.24576789488773643,-0.2616077108671794,over,0.24576789488773643,False,2.35,-1.0
777776,701656,Logan Henderson,6,5.5,130.0,-150.0,betmgm,fanduel,2025-05-25 13:35:38+00:00,2025-05-25 17:35:00+00:00,2025-05-25,6,5.995227755912676,Logan Henderson,MIL,PIT,0.5415722478239873,0.42016806722689076,0.034782608695652195,1.0,0.24561616999517066,-0.23595374637331223,over,0.24561616999517066,True,2.3,1.2999999999999998
777867,434378,Justin Verlander,1,4.5,-122.0,105.0,fanduel,bovada,2025-05-18 16:00:37+00:00,2025-05-18 20:05:00+00:00,2025-05-18,1,4.115935777094297,Justin Verlander,SF,ATH,0.39245470765510904,0.5297606439313705,0.03735442759833019,0.0,-0.2858611057423426,0.24546784930702636,under,0.24546784930702636,True,2.05,1.0499999999999998
778445,681857,Reese Olson,5,4.5,-175.0,128.0,betrivers,betrivers,2025-04-05 13:05:38+00:00,2025-04-05 17:10:00+00:00,2025-04-05,5,4.452368565697839,Reese Olson,DET,CWS,0.45384369421127724,0.5919881305637983,0.07496012759170645,1.0,-0.2868170519537072,0.24523637719828795,under,0.24523637719828795,False,2.2800000000000002,-1.0
777089,592836,Taijuan Walker,4,3.5,115.0,-135.0,draftkings,bovada,2025-07-19 18:00:38+00:00,2025-07-19 22:05:00+00:00,2025-07-19,4,4.123824059880501,Taijuan Walker,PHI,LAA,0.5790991363698492,0.447405997144217,0.03958436417615041,1.0,0.24506314319517575,-0.2673207188660338,over,0.24506314319517575,True,2.15,1.15
777769,808967,Yoshinobu Yamamoto,7,6.5,105.0,-110.0,draftkings,betonlineag,2025-05-26 18:05:38+00:00,2025-05-26 22:10:00+00:00,2025-05-26,7,5.694773615810434,Yoshinobu Yamamoto,LAD,CLE,0.3478877449066199,0.48220436280137774,0.011614401858304202,1.0,-0.2868301229414293,0.24494157790554394,under,0.24494157790554394,False,1.9090909090909092,-1.0
776746,518876,Merrill Kelly,5,5.5,-110.0,-105.0,betmgm,draftkings,2025-08-13 14:30:39+00:00,2025-08-13 18:35:00+00:00,2025-08-13,5,4.87109124451495,Merrill Kelly,TEX,AZ,0.36256212013097305,0.5056053811659194,0.03600464576074325,0.0,-0.3078359524772333,0.24452157498238591,under,0.24452157498238591,True,1.9523809523809523,0.9523809523809523
778168,687064,Brandon Young,6,4.5,135.0,-182.0,betrivers,betrivers,2025-04-26 13:05:38+00:00,2025-04-26 17:10:00+00:00,2025-04-26,6,4.886600781392318,Brandon Young,BAL,DET,0.5295228295776723,0.3973509933774834,0.07092198581560294,1.0,0.24437864950752997,-0.2710188897851845,over,0.24437864950752997,True,2.35,1.35
777194,607625,Seth Lugo,5,5.5,-127.0,115.0,betonlineag,betmgm,2025-07-08 19:35:38+00:00,2025-07-08 23:40:00+00:00,2025-07-08,5,5.228597005571628,Seth Lugo,KC,PIT,0.4212689770352388,0.5460453954604539,0.02458764470853403,0.0,-0.2470231670315023,0.24427169937423643,under,0.24427169937423643,True,2.15,1.15
776555,669920,Jason Alexander,8,4.5,115.0,-130.0,betrivers,fanatics,2025-08-28 14:10:39+00:00,2025-08-28 18:10:00+00:00,2025-08-28,8,5.187931834317942,Jason Alexander,HOU,COL,0.5787299052852211,0.45142296368989204,0.030333670374115274,1.0,0.24426929636322514,-0.2546759862738527,over,0.24426929636322514,True,2.15,1.15
777371,682052,Jacob Lopez,6,5.5,132.0,-120.0,betrivers,bovada,2025-06-25 18:40:37+00:00,2025-06-25 22:40:00+00:00,2025-06-25,6,5.959854424506451,Jacob Lopez,ATH,DET,0.5362858907304721,0.44141252006420545,-0.023510971786833923,1.0,0.24418326649469524,-0.14985746633919872,over,0.24418326649469524,True,2.3200000000000003,1.3200000000000003
777544,647336,Michael Soroka,5,4.5,-115.0,102.0,fanatics,fanduel,2025-06-12 13:10:37+00:00,2025-06-12 17:10:00+00:00,2025-06-12,5,5.777152877405068,Michael Soroka,WSH,NYM,0.6654467562125499,0.5193382517326178,0.029933225880727665,1.0,0.24409610944085403,-0.3242024475493508,over,0.24409610944085403,True,1.8695652173913042,0.8695652173913042
778035,664062,Tony Gonsolin,8,4.5,-113.0,100.0,fanduel,betrivers,2025-05-06 18:35:39+00:00,2025-05-06 22:40:00+00:00,2025-05-06,8,5.736395382268195,Tony Gonsolin,LAD,MIA,0.6598783214205104,0.5148063781321185,0.030516431924882514,1.0,0.24384143772184697,-0.3197566428410208,over,0.24384143772184697,True,1.8849557522123894,0.8849557522123894
777483,645261,Sandy Alcantara,5,4.5,-122.0,104.0,betonlineag,fanduel,2025-06-16 18:40:37+00:00,2025-06-16 22:40:00+00:00,2025-06-16,5,4.105979508590094,Sandy Alcantara,MIA,PHI,0.3906153246595696,0.5285423037716617,0.03974562798092207,1.0,-0.2892081797178323,0.24314473769447797,under,0.24314473769447797,False,2.04,-1.0
777029,675512,Troy Melton,7,4.5,110.0,-138.0,fanatics,fanduel,2025-07-23 12:35:38+00:00,2025-07-23 16:35:00+00:00,2025-07-23,7,5.271405601652451,Troy Melton,DET,PIT,0.5918066403398128,0.45092838196286467,0.05602240896358546,1.0,0.24279394471360694,-0.29601435073098137,over,0.24279394471360694,True,2.1,1.1
777651,690953,Mick Abel,2,4.5,135.0,-135.0,bovada,draftkings,2025-06-04 19:05:37+00:00,2025-06-04 23:07:00+00:00,2025-06-04,2,4.8816363754955425,Mick Abel,PHI,TOR,0.5286873404425461,0.425531914893617,0.0,0.0,0.2424152500399832,-0.17956685188146904,over,0.2424152500399832,False,2.35,-1.0
777214,542881,Tyler Anderson,2,3.5,110.0,-130.0,fanduel,fanatics,2025-07-06 13:35:37+00:00,2025-07-06 17:37:00+00:00,2025-07-06,2,4.193139308590268,Tyler Anderson,LAA,TOR,0.5914329890670191,0.4572564612326044,0.04140786749482395,0.0,0.24200927704074027,-0.2771506729647262,over,0.24200927704074027,False,2.1,-1.0
778064,592332,Kevin Gausman,9,4.5,-158.0,138.0,fanduel,betrivers,2025-05-03 15:05:38+00:00,2025-05-03 19:07:00+00:00,2025-05-03,9,4.5895258188927555,Kevin Gausman,TOR,CLE,0.4782705392522683,0.5930856097407103,0.032571168002084594,1.0,-0.219026587803258,0.24171611657960113,under,0.24171611657960113,False,2.38,-1.0
777242,543294,Kyle Hendricks,2,2.5,-110.0,100.0,betrivers,bovada,2025-07-04 19:05:37+00:00,2025-07-04 23:07:00+00:00,2025-07-04,2,3.411177300329464,Kyle Hendricks,LAA,TOR,0.6504019254175739,0.5116279069767442,0.023809523809523725,0.0,0.2416764030699139,-0.3008038508351478,over,0.2416764030699139,False,1.9090909090909092,-1.0
778019,608331,Max Fried,8,4.5,-190.0,140.0,betrivers,betrivers,2025-05-07 19:00:38+00:00,2025-05-07 23:05:00+00:00,2025-05-07,8,4.6145608588963745,Max Fried,NYY,SD,0.48268157019192637,0.6112600536193029,0.07183908045977017,1.0,-0.26327549812811246,0.24156423153937667,under,0.24156423153937667,False,2.4,-1.0
776325,607192,Tyler Glasnow,4,6.5,-125.0,125.0,betonlineag,betmgm,2025-09-14 16:00:38+00:00,2025-09-14 20:05:00+00:00,2025-09-14,4,6.3711218047671085,Tyler Glasnow,LAD,SF,0.44823634494316533,0.5555555555555556,0.0,0.0,-0.1931745791023024,0.24146822387787803,under,0.24146822387787803,True,2.25,1.25
777928,666157,Nick Lodolo,4,5.5,-125.0,120.0,betmgm,draftkings,2025-05-14 19:10:38+00:00,2025-05-14 23:14:00+00:00,2025-05-14,4,5.317516691489074,Nick Lodolo,CIN,CWS,0.43571743224268433,0.55,0.010101010101010166,0.0,-0.2157086219631682,0.24142164906609453,under,0.24142164906609453,True,2.2,1.2000000000000002
776553,622503,Nabil Crismatt,2,3.5,110.0,-140.0,draftkings,fanduel,2025-08-28 14:05:39+00:00,2025-08-28 18:10:00+00:00,2025-08-28,2,4.191404190660579,Nabil Crismatt,AZ,MIL,0.5911271188101599,0.449438202247191,0.059523809523809534,0.0,0.24136694950133575,-0.29907506081741686,over,0.24136694950133575,False,2.1,-1.0
778131,669022,MacKenzie Gore,6,6.5,-109.0,-105.0,betrivers,betmgm,2025-04-29 18:45:40+00:00,2025-04-29 22:45:00+00:00,2025-04-29,6,5.805986907697033,MacKenzie Gore,WSH,PHI,0.3644656416844372,0.5045156920298035,0.03372622242968837,0.0,-0.3011622099812168,0.240805175758956,under,0.240805175758956,True,1.9523809523809523,0.9523809523809523
777417,678394,Brayan Bello,6,4.5,107.0,-125.0,betrivers,fanduel,2025-06-21 16:05:37+00:00,2025-06-21 20:05:00+00:00,2025-06-21,6,5.320697848257955,Brayan Bello,BOS,SF,0.5994098424698031,0.46511627906976744,0.03864734299516903,1.0,0.24077837391249268,-0.2789377164456456,over,0.24077837391249268,True,2.0700000000000003,1.0700000000000003
776204,656427,Jack Flaherty,6,5.5,130.0,-156.0,bovada,draftkings,2025-09-24 18:40:40+00:00,2025-09-24 22:40:00+00:00,2025-09-24,6,5.980839270210331,Jack Flaherty,DET,CLE,0.5394256684814329,0.41639557579700714,0.044157608695652106,1.0,0.24067903750729558,-0.24418571237978737,over,0.24067903750729558,True,2.3,1.2999999999999998
778249,656550,Grant Holmes,7,4.5,-166.0,140.0,williamhill_us,betrivers,2025-04-20 13:30:38+00:00,2025-04-20 17:35:00+00:00,2025-04-20,7,4.616691202617767,Grant Holmes,ATL,MIN,0.4830562050189043,0.5996387718242023,0.0407268170426065,1.0,-0.22594608111428593,0.2406651079546298,under,0.2406651079546298,False,2.4,-1.0
778041,657376,Clarke Schmidt,4,4.5,-110.0,105.0,fanduel,draftkings,2025-05-06 19:00:38+00:00,2025-05-06 23:05:00+00:00,2025-05-06,4,4.129625526068367,Clarke Schmidt,NYY,SD,0.3949823413187818,0.5177956371986223,0.011614401858304202,0.0,-0.2459428029368711,0.24028620029649717,under,0.24028620029649717,True,2.05,1.0499999999999998
776991,686613,Hunter Brown,5,6.5,-160.0,130.0,fanatics,betrivers,2025-07-26 19:05:38+00:00,2025-07-26 23:10:00+00:00,2025-07-26,5,6.458292375193389,Hunter Brown,HOU,ATH,0.460940650056519,0.5859872611464969,0.050167224080267525,0.0,-0.2509714436581566,0.23983650487000618,under,0.23983650487000618,True,2.3,1.2999999999999998
777054,543294,Kyle Hendricks,2,3.5,130.0,-154.0,draftkings,fanduel,2025-07-22 19:10:38+00:00,2025-07-22 23:10:00+00:00,2025-07-22,2,3.9069804965486314,Kyle Hendricks,LAA,NYM,0.5390374773972281,0.4176257809930944,0.041081821294077336,0.0,0.23978619801362444,-0.23971116401880477,over,0.23978619801362444,False,2.3,-1.0
776696,675911,Spencer Strider,2,7.5,125.0,-134.0,bovada,fanduel,2025-08-18 19:10:38+00:00,2025-08-18 23:15:00+00:00,2025-08-18,2,6.184153450392013,Spencer Strider,ATL,CWS,0.29006599464843896,0.4369747899159664,0.017094017094017033,0.0,-0.34735151204101233,0.23973550188257664,under,0.23973550188257664,True,1.7462686567164178,0.7462686567164178
777757,687223,Carson Palmquist,4,3.5,138.0,-138.0,betrivers,fanduel,2025-05-26 14:20:37+00:00,2025-05-26 18:20:00+00:00,2025-05-26,4,3.812295961589498,Carson Palmquist,COL,CHC,0.5208769563055269,0.42016806722689076,0.0,1.0,0.23968715600715385,-0.17368634493272017,over,0.23968715600715385,True,2.38,1.38
777907,669022,MacKenzie Gore,9,6.5,-113.0,103.0,fanduel,betonlineag,2025-05-16 19:00:38+00:00,2025-05-16 23:05:00+00:00,2025-05-16,9,5.973063052320843,MacKenzie Gore,WSH,BAL,0.3893798000535963,0.5185243789416578,0.023127269363306224,1.0,-0.2660363060936636,0.2395590058911996,under,0.2395590058911996,False,2.0300000000000002,-1.0
777606,608379,Michael Wacha,5,4.5,120.0,-150.0,fanduel,draftkings,2025-06-07 16:10:37+00:00,2025-06-07 20:10:00+00:00,2025-06-07,5,5.091481686320802,Michael Wacha,KC,CWS,0.5633128182187243,0.4310344827586207,0.05454545454545445,1.0,0.23928820008119356,-0.27218803036454053,over,0.23928820008119356,True,2.2,1.2000000000000002
778048,657277,Logan Webb,6,7.5,120.0,-135.0,draftkings,bovada,2025-05-04 16:00:37+00:00,2025-05-04 20:05:00+00:00,2025-05-04,6,6.17033134559311,Logan Webb,SF,COL,0.28822681112829307,0.44172932330827064,0.029013539651837617,0.0,-0.3659010155177552,0.23901258803593417,under,0.23901258803593417,True,1.7407407407407407,0.7407407407407407
777981,671737,Taj Bradley,5,4.5,-115.0,105.0,bovada,draftkings,2025-05-10 16:05:38+00:00,2025-05-10 20:10:00+00:00,2025-05-10,5,5.756861288910514,Taj Bradley,TB,MIL,0.6626825994484125,0.5230171935662784,0.022688598979013097,1.0,0.23892833809920577,-0.3084993288692456,over,0.23892833809920577,True,1.8695652173913042,0.8695652173913042
777534,806185,Hayden Birdsong,6,5.5,115.0,-135.0,betrivers,bovada,2025-06-12 15:10:37+00:00,2025-06-12 19:10:00+00:00,2025-06-12,6,6.232556621646667,Hayden Birdsong,SF,COL,0.5762120928417527,0.447405997144217,0.03958436417615041,1.0,0.2388559996097681,-0.26229512457638426,over,0.2388559996097681,True,2.15,1.15
776865,669022,MacKenzie Gore,0,6.5,-135.0,118.0,draftkings,betrivers,2025-08-05 18:45:39+00:00,2025-08-05 22:45:00+00:00,2025-08-05,0,6.258727821519639,MacKenzie Gore,WSH,ATH,0.43173828700876593,0.5560173814471944,0.0331836814366584,0.0,-0.24845557446622224,0.23881053432089017,under,0.23881053432089017,True,2.1799999999999997,1.1799999999999997
776456,678368,Valente Bellozo,2,2.5,-115.0,-102.0,fanatics,fanduel,2025-09-05 19:10:39+00:00,2025-09-05 23:10:00+00:00,2025-09-05,2,3.4774931432511327,Valente Bellozo,MIA,PHI,0.6625056851121062,0.5143932683790965,0.039834215979737575,0.0,0.23859758520958962,-0.3316289058102494,over,0.23859758520958962,False,1.8695652173913042,-1.0
777847,607259,Nick Martinez,3,4.5,110.0,-120.0,bovada,fanduel,2025-05-20 18:40:38+00:00,2025-05-20 22:40:00+00:00,2025-05-20,3,5.257940724349139,Nick Martinez,CIN,PIT,0.5897142804796789,0.4661016949152542,0.02164502164502169,0.0,0.23839998900732562,-0.24780951421274455,over,0.23839998900732562,False,2.1,-1.0
777858,676467,Colton Gordon,7,3.5,-138.0,108.0,fanduel,fanduel,2025-05-19 19:00:37+00:00,2025-05-19 23:05:00+00:00,2025-05-19,7,5.007433012486717,Colton Gordon,HOU,TB,0.7180243678455321,0.5467012037178121,0.06060116354234002,1.0,0.23833188077707734,-0.4134906851187068,over,0.23833188077707734,True,1.7246376811594204,0.7246376811594204
778301,668909,Gavin Williams,4,5.5,110.0,-120.0,bovada,draftkings,2025-04-16 18:30:39+00:00,2025-04-16 22:35:00+00:00,2025-04-16,4,4.641552712081197,Gavin Williams,CLE,BAL,0.3247819004844868,0.4661016949152542,0.02164502164502169,0.0,-0.31795800898257764,0.2378998491117743,under,0.2378998491117743,True,1.8333333333333335,0.8333333333333335
776453,670912,Johan Oviedo,4,4.5,120.0,-150.0,draftkings,fanatics,2025-09-05 18:40:38+00:00,2025-09-05 22:40:00+00:00,2025-09-05,4,5.086488273904496,Johan Oviedo,PIT,MIL,0.5625058625302056,0.4310344827586207,0.05454545454545445,0.0,0.23751289756645244,-0.2708431042170094,over,0.23751289756645244,False,2.2,-1.0
777586,686701,Ryan Bergert,4,3.5,-106.0,-117.0,fanduel,betrivers,2025-06-08 13:05:36+00:00,2025-06-08 17:05:00+00:00,2025-06-08,4,4.4597391671884745,Ryan Bergert,SD,MIL,0.6366342950924962,0.48832370923913043,0.05373361370855889,1.0,0.23723268668919073,-0.3260653165390742,over,0.23723268668919073,True,1.9433962264150944,0.9433962264150944
776161,605280,Clay Holmes,2,2.5,-135.0,125.0,bovada,fanatics,2025-09-27 16:10:39+00:00,2025-09-27 20:10:00+00:00,2025-09-27,2,3.7608693454938193,Clay Holmes,NYM,MIA,0.7105702781700536,0.5638051044083527,0.01891252955082745,0.0,0.23691863237009314,-0.3487831258826206,over,0.23691863237009314,False,1.7407407407407407,-1.0
777361,694819,Jacob Misiorowski,8,5.5,-124.0,113.0,betrivers,betonlineag,2025-06-25 14:10:37+00:00,2025-06-25 18:10:00+00:00,2025-06-25,8,5.216735614821716,Jacob Misiorowski,MIL,PIT,0.4193352051118517,0.5410964516922069,0.023054996646545867,1.0,-0.24249124237859054,0.23681601311175582,under,0.23681601311175582,False,2.13,-1.0
778377,621111,Walker Buehler,7,3.5,135.0,-150.0,fanatics,betrivers,2025-04-10 16:05:38+00:00,2025-04-10 20:10:00+00:00,2025-04-10,7,3.8396114767257092,Walker Buehler,BOS,TOR,0.5261558408920546,0.41493775933609955,0.025531914893617058,1.0,0.2364662260963284,-0.21025973482009108,over,0.2364662260963284,True,2.35,1.35
776202,694973,Paul Skenes,7,6.5,-120.0,125.0,bovada,betrivers,2025-09-24 18:40:40+00:00,2025-09-24 22:40:00+00:00,2025-09-24,7,6.386603130411432,Paul Skenes,PIT,CIN,0.4504988398839593,0.5510204081632653,-0.010101010101010166,1.0,-0.1740854602127413,0.2363776102610915,under,0.2363776102610915,False,2.25,-1.0
776864,686701,Ryan Bergert,2,3.5,-132.0,115.0,betrivers,draftkings,2025-08-05 19:10:39+00:00,2025-08-05 23:10:00+00:00,2025-08-05,2,4.900159422391198,Ryan Bergert,KC,BOS,0.7033005198926654,0.550213260953858,0.03408179631114683,0.0,0.23610394405377555,-0.3620961177692307,over,0.23610394405377555,False,1.7575757575757576,-1.0
776216,661563,Luis Gil,3,5.5,112.0,-130.0,draftkings,betrivers,2025-09-23 19:05:40+00:00,2025-09-23 23:05:00+00:00,2025-09-23,3,4.4989343214536515,Luis Gil,NYY,CWS,0.30147672256982017,0.4549050632911393,0.03691550451189496,0.0,-0.36086934815198124,0.23584887545339495,under,0.23584887545339495,True,1.7692307692307692,0.7692307692307692
777888,656288,Griffin Canning,4,4.5,-114.0,112.0,betonlineag,betrivers,2025-05-17 13:00:38+00:00,2025-05-17 17:05:00+00:00,2025-05-17,4,4.249926781846054,Griffin Canning,NYM,NYY,0.4171053711639608,0.530372191011236,0.004408393581378789,0.0,-0.21701272430624896,0.23573661313240324,under,0.23573661313240324,True,2.12,1.12
778313,434378,Justin Verlander,1,4.5,-148.0,120.0,betrivers,betonlineag,2025-04-15 18:00:38+00:00,2025-04-15 22:45:00+00:00,2025-04-15,1,4.366552236212105,Justin Verlander,SF,PHI,0.43835843535837365,0.5676429567642958,0.0513196480938416,0.0,-0.26545343264272525,0.23561144221157826,under,0.23561144221157826,True,2.2,1.2000000000000002
776954,608337,Lucas Giolito,5,5.5,105.0,-115.0,betmgm,draftkings,2025-07-29 19:40:38+00:00,2025-07-29 23:40:00+00:00,2025-07-29,5,4.72956977089601,Lucas Giolito,BOS,MIN,0.339245078637019,0.47698280643372154,0.022688598979013097,0.0,-0.30454758879411103,0.23532441820035555,under,0.23532441820035555,True,1.8695652173913042,0.8695652173913042
776459,642547,Freddy Peralta,8,5.5,-195.0,140.0,betrivers,betrivers,2025-09-04 16:10:39+00:00,2025-09-04 20:10:00+00:00,2025-09-04,8,5.6286014066243,Freddy Peralta,MIL,PHI,0.4853969629032345,0.6133682830930537,0.07768361581920913,1.0,-0.26568151765920944,0.23504728903223726,under,0.23504728903223726,False,2.4,-1.0
777076,686752,Ryan Pepiot,8,5.5,-160.0,138.0,fanatics,betrivers,2025-07-20 12:10:38+00:00,2025-07-20 16:10:00+00:00,2025-07-20,8,5.601148322169858,Ryan Pepiot,TB,BAL,0.4810776156944319,0.5942571785268415,0.03555268261150624,1.0,-0.21824887449654817,0.23503527464725216,under,0.23503527464725216,False,2.38,-1.0
778362,608372,Tomoyuki Sugano,0,3.5,130.0,-177.0,betrivers,betrivers,2025-04-12 16:00:38+00:00,2025-04-12 20:05:00+00:00,2025-04-12,0,3.896060132942099,Tomoyuki Sugano,BAL,TOR,0.5369629186869739,0.40491156263704137,0.07377177837074234,0.0,0.23501471298003973,-0.275360047888654,over,0.23501471298003973,False,2.3,-1.0
778043,681343,Shane Smith,5,3.5,115.0,-125.0,betrivers,fanduel,2025-05-05 19:35:38+00:00,2025-05-05 23:40:00+00:00,2025-05-05,5,4.097411916484087,Shane Smith,CWS,KC,0.5743379565745318,0.45569620253164556,0.02067183462532296,1.0,0.23482660663524335,-0.23380832183415723,over,0.23482660663524335,True,2.15,1.15
776353,669432,Trevor Rogers,6,4.5,145.0,-150.0,bovada,fanatics,2025-09-12 19:05:39+00:00,2025-09-12 23:07:00+00:00,2025-09-12,6,4.735808675239762,Trevor Rogers,BAL,TOR,0.5038155678921561,0.4048582995951417,0.008163265306122547,1.0,0.2343481413357824,-0.17302594648692693,over,0.2343481413357824,True,2.45,1.4500000000000002
778077,592866,Trevor Williams,4,4.5,117.0,-132.0,betrivers,fanduel,2025-05-03 18:35:38+00:00,2025-05-03 22:40:00+00:00,2025-05-03,4,5.124165510493891,Trevor Williams,WSH,CIN,0.5685734769900046,0.4474963351593242,0.029795010328936833,0.0,0.23380444506830989,-0.24173520198243237,over,0.23380444506830989,False,2.17,-1.0
776905,641927,Bailey Ober,4,4.5,125.0,-142.0,draftkings,fanduel,2025-08-02 16:10:38+00:00,2025-08-02 20:10:00+00:00,2025-08-02,4,4.9997493020185715,Bailey Ober,MIN,CLE,0.5483539777000779,0.43098842386464825,0.031221303948576695,0.0,0.23379644982517522,-0.2302933986156257,over,0.23379644982517522,False,2.25,-1.0
777378,663460,Kris Bubic,8,5.5,102.0,-105.0,betrivers,bovada,2025-06-24 19:40:37+00:00,2025-06-24 23:40:00+00:00,2025-06-24,8,6.479901342979407,Kris Bubic,KC,TB,0.6106693497869637,0.49148885159434186,0.007244626901714568,1.0,0.23355208656966675,-0.23987825434597687,over,0.23355208656966675,True,2.02,1.02
778010,693433,Bryan Woo,6,5.5,104.0,-115.0,betonlineag,draftkings,2025-05-07 15:30:38+00:00,2025-05-07 19:35:00+00:00,2025-05-07,6,4.7353421242758635,Bryan Woo,SEA,ATH,0.340195033930292,0.478202846975089,0.025079799361604982,1.0,-0.3060021307822043,0.23354841482597588,under,0.23354841482597588,False,1.8695652173913042,-1.0
777690,686613,Hunter Brown,5,6.5,-145.0,130.0,betmgm,bovada,2025-06-01 14:10:36+00:00,2025-06-01 18:10:00+00:00,2025-06-01,5,6.477432494435127,Hunter Brown,HOU,TB,0.4637181956035442,0.5764909248055315,0.02661934338952965,0.0,-0.2164761522560804,0.23344815011184816,under,0.23344815011184816,True,2.3,1.2999999999999998
778335,680573,Simeon Woods Richardson,5,4.5,-152.0,121.0,betrivers,betonlineag,2025-04-13 14:05:38+00:00,2025-04-13 18:10:00+00:00,2025-04-13,5,4.386155114476343,Simeon Woods Richardson,MIN,DET,0.44190810242482215,0.5713702544563886,0.05566329095740863,1.0,-0.2673628828220054,0.23338309364114296,under,0.23338309364114296,False,2.21,-1.0
776176,605400,Aaron Nola,9,5.5,-135.0,115.0,betonlineag,betmgm,2025-09-26 18:45:40+00:00,2025-09-26 22:45:00+00:00,2025-09-26,9,5.260192703842009,Aaron Nola,PHI,MIN,0.4264129901374408,0.552594002855783,0.03958436417615041,1.0,-0.2577255356866772,0.2332120712045025,under,0.2332120712045025,False,2.15,-1.0
776173,687075,Brandon Sproat,2,3.5,-110.0,-112.0,draftkings,fanduel,2025-09-26 19:10:40+00:00,2025-09-26 23:10:00+00:00,2025-09-26,2,4.5174660071525325,Brandon Sproat,NYM,MIA,0.6459440766174376,0.49786507258753204,0.05211141060197666,0.0,0.23316596445147186,-0.3298227164544354,over,0.23316596445147186,False,1.9090909090909092,-1.0
778246,669373,Tarik Skubal,4,6.5,-115.0,-104.0,bovada,fanduel,2025-04-20 13:35:38+00:00,2025-04-20 17:40:00+00:00,2025-04-20,4,5.852210114323781,Tarik Skubal,DET,KC,0.3713606148473194,0.5120034919249236,0.044687642498860036,0.0,-0.30571711137240287,0.2331003324148735,under,0.2331003324148735,True,1.9615384615384617,0.9615384615384617
777182,641793,Zack Littell,4,4.5,128.0,-135.0,betrivers,bovada,2025-07-09 17:10:39+00:00,2025-07-09 21:10:00+00:00,2025-07-09,4,4.953117215638667,Zack Littell,TB,DET,0.5406427468631851,0.4329403095062638,0.013064576334453237,0.0,0.23266546284806222,-0.20037811490998902,over,0.23266546284806222,False,2.2800000000000002,-1.0
778111,668964,Tobias Myers,3,4.5,115.0,-135.0,fanatics,betmgm,2025-04-30 19:35:38+00:00,2025-04-30 23:40:00+00:00,2025-04-30,3,5.152215113953618,Tobias Myers,MIL,CWS,0.5730586815227359,0.447405997144217,0.03958436417615041,0.0,0.23207616527388208,-0.25680585302105874,over,0.23207616527388208,False,2.15,-1.0
777279,579328,Yusei Kikuchi,7,5.5,-109.0,-111.0,betonlineag,fanduel,2025-07-02 19:10:38+00:00,2025-07-02 23:15:00+00:00,2025-07-02,7,6.7213248477875265,Yusei Kikuchi,LAA,ATL,0.6425658313154343,0.4978354041300489,0.04759745118936931,1.0,0.23207576830207133,-0.3205530667347445,over,0.23207576830207133,True,1.9174311926605505,0.9174311926605505
778267,519242,Chris Sale,8,7.5,100.0,-118.0,draftkings,fanduel,2025-04-19 19:10:39+00:00,2025-04-19 23:15:00+00:00,2025-04-19,8,6.50430287945434,Chris Sale,ATL,MIN,0.33319531701832744,0.48017621145374445,0.041284403669724856,1.0,-0.3336093659633451,0.23189339737292025,under,0.23189339737292025,False,1.847457627118644,-1.0
778155,669373,Tarik Skubal,11,6.5,-144.0,126.0,fanduel,williamhill_us,2025-04-27 13:35:38+00:00,2025-04-27 17:40:00+00:00,2025-04-27,11,6.417016605123196,Tarik Skubal,DET,BAL,0.45493589320290034,0.5715088508007867,0.03264181053242421,1.0,-0.22913640318397444,0.23184488136144488,under,0.23184488136144488,False,2.26,-1.0
777606,605288,Adrian Houser,6,3.5,107.0,-110.0,betrivers,draftkings,2025-06-07 16:10:37+00:00,2025-06-07 20:10:00+00:00,2025-06-07,6,4.2139041532132815,Adrian Houser,CWS,KC,0.5950819214350589,0.4797806716929403,0.0069013112491373985,1.0,0.23181957737057202,-0.2269745772851124,over,0.23181957737057202,True,2.0700000000000003,1.0700000000000003
778221,656427,Jack Flaherty,9,5.5,-110.0,103.0,fanatics,betonlineag,2025-04-22 18:35:39+00:00,2025-04-22 22:40:00+00:00,2025-04-22,9,5.060909115627763,Jack Flaherty,DET,SD,0.3938187641050691,0.5153473344103393,0.016420361247947435,1.0,-0.24816417761759535,0.23054790886670995,under,0.23054790886670995,False,2.0300000000000002,-1.0
777531,592332,Kevin Gausman,7,5.5,-112.0,-106.0,betrivers,fanduel,2025-06-13 18:45:37+00:00,2025-06-13 22:45:00+00:00,2025-06-13,7,4.8969558762892955,Kevin Gausman,TOR,PHI,0.36682594840387006,0.5065870367117512,0.04286499358856943,1.0,-0.30565088337838886,0.23050806253587508,under,0.23050806253587508,False,1.9433962264150944,-1.0
777111,640455,Sean Manaea,6,5.5,110.0,-134.0,fanatics,fanduel,2025-07-18 19:10:38+00:00,2025-07-18 23:10:00+00:00,2025-07-18,6,6.299896899011401,Sean Manaea,NYM,CIN,0.585765333637631,0.45401629802095467,0.04884004884004867,1.0,0.230107200639025,-0.2766349856060123,over,0.230107200639025,True,2.1,1.1
777008,642547,Freddy Peralta,9,5.5,-177.0,128.0,betrivers,betrivers,2025-07-25 16:10:38+00:00,2025-07-25 20:10:00+00:00,2025-07-25,9,5.471787991868159,Freddy Peralta,MIL,MIA,0.4605448560595436,0.5929822499118372,0.07758566090316044,1.0,-0.2792603100085108,0.22995772818424087,under,0.22995772818424087,False,2.2800000000000002,-1.0
776346,686613,Hunter Brown,2,5.5,102.0,-109.0,fanduel,draftkings,2025-09-13 19:10:39+00:00,2025-09-13 23:15:00+00:00,2025-09-13,2,6.4637811246159504,Hunter Brown,HOU,ATL,0.60847741979752,0.4869751619367165,0.01658060542896389,0.0,0.22912438799099033,-0.24928239208882275,over,0.22912438799099033,False,2.02,-1.0
776934,571945,Miles Mikolas,5,3.5,125.0,-134.0,betmgm,betrivers,2025-07-30 19:45:38+00:00,2025-07-30 23:45:00+00:00,2025-07-30,5,3.945102541665019,Miles Mikolas,STL,MIA,0.5462378199651337,0.4369747899159664,0.017094017094017033,1.0,0.22903509492155072,-0.2076093274018006,over,0.22903509492155072,True,2.25,1.25
777850,677960,Ryan Weathers,4,4.5,107.0,-118.0,betrivers,fanduel,2025-05-20 18:40:38+00:00,2025-05-20 22:40:00+00:00,2025-05-20,4,5.2833947303314055,Ryan Weathers,MIA,CHC,0.5936641215953282,0.4715960714749275,0.024376191109338308,0.0,0.22888473170232948,-0.2493116822693352,over,0.22888473170232948,False,2.0700000000000003,-1.0
777172,605288,Adrian Houser,2,3.5,112.0,-138.0,betonlineag,fanduel,2025-07-09 14:10:37+00:00,2025-07-09 18:10:00+00:00,2025-07-09,2,4.126911772563659,Adrian Houser,CWS,TOR,0.5796535427248368,0.4485826296743064,0.05153004598065647,0.0,0.22886551057665416,-0.2750546606413852,over,0.22886551057665416,False,2.12,-1.0
777726,645261,Sandy Alcantara,0,4.5,120.0,-145.0,betonlineag,draftkings,2025-05-28 16:10:37+00:00,2025-05-28 20:10:00+00:00,2025-05-28,0,3.4678249443281453,Sandy Alcantara,MIA,SD,0.27275466227937767,0.43439716312056736,0.04638218923933213,0.0,-0.39993974298536905,0.22879384649346535,under,0.22879384649346535,True,1.6896551724137931,0.6896551724137931
777588,682052,Jacob Lopez,5,4.5,110.0,-118.0,betmgm,fanduel,2025-06-08 16:05:37+00:00,2025-06-08 20:05:00+00:00,2025-06-08,5,5.228220429454306,Jacob Lopez,ATH,BAL,0.5850726815426537,0.46801202232717903,0.01747487986020091,1.0,0.2286526312395727,-0.23343936081608907,over,0.2286526312395727,True,2.1,1.1
776819,607200,Erick Fedde,4,4.5,124.0,-158.0,fanduel,fanduel,2025-08-09 19:15:38+00:00,2025-08-09 23:15:00+00:00,2025-08-09,4,3.3278338975133717,Erick Fedde,ATL,MIA,0.24758759439850792,0.42162374166557726,0.05883167220376517,0.0,-0.4454037885473422,0.22862278889357568,under,0.22862278889357568,True,1.6329113924050633,0.6329113924050633
777961,621107,Zach Eflin,5,4.5,128.0,-157.0,fanduel,betrivers,2025-05-11 16:05:37+00:00,2025-05-11 20:07:00+00:00,2025-05-11,5,4.942165539754581,Zach Eflin,BAL,LAA,0.5388215422309164,0.41791336021855074,0.0494914328623115,1.0,0.22851311628648951,-0.2450773016136657,over,0.22851311628648951,True,2.2800000000000002,1.2800000000000002
778401,571578,Patrick Corbin,0,3.5,100.0,-114.0,fanatics,betrivers,2025-04-08 19:35:39+00:00,2025-04-08 23:40:00+00:00,2025-04-08,0,4.324975237372564,Patrick Corbin,TEX,CHC,0.6142348909450752,0.4841628959276018,0.032710280373831724,0.0,0.22846978189015044,-0.27584444440566747,over,0.22846978189015044,False,2.0,-1.0
776648,592836,Taijuan Walker,5,3.5,-140.0,120.0,betmgm,draftkings,2025-08-22 18:45:39+00:00,2025-08-22 22:45:00+00:00,2025-08-22,5,3.418946312137496,Taijuan Walker,PHI,WSH,0.44167499171153696,0.562043795620438,0.037878787878787845,1.0,-0.24284287135165084,0.22831501823461875,under,0.22831501823461875,False,2.2,-1.0
776901,605483,Blake Snell,8,5.5,100.0,-105.0,fanatics,bovada,2025-08-02 13:10:38+00:00,2025-08-02 17:10:00+00:00,2025-08-02,8,6.505288964954611,Blake Snell,LAD,TB,0.6141058542408591,0.4939759036144578,0.012195121951219523,1.0,0.22821170848171812,-0.2465876201845344,over,0.22821170848171812,True,2.0,1.0
777313,681347,Mike Burrows,5,3.5,-120.0,110.0,bovada,draftkings,2025-06-29 13:35:37+00:00,2025-06-29 17:35:00+00:00,2025-06-29,5,4.6707901657296995,Mike Burrows,PIT,NYM,0.6698341356798251,0.5338983050847457,0.02164502164502169,1.0,0.228029248746346,-0.3066516849276326,over,0.228029248746346,True,1.8333333333333335,0.8333333333333335
777453,622491,Luis Castillo,5,5.5,-190.0,140.0,betrivers,betrivers,2025-06-18 16:10:37+00:00,2025-06-18 20:10:00+00:00,2025-06-18,5,5.64761949189613,Luis Castillo,SEA,BOS,0.4883808486235309,0.6112600536193029,0.07183908045977017,0.0,-0.25457659946934763,0.22788596330352573,under,0.22788596330352573,True,2.4,1.4
776276,804636,Jonah Tong,8,4.5,-103.0,-110.0,betrivers,draftkings,2025-09-18 13:10:40+00:00,2025-09-18 17:10:00+00:00,2025-09-18,8,3.9255061408240457,Jonah Tong,NYM,SD,0.3571612615600424,0.49203821656050956,0.031198686371100237,1.0,-0.29608023207098433,0.22723759156719203,under,0.22723759156719203,False,1.9090909090909092,-1.0
778097,669358,Shane Baz,1,5.5,-102.0,-115.0,fanduel,draftkings,2025-05-01 13:05:38+00:00,2025-05-01 17:10:00+00:00,2025-05-01,1,4.758786868822489,Shane Baz,TB,KC,0.34405470045182635,0.48560673162090345,0.039834215979737575,0.0,-0.3186367696934419,0.22633251654658526,under,0.22633251654658526,True,1.8695652173913042,0.8695652173913042
777067,686613,Hunter Brown,7,6.5,-160.0,143.0,fanatics,betrivers,2025-07-20 16:05:38+00:00,2025-07-20 20:10:00+00:00,2025-07-20,7,6.697851071521947,Hunter Brown,HOU,SEA,0.4953483704075333,0.5992601726263872,0.02690724912947129,1.0,-0.19505889808775834,0.2263034599096938,under,0.2263034599096938,False,2.4299999999999997,-1.0
778251,808963,Roki Sasaki,4,3.5,-160.0,155.0,betmgm,betrivers,2025-04-19 16:00:38+00:00,2025-04-19 20:05:00+00:00,2025-04-19,4,3.8038825202371873,Roki Sasaki,LAD,TEX,0.519244642463496,0.6107784431137725,0.007541478129713397,1.0,-0.15622745599681898,0.22592616171808522,under,0.22592616171808522,False,2.55,-1.0
778497,645261,Sandy Alcantara,4,5.5,110.0,-120.0,betonlineag,fanatics,2025-04-01 18:35:39+00:00,2025-04-01 22:40:00+00:00,2025-04-01,4,6.282042729418133,Sandy Alcantara,MIA,NYM,0.5832447464882824,0.4661016949152542,0.02164502164502169,0.0,0.22481396762539307,-0.23594870189518435,over,0.22481396762539307,False,2.1,-1.0
778376,607259,Nick Martinez,8,4.5,135.0,-138.0,betrivers,fanduel,2025-04-09 15:40:39+00:00,2025-04-09 19:45:00+00:00,2025-04-09,8,4.836490074821614,Nick Martinez,CIN,SF,0.5210547507316693,0.4232616041259114,0.0053638476667263735,1.0,0.22447866421942297,-0.17399297589954554,over,0.22447866421942297,True,2.35,1.35
777943,673540,Kodai Senga,7,5.5,-165.0,140.0,draftkings,betmgm,2025-05-13 19:05:38+00:00,2025-05-13 23:10:00+00:00,2025-05-13,7,5.6574067440956135,Kodai Senga,NYM,PIT,0.4899137332682131,0.5990922844175491,0.03930817610062887,1.0,-0.21316885262983964,0.22420704015628856,under,0.22420704015628856,False,2.4,-1.0
777181,608372,Tomoyuki Sugano,2,3.5,130.0,-166.0,fanduel,fanduel,2025-07-10 17:05:37+00:00,2025-07-10 21:05:00+00:00,2025-07-10,2,3.8707170349406086,Tomoyuki Sugano,BAL,NYM,0.5321281752286078,0.4106205619018215,0.05884275907159209,0.0,0.2238948030257979,-0.25027767837837156,over,0.2238948030257979,False,2.3,-1.0
778367,693821,Bryce Elder,4,4.5,128.0,-159.0,fanduel,betrivers,2025-04-11 19:00:39+00:00,2025-04-11 23:05:00+00:00,2025-04-11,4,4.929875232060796,Bryce Elder,ATL,TB,0.5367731658866068,0.41672029862273136,0.05249610512768399,0.0,0.2238428182214638,-0.24543553436874954,over,0.2238428182214638,False,2.2800000000000002,-1.0
778011,450203,Charlie Morton,2,4.5,141.0,-150.0,betonlineag,fanduel,2025-05-07 19:35:38+00:00,2025-05-07 23:40:00+00:00,2025-05-07,2,4.758820784314045,Charlie Morton,BAL,MIN,0.507781565159573,0.40883074407195424,0.014937759336099532,0.0,0.2237535720345709,-0.17963594193262167,over,0.2237535720345709,False,2.41,-1.0
777137,594798,Jacob deGrom,8,5.5,-160.0,132.0,fanatics,betrivers,2025-07-12 19:35:38+00:00,2025-07-12 23:35:00+00:00,2025-07-12,8,5.547429202874717,Jacob deGrom,TEX,HOU,0.4725859515724877,0.58808618504436,0.04641909814323597,1.0,-0.23204782869470753,0.22360059235182872,under,0.22360059235182872,False,2.3200000000000003,-1.0
777833,676974,Max Meyer,4,5.5,-112.0,105.0,betonlineag,draftkings,2025-05-21 13:10:38+00:00,2025-05-21 17:10:00+00:00,2025-05-21,4,5.117875608617764,Max Meyer,MIA,CHC,0.4031683537924641,0.5199275362318841,0.01610676484123319,0.0,-0.23685990174997873,0.22350487472544844,under,0.22350487472544844,True,2.05,1.0499999999999998
776775,669461,Matthew Liberatore,3,4.5,120.0,-143.0,bovada,betonlineag,2025-08-12 19:45:38+00:00,2025-08-12 23:45:00+00:00,2025-08-12,3,5.046303393075053,Matthew Liberatore,STL,COL,0.5559809254482331,0.43579626972740315,0.043022820800598494,0.0,0.22315803598611295,-0.2454780761113332,over,0.22315803598611295,False,2.2,-1.0
778008,663436,Davis Martin,2,3.5,130.0,-150.0,betmgm,bovada,2025-05-08 14:05:38+00:00,2025-05-08 18:10:00+00:00,2025-05-08,2,3.868880823718488,Davis Martin,CWS,KC,0.5317767845468652,0.42016806722689076,0.034782608695652195,0.0,0.22308660445778972,-0.21962797424477531,over,0.22308660445778972,False,2.3,-1.0
776883,594798,Jacob deGrom,5,6.5,-130.0,120.0,betonlineag,draftkings,2025-08-03 16:10:38+00:00,2025-08-03 20:10:00+00:00,2025-08-03,5,6.343327541374999,Jacob deGrom,TEX,SEA,0.44416803378067143,0.5542635658914729,0.019762845849802257,0.0,-0.21416424792650446,0.2228303256825228,under,0.2228303256825228,True,2.2,1.2000000000000002
778255,471911,Carlos Carrasco,1,3.5,-120.0,105.0,betonlineag,draftkings,2025-04-19 16:05:38+00:00,2025-04-19 20:10:00+00:00,2025-04-19,1,4.651757075300207,Carlos Carrasco,NYY,TB,0.6669347588532986,0.5278969957081545,0.03325942350332589,0.0,0.22271372456438088,-0.31721625564926215,over,0.22271372456438088,False,1.8333333333333335,-1.0
776927,686752,Ryan Pepiot,4,5.5,-140.0,130.0,draftkings,bovada,2025-07-31 13:05:38+00:00,2025-07-31 17:05:00+00:00,2025-07-31,4,5.521625932575801,Ryan Pepiot,TB,NYY,0.4684891131010924,0.5729537366548043,0.018115942028985588,0.0,-0.19687580611241295,0.2224750398674873,under,0.2224750398674873,True,2.3,1.2999999999999998
778362,670102,Bowden Francis,5,4.5,120.0,-150.0,betrivers,fanatics,2025-04-12 16:00:38+00:00,2025-04-12 20:05:00+00:00,2025-04-12,5,5.0443585229925665,Bowden Francis,TOR,BAL,0.5556637459328855,0.4310344827586207,0.05454545454545445,1.0,0.22246024105234818,-0.2594395765548092,over,0.22246024105234818,True,2.2,1.2000000000000002
778245,656557,Tanner Houck,7,4.5,-129.0,125.0,betrivers,bovada,2025-04-20 13:30:38+00:00,2025-04-20 17:35:00+00:00,2025-04-20,7,4.469945969905095,Tanner Houck,BOS,CWS,0.4569973490856868,0.5589792970630717,0.007763221737020931,1.0,-0.18874113999517617,0.2217559645572047,under,0.2217559645572047,False,2.25,-1.0
777811,668881,Hunter Greene,2,5.5,-186.0,138.0,betrivers,betrivers,2025-05-23 18:40:38+00:00,2025-05-23 22:40:00+00:00,2025-05-23,2,5.636973976503599,Hunter Greene,CIN,CHC,0.4867114469565672,0.6075094691771422,0.07051771757654102,0.0,-0.25161573209904187,0.22162675624337003,under,0.22162675624337003,True,2.38,1.38
777734,621121,Lance McCullers Jr.,12,4.5,-140.0,118.0,draftkings,betrivers,2025-05-28 14:10:37+00:00,2025-05-28 18:10:00+00:00,2025-05-28,12,4.37370317309275,Lance McCullers Jr.,HOU,ATH,0.4396541331024282,0.5597945707997065,0.042048929663608625,1.0,-0.2463072003958373,0.2215539898367065,under,0.2215539898367065,False,2.1799999999999997,-1.0
777868,693433,Bryan Woo,5,4.5,-135.0,106.0,bovada,fanduel,2025-05-18 16:05:37+00:00,2025-05-18 20:10:00+00:00,2025-05-18,5,4.195958362259659,Bryan Woo,SEA,SD,0.40720228438632355,0.5419996102124343,0.05990497831026653,1.0,-0.2911663938460294,0.22116329416417346,under,0.22116329416417346,False,2.06,-1.0
776679,453286,Max Scherzer,4,5.5,-125.0,110.0,draftkings,betonlineag,2025-08-19 18:40:39+00:00,2025-08-19 22:40:00+00:00,2025-08-19,4,5.213359320976912,Max Scherzer,TOR,PIT,0.41878451090013746,0.5384615384615385,0.03174603174603163,0.0,-0.2461878803797526,0.2205525271097113,under,0.2205525271097113,True,2.1,1.1
777334,701581,David Festa,6,4.5,100.0,-110.0,draftkings,bovada,2025-06-27 19:10:37+00:00,2025-06-27 23:10:00+00:00,2025-06-27,6,5.391933636766382,David Festa,MIN,DET,0.6102391305576795,0.48837209302325585,0.023809523809523725,1.0,0.22047826111535906,-0.2559110674282973,over,0.22047826111535906,True,2.0,1.0
778109,664062,Tony Gonsolin,9,4.5,115.0,-122.0,betmgm,betrivers,2025-04-30 15:05:38+00:00,2025-04-30 19:10:00+00:00,2025-04-30,9,5.118220413466574,Tony Gonsolin,LAD,MIA,0.567619323158049,0.45839355771216184,0.01466582861931709,1.0,0.2203815447898052,-0.21320893230399074,over,0.2203815447898052,True,2.15,1.15
777936,676962,Ben Brown,6,6.5,103.0,100.0,betonlineag,bovada,2025-05-13 19:35:38+00:00,2025-05-13 23:40:00+00:00,2025-05-13,6,5.978272957293825,Ben Brown,CHC,MIA,0.390155918242655,0.4962779156327543,-0.00738916256157629,0.0,-0.20798348596741023,0.2196881635146899,under,0.2196881635146899,True,2.0,1.0
777363,669923,George Kirby,3,5.5,100.0,-110.0,betonlineag,draftkings,2025-06-25 19:40:37+00:00,2025-06-25 23:40:00+00:00,2025-06-25,3,4.862612490613585,George Kirby,SEA,MIN,0.36116434232679123,0.48837209302325585,0.023809523809523725,0.0,-0.27767131534641754,0.21959534646703505,under,0.21959534646703505,True,1.9090909090909092,0.9090909090909092
777555,663623,Jake Irvin,4,3.5,-115.0,100.0,betmgm,draftkings,2025-06-11 19:10:37+00:00,2025-06-11 23:10:00+00:00,2025-06-11,4,4.556574246866572,Jake Irvin,WSH,NYM,0.6521533833950308,0.5168539325842696,0.03488372093023262,1.0,0.21924328199940546,-0.30430676679006163,over,0.21924328199940546,True,1.8695652173913042,0.8695652173913042
778292,676440,Tanner Bibee,5,5.5,138.0,-186.0,betrivers,betrivers,2025-04-17 18:30:39+00:00,2025-04-17 22:35:00+00:00,2025-04-17,5,5.80110671153677,Tanner Bibee,CLE,BAL,0.5121968463919238,0.3924905308228578,0.07051771757654102,0.0,0.2190284944127785,-0.24993708638758172,over,0.2190284944127785,False,2.38,-1.0
778148,666157,Nick Lodolo,9,5.5,125.0,-145.0,bovada,betmgm,2025-04-27 15:05:38+00:00,2025-04-27 19:10:00+00:00,2025-04-27,9,5.995286110090687,Nick Lodolo,CIN,COL,0.5415809431191535,0.42888402625820565,0.03628117913832196,1.0,0.2185571220180953,-0.22542986940822485,over,0.2185571220180953,True,2.25,1.25
778062,502043,Kyle Gibson,3,3.5,-106.0,110.0,betrivers,betonlineag,2025-05-04 13:30:37+00:00,2025-05-04 17:35:00+00:00,2025-05-04,3,4.400832967022996,Kyle Gibson,BAL,KC,0.6269575686244958,0.5193653756416239,-0.009246417013407338,0.0,0.21842697298722769,-0.2166108941114412,over,0.21842697298722769,False,1.9433962264150944,-1.0
776739,669022,MacKenzie Gore,7,6.5,-115.0,105.0,betrivers,draftkings,2025-08-15 18:45:39+00:00,2025-08-15 22:45:00+00:00,2025-08-15,7,6.0827996689283355,MacKenzie Gore,WSH,PHI,0.4057059218500515,0.5230171935662784,0.022688598979013097,1.0,-0.24150632001946903,0.21830286020739442,under,0.21830286020739442,False,2.05,-1.0
777815,678394,Brayan Bello,7,4.5,140.0,-155.0,betrivers,betmgm,2025-05-23 13:35:38+00:00,2025-05-23 17:35:00+00:00,2025-05-23,7,4.756983890515122,Brayan Bello,BOS,BAL,0.5074655370480176,0.4066985645933015,0.02450980392156854,1.0,0.2179172889152421,-0.18970136740157728,over,0.2179172889152421,True,2.4,1.4
776778,676083,Janson Junk,2,3.5,115.0,-125.0,fanatics,betrivers,2025-08-12 18:40:39+00:00,2025-08-12 22:40:00+00:00,2025-08-12,2,4.053967081270739,Janson Junk,MIA,CLE,0.5664336506454275,0.45569620253164556,0.02067183462532296,0.0,0.217832348887669,-0.21958057116176943,over,0.217832348887669,False,2.15,-1.0
777144,669358,Shane Baz,3,5.5,125.0,-140.0,betmgm,fanduel,2025-07-12 16:10:37+00:00,2025-07-12 20:10:00+00:00,2025-07-12,3,5.992481151632556,Shane Baz,TB,BOS,0.5411628838831313,0.43243243243243246,0.02777777777777768,0.0,0.2176164887370453,-0.2134220866567964,over,0.2176164887370453,False,2.25,-1.0
776497,806960,Luis Morales,8,4.5,-186.0,135.0,betrivers,betrivers,2025-09-01 14:15:37+00:00,2025-09-01 18:15:00+00:00,2025-09-01,8,4.611022093132409,Luis Morales,ATH,STL,0.4820590039069655,0.6044807080625086,0.07588156524326739,1.0,-0.25876948861617133,0.21716134081863125,under,0.21716134081863125,False,2.35,-1.0
777133,607200,Erick Fedde,1,3.5,120.0,-140.0,bovada,fanduel,2025-07-12 14:15:37+00:00,2025-07-12 18:15:00+00:00,2025-07-12,1,3.982313722961006,Erick Fedde,STL,ATL,0.5532026502114321,0.43795620437956206,0.037878787878787845,0.0,0.2170458304651508,-0.23406168607674072,over,0.2170458304651508,False,2.2,-1.0
777849,701542,Will Warren,10,5.5,-110.0,100.0,betrivers,fanduel,2025-05-20 19:05:38+00:00,2025-05-20 23:05:00+00:00,2025-05-20,10,5.046925234420257,Will Warren,NYY,TEX,0.3915206624952414,0.5116279069767442,0.023809523809523725,1.0,-0.25255146250908456,0.21695867500951715,under,0.21695867500951715,False,2.0,-1.0
776432,594798,Jacob deGrom,8,5.5,-177.0,128.0,betrivers,betrivers,2025-09-06 19:15:39+00:00,2025-09-06 23:15:00+00:00,2025-09-06,8,5.507707821456162,Jacob deGrom,TEX,HOU,0.4662746349779526,0.5929822499118372,0.07758566090316044,1.0,-0.2702933678593623,0.21689383225026848,under,0.21689383225026848,False,2.2800000000000002,-1.0
777666,801403,Chase Dollander,1,4.5,120.0,-135.0,betmgm,bovada,2025-06-03 18:35:37+00:00,2025-06-03 22:40:00+00:00,2025-06-03,1,5.028271122145512,Chase Dollander,COL,MIA,0.553035265953119,0.44172932330827064,0.029013539651837617,0.0,0.21667758509686186,-0.22195027777024423,over,0.21667758509686186,False,2.2,-1.0
776437,669467,Andre Pallante,3,3.5,100.0,-115.0,fanduel,betmgm,2025-09-06 19:15:39+00:00,2025-09-06 23:15:00+00:00,2025-09-06,3,4.2894653600906905,Andre Pallante,STL,SF,0.6081789524816464,0.4831460674157303,0.03488372093023262,0.0,0.21635790496329288,-0.26746499811786084,over,0.21635790496329288,False,2.0,-1.0
778232,434378,Justin Verlander,6,5.5,100.0,-125.0,bovada,fanduel,2025-04-20 16:05:38+00:00,2025-04-20 20:07:00+00:00,2025-04-20,6,4.639127278924141,Justin Verlander,SF,LAA,0.3243840425261238,0.47368421052631576,0.05555555555555558,1.0,-0.3512319149477524,0.21610872345297727,under,0.21610872345297727,False,1.8,-1.0
777808,656288,Griffin Canning,1,4.5,-125.0,102.0,draftkings,fanduel,2025-05-23 19:10:38+00:00,2025-05-23 23:10:00+00:00,2025-05-23,1,4.146086503924784,Griffin Canning,NYM,LAD,0.39801922587265565,0.5287958115183247,0.050605060506050625,0.0,-0.2835653934292198,0.21600116373723566,under,0.21600116373723566,True,2.02,1.02
777404,683004,Jack Leiter,2,4.5,138.0,-186.0,betrivers,betrivers,2025-06-22 13:35:37+00:00,2025-06-22 17:35:00+00:00,2025-06-22,2,4.776969188782272,Jack Leiter,TEX,PIT,0.5108987281256497,0.3924905308228578,0.07051771757654102,0.0,0.2159389729390464,-0.2479410550749238,over,0.2159389729390464,False,2.38,-1.0
776304,650633,Michael King,2,4.5,110.0,-120.0,bovada,betmgm,2025-09-16 19:10:39+00:00,2025-09-16 23:10:00+00:00,2025-09-16,2,5.189512160638761,Michael King,SD,NYM,0.5789797925700546,0.4661016949152542,0.02164502164502169,0.0,0.2158575643971148,-0.2281296197117667,over,0.2158575643971148,False,2.1,-1.0
777873,621107,Zach Eflin,4,4.5,-108.0,104.0,fanduel,betrivers,2025-05-18 13:30:37+00:00,2025-05-18 17:35:00+00:00,2025-05-18,4,4.179064608539776,Zach Eflin,BAL,WSH,0.4040947539315877,0.5143817706387748,0.009426847662141746,0.0,-0.22174343687249765,0.21564670197956093,under,0.21564670197956093,True,2.04,1.04
776812,607259,Nick Martinez,4,4.5,138.0,-150.0,betrivers,fanduel,2025-08-09 18:40:38+00:00,2025-08-09 22:40:00+00:00,2025-08-09,4,4.7757028184328085,Nick Martinez,CIN,PIT,0.5106815233846521,0.41186161449752884,0.020168067226890685,0.0,0.21542202565547197,-0.18446920564108693,over,0.21542202565547197,False,2.38,-1.0
776686,665795,Edward Cabrera,6,5.5,-132.0,120.0,fanduel,draftkings,2025-08-19 18:40:39+00:00,2025-08-19 22:40:00+00:00,2025-08-19,6,5.391923263973012,Edward Cabrera,MIA,STL,0.44773370678696217,0.555895865237366,0.023510971786833812,1.0,-0.21307409110170283,0.21498584506868323,under,0.21498584506868323,False,2.2,-1.0
776474,676282,Joey Cantillo,7,5.5,125.0,-150.0,betrivers,draftkings,2025-09-03 18:45:38+00:00,2025-09-03 22:45:00+00:00,2025-09-03,7,5.983695283970193,Joey Cantillo,CLE,BOS,0.5398521552247206,0.4255319148936171,0.04444444444444429,1.0,0.21466734925562148,-0.23308692537453446,over,0.21466734925562148,True,2.25,1.25
778112,669387,Carmen Mlodzinski,4,3.5,-120.0,-102.0,bovada,fanduel,2025-04-30 18:35:39+00:00,2025-04-30 22:40:00+00:00,2025-04-30,4,3.1585069094954004,Carmen Mlodzinski,PIT,CHC,0.38668454816196013,0.519280205655527,0.05040504050405037,1.0,-0.2910783283697397,0.21460511050278508,under,0.21460511050278508,False,1.9803921568627452,-1.0
777900,690990,Cade Horton,2,5.5,175.0,-160.0,betrivers,draftkings,2025-05-16 14:15:39+00:00,2025-05-16 18:20:00+00:00,2025-05-16,2,5.35419091048268,Cade Horton,CHC,CWS,0.44164923669729417,0.37142857142857144,-0.020979020979020935,0.0,0.21453540091755885,-0.09268000963310308,over,0.21453540091755885,False,2.75,-1.0
777517,656427,Jack Flaherty,5,6.5,-137.0,115.0,betrivers,bovada,2025-06-14 13:10:37+00:00,2025-06-14 17:10:00+00:00,2025-06-14,5,6.282350781205746,Jack Flaherty,DET,CIN,0.4352157608260111,0.5541341360173079,0.04317535079972523,0.0,-0.24710850134478368,0.21428611422407617,under,0.21428611422407617,True,2.15,1.15
777969,681857,Reese Olson,5,4.5,-148.0,125.0,fanduel,draftkings,2025-05-11 13:35:38+00:00,2025-05-11 17:40:00+00:00,2025-05-11,5,4.48886080504161,Reese Olson,DET,TEX,0.4603836575089215,0.5731497418244406,0.04121863799283165,1.0,-0.2285463036336991,0.21413677060492664,under,0.21413677060492664,False,2.25,-1.0
776593,605540,Brandon Woodruff,8,6.5,110.0,-120.0,betrivers,draftkings,2025-08-25 19:35:39+00:00,2025-08-25 23:40:00+00:00,2025-08-25,8,5.627330296590333,Brandon Woodruff,MIL,AZ,0.3378528433530786,0.4661016949152542,0.02164502164502169,1.0,-0.2905090289585349,0.21393645385268956,under,0.21393645385268956,False,1.8333333333333335,-1.0
777032,687888,Brandon Walter,5,4.5,126.0,-150.0,betonlineag,betmgm,2025-07-23 15:40:38+00:00,2025-07-23 19:40:00+00:00,2025-07-23,5,4.932034226773389,Brandon Walter,HOU,AZ,0.5371333450831396,0.42444821731748733,0.04247787610619458,1.0,0.2139213598878953,-0.22855557513856606,over,0.2139213598878953,True,2.26,1.2599999999999998
778495,543294,Kyle Hendricks,4,2.5,-120.0,115.0,fanduel,bovada,2025-04-01 19:40:39+00:00,2025-04-01 23:45:00+00:00,2025-04-01,4,3.475402169269234,Kyle Hendricks,LAA,STL,0.6621290475519093,0.5397489539748954,0.010570824524312794,1.0,0.21390325384516706,-0.2735774522366049,over,0.21390325384516706,True,1.8333333333333335,0.8333333333333335
776692,656427,Jack Flaherty,9,6.5,110.0,-130.0,fanduel,betonlineag,2025-08-18 18:35:39+00:00,2025-08-18 22:40:00+00:00,2025-08-18,9,5.466801557739022,Jack Flaherty,DET,HOU,0.31407391609265006,0.4572564612326044,0.04140786749482395,1.0,-0.3404447762054348,0.21356153306684988,under,0.21356153306684988,False,1.7692307692307692,-1.0
777648,687473,Ryan Gusto,3,4.5,125.0,-135.0,betonlineag,bovada,2025-06-04 18:40:37+00:00,2025-06-04 22:40:00+00:00,2025-06-04,3,4.944943445986331,Ryan Gusto,HOU,PIT,0.5392838568531182,0.4361948955916473,0.01891252955082745,0.0,0.213388677919516,-0.1980126397072799,over,0.213388677919516,False,2.25,-1.0
776984,694973,Paul Skenes,9,5.5,-195.0,140.0,betrivers,betrivers,2025-07-27 13:35:37+00:00,2025-07-27 17:35:00+00:00,2025-07-27,9,5.686463928897247,Paul Skenes,PIT,AZ,0.49445364134775055,0.6133682830930537,0.07768361581920913,1.0,-0.25198038873032613,0.21331126076539886,under,0.21331126076539886,False,2.4,-1.0
778416,673540,Kodai Senga,4,6.5,-139.0,120.0,betrivers,draftkings,2025-04-07 19:05:38+00:00,2025-04-07 23:10:00+00:00,2025-04-07,4,6.373307608292879,Kodai Senga,NYM,MIA,0.4485559421053969,0.5613069016152716,0.03613541270445042,0.0,-0.22874194127201541,0.213176927368127,under,0.213176927368127,True,2.2,1.2000000000000002
776286,695418,Brad Lord,4,3.5,-105.0,100.0,fanatics,bovada,2025-09-17 16:00:39+00:00,2025-09-17 20:05:00+00:00,2025-09-17,4,4.367211876422817,Brad Lord,WSH,ATL,0.6213548742181703,0.5060240963855421,0.012195121951219523,1.0,0.213121421092618,-0.24270974843634052,over,0.213121421092618,True,1.9523809523809523,0.9523809523809523
777068,676440,Tanner Bibee,4,5.5,-140.0,124.0,fanatics,betonlineag,2025-07-21 18:35:38+00:00,2025-07-21 22:40:00+00:00,2025-07-21,4,5.459164320030826,Tanner Bibee,CLE,BAL,0.45852629756740626,0.5664739884393063,0.029761904761904878,0.0,-0.2139549184558749,0.2129010934490101,under,0.2129010934490101,True,2.24,1.2400000000000002
777608,686613,Hunter Brown,9,5.5,-190.0,140.0,betrivers,betrivers,2025-06-07 16:10:37+00:00,2025-06-07 20:10:00+00:00,2025-06-07,9,5.688096883058276,Hunter Brown,HOU,CLE,0.4947082783929006,0.6112600536193029,0.07183908045977017,1.0,-0.24491894350557286,0.2127001318570383,under,0.2127001318570383,False,2.4,-1.0
776886,656605,Mitch Keller,4,4.5,-115.0,106.0,betmgm,fanduel,2025-08-03 15:10:38+00:00,2025-08-03 19:10:00+00:00,2025-08-03,4,5.654943817554879,Mitch Keller,PIT,COL,0.6485551114944363,0.5242310245629564,0.0203206141341159,0.0,0.21251607801133732,-0.2760235296785388,over,0.21251607801133732,False,1.8695652173913042,-1.0
776911,673540,Kodai Senga,4,5.5,-145.0,123.0,bovada,betrivers,2025-08-02 16:10:38+00:00,2025-08-02 20:10:00+00:00,2025-08-02,4,5.445440871636876,Kodai Senga,NYM,SF,0.4563290801999072,0.5689275974311604,0.040267227967420105,0.0,-0.22896120931739816,0.21238615115420711,under,0.21238615115420711,True,2.23,1.23
776419,696149,Bubba Chandler,3,3.5,-110.0,-105.0,betmgm,draftkings,2025-09-07 13:35:38+00:00,2025-09-07 17:35:00+00:00,2025-09-07,3,4.448107480075171,Bubba Chandler,PIT,MIL,0.6347376351020858,0.5056053811659194,0.03600464576074325,0.0,0.21177184883125477,-0.2868687161516914,over,0.21177184883125477,False,1.9090909090909092,-1.0
778073,690928,Hunter Dobbins,2,4.5,138.0,-186.0,betrivers,betrivers,2025-05-03 16:05:38+00:00,2025-05-03 20:10:00+00:00,2025-05-03,2,4.766442505998154,Hunter Dobbins,BOS,MIN,0.509091816913639,0.3924905308228578,0.07051771757654102,0.0,0.21163852425446072,-0.24516268622204718,over,0.21163852425446072,False,2.38,-1.0
776140,661563,Luis Gil,2,5.5,121.0,-124.0,draftkings,betrivers,2025-09-28 15:05:38+00:00,2025-09-28 19:05:00+00:00,2025-09-28,2,4.669097016901332,Luis Gil,NYY,BAL,0.32930304676278943,0.4497630712392579,0.00606011635423398,0.0,-0.2722402666542354,0.21158159294463852,under,0.21158159294463852,True,1.8064516129032258,0.8064516129032258
776580,677944,Slade Cecconi,4,4.5,120.0,-125.0,betmgm,draftkings,2025-08-27 13:10:39+00:00,2025-08-27 17:10:00+00:00,2025-08-27,4,5.012603580532852,Slade Cecconi,CLE,TB,0.5504670874398486,0.44999999999999996,0.010101010101010166,0.0,0.211027592367667,-0.19084075739172746,over,0.211027592367667,False,2.2,-1.0
777064,663903,Brady Singer,1,4.5,-143.0,125.0,betonlineag,betmgm,2025-07-21 18:40:38+00:00,2025-07-21 22:45:00+00:00,2025-07-21,1,4.497226846212378,Brady Singer,CIN,WSH,0.4618789598620296,0.5697211155378487,0.03292181069958833,0.0,-0.2151287605141735,0.21077234031043335,under,0.21077234031043335,True,2.25,1.25
778075,674370,Osvaldo Bido,4,4.5,128.0,-145.0,betonlineag,betmgm,2025-05-03 16:05:38+00:00,2025-05-03 20:10:00+00:00,2025-05-03,4,4.895611613140697,Osvaldo Bido,ATH,MIA,0.531037363480024,0.42564280750521194,0.03043322592194775,0.0,0.21076518873445482,-0.20761485553521286,over,0.21076518873445482,False,2.2800000000000002,-1.0
777110,671737,Taj Bradley,6,5.5,-112.0,-103.0,betrivers,betonlineag,2025-07-18 19:35:38+00:00,2025-07-18 23:35:00+00:00,2025-07-18,6,5.011816229244297,Taj Bradley,TB,BAL,0.3857464999614178,0.5100960244099434,0.035691049354029225,1.0,-0.2698369822158878,0.21061612143526398,under,0.21061612143526398,False,1.970873786407767,-1.0
778259,669713,Hayden Wesneski,4,4.5,-125.0,115.0,betonlineag,draftkings,2025-04-19 19:05:38+00:00,2025-04-19 23:10:00+00:00,2025-04-19,4,4.3593289716728485,Hayden Wesneski,HOU,SD,0.43704869769514343,0.5443037974683544,0.02067183462532296,0.0,-0.21331234414874178,0.2103452999554416,under,0.2103452999554416,True,2.15,1.15
778369,680730,Mitchell Parker,3,4.5,132.0,-155.0,betonlineag,draftkings,2025-04-11 19:05:39+00:00,2025-04-11 23:10:00+00:00,2025-04-11,3,4.839873641709213,Mitchell Parker,WSH,MIA,0.5216289317533757,0.4149040026033192,0.038877620013522574,0.0,0.2101791216678317,-0.21300243611039227,over,0.2101791216678317,False,2.3200000000000003,-1.0
776624,693821,Bryce Elder,6,3.5,-110.0,-105.0,fanduel,draftkings,2025-08-24 13:35:39+00:00,2025-08-24 17:35:00+00:00,2025-08-24,6,4.441218083959436,Bryce Elder,ATL,NYM,0.633610971656144,0.5056053811659194,0.03600464576074325,1.0,0.20962094588900215,-0.2846690399000906,over,0.20962094588900215,True,1.9090909090909092,0.9090909090909092
776956,607067,Colin Rea,2,3.5,-110.0,-105.0,draftkings,bovada,2025-07-29 19:40:38+00:00,2025-07-29 23:40:00+00:00,2025-07-29,2,4.441012592763339,Colin Rea,CHC,MIL,0.63357732901446,0.5056053811659194,0.03600464576074325,0.0,0.20955671902760553,-0.284603356647279,over,0.20955671902760553,False,1.9090909090909092,-1.0
778355,663855,Jordan Hicks,3,4.5,-134.0,114.0,betrivers,fanduel,2025-04-12 15:00:38+00:00,2025-04-12 19:05:00+00:00,2025-04-12,3,4.348823679620889,Jordan Hicks,SF,NYY,0.435142203879982,0.5506567324679315,0.03993929227574089,0.0,-0.24012480814988224,0.20879568369683854,under,0.20879568369683854,True,2.1399999999999997,1.1399999999999997
776273,701542,Will Warren,4,5.5,138.0,-195.0,betrivers,betrivers,2025-09-19 19:05:39+00:00,2025-09-19 23:05:00+00:00,2025-09-19,4,5.773023414945522,Will Warren,NYY,BAL,0.5078760971255631,0.3886181003820313,0.0811850163794332,0.0,0.2087451111588403,-0.2555048648822622,over,0.2087451111588403,False,2.38,-1.0
778388,607625,Seth Lugo,6,4.5,-140.0,140.0,draftkings,betonlineag,2025-04-09 19:35:39+00:00,2025-04-09 23:40:00+00:00,2025-04-09,6,4.692888375026833,Seth Lugo,KC,MIN,0.4963792134597286,0.5833333333333334,0.0,1.0,-0.14906420549760813,0.20868988769665142,under,0.20868988769665142,False,2.4,-1.0
776323,506433,Yu Darvish,5,6.5,125.0,-138.0,bovada,fanduel,2025-09-14 16:05:38+00:00,2025-09-14 20:10:00+00:00,2025-09-14,5,5.3656247674617115,Yu Darvish,SD,COL,0.29919982127169203,0.43391066545123064,0.024276377217553602,0.0,-0.3268004021386929,0.20862639519809645,under,0.20862639519809645,True,1.7246376811594204,0.7246376811594204
778278,656288,Griffin Canning,8,4.5,-105.0,-115.0,betmgm,draftkings,2025-04-17 19:05:39+00:00,2025-04-17 23:10:00+00:00,2025-04-17,8,3.90672128116703,Griffin Canning,NYM,STL,0.3536722951542784,0.4891657638136511,0.04707884288145214,1.0,-0.3094969475559327,0.20835179601591425,under,0.20835179601591425,False,1.8695652173913042,-1.0
777794,656605,Mitch Keller,7,4.5,102.0,100.0,betonlineag,betmgm,2025-05-24 16:05:38+00:00,2025-05-24 20:05:00+00:00,2025-05-24,7,5.312595531676764,Mitch Keller,PIT,MIL,0.5981662074555703,0.4975124378109453,-0.004950495049504955,1.0,0.208295739060252,-0.1963324149111405,over,0.208295739060252,True,2.02,1.02
778077,666157,Nick Lodolo,4,5.5,120.0,-135.0,betonlineag,draftkings,2025-05-03 18:35:38+00:00,2025-05-03 22:40:00+00:00,2025-05-03,4,4.526128631164489,Nick Lodolo,CIN,WSH,0.30590446725030446,0.44172932330827064,0.029013539651837617,0.0,-0.32701017204933014,0.20824037182354416,under,0.20824037182354416,True,1.7407407407407407,0.7407407407407407
778146,641793,Zack Littell,1,3.5,-150.0,135.0,betmgm,bovada,2025-04-27 16:05:37+00:00,2025-04-27 20:10:00+00:00,2025-04-27,1,3.635493898430424,Zack Littell,TB,SD,0.48597264846550947,0.5850622406639003,0.025531914893617058,0.0,-0.19004558589081766,0.20796427610605273,under,0.20796427610605273,True,2.35,1.35
776770,680730,Mitchell Parker,3,3.5,135.0,-155.0,draftkings,betrivers,2025-08-12 19:40:39+00:00,2025-08-12 23:40:00+00:00,2025-08-12,3,3.7766355605174606,Mitchell Parker,WSH,KC,0.5139380767747634,0.4117884537747275,0.03337505214851899,0.0,0.2077544804206941,-0.2003497392100948,over,0.2077544804206941,False,2.35,-1.0
778353,656876,Drew Rasmussen,7,5.5,105.0,-130.0,bovada,fanduel,2025-04-12 16:05:39+00:00,2025-04-12 20:10:00+00:00,2025-04-12,7,4.5964998084630695,Drew Rasmussen,TB,ATL,0.31739912409398424,0.4632426988922458,0.05302226935312815,1.0,-0.3493317956073324,0.20767847275679707,under,0.20767847275679707,False,1.7692307692307692,-1.0
777387,675911,Spencer Strider,8,6.5,105.0,-120.0,betrivers,fanduel,2025-06-24 19:10:37+00:00,2025-06-24 23:10:00+00:00,2025-06-24,8,5.650870868306299,Spencer Strider,ATL,NYM,0.34135322695676407,0.4721030042918455,0.03325942350332589,1.0,-0.30022588473863376,0.20751908391259932,under,0.20751908391259932,False,1.8333333333333335,-1.0
776219,695418,Brad Lord,4,3.5,-109.0,-113.0,betrivers,draftkings,2025-09-23 19:15:39+00:00,2025-09-23 23:15:00+00:00,2025-09-23,4,4.417292605656138,Brad Lord,WSH,ATL,0.6296793697518073,0.4957295981551863,0.05204753240335158,1.0,0.20736686493695156,-0.30196199785075173,over,0.20736686493695156,True,1.9174311926605505,0.9174311926605505
777765,680684,Gunnar Hoglund,2,3.5,-135.0,120.0,draftkings,bovada,2025-05-25 16:05:37+00:00,2025-05-25 20:05:00+00:00,2025-05-25,2,4.830797229352268,Gunnar Hoglund,ATH,PHI,0.6934665864329584,0.5582706766917294,0.029013539651837617,0.0,0.2071455393462609,-0.32562649015250855,over,0.2071455393462609,False,1.7407407407407407,-1.0
777913,641793,Zack Littell,2,3.5,110.0,-122.0,draftkings,fanduel,2025-05-15 15:05:38+00:00,2025-05-15 19:07:00+00:00,2025-05-15,2,4.099255874303718,Zack Littell,TB,TOR,0.5746714481659458,0.46424090338770385,0.025740025740025763,0.0,0.20681004114848633,-0.22604148764622933,over,0.20681004114848633,False,2.1,-1.0
778293,663559,Bailey Falter,2,3.5,-143.0,135.0,betonlineag,draftkings,2025-04-16 18:35:39+00:00,2025-04-16 22:40:00+00:00,2025-04-16,2,3.6381062315191564,Bailey Falter,PIT,WSH,0.48649720855587997,0.5803471202832224,0.014009281148761099,0.0,-0.17329495329315514,0.20673155989368208,under,0.20673155989368208,True,2.35,1.35
778224,678394,Brayan Bello,3,4.5,-120.0,108.0,draftkings,fanduel,2025-04-22 18:40:39+00:00,2025-04-22 22:45:00+00:00,2025-04-22,3,5.722526321122805,Brayan Bello,BOS,SEA,0.6579686169543766,0.5315161839863713,0.02622377622377625,0.0,0.20627579774969051,-0.28857472326510325,over,0.20627579774969051,False,1.8333333333333335,-1.0
778018,656557,Tanner Houck,2,4.5,-106.0,-105.0,fanduel,bovada,2025-05-07 18:40:38+00:00,2025-05-07 22:45:00+00:00,2025-05-07,2,4.060322297353067,Tanner Houck,BOS,TEX,0.38216973528910825,0.5011531365313653,0.02675822874733602,0.0,-0.2572927785890915,0.20624004062602674,under,0.20624004062602674,True,1.9523809523809523,0.9523809523809523
777964,694477,Chad Patrick,4,4.5,120.0,-140.0,fanduel,draftkings,2025-05-11 13:35:38+00:00,2025-05-11 17:40:00+00:00,2025-05-11,4,4.999006197126578,Chad Patrick,MIL,TB,0.5482316523711378,0.43795620437956206,0.037878787878787845,0.0,0.20610963521650327,-0.225539975493379,over,0.20610963521650327,False,2.2,-1.0
776832,543294,Kyle Hendricks,6,3.5,130.0,-160.0,draftkings,fanatics,2025-08-08 19:10:38+00:00,2025-08-08 23:10:00+00:00,2025-08-08,6,3.8302985559957032,Kyle Hendricks,LAA,DET,0.5243596337836469,0.4140127388535032,0.050167224080267525,1.0,0.20602715770238778,-0.22708440489842618,over,0.20602715770238778,True,2.3,1.2999999999999998
778236,592791,Jameson Taillon,6,4.5,-104.0,100.0,fanduel,betmgm,2025-04-20 14:15:38+00:00,2025-04-20 18:20:00+00:00,2025-04-20,6,4.140759595391537,Jameson Taillon,CHC,AZ,0.3970367635086429,0.5048543689320388,0.009803921568627416,1.0,-0.2211971177330465,0.20592647298271416,under,0.20592647298271416,False,2.0,-1.0
776597,693645,Cam Schlittler,8,5.5,-110.0,-105.0,fanduel,bovada,2025-08-25 19:05:39+00:00,2025-08-25 23:05:00+00:00,2025-08-25,8,4.991431162240662,Cam Schlittler,NYY,WSH,0.3823913951359581,0.5056053811659194,0.03600464576074325,1.0,-0.26998006383135265,0.20580727616312933,under,0.20580727616312933,False,1.9523809523809523,-1.0
776326,500779,Jose Quintana,2,4.5,-114.0,-105.0,draftkings,fanatics,2025-09-14 14:05:38+00:00,2025-09-14 18:10:00+00:00,2025-09-14,2,4.062900238573373,Jose Quintana,MIL,STL,0.38264702290865127,0.5098167539267016,0.04490540232505125,0.0,-0.2816976938381458,0.20530819336882367,under,0.20530819336882367,True,1.9523809523809523,0.9523809523809523
776894,695418,Brad Lord,6,3.5,126.0,-145.0,fanduel,draftkings,2025-08-03 13:30:38+00:00,2025-08-03 17:35:00+00:00,2025-08-03,6,3.875887568991707,Brad Lord,WSH,MIL,0.5331168549679336,0.427798149118212,0.034314610800072254,1.0,0.20484409222752986,-0.21112847908374988,over,0.20484409222752986,True,2.26,1.2599999999999998
778115,471911,Carlos Carrasco,5,3.5,112.0,-140.0,betonlineag,fanduel,2025-04-30 18:30:38+00:00,2025-04-30 22:35:00+00:00,2025-04-30,5,4.064304231874741,Carlos Carrasco,NYY,BAL,0.5683225292725101,0.4470938897168405,0.055031446540880546,1.0,0.20484376205772148,-0.2599814787528745,over,0.20484376205772148,True,2.12,1.12
778031,669713,Hayden Wesneski,3,4.5,100.0,-110.0,betrivers,betmgm,2025-05-06 19:35:38+00:00,2025-05-06 23:40:00+00:00,2025-05-06,3,5.340352077834859,Hayden Wesneski,HOU,MIL,0.6024165223192745,0.48837209302325585,0.023809523809523725,0.0,0.2048330446385489,-0.24097699715497845,over,0.2048330446385489,False,2.0,-1.0
777388,641927,Bailey Ober,7,5.5,130.0,-155.0,betonlineag,draftkings,2025-06-23 19:40:37+00:00,2025-06-23 23:40:00+00:00,2025-06-23,7,5.877330565153287,Bailey Ober,MIN,SEA,0.5238361032650174,0.4170073589533933,0.04262574595055413,1.0,0.2048230375095399,-0.21663358924244802,over,0.2048230375095399,True,2.3,1.2999999999999998
776500,694819,Jacob Misiorowski,4,5.5,-152.0,123.0,fanduel,betrivers,2025-09-01 16:10:38+00:00,2025-09-01 20:10:00+00:00,2025-09-01,4,5.466700807502592,Jacob Misiorowski,MIL,PHI,0.45973170183021955,0.5735751996751048,0.051605096448145815,0.0,-0.2378132311762149,0.20479830491861017,under,0.20479830491861017,True,2.23,1.23
778056,676440,Tanner Bibee,3,4.5,110.0,-114.0,bovada,betrivers,2025-05-04 13:35:38+00:00,2025-05-04 17:37:00+00:00,2025-05-04,3,5.154999309844734,Tanner Bibee,CLE,TOR,0.5735023808571483,0.4719894133215704,0.008900756564307777,0.0,0.2043549998000116,-0.19938166231078724,over,0.2043549998000116,False,2.1,-1.0
777247,663978,Chris Paddack,5,3.5,-115.0,-102.0,fanatics,fanduel,2025-07-04 16:10:38+00:00,2025-07-04 20:10:00+00:00,2025-07-04,5,4.505859872768458,Chris Paddack,MIN,TB,0.6440861292855895,0.5143932683790965,0.039834215979737575,1.0,0.20416102431653682,-0.2951509619185204,over,0.20416102431653682,True,1.8695652173913042,0.8695652173913042
778138,592866,Trevor Williams,5,3.5,-130.0,112.0,betonlineag,betrivers,2025-04-28 16:00:38+00:00,2025-04-28 20:05:00+00:00,2025-04-28,5,4.741862563895176,Trevor Williams,WSH,NYM,0.6804948357223122,0.5450949367088608,0.03691550451189496,1.0,0.20395240166255224,-0.32264905173130176,over,0.20395240166255224,True,1.7692307692307692,0.7692307692307692
777399,622608,Antonio Senzatela,5,2.5,128.0,-150.0,fanduel,bovada,2025-06-22 15:10:37+00:00,2025-06-22 19:10:00+00:00,2025-06-22,5,2.819562187404505,Antonio Senzatela,COL,AZ,0.5280354993007337,0.4222972972972973,0.03859649122807007,1.0,0.20392093840567282,-0.21339249883455624,over,0.20392093840567282,True,2.2800000000000002,1.2800000000000002
777979,663903,Brady Singer,1,4.5,-160.0,135.0,betmgm,betrivers,2025-05-10 19:05:38+00:00,2025-05-10 23:10:00+00:00,2025-05-10,1,4.643377578435564,Brady Singer,CIN,HOU,0.4877394428846526,0.5911949685534592,0.04091653027823239,0.0,-0.20742340531243952,0.2038123092210664,under,0.2038123092210664,True,2.35,1.35
778419,669854,Ronel Blanco,3,5.5,-115.0,-105.0,fanduel,betmgm,2025-04-06 14:05:38+00:00,2025-04-06 18:10:00+00:00,2025-04-06,3,4.997829227938448,Ronel Blanco,HOU,MIN,0.38344460640547395,0.5108342361863488,0.04707884288145214,0.0,-0.283125301068027,0.20375100654169365,under,0.20375100654169365,True,1.9523809523809523,0.9523809523809523
776183,641816,Tyler Mahle,4,4.5,-146.0,122.0,fanduel,draftkings,2025-09-25 14:35:39+00:00,2025-09-25 18:35:00+00:00,2025-09-25,4,4.47456833137453,Tyler Mahle,TEX,MIN,0.45782559288070745,0.5685118922332141,0.043946385409800115,0.0,-0.22859523391332848,0.20362718380482936,under,0.20362718380482936,True,2.2199999999999998,1.2199999999999998
777402,693821,Bryce Elder,4,4.5,110.0,-132.0,fanatics,fanduel,2025-06-22 13:40:37+00:00,2025-06-22 17:40:00+00:00,2025-06-22,4,5.151850883287065,Bryce Elder,ATL,MIA,0.5730006163164718,0.4556166535742341,0.0451559934318555,0.0,0.20330129426459087,-0.2495162347380414,over,0.20330129426459087,False,2.1,-1.0
777438,608331,Max Fried,7,6.5,100.0,-116.0,fanatics,fanduel,2025-06-20 19:05:37+00:00,2025-06-20 23:05:00+00:00,2025-06-20,7,5.73566631558858,Max Fried,NYY,BAL,0.35398019627811134,0.48214285714285704,0.0370370370370372,1.0,-0.2920396074437773,0.20293342762006872,under,0.20293342762006872,False,1.8620689655172413,-1.0
776895,608337,Lucas Giolito,4,4.5,-148.0,125.0,betrivers,fanatics,2025-08-03 11:35:38+00:00,2025-08-03 15:35:00+00:00,2025-08-03,4,4.516771976603006,Lucas Giolito,BOS,HOU,0.46536634475378036,0.5731497418244406,0.04121863799283165,0.0,-0.22019693581798971,0.20292572430399414,under,0.20292572430399414,True,2.25,1.25
778002,500779,Jose Quintana,3,4.5,120.0,-138.0,betmgm,fanduel,2025-05-09 19:00:38+00:00,2025-05-09 23:05:00+00:00,2025-05-09,3,4.990086541567397,Jose Quintana,MIL,TB,0.5467619378068251,0.43943870014771047,0.03437738731856377,0.0,0.2028762631750154,-0.21832855940597373,over,0.2028762631750154,False,2.2,-1.0
778008,663460,Kris Bubic,7,5.5,107.0,-112.0,betonlineag,fanduel,2025-05-08 14:05:38+00:00,2025-05-08 18:10:00+00:00,2025-05-08,7,6.265360999450047,Kris Bubic,KC,CWS,0.5808816318514649,0.4776496034607065,0.011393674232066386,1.0,0.20242497793253245,-0.20666880314741576,over,0.20242497793253245,True,2.0700000000000003,1.0700000000000003
778492,669203,Corbin Burnes,8,5.5,106.0,-120.0,fanduel,draftkings,2025-04-01 19:00:39+00:00,2025-04-01 23:05:00+00:00,2025-04-01,8,4.759659324918817,Corbin Burnes,AZ,NYY,0.34419837028816336,0.4708904109589041,0.030891438658428916,1.0,-0.29095135720638343,0.20230298780503397,under,0.20230298780503397,False,1.8333333333333335,-1.0
776971,448179,Rich Hill,3,3.5,-115.0,-104.0,draftkings,fanduel,2025-07-28 19:35:38+00:00,2025-07-28 23:40:00+00:00,2025-07-28,3,4.4986077943211304,Rich Hill,KC,ATL,0.6429216620463869,0.5120034919249236,0.044687642498860036,0.0,0.2019839768693319,-0.2995771063217588,over,0.2019839768693319,False,1.8695652173913042,-1.0
777872,607067,Colin Rea,3,4.5,-156.0,143.0,fanduel,betrivers,2025-05-18 14:15:37+00:00,2025-05-18 18:20:00+00:00,2025-05-18,3,4.745290223427474,Colin Rea,CHC,CWS,0.5054514617026823,0.5969011778043711,0.02089763374485587,0.0,-0.1705411910520086,0.20175294806248179,under,0.20175294806248179,True,2.4299999999999997,1.4299999999999997
778270,656849,David Peterson,9,5.5,118.0,-125.0,fanduel,bovada,2025-04-18 19:05:38+00:00,2025-04-18 23:10:00+00:00,2025-04-18,9,4.690881912596792,David Peterson,NYM,STL,0.33288229497155697,0.4522613065326633,0.014271151885830946,1.0,-0.27431659696200594,0.20081186905119752,under,0.20081186905119752,False,1.8,-1.0
777534,622608,Antonio Senzatela,2,2.5,-140.0,125.0,fanatics,betmgm,2025-06-12 15:10:37+00:00,2025-06-12 19:10:00+00:00,2025-06-12,2,3.6982889671887715,Antonio Senzatela,COL,SF,0.7004597469895019,0.5675675675675677,0.02777777777777768,0.0,0.200788137696289,-0.32603443072637917,over,0.200788137696289,False,1.7142857142857144,-1.0
776585,640455,Sean Manaea,8,5.5,-137.0,120.0,betrivers,bovada,2025-08-26 19:10:39+00:00,2025-08-26 23:10:00+00:00,2025-08-26,8,5.4322742704659275,Sean Manaea,NYM,PHI,0.4542183248606086,0.5598068350668648,0.03260452627541244,1.0,-0.2142354526133997,0.20071968530666107,under,0.20071968530666107,False,2.2,-1.0
777679,680730,Mitchell Parker,2,3.5,125.0,-135.0,bovada,betmgm,2025-06-01 16:10:36+00:00,2025-06-01 20:10:00+00:00,2025-06-01,2,3.878552277160908,Mitchell Parker,WSH,AZ,0.5336259284029966,0.4361948955916473,0.01891252955082745,0.0,0.20065833890674245,-0.18816365314595707,over,0.20065833890674245,False,2.25,-1.0
778290,571927,Steven Matz,5,2.5,-147.0,155.0,betonlineag,betrivers,2025-04-16 13:10:38+00:00,2025-04-16 17:15:00+00:00,2025-04-16,5,3.784628977281862,Steven Matz,STL,HOU,0.7143352853164853,0.6027981024362788,-0.012701436850043768,1.0,0.20027765628008054,-0.2715549775570375,over,0.20027765628008054,True,1.6802721088435373,0.6802721088435373
777028,669467,Andre Pallante,5,4.5,123.0,-150.0,betrivers,bovada,2025-07-23 15:10:38+00:00,2025-07-23 19:10:00+00:00,2025-07-23,5,4.937833595503205,Andre Pallante,STL,COL,0.5381001038146728,0.42771599657827203,0.04843049327354265,1.0,0.19996323150672035,-0.2301668396911214,over,0.19996323150672035,True,2.23,1.23
776303,676282,Joey Cantillo,3,5.5,120.0,-145.0,bovada,fanatics,2025-09-16 18:40:39+00:00,2025-09-16 22:40:00+00:00,2025-09-16,3,6.0209187042688885,Joey Cantillo,CLE,DET,0.5453922422230646,0.43439716312056736,0.04638218923933213,0.0,0.1998629328907422,-0.23186965065276433,over,0.1998629328907422,False,2.2,-1.0
777716,605488,Jeffrey Springs,2,4.5,163.0,-155.0,betrivers,draftkings,2025-05-30 19:05:37+00:00,2025-05-30 23:07:00+00:00,2025-05-30,2,4.465563092120456,Jeffrey Springs,ATH,TOR,0.45621159910751885,0.38481853165321056,-0.011928725862968781,0.0,0.19983650565277444,-0.10538037272527301,over,0.19983650565277444,False,2.63,-1.0
778294,686563,Jonathan Cannon,4,4.5,108.0,-130.0,williamhill_us,betmgm,2025-04-16 19:35:39+00:00,2025-04-16 23:40:00+00:00,2025-04-16,4,3.7356776594158116,Jonathan Cannon,CWS,ATH,0.32193199922119253,0.45963229416466833,0.04598662207357851,0.0,-0.33038144161991956,0.19965877060865922,under,0.19965877060865922,True,1.7692307692307692,0.7692307692307692
776748,693821,Bryce Elder,6,3.5,-115.0,100.0,fanatics,betrivers,2025-08-14 19:05:38+00:00,2025-08-14 23:10:00+00:00,2025-08-14,6,4.490174811960729,Bryce Elder,ATL,NYM,0.6415641636195774,0.5168539325842696,0.03488372093023262,1.0,0.19944604502790542,-0.2831283272391547,over,0.19944604502790542,True,1.8695652173913042,0.8695652173913042
776163,690953,Mick Abel,9,3.5,-150.0,123.0,fanatics,draftkings,2025-09-27 18:00:39+00:00,2025-09-27 22:05:00+00:00,2025-09-27,9,3.5181818832348446,Mick Abel,MIN,PHI,0.46216598444660717,0.5722840034217279,0.04843049327354265,1.0,-0.2297233592556548,0.1993698546840661,under,0.1993698546840661,False,2.23,-1.0
778479,694973,Paul Skenes,6,7.5,-111.0,-109.0,fanduel,williamhill_us,2025-04-02 13:05:39+00:00,2025-04-02 17:10:00+00:00,2025-04-02,6,6.8079952771314645,Paul Skenes,PIT,TB,0.3746574428650112,0.5021645958699511,0.04759745118936931,0.0,-0.28781332932867243,0.19905132514874024,under,0.19905132514874024,True,1.9174311926605505,0.9174311926605505
778061,665795,Edward Cabrera,4,5.5,110.0,-130.0,draftkings,fanduel,2025-05-04 13:35:38+00:00,2025-05-04 17:40:00+00:00,2025-05-04,4,4.627592655970525,Edward Cabrera,MIA,ATH,0.3224925528023861,0.4572564612326044,0.04140786749482395,0.0,-0.32276563911498923,0.19866702196500907,under,0.19866702196500907,True,1.7692307692307692,0.7692307692307692
777209,690916,Richard Fitts,6,4.5,-118.0,105.0,betrivers,draftkings,2025-07-07 19:10:38+00:00,2025-07-07 23:10:00+00:00,2025-07-07,6,4.240175113613456,Richard Fitts,BOS,COL,0.4153188431005054,0.5259839095455533,0.029089281718505333,1.0,-0.2327160356278799,0.19859637164396382,under,0.19859637164396382,False,2.05,-1.0
778448,605400,Aaron Nola,2,5.5,-140.0,125.0,fanduel,bovada,2025-04-05 16:00:38+00:00,2025-04-05 20:05:00+00:00,2025-04-05,2,5.515086992213781,Aaron Nola,PHI,LAD,0.4674491199332425,0.5675675675675677,0.02777777777777768,0.0,-0.19865865154301277,0.19823948015020454,under,0.19823948015020454,True,2.25,1.25
777618,663436,Davis Martin,7,3.5,132.0,-148.0,betonlineag,betrivers,2025-06-06 19:40:37+00:00,2025-06-06 23:40:00+00:00,2025-06-06,7,3.7886711985584696,Davis Martin,CWS,KC,0.5162859224484855,0.41937229437229434,0.027808676307007785,1.0,0.19778334008048648,-0.18945208626502974,over,0.19778334008048648,True,2.3200000000000003,1.3200000000000003
777755,657277,Logan Webb,10,5.5,-155.0,155.0,betmgm,bovada,2025-05-27 18:40:38+00:00,2025-05-27 22:40:00+00:00,2025-05-27,10,5.922472910470468,Logan Webb,SF,DET,0.530666420532781,0.6078431372549019,0.0,1.0,-0.1269681468654249,0.19680062764140827,under,0.19680062764140827,False,2.55,-1.0
778467,622608,Antonio Senzatela,3,2.5,-128.0,110.0,fanduel,draftkings,2025-04-03 13:00:39+00:00,2025-04-03 17:05:00+00:00,2025-04-03,3,3.529368020901942,Antonio Senzatela,COL,PHI,0.6717457157932705,0.5410628019323671,0.03759398496240607,1.0,0.19654705625676305,-0.310666003165868,over,0.19654705625676305,True,1.78125,0.78125
778141,669467,Andre Pallante,4,3.5,-120.0,115.0,bovada,betrivers,2025-04-28 18:35:38+00:00,2025-04-28 22:40:00+00:00,2025-04-28,4,4.559120852055652,Andre Pallante,STL,CIN,0.6525549695216318,0.5397489539748954,0.010570824524312794,1.0,0.19635077745632512,-0.2529931844715084,over,0.19635077745632512,True,1.8333333333333335,0.8333333333333335
776482,800049,Adam Mazur,5,3.5,102.0,-109.0,fanduel,betrivers,2025-09-02 18:40:38+00:00,2025-09-02 22:45:00+00:00,2025-09-02,5,4.196441261532503,Adam Mazur,MIA,WSH,0.5920146541301526,0.4869751619367165,0.01658060542896389,1.0,0.19586960134290843,-0.2177161716807514,over,0.19586960134290843,True,2.02,1.02
777451,669373,Tarik Skubal,6,8.5,100.0,-116.0,fanatics,fanduel,2025-06-19 13:10:37+00:00,2025-06-19 17:10:00+00:00,2025-06-19,6,7.611819747107866,Tarik Skubal,DET,PIT,0.35783020512770747,0.48214285714285704,0.0370370370370372,0.0,-0.28433958974458506,0.19576444562426887,under,0.19576444562426887,True,1.8620689655172413,0.8620689655172413
776601,676440,Tanner Bibee,3,5.5,-125.0,115.0,draftkings,bovada,2025-08-25 18:35:40+00:00,2025-08-25 22:40:00+00:00,2025-08-25,3,5.3684619542487315,Tanner Bibee,CLE,TB,0.4439527606588303,0.5443037974683544,0.02067183462532296,0.0,-0.20088503081410536,0.19550156458351498,under,0.19550156458351498,True,2.15,1.15
776245,669456,Shane Bieber,4,4.5,-190.0,138.0,betrivers,betrivers,2025-09-20 19:10:39+00:00,2025-09-20 23:10:00+00:00,2025-09-20,4,4.700872953352212,Shane Bieber,TOR,KC,0.49776643199300297,0.6092697386149285,0.07534048101999424,0.0,-0.24025123537910076,0.19531589185665288,under,0.19531589185665288,True,2.38,1.38
777498,669160,Dustin May,3,4.5,-125.0,115.0,draftkings,betmgm,2025-06-15 19:10:37+00:00,2025-06-15 23:10:00+00:00,2025-06-15,3,5.76642465517793,Dustin May,LAD,SF,0.663987353620676,0.5443037974683544,0.02067183462532296,0.0,0.19517723651721686,-0.27757281028445335,over,0.19517723651721686,False,1.8,-1.0
776465,641482,Nestor Cortes,2,5.5,-105.0,-110.0,fanatics,draftkings,2025-09-03 16:10:38+00:00,2025-09-03 20:10:00+00:00,2025-09-03,2,4.940214771918371,Nestor Cortes,SD,BAL,0.3739556561284517,0.49439461883408076,0.03600464576074325,0.0,-0.26989609993968955,0.1951755655729559,under,0.1951755655729559,True,1.9090909090909092,0.9090909090909092
778107,671096,Andrew Abbott,3,4.5,-141.0,116.0,betonlineag,fanduel,2025-05-01 12:35:38+00:00,2025-05-01 16:40:00+00:00,2025-05-01,3,4.4127779478128915,Andrew Abbott,CIN,STL,0.44671743183263235,0.5582520712662219,0.048025203626863355,0.0,-0.23646169452720278,0.1950903472415142,under,0.1950903472415142,True,2.16,1.1600000000000001
777677,663460,Kris Bubic,9,6.5,138.0,-186.0,betrivers,betrivers,2025-06-01 14:10:36+00:00,2025-06-01 18:10:00+00:00,2025-06-01,9,6.74549066594811,Kris Bubic,KC,DET,0.5020893476461977,0.3924905308228578,0.07051771757654102,1.0,0.1949726473979505,-0.23439544853125027,over,0.1949726473979505,True,2.38,1.38
777764,676979,Garrett Crochet,11,7.5,135.0,-142.0,betrivers,fanduel,2025-05-26 14:10:37+00:00,2025-05-26 18:10:00+00:00,2025-05-26,11,7.804682618418496,Garrett Crochet,BOS,MIL,0.5084715522772606,0.42035782525620985,0.012308774397749245,1.0,0.1949081478515624,-0.1623247581063174,over,0.1949081478515624,True,2.35,1.35
777950,656849,David Peterson,7,5.5,-114.0,105.0,betrivers,bovada,2025-05-12 19:05:38+00:00,2025-05-12 23:10:00+00:00,2025-05-12,7,5.203214063622467,David Peterson,NYM,PIT,0.4171290938154019,0.5220013401831584,0.0205151584226122,1.0,-0.2169681923114385,0.19488535767842574,under,0.19488535767842574,False,2.05,-1.0
777959,663623,Jake Irvin,1,3.5,-145.0,126.0,betmgm,fanduel,2025-05-12 19:10:38+00:00,2025-05-12 23:15:00+00:00,2025-05-12,1,4.9276086119903715,Jake Irvin,WSH,ATL,0.7071239785302637,0.572201850881788,0.034314610800072254,0.0,0.19479568786148005,-0.3381001914783959,over,0.19479568786148005,False,1.6896551724137931,-1.0
778465,592332,Kevin Gausman,0,5.5,-105.0,-104.0,draftkings,fanduel,2025-04-04 15:05:39+00:00,2025-04-04 19:10:00+00:00,2025-04-04,0,5.043524241642485,Kevin Gausman,TOR,NYM,0.39096158684637156,0.5011698642957417,0.02199904351984694,0.0,-0.23669404472851274,0.1946522719551942,under,0.1946522719551942,True,1.9615384615384617,0.9615384615384617
776144,642547,Freddy Peralta,3,4.5,-140.0,124.0,fanatics,draftkings,2025-09-28 15:10:38+00:00,2025-09-28 19:10:00+00:00,2025-09-28,3,6.0149287287766695,Freddy Peralta,MIL,CIN,0.6966289749041396,0.5664739884393063,0.029761904761904878,0.0,0.19422109983566793,-0.3204489037852726,over,0.19422109983566793,False,1.7142857142857144,-1.0
777197,607259,Nick Martinez,2,4.5,133.0,-186.0,betrivers,betrivers,2025-07-08 19:10:38+00:00,2025-07-08 23:10:00+00:00,2025-07-08,2,4.786503130329542,Nick Martinez,CIN,MIA,0.5125324799556076,0.3975645694903946,0.07953419970587339,0.0,0.19420067829656573,-0.2504531681037837,over,0.19420067829656573,False,2.33,-1.0
777997,668909,Gavin Williams,8,5.5,-107.0,-110.0,betrivers,bovada,2025-05-09 19:05:38+00:00,2025-05-09 23:10:00+00:00,2025-05-09,8,4.943984019292276,Gavin Williams,CLE,PHI,0.37457672473004056,0.49668435013262596,0.04071773636991027,1.0,-0.27535156991478127,0.19398988915174087,under,0.19398988915174087,False,1.9090909090909092,-1.0
776463,543294,Kyle Hendricks,0,2.5,108.0,-122.0,fanduel,betrivers,2025-09-04 19:40:38+00:00,2025-09-04 23:40:00+00:00,2025-09-04,0,3.0276998336546916,Kyle Hendricks,LAA,KC,0.5739873510123209,0.46662182613082226,0.030318780318780325,0.0,0.19389369010562763,-0.22479665512078062,over,0.19389369010562763,False,2.08,-1.0
776931,506433,Yu Darvish,7,4.5,-120.0,105.0,bovada,fanatics,2025-07-30 16:10:39+00:00,2025-07-30 20:10:00+00:00,2025-07-30,7,4.252843179635817,Yu Darvish,SD,NYM,0.41763940266284005,0.5278969957081545,0.03325942350332589,1.0,-0.2343277617847932,0.19383922454117775,under,0.19383922454117775,False,2.05,-1.0
777902,676440,Tanner Bibee,4,5.5,125.0,-154.0,betrivers,fanduel,2025-05-16 18:35:38+00:00,2025-05-16 21:10:00+00:00,2025-05-16,4,5.921634679929887,Tanner Bibee,CLE,CIN,0.5305400281032252,0.42298084929225643,0.05074365704286965,0.0,0.19371506323225662,-0.22569589050791694,over,0.19371506323225662,False,2.25,-1.0
777324,641927,Bailey Ober,5,5.5,140.0,-165.0,betrivers,betmgm,2025-06-28 13:10:37+00:00,2025-06-28 17:10:00+00:00,2025-06-28,5,5.705195406519275,Bailey Ober,MIN,DET,0.49737134260963334,0.40090771558245086,0.03930817610062887,0.0,0.19369122226311997,-0.192747913888199,over,0.19369122226311997,False,2.4,-1.0
777069,806185,Hayden Birdsong,0,4.5,-105.0,-108.0,betrivers,fanduel,2025-07-21 19:10:38+00:00,2025-07-21 23:15:00+00:00,2025-07-21,0,5.399537752376872,Hayden Birdsong,SF,ATL,0.6113839216459118,0.4965893587994543,0.031425891181988685,0.0,0.1936543232134469,-0.2515542194662005,over,0.1936543232134469,False,1.9523809523809523,-1.0
776578,656605,Mitch Keller,9,4.5,-110.0,100.0,betmgm,betrivers,2025-08-26 19:45:39+00:00,2025-08-26 23:45:00+00:00,2025-08-26,9,4.174955391096232,Mitch Keller,PIT,STL,0.40333837558642976,0.5116279069767442,0.023809523809523725,1.0,-0.22999037388045218,0.19332324882714058,under,0.19332324882714058,False,2.0,-1.0
778259,650633,Michael King,7,5.5,-146.0,125.0,fanduel,betrivers,2025-04-19 19:05:38+00:00,2025-04-19 23:10:00+00:00,2025-04-19,7,5.5289162296674,Michael King,SD,HOU,0.46964775865038005,0.5718015665796344,0.03794037940379402,1.0,-0.2086756943288116,0.193292543036645,under,0.193292543036645,False,2.25,-1.0
776218,669373,Tarik Skubal,8,7.5,-130.0,114.0,bovada,draftkings,2025-09-23 18:40:39+00:00,2025-09-23 22:40:00+00:00,2025-09-23,8,7.305832682359172,Tarik Skubal,DET,CLE,0.4424432237118762,0.5474222746950019,0.03250711093051595,1.0,-0.21721583497129593,0.19317150125658467,under,0.19317150125658467,False,2.1399999999999997,-1.0
776304,605280,Clay Holmes,2,3.5,140.0,-157.0,bovada,betrivers,2025-09-16 19:10:39+00:00,2025-09-16 23:10:00+00:00,2025-09-16,2,3.691221165852731,Clay Holmes,NYM,SD,0.4971071662395615,0.40549069106973806,0.027561608300908036,0.0,0.19305719897494766,-0.17679325938577917,over,0.19305719897494766,False,2.4,-1.0
776970,656876,Drew Rasmussen,5,4.5,-120.0,105.0,bovada,draftkings,2025-07-28 19:00:38+00:00,2025-07-28 23:05:00+00:00,2025-07-28,5,4.255423936640782,Drew Rasmussen,TB,NYY,0.4181118730127623,0.5278969957081545,0.03325942350332589,1.0,-0.23346156614326907,0.19287066032383726,under,0.19287066032383726,False,2.05,-1.0
776270,685299,Tanner Gordon,4,3.5,105.0,-120.0,betmgm,fanduel,2025-09-18 15:05:39+00:00,2025-09-18 19:10:00+00:00,2025-09-18,4,4.139317952548155,Tanner Gordon,COL,MIA,0.5818764416992647,0.4721030042918455,0.03325942350332589,1.0,0.19284670548349236,-0.23344014311531847,over,0.19284670548349236,True,2.05,1.0499999999999998
776724,615698,Cal Quantrill,2,3.5,123.0,-130.0,betrivers,draftkings,2025-08-16 16:10:38+00:00,2025-08-16 20:10:00+00:00,2025-08-16,2,3.8850927388729932,Cal Quantrill,MIA,BOS,0.5348741164740287,0.4423927678399692,0.013647884577890457,0.0,0.19276927973708413,-0.17708497530020473,over,0.19276927973708413,False,2.23,-1.0
777650,669022,MacKenzie Gore,7,6.5,-105.0,-106.0,betmgm,betrivers,2025-06-04 18:45:37+00:00,2025-06-04 22:45:00+00:00,2025-06-04,7,5.95241637253181,MacKenzie Gore,WSH,CHC,0.38630332356461444,0.4988468634686347,0.02675822874733602,1.0,-0.24578874923099092,0.1926558051480134,under,0.1926558051480134,False,1.9433962264150944,-1.0
778027,434378,Justin Verlander,3,4.5,-120.0,110.0,betmgm,bovada,2025-05-06 19:35:38+00:00,2025-05-06 23:40:00+00:00,2025-05-06,3,4.332425358499637,Justin Verlander,SF,CHC,0.43216241440632747,0.5338983050847457,0.02164502164502169,0.0,-0.20770224025506623,0.19245892974671253,under,0.19245892974671253,True,2.1,1.1
777625,641793,Zack Littell,4,4.5,128.0,-152.0,betrivers,fanduel,2025-06-06 13:10:37+00:00,2025-06-06 17:10:00+00:00,2025-06-06,4,4.847499644404611,Zack Littell,TB,MIA,0.5229217768617811,0.42101042502004815,0.04177109440267324,0.0,0.19226165124486094,-0.20905452479716335,over,0.19226165124486094,False,2.2800000000000002,-1.0
776347,450203,Charlie Morton,4,5.5,104.0,-110.0,betonlineag,betmgm,2025-09-13 16:05:40+00:00,2025-09-13 20:10:00+00:00,2025-09-13,4,4.949732166875149,Charlie Morton,DET,MIA,0.3755237983245051,0.48342541436464087,0.014005602240896309,0.0,-0.23393145141800953,0.1921818395623085,under,0.1921818395623085,True,1.9090909090909092,0.9090909090909092
777097,701542,Will Warren,5,5.5,133.0,-186.0,betrivers,betrivers,2025-07-19 19:15:38+00:00,2025-07-19 23:15:00+00:00,2025-07-19,5,5.7976256776913155,Will Warren,NYY,ATL,0.5116622041153616,0.3975645694903946,0.07953419970587339,0.0,0.19217293558879245,-0.24911500202684633,over,0.19217293558879245,False,2.33,-1.0
777059,680732,Sean Burke,5,3.5,-145.0,130.0,fanatics,draftkings,2025-07-21 19:30:38+00:00,2025-07-21 23:35:00+00:00,2025-07-21,5,4.916426747470709,Sean Burke,CWS,TB,0.7055710880130374,0.5764909248055315,0.02661934338952965,1.0,0.19217183836685625,-0.32281350242998597,over,0.19217183836685625,True,1.6896551724137931,0.6896551724137931
777977,666142,Cole Ragans,8,7.5,-110.0,100.0,fanduel,betonlineag,2025-05-10 19:05:38+00:00,2025-05-10 23:10:00+00:00,2025-05-10,8,7.02204231793727,Cole Ragans,KC,BOS,0.40391795728899826,0.5116279069767442,0.023809523809523725,1.0,-0.22888389972100331,0.19216408542200347,under,0.19216408542200347,False,2.0,-1.0
778389,607200,Erick Fedde,2,4.5,120.0,-127.0,draftkings,betrivers,2025-04-09 12:30:39+00:00,2025-04-09 16:35:00+00:00,2025-04-09,2,4.960381946548159,Erick Fedde,STL,PIT,0.5418487063333517,0.44826224328594,0.014016820184221013,0.0,0.1920671539333738,-0.18109965620213253,over,0.1920671539333738,False,2.2,-1.0
778441,608372,Tomoyuki Sugano,4,3.5,135.0,-162.0,fanatics,fanduel,2025-04-05 16:05:38+00:00,2025-04-05 20:10:00+00:00,2025-04-05,4,3.74216119721274,Tomoyuki Sugano,BAL,KC,0.5071801126984827,0.40765520460557025,0.0438525255806399,1.0,0.19187326484143452,-0.2029703057222375,over,0.19187326484143452,True,2.35,1.35
777694,669373,Tarik Skubal,7,6.5,-130.0,112.0,fanduel,betonlineag,2025-05-31 16:10:37+00:00,2025-05-31 20:10:00+00:00,2025-05-31,7,6.300434893781784,Tarik Skubal,DET,KC,0.437874471053458,0.5450949367088608,0.03691550451189496,1.0,-0.22529901275157438,0.1917061213666691,under,0.1917061213666691,False,2.12,-1.0
776221,669022,MacKenzie Gore,3,4.5,-125.0,105.0,betrivers,bovada,2025-09-22 19:15:39+00:00,2025-09-22 23:15:00+00:00,2025-09-22,3,5.752284328240856,MacKenzie Gore,WSH,ATL,0.6620568824973114,0.5324675324675325,0.04336043360433606,0.0,0.19170238849516053,-0.30721660911948845,over,0.19170238849516053,False,1.8,-1.0
777205,669923,George Kirby,9,5.5,-130.0,108.0,betonlineag,fanduel,2025-07-06 16:10:37+00:00,2025-07-06 20:10:00+00:00,2025-07-06,9,5.264299372952867,George Kirby,SEA,PIT,0.4270808034109901,0.5403677058353318,0.04598662207357851,1.0,-0.24439550165747914,0.19167192890514073,under,0.19167192890514073,False,2.08,-1.0
777031,607625,Seth Lugo,6,4.5,-130.0,110.0,fanatics,bovada,2025-07-23 14:20:38+00:00,2025-07-23 18:20:00+00:00,2025-07-23,6,4.334885069252118,Seth Lugo,KC,CHC,0.43260966933590134,0.5427435387673957,0.04140786749482395,1.0,-0.23461366194417455,0.19151969439460714,under,0.19151969439460714,False,2.1,-1.0
777967,519242,Chris Sale,8,7.5,-125.0,115.0,fanduel,bovada,2025-05-11 13:30:37+00:00,2025-05-11 17:35:00+00:00,2025-05-11,8,7.331080385715394,Chris Sale,ATL,PIT,0.44584528368402115,0.5443037974683544,0.02067183462532296,1.0,-0.1974784893687619,0.19143264007935445,under,0.19143264007935445,False,2.15,-1.0
776329,664285,Framber Valdez,2,4.5,-127.0,110.0,betrivers,betmgm,2025-09-14 13:30:39+00:00,2025-09-14 17:35:00+00:00,2025-09-14,2,5.785200147728933,Framber Valdez,HOU,ATL,0.66653848930247,0.5402066032003241,0.0356618418292427,0.0,0.1913719454461471,-0.2997308275351869,over,0.1913719454461471,False,1.7874015748031495,-1.0
777793,663623,Jake Irvin,7,4.5,104.0,-120.0,fanduel,betmgm,2025-05-24 16:05:38+00:00,2025-05-24 20:05:00+00:00,2025-05-24,7,5.221369947351643,Jake Irvin,WSH,SF,0.5839982848449126,0.4733218588640275,0.035650623885918,1.0,0.19135650108362157,-0.2373301888823396,over,0.19135650108362157,True,2.04,1.04
777206,686218,Emmet Sheehan,4,4.5,-140.0,120.0,draftkings,betmgm,2025-07-06 16:05:37+00:00,2025-07-06 20:10:00+00:00,2025-07-06,4,4.478669304534797,Emmet Sheehan,LAD,HOU,0.45856003276307983,0.562043795620438,0.037878787878787845,0.0,-0.21389708669186314,0.1911679279212244,under,0.1911679279212244,True,2.2,1.2000000000000002
777420,686752,Ryan Pepiot,7,5.5,-135.0,132.0,bovada,fanduel,2025-06-21 12:10:37+00:00,2025-06-21 16:10:00+00:00,2025-06-21,7,5.636721995921412,Ryan Pepiot,TB,DET,0.48667190574879643,0.5713243341846042,0.005502567865003805,1.0,-0.15283038628913215,0.19092117866279223,under,0.19092117866279223,False,2.3200000000000003,-1.0
777386,622663,Luis Severino,2,4.5,102.0,-120.0,fanduel,draftkings,2025-06-24 18:40:37+00:00,2025-06-24 22:40:00+00:00,2025-06-24,2,5.2564357936886665,Luis Severino,ATH,DET,0.5894800142831452,0.4757785467128028,0.04050405040504046,0.0,0.19074962885195346,-0.24738002618576616,over,0.19074962885195346,False,2.02,-1.0
778346,669372,J.T. Ginn,6,3.5,-122.0,110.0,fanduel,betonlineag,2025-04-12 16:00:38+00:00,2025-04-12 20:05:00+00:00,2025-04-12,6,4.570037261695523,J.T. Ginn,ATH,NYM,0.6542726244140435,0.5357590966122961,0.025740025740025763,1.0,0.19056166081899728,-0.2739725112694914,over,0.19056166081899728,True,1.819672131147541,0.819672131147541
776967,808967,Yoshinobu Yamamoto,9,5.5,-150.0,165.0,betmgm,betrivers,2025-07-28 19:05:40+00:00,2025-07-28 23:10:00+00:00,2025-07-28,9,6.0575071341722575,Yoshinobu Yamamoto,LAD,CIN,0.5508039538697682,0.6138996138996139,-0.02264150943396226,1.0,-0.08199341021705309,0.19036952224511428,under,0.19036952224511428,False,2.65,-1.0
778105,694738,Landen Roupp,4,4.5,100.0,-102.0,draftkings,betonlineag,2025-04-30 16:05:38+00:00,2025-04-30 20:10:00+00:00,2025-04-30,4,4.151676957160057,Landen Roupp,SF,SD,0.3990499790584867,0.4975369458128079,0.004950495049504955,0.0,-0.20190004188302657,0.19011670813907533,under,0.19011670813907533,True,1.9803921568627452,0.9803921568627452
776895,664285,Framber Valdez,3,6.5,118.0,-145.0,fanduel,betonlineag,2025-08-03 11:35:38+00:00,2025-08-03 15:35:00+00:00,2025-08-03,3,7.061776755537471,Framber Valdez,HOU,BOS,0.5458337431485057,0.43664230974870794,0.050552331024152686,0.0,0.18991756006374239,-0.23261563497506144,over,0.18991756006374239,False,2.1799999999999997,-1.0
778312,608331,Max Fried,7,5.5,-120.0,104.0,fanatics,betrivers,2025-04-15 18:00:38+00:00,2025-04-15 23:05:00+00:00,2025-04-15,7,5.200813495226837,Max Fried,NYY,KC,0.41673724580046734,0.5266781411359724,0.035650623885918,1.0,-0.23598171603247653,0.1898560185670466,under,0.1898560185670466,False,2.04,-1.0
776157,672456,Keider Montero,7,3.5,117.0,-140.0,draftkings,betmgm,2025-09-27 16:10:39+00:00,2025-09-27 20:10:00+00:00,2025-09-27,7,3.9556391546138547,Keider Montero,DET,BOS,0.5482163724643503,0.4413387274733358,0.044162826420890866,1.0,0.18962952824764012,-0.2255137813674576,over,0.18962952824764012,True,2.17,1.17
777350,686613,Hunter Brown,9,6.5,-120.0,-102.0,betmgm,fanduel,2025-06-26 14:05:37+00:00,2025-06-26 18:10:00+00:00,2025-06-26,9,6.039996403482284,Hunter Brown,HOU,PHI,0.39934378615226074,0.519280205655527,0.05040504050405037,1.0,-0.26786972538752196,0.1895348548749347,under,0.1895348548749347,False,1.9803921568627452,-1.0
777959,656550,Grant Holmes,4,4.5,-155.0,135.0,draftkings,bovada,2025-05-12 19:10:38+00:00,2025-05-12 23:15:00+00:00,2025-05-12,4,4.679897008222294,Grant Holmes,ATL,WSH,0.49411846203889564,0.5882115462252725,0.03337505214851899,0.0,-0.18709543341988144,0.18882161420859522,under,0.18882161420859522,True,2.35,1.35
777921,592791,Jameson Taillon,7,5.5,104.0,-125.0,fanduel,draftkings,2025-05-14 19:35:38+00:00,2025-05-14 23:40:00+00:00,2025-05-14,7,4.73262598435532,Jameson Taillon,CHC,MIA,0.3397480214480645,0.46874999999999994,0.045751633986928164,1.0,-0.3069140362459485,0.1884535613934839,under,0.1884535613934839,False,1.8,-1.0
776476,669923,George Kirby,1,5.5,123.0,-138.0,betrivers,fanduel,2025-09-03 19:35:38+00:00,2025-09-03 23:35:00+00:00,2025-09-03,1,5.936278974737735,George Kirby,SEA,TB,0.5327457573689309,0.43610510499505256,0.028262426046651967,0.0,0.188023038932716,-0.19415572647685186,over,0.188023038932716,False,2.23,-1.0
776712,547179,Michael Lorenzen,3,4.5,128.0,-177.0,betrivers,betrivers,2025-08-16 19:10:38+00:00,2025-08-16 23:10:00+00:00,2025-08-16,3,4.83650778481123,Michael Lorenzen,KC,CWS,0.52105775695866,0.40701775008816266,0.07758566090316044,0.0,0.1880116858657448,-0.2504689190821966,over,0.1880116858657448,False,2.2800000000000002,-1.0
776686,700241,Michael McGreevy,5,3.5,106.0,-129.0,betonlineag,betrivers,2025-08-19 18:40:39+00:00,2025-08-19 22:40:00+00:00,2025-08-19,5,4.1098370327454905,Michael McGreevy,STL,MIA,0.5765819571542363,0.4628693859400897,0.04875567049646001,1.0,0.18775883173772678,-0.248350916188528,over,0.18775883173772678,True,2.06,1.06
778348,695549,Jackson Jobe,2,4.5,-105.0,-106.0,bovada,betrivers,2025-04-12 14:05:38+00:00,2025-04-12 18:10:00+00:00,2025-04-12,2,4.0968954671308,Jackson Jobe,DET,MIN,0.3889363195729134,0.4988468634686347,0.02675822874733602,0.0,-0.24064813797669293,0.18753885064131914,under,0.18753885064131914,True,1.9433962264150944,0.9433962264150944
778138,656288,Griffin Canning,5,4.5,105.0,-120.0,bovada,betrivers,2025-04-28 16:00:38+00:00,2025-04-28 20:05:00+00:00,2025-04-28,5,3.8991764394420505,Griffin Canning,NYM,WSH,0.35227089849215204,0.4721030042918455,0.03325942350332589,1.0,-0.2778446580910884,0.1875033527643879,under,0.1875033527643879,False,1.8333333333333335,-1.0
777885,571945,Miles Mikolas,4,2.5,-108.0,105.0,fanduel,bovada,2025-05-17 19:05:38+00:00,2025-05-17 23:10:00+00:00,2025-05-17,4,3.2336273288971844,Miles Mikolas,STL,KC,0.6163797226681567,0.5156031672100606,0.007035647279549639,1.0,0.1871016881016352,-0.21357843146972122,over,0.1871016881016352,True,1.925925925925926,0.925925925925926
776336,674841,Andrew Alvarez,5,3.5,-130.0,110.0,betonlineag,fanduel,2025-09-13 16:00:39+00:00,2025-09-13 20:05:00+00:00,2025-09-13,5,4.67734426308767,Andrew Alvarez,WSH,PIT,0.6708281956408801,0.5427435387673957,0.04140786749482395,1.0,0.1868498845954032,-0.3087392108458483,over,0.1868498845954032,True,1.7692307692307692,0.7692307692307692
777392,669461,Matthew Liberatore,5,3.5,-125.0,110.0,fanatics,fanduel,2025-06-23 19:45:37+00:00,2025-06-23 23:45:00+00:00,2025-06-23,5,4.602148987313514,Matthew Liberatore,STL,CHC,0.6592894903062825,0.5384615384615385,0.03174603174603163,1.0,0.1867210825513086,-0.28450792964319316,over,0.1867210825513086,True,1.8,0.8
776435,669373,Tarik Skubal,6,7.5,-145.0,120.0,betmgm,fanduel,2025-09-06 18:10:38+00:00,2025-09-06 22:10:00+00:00,2025-09-06,6,7.441846414423789,Tarik Skubal,DET,CWS,0.4607065774526532,0.5656028368794326,0.04638218923933213,0.0,-0.22156474844206875,0.18644552960416316,under,0.18644552960416316,True,2.2,1.2000000000000002
777459,642547,Freddy Peralta,6,5.5,-118.0,100.0,fanduel,fanatics,2025-08-18 14:20:38+00:00,2025-08-18 18:20:00+00:00,2025-08-18,6,5.140298446559962,Freddy Peralta,MIL,CHC,0.40684233582688584,0.5198237885462554,0.041284403669724856,1.0,-0.24837602364185496,0.18631532834622844,under,0.18631532834622844,False,2.0,-1.0
776374,593958,Eduardo Rodriguez,6,4.5,-108.0,-108.0,draftkings,fanduel,2025-09-10 15:45:39+00:00,2025-09-10 19:45:00+00:00,2025-09-10,6,5.429888488810424,Eduardo Rodriguez,AZ,SF,0.6159315238616361,0.5,0.03846153846153855,1.0,0.18623849040018814,-0.260312564474262,over,0.18623849040018814,True,1.925925925925926,0.925925925925926
776988,554430,Zack Wheeler,8,7.5,-136.0,117.0,fanduel,betonlineag,2025-07-27 13:35:37+00:00,2025-07-27 17:35:00+00:00,2025-07-27,8,7.38726644138608,Zack Wheeler,PHI,NYY,0.4533972968950854,0.5556559722849826,0.03710067952823559,1.0,-0.21322233774088117,0.1861278657376646,under,0.1861278657376646,False,2.17,-1.0
778415,669461,Matthew Liberatore,7,4.5,140.0,-150.0,betrivers,fanduel,2025-04-07 18:35:39+00:00,2025-04-07 22:40:00+00:00,2025-04-07,7,4.679920131703332,Matthew Liberatore,STL,PIT,0.4941224899871752,0.40983606557377056,0.016666666666666607,1.0,0.18589397596922042,-0.15687081664529212,over,0.18589397596922042,True,2.4,1.4
776461,694973,Paul Skenes,8,6.5,-120.0,105.0,betrivers,draftkings,2025-09-04 18:35:39+00:00,2025-09-04 22:40:00+00:00,2025-09-04,8,6.189614505799961,Paul Skenes,PIT,LAD,0.4215375675692318,0.5278969957081545,0.03325942350332589,1.0,-0.22718112612307506,0.18584798648307466,under,0.18584798648307466,False,2.05,-1.0
777310,641778,Eric Lauer,4,4.5,100.0,-118.0,betonlineag,fanduel,2025-06-29 13:35:37+00:00,2025-06-29 17:35:00+00:00,2025-06-29,4,5.2782178345170365,Eric Lauer,TOR,BOS,0.5928627060267899,0.48017621145374445,0.041284403669724856,0.0,0.18572541205357984,-0.24783110096474747,over,0.18572541205357984,False,2.0,-1.0
776512,669373,Tarik Skubal,4,6.5,-139.0,130.0,betrivers,bovada,2025-08-31 14:10:38+00:00,2025-08-31 18:10:00+00:00,2025-08-31,4,6.622633078430763,Tarik Skubal,DET,KC,0.48463281657433843,0.572221227850367,0.01637256685464794,0.0,-0.16671048085419504,0.1853445218790215,under,0.1853445218790215,True,2.3,1.2999999999999998
777348,684007,Shota Imanaga,3,4.5,130.0,-165.0,draftkings,draftkings,2025-06-26 14:10:37+00:00,2025-06-26 18:15:00+00:00,2025-06-26,3,4.802993470158887,Shota Imanaga,CHC,STL,0.5153520556303,0.4111714507370054,0.057424118129614454,0.0,0.1853097279496898,-0.2216260287395727,over,0.1853097279496898,False,2.3,-1.0
777389,680885,Spencer Schwellenbach,4,5.5,110.0,-115.0,bovada,draftkings,2025-06-23 19:10:37+00:00,2025-06-23 23:10:00+00:00,2025-06-23,4,6.1502322116842265,Spencer Schwellenbach,ATL,NYM,0.5643642494253103,0.4709748083242059,0.011074197120708673,0.0,0.18516492379315164,-0.1855505532734062,over,0.18516492379315164,False,2.1,-1.0
777353,547179,Michael Lorenzen,4,3.5,-140.0,120.0,draftkings,fanduel,2025-06-26 14:05:37+00:00,2025-06-26 18:10:00+00:00,2025-06-26,4,4.8150295511653045,Michael Lorenzen,KC,TB,0.6911965514271597,0.562043795620438,0.037878787878787845,1.0,0.18490837387513115,-0.32063241313975144,over,0.18490837387513115,True,1.7142857142857144,0.7142857142857144
776847,671096,Andrew Abbott,3,4.5,120.0,-138.0,betmgm,fanduel,2025-08-06 14:15:39+00:00,2025-08-06 18:20:00+00:00,2025-08-06,3,4.940686105590862,Andrew Abbott,CIN,CHC,0.5385752258678839,0.43943870014771047,0.03437738731856377,0.0,0.18486549690934462,-0.2042094475112779,over,0.18486549690934462,False,2.2,-1.0
777866,579328,Yusei Kikuchi,7,4.5,-120.0,104.0,fanduel,betrivers,2025-05-18 16:05:37+00:00,2025-05-18 20:10:00+00:00,2025-05-18,7,5.638693848357954,Yusei Kikuchi,LAA,LAD,0.646265079119779,0.5266781411359724,0.035650623885918,1.0,0.1848193117195951,-0.2783807614043492,over,0.1848193117195951,True,1.8333333333333335,0.8333333333333335
777806,694973,Paul Skenes,8,6.5,118.0,-140.0,betrivers,betmgm,2025-05-23 18:40:38+00:00,2025-05-23 22:40:00+00:00,2025-05-23,8,7.044196268850918,Paul Skenes,PIT,MIL,0.5434519516558528,0.4402054292002935,0.042048929663608625,1.0,0.18472525460975886,-0.21734620283860473,over,0.18472525460975886,True,2.1799999999999997,1.1799999999999997
777095,665152,Dean Kremer,6,4.5,118.0,-145.0,fanduel,draftkings,2025-07-19 19:05:38+00:00,2025-07-19 23:05:00+00:00,2025-07-19,6,4.969550166311963,Dean Kremer,BAL,TB,0.5433682166216081,0.43664230974870794,0.050552331024152686,1.0,0.18454271223510532,-0.22844974532616535,over,0.18454271223510532,True,2.1799999999999997,1.1799999999999997
776887,687931,Carson Whisenhunt,4,3.5,-125.0,100.0,fanduel,draftkings,2025-08-03 13:40:38+00:00,2025-08-03 17:40:00+00:00,2025-08-03,4,4.593737916461834,Carson Whisenhunt,SF,NYM,0.6579805807244854,0.5263157894736842,0.05555555555555558,1.0,0.18436504530407372,-0.3159611614489708,over,0.18436504530407372,True,1.8,0.8
777061,542881,Tyler Anderson,4,4.5,138.0,-195.0,betrivers,betrivers,2025-07-21 19:05:38+00:00,2025-07-21 23:10:00+00:00,2025-07-21,4,4.700025993731106,Tyler Anderson,LAA,NYM,0.49761936539868645,0.3886181003820313,0.0811850163794332,0.0,0.18433408964887366,-0.2399882707313462,over,0.18433408964887366,False,2.38,-1.0
778417,543294,Kyle Hendricks,4,3.5,110.0,-125.0,betmgm,fanduel,2025-04-08 19:00:39+00:00,2025-04-08 23:05:00+00:00,2025-04-08,4,4.039575149036913,Kyle Hendricks,LAA,TB,0.5637954351854647,0.46153846153846156,0.03174603174603163,1.0,0.183970413889476,-0.21483178333383646,over,0.183970413889476,True,2.1,1.1
776868,592836,Taijuan Walker,4,3.5,-164.0,132.0,betonlineag,fanduel,2025-08-05 18:45:39+00:00,2025-08-05 22:45:00+00:00,2025-08-05,4,3.6542983859677056,Taijuan Walker,PHI,BAL,0.48974295827624537,0.5903674280039722,0.05224660397074188,1.0,-0.21163328667726355,0.1837963367991109,under,0.1837963367991109,False,2.3200000000000003,-1.0
777308,664285,Framber Valdez,6,5.5,117.0,-130.0,betrivers,fanduel,2025-06-29 14:10:37+00:00,2025-06-29 18:10:00+00:00,2025-06-29,6,6.021695456540371,Framber Valdez,HOU,CHC,0.5455074809731643,0.4491310290958797,0.0260468843919055,1.0,0.18375123371176638,-0.19589785095252144,over,0.18375123371176638,True,2.17,1.17
776477,680730,Mitchell Parker,4,3.5,-195.0,138.0,betrivers,betrivers,2025-09-03 13:05:38+00:00,2025-09-03 17:05:00+00:00,2025-09-03,4,3.7191418981574746,Mitchell Parker,WSH,MIA,0.5026409525506473,0.6113818996179686,0.0811850163794332,1.0,-0.2395944563977387,0.18371453292945938,under,0.18371453292945938,False,2.38,-1.0
777226,669373,Tarik Skubal,10,7.5,-130.0,115.0,fanduel,draftkings,2025-07-06 13:40:37+00:00,2025-07-06 17:40:00+00:00,2025-07-06,10,7.358958438909481,Tarik Skubal,DET,CLE,0.4495957530684453,0.5485770363101079,0.030333670374115274,1.0,-0.20456135995582758,0.18336913090284246,under,0.18336913090284246,False,2.15,-1.0
777187,669302,Logan Gilbert,5,6.5,-130.0,115.0,fanatics,betmgm,2025-07-08 19:05:38+00:00,2025-07-08 23:05:00+00:00,2025-07-08,5,6.381839100340728,Logan Gilbert,SEA,NYY,0.4498028836081229,0.5485770363101079,0.030333670374115274,0.0,-0.2041948982317825,0.18292380024253574,under,0.18292380024253574,True,2.15,1.15
776147,671106,Logan Allen,4,4.5,-144.0,115.0,draftkings,fanatics,2025-09-28 15:05:38+00:00,2025-09-28 19:10:00+00:00,2025-09-28,4,4.430512578317929,Logan Allen,CLE,TEX,0.44991352379048705,0.5592485549132948,0.05528021349599688,0.0,-0.23764652913278583,0.182685923850453,under,0.182685923850453,True,2.15,1.15
778354,592866,Trevor Williams,2,4.5,120.0,-135.0,betrivers,draftkings,2025-04-12 16:05:39+00:00,2025-04-12 20:10:00+00:00,2025-04-12,2,4.934498154114168,Trevor Williams,WSH,MIA,0.5375442142868951,0.44172932330827064,0.029013539651837617,0.0,0.18259727143116944,-0.1949843730179286,over,0.18259727143116944,False,2.2,-1.0
777330,621107,Zach Eflin,0,3.5,-140.0,118.0,fanduel,betonlineag,2025-06-28 16:05:38+00:00,2025-06-28 20:05:00+00:00,2025-06-28,0,4.8051018885183,Zach Eflin,BAL,TB,0.6897607096388761,0.5597945707997065,0.042048929663608625,0.0,0.18244693080950203,-0.3236783470127501,over,0.18244693080950203,False,1.7142857142857144,-1.0
777342,693821,Bryce Elder,2,4.5,125.0,-148.0,fanatics,fanduel,2025-06-27 19:15:37+00:00,2025-06-27 23:15:00+00:00,2025-06-27,2,4.8624315922647865,Bryce Elder,ATL,PHI,0.525448106571289,0.4268502581755593,0.04121863799283165,0.0,0.18225823978540046,-0.20480493533567357,over,0.18225823978540046,False,2.25,-1.0
777874,682847,Luis Ortiz,7,5.5,-118.0,110.0,betonlineag,draftkings,2025-05-18 13:35:37+00:00,2025-05-18 17:40:00+00:00,2025-05-18,7,5.325756719105906,Luis Ortiz,CLE,CIN,0.4370516824396942,0.5319879776728209,0.01747487986020091,1.0,-0.1925655358317514,0.18219146687664223,under,0.18219146687664223,False,2.1,-1.0
776856,608379,Michael Wacha,3,4.5,106.0,-120.0,fanduel,draftkings,2025-08-06 19:05:38+00:00,2025-08-06 23:10:00+00:00,2025-08-06,3,5.157105936068515,Michael Wacha,KC,BOS,0.5738379194466556,0.4708904109589041,0.030891438658428916,0.0,0.18210611406011057,-0.21870285231886855,over,0.18210611406011057,False,2.06,-1.0
778203,656849,David Peterson,2,5.5,100.0,-115.0,bovada,draftkings,2025-04-23 13:05:39+00:00,2025-04-23 17:10:00+00:00,2025-04-23,2,4.902522673707393,David Peterson,NYM,PHI,0.36774358429793447,0.4831460674157303,0.03488372093023262,0.0,-0.26451283140413107,0.182044603269079,under,0.182044603269079,True,1.8695652173913042,0.8695652173913042
778214,571945,Miles Mikolas,2,3.5,120.0,-145.0,betmgm,fanatics,2025-04-23 12:10:38+00:00,2025-04-23 16:15:00+00:00,2025-04-23,2,3.897750806482759,Miles Mikolas,STL,ATL,0.5372844444633132,0.43439716312056736,0.04638218923933213,0.0,0.1820257778192893,-0.21817026823111552,over,0.1820257778192893,False,2.2,-1.0
778185,471911,Carlos Carrasco,2,3.5,130.0,-145.0,bovada,betmgm,2025-04-25 19:00:38+00:00,2025-04-25 23:05:00+00:00,2025-04-25,2,3.7762517317840603,Carlos Carrasco,NYY,TOR,0.5138631030362891,0.42350907519446845,0.02661934338952965,0.0,0.18188513698346487,-0.1785962775440747,over,0.18188513698346487,False,2.3,-1.0
777312,663568,Stephen Kolek,5,4.5,128.0,-140.0,betrivers,draftkings,2025-06-29 13:40:37+00:00,2025-06-29 17:40:00+00:00,2025-06-29,5,4.8204580852394985,Stephen Kolek,SD,CIN,0.5183295107726517,0.4291845493562232,0.021929824561403466,1.0,0.18179128456164584,-0.17427916132454568,over,0.18179128456164584,True,2.2800000000000002,1.2800000000000002
777003,669373,Tarik Skubal,7,6.5,-138.0,120.0,fanduel,draftkings,2025-07-26 18:05:38+00:00,2025-07-26 22:10:00+00:00,2025-07-26,7,6.471312365005313,Tarik Skubal,DET,TOR,0.46283055443269744,0.5605612998522895,0.03437738731856377,1.0,-0.20178498583346383,0.18177278024806576,under,0.18177278024806576,False,2.2,-1.0
776258,672456,Keider Montero,2,3.5,105.0,-124.0,fanatics,draftkings,2025-09-20 13:10:39+00:00,2025-09-20 17:10:00+00:00,2025-09-20,2,4.109188854196682,Keider Montero,DET,ATL,0.5764650785690904,0.46842325386867417,0.04137630662020908,0.0,0.181753411066635,-0.23490465806029226,over,0.181753411066635,False,2.05,-1.0
776315,675911,Spencer Strider,6,6.5,118.0,-135.0,draftkings,betmgm,2025-09-15 18:45:39+00:00,2025-09-15 22:45:00+00:00,2025-09-15,6,5.515046414575072,Spencer Strider,ATL,WSH,0.3212006390297753,0.4439826185528055,0.0331836814366584,0.0,-0.29978260691508996,0.18161370242965047,under,0.18161370242965047,True,1.7407407407407407,0.7407407407407407
776791,605288,Adrian Houser,4,3.5,-145.0,125.0,draftkings,bovada,2025-08-10 16:10:38+00:00,2025-08-10 20:10:00+00:00,2025-08-10,4,4.87165568992414,Adrian Houser,TB,SEA,0.6992892912083499,0.5711159737417943,0.03628117913832196,1.0,0.18155776790376366,-0.3234009052187874,over,0.18155776790376366,True,1.6896551724137931,0.6896551724137931
777289,605280,Clay Holmes,1,4.5,100.0,-112.0,fanatics,fanduel,2025-07-02 13:05:38+00:00,2025-07-02 17:10:00+00:00,2025-07-02,1,5.263658805576702,Clay Holmes,NYM,MIL,0.5906036404810173,0.4862385321100918,0.028301886792452713,0.0,0.18120728096203464,-0.22507117662478282,over,0.18120728096203464,False,2.0,-1.0
778482,554430,Zack Wheeler,10,8.5,104.0,-120.0,betrivers,betmgm,2025-04-02 18:40:39+00:00,2025-04-02 22:45:00+00:00,2025-04-02,10,7.595241038870229,Zack Wheeler,PHI,COL,0.3557326481389271,0.4733218588640275,0.035650623885918,1.0,-0.2743053977965888,0.1811568117453004,under,0.1811568117453004,False,1.8333333333333335,-1.0
776387,694973,Paul Skenes,8,6.5,-190.0,138.0,betrivers,betrivers,2025-09-10 18:35:39+00:00,2025-09-10 22:35:00+00:00,2025-09-10,8,6.757625147942948,Paul Skenes,PIT,BAL,0.5038004736169994,0.6092697386149285,0.07534048101999424,1.0,-0.23104138237405358,0.18095487279154132,under,0.18095487279154132,False,2.38,-1.0
777688,500779,Jose Quintana,3,3.5,-121.0,100.0,betrivers,draftkings,2025-06-01 13:35:37+00:00,2025-06-01 17:35:00+00:00,2025-06-01,3,4.521465557625627,Jose Quintana,MIL,PHI,0.646582725202443,0.5226781857451405,0.04751131221719462,0.0,0.18094861379950333,-0.29316545040488595,over,0.18094861379950333,False,1.8264462809917354,-1.0
777774,676467,Colton Gordon,4,4.5,-110.0,-108.0,draftkings,fanduel,2025-05-25 14:10:38+00:00,2025-05-25 18:10:00+00:00,2025-05-25,4,5.44708109788065,Colton Gordon,HOU,SEA,0.6184921481859018,0.5021949078138718,0.04304029304029311,0.0,0.1807577374458127,-0.265244137246922,over,0.1807577374458127,False,1.9090909090909092,-1.0
778016,543243,Sonny Gray,8,6.5,132.0,-154.0,betrivers,fanduel,2025-05-07 13:10:38+00:00,2025-05-07 17:15:00+00:00,2025-05-07,8,6.793852749150375,Sonny Gray,STL,PIT,0.5088944355365099,0.4155215285957335,0.037333695357046004,1.0,0.18063509044470316,-0.18999471835242543,over,0.18063509044470316,True,2.3200000000000003,1.3200000000000003
777720,621107,Zach Eflin,6,4.5,132.0,-165.0,fanduel,betmgm,2025-05-30 16:25:37+00:00,2025-05-30 20:30:00+00:00,2025-05-30,6,4.764933891002396,Zach Eflin,BAL,CWS,0.5088326021349158,0.4090768755788824,0.0536759921925829,1.0,0.18049163695300474,-0.2111553913075921,over,0.18049163695300474,True,2.3200000000000003,1.3200000000000003
778284,663978,Chris Paddack,6,4.5,130.0,-150.0,draftkings,fanduel,2025-04-18 19:05:38+00:00,2025-04-18 23:15:00+00:00,2025-04-18,6,4.790466203981439,Chris Paddack,MIN,ATL,0.5132108238073251,0.42016806722689076,0.034782608695652195,1.0,0.1803848947568476,-0.1886847063455419,over,0.1803848947568476,True,2.3,1.2999999999999998
776234,687765,Mitch Spence,1,3.5,-125.0,101.0,fanatics,draftkings,2025-09-21 13:30:39+00:00,2025-09-21 17:35:00+00:00,2025-09-21,1,4.579450727431693,Mitch Spence,ATH,PIT,0.6557488408820689,0.5275590551181103,0.05306799336650081,0.0,0.18034791358772395,-0.30805517017295847,over,0.18034791358772395,False,1.8,-1.0
777083,573186,Marcus Stroman,4,3.5,140.0,-160.0,draftkings,betmgm,2025-07-20 13:35:38+00:00,2025-07-20 17:35:00+00:00,2025-07-20,4,3.664020113542719,Marcus Stroman,NYY,ATL,0.49168697746719114,0.40372670807453415,0.03205128205128216,1.0,0.18004874592125875,-0.17399133838418557,over,0.18004874592125875,True,2.4,1.4
777304,663460,Kris Bubic,5,4.5,-142.0,120.0,fanduel,bovada,2025-06-29 14:10:37+00:00,2025-06-29 18:10:00+00:00,2025-06-29,5,5.978495975038074,Kris Bubic,KC,LAD,0.6919956667892943,0.5634920634920635,0.04132231404958686,1.0,0.179316558894431,-0.32239046693644735,over,0.179316558894431,True,1.704225352112676,0.704225352112676
776272,663568,Stephen Kolek,8,3.5,-108.0,-110.0,draftkings,betmgm,2025-09-18 14:10:40+00:00,2025-09-18 18:10:00+00:00,2025-09-18,8,4.313618106434512,Stephen Kolek,KC,SEA,0.61230494540654,0.4978050921861282,0.04304029304029311,1.0,0.17925396893111412,-0.25985489577612186,over,0.17925396893111412,True,1.925925925925926,0.925925925925926
776366,669373,Tarik Skubal,2,7.5,-115.0,-102.0,bovada,fanduel,2025-09-12 19:10:40+00:00,2025-09-12 23:10:00+00:00,2025-09-12,2,7.028298975678933,Tarik Skubal,DET,MIA,0.40477164171098257,0.5143932683790965,0.039834215979737575,0.0,-0.2432530176707718,0.1787855722978582,under,0.1787855722978582,True,1.9803921568627452,0.9803921568627452
777451,571760,Andrew Heaney,2,4.5,110.0,-125.0,betmgm,draftkings,2025-06-19 13:10:37+00:00,2025-06-19 17:10:00+00:00,2025-06-19,2,5.078786470717924,Andrew Heaney,PIT,DET,0.5612595483928835,0.46153846153846156,0.03174603174603163,0.0,0.1786450516250555,-0.21026718710719028,over,0.1786450516250555,False,2.1,-1.0
776588,661563,Luis Gil,5,4.5,-190.0,135.0,betrivers,betrivers,2025-08-26 19:05:39+00:00,2025-08-26 23:05:00+00:00,2025-08-26,5,4.704897991275479,Luis Gil,NYY,WSH,0.49846507574372273,0.606245756958588,0.0807043286867204,1.0,-0.23918488439116015,0.17860707200225145,under,0.17860707200225145,False,2.35,-1.0
777374,571760,Andrew Heaney,3,4.5,132.0,-150.0,betrivers,fanatics,2025-06-24 19:35:37+00:00,2025-06-24 23:40:00+00:00,2025-06-24,3,4.760116089063909,Andrew Heaney,PIT,MIL,0.5080043580064663,0.4180602006688963,0.03103448275862064,0.0,0.17857011057500194,-0.18000726334411055,over,0.17857011057500194,False,2.3200000000000003,-1.0
778465,656731,Tylor Megill,4,4.5,110.0,-120.0,bovada,fanatics,2025-04-04 15:05:39+00:00,2025-04-04 19:10:00+00:00,2025-04-04,4,5.077104656181598,Tylor Megill,NYM,TOR,0.5609871260794705,0.4661016949152542,0.02164502164502169,0.0,0.17807296476688816,-0.1951430644790293,over,0.17807296476688816,False,2.1,-1.0
776813,579328,Yusei Kikuchi,7,5.5,-103.0,-105.0,betrivers,draftkings,2025-08-09 18:10:39+00:00,2025-08-09 22:10:00+00:00,2025-08-09,7,6.385307778847249,Yusei Kikuchi,LAA,DET,0.5976985683745191,0.49764317699740745,0.019584284512796035,1.0,0.17798844058279006,-0.21455434777882298,over,0.17798844058279006,True,1.970873786407767,0.970873786407767
777912,669060,Bryse Wilson,3,3.5,106.0,-128.0,betrivers,fanduel,2025-05-15 12:35:38+00:00,2025-05-15 16:40:00+00:00,2025-05-15,3,4.0828646115468175,Bryse Wilson,CWS,CIN,0.5717012658187649,0.4637162382037098,0.046840401975813295,0.0,0.17770460758665574,-0.23709287973967497,over,0.17770460758665574,False,2.06,-1.0
778310,656427,Jack Flaherty,4,6.5,128.0,-140.0,betrivers,fanatics,2025-04-15 18:00:38+00:00,2025-04-15 23:40:00+00:00,2025-04-15,4,6.848034513159711,Jack Flaherty,DET,MIL,0.5164709678323924,0.4291845493562232,0.021929824561403466,0.0,0.1775538066578548,-0.17109308771267273,over,0.1775538066578548,False,2.2800000000000002,-1.0
778478,669022,MacKenzie Gore,5,5.5,108.0,100.0,fanduel,draftkings,2025-04-02 15:05:39+00:00,2025-04-02 19:07:00+00:00,2025-04-02,5,5.16759948701393,MacKenzie Gore,WSH,TOR,0.41131026996561326,0.49019607843137253,-0.019230769230769162,0.0,-0.14447463847152442,0.17737946006877348,under,0.17737946006877348,True,2.0,1.0
777477,641793,Zack Littell,3,4.5,120.0,-127.0,draftkings,betrivers,2025-06-17 19:35:37+00:00,2025-06-17 23:35:00+00:00,2025-06-17,3,4.919576302994631,Zack Littell,TB,BAL,0.535052989629717,0.44826224328594,0.014016820184221013,0.0,0.17711657718537754,-0.16895298146413995,over,0.17711657718537754,False,2.2,-1.0
776148,665795,Edward Cabrera,7,4.5,-115.0,-105.0,fanatics,draftkings,2025-09-28 15:10:38+00:00,2025-09-28 19:10:00+00:00,2025-09-28,7,5.522387419754973,Edward Cabrera,MIA,NYM,0.6295756149450501,0.5108342361863488,0.04707884288145214,1.0,0.1770326714190067,-0.27679048632128833,over,0.1770326714190067,True,1.8695652173913042,0.8695652173913042
777001,573186,Marcus Stroman,4,3.5,-121.0,100.0,betrivers,fanduel,2025-07-26 13:00:38+00:00,2025-07-26 17:05:00+00:00,2025-07-26,4,3.2752228300510526,Marcus Stroman,NYY,PHI,0.41151300042412425,0.5226781857451405,0.04751131221719462,1.0,-0.24839361079560784,0.17697399915175138,under,0.17697399915175138,False,2.0,-1.0
777554,680885,Spencer Schwellenbach,9,5.5,108.0,-130.0,betrivers,fanduel,2025-06-11 14:10:37+00:00,2025-06-11 18:10:00+00:00,2025-06-11,9,6.1588817362991914,Spencer Schwellenbach,ATL,MIL,0.565617642132732,0.45963229416466833,0.04598662207357851,1.0,0.1764846956360826,-0.23147736685021825,over,0.1764846956360826,True,2.08,1.08
778399,579328,Yusei Kikuchi,5,6.5,128.0,-155.0,fanduel,betrivers,2025-04-09 19:00:39+00:00,2025-04-09 23:05:00+00:00,2025-04-09,5,6.844580235295715,Yusei Kikuchi,LAA,TB,0.5159894707572864,0.4191321499013807,0.046439628482972006,0.0,0.17645599332661321,-0.20372461318134216,over,0.17645599332661321,False,2.2800000000000002,-1.0
777766,694297,Brandon Pfaadt,5,4.5,120.0,-154.0,fanduel,fanduel,2025-05-25 14:15:38+00:00,2025-05-25 18:15:00+00:00,2025-05-25,5,4.917705646905937,Brandon Pfaadt,AZ,STL,0.5347401837792065,0.42847503373819157,0.060844667143879816,1.0,0.17642840431425433,-0.23262341999947045,over,0.17642840431425433,True,2.2,1.2000000000000002
778484,668678,Zac Gallen,13,5.5,-114.0,100.0,betonlineag,draftkings,2025-04-02 19:00:39+00:00,2025-04-02 23:05:00+00:00,2025-04-02,13,5.170675401476457,Zac Gallen,AZ,NYY,0.4118132673329609,0.5158371040723981,0.032710280373831724,1.0,-0.22694702448023119,0.17637346533407827,under,0.17637346533407827,False,2.0,-1.0
778102,519242,Chris Sale,10,7.5,125.0,-118.0,betrivers,fanduel,2025-04-30 15:05:38+00:00,2025-04-30 19:10:00+00:00,2025-04-30,10,7.916356026941285,Chris Sale,ATL,COL,0.5228291083944551,0.45087900723888313,-0.014271151885830835,1.0,0.17636549388752387,-0.11844699686433224,over,0.17636549388752387,True,2.25,1.25
776509,808967,Yoshinobu Yamamoto,10,5.5,-160.0,135.0,fanatics,betrivers,2025-08-31 16:10:38+00:00,2025-08-31 20:10:00+00:00,2025-08-31,10,5.718371629345106,Yoshinobu Yamamoto,LAD,AZ,0.499419469486207,0.5911949685534592,0.04091653027823239,1.0,-0.18844336208491363,0.17636424670741335,under,0.17636424670741335,False,2.35,-1.0
776183,641927,Bailey Ober,5,4.5,-137.0,110.0,betonlineag,betmgm,2025-09-25 14:35:39+00:00,2025-09-25 18:35:00+00:00,2025-09-25,5,4.374733108186869,Bailey Ober,MIN,TEX,0.4398406733139489,0.5483133218982277,0.054249547920433905,1.0,-0.23910774032550453,0.1763345860407075,under,0.1763345860407075,False,2.1,-1.0
778109,615698,Cal Quantrill,3,3.5,140.0,-162.0,bovada,betrivers,2025-04-30 15:05:38+00:00,2025-04-30 19:10:00+00:00,2025-04-30,3,3.656001772418925,Cal Quantrill,MIA,LAD,0.4900838356584988,0.4025814382298709,0.03498727735368967,0.0,0.17620120558039698,-0.17532077125016465,over,0.17620120558039698,False,2.4,-1.0
776993,656550,Grant Holmes,2,5.5,-140.0,132.0,fanduel,betonlineag,2025-07-26 19:00:38+00:00,2025-07-26 23:05:00+00:00,2025-07-26,2,5.677745391279803,Grant Holmes,ATL,TEX,0.4930932041286243,0.5750708215297451,0.014367816091954033,0.0,-0.15469736435092973,0.176023766421592,under,0.176023766421592,True,2.3200000000000003,1.3200000000000003
777028,685299,Tanner Gordon,3,2.5,-135.0,112.0,betonlineag,fanduel,2025-07-23 15:10:38+00:00,2025-07-23 19:10:00+00:00,2025-07-23,3,3.5507836781825897,Tanner Gordon,COL,STL,0.6755021483159849,0.54911742133538,0.046166198313930096,1.0,0.1758741100315293,-0.3120645544298879,over,0.1758741100315293,True,1.7407407407407407,0.7407407407407407
776493,676979,Garrett Crochet,4,7.5,-130.0,125.0,fanduel,bovada,2025-09-02 18:40:38+00:00,2025-09-02 22:45:00+00:00,2025-09-02,4,7.5673528223818,Garrett Crochet,BOS,CLE,0.47740206426514975,0.5598086124401913,0.009661835748792313,0.0,-0.15536557860781197,0.17584535540341317,under,0.17584535540341317,True,2.25,1.25
776773,656427,Jack Flaherty,6,6.5,-105.0,-105.0,fanatics,bovada,2025-08-12 19:40:39+00:00,2025-08-12 23:40:00+00:00,2025-08-12,6,6.029718951078293,Jack Flaherty,DET,CWS,0.3978149406464301,0.5,0.024390243902439046,0.0,-0.22331368730935086,0.1756946396903032,under,0.1756946396903032,True,1.9523809523809523,0.9523809523809523
778055,669060,Bryse Wilson,4,2.5,-122.0,105.0,fanduel,betmgm,2025-05-04 14:05:38+00:00,2025-05-04 18:10:00+00:00,2025-05-04,4,3.387398033125903,Bryse Wilson,CWS,HOU,0.6459819126326002,0.5297606439313705,0.03735442759833019,1.0,0.1754752836429283,-0.27426292089683046,over,0.1754752836429283,True,1.819672131147541,0.819672131147541
778273,670102,Bowden Francis,5,4.5,-136.0,128.0,betrivers,betonlineag,2025-04-18 19:05:38+00:00,2025-04-18 23:07:00+00:00,2025-04-18,5,5.865211105863345,Bowden Francis,TOR,SEA,0.677254556607628,0.5678288895399941,0.014867677668748192,1.0,0.175235848230884,-0.26414038906539183,over,0.175235848230884,True,1.7352941176470589,0.7352941176470589
776835,693645,Cam Schlittler,3,4.5,-160.0,130.0,draftkings,bovada,2025-08-08 19:05:39+00:00,2025-08-08 23:05:00+00:00,2025-08-08,3,4.650902432904945,Cam Schlittler,NYY,HOU,0.489056694954114,0.5859872611464969,0.050167224080267525,0.0,-0.20528287069956475,0.17516960160553774,under,0.17516960160553774,True,2.3,1.2999999999999998
777478,671096,Andrew Abbott,5,5.5,112.0,-110.0,betrivers,bovada,2025-06-17 19:10:37+00:00,2025-06-17 23:10:00+00:00,2025-06-17,5,5.004458993993227,Andrew Abbott,CIN,MIN,0.3845357913445837,0.47382671480144406,-0.004492362982928988,0.0,-0.1847841223494825,0.17497712561488576,under,0.17497712561488576,True,1.9090909090909092,0.9090909090909092
777446,450203,Charlie Morton,7,5.5,-125.0,106.0,draftkings,betonlineag,2025-06-19 19:35:37+00:00,2025-06-19 23:35:00+00:00,2025-06-19,7,5.279986597851624,Charlie Morton,BAL,TB,0.4296300856195585,0.533678756476684,0.04099244875943908,1.0,-0.22666584588479466,0.1749620236237095,under,0.1749620236237095,False,2.06,-1.0
778497,673540,Kodai Senga,8,5.5,112.0,-140.0,williamhill_us,fanduel,2025-04-01 18:35:39+00:00,2025-04-01 22:40:00+00:00,2025-04-01,8,6.079504753135062,Kodai Senga,NYM,MIA,0.5540411519156019,0.4470938897168405,0.055031446540880546,1.0,0.174567242061076,-0.23549911756960318,over,0.174567242061076,True,2.12,1.12
777317,665152,Dean Kremer,6,4.5,110.0,-138.0,betonlineag,fanduel,2025-06-29 13:35:37+00:00,2025-06-29 17:35:00+00:00,2025-06-29,6,5.066683632352228,Dean Kremer,BAL,TB,0.5592969702362081,0.45092838196286467,0.05602240896358546,1.0,0.17452363749603705,-0.23994694866824284,over,0.17452363749603705,True,2.1,1.1
776795,684007,Shota Imanaga,9,4.5,-115.0,105.0,betrivers,betmgm,2025-08-10 19:10:38+00:00,2025-08-10 23:10:00+00:00,2025-08-10,9,4.304845871767422,Shota Imanaga,CHC,STL,0.42714068350342776,0.5230171935662784,0.022688598979013097,1.0,-0.2014326351892438,0.1743615988179732,under,0.1743615988179732,False,2.05,-1.0
777905,571760,Andrew Heaney,2,4.5,115.0,-130.0,betmgm,draftkings,2025-05-16 18:40:38+00:00,2025-05-16 22:45:00+00:00,2025-05-16,2,4.985434200974589,Andrew Heaney,PIT,PHI,0.5459943246934684,0.45142296368989204,0.030333670374115274,0.0,0.173887798090957,-0.19675918984229035,over,0.173887798090957,False,2.15,-1.0
776760,657746,Joe Ryan,7,6.5,-105.0,100.0,draftkings,bovada,2025-08-13 19:00:39+00:00,2025-08-13 23:05:00+00:00,2025-08-13,7,6.132370397690218,Joe Ryan,MIN,NYY,0.4130619467190471,0.5060240963855421,0.012195121951219523,1.0,-0.19354572307233664,0.17387610656190589,under,0.17387610656190589,False,2.0,-1.0
778330,650633,Michael King,8,7.5,-110.0,105.0,draftkings,bovada,2025-04-13 16:05:38+00:00,2025-04-13 20:10:00+00:00,2025-04-13,8,7.195062076768132,Michael King,SD,COL,0.42746174891083455,0.5177956371986223,0.011614401858304202,1.0,-0.1839366611702249,0.17370341473278916,under,0.17370341473278916,False,2.05,-1.0
777496,702070,Noah Cameron,7,4.5,-146.0,116.0,fanduel,fanduel,2025-06-15 14:10:37+00:00,2025-06-15 18:10:00+00:00,2025-06-15,7,4.467861080900486,Noah Cameron,KC,ATH,0.45662362656496075,0.5617785378366823,0.05645889792231262,1.0,-0.23062046482890175,0.1736929666196847,under,0.1736929666196847,False,2.16,-1.0
777966,680732,Sean Burke,2,4.5,-135.0,133.0,bovada,betrivers,2025-05-11 14:05:37+00:00,2025-05-11 18:10:00+00:00,2025-05-11,2,4.692895465719761,Sean Burke,CWS,MIA,0.4963804461411808,0.572377399690656,0.003652634462606219,0.0,-0.1359303344949816,0.17343356049104863,under,0.17343356049104863,True,2.33,1.33
777821,676440,Tanner Bibee,8,5.5,128.0,-145.0,betonlineag,draftkings,2025-05-22 18:35:38+00:00,2025-05-22 22:40:00+00:00,2025-05-22,8,5.817159975381023,Tanner Bibee,CLE,DET,0.5146589747343053,0.42564280750521194,0.03043322592194775,1.0,0.17342246239421621,-0.17994102627520558,over,0.17342246239421621,True,2.2800000000000002,1.2800000000000002
776806,663554,Casey Mize,5,4.5,100.0,-118.0,betmgm,fanduel,2025-08-10 13:40:38+00:00,2025-08-10 17:40:00+00:00,2025-08-10,5,5.238353438174818,Casey Mize,DET,LAA,0.5866587983322478,0.48017621145374445,0.041284403669724856,1.0,0.17331759666449553,-0.23636964437652552,over,0.17331759666449553,True,2.0,1.0
776385,669920,Jason Alexander,3,3.5,122.0,-125.0,draftkings,betmgm,2025-09-10 19:05:39+00:00,2025-09-10 23:07:00+00:00,2025-09-10,3,3.8517767393700026,Jason Alexander,HOU,TOR,0.5284965798820708,0.4477611940298507,0.006006006006006093,0.0,0.17326240733819698,-0.15129384378772737,over,0.17326240733819698,False,2.2199999999999998,-1.0
776704,665871,Javier Assad,3,4.5,130.0,-145.0,bovada,draftkings,2025-08-17 14:20:38+00:00,2025-08-17 18:20:00+00:00,2025-08-17,3,4.772217280483247,Javier Assad,CHC,PIT,0.5100834541778135,0.42350907519446845,0.02661934338952965,0.0,0.17319194460897114,-0.1722099743004435,over,0.17319194460897114,False,2.3,-1.0
777627,701542,Will Warren,6,5.5,-152.0,139.0,betrivers,betonlineag,2025-06-06 19:05:37+00:00,2025-06-06 23:05:00+00:00,2025-06-06,6,5.781188382811403,Will Warren,NYY,BOS,0.5091340778974938,0.5904303731634377,0.021584645015607418,1.0,-0.1559092919067866,0.17316955382498977,under,0.17316955382498977,False,2.3899999999999997,-1.0
776598,673540,Kodai Senga,4,4.5,-164.0,130.0,fanduel,draftkings,2025-08-25 19:05:39+00:00,2025-08-25 23:10:00+00:00,2025-08-25,4,4.656948518160503,Kodai Senga,NYM,PHI,0.49011401881768746,0.5882719900187149,0.05599472990777343,0.0,-0.21103596970811278,0.17273775671931868,under,0.17273775671931868,True,2.3,1.2999999999999998
776776,669923,George Kirby,7,5.5,-140.0,120.0,draftkings,betmgm,2025-08-12 18:35:39+00:00,2025-08-12 22:35:00+00:00,2025-08-12,7,5.512167729414642,George Kirby,SEA,BAL,0.46698459182256347,0.562043795620438,0.037878787878787845,1.0,-0.199454985447034,0.17263389799036055,under,0.17263389799036055,False,2.2,-1.0
777673,676974,Max Meyer,5,6.5,-110.0,-103.0,fanduel,betonlineag,2025-06-02 18:40:37+00:00,2025-06-02 22:40:00+00:00,2025-06-02,5,6.078265237913686,Max Meyer,MIA,COL,0.40503236208365395,0.5079617834394904,0.031198686371100237,0.0,-0.22675639965847882,0.1726061213302741,under,0.1726061213302741,True,1.970873786407767,0.970873786407767
777512,669467,Andre Pallante,7,3.5,-120.0,100.0,draftkings,fanduel,2025-06-14 16:10:37+00:00,2025-06-14 20:10:00+00:00,2025-06-14,7,4.477526174408751,Andre Pallante,STL,MIL,0.6395211740069076,0.5217391304347826,0.045454545454545414,1.0,0.17245548567933056,-0.2790423480138151,over,0.17245548567933056,True,1.8333333333333335,0.8333333333333335
777325,663559,Bailey Falter,1,3.5,135.0,-155.0,bovada,draftkings,2025-06-28 16:00:37+00:00,2025-06-28 20:05:00+00:00,2025-06-28,1,3.700209871232727,Bailey Falter,PIT,NYM,0.4988920225247183,0.4117884537747275,0.03337505214851899,0.0,0.17239625293308802,-0.175596553185827,over,0.17239625293308802,False,2.35,-1.0
776507,608372,Tomoyuki Sugano,4,3.5,100.0,-110.0,fanduel,betmgm,2025-08-31 16:05:38+00:00,2025-08-31 20:05:00+00:00,2025-08-31,4,4.1633297417503385,Tomoyuki Sugano,BAL,SF,0.5861575127385596,0.48837209302325585,0.023809523809523725,1.0,0.1723150254771193,-0.20993706977361382,over,0.1723150254771193,True,2.0,1.0
778092,808967,Yoshinobu Yamamoto,6,5.5,-160.0,146.0,betmgm,betonlineag,2025-05-02 19:10:39+00:00,2025-05-02 23:15:00+00:00,2025-05-02,6,5.876022100705524,Yoshinobu Yamamoto,LAD,ATL,0.5236374158959218,0.6022031823745411,0.021888680425265816,1.0,-0.149089199169127,0.1718519568960324,under,0.1718519568960324,False,2.46,-1.0
778340,519242,Chris Sale,7,6.5,-103.0,-118.0,betonlineag,fanduel,2025-04-13 13:35:38+00:00,2025-04-13 17:40:00+00:00,2025-04-13,7,7.432347906501241,Chris Sale,ATL,TB,0.5945104323105396,0.48383899327702123,0.048673566231301146,1.0,0.17170502678679167,-0.2508752054550647,over,0.17170502678679167,True,1.970873786407767,0.970873786407767
777000,671096,Andrew Abbott,7,4.5,-130.0,115.0,bovada,draftkings,2025-07-26 18:35:38+00:00,2025-07-26 22:40:00+00:00,2025-07-26,7,5.753777472878963,Andrew Abbott,CIN,TB,0.662261100899118,0.5485770363101079,0.030333670374115274,1.0,0.1716927169753626,-0.2738613669331038,over,0.1716927169753626,True,1.7692307692307692,0.7692307692307692
777841,675911,Spencer Strider,3,5.5,112.0,-130.0,fanduel,bovada,2025-05-20 18:45:37+00:00,2025-05-20 22:45:00+00:00,2025-05-20,3,4.72124112269919,Spencer Strider,ATL,WSH,0.337874692832633,0.4549050632911393,0.03691550451189496,0.0,-0.28370565119481805,0.17145246652687995,under,0.17145246652687995,True,1.7692307692307692,0.7692307692307692
776182,664285,Framber Valdez,10,5.5,135.0,-186.0,betrivers,betrivers,2025-09-25 15:35:40+00:00,2025-09-25 19:35:00+00:00,2025-09-25,10,5.712308876784606,Framber Valdez,HOU,ATH,0.49847750890848275,0.39551929193749136,0.07588156524326739,1.0,0.17142214593493454,-0.22884176100981757,over,0.17142214593493454,True,2.35,1.35
776851,669432,Trevor Rogers,6,4.5,-180.0,132.0,betrivers,betrivers,2025-08-06 12:35:38+00:00,2025-08-06 16:35:00+00:00,2025-08-06,6,4.6858922297274335,Trevor Rogers,BAL,PHI,0.49516230963912444,0.5986238532110092,0.07389162561576357,1.0,-0.22974751833913976,0.17122344163723136,under,0.17122344163723136,False,2.3200000000000003,-1.0
777610,594798,Jacob deGrom,8,5.5,-103.0,-115.0,betrivers,fanduel,2025-06-07 16:05:37+00:00,2025-06-07 20:05:00+00:00,2025-06-07,8,4.937947714601442,Jacob deGrom,TEX,WSH,0.37358209216733307,0.48681028797537923,0.04227288349180891,1.0,-0.26371684747603286,0.17112913203498592,under,0.17112913203498592,False,1.8695652173913042,-1.0
777876,678394,Brayan Bello,3,4.5,115.0,-124.0,draftkings,betrivers,2025-05-18 13:30:37+00:00,2025-05-18 17:35:00+00:00,2025-05-18,3,4.976891702261745,Brayan Bello,BOS,ATL,0.5445830138492207,0.4565837749694252,0.018687707641195983,0.0,0.17085347977582455,-0.1773112508243987,over,0.17085347977582455,False,2.15,-1.0
778100,694973,Paul Skenes,2,6.5,-125.0,105.0,betrivers,draftkings,2025-05-01 12:30:39+00:00,2025-05-01 16:35:00+00:00,2025-05-01,2,6.239466154028112,Paul Skenes,PIT,CHC,0.4288992539661233,0.5324675324675325,0.04336043360433606,0.0,-0.22798134286097804,0.1707565293694473,under,0.1707565293694473,True,2.05,1.0499999999999998
776261,656876,Drew Rasmussen,2,4.5,129.0,-148.0,draftkings,fanduel,2025-09-19 19:35:39+00:00,2025-09-19 23:35:00+00:00,2025-09-19,2,4.778675465299756,Drew Rasmussen,TB,BOS,0.5111913114122724,0.42254481019559736,0.03345541625581072,0.0,0.1706281031341037,-0.18091517047461858,over,0.1706281031341037,False,2.29,-1.0
778443,656794,Sean Newcomb,5,3.5,-130.0,105.0,fanduel,betmgm,2025-04-06 13:30:38+00:00,2025-04-06 17:35:00+00:00,2025-04-06,5,3.3583386289750443,Sean Newcomb,BOS,STL,0.4290196046556727,0.5367573011077543,0.05302226935312815,1.0,-0.24096531483996375,0.17050981045587088,under,0.17050981045587088,False,2.05,-1.0
778385,684007,Shota Imanaga,4,5.5,-128.0,105.0,fanduel,fanatics,2025-04-09 14:15:38+00:00,2025-04-09 18:20:00+00:00,2025-04-09,4,5.27683627803735,Shota Imanaga,CHC,TEX,0.4291183588592401,0.5350734094616639,0.04920838682071027,0.0,-0.2356329232819786,0.17030736433855775,under,0.17030736433855775,True,2.05,1.0499999999999998
777311,434378,Justin Verlander,3,4.5,-175.0,125.0,betrivers,betrivers,2025-06-29 14:05:37+00:00,2025-06-29 18:10:00+00:00,2025-06-29,3,4.59861030853479,Justin Verlander,SF,CWS,0.4798729649689708,0.5887850467289719,0.08080808080808088,0.0,-0.2459139121916173,0.1702858288198157,under,0.1702858288198157,True,2.25,1.25
777286,605488,Jeffrey Springs,4,4.5,102.0,-122.0,betrivers,betonlineag,2025-07-01 19:00:37+00:00,2025-07-01 23:05:00+00:00,2025-07-01,4,5.191211880294396,Jeffrey Springs,ATH,TB,0.5792484597608304,0.4739134147382802,0.044599054500044755,0.0,0.17008188871687735,-0.23437014808937984,over,0.17008188871687735,False,2.02,-1.0
778237,664285,Framber Valdez,2,5.5,125.0,-140.0,bovada,fanduel,2025-04-20 19:05:38+00:00,2025-04-20 23:10:00+00:00,2025-04-20,2,4.5968423493938575,Framber Valdez,HOU,SD,0.31745519236432546,0.43243243243243246,0.02777777777777768,0.0,-0.2857258171802677,0.17007681308972789,under,0.17007681308972789,True,1.7142857142857144,0.7142857142857144
778460,684007,Shota Imanaga,4,4.5,-140.0,110.0,fanduel,fanduel,2025-04-04 14:15:39+00:00,2025-04-04 18:20:00+00:00,2025-04-04,4,4.391240524201971,Shota Imanaga,CHC,SD,0.4428278031784952,0.550561797752809,0.059523809523809534,0.0,-0.24086662312257967,0.17006161332516023,under,0.17006161332516023,True,2.1,1.1
777504,656550,Grant Holmes,15,6.5,-186.0,138.0,betrivers,betrivers,2025-06-15 13:35:37+00:00,2025-06-15 17:35:00+00:00,2025-06-15,15,6.790309635640233,Grant Holmes,ATL,COL,0.5083972161432601,0.6075094691771422,0.07051771757654102,1.0,-0.2182709472205786,0.17001462557904112,under,0.17001462557904112,False,2.38,-1.0
778114,608337,Lucas Giolito,7,3.5,-145.0,140.0,draftkings,fanduel,2025-04-30 19:05:38+00:00,2025-04-30 23:07:00+00:00,2025-04-30,7,4.82368344051054,Lucas Giolito,BOS,TOR,0.6924440185355938,0.5868465430016863,0.008503401360544283,1.0,0.1699916175256584,-0.26186564448542515,over,0.1699916175256584,True,1.6896551724137931,0.6896551724137931
778420,677958,Kumar Rocker,1,4.5,-140.0,145.0,fanatics,bovada,2025-04-06 14:30:38+00:00,2025-04-06 18:35:00+00:00,2025-04-06,1,4.844790850238981,Kumar Rocker,TEX,TB,0.5224627527830293,0.5883361921097771,-0.008503401360544172,0.0,-0.10434956665766393,0.1699662556815782,under,0.1699662556815782,True,2.45,1.4500000000000002
777359,656876,Drew Rasmussen,5,3.5,-110.0,-110.0,bovada,draftkings,2025-06-25 19:40:37+00:00,2025-06-25 23:40:00+00:00,2025-06-25,5,4.316478137199053,Drew Rasmussen,TB,KC,0.6127915721182571,0.5,0.04761904761904767,1.0,0.16987481949849093,-0.26078391040758164,over,0.16987481949849093,True,1.9090909090909092,0.9090909090909092
777556,683004,Jack Leiter,3,4.5,-108.0,-105.0,fanduel,betmgm,2025-06-11 19:40:37+00:00,2025-06-11 23:40:00+00:00,2025-06-11,3,4.1611936412095165,Jack Leiter,TEX,MIN,0.40080387823833846,0.5034106412005458,0.031425891181988685,0.0,-0.22808141968912587,0.16985909486800566,under,0.16985909486800566,True,1.9523809523809523,0.9523809523809523
776203,669330,Tyler Wells,4,4.5,-186.0,133.0,betrivers,betrivers,2025-09-24 18:35:40+00:00,2025-09-24 22:35:00+00:00,2025-09-24,4,4.7024867744656405,Tyler Wells,BAL,TB,0.49804660299383763,0.6024354305096056,0.07953419970587339,0.0,-0.23418640614926045,0.16955141502435844,under,0.16955141502435844,True,2.33,1.33
778054,642547,Freddy Peralta,7,6.5,130.0,-144.0,draftkings,fanduel,2025-05-04 14:05:38+00:00,2025-05-04 18:10:00+00:00,2025-05-04,7,5.437926248416367,Freddy Peralta,MIL,CHC,0.309818338951169,0.4242002781641169,0.024946543121881604,1.0,-0.28741782041231134,0.16947448122163022,under,0.16947448122163022,False,1.6944444444444444,-1.0
778248,687362,Connor Gillispie,3,3.5,-135.0,120.0,bovada,fanduel,2025-04-20 13:30:38+00:00,2025-04-20 17:35:00+00:00,2025-04-20,3,4.682967278826414,Connor Gillispie,MIA,PHI,0.6716792631281838,0.5582706766917294,0.029013539651837617,0.0,0.16921945803794958,-0.2776943788820043,over,0.16921945803794958,False,1.7407407407407407,-1.0
778351,542881,Tyler Anderson,6,4.5,135.0,-125.0,bovada,draftkings,2025-04-12 19:05:38+00:00,2025-04-12 23:10:00+00:00,2025-04-12,6,3.889587244041357,Tyler Anderson,LAA,HOU,0.350489763059551,0.43373493975903615,-0.01891252955082745,1.0,-0.1763490568100552,0.16911842649280828,under,0.16911842649280828,False,1.8,-1.0
777901,669467,Andre Pallante,4,2.5,-150.0,140.0,betmgm,bovada,2025-05-16 19:35:38+00:00,2025-05-16 23:40:00+00:00,2025-05-16,4,3.7039555041347305,Andre Pallante,STL,KC,0.7013868662573,0.5901639344262295,0.016666666666666607,1.0,0.16897811042883326,-0.2833284790175199,over,0.16897811042883326,True,1.6666666666666665,0.6666666666666665
777184,688138,Logan Evans,2,3.5,-125.0,115.0,bovada,betmgm,2025-07-09 19:05:37+00:00,2025-07-09 23:05:00+00:00,2025-07-09,2,4.538980542234196,Logan Evans,SEA,NYY,0.6493697793759465,0.5443037974683544,0.02067183462532296,0.0,0.1688656028767037,-0.2461450256582851,over,0.1688656028767037,False,1.8,-1.0
777646,677958,Kumar Rocker,5,3.5,-120.0,-105.0,fanduel,betrivers,2025-06-04 19:35:37+00:00,2025-06-04 23:35:00+00:00,2025-06-04,5,4.464918032303284,Kumar Rocker,TEX,TB,0.6374765199076534,0.5157232704402516,0.05764966740576494,1.0,0.16870695316403128,-0.2922160626768472,over,0.16870695316403128,True,1.8333333333333335,0.8333333333333335
777626,669373,Tarik Skubal,6,7.5,110.0,-122.0,draftkings,fanduel,2025-06-06 19:10:37+00:00,2025-06-06 23:10:00+00:00,2025-06-06,6,6.684343571537986,Tarik Skubal,DET,CHC,0.357745955093552,0.46424090338770385,0.025740025740025763,0.0,-0.24873349430354075,0.16869178663304463,under,0.16869178663304463,True,1.819672131147541,0.819672131147541
776892,676282,Joey Cantillo,9,5.5,-115.0,108.0,fanatics,betrivers,2025-08-03 13:40:38+00:00,2025-08-03 17:40:00+00:00,2025-08-03,9,5.332649111819285,Joey Cantillo,CLE,MIN,0.4381670686194377,0.5266402465874064,0.015652951699463236,1.0,-0.1808180891027904,0.16861249727156968,under,0.16861249727156968,False,2.08,-1.0
776876,677944,Slade Cecconi,6,4.5,125.0,-143.0,bovada,betrivers,2025-08-04 19:10:38+00:00,2025-08-04 23:10:00+00:00,2025-08-04,6,4.826423548110825,Slade Cecconi,CLE,NYM,0.519344462057473,0.43027888446215146,0.03292181069958833,1.0,0.1685250396293143,-0.18322170825151007,over,0.1685250396293143,True,2.25,1.25
777136,593423,Frankie Montas,5,4.5,135.0,-190.0,betrivers,betrivers,2025-07-12 16:10:37+00:00,2025-07-12 20:10:00+00:00,2025-07-12,5,4.697231028065795,Frankie Montas,NYM,KC,0.49713390787784867,0.3937542430414121,0.0807043286867204,1.0,0.16826468351294444,-0.23246754360303234,over,0.16826468351294444,True,2.35,1.35
776777,624133,Ranger Suarez,3,5.5,135.0,-150.0,betrivers,fanatics,2025-08-12 18:40:39+00:00,2025-08-12 22:40:00+00:00,2025-08-12,3,5.702753666173703,Ranger Suarez,PHI,CIN,0.49699140730846947,0.41493775933609955,0.025531914893617058,0.0,0.16792980717490336,-0.1616523455141159,over,0.16792980717490336,False,2.35,-1.0
777265,656427,Jack Flaherty,9,5.5,-128.0,105.0,fanduel,draftkings,2025-07-02 18:40:38+00:00,2025-07-02 22:45:00+00:00,2025-07-02,9,5.284386346315306,Jack Flaherty,DET,WSH,0.4303445757510506,0.5350734094616639,0.04920838682071027,1.0,-0.2334487244434411,0.167793619710346,under,0.167793619710346,False,2.05,-1.0
777091,506433,Yu Darvish,1,4.5,-104.0,105.0,betrivers,bovada,2025-07-19 18:45:38+00:00,2025-07-19 22:45:00+00:00,2025-07-19,1,4.323431458569799,Yu Darvish,SD,WSH,0.43052616560415957,0.511025886864813,-0.002391200382592107,0.0,-0.1555063674687639,0.16742136051147272,under,0.16742136051147272,True,2.05,1.0499999999999998
778079,686563,Jonathan Cannon,5,3.5,-140.0,130.0,fanduel,draftkings,2025-05-02 19:35:39+00:00,2025-05-02 23:40:00+00:00,2025-05-02,5,3.6679554762194018,Jonathan Cannon,CWS,HOU,0.49247290205737276,0.5729537366548043,0.018115942028985588,1.0,-0.15576073933021806,0.1673123252680424,under,0.1673123252680424,False,2.3,-1.0
776786,571760,Andrew Heaney,3,3.5,115.0,-129.0,fanatics,betrivers,2025-08-11 19:40:38+00:00,2025-08-11 23:40:00+00:00,2025-08-11,3,3.927192974748505,Andrew Heaney,PIT,MIL,0.5428632580986951,0.45225634442579243,0.02843505636234389,0.0,0.1671560049121943,-0.18849369073334243,over,0.1671560049121943,False,2.15,-1.0
776299,686930,Mason Barnett,2,3.5,-145.0,120.0,fanatics,bovada,2025-09-17 18:40:39+00:00,2025-09-17 22:45:00+00:00,2025-09-17,2,4.81122625087622,Mason Barnett,ATH,BOS,0.690647079649398,0.5656028368794326,0.04638218923933213,0.0,0.16695541044208628,-0.3194235752286755,over,0.16695541044208628,False,1.6896551724137931,-1.0
776535,656849,David Peterson,1,5.5,-118.0,100.0,betonlineag,draftkings,2025-08-30 16:10:38+00:00,2025-08-30 20:10:00+00:00,2025-08-30,1,5.199790988288841,David Peterson,NYM,MIA,0.41657032412691136,0.5198237885462554,0.041284403669724856,0.0,-0.23040397746045194,0.16685935174617716,under,0.16685935174617716,True,2.0,1.0
776746,668678,Zac Gallen,1,5.5,125.0,-145.0,betmgm,draftkings,2025-08-13 14:30:39+00:00,2025-08-13 18:35:00+00:00,2025-08-13,1,5.842371825943663,Zac Gallen,AZ,TEX,0.5185142168695326,0.42888402625820565,0.03628117913832196,0.0,0.16665698795644834,-0.18645505608989987,over,0.16665698795644834,False,2.25,-1.0
777694,608379,Michael Wacha,6,4.5,104.0,-114.0,betonlineag,betrivers,2025-05-31 16:10:37+00:00,2025-05-31 20:10:00+00:00,2025-05-31,6,5.144489199855006,Michael Wacha,KC,DET,0.5718260293679984,0.4792189179505553,0.022906358805204308,1.0,0.16652509991071685,-0.19623482705922513,over,0.16652509991071685,True,2.04,1.04
776500,592836,Taijuan Walker,2,3.5,148.0,-160.0,betrivers,betmgm,2025-09-01 16:10:38+00:00,2025-09-01 20:10:00+00:00,2025-09-01,2,3.557396503953987,Taijuan Walker,PHI,MIL,0.4701769785813008,0.3958587088915955,0.018610421836228408,0.0,0.16603890688162593,-0.1390375901946138,over,0.16603890688162593,False,2.48,-1.0
777288,669467,Andre Pallante,3,3.5,-122.0,105.0,fanduel,draftkings,2025-07-01 18:35:37+00:00,2025-07-01 22:40:00+00:00,2025-07-01,3,4.485185251270188,Andre Pallante,STL,PIT,0.6407592422017702,0.5297606439313705,0.03735442759833019,0.0,0.16597173580977853,-0.26355644651362886,over,0.16597173580977853,False,1.819672131147541,-1.0
777909,700363,AJ Smith-Shawver,6,5.5,122.0,-148.0,betonlineag,betrivers,2025-05-15 12:10:38+00:00,2025-05-15 16:15:00+00:00,2025-05-15,6,4.515638905075526,AJ Smith-Shawver,ATL,WSH,0.30419551853563986,0.4301373664492854,0.04722464399883752,1.0,-0.32468594885087954,0.16594264461595487,under,0.16594264461595487,False,1.6756756756756757,-1.0
777905,624133,Ranger Suarez,6,5.5,-105.0,-109.0,betmgm,betonlineag,2025-05-16 18:40:38+00:00,2025-05-16 22:45:00+00:00,2025-05-16,6,5.049852844950679,Ranger Suarez,PHI,PIT,0.3920018719218757,0.4954843079701965,0.03372622242968837,1.0,-0.2346630119620522,0.16579457585622004,under,0.16579457585622004,False,1.9174311926605505,-1.0
777409,663554,Casey Mize,5,4.5,-105.0,-115.0,fanatics,betmgm,2025-06-22 12:10:37+00:00,2025-06-22 16:10:00+00:00,2025-06-22,5,5.305640650484446,Casey Mize,DET,TB,0.5970967656925146,0.4891657638136511,0.04707884288145214,1.0,0.165760352066338,-0.24674612716426647,over,0.165760352066338,True,1.9523809523809523,0.9523809523809523
777375,622491,Luis Castillo,3,5.5,100.0,-115.0,draftkings,bovada,2025-06-24 19:40:37+00:00,2025-06-24 23:40:00+00:00,2025-06-24,3,4.955958851062337,Luis Castillo,SEA,MIN,0.3765496240177435,0.4831460674157303,0.03488372093023262,0.0,-0.246900751964513,0.16558113770595773,under,0.16558113770595773,True,1.8695652173913042,0.8695652173913042
777168,666157,Nick Lodolo,4,5.5,-109.0,-105.0,betonlineag,betmgm,2025-07-10 17:10:38+00:00,2025-07-10 21:10:00+00:00,2025-07-10,4,5.11698436648201,Nick Lodolo,CIN,MIA,0.40302224669079084,0.5045156920298035,0.03372622242968837,0.0,-0.22723257285894227,0.1655279945560748,under,0.1655279945560748,True,1.9523809523809523,0.9523809523809523
778431,687473,Ryan Gusto,8,4.5,118.0,-135.0,fanduel,draftkings,2025-08-09 13:10:39+00:00,2025-08-09 17:15:00+00:00,2025-08-09,8,4.916957318889817,Ryan Gusto,MIA,ATL,0.5346150195590568,0.4439826185528055,0.0331836814366584,1.0,0.16546074263874355,-0.18988540441761736,over,0.16546074263874355,True,2.1799999999999997,1.1799999999999997
776997,657746,Joe Ryan,5,6.5,107.0,-115.0,betrivers,draftkings,2025-07-26 19:05:38+00:00,2025-07-26 23:10:00+00:00,2025-07-26,5,5.888816577438149,Joe Ryan,MIN,WSH,0.37682082445633774,0.47456130669903984,0.01797550836984607,0.0,-0.21998089337538074,0.16507411079902057,under,0.16507411079902057,True,1.8695652173913042,0.8695652173913042
777196,607536,Kyle Freeland,6,4.5,128.0,-140.0,betonlineag,draftkings,2025-07-08 19:10:38+00:00,2025-07-08 23:10:00+00:00,2025-07-08,6,4.777489518488077,Kyle Freeland,COL,BOS,0.5109879604110316,0.4291845493562232,0.021929824561403466,1.0,0.165052549737152,-0.16169364641891115,over,0.165052549737152,True,2.2800000000000002,1.2800000000000002
776631,671212,Joe Boyle,5,4.5,-135.0,110.0,bovada,betonlineag,2025-08-21 19:30:39+00:00,2025-08-21 23:35:00+00:00,2025-08-21,5,4.404602687092979,Joe Boyle,TB,STL,0.44524203661338957,0.5467695274831245,0.050658561296859084,1.0,-0.2249490473766923,0.16499172311188204,under,0.16499172311188204,False,2.1,-1.0
778034,671096,Andrew Abbott,8,4.5,125.0,-115.0,betrivers,bovada,2025-05-06 19:10:38+00:00,2025-05-06 23:15:00+00:00,2025-05-06,8,4.816953429624883,Andrew Abbott,CIN,ATL,0.5177327427896496,0.45382585751978893,-0.02067183462532307,1.0,0.16489867127671176,-0.09836991043282328,over,0.16489867127671176,True,2.25,1.25
778065,663559,Bailey Falter,6,3.5,115.0,-134.0,draftkings,fanduel,2025-05-03 16:00:38+00:00,2025-05-03 20:05:00+00:00,2025-05-03,6,2.90886553673097,Bailey Falter,PIT,SD,0.3330095116460145,0.4481900019153419,0.03776585171933999,1.0,-0.2840295499610689,0.16474458414054172,under,0.16474458414054172,False,1.7462686567164178,-1.0
776519,673540,Kodai Senga,6,4.5,-156.0,122.0,fanduel,fanduel,2025-08-31 13:40:38+00:00,2025-08-31 17:40:00+00:00,2025-08-31,6,4.573665238205988,Kodai Senga,NYM,MIA,0.47546804979283314,0.5749767565413734,0.05982545045045051,1.0,-0.21974473880150458,0.1644609294599102,under,0.1644609294599102,False,2.2199999999999998,-1.0
778280,592866,Trevor Williams,5,3.5,-150.0,126.0,bovada,fanduel,2025-04-17 12:30:39+00:00,2025-04-17 16:35:00+00:00,2025-04-17,5,4.865433640719913,Trevor Williams,WSH,PIT,0.6984081361952,0.5755517826825127,0.04247787610619458,1.0,0.1640135603253332,-0.31840238780115215,over,0.1640135603253332,True,1.6666666666666665,0.6666666666666665
777869,683004,Jack Leiter,4,4.5,108.0,-135.0,fanduel,draftkings,2025-05-18 13:00:37+00:00,2025-05-18 17:05:00+00:00,2025-05-18,4,3.786734327212973,Jack Leiter,TEX,HOU,0.3313947275047538,0.4556029468786351,0.05523731587561387,0.0,-0.3106989667901121,0.16386843730653977,under,0.16386843730653977,True,1.7407407407407407,0.7407407407407407
777462,641778,Eric Lauer,8,3.5,-106.0,-105.0,fanduel,draftkings,2025-06-18 19:05:37+00:00,2025-06-18 23:07:00+00:00,2025-06-18,8,4.2343440045346785,Eric Lauer,TOR,AZ,0.5986528747737041,0.5011531365313653,0.02675822874733602,1.0,0.16341973776776464,-0.2164175174153271,over,0.16341973776776464,True,1.9433962264150944,0.9433962264150944
777314,669373,Tarik Skubal,13,7.5,-128.0,102.0,betonlineag,fanduel,2025-06-29 19:10:37+00:00,2025-06-29 23:10:00+00:00,2025-06-29,13,7.170292289506898,Tarik Skubal,DET,MIN,0.42410064562046046,0.5314041433738902,0.05645301372242484,1.0,-0.2445707249885548,0.16331669584666986,under,0.16331669584666986,False,2.02,-1.0
777013,641793,Zack Littell,2,4.5,128.0,-130.0,betrivers,betmgm,2025-07-25 19:10:38+00:00,2025-07-25 23:10:00+00:00,2025-07-25,2,4.772851056187683,Zack Littell,TB,CIN,0.5101922271344915,0.4369300911854104,0.0038138825324178782,0.0,0.1632382778666408,-0.13341701723794663,over,0.1632382778666408,False,2.2800000000000002,-1.0
776977,543294,Kyle Hendricks,3,3.5,110.0,-124.0,fanatics,fanduel,2025-07-27 16:05:39+00:00,2025-07-27 20:07:00+00:00,2025-07-27,3,3.9861211730914583,Kyle Hendricks,LAA,SEA,0.553911713951937,0.46242774566473993,0.029761904761904656,0.0,0.16321459929906768,-0.19416309617124095,over,0.16321459929906768,False,2.1,-1.0
777578,554430,Zack Wheeler,7,6.5,-140.0,120.0,fanatics,fanduel,2025-06-09 18:45:37+00:00,2025-06-09 22:45:00+00:00,2025-06-09,7,6.529812701606438,Zack Wheeler,PHI,CHC,0.47129579071821814,0.562043795620438,0.037878787878787845,1.0,-0.19206435876876882,0.16314926041992028,under,0.16314926041992028,False,2.2,-1.0
777271,687765,Mitch Spence,5,3.5,-130.0,122.0,betrivers,fanduel,2025-07-02 12:05:37+00:00,2025-07-02 16:10:00+00:00,2025-07-02,5,4.589236319421608,Mitch Spence,ATH,TB,0.6572785471629238,0.5564982645584265,0.015667841754798184,1.0,0.1628774295959421,-0.23915837470169088,over,0.1628774295959421,True,1.7692307692307692,0.7692307692307692
776321,684007,Shota Imanaga,9,5.5,-105.0,-106.0,betmgm,fanduel,2025-09-14 14:15:39+00:00,2025-09-14 18:20:00+00:00,2025-09-14,9,5.109324988301999,Shota Imanaga,CHC,TB,0.40176636133207466,0.4988468634686347,0.02675822874733602,1.0,-0.2155990088278542,0.1626049959018172,under,0.1626049959018172,False,1.9433962264150944,-1.0
776695,669432,Trevor Rogers,7,5.5,135.0,-168.0,betmgm,fanduel,2025-08-18 19:05:38+00:00,2025-08-18 23:10:00+00:00,2025-08-18,7,5.688094744747769,Trevor Rogers,BAL,BOS,0.49470794498725534,0.4043452021726011,0.05239758653540805,1.0,0.16256367072005018,-0.1939388646225263,over,0.16256367072005018,True,2.35,1.35
778111,681343,Shane Smith,4,3.5,-145.0,138.0,fanatics,betrivers,2025-04-30 19:35:38+00:00,2025-04-30 23:40:00+00:00,2025-04-30,4,4.792659054833864,Shane Smith,CWS,MIL,0.6879539124145821,0.5848161328588375,0.01200480192076836,1.0,0.1624048864936043,-0.2573303115467055,over,0.1624048864936043,True,1.6896551724137931,0.6896551724137931
777980,592866,Trevor Williams,4,3.5,-118.0,115.0,betmgm,bovada,2025-05-10 16:00:38+00:00,2025-05-10 20:05:00+00:00,2025-05-10,4,4.4126781268957105,Trevor Williams,WSH,STL,0.628917709258965,0.5378418486326054,0.006400682739492236,1.0,0.16189881880046064,-0.20217307490677472,over,0.16189881880046064,True,1.847457627118644,0.847457627118644
776267,666157,Nick Lodolo,7,4.5,-135.0,128.0,bovada,draftkings,2025-09-19 18:40:39+00:00,2025-09-19 22:40:00+00:00,2025-09-19,7,4.659047040721685,Nick Lodolo,CIN,CHC,0.49048078023597974,0.5670596904937362,0.013064576334453237,1.0,-0.1462001232929242,0.16170382106196635,under,0.16170382106196635,False,2.2800000000000002,-1.0
776273,669432,Trevor Rogers,7,5.5,115.0,-130.0,betonlineag,draftkings,2025-09-19 19:05:39+00:00,2025-09-19 23:05:00+00:00,2025-09-19,7,5.986175152284772,Trevor Rogers,BAL,NYY,0.5402223096567967,0.45142296368989204,0.030333670374115274,1.0,0.16147796576211304,-0.18654716323894815,over,0.16147796576211304,True,2.15,1.15
778375,663460,Kris Bubic,5,5.5,132.0,-140.0,betrivers,draftkings,2025-04-11 18:05:39+00:00,2025-04-11 22:10:00+00:00,2025-04-11,5,5.725620908645644,Kris Bubic,KC,CLE,0.5005447875357587,0.4249291784702549,0.014367816091954033,0.0,0.16126390708296023,-0.14379106434701483,over,0.16126390708296023,False,2.3200000000000003,-1.0
778443,669467,Andre Pallante,6,3.5,-170.0,130.0,draftkings,betmgm,2025-04-06 13:30:38+00:00,2025-04-06 17:35:00+00:00,2025-04-06,6,5.105631341620175,Andre Pallante,STL,BOS,0.7309911592986846,0.5915279878971256,0.06441223832528187,1.0,0.1609859588861462,-0.38127966638697475,over,0.1609859588861462,True,1.5882352941176472,0.5882352941176472
777084,668909,Gavin Williams,11,5.5,-140.0,115.0,fanatics,betrivers,2025-07-20 13:40:37+00:00,2025-07-20 17:40:00+00:00,2025-07-20,11,5.4686079111228,Gavin Williams,CLE,ATH,0.4600365879350014,0.5563770794824399,0.04844961240310086,1.0,-0.21136584925428326,0.16092133593974678,under,0.16092133593974678,False,2.15,-1.0
776726,690997,Nolan McLean,8,4.5,110.0,-136.0,bovada,betrivers,2025-08-16 16:10:38+00:00,2025-08-16 20:10:00+00:00,2025-08-16,8,5.026907011922663,Nolan McLean,NYM,SEA,0.5528119894893619,0.4524539877300614,0.05246166263115404,1.0,0.16090517792766024,-0.22399727587859863,over,0.16090517792766024,True,2.1,1.1
777044,663554,Casey Mize,5,4.5,110.0,-122.0,draftkings,fanduel,2025-07-22 18:40:38+00:00,2025-07-22 22:40:00+00:00,2025-07-22,5,5.02686070749746,Casey Mize,DET,PIT,0.5528044093295188,0.46424090338770385,0.025740025740025763,1.0,0.16088925959198952,-0.18625064648486211,over,0.16088925959198952,True,2.1,1.1
776609,663903,Brady Singer,9,4.5,-130.0,110.0,bovada,draftkings,2025-08-24 16:10:38+00:00,2025-08-24 20:10:00+00:00,2025-08-24,9,4.415456474844846,Brady Singer,CIN,AZ,0.4472005457107468,0.5427435387673957,0.04140786749482395,1.0,-0.20879903451175574,0.16087885400743174,under,0.16087885400743174,False,2.1,-1.0
776423,608331,Max Fried,4,4.5,-175.0,125.0,betrivers,betrivers,2025-09-07 13:35:38+00:00,2025-09-07 17:35:00+00:00,2025-09-07,4,4.622723267751573,Max Fried,NYY,TOR,0.48411636390954343,0.5887850467289719,0.08080808080808088,0.0,-0.23924571385643179,0.16073818120352734,under,0.16073818120352734,True,2.25,1.25
778451,615698,Cal Quantrill,4,3.5,-105.0,-105.0,fanatics,bovada,2025-04-05 19:10:38+00:00,2025-04-05 23:15:00+00:00,2025-04-05,4,4.210082996105445,Cal Quantrill,MIA,ATL,0.5944120443853897,0.5,0.024390243902439046,1.0,0.16051875332385612,-0.2081378009429038,over,0.16051875332385612,True,1.9523809523809523,0.9523809523809523
777624,647336,Michael Soroka,7,4.5,-134.0,106.0,fanduel,betrivers,2025-06-06 18:45:37+00:00,2025-06-06 22:45:00+00:00,2025-06-06,7,5.770317937228497,Michael Soroka,WSH,TEX,0.6645174949908128,0.5412124539251824,0.058086465853456115,1.0,0.16042607334216563,-0.30890603968107433,over,0.16042607334216563,True,1.7462686567164178,0.7462686567164178
776670,645261,Sandy Alcantara,9,4.5,-110.0,-102.0,bovada,fanduel,2025-08-20 18:40:39+00:00,2025-08-20 22:40:00+00:00,2025-08-20,9,4.23503224811616,Sandy Alcantara,MIA,STL,0.41437612868221324,0.5091659028414299,0.02876001885902868,1.0,-0.20891829978850196,0.15976492162934264,under,0.15976492162934264,False,1.9803921568627452,-1.0
776266,656605,Mitch Keller,4,4.5,-130.0,110.0,bovada,betonlineag,2025-09-19 18:40:39+00:00,2025-09-19 22:40:00+00:00,2025-09-19,4,4.41885784612064,Mitch Keller,PIT,ATH,0.4478138337780418,0.5427435387673957,0.04140786749482395,0.0,-0.20771398639269534,0.1595909490661125,under,0.1595909490661125,True,2.1,1.1
778115,700249,Cade Povich,2,4.5,-120.0,110.0,draftkings,bovada,2025-04-30 18:30:38+00:00,2025-04-30 22:35:00+00:00,2025-04-30,2,4.42016345080911,Cade Povich,BAL,NYY,0.44804918204608546,0.5338983050847457,0.02164502164502169,0.0,-0.17857649958217658,0.15909671770322054,under,0.15909671770322054,True,2.1,1.1
776859,656427,Jack Flaherty,3,6.5,-105.0,-110.0,fanatics,bovada,2025-08-06 13:10:38+00:00,2025-08-06 17:10:00+00:00,2025-08-06,3,5.997113962148654,Jack Flaherty,DET,MIN,0.3929619523701951,0.49439461883408076,0.03600464576074325,0.0,-0.23278856918200008,0.15889081820235496,under,0.15889081820235496,True,1.9090909090909092,0.9090909090909092
777296,682052,Jacob Lopez,1,5.5,115.0,-142.0,draftkings,fanduel,2025-06-30 19:35:37+00:00,2025-06-30 23:35:00+00:00,2025-06-30,1,5.976829730392314,Jacob Lopez,ATH,TB,0.5388265884155068,0.44217065594737803,0.051893138573899655,0.0,0.15847716509333964,-0.21405658025741303,over,0.15847716509333964,False,2.15,-1.0
778278,669467,Andre Pallante,2,4.5,144.0,-148.0,betonlineag,betrivers,2025-04-17 19:05:39+00:00,2025-04-17 23:10:00+00:00,2025-04-17,2,4.5697600597786385,Andre Pallante,STL,NYM,0.4747770926193804,0.4071447333858681,0.006610259122157736,0.0,0.15845610599128812,-0.11989674979463738,over,0.15845610599128812,False,2.44,-1.0
776417,685299,Tanner Gordon,5,2.5,-130.0,105.0,bovada,draftkings,2025-09-07 15:10:38+00:00,2025-09-07 19:10:00+00:00,2025-09-07,5,3.4348626788130217,Tanner Gordon,COL,SD,0.6547625334422547,0.5367573011077543,0.05302226935312815,1.0,0.15842602070552747,-0.2922631935566221,over,0.15842602070552747,True,1.7692307692307692,0.7692307692307692
778353,700363,AJ Smith-Shawver,7,4.5,115.0,-130.0,bovada,fanduel,2025-04-12 16:05:39+00:00,2025-04-12 20:10:00+00:00,2025-04-12,7,4.941711464736644,AJ Smith-Shawver,ATL,TB,0.5387459490722648,0.45142296368989204,0.030333670374115274,1.0,0.15830379050536925,-0.18393514066631467,over,0.15830379050536925,True,2.15,1.15
778206,682847,Luis Ortiz,8,5.5,120.0,-140.0,bovada,draftkings,2025-04-23 13:05:39+00:00,2025-04-23 17:10:00+00:00,2025-04-23,8,4.638865462163959,Luis Ortiz,CLE,NYY,0.3243410977796213,0.43795620437956206,0.037878787878787845,1.0,-0.2864495848848331,0.15827240380636365,under,0.15827240380636365,False,1.7142857142857144,-1.0
776334,702070,Noah Cameron,7,4.5,-155.0,127.0,betmgm,draftkings,2025-09-14 13:30:39+00:00,2025-09-14 17:35:00+00:00,2025-09-14,7,4.654907511449949,Noah Cameron,KC,PHI,0.48975719923619854,0.579797313998517,0.04837177161613537,1.0,-0.1942704141598025,0.15825115773382925,under,0.15825115773382925,False,2.27,-1.0
777558,571945,Miles Mikolas,2,2.5,-116.0,105.0,betonlineag,bovada,2025-06-10 19:45:37+00:00,2025-06-10 23:45:00+00:00,2025-06-10,2,3.261688236769464,Miles Mikolas,STL,TOR,0.6219133789173721,0.5240193918025562,0.02484191508581768,0.0,0.15804560212200314,-0.2249224267806128,over,0.15804560212200314,False,1.8620689655172413,-1.0
777882,641816,Tyler Mahle,3,4.5,115.0,-132.0,draftkings,fanduel,2025-05-17 19:00:38+00:00,2025-05-17 23:05:00+00:00,2025-05-17,3,3.8394782094457356,Tyler Mahle,TEX,HOU,0.3411835190021545,0.44978673904614186,0.03408179631114683,0.0,-0.2664554341453679,0.157919875693183,under,0.157919875693183,True,1.7575757575757576,0.7575757575757576
777607,571760,Andrew Heaney,5,4.5,132.0,-145.0,betrivers,draftkings,2025-06-07 16:00:37+00:00,2025-06-07 20:05:00+00:00,2025-06-07,5,4.708439254308193,Andrew Heaney,PIT,PHI,0.49907938376657424,0.42139662882696943,0.022871217452498094,1.0,0.15786417033845246,-0.15361688981248744,over,0.15786417033845246,True,2.3200000000000003,1.3200000000000003
777893,656550,Grant Holmes,5,5.5,143.0,-150.0,betrivers,fanduel,2025-05-17 19:10:38+00:00,2025-05-17 23:15:00+00:00,2025-05-17,5,5.571748312479231,Grant Holmes,ATL,BOS,0.4764365848560262,0.40683482506102525,0.011522633744855959,0.0,0.1577409012001436,-0.12739430809337693,over,0.1577409012001436,False,2.4299999999999997,-1.0
777502,656288,Griffin Canning,2,4.5,-165.0,130.0,draftkings,bovada,2025-06-15 13:40:37+00:00,2025-06-15 17:40:00+00:00,2025-06-15,2,4.696414641671046,Griffin Canning,NYM,TB,0.49699206983936794,0.5888285492629945,0.057424118129614454,0.0,-0.20180061510646974,0.1569182393694537,under,0.1569182393694537,True,2.3,1.2999999999999998
776157,813349,Connelly Early,7,5.5,125.0,-147.0,betmgm,draftkings,2025-09-27 16:10:39+00:00,2025-09-27 20:10:00+00:00,2025-09-27,7,5.812802918079267,Connelly Early,BOS,DET,0.5139912845331523,0.42752055387278237,0.039586144849302674,1.0,0.1564803901995928,-0.18337311074618123,over,0.1564803901995928,True,2.25,1.25
778408,543243,Sonny Gray,4,6.5,-103.0,100.0,betrivers,fanduel,2025-04-08 18:35:39+00:00,2025-04-08 22:40:00+00:00,2025-04-08,4,7.371877882570955,Sonny Gray,STL,PIT,0.5867753497054725,0.5036674816625917,0.007389162561576512,0.0,0.1564601552447662,-0.17355069941094503,over,0.1564601552447662,False,1.970873786407767,-1.0
776772,675911,Spencer Strider,2,6.5,-110.0,100.0,betmgm,betonlineag,2025-08-12 19:10:39+00:00,2025-08-12 23:10:00+00:00,2025-08-12,2,6.191333796828316,Spencer Strider,ATL,NYM,0.4217917748908752,0.5116279069767442,0.023809523809523725,0.0,-0.19476115702651087,0.15641645021824946,under,0.15641645021824946,True,2.0,1.0
776755,605540,Brandon Woodruff,4,6.5,-160.0,135.0,betmgm,bovada,2025-08-13 14:05:39+00:00,2025-08-13 18:10:00+00:00,2025-08-13,4,6.787154095351655,Brandon Woodruff,MIL,PIT,0.5079542066457421,0.5911949685534592,0.04091653027823239,0.0,-0.1745744142006691,0.15630761438250618,under,0.15630761438250618,True,2.35,1.35
778461,656605,Mitch Keller,4,5.5,110.0,-125.0,fanduel,draftkings,2025-04-04 16:10:39+00:00,2025-04-04 20:12:00+00:00,2025-04-04,4,4.84121657930494,Mitch Keller,PIT,NYY,0.3576371796481029,0.46153846153846156,0.03174603174603163,0.0,-0.24896192273898388,0.15625307663341492,under,0.15625307663341492,True,1.8,0.8
777587,694738,Landen Roupp,2,4.5,-112.0,-105.0,fanduel,draftkings,2025-06-08 16:05:37+00:00,2025-06-08 20:05:00+00:00,2025-06-08,2,5.39565176156747,Landen Roupp,SF,ATL,0.610799161215636,0.5077399380804954,0.040497008743672236,0.0,0.15615555515816815,-0.240131695706718,over,0.15615555515816815,False,1.8928571428571428,-1.0
776875,645261,Sandy Alcantara,5,4.5,103.0,-120.0,betonlineag,betrivers,2025-08-04 18:40:38+00:00,2025-08-04 22:40:00+00:00,2025-08-04,5,3.991273638878226,Sandy Alcantara,MIA,HOU,0.36937074898543587,0.4745470232959448,0.038065382892969124,1.0,-0.2501773795595651,0.1561536268600343,under,0.1561536268600343,False,1.8333333333333335,-1.0
778327,607625,Seth Lugo,4,5.5,115.0,-125.0,bovada,betrivers,2025-04-14 19:00:38+00:00,2025-04-14 23:05:00+00:00,2025-04-14,4,4.841800589944078,Seth Lugo,KC,NYY,0.3577334514805492,0.45569620253164556,0.02067183462532296,0.0,-0.23087307931681922,0.1560797873350115,under,0.1560797873350115,True,1.8,0.8
778359,682847,Luis Ortiz,10,3.5,-150.0,150.0,fanatics,betrivers,2025-04-12 18:05:38+00:00,2025-04-12 22:10:00+00:00,2025-04-12,10,3.8992929357156587,Luis Ortiz,CLE,KC,0.5375776103030604,0.6,0.0,1.0,-0.10403731616156608,0.15605597424234907,under,0.15605597424234907,False,2.5,-1.0
777112,656302,Dylan Cease,10,5.5,-152.0,134.0,betrivers,betonlineag,2025-07-18 18:40:38+00:00,2025-07-18 22:45:00+00:00,2025-07-18,10,5.760926908260339,Dylan Cease,SD,WSH,0.5060097544671164,0.5853080568720379,0.030525030525030417,1.0,-0.1610890912782018,0.15593717454694755,under,0.15593717454694755,False,2.34,-1.0
777944,682990,Quinn Priester,3,3.5,122.0,-139.0,betonlineag,betrivers,2025-05-13 18:05:38+00:00,2025-05-13 22:10:00+00:00,2025-05-13,3,3.8098838024852917,Quinn Priester,MIL,CLE,0.5204092717262015,0.43646590452536616,0.03204040860944635,0.0,0.15530858323216723,-0.17537997080979983,over,0.15530858323216723,False,2.2199999999999998,-1.0
777326,657376,Clarke Schmidt,7,5.5,-120.0,100.0,draftkings,betmgm,2025-06-28 13:05:37+00:00,2025-06-28 17:05:00+00:00,2025-06-28,7,5.2354047077545385,Clarke Schmidt,NYY,ATH,0.4223782019407847,0.5217391304347826,0.045454545454545414,1.0,-0.22563996310856138,0.15524359611843064,under,0.15524359611843064,False,2.0,-1.0
777342,690953,Mick Abel,0,3.5,-120.0,110.0,betonlineag,betmgm,2025-06-27 19:15:37+00:00,2025-06-27 23:15:00+00:00,2025-06-27,0,4.41993078426448,Mick Abel,PHI,ATL,0.6301143341603364,0.5338983050847457,0.02164502164502169,0.0,0.1552096126272835,-0.22324010173670628,over,0.1552096126272835,False,1.8333333333333335,-1.0
777889,656876,Drew Rasmussen,5,5.5,114.0,-135.0,fanduel,bovada,2025-05-17 16:05:37+00:00,2025-05-17 20:10:00+00:00,2025-05-17,5,4.712404395534446,Drew Rasmussen,TB,MIA,0.33642106116143133,0.448558885283451,0.04175780473255131,0.0,-0.280058929114537,0.1551188935338046,under,0.1551188935338046,True,1.7407407407407407,0.7407407407407407
776238,675911,Spencer Strider,6,6.5,103.0,-118.0,draftkings,betmgm,2025-09-21 13:40:39+00:00,2025-09-21 17:10:00+00:00,2025-09-21,6,5.87571704527723,Spencer Strider,ATL,DET,0.3748670092942157,0.4764610744415789,0.033895241108148344,0.0,-0.2390199711327421,0.15490671164288972,under,0.15490671164288972,True,1.847457627118644,0.847457627118644
778492,701542,Will Warren,4,4.5,139.0,-150.0,betonlineag,draftkings,2025-04-01 19:00:39+00:00,2025-04-01 23:05:00+00:00,2025-04-01,4,4.617210581417152,Will Warren,NYY,AZ,0.48314752389346677,0.4108463434675431,0.018410041841004254,0.0,0.15472258210538548,-0.13857920648911148,over,0.15472258210538548,False,2.3899999999999997,-1.0
778223,656288,Griffin Canning,5,4.5,-104.0,-106.0,fanduel,williamhill_us,2025-04-22 19:05:39+00:00,2025-04-22 23:10:00+00:00,2025-04-22,5,4.188475699898577,Griffin Canning,NYM,PHI,0.40582630093057587,0.497677011707861,0.024367028364743915,1.0,-0.2039561020207934,0.15471492460661684,under,0.15471492460661684,False,1.9433962264150944,-1.0
776885,686799,Jack Kochanowicz,2,3.5,108.0,-115.0,fanduel,betmgm,2025-08-03 16:05:38+00:00,2025-08-03 20:07:00+00:00,2025-08-03,2,3.1385208035375416,Jack Kochanowicz,LAA,CWS,0.3824097188021635,0.4733597534125936,0.015652951699463236,0.0,-0.20458778489149987,0.15462530832638977,under,0.15462530832638977,True,1.8695652173913042,0.8695652173913042
776937,669022,MacKenzie Gore,4,6.5,115.0,-130.0,draftkings,betrivers,2025-07-30 14:10:38+00:00,2025-07-30 18:10:00+00:00,2025-07-30,4,5.691421819935222,MacKenzie Gore,WSH,HOU,0.34738860388728826,0.45142296368989204,0.030333670374115274,0.0,-0.2531145016423303,0.15462016235325926,under,0.15462016235325926,True,1.7692307692307692,0.7692307692307692
778268,607067,Colin Rea,5,3.5,100.0,-125.0,fanduel,draftkings,2025-04-18 14:15:39+00:00,2025-04-18 18:20:00+00:00,2025-04-18,5,4.113543670207572,Colin Rea,CHC,AZ,0.5772499432882601,0.47368421052631576,0.05555555555555558,1.0,0.15449988657652014,-0.2390498979188681,over,0.15449988657652014,True,2.0,1.0
777239,677958,Kumar Rocker,4,3.5,-160.0,132.0,fanatics,betrivers,2025-07-04 18:40:38+00:00,2025-07-04 22:40:00+00:00,2025-07-04,4,3.718218072468441,Kumar Rocker,TEX,SD,0.5024583437316339,0.58808618504436,0.04641909814323597,1.0,-0.1835051914360949,0.15429664254260955,under,0.15429664254260955,False,2.3200000000000003,-1.0
778095,656557,Tanner Houck,6,3.5,-182.0,135.0,betrivers,betrivers,2025-05-01 19:05:38+00:00,2025-05-01 23:07:00+00:00,2025-05-01,6,3.7510425282931212,Tanner Houck,BOS,TOR,0.5089257317392327,0.6026490066225165,0.07092198581560294,1.0,-0.21144474532712287,0.15402453041280317,under,0.15402453041280317,False,2.35,-1.0
777198,687064,Brandon Young,6,3.5,-115.0,-105.0,fanatics,draftkings,2025-07-08 18:35:37+00:00,2025-07-08 22:35:00+00:00,2025-07-08,6,4.342803128044668,Brandon Young,BAL,NYM,0.6172512526469679,0.5108342361863488,0.04707884288145214,1.0,0.15399147233998334,-0.25272863612027063,over,0.15399147233998334,True,1.8695652173913042,0.8695652173913042
776180,666214,Joey Wentz,3,5.5,105.0,-123.0,betrivers,draftkings,2025-09-26 19:15:40+00:00,2025-09-26 23:15:00+00:00,2025-09-26,3,4.876871626187421,Joey Wentz,ATL,PIT,0.36351505056491307,0.4693254761654214,0.039374384775237914,0.0,-0.2547941463419283,0.15395238800019828,under,0.15395238800019828,True,1.8130081300813008,0.8130081300813008
776981,693821,Bryce Elder,3,4.5,125.0,-155.0,bovada,betmgm,2025-07-27 14:30:37+00:00,2025-07-27 18:35:00+00:00,2025-07-27,3,4.7880662327921355,Bryce Elder,ATL,TEX,0.5128000845978951,0.42236024844720504,0.05228758169934622,0.0,0.15380019034526393,-0.19847755853202098,over,0.15380019034526393,False,2.25,-1.0
776174,669432,Trevor Rogers,3,5.5,108.0,-121.0,fanduel,draftkings,2025-09-26 19:05:42+00:00,2025-09-26 23:05:00+00:00,2025-09-26,3,6.083962816733532,Trevor Rogers,BAL,NYY,0.5546956885399064,0.4675467546754675,0.02828054298642546,0.0,0.15376703216300536,-0.18667559642412657,over,0.15376703216300536,False,2.08,-1.0
776658,694297,Brandon Pfaadt,5,4.5,105.0,-118.0,draftkings,fanduel,2025-08-20 15:35:39+00:00,2025-08-20 19:40:00+00:00,2025-08-20,5,5.088125302303885,Brandon Pfaadt,AZ,CLE,0.5627705070052932,0.4740160904544466,0.029089281718505333,1.0,0.153679539360851,-0.19223703836571115,over,0.153679539360851,True,2.05,1.0499999999999998
776783,571945,Miles Mikolas,3,3.5,-134.0,125.0,betrivers,draftkings,2025-08-11 19:45:38+00:00,2025-08-11 23:45:00+00:00,2025-08-11,3,4.610921713344963,Miles Mikolas,STL,COL,0.6606507724197881,0.5630252100840336,0.017094017094017033,0.0,0.15367373691216724,-0.2364642379445232,over,0.15367373691216724,False,1.7462686567164178,-1.0
777134,681347,Mike Burrows,1,4.5,-140.0,130.0,fanduel,bovada,2025-07-12 14:10:38+00:00,2025-07-12 18:10:00+00:00,2025-07-12,1,4.704559960089679,Mike Burrows,PIT,MIN,0.4984064191144971,0.5729537366548043,0.018115942028985588,0.0,-0.1455889958037192,0.1536652360366566,under,0.1536652360366566,True,2.3,1.2999999999999998
778316,622491,Luis Castillo,3,5.5,130.0,-177.0,betrivers,betrivers,2025-04-15 18:00:38+00:00,2025-04-15 22:40:00+00:00,2025-04-15,3,5.7321722186332105,Luis Castillo,SEA,CIN,0.5015608246356095,0.40491156263704137,0.07377177837074234,0.0,0.1535898966619016,-0.2199567707574227,over,0.1535898966619016,False,2.3,-1.0
777448,669194,Ryne Nelson,4,3.5,-115.0,-102.0,betmgm,fanduel,2025-06-19 15:05:37+00:00,2025-06-19 19:07:00+00:00,2025-06-19,4,4.341268260882353,Ryne Nelson,AZ,TOR,0.6169921974219248,0.5143932683790965,0.039834215979737575,1.0,0.15350715170185936,-0.24149435175714518,over,0.15350715170185936,True,1.8695652173913042,0.8695652173913042
776204,676440,Tanner Bibee,5,5.5,-154.0,128.0,betonlineag,betrivers,2025-09-24 18:40:40+00:00,2025-09-24 22:40:00+00:00,2025-09-24,5,5.684545840280141,Tanner Bibee,CLE,DET,0.4941544734234927,0.5802485457429931,0.04489570382649544,0.0,-0.18496599837943406,0.15332780059443674,under,0.15332780059443674,True,2.2800000000000002,1.2800000000000002
777689,677960,Ryan Weathers,7,5.5,138.0,-148.0,betrivers,fanduel,2025-06-01 13:40:37+00:00,2025-06-01 17:40:00+00:00,2025-06-01,7,5.623122810441215,Ryan Weathers,MIA,SF,0.48453611100111676,0.4131680661068906,0.01694226077527783,1.0,0.1531959441826578,-0.1362496995153849,over,0.1531959441826578,True,2.38,1.38
777954,668678,Zac Gallen,5,5.5,-122.0,115.0,fanduel,betmgm,2025-05-11 16:05:37+00:00,2025-05-11 20:10:00+00:00,2025-05-11,5,5.491298671758162,Zac Gallen,AZ,LAD,0.4636597047870853,0.5416064422878382,0.01466582861931709,0.0,-0.1562913568628448,0.15313163470776647,under,0.15313163470776647,True,2.15,1.15
776334,605400,Aaron Nola,5,4.5,-182.0,139.0,betonlineag,betonlineag,2025-09-14 13:30:39+00:00,2025-09-14 17:35:00+00:00,2025-09-14,5,4.81585342284127,Aaron Nola,PHI,KC,0.5175453600338624,0.6066835895004045,0.06380011276299014,1.0,-0.19808905752994943,0.1530665895190686,under,0.1530665895190686,False,2.3899999999999997,-1.0
777260,605135,Chris Bassitt,9,5.5,-120.0,106.0,bovada,fanduel,2025-07-03 19:05:37+00:00,2025-07-03 23:07:00+00:00,2025-07-03,9,5.34636611096242,Chris Bassitt,TOR,NYY,0.44038507491394685,0.5291095890410958,0.030891438658428916,1.0,-0.19262736265776403,0.15280674567726948,under,0.15280674567726948,False,2.06,-1.0
776460,669302,Logan Gilbert,7,6.5,118.0,-130.0,betonlineag,betrivers,2025-09-05 19:15:38+00:00,2025-09-05 23:15:00+00:00,2025-09-05,7,6.936862551858464,Logan Gilbert,SEA,ATL,0.5287787057048962,0.4479937670432412,0.023932987634623037,1.0,0.15273757843667357,-0.16630078701635476,over,0.15273757843667357,True,2.1799999999999997,1.1799999999999997
776239,671096,Andrew Abbott,2,4.5,110.0,-125.0,betrivers,fanatics,2025-09-21 13:40:39+00:00,2025-09-21 17:40:00+00:00,2025-09-21,2,5.002843982174192,Andrew Abbott,CIN,CHC,0.5488632092643755,0.46153846153846156,0.03174603174603163,0.0,0.1526127394551886,-0.18795377667587587,over,0.1526127394551886,False,2.1,-1.0
776284,661563,Luis Gil,2,4.5,-128.0,119.0,fanduel,draftkings,2025-09-17 19:35:39+00:00,2025-09-17 23:40:00+00:00,2025-09-17,2,4.563645257840002,Luis Gil,NYY,MIN,0.4736944470744573,0.5514636449480642,0.018024513338139814,0.0,-0.156231766148623,0.15260916090693843,under,0.15260916090693843,True,2.19,1.19
776546,642547,Freddy Peralta,8,5.5,130.0,-135.0,bovada,betmgm,2025-08-29 19:05:39+00:00,2025-08-29 23:07:00+00:00,2025-08-29,8,4.721345720003834,Freddy Peralta,MIL,TOR,0.33789190118887963,0.4307974335472044,0.009250693802035137,1.0,-0.22284862726557686,0.15255854237491318,under,0.15255854237491318,False,1.7407407407407407,-1.0
777526,694973,Paul Skenes,5,6.5,-145.0,120.0,fanatics,draftkings,2025-06-13 14:20:37+00:00,2025-06-13 18:20:00+00:00,2025-06-13,5,6.563513656061878,Paul Skenes,PIT,CHC,0.4761520344821165,0.5656028368794326,0.04638218923933213,0.0,-0.19546725208194105,0.15246552413934378,under,0.15246552413934378,True,2.2,1.2000000000000002
778125,642547,Freddy Peralta,5,6.5,100.0,-115.0,betonlineag,fanduel,2025-04-29 19:40:39+00:00,2025-04-29 23:40:00+00:00,2025-04-29,5,5.935212443571076,Freddy Peralta,MIL,CWS,0.38373902798468496,0.4831460674157303,0.03488372093023262,0.0,-0.2325219440306301,0.15214007811558883,under,0.15214007811558883,True,1.8695652173913042,0.8695652173913042
777164,671106,Logan Allen,5,4.5,-110.0,-104.0,draftkings,fanduel,2025-07-11 15:05:37+00:00,2025-07-11 19:10:00+00:00,2025-07-11,5,4.22723810484637,Logan Allen,CLE,CWS,0.41294673731202985,0.5067750677506776,0.03361344537815114,1.0,-0.21164713785885203,0.1515275537340952,under,0.1515275537340952,False,1.9615384615384617,-1.0
777494,687888,Brandon Walter,9,4.5,135.0,-142.0,bovada,fanduel,2025-06-15 14:10:37+00:00,2025-06-15 18:10:00+00:00,2025-06-15,9,4.656338223712094,Brandon Walter,HOU,MIN,0.4900073353039435,0.42035782525620985,0.012308774397749245,1.0,0.1515172379642673,-0.1308575714334813,over,0.1515172379642673,True,2.35,1.35
777951,656557,Tanner Houck,0,4.5,-135.0,115.0,draftkings,bovada,2025-05-12 18:35:38+00:00,2025-05-12 22:40:00+00:00,2025-05-12,0,4.511434966569867,Tanner Houck,BOS,DET,0.4644149197611547,0.552594002855783,0.03958436417615041,0.0,-0.19157402856391592,0.1515079225135174,under,0.1515079225135174,True,2.15,1.15
777652,607536,Kyle Freeland,4,4.5,148.0,-150.0,betrivers,fanduel,2025-06-04 12:10:37+00:00,2025-06-04 16:10:00+00:00,2025-06-04,4,4.510685593378539,Kyle Freeland,COL,MIA,0.46428127852435463,0.40192926045016075,0.003225806451612856,0.0,0.15141757074039952,-0.10713546420725784,over,0.15141757074039952,False,2.48,-1.0
777214,592332,Kevin Gausman,9,6.5,115.0,-125.0,bovada,draftkings,2025-07-06 13:35:37+00:00,2025-07-06 17:37:00+00:00,2025-07-06,9,5.778453297448961,Kevin Gausman,TOR,LAA,0.3603592102500694,0.45569620253164556,0.02067183462532296,1.0,-0.22522769796235087,0.15135342154987508,under,0.15135342154987508,False,1.8,-1.0
777650,571510,Matthew Boyd,6,5.5,125.0,100.0,draftkings,bovada,2025-06-04 18:45:37+00:00,2025-06-04 22:45:00+00:00,2025-06-04,6,5.248716147048753,Matthew Boyd,CHC,WSH,0.424545739758866,0.47058823529411764,-0.05555555555555558,1.0,-0.04477208554255152,0.150908520482268,under,0.150908520482268,False,2.0,-1.0
777325,621112,Paul Blackburn,2,3.5,-118.0,110.0,fanduel,draftkings,2025-06-28 16:00:37+00:00,2025-06-28 20:05:00+00:00,2025-06-28,2,4.376330811277133,Paul Blackburn,NYM,PIT,0.6228801758423955,0.5319879776728209,0.01747487986020091,0.0,0.15074473164103575,-0.2080483692690306,over,0.15074473164103575,False,1.847457627118644,-1.0
777480,647336,Michael Soroka,9,6.5,115.0,-150.0,fanatics,fanatics,2025-06-17 18:45:37+00:00,2025-06-17 22:45:00+00:00,2025-06-17,9,6.982075140093339,Michael Soroka,WSH,COL,0.5349867715449786,0.43668122270742354,0.06511627906976747,1.0,0.15022155882170396,-0.22497795257496445,over,0.15022155882170396,True,2.15,1.15
778312,608379,Michael Wacha,4,4.5,-148.0,115.0,betrivers,fanatics,2025-04-15 18:00:38+00:00,2025-04-15 23:05:00+00:00,2025-04-15,4,4.51487705896006,Michael Wacha,KC,NYY,0.4650286122035512,0.5619922288943836,0.06189047261815461,0.0,-0.22076286603729267,0.15018848376236482,under,0.15018848376236482,True,2.15,1.15
776177,605288,Adrian Houser,5,3.5,140.0,-158.0,fanatics,draftkings,2025-09-26 19:05:42+00:00,2025-09-26 23:07:00+00:00,2025-09-26,5,3.6019222385293945,Adrian Houser,TB,TOR,0.4792092027995611,0.4048964218455744,0.029069767441860517,1.0,0.15010208671894665,-0.14959477419168843,over,0.15010208671894665,True,2.4,1.4
777762,663978,Chris Paddack,5,3.5,-125.0,115.0,betonlineag,draftkings,2025-05-26 19:05:38+00:00,2025-05-26 23:05:00+00:00,2025-05-26,5,4.473875279999635,Chris Paddack,MIN,TB,0.6389299531439442,0.5443037974683544,0.02067183462532296,1.0,0.15007391565909955,-0.22369939925948001,over,0.15007391565909955,True,1.8,0.8
778482,607536,Kyle Freeland,3,4.5,-120.0,100.0,fanatics,fanduel,2025-04-02 18:40:39+00:00,2025-04-02 22:45:00+00:00,2025-04-02,3,4.293794817130851,Kyle Freeland,COL,PHI,0.4251250313617248,0.5217391304347826,0.045454545454545414,0.0,-0.22060410917017115,0.1497499372765505,under,0.1497499372765505,True,2.0,1.0
776784,676917,Cade Cavalli,3,3.5,-125.0,115.0,draftkings,betrivers,2025-08-11 19:40:38+00:00,2025-08-11 23:40:00+00:00,2025-08-11,3,4.472432889580145,Cade Cavalli,WSH,KC,0.6386961851505351,0.5443037974683544,0.02067183462532296,0.0,0.1496531332709632,-0.22319679807365045,over,0.1496531332709632,False,1.8,-1.0
776639,650644,Aaron Civale,5,4.5,-140.0,115.0,draftkings,bovada,2025-08-22 19:40:39+00:00,2025-08-22 23:40:00+00:00,2025-08-22,5,4.516343366609019,Aaron Civale,CWS,MIN,0.4652899603380161,0.5563770794824399,0.04844961240310086,1.0,-0.20236006799197226,0.14962658527326544,under,0.14962658527326544,False,2.15,-1.0
777108,434378,Justin Verlander,0,3.5,-150.0,132.0,draftkings,fanduel,2025-07-18 19:05:38+00:00,2025-07-18 23:07:00+00:00,2025-07-18,0,3.729183228959644,Justin Verlander,SF,TOR,0.5046235966511098,0.5819397993311037,0.03103448275862064,0.0,-0.15896067224815047,0.1492732557694254,under,0.1492732557694254,True,2.3200000000000003,1.3200000000000003
777778,592662,Robbie Ray,7,5.5,-145.0,128.0,draftkings,fanduel,2025-05-25 13:35:38+00:00,2025-05-25 17:35:00+00:00,2025-05-25,7,5.69632828662818,Robbie Ray,SF,WSH,0.49599104026368607,0.574357192494788,0.03043322592194775,1.0,-0.1619461733475649,0.14914042819879603,under,0.14914042819879603,False,2.2800000000000002,-1.0
777087,656849,David Peterson,4,4.5,-125.0,108.0,betrivers,fanduel,2025-07-20 13:40:37+00:00,2025-07-20 17:40:00+00:00,2025-07-20,4,5.583222337671769,David Peterson,NYM,CIN,0.6383704178242443,0.5360824742268041,0.03632478632478642,0.0,0.14906675208363973,-0.24781046907442816,over,0.14906675208363973,False,1.8,-1.0
776464,664299,Cristian Javier,4,5.5,123.0,-140.0,betrivers,draftkings,2025-09-04 19:40:38+00:00,2025-09-04 23:40:00+00:00,2025-09-04,4,4.672229220893205,Cristian Javier,HOU,NYY,0.3298174884660939,0.4346251358203549,0.031763826606876044,0.0,-0.2645070007206106,0.1488843054866964,under,0.1488843054866964,True,1.7142857142857144,0.7142857142857144
776655,669920,Jason Alexander,3,3.5,-140.0,123.0,draftkings,betrivers,2025-08-21 19:15:39+00:00,2025-08-21 23:15:00+00:00,2025-08-21,3,4.672390629871381,Jason Alexander,HOU,BAL,0.6700770836448505,0.565374864179645,0.031763826606876044,0.0,0.1487035719626011,-0.26427189652801664,over,0.1487035719626011,False,1.7142857142857144,-1.0
777964,656876,Drew Rasmussen,3,4.5,-120.0,106.0,bovada,fanduel,2025-05-11 13:35:38+00:00,2025-05-11 17:40:00+00:00,2025-05-11,3,4.388956792460633,Drew Rasmussen,TB,MIL,0.44241484815353654,0.5291095890410958,0.030891438658428916,0.0,-0.18890611171851623,0.14862541280371455,under,0.14862541280371455,True,2.06,1.06
776466,702674,Caden Dana,4,2.5,-145.0,124.0,betmgm,betonlineag,2025-09-03 19:40:39+00:00,2025-09-03 23:40:00+00:00,2025-09-03,4,3.575042309434431,Caden Dana,LAA,KC,0.6797163318195512,0.5700245700245701,0.03826530612244894,1.0,0.14848621583303467,-0.2825645832757945,over,0.14848621583303467,True,1.6896551724137931,0.6896551724137931
777571,607067,Colin Rea,5,3.5,-127.0,115.0,betrivers,draftkings,2025-06-10 18:45:37+00:00,2025-06-10 22:45:00+00:00,2025-06-10,5,4.49558531469038,Colin Rea,CHC,PHI,0.6424355406107909,0.5460453954604539,0.02458764470853403,1.0,0.1482902969972404,-0.23123641231320047,over,0.1482902969972404,True,1.7874015748031495,0.7874015748031495
778284,693821,Bryce Elder,3,4.5,102.0,-105.0,fanduel,bovada,2025-04-18 19:05:38+00:00,2025-04-18 23:15:00+00:00,2025-04-18,3,4.221617039132109,Bryce Elder,ATL,MIN,0.4119153701092127,0.49148885159434186,0.007244626901714568,0.0,-0.16793095237939037,0.14816522978677527,under,0.14816522978677527,True,1.9523809523809523,0.9523809523809523
777497,656605,Mitch Keller,3,4.5,-145.0,125.0,draftkings,betmgm,2025-06-15 14:20:37+00:00,2025-06-15 18:20:00+00:00,2025-06-15,3,4.6547906391351495,Mitch Keller,PIT,CHC,0.4897367637128092,0.5711159737417943,0.03628117913832196,0.0,-0.17251374407146025,0.14809228164617938,under,0.14809228164617938,True,2.25,1.25
778325,664285,Framber Valdez,3,5.5,-141.0,120.0,betrivers,betmgm,2025-04-14 19:40:38+00:00,2025-04-14 23:45:00+00:00,2025-04-14,3,5.582572626215823,Framber Valdez,HOU,STL,0.47814710919490105,0.5627721335268505,0.03960769520935492,0.0,-0.18274146584417617,0.1480763597712178,under,0.1480763597712178,True,2.2,1.2000000000000002
777338,694738,Landen Roupp,4,4.5,105.0,-115.0,bovada,draftkings,2025-06-27 19:35:37+00:00,2025-06-27 23:40:00+00:00,2025-06-27,4,5.071100059336758,Landen Roupp,SF,CWS,0.5600137085553853,0.47698280643372154,0.022688598979013097,0.0,0.14802810253853993,-0.17741693338615527,over,0.14802810253853993,False,2.05,-1.0
777314,663978,Chris Paddack,3,3.5,-135.0,116.0,draftkings,fanduel,2025-06-29 19:10:37+00:00,2025-06-29 23:10:00+00:00,2025-06-29,3,4.603391799797781,Chris Paddack,MIN,DET,0.6594825826769536,0.5537409798708697,0.03743104806934605,0.0,0.147988199474697,-0.2644823785822197,over,0.147988199474697,False,1.7407407407407407,-1.0
776757,592332,Kevin Gausman,3,5.5,-105.0,-106.0,bovada,betrivers,2025-08-13 19:05:39+00:00,2025-08-13 23:07:00+00:00,2025-08-13,3,5.155245225484988,Kevin Gausman,TOR,CHC,0.40928919837788685,0.4988468634686347,0.02675822874733602,0.0,-0.2009115650717448,0.14798514277505026,under,0.14798514277505026,True,1.9433962264150944,0.9433962264150944
778449,663559,Bailey Falter,5,3.5,-129.0,130.0,betrivers,bovada,2025-04-05 16:00:38+00:00,2025-04-05 20:05:00+00:00,2025-04-05,5,3.7110723258595937,Bailey Falter,PIT,NYY,0.5010447346583652,0.5643903366939319,-0.0018986140117713823,1.0,-0.11054849428863855,0.14759711028576006,under,0.14759711028576006,False,2.3,-1.0
778060,669160,Dustin May,6,3.5,-145.0,138.0,bovada,betrivers,2025-05-04 19:05:38+00:00,2025-05-04 23:10:00+00:00,2025-05-04,6,4.73201028553172,Dustin May,LAD,ATL,0.679032643142277,0.5848161328588375,0.01200480192076836,1.0,0.1473310177231577,-0.2360976906786192,over,0.1473310177231577,True,1.6896551724137931,0.6896551724137931
776593,593958,Eduardo Rodriguez,1,4.5,-105.0,-105.0,fanatics,betmgm,2025-08-25 19:35:39+00:00,2025-08-25 23:40:00+00:00,2025-08-25,1,5.244348272683718,Eduardo Rodriguez,AZ,MIL,0.5875954247982436,0.5,0.024390243902439046,0.0,0.1472101150822851,-0.19482916270133266,over,0.1472101150822851,False,1.9523809523809523,-1.0
777548,593958,Eduardo Rodriguez,5,5.5,133.0,-150.0,betrivers,bovada,2025-06-11 15:40:37+00:00,2025-06-11 19:40:00+00:00,2025-06-11,5,5.6729545813185585,Eduardo Rodriguez,AZ,SEA,0.49234500582674295,0.41701417848206845,0.029184549356223055,0.0,0.14716386357631106,-0.15390834304457157,over,0.14716386357631106,False,2.33,-1.0
777653,657376,Clarke Schmidt,8,4.5,-159.0,136.0,betrivers,fanduel,2025-06-04 19:05:37+00:00,2025-06-04 23:05:00+00:00,2025-06-04,8,4.796441928388183,Clarke Schmidt,NYY,CLE,0.5142328007828793,0.5916372351160444,0.03762842745893602,1.0,-0.16235034337883203,0.1464105901524051,under,0.1464105901524051,False,2.3600000000000003,-1.0
777274,701542,Will Warren,4,4.5,-103.0,-109.0,betonlineag,betrivers,2025-07-02 19:05:38+00:00,2025-07-02 23:07:00+00:00,2025-07-02,4,5.204813425141655,Will Warren,NYY,TOR,0.5813946924222655,0.4931277775232511,0.028920263040045135,0.0,0.14585555885164947,-0.1973531258371879,over,0.14585555885164947,False,1.970873786407767,-1.0
777125,543135,Nathan Eovaldi,8,4.5,-155.0,130.0,draftkings,fanduel,2025-07-13 14:10:37+00:00,2025-07-13 18:10:00+00:00,2025-07-13,8,4.725053874683075,Nathan Eovaldi,TEX,HOU,0.5019569563502556,0.5829926410466066,0.04262574595055413,1.0,-0.1741998460044183,0.1454990003944121,under,0.1454990003944121,False,2.3,-1.0
777639,687830,Sawyer Gipson-Long,3,3.5,-165.0,135.0,betmgm,bovada,2025-06-04 19:40:37+00:00,2025-06-04 23:40:00+00:00,2025-06-04,3,4.971967966454934,Sawyer Gipson-Long,DET,CWS,0.7132215000505234,0.5940252776713902,0.04817342432757932,0.0,0.14547695462659815,-0.32607052511873,over,0.14547695462659815,False,1.606060606060606,-1.0
777475,663559,Bailey Falter,4,3.5,114.0,-120.0,betrivers,draftkings,2025-06-17 18:40:37+00:00,2025-06-17 22:40:00+00:00,2025-06-17,4,3.886369420327538,Bailey Falter,PIT,DET,0.5351175403319054,0.46140939597315433,0.01274426508071369,1.0,0.14515153631027733,-0.1477154906084932,over,0.14515153631027733,True,2.1399999999999997,1.1399999999999997
778457,694297,Brandon Pfaadt,4,5.5,108.0,-120.0,fanduel,fanatics,2025-04-04 18:40:39+00:00,2025-04-04 22:45:00+00:00,2025-04-04,4,4.949403364101299,Brandon Pfaadt,AZ,WSH,0.3754696264250218,0.4684838160136286,0.02622377622377625,0.0,-0.21902317703595464,0.1449723515541268,under,0.1449723515541268,True,1.8333333333333335,0.8333333333333335
776971,675911,Spencer Strider,3,5.5,-177.0,128.0,betrivers,betrivers,2025-07-28 19:35:38+00:00,2025-07-28 23:40:00+00:00,2025-07-28,3,5.708080985948366,Spencer Strider,ATL,KC,0.49782018324364136,0.5929822499118372,0.07758566090316044,0.0,-0.22092547594074197,0.14496998220449786,under,0.14496998220449786,True,2.2800000000000002,1.2800000000000002
778323,669373,Tarik Skubal,9,6.5,-145.0,130.0,fanatics,bovada,2025-04-14 19:35:38+00:00,2025-04-14 23:40:00+00:00,2025-04-14,9,6.746695012284892,Tarik Skubal,DET,MIL,0.5022592852252478,0.5764909248055315,0.02661934338952965,1.0,-0.15135500082630549,0.14480364398193002,under,0.14480364398193002,False,2.3,-1.0
778235,663623,Jake Irvin,9,4.5,-120.0,110.0,bovada,draftkings,2025-04-20 15:05:38+00:00,2025-04-20 19:10:00+00:00,2025-04-20,9,5.486558005547832,Jake Irvin,WSH,COL,0.6243292826933677,0.5338983050847457,0.02164502164502169,1.0,0.14460368493784093,-0.21109149365607216,over,0.14460368493784093,True,1.8333333333333335,0.8333333333333335
777484,686752,Ryan Pepiot,11,5.5,-114.0,100.0,betrivers,betonlineag,2025-06-16 19:35:37+00:00,2025-06-16 23:35:00+00:00,2025-06-16,11,5.268748945409814,Ryan Pepiot,TB,BAL,0.4278041689359903,0.5158371040723981,0.032710280373831724,1.0,-0.19692901620787784,0.14439166212801924,under,0.14439166212801924,False,2.0,-1.0
776232,607536,Kyle Freeland,7,4.5,130.0,-152.0,bovada,betrivers,2025-09-21 15:10:39+00:00,2025-09-21 19:10:00+00:00,2025-09-21,7,4.699668324038111,Kyle Freeland,COL,LAA,0.4975572535680989,0.41888297872340424,0.03795721187025536,1.0,0.14438168320662736,-0.16700281512605863,over,0.14438168320662736,True,2.3,1.2999999999999998
778464,680885,Spencer Schwellenbach,10,6.5,115.0,-125.0,betmgm,bovada,2025-04-04 19:10:39+00:00,2025-04-04 23:15:00+00:00,2025-04-04,10,5.804903686030211,Spencer Schwellenbach,ATL,MIA,0.36430407263864745,0.45569620253164556,0.02067183462532296,1.0,-0.216746243826908,0.14425266925043445,under,0.14425266925043445,False,1.8,-1.0
777307,622663,Luis Severino,3,4.5,120.0,-135.0,fanduel,draftkings,2025-06-29 13:35:37+00:00,2025-06-29 17:35:00+00:00,2025-06-29,3,4.83044435860258,Luis Severino,ATH,NYY,0.5200279557335055,0.44172932330827064,0.029013539651837617,0.0,0.1440615026137122,-0.16449310812869467,over,0.1440615026137122,False,2.2,-1.0
776554,677952,Braxton Ashcraft,5,3.5,-150.0,133.0,fanatics,betrivers,2025-08-28 14:15:39+00:00,2025-08-28 18:15:00+00:00,2025-08-28,5,3.751572745685314,Braxton Ashcraft,PIT,STL,0.5090298446652478,0.5829858215179317,0.029184549356223055,1.0,-0.1516169255579204,0.14396046192997258,under,0.14396046192997258,False,2.33,-1.0
776657,571578,Patrick Corbin,2,3.5,105.0,-120.0,fanatics,betmgm,2025-08-21 14:10:38+00:00,2025-08-21 18:10:00+00:00,2025-08-21,2,4.008071612919943,Patrick Corbin,TEX,KC,0.557986489177428,0.4721030042918455,0.03325942350332589,0.0,0.1438723028137272,-0.18964189682528454,over,0.1438723028137272,False,2.05,-1.0
776625,608379,Michael Wacha,4,4.5,130.0,-148.0,fanatics,fanduel,2025-08-23 18:10:39+00:00,2025-08-23 22:10:00+00:00,2025-08-23,4,4.696880708615619,Michael Wacha,KC,DET,0.49707304598517366,0.4214819850441876,0.03155680224403934,0.0,0.14326800576589926,-0.1572575365156964,over,0.14326800576589926,False,2.3,-1.0
777196,678394,Brayan Bello,10,5.5,124.0,-145.0,fanduel,draftkings,2025-07-08 19:10:38+00:00,2025-07-08 23:10:00+00:00,2025-07-08,10,5.788999086162125,Brayan Bello,BOS,COL,0.5103361295455414,0.42997542997543003,0.03826530612244894,1.0,0.14315293018201292,-0.1726369085424665,over,0.14315293018201292,True,2.24,1.2400000000000002
778087,680730,Mitchell Parker,1,4.5,126.0,-150.0,williamhill_us,fanduel,2025-05-02 18:05:39+00:00,2025-05-02 22:10:00+00:00,2025-05-02,1,4.747403386895209,Mitchell Parker,WSH,CIN,0.5058157112173812,0.42444821731748733,0.04247787610619458,0.0,0.14314350735128145,-0.1763595186956355,over,0.14314350735128145,False,2.26,-1.0
776191,700249,Cade Povich,4,5.5,155.0,-159.0,betrivers,betonlineag,2025-09-25 13:05:40+00:00,2025-09-25 17:05:00+00:00,2025-09-25,4,5.395372727520607,Cade Povich,BAL,TB,0.44828896696410225,0.3897960719391978,0.006056476644711983,0.0,0.14313686575846063,-0.1013008958723427,over,0.14313686575846063,False,2.55,-1.0
778016,656605,Mitch Keller,6,4.5,136.0,-162.0,fanduel,betrivers,2025-05-07 13:10:38+00:00,2025-05-07 17:15:00+00:00,2025-05-07,6,4.624184856494841,Mitch Keller,PIT,STL,0.48437310565769737,0.4066302458405761,0.042049424246344946,1.0,0.14312052935216601,-0.16608489927355996,over,0.14312052935216601,True,2.3600000000000003,1.3600000000000003
776368,693645,Cam Schlittler,7,5.5,-140.0,120.0,fanatics,draftkings,2025-09-11 19:05:39+00:00,2025-09-11 23:05:00+00:00,2025-09-11,7,5.597079659723391,Cam Schlittler,NYY,DET,0.4804362810845201,0.562043795620438,0.037878787878787845,1.0,-0.1763949467122512,0.14304018161405585,under,0.14304018161405585,False,2.2,-1.0
778090,656302,Dylan Cease,3,6.5,116.0,-130.0,fanduel,betmgm,2025-05-02 18:35:39+00:00,2025-05-02 22:40:00+00:00,2025-05-02,3,6.939806091815702,Dylan Cease,SD,PIT,0.5291840592575915,0.4502740798747064,0.028180354267310692,0.0,0.14303756799639777,-0.16701795099420036,over,0.14303756799639777,False,2.16,-1.0
778310,682990,Quinn Priester,4,4.5,-130.0,115.0,fanatics,draftkings,2025-04-15 18:00:38+00:00,2025-04-15 23:40:00+00:00,2025-04-15,4,4.533694604079402,Quinn Priester,MIL,DET,0.46837887663595046,0.5485770363101079,0.030333670374115274,0.0,-0.1713296797979338,0.14298541523270636,under,0.14298541523270636,True,2.15,1.15
777801,669022,MacKenzie Gore,9,6.5,-150.0,124.0,fanduel,betonlineag,2025-05-23 18:45:38+00:00,2025-05-23 22:45:00+00:00,2025-05-23,9,6.658489265637107,MacKenzie Gore,WSH,SF,0.48975163361747404,0.5733788395904437,0.046428571428571486,1.0,-0.18374727730421003,0.14295634069685814,under,0.14295634069685814,False,2.24,-1.0
776902,571510,Matthew Boyd,8,5.5,-150.0,120.0,betrivers,betmgm,2025-08-02 14:15:38+00:00,2025-08-02 18:20:00+00:00,2025-08-02,8,5.59860846684674,Matthew Boyd,CHC,BAL,0.4806772993337389,0.5689655172413793,0.05454545454545445,1.0,-0.1988711677771019,0.14250994146577445,under,0.14250994146577445,False,2.2,-1.0
777894,669387,Carmen Mlodzinski,2,3.5,130.0,-150.0,bovada,fanduel,2025-05-17 18:00:38+00:00,2025-05-17 22:05:00+00:00,2025-05-17,2,3.6892806293855016,Carmen Mlodzinski,PIT,PHI,0.4967214290903258,0.42016806722689076,0.034782608695652195,0.0,0.14245928690774923,-0.1612023818172097,over,0.14245928690774923,False,2.3,-1.0
778002,641793,Zack Littell,5,3.5,-130.0,112.0,draftkings,fanduel,2025-05-09 19:00:38+00:00,2025-05-09 23:05:00+00:00,2025-05-09,5,4.516143615404783,Zack Littell,TB,MIL,0.6457327351483872,0.5450949367088608,0.03691550451189496,1.0,0.14245022372406968,-0.24895339851458098,over,0.14245022372406968,True,1.7692307692307692,0.7692307692307692
777074,571760,Andrew Heaney,1,3.5,-130.0,120.0,fanatics,betmgm,2025-07-20 13:35:38+00:00,2025-07-20 17:35:00+00:00,2025-07-20,1,4.515746437858047,Andrew Heaney,PIT,CWS,0.6456692415438093,0.5542635658914729,0.019762845849802257,0.0,0.14233788888520116,-0.22047233139638045,over,0.14233788888520116,False,1.7692307692307692,-1.0
777642,702070,Noah Cameron,3,3.5,-116.0,110.0,betonlineag,betmgm,2025-06-05 13:45:37+00:00,2025-06-05 17:45:00+00:00,2025-06-05,3,4.319668453986093,Noah Cameron,KC,STL,0.613333908133872,0.5300261096605744,0.013227513227513255,0.0,0.14207003583548583,-0.18800120708113122,over,0.14207003583548583,False,1.8620689655172413,-1.0
777593,690928,Hunter Dobbins,0,3.5,-130.0,110.0,bovada,draftkings,2025-06-08 19:10:37+00:00,2025-06-08 23:10:00+00:00,2025-06-08,0,4.514657178026432,Hunter Dobbins,BOS,NYY,0.6454950684412277,0.5427435387673957,0.04140786749482395,0.0,0.14202973647294126,-0.2555396437265782,over,0.14202973647294126,False,1.7692307692307692,-1.0
776766,668909,Gavin Williams,4,5.5,-115.0,104.0,draftkings,fanduel,2025-08-13 18:35:39+00:00,2025-08-13 22:40:00+00:00,2025-08-13,4,5.3453137329329845,Gavin Williams,CLE,MIA,0.4402149935850057,0.521797153024911,0.025079799361604982,0.0,-0.17698935981933717,0.14196141308658827,under,0.14196141308658827,True,2.04,1.04
778167,664285,Framber Valdez,5,4.5,105.0,-110.0,draftkings,bovada,2025-04-26 19:05:38+00:00,2025-04-26 23:10:00+00:00,2025-04-26,5,5.052691354992206,Framber Valdez,HOU,KC,0.5570218118991226,0.48220436280137774,0.011614401858304202,1.0,0.14189471439320123,-0.15431436817105215,over,0.14189471439320123,True,2.05,1.0499999999999998
776883,688138,Logan Evans,3,3.5,-130.0,120.0,fanatics,fanduel,2025-08-03 16:10:38+00:00,2025-08-03 20:10:00+00:00,2025-08-03,3,4.514151784057415,Logan Evans,SEA,TEX,0.6454142349155465,0.5542635658914729,0.019762845849802257,0.0,0.1418867233121206,-0.21991131681420228,over,0.1418867233121206,False,1.7692307692307692,-1.0
776227,686218,Emmet Sheehan,10,6.5,120.0,-129.0,betrivers,draftkings,2025-09-21 16:05:38+00:00,2025-09-21 20:10:00+00:00,2025-09-21,10,5.754431303924275,Emmet Sheehan,LAD,SF,0.3567773845951262,0.4465678627145086,0.017864231838030875,1.0,-0.21508975389072227,0.14184479788927207,under,0.14184479788927207,False,1.7751937984496124,-1.0
778145,607192,Tyler Glasnow,0,6.5,-150.0,132.0,fanatics,betonlineag,2025-04-27 16:05:37+00:00,2025-04-27 20:10:00+00:00,2025-04-27,0,6.787591872901125,Tyler Glasnow,LAD,PIT,0.5080156767844471,0.5819397993311037,0.03103448275862064,0.0,-0.1533072053592548,0.1414036298600827,under,0.1414036298600827,True,2.3200000000000003,1.3200000000000003
777631,656849,David Peterson,6,4.5,115.0,-127.0,bovada,betrivers,2025-06-05 16:10:37+00:00,2025-06-05 20:10:00+00:00,2025-06-05,6,4.893883811066255,David Peterson,NYM,LAD,0.5307471513298092,0.453954604539546,0.02458764470853403,1.0,0.14110637535908976,-0.1612567193060369,over,0.14110637535908976,True,2.15,1.15
778419,663978,Chris Paddack,2,4.5,106.0,-130.0,fanduel,fanatics,2025-04-06 14:05:38+00:00,2025-04-06 18:10:00+00:00,2025-04-06,2,3.9143834311735692,Chris Paddack,MIN,HOU,0.355095448559406,0.4620329449578144,0.050654284508231395,0.0,-0.26850337596762364,0.14098497562566625,under,0.14098497562566625,True,1.7692307692307692,0.7692307692307692
778423,801403,Chase Dollander,6,3.5,-135.0,120.0,bovada,fanduel,2025-04-06 15:05:38+00:00,2025-04-06 19:10:00+00:00,2025-04-06,6,4.577294376741931,Chase Dollander,COL,ATH,0.6554110880446793,0.5582706766917294,0.029013539651837617,1.0,0.1409007828925899,-0.24190439369829442,over,0.1409007828925899,True,1.7407407407407407,0.7407407407407407
777723,519242,Chris Sale,8,6.5,-160.0,136.0,fanduel,betonlineag,2025-05-29 18:40:37+00:00,2025-05-29 22:45:00+00:00,2025-05-29,8,6.8487296708630945,Chris Sale,ATL,PHI,0.5165678413542132,0.5922208281053952,0.039113428943937434,1.0,-0.16057725779940357,0.14089989440405692,under,0.14089989440405692,False,2.3600000000000003,-1.0
778390,656731,Tylor Megill,7,6.5,116.0,-125.0,fanduel,betmgm,2025-04-09 13:05:38+00:00,2025-04-09 17:10:00+00:00,2025-04-09,7,5.818080310929355,Tylor Megill,NYM,MIA,0.36626950307238776,0.45454545454545453,0.0185185185185186,1.0,-0.20885787336364237,0.1407148944697021,under,0.1407148944697021,False,1.8,-1.0
777367,663903,Brady Singer,9,4.5,-150.0,130.0,bovada,draftkings,2025-06-25 19:10:37+00:00,2025-06-25 23:10:00+00:00,2025-06-25,9,4.737588584242051,Brady Singer,CIN,NYY,0.5041228555071764,0.5798319327731092,0.034782608695652195,1.0,-0.15979524082137275,0.14051743233349412,under,0.14051743233349412,False,2.3,-1.0
777360,601713,Nick Pivetta,10,5.5,-150.0,120.0,fanduel,fanatics,2025-06-25 16:05:37+00:00,2025-06-25 20:10:00+00:00,2025-06-25,10,5.604672147704539,Nick Pivetta,SD,WSH,0.4816328227779157,0.5689655172413793,0.05454545454545445,1.0,-0.1972786287034739,0.1404077898885856,under,0.1404077898885856,False,2.2,-1.0
777701,680684,Gunnar Hoglund,1,3.5,-112.0,-106.0,betonlineag,fanduel,2025-05-31 15:05:37+00:00,2025-05-31 19:07:00+00:00,2025-05-31,1,4.2563222254532755,Gunnar Hoglund,ATH,TOR,0.6024693810257805,0.5065870367117512,0.04286499358856943,0.0,0.1403884712273702,-0.22744049520104515,over,0.1403884712273702,False,1.8928571428571428,-1.0
778015,682990,Quinn Priester,3,3.5,-165.0,123.0,betrivers,betrivers,2025-05-07 13:05:38+00:00,2025-05-07 17:10:00+00:00,2025-05-07,3,3.649325792448167,Quinn Priester,MIL,HOU,0.4887472328288961,0.5813255391421123,0.07107200270750491,0.0,-0.21504232303237902,0.14009367079156165,under,0.14009367079156165,True,2.23,1.23
777570,669022,MacKenzie Gore,6,6.5,-109.0,-101.0,betrivers,betonlineag,2025-06-10 19:10:37+00:00,2025-06-10 23:10:00+00:00,2025-06-10,6,6.227804999470237,MacKenzie Gore,WSH,NYM,0.4271789836814865,0.5092984332140034,0.024018662667523616,0.0,-0.18091369184008554,0.13997053742595256,under,0.13997053742595256,True,1.99009900990099,0.9900990099009901
778130,656849,David Peterson,2,4.5,-122.0,105.0,fanduel,draftkings,2025-04-29 19:10:38+00:00,2025-04-29 23:10:00+00:00,2025-04-29,2,4.397359345160868,David Peterson,NYM,AZ,0.4439337531005363,0.5297606439313705,0.03735442759833019,0.0,-0.1921861214072208,0.13993580614390044,under,0.13993580614390044,True,2.05,1.0499999999999998
776741,608337,Lucas Giolito,5,4.5,-150.0,125.0,fanatics,draftkings,2025-08-15 19:10:38+00:00,2025-08-15 23:10:00+00:00,2025-08-15,5,4.675723542819685,Lucas Giolito,BOS,MIA,0.4933912405218611,0.574468085106383,0.04444444444444429,1.0,-0.17768126579689825,0.1398697088258125,under,0.1398697088258125,False,2.25,-1.0
777627,621111,Walker Buehler,2,4.5,100.0,-105.0,betrivers,draftkings,2025-06-06 19:05:37+00:00,2025-06-06 23:05:00+00:00,2025-06-06,2,4.244944924270808,Walker Buehler,BOS,NYY,0.4161928490656371,0.4939759036144578,0.012195121951219523,0.0,-0.16761430186872583,0.13981396134804203,under,0.13981396134804203,True,1.9523809523809523,0.9523809523809523
776174,701542,Will Warren,7,5.5,130.0,-180.0,betrivers,betrivers,2025-09-26 19:05:42+00:00,2025-09-26 23:05:00+00:00,2025-09-26,7,5.6932840002290215,Will Warren,NYY,BAL,0.49551678468153915,0.4034582132564841,0.07763975155279512,1.0,0.13968860476753986,-0.21524833172683866,over,0.13968860476753986,True,2.3,1.2999999999999998
777782,607536,Kyle Freeland,3,3.5,-117.0,105.0,betrivers,draftkings,2025-05-24 16:10:38+00:00,2025-05-24 20:10:00+00:00,2025-05-24,3,4.326086871631317,Kyle Freeland,COL,NYY,0.6144234430240574,0.5250082083834957,0.02697538496122287,0.0,0.13957168492496108,-0.20956805819931767,over,0.13957168492496108,False,1.8547008547008548,-1.0
778173,695418,Brad Lord,3,2.5,-190.0,140.0,betrivers,betrivers,2025-04-26 16:00:38+00:00,2025-04-26 20:05:00+00:00,2025-04-26,3,3.999596760237934,Brad Lord,WSH,NYM,0.7465954382020838,0.6112600536193029,0.07183908045977017,1.0,0.13954040567686476,-0.39182905168500126,over,0.13954040567686476,True,1.526315789473684,0.5263157894736841
776401,680694,Kyle Bradish,6,5.5,-149.0,120.0,betonlineag,betrivers,2025-09-09 18:35:40+00:00,2025-09-09 22:35:00+00:00,2025-09-09,6,5.6078733809649375,Kyle Bradish,BAL,PIT,0.48213700412637606,0.5683079056865465,0.05293902884264323,1.0,-0.19428111390961322,0.13929859092197283,under,0.13929859092197283,False,2.2,-1.0
776904,596295,Austin Gomber,5,3.5,115.0,-135.0,fanatics,draftkings,2025-08-02 15:10:38+00:00,2025-08-02 19:10:00+00:00,2025-08-02,5,3.8589943531418673,Austin Gomber,COL,PIT,0.5298823148674324,0.447405997144217,0.03958436417615041,1.0,0.13924697696497956,-0.181646992547012,over,0.13924697696497956,True,2.15,1.15
776831,669372,J.T. Ginn,9,4.5,120.0,-145.0,bovada,draftkings,2025-08-08 19:05:39+00:00,2025-08-08 23:05:00+00:00,2025-08-08,9,4.817479501043937,J.T. Ginn,ATH,BAL,0.5178223447552567,0.43439716312056736,0.04638218923933213,1.0,0.1392091584615649,-0.1852860307933647,over,0.1392091584615649,True,2.2,1.2000000000000002
777768,622608,Antonio Senzatela,4,2.5,-134.0,120.0,fanduel,betmgm,2025-05-25 15:10:38+00:00,2025-05-25 19:10:00+00:00,2025-05-25,4,3.4217236350468547,Antonio Senzatela,COL,NYY,0.6523487321411818,0.5574886535552194,0.0271950271950272,1.0,0.13917614418683977,-0.23516721071059998,over,0.13917614418683977,True,1.7462686567164178,0.7462686567164178
778342,666142,Cole Ragans,10,6.5,-102.0,-120.0,fanduel,betmgm,2025-04-13 13:35:38+00:00,2025-04-13 17:40:00+00:00,2025-04-13,10,5.902333753353072,Cole Ragans,KC,CLE,0.3788367394176012,0.48071979434447304,0.05040504050405037,1.0,-0.24975469252592697,0.13879931106773125,under,0.13879931106773125,False,1.8333333333333335,-1.0
777101,607067,Colin Rea,5,4.5,115.0,-120.0,betmgm,draftkings,2025-07-18 14:20:38+00:00,2025-07-18 18:20:00+00:00,2025-07-18,5,4.887414260302158,Colin Rea,CHC,BOS,0.5296596619968159,0.46025104602510464,0.010570824524312794,1.0,0.1387682732931541,-0.1377093803274958,over,0.1387682732931541,True,2.15,1.15
776359,594798,Jacob deGrom,2,5.5,-160.0,128.0,draftkings,fanduel,2025-09-12 19:10:40+00:00,2025-09-12 23:10:00+00:00,2025-09-12,2,5.7256667509244465,Jacob deGrom,TEX,NYM,0.500551900262823,0.5838668373879642,0.053981106612685625,0.0,-0.1866031620729126,0.13874166740076355,under,0.13874166740076355,True,2.2800000000000002,1.2800000000000002
777878,656849,David Peterson,4,4.5,-155.0,130.0,draftkings,betmgm,2025-05-18 19:05:37+00:00,2025-05-18 23:10:00+00:00,2025-05-18,4,4.742688278199749,David Peterson,NYM,NYY,0.5050027875001399,0.5829926410466066,0.04262574595055413,0.0,-0.1691889624997699,0.1384935887496781,under,0.1384935887496781,True,2.3,1.2999999999999998
777481,615698,Cal Quantrill,2,3.5,-130.0,110.0,fanatics,draftkings,2025-06-17 18:40:37+00:00,2025-06-17 22:10:00+00:00,2025-06-17,2,3.497275850816499,Cal Quantrill,MIA,PHI,0.45787452052785227,0.5427435387673957,0.04140786749482395,0.0,-0.1899143098353383,0.13846350689151032,under,0.13846350689151032,True,2.1,1.1
776589,700241,Michael McGreevy,7,4.5,135.0,-164.0,betmgm,fanduel,2025-08-25 19:40:39+00:00,2025-08-25 23:45:00+00:00,2025-08-25,7,4.624088732141552,Michael McGreevy,STL,PIT,0.4843562221746488,0.4065291037881121,0.046744036105738296,1.0,0.13823712211042483,-0.16993928447626383,over,0.13823712211042483,True,2.35,1.35
778366,663436,Davis Martin,6,4.5,118.0,-140.0,betonlineag,fanduel,2025-04-11 19:35:39+00:00,2025-04-11 23:40:00+00:00,2025-04-11,6,4.84277922211758,Davis Martin,CWS,BOS,0.5221217250101559,0.4402054292002935,0.042048929663608625,1.0,0.13822536052213952,-0.18078010001740996,over,0.13822536052213952,True,2.1799999999999997,1.1799999999999997
777175,607192,Tyler Glasnow,5,5.5,-110.0,-105.0,betmgm,bovada,2025-07-09 14:10:37+00:00,2025-07-09 18:10:00+00:00,2025-07-09,5,5.203145123495982,Tyler Glasnow,LAD,MIL,0.4171178413851396,0.5056053811659194,0.03600464576074325,0.0,-0.20368412099200628,0.13800802396234668,under,0.13800802396234668,True,1.9523809523809523,0.9523809523809523
778406,519242,Chris Sale,5,6.5,-155.0,140.0,betmgm,betrivers,2025-04-08 19:10:39+00:00,2025-04-08 23:15:00+00:00,2025-04-08,5,6.915992067973348,Chris Sale,ATL,PHI,0.5258999857682154,0.5933014354066986,0.02450980392156854,0.0,-0.13480970083293609,0.1378400341562831,under,0.1378400341562831,True,2.4,1.4
776740,607259,Nick Martinez,1,3.5,-115.0,-105.0,fanatics,bovada,2025-08-15 18:40:38+00:00,2025-08-15 22:40:00+00:00,2025-08-15,1,4.291927824165922,Nick Martinez,CIN,MIL,0.608600959263965,0.5108342361863488,0.04707884288145214,0.0,0.13781918471089094,-0.23583996808678875,over,0.13781918471089094,False,1.8695652173913042,-1.0
777409,641793,Zack Littell,5,4.5,105.0,-120.0,fanatics,betmgm,2025-06-22 12:10:37+00:00,2025-06-22 16:10:00+00:00,2025-06-22,5,5.039126728448473,Zack Littell,TB,DET,0.5548098872562082,0.4721030042918455,0.03325942350332589,1.0,0.13736026887522668,-0.18381812663638153,over,0.13736026887522668,True,2.05,1.0499999999999998
777492,571945,Miles Mikolas,7,3.5,128.0,-140.0,fanduel,draftkings,2025-06-15 14:10:37+00:00,2025-06-15 18:10:00+00:00,2025-06-15,7,3.699606214143612,Miles Mikolas,STL,MIL,0.4987722548956439,0.4291845493562232,0.021929824561403466,1.0,0.13720074116206815,-0.1407524369639609,over,0.13720074116206815,True,2.2800000000000002,1.2800000000000002
776181,663554,Casey Mize,8,4.5,128.0,-135.0,draftkings,bovada,2025-09-26 19:10:40+00:00,2025-09-26 23:10:00+00:00,2025-09-26,8,4.706456482265463,Casey Mize,DET,BOS,0.4987354715646379,0.4329403095062638,0.013064576334453237,1.0,0.13711687516737459,-0.12742841346436973,over,0.13711687516737459,True,2.2800000000000002,1.2800000000000002
778456,663372,Ryan Feltner,4,4.5,-112.0,-109.0,fanduel,betrivers,2025-04-04 16:05:39+00:00,2025-04-04 20:10:00+00:00,2025-04-04,4,4.194904442081323,Ryan Feltner,COL,ATH,0.40700852042396446,0.5032246968784934,0.04983298727092178,0.0,-0.22959101491178158,0.13702035992102246,under,0.13702035992102246,True,1.9174311926605505,0.9174311926605505
777942,680885,Spencer Schwellenbach,3,5.5,-105.0,100.0,betmgm,draftkings,2025-05-13 19:10:38+00:00,2025-05-13 23:15:00+00:00,2025-05-13,3,5.291472709589107,Spencer Schwellenbach,ATL,WSH,0.4314948855349014,0.5060240963855421,0.012195121951219523,0.0,-0.15755760443185918,0.1370102289301971,under,0.1370102289301971,True,2.0,1.0
776738,676282,Joey Cantillo,5,4.5,-137.0,130.0,betrivers,betmgm,2025-08-15 19:10:38+00:00,2025-08-15 23:10:00+00:00,2025-08-15,5,5.717380036812357,Joey Cantillo,CLE,ATL,0.6572580801883304,0.5707299402282195,0.012841680425609958,1.0,0.13700850368346207,-0.21169358443316,over,0.13700850368346207,True,1.72992700729927,0.7299270072992701
776269,669358,Shane Baz,4,4.5,-120.0,111.0,betmgm,draftkings,2025-09-18 13:05:39+00:00,2025-09-18 17:10:00+00:00,2025-09-18,4,4.494023986941294,Shane Baz,TB,TOR,0.4613066779766544,0.5350803043110736,0.01938819474364495,0.0,-0.1542710903761335,0.1366429094692594,under,0.1366429094692594,True,2.1100000000000003,1.1100000000000003
776284,671737,Taj Bradley,4,4.5,-182.0,132.0,betrivers,betrivers,2025-09-17 19:35:39+00:00,2025-09-17 23:40:00+00:00,2025-09-17,4,4.772186448333705,Taj Bradley,MIN,NYY,0.5100781622574678,0.5995683289787572,0.07642455368060652,0.0,-0.20965911122743996,0.1366186635626747,under,0.1366186635626747,True,2.3200000000000003,1.3200000000000003
777077,601713,Nick Pivetta,5,5.5,-150.0,130.0,fanatics,fanduel,2025-07-20 13:35:38+00:00,2025-07-20 17:35:00+00:00,2025-07-20,5,5.759897911288507,Nick Pivetta,SD,WSH,0.5058508488438184,0.5798319327731092,0.034782608695652195,0.0,-0.15691525192696942,0.13654304765921776,under,0.13654304765921776,True,2.3,1.2999999999999998
777528,605280,Clay Holmes,3,5.5,130.0,-158.0,draftkings,fanduel,2025-06-13 19:10:37+00:00,2025-06-13 23:10:00+00:00,2025-06-13,3,5.684013807396654,Clay Holmes,NYM,TB,0.494071478240495,0.4151915030576119,0.04718570947084588,0.0,0.13636439995313854,-0.17386355307625134,over,0.13636439995313854,False,2.3,-1.0
778421,694477,Chad Patrick,4,4.5,100.0,-118.0,betrivers,fanduel,2025-04-06 14:05:38+00:00,2025-04-06 18:10:00+00:00,2025-04-06,4,5.12121827197978,Chad Patrick,MIL,CIN,0.5681006153599457,0.48017621145374445,0.041284403669724856,0.0,0.13620123071989143,-0.2020841876988828,over,0.13620123071989143,False,2.0,-1.0
776528,656427,Jack Flaherty,4,4.5,-115.0,-105.0,draftkings,fanatics,2025-08-30 19:15:38+00:00,2025-08-30 23:15:00+00:00,2025-08-30,4,5.375309593153946,Jack Flaherty,DET,KC,0.6077288520433803,0.5108342361863488,0.04707884288145214,0.0,0.13618872338545018,-0.2341372825608854,over,0.13618872338545018,False,1.8695652173913042,-1.0
777296,656876,Drew Rasmussen,2,4.5,-190.0,138.0,betrivers,betrivers,2025-06-30 19:35:37+00:00,2025-06-30 23:35:00+00:00,2025-06-30,2,4.846106467062479,Drew Rasmussen,TB,ATH,0.5226857209255723,0.6092697386149285,0.07534048101999424,0.0,-0.2022165312188634,0.13600798419713778,under,0.13600798419713778,True,2.38,1.38
777966,645261,Sandy Alcantara,8,4.5,-150.0,123.0,fanduel,betrivers,2025-05-11 14:05:37+00:00,2025-05-11 18:10:00+00:00,2025-05-11,8,4.659887864482997,Sandy Alcantara,MIA,CWS,0.49062769974964043,0.5722840034217279,0.04843049327354265,1.0,-0.18228716708393267,0.13590022955830205,under,0.13590022955830205,False,2.23,-1.0
777679,669203,Corbin Burnes,6,5.5,115.0,-130.0,draftkings,betrivers,2025-06-01 16:10:36+00:00,2025-06-01 20:10:00+00:00,2025-06-01,6,4.843324260323143,Corbin Burnes,AZ,WSH,0.3579846237563155,0.45142296368989204,0.030333670374115274,1.0,-0.23033305892392164,0.13587335796959543,under,0.13587335796959543,False,1.7692307692307692,-1.0
776799,640455,Sean Manaea,5,4.5,-122.0,105.0,betrivers,betmgm,2025-08-10 14:10:38+00:00,2025-08-10 18:10:00+00:00,2025-08-10,5,5.485350187487537,Sean Manaea,NYM,MIL,0.624151572359342,0.5297606439313705,0.03735442759833019,1.0,0.1357512218342125,-0.22951072333665123,over,0.1357512218342125,True,1.819672131147541,0.819672131147541
777419,690990,Cade Horton,2,4.5,105.0,-112.0,bovada,betrivers,2025-06-21 14:20:37+00:00,2025-06-21 18:20:00+00:00,2025-06-21,2,5.033863202821897,Cade Horton,CHC,SEA,0.5539499240212749,0.48007246376811596,0.01610676484123319,0.0,0.13559734424361336,-0.1556909276116989,over,0.13559734424361336,False,2.05,-1.0
776917,500779,Jose Quintana,4,4.5,124.0,-135.0,fanduel,betmgm,2025-08-01 18:40:38+00:00,2025-08-01 22:45:00+00:00,2025-08-01,4,3.8742720638743533,Jose Quintana,MIL,WSH,0.34764511537815745,0.4372906587272051,0.020896656534954428,0.0,-0.22127494155292726,0.13558072508246655,under,0.13558072508246655,True,1.7407407407407407,0.7407407407407407
777217,695505,Chase Burns,7,4.5,-111.0,-105.0,fanduel,draftkings,2025-07-06 13:35:37+00:00,2025-07-06 17:35:00+00:00,2025-07-06,7,4.2567906262398445,Chase Burns,CIN,PHI,0.41836204023368406,0.5066800267201069,0.03826147266211999,1.0,-0.20473522081705098,0.13557887382947387,under,0.13557887382947387,False,1.9523809523809523,-1.0
778023,656550,Grant Holmes,5,5.5,-115.0,110.0,draftkings,betonlineag,2025-05-07 19:10:38+00:00,2025-05-07 23:15:00+00:00,2025-05-07,5,5.464143752907796,Grant Holmes,ATL,CIN,0.4593228195388767,0.5290251916757941,0.011074197120708673,0.0,-0.14126603303601315,0.1354220789683589,under,0.1354220789683589,True,2.1,1.1
776352,571510,Matthew Boyd,1,5.5,-116.0,117.0,draftkings,betrivers,2025-09-12 14:20:40+00:00,2025-09-12 18:20:00+00:00,2025-09-12,1,5.574539083899552,Matthew Boyd,CHC,TB,0.47687780045115397,0.5381852390318994,-0.0021334698754053028,0.0,-0.11202064743578233,0.1351751730209958,under,0.1351751730209958,True,2.17,1.17
778196,676979,Garrett Crochet,9,7.5,100.0,-105.0,betonlineag,draftkings,2025-04-24 13:30:39+00:00,2025-04-24 17:35:00+00:00,2025-04-24,9,7.129654337189169,Garrett Crochet,BOS,SEA,0.4185787495153811,0.4939759036144578,0.012195121951219523,1.0,-0.1628425009692378,0.1351557747556844,under,0.1351557747556844,False,1.9523809523809523,-1.0
778277,666142,Cole Ragans,8,7.5,-105.0,-113.0,bovada,fanduel,2025-04-18 18:35:39+00:00,2025-04-18 22:40:00+00:00,2025-04-18,8,6.977427674782901,Cole Ragans,KC,DET,0.39782684233977156,0.49121458379090716,0.04271155387610204,1.0,-0.2232904506699699,0.13506975735954585,under,0.13506975735954585,False,1.8849557522123894,-1.0
777123,663623,Jake Irvin,5,3.5,-125.0,107.0,fanatics,betrivers,2025-07-13 14:10:37+00:00,2025-07-13 18:10:00+00:00,2025-07-13,5,4.422747318847185,Jake Irvin,WSH,MIL,0.6305783108429448,0.5348837209302326,0.03864734299516903,1.0,0.13504095951730077,-0.23529710344489563,over,0.13504095951730077,True,1.8,0.8
777385,695505,Chase Burns,8,4.5,-160.0,136.0,betmgm,fanduel,2025-06-24 19:10:37+00:00,2025-06-24 23:10:00+00:00,2025-06-24,8,4.825733826574567,Chase Burns,CIN,NYY,0.5192271684742251,0.5922208281053952,0.039113428943937434,1.0,-0.15625585122938412,0.1346238824008288,under,0.1346238824008288,False,2.3600000000000003,-1.0
777193,694819,Jacob Misiorowski,12,4.5,-165.0,125.0,fanatics,fanatics,2025-07-08 19:35:38+00:00,2025-07-08 23:40:00+00:00,2025-07-08,12,4.689268729513826,Jacob Misiorowski,MIL,LAD,0.495749779477194,0.5834970530451867,0.06708595387840655,1.0,-0.20379580871844605,0.1345629961763135,under,0.1345629961763135,False,2.25,-1.0
777748,624133,Ranger Suarez,8,4.5,-190.0,140.0,betrivers,betrivers,2025-05-27 18:45:37+00:00,2025-05-27 22:45:00+00:00,2025-05-27,8,4.873338931006557,Ranger Suarez,PHI,ATL,0.5272892163542868,0.6112600536193029,0.07183908045977017,1.0,-0.19519014345924646,0.13450588074971148,under,0.13450588074971148,False,2.4,-1.0
777233,666157,Nick Lodolo,8,4.5,-186.0,133.0,betrivers,betrivers,2025-07-05 16:05:37+00:00,2025-07-05 20:05:00+00:00,2025-07-05,8,4.789938369052354,Nick Lodolo,CIN,PHI,0.5131205027135051,0.6024354305096056,0.07953419970587339,1.0,-0.21100825926848144,0.13442922867753326,under,0.13442922867753326,False,2.33,-1.0
777790,608337,Lucas Giolito,6,5.5,104.0,-130.0,fanduel,fanduel,2025-05-24 18:35:38+00:00,2025-05-24 22:35:00+00:00,2025-05-24,6,4.848426161948754,Lucas Giolito,BOS,BAL,0.3588256683224427,0.4644588045234249,0.055413469735720255,1.0,-0.2679956366222168,0.1343853560449091,under,0.1343853560449091,False,1.7692307692307692,-1.0
777716,605135,Chris Bassitt,6,5.5,-105.0,-114.0,betmgm,betonlineag,2025-05-30 19:05:37+00:00,2025-05-30 23:07:00+00:00,2025-05-30,6,5.072378964272914,Chris Bassitt,TOR,ATH,0.395702888003707,0.49018324607329844,0.04490540232505125,1.0,-0.22743721865942923,0.13438229795795364,under,0.13438229795795364,False,1.8771929824561404,-1.0
776223,686752,Ryan Pepiot,3,4.5,-118.0,100.0,betmgm,draftkings,2025-09-23 18:30:40+00:00,2025-09-23 22:35:00+00:00,2025-09-23,3,5.417046308506494,Ryan Pepiot,TB,BAL,0.6140115522004739,0.5198237885462554,0.041284403669724856,0.0,0.13436032525172292,-0.22802310440094775,over,0.13436032525172292,False,1.847457627118644,-1.0
776443,808967,Yoshinobu Yamamoto,10,6.5,-152.0,120.0,betonlineag,draftkings,2025-09-06 19:00:38+00:00,2025-09-06 23:05:00+00:00,2025-09-06,10,6.6213374365670195,Yoshinobu Yamamoto,LAD,BAL,0.48444749357487193,0.5702592087312415,0.057720057720057616,1.0,-0.19683705012587016,0.13421551413528188,under,0.13421551413528188,False,2.2,-1.0
778233,607200,Erick Fedde,3,3.5,-155.0,126.0,betmgm,fanduel,2025-04-21 19:10:38+00:00,2025-04-21 23:15:00+00:00,2025-04-21,3,4.802656091961416,Erick Fedde,STL,ATL,0.6894061920684149,0.5787212952255081,0.05032101336109651,0.0,0.1341843804996503,-0.29805799407461775,over,0.1341843804996503,False,1.6451612903225805,-1.0
777188,650644,Aaron Civale,0,3.5,135.0,-145.0,bovada,betmgm,2025-07-08 19:40:37+00:00,2025-07-08 23:40:00+00:00,2025-07-08,0,3.618759689474439,Aaron Civale,CWS,TOR,0.4826064457384986,0.41826717883055914,0.01736864958749451,0.0,0.13412514748547166,-0.12578330486849765,over,0.13412514748547166,False,2.35,-1.0
777489,656849,David Peterson,3,5.5,125.0,-157.0,betmgm,betrivers,2025-06-17 19:15:37+00:00,2025-06-17 23:15:00+00:00,2025-06-17,3,5.748054285908533,David Peterson,NYM,ATL,0.5040202501740928,0.4211388775092175,0.055339386078685715,0.0,0.13404556289170877,-0.1881095814951711,over,0.13404556289170877,False,2.25,-1.0
777071,518876,Merrill Kelly,5,5.5,125.0,-128.0,draftkings,fanduel,2025-07-20 16:10:38+00:00,2025-07-20 20:10:00+00:00,2025-07-20,5,4.875831918652552,Merrill Kelly,AZ,STL,0.3633436490900147,0.4418604651162791,0.005847953216374213,0.0,-0.18247678954746693,0.13404412505841123,under,0.13404412505841123,True,1.78125,0.78125
778187,669713,Hayden Wesneski,1,4.5,115.0,-132.0,betmgm,fanduel,2025-04-25 19:35:38+00:00,2025-04-25 23:40:00+00:00,2025-04-25,1,4.874181181821089,Hayden Wesneski,HOU,KC,0.5274312327569449,0.44978673904614186,0.03408179631114683,0.0,0.13397715042743163,-0.1694245909061456,over,0.13397715042743163,False,2.15,-1.0
776332,672456,Keider Montero,5,2.5,-160.0,134.0,betmgm,draftkings,2025-09-14 13:40:38+00:00,2025-09-14 17:40:00+00:00,2025-09-14,5,3.682225535491888,Keider Montero,DET,MIA,0.6978189168555684,0.5901639344262295,0.042735042735042805,1.0,0.13395573989029863,-0.29289626544203007,over,0.13395573989029863,True,1.625,0.625
777341,656849,David Peterson,5,5.5,135.0,-160.0,betrivers,fanatics,2025-06-27 18:40:38+00:00,2025-06-27 22:40:00+00:00,2025-06-27,5,5.610256747240218,David Peterson,NYM,PIT,0.4825122514679491,0.4088050314465409,0.04091653027823239,0.0,0.13390379094968052,-0.15908240863541745,over,0.13390379094968052,False,2.35,-1.0
778074,641793,Zack Littell,3,3.5,-120.0,110.0,bovada,draftkings,2025-05-03 13:00:38+00:00,2025-05-03 17:05:00+00:00,2025-05-03,3,4.349609243896637,Zack Littell,TB,NYY,0.6183985489685049,0.5338983050847457,0.02164502164502169,0.0,0.1337306731089256,-0.19863695283386018,over,0.1337306731089256,False,1.8333333333333335,-1.0
777346,656302,Dylan Cease,8,6.5,-145.0,123.0,mybookieag,betonlineag,2025-06-27 19:10:37+00:00,2025-06-27 23:10:00+00:00,2025-06-27,8,6.672685027613388,Dylan Cease,SD,CIN,0.49177284886045597,0.5689275974311604,0.040267227967420105,1.0,-0.16907346227026399,0.13334654704118298,under,0.13334654704118298,False,2.23,-1.0
776416,678906,Kai-Wei Teng,8,4.5,100.0,-112.0,betmgm,fanduel,2025-09-07 14:15:38+00:00,2025-09-07 18:15:00+00:00,2025-09-07,8,4.164271737022633,Kai-Wei Teng,SF,STL,0.4013709530544662,0.4862385321100918,0.028301886792452713,1.0,-0.19725809389106763,0.13311926743261737,under,0.13311926743261737,False,1.8928571428571428,-1.0
776789,656302,Dylan Cease,7,7.5,110.0,-125.0,fanduel,draftkings,2025-08-10 16:10:38+00:00,2025-08-10 20:10:00+00:00,2025-08-10,7,6.777972593173625,Dylan Cease,SD,BOS,0.37054989115221426,0.46153846153846156,0.03174603174603163,0.0,-0.22184522858035005,0.13301019592601437,under,0.13301019592601437,True,1.8,0.8
778131,554430,Zack Wheeler,7,6.5,-110.0,-105.0,betmgm,draftkings,2025-04-29 18:45:40+00:00,2025-04-29 22:45:00+00:00,2025-04-29,7,6.1771870721606845,Zack Wheeler,PHI,WSH,0.419699461044966,0.5056053811659194,0.03600464576074325,1.0,-0.19875557436870117,0.13296771891220915,under,0.13296771891220915,False,1.9523809523809523,-1.0
777284,592866,Trevor Williams,4,3.5,-140.0,120.0,draftkings,fanduel,2025-07-02 13:00:38+00:00,2025-07-02 17:05:00+00:00,2025-07-02,4,4.610599587836017,Trevor Williams,WSH,DET,0.6606008581000413,0.562043795620438,0.037878787878787845,1.0,0.13245861388578528,-0.2533218878200908,over,0.13245861388578528,True,1.7142857142857144,0.7142857142857144
777205,694973,Paul Skenes,10,7.5,115.0,-120.0,betmgm,bovada,2025-07-06 16:10:37+00:00,2025-07-06 20:10:00+00:00,2025-07-06,10,6.863923172680775,Paul Skenes,PIT,SEA,0.38230914025359375,0.46025104602510464,0.010570824524312794,1.0,-0.17803534845477342,0.13243324286841163,under,0.13243324286841163,False,1.8333333333333335,-1.0
776492,678906,Kai-Wei Teng,8,3.5,-138.0,115.0,fanduel,betmgm,2025-09-01 16:10:38+00:00,2025-09-01 20:10:00+00:00,2025-09-01,8,4.584613827669477,Kai-Wei Teng,SF,COL,0.656556566952113,0.554890592855807,0.044948211842876784,1.0,0.1323221951782818,-0.2615966189470429,over,0.1323221951782818,True,1.7246376811594204,0.7246376811594204
777594,690990,Cade Horton,6,4.5,116.0,-145.0,fanduel,fanatics,2025-06-08 13:40:37+00:00,2025-06-08 17:40:00+00:00,2025-06-08,6,4.855182907546204,Cade Horton,CHC,DET,0.5242225509054531,0.4389107846649946,0.05479969765684056,1.0,0.13232070995577883,-0.19610017221955867,over,0.13232070995577883,True,2.16,1.1600000000000001
777945,671096,Andrew Abbott,7,5.5,120.0,-125.0,betrivers,draftkings,2025-05-13 18:35:38+00:00,2025-05-13 22:40:00+00:00,2025-05-13,7,4.922508279975136,Andrew Abbott,CIN,CWS,0.37103772173643756,0.44999999999999996,0.010101010101010166,1.0,-0.18371701217983727,0.13213210087441252,under,0.13213210087441252,False,1.8,-1.0
777258,663623,Jake Irvin,4,4.5,125.0,-144.0,betmgm,fanduel,2025-07-03 18:45:37+00:00,2025-07-03 22:45:00+00:00,2025-07-03,4,4.731922201311702,Jake Irvin,WSH,DET,0.5031442907023629,0.4295774647887324,0.03460837887067392,0.0,0.13207465408031638,-0.15810560369011495,over,0.13207465408031638,False,2.25,-1.0
776307,669022,MacKenzie Gore,5,5.5,114.0,-125.0,draftkings,fanatics,2025-09-16 18:40:39+00:00,2025-09-16 22:45:00+00:00,2025-09-16,5,5.9109361645839655,MacKenzie Gore,WSH,ATL,0.528925391990538,0.45685279187817257,0.022845275181723856,0.0,0.13190033885975128,-0.1520657055829684,over,0.13190033885975128,False,2.1399999999999997,-1.0
778156,608331,Max Fried,3,4.5,-125.0,110.0,fanatics,betrivers,2025-04-27 13:30:37+00:00,2025-04-27 17:35:00+00:00,2025-04-27,3,5.516126631958178,Max Fried,NYY,TOR,0.6286624221093267,0.5384615384615385,0.03174603174603163,0.0,0.13159235979678807,-0.22019108642958596,over,0.13159235979678807,False,1.8,-1.0
776443,669432,Trevor Rogers,6,5.5,135.0,-150.0,betrivers,bovada,2025-09-06 19:00:38+00:00,2025-09-06 23:05:00+00:00,2025-09-06,6,5.6038019161363355,Trevor Rogers,BAL,LAD,0.481495732074169,0.41493775933609955,0.025531914893617058,1.0,0.13151497037429727,-0.13582622012361523,over,0.13151497037429727,True,2.35,1.35
778434,607192,Tyler Glasnow,2,6.5,-150.0,143.0,draftkings,betrivers,2025-04-06 13:30:38+00:00,2025-04-06 17:35:00+00:00,2025-04-06,2,6.978688785293554,Tyler Glasnow,LAD,PHI,0.5345231514265878,0.5931651749389748,0.011522633744855959,0.0,-0.10912808095568705,0.13110874203339162,under,0.13110874203339162,True,2.4299999999999997,1.4299999999999997
776225,680573,Simeon Woods Richardson,3,4.5,-130.0,110.0,fanatics,bovada,2025-09-21 14:10:39+00:00,2025-09-21 18:10:00+00:00,2025-09-21,3,4.4946264123697475,Simeon Woods Richardson,MIN,CLE,0.46141433554176625,0.5427435387673957,0.04140786749482395,0.0,-0.18365156019533668,0.13102989536229082,under,0.13102989536229082,True,2.1,1.1
778108,680573,Simeon Woods Richardson,4,4.5,122.0,-140.0,fanduel,draftkings,2025-05-01 13:05:38+00:00,2025-05-01 17:10:00+00:00,2025-05-01,4,3.8350949969678787,Simeon Woods Richardson,MIN,CLE,0.3403696805591265,0.4357298474945534,0.03378378378378377,0.0,-0.2443793091587393,0.13079483332721176,under,0.13079483332721176,True,1.7142857142857144,0.7142857142857144
777753,669160,Dustin May,9,4.5,-125.0,117.0,betonlineag,betrivers,2025-05-27 18:10:37+00:00,2025-05-27 22:10:00+00:00,2025-05-27,9,4.593354539831409,Dustin May,LAD,CLE,0.47894613948438086,0.5465994962216625,0.016385048643113187,1.0,-0.13789694892811444,0.1306868773188936,under,0.1306868773188936,False,2.17,-1.0
777857,622491,Luis Castillo,5,5.5,-105.0,-105.0,betrivers,draftkings,2025-05-19 19:35:37+00:00,2025-05-19 23:40:00+00:00,2025-05-19,5,5.226174555894028,Luis Castillo,SEA,CWS,0.4208741574309624,0.5,0.024390243902439046,0.0,-0.1782933116824068,0.1306742640633589,under,0.1306742640633589,True,1.9523809523809523,0.9523809523809523
777343,686752,Ryan Pepiot,1,5.5,-148.0,115.0,betrivers,fanatics,2025-06-27 19:05:37+00:00,2025-06-27 23:05:00+00:00,2025-06-27,1,5.5574875440718525,Ryan Pepiot,TB,BAL,0.4741798268406293,0.5619922288943836,0.06189047261815461,0.0,-0.2054283982670536,0.13051337229264703,under,0.13051337229264703,True,2.15,1.15
777605,676979,Garrett Crochet,9,7.5,-132.0,115.0,betonlineag,draftkings,2025-06-07 19:30:37+00:00,2025-06-07 23:35:00+00:00,2025-06-07,9,7.543363759848372,Garrett Crochet,BOS,NYY,0.47422381857324175,0.550213260953858,0.03408179631114683,1.0,-0.16651571281066602,0.1304187900675302,under,0.1304187900675302,False,2.15,-1.0
776922,686613,Hunter Brown,6,6.5,120.0,-137.0,bovada,betrivers,2025-08-01 19:10:39+00:00,2025-08-01 23:10:00+00:00,2025-08-01,6,6.828906814385798,Hunter Brown,HOU,BOS,0.5138020829859995,0.44019316493313515,0.03260452627541244,0.0,0.13036458256919903,-0.1589130924648312,over,0.13036458256919903,False,2.2,-1.0
778393,656550,Grant Holmes,6,4.5,-150.0,135.0,draftkings,bovada,2025-04-09 19:10:39+00:00,2025-04-09 23:15:00+00:00,2025-04-09,6,4.824449479887427,Grant Holmes,ATL,PHI,0.519008715546988,0.5850622406639003,0.025531914893617058,1.0,-0.13498547408835337,0.1303295184645783,under,0.1303295184645783,False,2.35,-1.0
778159,592662,Robbie Ray,8,5.5,105.0,-112.0,bovada,fanduel,2025-04-26 16:00:38+00:00,2025-04-26 20:05:00+00:00,2025-04-26,8,5.116086313705905,Robbie Ray,SF,TEX,0.40287501729054254,0.48007246376811596,0.01610676484123319,1.0,-0.1741062145543879,0.13027228870004448,under,0.13027228870004448,False,1.8928571428571428,-1.0
777585,670102,Bowden Francis,2,4.5,-108.0,-113.0,betonlineag,fanduel,2025-06-08 14:10:37+00:00,2025-06-08 18:10:00+00:00,2025-06-08,2,4.15928290191389,Bowden Francis,TOR,MIN,0.40045181239026645,0.494624580717296,0.0497472011556519,0.0,-0.22875947243356087,0.13012180496348003,under,0.13012180496348003,True,1.8849557522123894,0.8849557522123894
777500,678394,Brayan Bello,8,4.5,130.0,-132.0,bovada,betrivers,2025-06-15 13:35:37+00:00,2025-06-15 17:35:00+00:00,2025-06-15,8,4.663603543203007,Brayan Bello,BOS,NYY,0.49127672902082276,0.4331590739357729,0.0037481259370315545,1.0,0.12993647674789233,-0.10588031161235512,over,0.12993647674789233,True,2.3,1.2999999999999998
778247,669022,MacKenzie Gore,13,6.5,-139.0,118.0,betrivers,betonlineag,2025-04-19 16:05:38+00:00,2025-04-19 20:10:00+00:00,2025-04-19,13,6.602060762681432,MacKenzie Gore,WSH,COL,0.4816873502871202,0.5590568613704292,0.04030555448927098,1.0,-0.171774987635815,0.12992157637407797,under,0.12992157637407797,False,2.1799999999999997,-1.0
776968,687134,Bradley Blalock,7,2.5,-128.0,105.0,fanduel,draftkings,2025-07-28 18:35:38+00:00,2025-07-28 22:40:00+00:00,2025-07-28,7,3.325450817000955,Bradley Blalock,COL,CLE,0.634268996036964,0.5350734094616639,0.04920838682071027,1.0,0.12979164919084196,-0.2502514418757762,over,0.12979164919084196,True,1.78125,0.78125
777771,450203,Charlie Morton,5,3.5,-141.0,125.0,betrivers,bovada,2025-05-26 15:05:39+00:00,2025-05-26 19:05:00+00:00,2025-05-26,5,4.6131056067402225,Charlie Morton,BAL,STL,0.6609890314142075,0.568293775190327,0.029506685108344755,1.0,0.12977557851648247,-0.2372253206819669,over,0.12977557851648247,True,1.7092198581560285,0.7092198581560285
777306,663362,Matt Waldron,3,3.5,-141.0,115.0,betrivers,draftkings,2025-06-30 18:30:38+00:00,2025-06-30 22:35:00+00:00,2025-06-30,3,4.612778201167683,Matt Waldron,SD,PHI,0.6609383359600749,0.5571074152347698,0.05017851973366794,0.0,0.12968892883956062,-0.27101742231416104,over,0.12968892883956062,False,1.7092198581560285,-1.0
776869,666214,Joey Wentz,3,4.5,132.0,-155.0,betrivers,draftkings,2025-08-05 19:15:39+00:00,2025-08-05 23:15:00+00:00,2025-08-05,3,4.6385050417798706,Joey Wentz,ATL,MIL,0.4868857091494714,0.4149040026033192,0.038877620013522574,0.0,0.12957484522677376,-0.15584423118138846,over,0.12957484522677376,False,2.3200000000000003,-1.0
777747,650644,Aaron Civale,4,4.5,-150.0,125.0,draftkings,betmgm,2025-05-27 19:40:37+00:00,2025-05-27 23:40:00+00:00,2025-05-27,4,4.702133474344431,Aaron Civale,MIL,BOS,0.4979852735890417,0.574468085106383,0.04444444444444429,0.0,-0.17002454401826383,0.12953313442465597,under,0.12953313442465597,True,2.25,1.25
778043,666142,Cole Ragans,11,6.5,-145.0,128.0,draftkings,fanduel,2025-05-05 19:35:38+00:00,2025-05-05 23:40:00+00:00,2025-05-05,11,6.763253684975533,Cole Ragans,KC,CWS,0.5045933459026963,0.574357192494788,0.03043322592194775,1.0,-0.14741124312992682,0.12952717134185243,under,0.12952717134185243,False,2.2800000000000002,-1.0
777511,682052,Jacob Lopez,9,3.5,-130.0,115.0,fanatics,draftkings,2025-06-14 16:10:37+00:00,2025-06-14 20:10:00+00:00,2025-06-14,9,4.470504260171541,Jacob Lopez,ATH,KC,0.6383834450239516,0.5485770363101079,0.030333670374115274,1.0,0.1294476335039143,-0.222524406801496,over,0.1294476335039143,True,1.7692307692307692,0.7692307692307692
776637,622608,Antonio Senzatela,4,2.5,-110.0,100.0,draftkings,betonlineag,2025-08-22 18:40:39+00:00,2025-08-22 22:40:00+00:00,2025-08-22,4,3.11103416905796,Antonio Senzatela,COL,PIT,0.5915183667218136,0.5116279069767442,0.023809523809523725,1.0,0.12926233646891694,-0.18303673344362714,over,0.12926233646891694,True,1.9090909090909092,0.9090909090909092
776421,800048,Parker Messick,4,4.5,105.0,-130.0,fanatics,draftkings,2025-09-07 12:10:38+00:00,2025-09-07 16:10:00+00:00,2025-09-07,4,5.014518565337299,Parker Messick,CLE,TB,0.5507814235247869,0.4632426988922458,0.05302226935312815,0.0,0.12910191822581307,-0.20522867239000753,over,0.12910191822581307,False,2.05,-1.0
777654,519242,Chris Sale,10,6.5,-120.0,105.0,fanduel,betmgm,2025-06-04 19:15:37+00:00,2025-06-04 23:15:00+00:00,2025-06-04,10,6.378090087418535,Chris Sale,ATL,AZ,0.449255033760903,0.5278969957081545,0.03325942350332589,1.0,-0.17636577143834442,0.12902718079014885,under,0.12902718079014885,False,2.05,-1.0
776721,641793,Zack Littell,3,3.5,-120.0,104.0,bovada,fanduel,2025-08-16 18:40:38+00:00,2025-08-16 22:40:00+00:00,2025-08-16,3,4.334107623667833,Zack Littell,CIN,MIL,0.6157820436876354,0.5266781411359724,0.035650623885918,0.0,0.12893374676066505,-0.21619536912277626,over,0.12893374676066505,False,1.8333333333333335,-1.0
777309,671106,Logan Allen,6,4.5,122.0,-145.0,fanduel,draftkings,2025-06-29 12:05:37+00:00,2025-06-29 16:05:00+00:00,2025-06-29,6,3.789581548189458,Logan Allen,CLE,STL,0.3319228593663008,0.4321749867701534,0.042287185144328054,1.0,-0.2631312522068123,0.12881999624314688,under,0.12881999624314688,False,1.6896551724137931,-1.0
778380,694297,Brandon Pfaadt,3,5.5,-105.0,-112.0,fanatics,fanduel,2025-04-09 15:35:38+00:00,2025-04-09 19:40:00+00:00,2025-04-09,3,5.121115557260935,Brandon Pfaadt,AZ,BAL,0.4036994510801329,0.4922600619195047,0.040497008743672236,0.0,-0.2118248812245025,0.12871175331260565,under,0.12871175331260565,True,1.8928571428571428,0.8928571428571428
778021,669358,Shane Baz,3,5.5,104.0,-115.0,betonlineag,draftkings,2025-05-07 19:00:38+00:00,2025-05-07 23:05:00+00:00,2025-05-07,3,5.076190722756829,Shane Baz,TB,PHI,0.3963288640522468,0.478202846975089,0.025079799361604982,0.0,-0.19148911733341645,0.12860255851101665,under,0.12860255851101665,True,1.8695652173913042,0.8695652173913042
777403,607067,Colin Rea,2,4.5,100.0,-120.0,fanduel,bovada,2025-06-22 14:20:37+00:00,2025-06-22 18:20:00+00:00,2025-06-22,2,5.097596745151978,Colin Rea,CHC,SEA,0.5642998722890677,0.4782608695652174,0.045454545454545414,0.0,0.1285997445781355,-0.20121643252995747,over,0.1285997445781355,False,2.0,-1.0
778426,690916,Richard Fitts,4,3.5,139.0,-165.0,betonlineag,draftkings,2025-04-07 18:40:39+00:00,2025-04-07 22:45:00+00:00,2025-04-07,4,3.5673120163733456,Richard Fitts,BOS,TOR,0.4721943528770131,0.40191097292788347,0.04105155127496651,1.0,0.12854450337606127,-0.15231214249944547,over,0.12854450337606127,True,2.3899999999999997,1.3899999999999997
777695,641927,Bailey Ober,4,5.5,104.0,105.0,betonlineag,betmgm,2025-05-31 19:15:37+00:00,2025-05-31 23:15:00+00:00,2025-05-31,4,6.073616246079405,Bailey Ober,MIN,SEA,0.5531758103725036,0.5012224938875305,-0.02199904351984694,0.0,0.12847865315990736,-0.08401041126363251,over,0.12847865315990736,False,2.04,-1.0
777128,596295,Austin Gomber,3,3.5,-105.0,-110.0,fanatics,betmgm,2025-07-13 13:35:37+00:00,2025-07-13 17:40:00+00:00,2025-07-13,3,4.117696886231433,Austin Gomber,COL,CIN,0.577997621184319,0.49439461883408076,0.03600464576074325,0.0,0.1284715461217656,-0.19435909498824522,over,0.1284715461217656,False,1.9523809523809523,-1.0
777776,663559,Bailey Falter,1,3.5,-110.0,107.0,bovada,betrivers,2025-05-25 13:35:38+00:00,2025-05-25 17:35:00+00:00,2025-05-25,1,4.190827604213771,Bailey Falter,PIT,MIL,0.5910254440754337,0.5202193283070596,0.0069013112491373985,0.0,0.12832130232582806,-0.15342266923614756,over,0.12832130232582806,False,1.9090909090909092,-1.0
777667,579328,Yusei Kikuchi,5,5.5,-123.0,115.0,betonlineag,betrivers,2025-06-03 19:05:37+00:00,2025-06-03 23:10:00+00:00,2025-06-03,5,6.565063068802321,Yusei Kikuchi,LAA,BOS,0.6221212918930425,0.542517181249359,0.016685785796224817,0.0,0.12791096009876823,-0.18756077757004153,over,0.12791096009876823,False,1.8130081300813008,-1.0
777188,605135,Chris Bassitt,1,4.5,-146.0,115.0,fanduel,betonlineag,2025-07-08 19:40:37+00:00,2025-07-08 23:40:00+00:00,2025-07-08,1,5.806407299493027,Chris Bassitt,TOR,CWS,0.6694033599246278,0.5606358278263976,0.05861221402911698,0.0,0.12789881192779773,-0.2892172238379499,over,0.12789881192779773,False,1.6849315068493151,-1.0
776312,641793,Zack Littell,3,3.5,-111.0,105.0,draftkings,betmgm,2025-09-15 19:45:39+00:00,2025-09-15 23:45:00+00:00,2025-09-15,3,4.203974770417014,Zack Littell,CIN,STL,0.5933397259921275,0.518869000114012,0.013871228759680942,0.0,0.12788001967872886,-0.16634643828386142,over,0.12788001967872886,False,1.900900900900901,-1.0
778235,607536,Kyle Freeland,2,3.5,-110.0,110.0,betmgm,bovada,2025-04-20 15:05:38+00:00,2025-04-20 19:10:00+00:00,2025-04-20,2,4.189496881952711,Kyle Freeland,COL,WSH,0.5907907231629811,0.5238095238095238,0.0,0.0,0.12787319876569114,-0.14066051864226026,over,0.12787319876569114,False,1.9090909090909092,-1.0
777526,690990,Cade Horton,4,4.5,107.0,-122.0,betrivers,fanduel,2025-06-13 14:20:37+00:00,2025-06-13 18:20:00+00:00,2025-06-13,4,4.978348312056458,Cade Horton,CHC,PIT,0.5448238293894094,0.46782146921228973,0.03264133698916316,0.0,0.12778532683607757,-0.1717286075774499,over,0.12778532683607757,False,2.0700000000000003,-1.0
776793,669022,MacKenzie Gore,10,5.5,-110.0,100.0,betmgm,bovada,2025-08-10 16:05:38+00:00,2025-08-10 20:05:00+00:00,2025-08-10,10,6.3352344720896845,MacKenzie Gore,WSH,SF,0.5907277097413615,0.5116279069767442,0.023809523809523725,1.0,0.1277529004153264,-0.18145541948272292,over,0.1277529004153264,True,1.9090909090909092,0.9090909090909092
776613,663623,Jake Irvin,2,3.5,116.0,-125.0,fanduel,bovada,2025-08-24 13:35:39+00:00,2025-08-24 17:35:00+00:00,2025-08-24,2,3.8182066538104364,Jake Irvin,WSH,PHI,0.5220219198314955,0.45454545454545453,0.0185185185185186,0.0,0.12756734683603033,-0.1396394556966919,over,0.12756734683603033,False,2.16,-1.0
777558,605135,Chris Bassitt,3,4.5,103.0,-110.0,betonlineag,draftkings,2025-06-10 19:45:37+00:00,2025-06-10 23:45:00+00:00,2025-06-10,3,5.043031665710853,Chris Bassitt,TOR,STL,0.5554472822218677,0.48465266558966075,0.016420361247947435,0.0,0.12755798291039144,-0.15130844787811093,over,0.12755798291039144,False,2.0300000000000002,-1.0
776223,665152,Dean Kremer,4,4.5,-145.0,125.0,betonlineag,betrivers,2025-09-23 18:30:40+00:00,2025-09-23 22:35:00+00:00,2025-09-23,4,4.707198115876393,Dean Kremer,BAL,TB,0.4988641206193025,0.5711159737417943,0.03628117913832196,0.0,-0.15709165826393712,0.12755572860656939,under,0.12755572860656939,True,2.25,1.25
777866,664062,Tony Gonsolin,3,5.5,110.0,-130.0,betonlineag,fanduel,2025-05-18 16:05:37+00:00,2025-05-18 20:10:00+00:00,2025-05-18,3,5.963716746728096,Tony Gonsolin,LAD,LAA,0.5368645825406277,0.4572564612326044,0.04140786749482395,0.0,0.1274156233353183,-0.18060656911034145,over,0.1274156233353183,False,2.1,-1.0
777555,656849,David Peterson,6,5.5,138.0,-145.0,betrivers,betmgm,2025-06-11 19:10:37+00:00,2025-06-11 23:10:00+00:00,2025-06-11,6,4.690876185979066,David Peterson,NYM,WSH,0.33288135372391353,0.4151838671411625,0.01200480192076836,1.0,-0.20774237813708585,0.1272004712940773,under,0.1272004712940773,False,1.6896551724137931,-1.0
777826,608372,Tomoyuki Sugano,3,3.5,-105.0,-118.0,betonlineag,fanduel,2025-05-21 13:10:38+00:00,2025-05-21 17:10:00+00:00,2025-05-21,3,4.113815835892171,Tomoyuki Sugano,BAL,MIL,0.577298965099461,0.4861937128292268,0.05347952562094438,0.0,0.12710750328942377,-0.21907774908205502,over,0.12710750328942377,False,1.9523809523809523,-1.0
778469,622491,Luis Castillo,5,6.5,104.0,-124.0,betrivers,fanduel,2025-04-02 16:05:39+00:00,2025-04-02 20:10:00+00:00,2025-04-02,5,5.884222573239451,Luis Castillo,SEA,DET,0.3761356400120249,0.46964106004696404,0.04376750700280119,0.0,-0.2326832943754692,0.12698077933311636,under,0.12698077933311636,True,1.8064516129032258,0.8064516129032258
776468,683004,Jack Leiter,8,4.5,-157.0,125.0,betrivers,draftkings,2025-09-03 15:40:39+00:00,2025-09-03 19:40:00+00:00,2025-09-03,8,4.708722166686846,Jack Leiter,TEX,AZ,0.4991284462253127,0.5788611224907825,0.055339386078685715,1.0,-0.182955345987864,0.12696099599304644,under,0.12696099599304644,False,2.25,-1.0
777087,671096,Andrew Abbott,5,4.5,-113.0,-105.0,fanduel,betmgm,2025-07-20 13:40:37+00:00,2025-07-20 17:40:00+00:00,2025-07-20,5,5.310303368165361,Andrew Abbott,CIN,NYM,0.5978139414783759,0.5087854162090929,0.04271155387610204,1.0,0.12685282774242523,-0.21477960002921004,over,0.12685282774242523,True,1.8849557522123894,0.8849557522123894
777872,686563,Jonathan Cannon,3,4.5,110.0,-130.0,draftkings,fanduel,2025-05-18 14:15:37+00:00,2025-05-18 18:20:00+00:00,2025-05-18,3,3.9574942766517363,Jonathan Cannon,CWS,CHC,0.36310123907933217,0.4572564612326044,0.04140786749482395,0.0,-0.23748739793340246,0.12682088470579678,under,0.12682088470579678,True,1.7692307692307692,0.7692307692307692
777538,607259,Nick Martinez,5,4.5,102.0,-122.0,betrivers,fanduel,2025-06-13 19:10:37+00:00,2025-06-13 23:10:00+00:00,2025-06-13,5,5.057650193845038,Nick Martinez,CIN,DET,0.5578288814032493,0.4739134147382802,0.044599054500044755,1.0,0.12681434043456363,-0.19539353829115846,over,0.12681434043456363,True,2.02,1.02
777306,554430,Zack Wheeler,10,5.5,-186.0,135.0,betrivers,betrivers,2025-06-30 18:30:38+00:00,2025-06-30 22:35:00+00:00,2025-06-30,10,5.855755934290662,Zack Wheeler,PHI,SD,0.5205550190069398,0.6044807080625086,0.07588156524326739,1.0,-0.19957669120438293,0.12669570533369146,under,0.12669570533369146,False,2.35,-1.0
777952,607067,Colin Rea,4,4.5,-140.0,120.0,fanduel,draftkings,2025-05-12 19:35:38+00:00,2025-05-12 23:40:00+00:00,2025-05-12,4,4.644138418625059,Colin Rea,CHC,MIA,0.4878726971173627,0.562043795620438,0.037878787878787845,0.0,-0.16364680494166384,0.12668006634180218,under,0.12668006634180218,True,2.2,1.2000000000000002
776700,663978,Chris Paddack,4,4.5,115.0,-130.0,fanatics,betmgm,2025-08-17 14:10:38+00:00,2025-08-17 18:10:00+00:00,2025-08-17,4,3.95889887221051,Chris Paddack,DET,MIN,0.36336200849221983,0.45142296368989204,0.030333670374115274,0.0,-0.21877168174172734,0.12635952343684198,under,0.12635952343684198,True,1.7692307692307692,0.7692307692307692
778099,695418,Brad Lord,4,3.5,120.0,-135.0,bovada,betonlineag,2025-05-01 18:40:39+00:00,2025-05-01 22:45:00+00:00,2025-05-01,4,3.7661266730353717,Brad Lord,WSH,PHI,0.5118831740625086,0.44172932330827064,0.029013539651837617,1.0,0.12614298293751913,-0.15031515484955205,over,0.12614298293751913,True,2.2,1.2000000000000002
777145,663554,Casey Mize,4,4.5,102.0,-110.0,fanduel,draftkings,2025-07-12 13:10:38+00:00,2025-07-12 17:10:00+00:00,2025-07-12,4,5.054109868798438,Casey Mize,DET,SEA,0.557252765059012,0.48588616381304955,0.01885902876001877,0.0,0.12565058541920426,-0.15475527874902284,over,0.12565058541920426,False,2.02,-1.0
778311,680885,Spencer Schwellenbach,3,4.5,-110.0,-105.0,bovada,fanatics,2025-04-15 18:00:38+00:00,2025-04-15 23:07:00+00:00,2025-04-15,3,5.2568056252705775,Spencer Schwellenbach,ATL,TOR,0.5895375920161429,0.5056053811659194,0.03600464576074325,0.0,0.12548085748536364,-0.198621012983898,over,0.12548085748536364,False,1.9090909090909092,-1.0
777591,687888,Brandon Walter,5,3.5,-135.0,126.0,bovada,fanduel,2025-06-08 13:40:37+00:00,2025-06-08 17:40:00+00:00,2025-06-08,5,4.521192064865034,Brandon Walter,HOU,CLE,0.6465390801852915,0.5648953897426403,0.016945961212577743,1.0,0.12545691735958142,-0.2011783212187589,over,0.12545691735958142,True,1.7407407407407407,0.7407407407407407
777024,622491,Luis Castillo,7,5.5,-105.0,100.0,betmgm,bovada,2025-07-23 15:40:38+00:00,2025-07-23 19:40:00+00:00,2025-07-23,7,5.327773342720568,Luis Castillo,SEA,MIL,0.4373780915515887,0.5060240963855421,0.012195121951219523,1.0,-0.14607134506594588,0.12524381689682262,under,0.12524381689682262,False,2.0,-1.0
776397,680730,Mitchell Parker,2,3.5,-118.0,110.0,fanduel,betmgm,2025-09-09 18:40:39+00:00,2025-09-09 22:40:00+00:00,2025-09-09,2,3.528184596547897,Mitchell Parker,WSH,MIA,0.4642142585673191,0.5319879776728209,0.01747487986020091,0.0,-0.14238382739257993,0.1251500570086299,under,0.1251500570086299,True,2.1,1.1
776797,669920,Jason Alexander,3,3.5,-135.0,116.0,betonlineag,fanduel,2025-08-10 13:35:39+00:00,2025-08-10 17:35:00+00:00,2025-08-10,3,4.5196072926735065,Jason Alexander,HOU,NYY,0.6462861000998104,0.5537409798708697,0.03743104806934605,0.0,0.12501654461818834,-0.23597797621559036,over,0.12501654461818834,False,1.7407407407407407,-1.0
778247,801403,Chase Dollander,5,4.5,118.0,-130.0,betonlineag,fanduel,2025-04-19 16:05:38+00:00,2025-04-19 20:10:00+00:00,2025-04-19,5,4.806944818069143,Chase Dollander,COL,WSH,0.5160264888032295,0.4479937670432412,0.023932987634623037,1.0,0.12493774559104032,-0.14373917249802148,over,0.12493774559104032,True,2.1799999999999997,1.1799999999999997
778331,607192,Tyler Glasnow,7,6.5,-105.0,104.0,betmgm,betrivers,2025-04-13 19:10:37+00:00,2025-04-13 23:10:00+00:00,2025-04-13,7,6.37360115574564,Tyler Glasnow,LAD,CHC,0.44859885924802956,0.5109732824427481,0.002391200382592107,1.0,-0.1241641319443233,0.12485832713401979,under,0.12485832713401979,False,2.04,-1.0
777870,518876,Merrill Kelly,11,5.5,-135.0,120.0,betonlineag,draftkings,2025-05-18 16:05:37+00:00,2025-05-18 20:10:00+00:00,2025-05-18,11,5.649936400426047,Merrill Kelly,AZ,COL,0.48874389149241115,0.5582706766917294,0.029013539651837617,1.0,-0.14922359629098803,0.1247634387166956,under,0.1247634387166956,False,2.2,-1.0
777206,687473,Ryan Gusto,1,4.5,115.0,-132.0,bovada,fanduel,2025-07-06 16:05:37+00:00,2025-07-06 20:10:00+00:00,2025-07-06,1,4.848605075513886,Ryan Gusto,HOU,LAD,0.5231090361500041,0.44978673904614186,0.03408179631114683,0.0,0.12468442772250876,-0.1618280029303103,over,0.12468442772250876,False,2.15,-1.0
777531,624133,Ranger Suarez,6,4.5,-106.0,-110.0,betonlineag,fanduel,2025-06-13 18:45:37+00:00,2025-06-13 22:45:00+00:00,2025-06-13,6,4.2163055392519455,Ranger Suarez,PHI,TOR,0.41094042188743385,0.49554764024933207,0.038372630605640445,1.0,-0.20137993482253425,0.12456828548762644,under,0.12456828548762644,False,1.9090909090909092,-1.0
776226,518876,Merrill Kelly,4,4.5,102.0,-116.0,betrivers,betonlineag,2025-09-21 14:30:40+00:00,2025-09-21 18:35:00+00:00,2025-09-21,4,5.050756229584642,Merrill Kelly,TEX,MIA,0.5567066379985479,0.47965890922011006,0.03208654198753225,0.0,0.12454740875706682,-0.17455718799729614,over,0.12454740875706682,False,2.02,-1.0
776664,693645,Cam Schlittler,8,4.5,-105.0,-108.0,betmgm,betonlineag,2025-08-20 19:35:39+00:00,2025-08-20 23:35:00+00:00,2025-08-20,8,5.170584314463054,Cam Schlittler,NYY,TB,0.5759810297057477,0.4965893587994543,0.031425891181988685,1.0,0.12453439133026922,-0.18337087202588442,over,0.12453439133026922,True,1.9523809523809523,0.9523809523809523
778288,571510,Matthew Boyd,3,4.5,-120.0,100.0,fanduel,draftkings,2025-04-16 16:05:39+00:00,2025-04-16 20:10:00+00:00,2025-04-16,3,4.363565759087839,Matthew Boyd,CHC,SD,0.437817034209442,0.5217391304347826,0.045454545454545414,0.0,-0.19733543728268954,0.12436593158111586,under,0.12436593158111586,True,2.0,1.0
777514,592866,Trevor Williams,3,3.5,-134.0,115.0,fanduel,draftkings,2025-06-14 13:00:37+00:00,2025-06-14 17:05:00+00:00,2025-06-14,3,4.50425988918126,Trevor Williams,WSH,MIA,0.6438294531334959,0.5518099980846581,0.03776585171933999,0.0,0.12429919427789593,-0.23423332423701626,over,0.12429919427789593,False,1.7462686567164178,-1.0
776777,663903,Brady Singer,6,4.5,-160.0,130.0,fanatics,draftkings,2025-08-12 18:40:39+00:00,2025-08-12 22:40:00+00:00,2025-08-12,6,4.779595478657073,Brady Singer,CIN,PHI,0.5113490355968102,0.5859872611464969,0.050167224080267525,1.0,-0.16905781715518342,0.12389721812733634,under,0.12389721812733634,False,2.3,-1.0
776673,664285,Framber Valdez,2,5.5,-125.0,115.0,betmgm,draftkings,2025-08-20 13:05:39+00:00,2025-08-20 17:10:00+00:00,2025-08-20,2,6.581624030225273,Framber Valdez,HOU,DET,0.6243231208837925,0.5443037974683544,0.02067183462532296,0.0,0.12378161759082662,-0.19229470990015385,over,0.12378161759082662,False,1.8,-1.0
776268,693821,Bryce Elder,6,4.5,106.0,-105.0,fanduel,bovada,2025-09-19 18:40:39+00:00,2025-09-19 22:40:00+00:00,2025-09-19,6,4.982570432800161,Bryce Elder,ATL,DET,0.5455214652786274,0.486589128886779,-0.0023679848448969754,1.0,0.12377421847397252,-0.11268476554398688,over,0.12377421847397252,True,2.06,1.06
776198,656302,Dylan Cease,8,5.5,-140.0,116.0,fanatics,fanduel,2025-09-24 16:05:41+00:00,2025-09-24 20:10:00+00:00,2025-09-24,8,5.5927893729292455,Dylan Cease,SD,MIL,0.47975968386799767,0.5575221238938054,0.04629629629629628,1.0,-0.17755482765486108,0.12371908284512534,under,0.12371908284512534,False,2.16,-1.0
778295,500779,Jose Quintana,4,4.5,-148.0,133.0,fanduel,betrivers,2025-04-16 13:05:40+00:00,2025-04-16 17:10:00+00:00,2025-04-16,4,4.817486337769363,Jose Quintana,MIL,DET,0.5178235091515833,0.5816746508332771,0.02595874290461042,0.0,-0.13229574142167133,0.12347122367681096,under,0.12347122367681096,True,2.33,1.33
777341,656605,Mitch Keller,4,4.5,115.0,-134.0,fanatics,fanduel,2025-06-27 18:40:38+00:00,2025-06-27 22:40:00+00:00,2025-06-27,4,4.845022664985945,Mitch Keller,PIT,NYM,0.522502044082202,0.4481900019153419,0.03776585171933999,0.0,0.12337939477673432,-0.16616028593459164,over,0.12337939477673432,False,2.15,-1.0
778058,669022,MacKenzie Gore,9,6.5,100.0,-110.0,betonlineag,betmgm,2025-05-04 16:05:38+00:00,2025-05-04 20:10:00+00:00,2025-05-04,9,6.122264395422373,MacKenzie Gore,WSH,CIN,0.41156342758208064,0.48837209302325585,0.023809523809523725,1.0,-0.1768731448358387,0.12337891097966436,under,0.12337891097966436,False,1.9090909090909092,-1.0
778071,500779,Jose Quintana,6,3.5,-125.0,110.0,betmgm,draftkings,2025-05-03 19:05:38+00:00,2025-05-03 23:10:00+00:00,2025-05-03,6,4.382596600867579,Jose Quintana,MIL,CHC,0.6239257808729253,0.5384615384615385,0.03174603174603163,1.0,0.12306640557126558,-0.21024413983314305,over,0.12306640557126558,True,1.8,0.8
776515,453286,Max Scherzer,1,5.5,135.0,-130.0,betrivers,bovada,2025-08-31 13:35:38+00:00,2025-08-31 17:37:00+00:00,2025-08-31,1,4.887365381376439,Max Scherzer,TOR,MIL,0.3652449806965562,0.4295051353874883,-0.009250693802035137,0.0,-0.14167429536309295,0.12302811107532352,under,0.12302811107532352,True,1.7692307692307692,0.7692307692307692
776680,682243,Bryce Miller,4,3.5,-150.0,130.0,betrivers,draftkings,2025-08-19 18:45:39+00:00,2025-08-19 22:45:00+00:00,2025-08-19,4,4.697054612712451,Bryce Miller,SEA,PHI,0.6738042429407078,0.5798319327731092,0.034782608695652195,1.0,0.1230070715678464,-0.24974975876362815,over,0.1230070715678464,True,1.6666666666666665,0.6666666666666665
776473,693821,Bryce Elder,6,3.5,-114.0,-105.0,fanduel,betmgm,2025-09-03 19:40:39+00:00,2025-09-03 23:40:00+00:00,2025-09-03,6,4.231782960938692,Bryce Elder,ATL,CHC,0.5982065843920731,0.5098167539267016,0.04490540232505125,1.0,0.12294920227985662,-0.21554618857499985,over,0.12294920227985662,True,1.8771929824561404,0.8771929824561404
777530,680730,Mitchell Parker,3,4.5,138.0,-152.0,betrivers,fanduel,2025-06-13 18:45:37+00:00,2025-06-13 22:45:00+00:00,2025-06-13,3,4.552207226987347,Mitchell Parker,WSH,MIA,0.471666927651896,0.41058394160583944,0.023342670401493848,0.0,0.1225672878115125,-0.12407938005445918,over,0.1225672878115125,False,2.38,-1.0
776237,640455,Sean Manaea,3,5.5,100.0,-108.0,fanduel,draftkings,2025-09-21 13:35:39+00:00,2025-09-21 17:40:00+00:00,2025-09-21,3,5.203302106464467,Sean Manaea,NYM,WSH,0.4171434641317607,0.4905660377358491,0.019230769230769162,0.0,-0.16571307173647865,0.12253851352401668,under,0.12253851352401668,True,1.925925925925926,0.925925925925926
777112,647336,Michael Soroka,3,4.5,110.0,-125.0,betmgm,draftkings,2025-07-18 18:40:38+00:00,2025-07-18 22:45:00+00:00,2025-07-18,3,4.915916368804221,Michael Soroka,WSH,SD,0.534440882452311,0.46153846153846156,0.03174603174603163,0.0,0.12232585314985323,-0.16199358841415978,over,0.12232585314985323,False,2.1,-1.0
776252,690997,Nolan McLean,6,5.5,-150.0,130.0,betmgm,bovada,2025-09-20 16:05:39+00:00,2025-09-20 20:10:00+00:00,2025-09-20,6,5.800134615394095,Nolan McLean,NYM,WSH,0.5120475715606574,0.5798319327731092,0.034782608695652195,1.0,-0.14658738073223776,0.12229058541048787,under,0.12229058541048787,False,2.3,-1.0
778242,656605,Mitch Keller,3,4.5,-130.0,120.0,fanatics,draftkings,2025-04-20 13:30:38+00:00,2025-04-20 17:35:00+00:00,2025-04-20,3,4.655584813878431,Mitch Keller,PIT,CLE,0.48987562087006664,0.5542635658914729,0.019762845849802257,0.0,-0.13329697846065136,0.12227363408585346,under,0.12227363408585346,True,2.2,1.2000000000000002
778135,571760,Andrew Heaney,0,4.5,-110.0,-105.0,betonlineag,draftkings,2025-04-29 18:40:38+00:00,2025-04-29 22:40:00+00:00,2025-04-29,0,5.245983773579625,Andrew Heaney,PIT,CHC,0.5878507282952121,0.5056053811659194,0.03600464576074325,0.0,0.12226048129085965,-0.19532761238589036,over,0.12226048129085965,False,1.9090909090909092,-1.0
778078,694297,Brandon Pfaadt,6,4.5,-182.0,135.0,betrivers,betrivers,2025-05-03 18:00:38+00:00,2025-05-03 22:05:00+00:00,2025-05-03,6,4.845159431830371,Brandon Pfaadt,AZ,PHI,0.5225252245341336,0.6026490066225165,0.07092198581560294,1.0,-0.19037300374381494,0.12206572234478608,under,0.12206572234478608,False,2.35,-1.0
776556,701542,Will Warren,3,5.5,132.0,-182.0,betrivers,betrivers,2025-08-28 19:40:39+00:00,2025-08-28 23:40:00+00:00,2025-08-28,3,5.616789903714654,Will Warren,NYY,CWS,0.48354031780149237,0.4004316710212427,0.07642455368060652,0.0,0.12181353729946243,-0.19977126164846604,over,0.12181353729946243,False,2.3200000000000003,-1.0
777565,608337,Lucas Giolito,4,4.5,-150.0,128.0,bovada,betrivers,2025-06-10 19:10:37+00:00,2025-06-10 23:10:00+00:00,2025-06-10,4,4.760595619611959,Lucas Giolito,BOS,TB,0.5080868253132843,0.5777027027027027,0.03859649122807007,0.0,-0.15318862447785953,0.12156203828571188,under,0.12156203828571188,True,2.2800000000000002,1.2800000000000002
776426,592836,Taijuan Walker,1,3.5,135.0,-135.0,draftkings,betmgm,2025-09-07 13:40:38+00:00,2025-09-07 17:40:00+00:00,2025-09-07,1,3.5920131422821244,Taijuan Walker,PHI,MIA,0.47720512418010413,0.425531914893617,0.0,0.0,0.12143204182324485,-0.0899496606098108,over,0.12143204182324485,False,2.35,-1.0
777890,663623,Jake Irvin,6,3.5,-148.0,128.0,fanduel,betrivers,2025-05-17 16:00:38+00:00,2025-05-17 20:05:00+00:00,2025-05-17,6,4.666732140107375,Jake Irvin,WSH,BAL,0.6692175383088499,0.5763869909811424,0.03537068477645722,1.0,0.12139155067969432,-0.24581598734417764,over,0.12139155067969432,True,1.6756756756756757,0.6756756756756757
777074,650644,Aaron Civale,6,3.5,-130.0,110.0,bovada,fanatics,2025-07-20 13:35:38+00:00,2025-07-20 17:35:00+00:00,2025-07-20,6,4.442263848800279,Aaron Civale,CWS,PIT,0.6337821487442474,0.5427435387673957,0.04140786749482395,1.0,0.12130687854751465,-0.23094251236291963,over,0.12130687854751465,True,1.7692307692307692,0.7692307692307692
776675,518876,Merrill Kelly,3,4.5,120.0,-145.0,bovada,draftkings,2025-08-19 19:35:39+00:00,2025-08-19 23:40:00+00:00,2025-08-19,3,4.769381452185054,Merrill Kelly,TEX,KC,0.5095966085865503,0.43439716312056736,0.04638218923933213,0.0,0.12111253889041085,-0.17138737312899877,over,0.12111253889041085,False,2.2,-1.0
776989,676962,Ben Brown,4,5.5,120.0,-145.0,fanduel,betmgm,2025-07-27 14:10:38+00:00,2025-07-27 18:10:00+00:00,2025-07-27,4,5.783794979797945,Ben Brown,CHC,CWS,0.5095353748442091,0.43439716312056736,0.04638218923933213,0.0,0.12097782465726015,-0.17128390921952563,over,0.12097782465726015,False,2.2,-1.0
776409,676083,Janson Junk,3,3.5,-110.0,-110.0,betmgm,fanatics,2025-09-08 18:40:38+00:00,2025-09-08 22:40:00+00:00,2025-09-08,3,4.169065035347317,Janson Junk,MIA,WSH,0.5871758919663201,0.5,0.04761904761904767,0.0,0.12097215739024758,-0.2118812482993384,over,0.12097215739024758,False,1.9090909090909092,-1.0
776439,663903,Brady Singer,5,4.5,-182.0,132.0,betrivers,betrivers,2025-09-06 18:40:38+00:00,2025-09-06 22:40:00+00:00,2025-09-06,5,4.811736455030296,Brady Singer,CIN,NYM,0.5168437294707285,0.5995683289787572,0.07642455368060652,1.0,-0.19917619939150855,0.12092254762790988,under,0.12092254762790988,False,2.3200000000000003,-1.0
776951,685299,Tanner Gordon,2,2.5,-170.0,140.0,draftkings,bovada,2025-07-29 18:35:39+00:00,2025-07-29 22:40:00+00:00,2025-07-29,2,3.730868415824015,Tanner Gordon,COL,CLE,0.7057584962673381,0.6017699115044248,0.04629629629629628,0.0,0.12091055289518415,-0.2938203910416115,over,0.12091055289518415,False,1.5882352941176472,-1.0
776564,676979,Garrett Crochet,7,7.5,-190.0,135.0,betrivers,betrivers,2025-08-28 13:05:39+00:00,2025-08-28 17:05:00+00:00,2025-08-28,7,7.9184748823724,Garrett Crochet,BOS,BAL,0.5230997558786274,0.606245756958588,0.0807043286867204,0.0,-0.2015845831326213,0.12071557368522545,under,0.12071557368522545,True,2.35,1.35
778096,605488,Jeffrey Springs,1,4.5,-140.0,125.0,fanduel,bovada,2025-05-01 14:30:38+00:00,2025-05-01 18:35:00+00:00,2025-05-01,1,4.7248855352462105,Jeffrey Springs,ATH,TEX,0.5019278389192081,0.5675675675675677,0.02777777777777768,0.0,-0.1395522761385003,0.12066236243178174,under,0.12066236243178174,True,2.25,1.25
777246,571945,Miles Mikolas,4,3.5,-110.0,105.0,betmgm,draftkings,2025-07-04 14:20:38+00:00,2025-07-04 18:20:00+00:00,2025-07-04,4,3.475361601526248,Miles Mikolas,STL,CHC,0.453361182687218,0.5177956371986223,0.011614401858304202,1.0,-0.13449228759712928,0.1206095754912031,under,0.1206095754912031,False,2.05,-1.0
777245,647336,Michael Soroka,6,5.5,-117.0,110.0,betrivers,draftkings,2025-07-04 11:05:37+00:00,2025-07-04 15:05:00+00:00,2025-07-04,6,6.432405760688417,Michael Soroka,WSH,BOS,0.6041893183438674,0.5310136157337368,0.015360983102918446,1.0,0.12059044513349759,-0.16879756852212136,over,0.12059044513349759,True,1.8547008547008548,0.8547008547008548
777663,621121,Lance McCullers Jr.,7,5.5,120.0,-130.0,betmgm,draftkings,2025-06-03 18:35:37+00:00,2025-06-03 22:40:00+00:00,2025-06-03,7,5.782453360887376,Lance McCullers Jr.,HOU,PIT,0.5093288451212873,0.44573643410852715,0.019762845849802257,1.0,0.12052345926683206,-0.13188949521458526,over,0.12052345926683206,True,2.2,1.2000000000000002
776228,669920,Jason Alexander,1,4.5,115.0,-128.0,fanatics,draftkings,2025-09-21 19:05:38+00:00,2025-09-21 23:10:00+00:00,2025-09-21,1,4.837152444362603,Jason Alexander,HOU,SEA,0.5211671799136517,0.45310015898251194,0.026519787841697173,0.0,0.12050943681435111,-0.14707903922119203,over,0.12050943681435111,False,2.15,-1.0
777293,665795,Edward Cabrera,6,5.5,110.0,-128.0,bovada,fanduel,2025-07-01 18:35:37+00:00,2025-07-01 22:40:00+00:00,2025-07-01,6,4.922626794828027,Edward Cabrera,MIA,MIN,0.37105725426237635,0.4589371980676328,0.03759398496240607,1.0,-0.22077976604900962,0.12030426584514209,under,0.12030426584514209,False,1.78125,-1.0
777161,669373,Tarik Skubal,5,7.5,-177.0,130.0,betrivers,betrivers,2025-07-11 19:10:37+00:00,2025-07-11 23:10:00+00:00,2025-07-11,5,7.839382705546785,Tarik Skubal,DET,SEA,0.5129520874014089,0.5950884373629587,0.07377177837074234,0.0,-0.19724447338875561,0.12021019897675966,under,0.12021019897675966,True,2.3,1.2999999999999998
777652,615698,Cal Quantrill,2,4.5,-114.0,-106.0,betrivers,fanduel,2025-06-04 12:10:37+00:00,2025-06-04 16:10:00+00:00,2025-06-04,2,4.285358590677708,Cal Quantrill,MIA,COL,0.4235850230959181,0.5086640097036909,0.04727338716994822,0.0,-0.20484916717082036,0.1202026909645364,under,0.1202026909645364,True,1.9433962264150944,0.9433962264150944
776149,670912,Johan Oviedo,3,4.5,107.0,-120.0,draftkings,betmgm,2025-09-28 15:15:38+00:00,2025-09-28 19:15:00+00:00,2025-09-28,3,4.955762818803739,Johan Oviedo,PIT,ATL,0.5410821189348368,0.4696840307429548,0.028546332894158866,0.0,0.12003998619511247,-0.15865055138053408,over,0.12003998619511247,False,2.0700000000000003,-1.0
778256,673540,Kodai Senga,4,5.5,-110.0,105.0,betmgm,betrivers,2025-04-19 16:00:38+00:00,2025-04-19 20:05:00+00:00,2025-04-19,4,5.428704301121389,Kodai Senga,NYM,STL,0.4536455704730389,0.5177956371986223,0.011614401858304202,0.0,-0.13394936546056213,0.12002658053027027,under,0.12002658053027027,True,2.05,1.0499999999999998
777234,669194,Ryne Nelson,5,3.5,-125.0,112.0,draftkings,fanduel,2025-07-05 16:10:37+00:00,2025-07-05 20:10:00+00:00,2025-07-05,5,4.372369346672933,Ryne Nelson,AZ,KC,0.6222180722273511,0.5408163265306123,0.027253668763102645,1.0,0.11999253000923216,-0.19910231312198434,over,0.11999253000923216,True,1.8,0.8
777399,694297,Brandon Pfaadt,7,5.5,114.0,-135.0,fanduel,betonlineag,2025-06-22 15:10:37+00:00,2025-06-22 19:10:00+00:00,2025-06-22,7,5.874001632709486,Brandon Pfaadt,AZ,COL,0.52333053478585,0.448558885283451,0.04175780473255131,1.0,0.11992734444171882,-0.17024204203462778,over,0.11992734444171882,True,2.1399999999999997,1.1399999999999997
778071,592791,Jameson Taillon,5,4.5,128.0,-154.0,betonlineag,fanduel,2025-05-03 19:05:38+00:00,2025-05-03 23:10:00+00:00,2025-05-03,5,4.6624618657792185,Jameson Taillon,CHC,MIL,0.49107734717480955,0.41975145425700683,0.04489570382649544,1.0,0.1196563515585658,-0.160608092093517,over,0.1196563515585658,True,2.2800000000000002,1.2800000000000002
778239,701656,Logan Henderson,9,4.5,112.0,-102.0,williamhill_us,fanduel,2025-04-20 14:05:38+00:00,2025-04-20 18:10:00+00:00,2025-04-20,9,4.3460127325164395,Logan Henderson,MIL,ATH,0.4346317470618448,0.48297628156082634,-0.02335139174294787,1.0,-0.07858069622888897,0.1196508538579153,under,0.1196508538579153,False,1.9803921568627452,-1.0
776367,677960,Ryan Weathers,4,4.5,-130.0,106.0,bovada,betonlineag,2025-09-11 18:40:39+00:00,2025-09-11 22:40:00+00:00,2025-09-11,4,4.467366631286107,Ryan Weathers,MIA,WSH,0.4565349815538715,0.5379670550421856,0.050654284508231395,0.0,-0.19228426340468885,0.11953793799902468,under,0.11953793799902468,True,2.06,1.06
777219,607200,Erick Fedde,0,3.5,-135.0,130.0,bovada,fanduel,2025-07-06 18:10:37+00:00,2025-07-06 22:10:00+00:00,2025-07-06,0,3.77396101536759,Erick Fedde,STL,CHC,0.513415528330805,0.5692025664527957,0.009250693802035137,0.0,-0.1062766729056358,0.11914428483914863,under,0.11914428483914863,True,2.3,1.2999999999999998
777717,615698,Cal Quantrill,7,3.5,130.0,-160.0,betrivers,fanduel,2025-05-30 19:10:37+00:00,2025-05-30 23:10:00+00:00,2025-05-30,7,3.6383858801562674,Cal Quantrill,MIA,SF,0.48655334743399886,0.4140127388535032,0.050167224080267525,1.0,0.1190726990981974,-0.1656491895802482,over,0.1190726990981974,True,2.3,1.2999999999999998
777458,700241,Michael McGreevy,5,4.5,-130.0,108.0,fanatics,fanduel,2025-06-19 17:40:37+00:00,2025-06-19 18:15:00+00:00,2025-06-19,5,5.541734426491081,Michael McGreevy,STL,CWS,0.6323880390506487,0.5403677058353318,0.04598662207357851,1.0,0.11884037678191683,-0.2353671212253492,over,0.11884037678191683,True,1.7692307692307692,0.7692307692307692
776741,645261,Sandy Alcantara,7,4.5,122.0,-120.0,fanduel,fanatics,2025-08-15 19:10:38+00:00,2025-08-15 23:10:00+00:00,2025-08-15,7,4.7365592443943,Sandy Alcantara,MIA,BOS,0.5039451586852375,0.45230263157894735,-0.004095004095004073,1.0,0.11875825228122716,-0.09056612425626864,over,0.11875825228122716,True,2.2199999999999998,1.2199999999999998
777169,693433,Bryan Woo,5,5.5,-138.0,120.0,fanduel,bovada,2025-07-10 19:05:38+00:00,2025-07-10 23:05:00+00:00,2025-07-10,5,5.6674152602486405,Bryan Woo,SEA,NYY,0.4914793453097561,0.5605612998522895,0.03437738731856377,0.0,-0.1523762015672322,0.11874544031853662,under,0.11874544031853662,True,2.2,1.2000000000000002
777590,547179,Michael Lorenzen,7,4.5,126.0,-150.0,fanduel,draftkings,2025-06-08 14:10:37+00:00,2025-06-08 18:10:00+00:00,2025-06-08,7,4.683839535555395,Michael Lorenzen,KC,CWS,0.4948050165074689,0.42444821731748733,0.04247787610619458,1.0,0.11825933730687965,-0.15800836084578151,over,0.11825933730687965,True,2.26,1.2599999999999998
777273,690953,Mick Abel,3,3.5,110.0,-128.0,draftkings,fanduel,2025-07-02 13:00:38+00:00,2025-07-02 17:05:00+00:00,2025-07-02,3,3.091059806734059,Mick Abel,PHI,SD,0.3722366475328243,0.4589371980676328,0.03759398496240607,0.0,-0.21830304018106894,0.11820347158215672,under,0.11820347158215672,True,1.78125,0.78125
777063,554430,Zack Wheeler,10,7.5,-155.0,123.0,betmgm,betrivers,2025-07-21 18:40:38+00:00,2025-07-21 22:45:00+00:00,2025-07-21,10,7.728590158148903,Zack Wheeler,PHI,BOS,0.4985883718032239,0.5754599184217097,0.056273630528444585,1.0,-0.17974171090437363,0.1181479308788107,under,0.1181479308788107,False,2.23,-1.0
777537,676979,Garrett Crochet,7,7.5,-123.0,112.0,betonlineag,betrivers,2025-06-13 19:10:37+00:00,2025-06-13 23:10:00+00:00,2025-06-13,7,7.53093828520717,Garrett Crochet,BOS,NYY,0.4725751202999369,0.5390276170001653,0.023267619934004724,0.0,-0.14321746482206554,0.11814074496413385,under,0.11814074496413385,True,2.12,1.12
776913,656427,Jack Flaherty,7,6.5,120.0,-130.0,bovada,fanduel,2025-08-01 18:40:38+00:00,2025-08-01 22:45:00+00:00,2025-08-01,7,5.830037581231374,Jack Flaherty,DET,PHI,0.36805313471038015,0.44573643410852715,0.019762845849802257,1.0,-0.1902831036371636,0.11805983858932745,under,0.11805983858932745,False,1.7692307692307692,-1.0
776725,592836,Taijuan Walker,3,3.5,-110.0,-110.0,fanduel,draftkings,2025-08-16 16:05:38+00:00,2025-08-16 20:05:00+00:00,2025-08-16,3,3.288783264989367,Taijuan Walker,PHI,WSH,0.4143801794062355,0.5,0.04761904761904767,0.0,-0.20891056658809581,0.1180014756790051,under,0.1180014756790051,True,1.9090909090909092,0.9090909090909092
777958,682243,Bryce Miller,3,4.5,-125.0,115.0,bovada,betmgm,2025-05-11 16:05:37+00:00,2025-05-11 20:10:00+00:00,2025-05-11,3,4.599509817031464,Bryce Miller,SEA,TOR,0.48003152011961775,0.5443037974683544,0.02067183462532296,0.0,-0.13594326378468802,0.11793223174282197,under,0.11793223174282197,True,2.15,1.15
777005,601713,Nick Pivetta,4,5.5,125.0,-154.0,draftkings,mybookieag,2025-07-25 19:15:38+00:00,2025-07-25 23:15:00+00:00,2025-07-25,4,5.701809617009836,Nick Pivetta,SD,STL,0.4968444806609396,0.42298084929225643,0.05074365704286965,0.0,0.11790008148711406,-0.17012011745375744,over,0.11790008148711406,False,2.25,-1.0
776684,608372,Tomoyuki Sugano,3,3.5,-110.0,-108.0,betrivers,betonlineag,2025-08-19 19:05:39+00:00,2025-08-19 23:10:00+00:00,2025-08-19,3,4.159861764234521,Tomoyuki Sugano,BAL,BOS,0.5855409450040561,0.5021949078138718,0.04304029304029311,0.0,0.11785089500774348,-0.2017825607485524,over,0.11785089500774348,False,1.9090909090909092,-1.0
776460,519242,Chris Sale,9,7.5,-135.0,110.0,betonlineag,fanatics,2025-09-05 19:15:38+00:00,2025-09-05 23:15:00+00:00,2025-09-05,9,7.494660564239488,Chris Sale,ATL,SEA,0.4677521193922886,0.5467695274831245,0.050658561296859084,1.0,-0.1857648292060161,0.11772054927619391,under,0.11772054927619391,False,2.1,-1.0
777054,593423,Frankie Montas,6,5.5,105.0,-120.0,draftkings,fanduel,2025-07-22 19:10:38+00:00,2025-07-22 23:10:00+00:00,2025-07-22,6,6.019756235068858,Frankie Montas,NYM,LAA,0.5452197503442584,0.4721030042918455,0.03325942350332589,1.0,0.11770048820572954,-0.16623620896447366,over,0.11770048820572954,True,2.05,1.0499999999999998
777902,663903,Brady Singer,4,4.5,-112.0,108.0,betrivers,fanduel,2025-05-16 18:35:38+00:00,2025-05-16 21:10:00+00:00,2025-05-16,4,4.501844742824181,Brady Singer,CIN,CLE,0.4627036822253861,0.5235526788924847,0.00907111756168355,0.0,-0.12416803007337629,0.11757634097119696,under,0.11757634097119696,True,2.08,1.08
776749,601713,Nick Pivetta,5,5.5,-113.0,-105.0,betrivers,draftkings,2025-08-13 15:45:38+00:00,2025-08-13 19:45:00+00:00,2025-08-13,5,6.350041891350673,Nick Pivetta,SD,SF,0.592796558985919,0.5087854162090929,0.04271155387610204,0.0,0.11739528375221897,-0.20498375802012758,over,0.11739528375221897,False,1.8849557522123894,-1.0
778303,694297,Brandon Pfaadt,6,5.5,-106.0,-103.0,fanduel,betonlineag,2025-04-16 18:35:39+00:00,2025-04-16 22:40:00+00:00,2025-04-16,6,5.3011361257993705,Brandon Pfaadt,AZ,MIA,0.43306257497543993,0.5035099213777612,0.02195226935769279,1.0,-0.15838782599112622,0.11736210951442416,under,0.11736210951442416,False,1.970873786407767,-1.0
776703,657277,Logan Webb,7,6.5,143.0,-155.0,betrivers,draftkings,2025-08-17 16:05:39+00:00,2025-08-17 20:05:00+00:00,2025-08-17,7,6.450078414897159,Logan Webb,SF,TB,0.45974730070351477,0.4037045832343862,0.019365770999757892,1.0,0.1171859407095408,-0.11119717212513724,over,0.1171859407095408,True,2.4299999999999997,1.4299999999999997
777880,690953,Mick Abel,9,4.5,-112.0,-105.0,fanduel,betmgm,2025-05-18 13:30:37+00:00,2025-05-18 17:35:00+00:00,2025-05-18,9,5.261040702878387,Mick Abel,PHI,PIT,0.5901965820387238,0.5077399380804954,0.040497008743672236,1.0,0.11715781600187003,-0.19990761255179412,over,0.11715781600187003,True,1.8928571428571428,0.8928571428571428
777179,622608,Antonio Senzatela,3,3.5,136.0,-165.0,fanduel,betrivers,2025-07-09 19:10:38+00:00,2025-07-09 23:10:00+00:00,2025-07-09,3,3.573040978571813,Antonio Senzatela,COL,BOS,0.4733584027213658,0.4049511002444988,0.04637032299328414,0.0,0.11712583042242342,-0.15418167709795116,over,0.11712583042242342,False,2.3600000000000003,-1.0
777354,592332,Kevin Gausman,6,5.5,125.0,-132.0,draftkings,fanduel,2025-06-26 13:05:37+00:00,2025-06-26 17:10:00+00:00,2025-06-26,6,4.882870316064138,Kevin Gausman,TOR,CLE,0.36450396041318484,0.43856332703213613,0.013409961685823646,1.0,-0.17986608907033408,0.11693243321319047,under,0.11693243321319047,False,1.7575757575757576,-1.0
777682,808967,Yoshinobu Yamamoto,2,6.5,-103.0,-110.0,betrivers,fanduel,2025-06-01 19:10:37+00:00,2025-06-01 23:10:00+00:00,2025-06-01,2,6.145600994413703,Yoshinobu Yamamoto,LAD,NYY,0.4150228213228166,0.49203821656050956,0.031198686371100237,0.0,-0.18204240069386635,0.11677461383825927,under,0.11677461383825927,True,1.9090909090909092,0.9090909090909092
777017,605288,Adrian Houser,3,3.5,-115.0,-102.0,fanatics,fanduel,2025-07-25 19:40:38+00:00,2025-07-25 23:40:00+00:00,2025-07-25,3,4.226556192267991,Adrian Houser,CWS,CHC,0.5972947492191772,0.5143932683790965,0.039834215979737575,0.0,0.11668148767063569,-0.20248567982621368,over,0.11668148767063569,False,1.8695652173913042,-1.0
777107,686563,Jonathan Cannon,2,3.5,-129.0,120.0,betrivers,bovada,2025-07-18 18:35:38+00:00,2025-07-18 22:40:00+00:00,2025-07-18,2,4.412759934493233,Jonathan Cannon,CWS,PIT,0.6289312218248413,0.5534321372854915,0.017864231838030875,0.0,0.11647480463479587,-0.18364868801465073,over,0.11647480463479587,False,1.7751937984496124,-1.0
778448,808963,Roki Sasaki,4,4.5,130.0,-135.0,betmgm,betonlineag,2025-04-05 16:00:38+00:00,2025-04-05 20:05:00+00:00,2025-04-05,4,3.933498766964778,Roki Sasaki,LAD,PHI,0.3586456247324549,0.4307974335472044,0.009250693802035137,0.0,-0.17511506311535374,0.11643169028054134,under,0.11643169028054134,True,1.7407407407407407,0.7407407407407407
777772,641927,Bailey Ober,3,4.5,-145.0,130.0,betmgm,draftkings,2025-05-25 14:10:38+00:00,2025-05-25 18:10:00+00:00,2025-05-25,3,4.79918011798178,Bailey Ober,MIN,KC,0.514700741569098,0.5764909248055315,0.02661934338952965,0.0,-0.13033322976255857,0.11618829439107459,under,0.11618829439107459,True,2.3,1.2999999999999998
777113,680573,Simeon Woods Richardson,3,4.5,125.0,-128.0,betmgm,fanduel,2025-07-13 14:10:37+00:00,2025-07-13 18:10:00+00:00,2025-07-13,3,4.690559895614974,Simeon Woods Richardson,MIN,PIT,0.4959743457312629,0.4418604651162791,0.005847953216374213,0.0,0.11594227789534162,-0.10220430333381203,over,0.11594227789534162,False,2.25,-1.0
777928,663436,Davis Martin,5,4.5,135.0,-156.0,bovada,fanduel,2025-05-14 19:10:38+00:00,2025-05-14 23:14:00+00:00,2025-05-14,5,4.5702662955435605,Davis Martin,CWS,CIN,0.4748666833232278,0.41117892707998716,0.03490691489361697,1.0,0.11593670580958526,-0.13824276237657895,over,0.11593670580958526,True,2.35,1.35
778168,663554,Casey Mize,5,4.5,120.0,-117.0,bovada,williamhill_us,2025-04-26 13:05:38+00:00,2025-04-26 17:10:00+00:00,2025-04-26,5,4.147902388656638,Casey Mize,DET,BAL,0.39835406973027027,0.4574198988195615,-0.006284038542103021,1.0,-0.12362104659340534,0.11587322109855847,under,0.11587322109855847,False,1.8547008547008548,-1.0
777321,682990,Quinn Priester,11,4.5,-165.0,132.0,draftkings,betrivers,2025-06-28 16:10:38+00:00,2025-06-28 20:10:00+00:00,2025-06-28,11,4.824657478250474,Quinn Priester,MIL,COL,0.5190440970647817,0.5909231244211176,0.0536759921925829,1.0,-0.1663837228959567,0.1158176948097065,under,0.1158176948097065,False,2.3200000000000003,-1.0
776986,608372,Tomoyuki Sugano,8,3.5,-147.0,130.0,betonlineag,draftkings,2025-07-27 13:35:37+00:00,2025-07-27 17:35:00+00:00,2025-07-27,8,4.632311853578576,Tomoyuki Sugano,BAL,COL,0.6639531984005521,0.5778499401811656,0.02992430910051036,1.0,0.11562204084990713,-0.2270923563212699,over,0.11562204084990713,True,1.6802721088435373,0.6802721088435373
777068,608372,Tomoyuki Sugano,4,3.5,125.0,-146.0,fanatics,fanduel,2025-07-21 18:35:38+00:00,2025-07-21 22:40:00+00:00,2025-07-21,4,3.684518739726712,Tomoyuki Sugano,BAL,CLE,0.4957742506143563,0.4281984334203655,0.03794037940379402,1.0,0.11549206388230182,-0.1504141482954222,over,0.11549206388230182,True,2.25,1.25
778428,571760,Andrew Heaney,10,4.5,-125.0,115.0,fanatics,bovada,2025-04-06 13:30:38+00:00,2025-04-06 17:35:00+00:00,2025-04-06,10,4.606231558759817,Andrew Heaney,PIT,NYY,0.48121571907912,0.5443037974683544,0.02067183462532296,1.0,-0.13381170565758405,0.11538620397989208,under,0.11538620397989208,False,2.15,-1.0
777777,571578,Patrick Corbin,6,4.5,116.0,-129.0,fanduel,betrivers,2025-05-25 14:10:38+00:00,2025-05-25 18:10:00+00:00,2025-05-25,6,4.808146635379364,Patrick Corbin,TEX,CWS,0.5162315290965507,0.451107083760145,0.02628174025553931,1.0,0.11506010284854962,-0.14121721056674497,over,0.11506010284854962,True,2.16,1.1600000000000001
777915,622491,Luis Castillo,6,5.5,120.0,-148.0,draftkings,fanduel,2025-05-14 16:05:38+00:00,2025-05-14 20:10:00+00:00,2025-05-14,6,4.701107674244347,Luis Castillo,SEA,NYY,0.3345633276197857,0.43235704323570434,0.0513196480938416,1.0,-0.2639606792364714,0.11505604561008886,under,0.11505604561008886,False,1.6756756756756757,-1.0
776206,676979,Garrett Crochet,6,6.5,102.0,-115.0,fanduel,draftkings,2025-09-24 19:05:42+00:00,2025-09-24 23:07:00+00:00,2025-09-24,6,6.068732784727879,Garrett Crochet,BOS,TOR,0.40361603906186816,0.48066174826738206,0.029933225880727665,0.0,-0.18469560109502636,0.11497870957998546,under,0.11497870957998546,True,1.8695652173913042,0.8695652173913042
778099,592836,Taijuan Walker,2,3.5,-118.0,-103.0,fanduel,betrivers,2025-05-01 18:40:39+00:00,2025-05-01 22:45:00+00:00,2025-05-01,2,3.3835212091626983,Taijuan Walker,PHI,WSH,0.4342899990818418,0.5161610067229787,0.048673566231301146,0.0,-0.19766762881490252,0.11494301151831166,under,0.11494301151831166,True,1.970873786407767,0.970873786407767
777365,687064,Brandon Young,2,4.5,125.0,-152.0,betmgm,fanduel,2025-06-25 18:35:37+00:00,2025-06-25 22:35:00+00:00,2025-06-25,2,4.687701659600043,Brandon Young,BAL,TEX,0.49547716643975714,0.4242424242424243,0.04761904761904745,0.0,0.1148236244894536,-0.16355424962380782,over,0.1148236244894536,False,2.25,-1.0
776749,678906,Kai-Wei Teng,0,3.5,110.0,-125.0,betonlineag,betmgm,2025-08-13 15:45:38+00:00,2025-08-13 19:45:00+00:00,2025-08-13,0,3.8638044873931783,Kai-Wei Teng,SF,SD,0.5308045754655464,0.46153846153846156,0.03174603174603163,0.0,0.11468960847764742,-0.1554482358379835,over,0.11468960847764742,False,2.1,-1.0
778081,671106,Logan Allen,4,3.5,128.0,-140.0,betrivers,draftkings,2025-05-02 19:05:39+00:00,2025-05-02 23:07:00+00:00,2025-05-02,4,3.650083143015594,Logan Allen,CLE,TOR,0.4888989465069416,0.4291845493562232,0.021929824561403466,1.0,0.1146895980358269,-0.12382676544047111,over,0.1146895980358269,True,2.2800000000000002,1.2800000000000002
776938,641793,Zack Littell,4,4.5,130.0,-156.0,draftkings,fanduel,2025-07-30 19:05:38+00:00,2025-07-30 23:05:00+00:00,2025-07-30,4,4.625681387964214,Zack Littell,TB,NYY,0.48463592941710826,0.41639557579700714,0.044157608695652106,0.0,0.11466263765934892,-0.15427434571012644,over,0.11466263765934892,False,2.3,-1.0
777523,801403,Chase Dollander,4,4.5,125.0,-140.0,betmgm,draftkings,2025-06-14 16:10:37+00:00,2025-06-14 20:10:00+00:00,2025-06-14,4,4.687224986176648,Chase Dollander,COL,ATL,0.4953942295663365,0.43243243243243246,0.02777777777777768,0.0,0.11463701652425717,-0.13496153639943398,over,0.11463701652425717,False,2.25,-1.0
776845,683004,Jack Leiter,3,4.5,-182.0,132.0,betrivers,betrivers,2025-08-06 14:30:38+00:00,2025-08-06 18:35:00+00:00,2025-08-06,3,4.827716948866415,Jack Leiter,TEX,NYY,0.5195643786679511,0.5995683289787572,0.07642455368060652,0.0,-0.1949606879980098,0.1146106414903536,under,0.1146106414903536,True,2.3200000000000003,1.3200000000000003
777719,656550,Grant Holmes,9,5.5,-150.0,140.0,fanduel,bovada,2025-05-30 19:10:37+00:00,2025-05-30 23:15:00+00:00,2025-05-30,9,5.955161972176896,Grant Holmes,ATL,BOS,0.5355823332746704,0.5901639344262295,0.016666666666666607,1.0,-0.10736277787554938,0.11460240014079104,under,0.11460240014079104,False,2.4,-1.0
777894,554430,Zack Wheeler,6,7.5,-115.0,-103.0,bovada,betonlineag,2025-05-17 18:00:38+00:00,2025-05-17 22:05:00+00:00,2025-05-17,6,7.2472849250579205,Zack Wheeler,PHI,PIT,0.43453540636762833,0.5131897120246207,0.04227288349180891,0.0,-0.18760771853008618,0.11445934473176167,under,0.11445934473176167,True,1.970873786407767,0.970873786407767
777397,543294,Kyle Hendricks,2,3.5,130.0,-156.0,fanatics,fanduel,2025-06-22 16:05:37+00:00,2025-06-22 20:07:00+00:00,2025-06-22,2,3.6283594211767753,Kyle Hendricks,LAA,HOU,0.4845387536904102,0.41639557579700714,0.044157608695652106,0.0,0.11443913348794332,-0.1541148778509296,over,0.11443913348794332,False,2.3,-1.0
778422,663460,Kris Bubic,8,5.5,105.0,-121.0,betmgm,betrivers,2025-04-06 14:05:38+00:00,2025-04-06 18:10:00+00:00,2025-04-06,8,6.008306815283844,Kris Bubic,KC,BAL,0.5435190322551432,0.4711651209892335,0.0353161902659751,1.0,0.11421401612304338,-0.16626203411889795,over,0.11421401612304338,True,2.05,1.0499999999999998
776760,693645,Cam Schlittler,6,4.5,-160.0,130.0,fanatics,fanduel,2025-08-13 19:00:39+00:00,2025-08-13 23:05:00+00:00,2025-08-13,6,4.804663524609634,Cam Schlittler,NYY,MIN,0.5156371637474086,0.5859872611464969,0.050167224080267525,1.0,-0.16208960891046098,0.1140345233809601,under,0.1140345233809601,False,2.3,-1.0
778301,665152,Dean Kremer,2,4.5,-126.0,110.0,fanduel,draftkings,2025-04-16 18:30:39+00:00,2025-04-16 22:35:00+00:00,2025-04-16,2,4.541883607133839,Dean Kremer,BAL,CLE,0.46983431597926056,0.5393395841826336,0.03371260008428134,0.0,-0.1572813062594216,0.11334793644355279,under,0.11334793644355279,True,2.1,1.1
776330,676979,Garrett Crochet,12,7.5,-148.0,120.0,betrivers,betmgm,2025-09-14 19:05:38+00:00,2025-09-14 23:10:00+00:00,2025-09-14,12,7.693205767250056,Garrett Crochet,BOS,NYY,0.4939664103593569,0.5676429567642958,0.0513196480938416,1.0,-0.17227250155999652,0.11327389720941494,under,0.11327389720941494,False,2.2,-1.0
777403,669302,Logan Gilbert,6,6.5,114.0,-130.0,fanduel,fanatics,2025-06-22 14:20:37+00:00,2025-06-22 18:20:00+00:00,2025-06-22,6,5.848517228888211,Logan Gilbert,SEA,CHC,0.3708097483615391,0.45257772530499807,0.03250711093051595,0.0,-0.20646713850630638,0.11318275289881541,under,0.11318275289881541,True,1.7692307692307692,0.7692307692307692
776337,657746,Joe Ryan,4,5.5,-143.0,120.0,betrivers,fanatics,2025-09-13 19:05:39+00:00,2025-09-13 23:10:00+00:00,2025-09-13,4,5.684465233179601,Joe Ryan,MIN,AZ,0.49414189937354774,0.5642037302725968,0.043022820800598494,0.0,-0.16030432484075463,0.11288782137819497,under,0.11288782137819497,True,2.2,1.2000000000000002
776511,685299,Tanner Gordon,9,2.5,-144.0,120.0,fanduel,draftkings,2025-08-31 15:10:37+00:00,2025-08-31 19:10:00+00:00,2025-08-31,9,3.4455639208999163,Tanner Gordon,COL,CHC,0.6567189701182197,0.5649072753209701,0.04470938897168408,1.0,0.11277381047809443,-0.2447817342600832,over,0.11277381047809443,True,1.6944444444444444,0.6944444444444444
778268,669203,Corbin Burnes,3,5.5,115.0,-127.0,fanatics,betrivers,2025-04-18 14:15:39+00:00,2025-04-18 18:20:00+00:00,2025-04-18,3,4.9615672095462475,Corbin Burnes,AZ,CHC,0.37747349466660973,0.453954604539546,0.02458764470853403,0.0,-0.18843198646678916,0.11270485598960311,under,0.11270485598960311,True,1.7874015748031495,0.7874015748031495
776586,694297,Brandon Pfaadt,4,4.5,-101.0,-113.0,betonlineag,betrivers,2025-08-26 19:40:39+00:00,2025-08-26 23:40:00+00:00,2025-08-26,4,5.065455068750582,Brandon Pfaadt,AZ,MIL,0.559097469968078,0.48643331976665316,0.033003994113937285,0.0,0.1126593214216205,-0.1689182398513328,over,0.1126593214216205,False,1.99009900990099,-1.0
778218,676440,Tanner Bibee,5,5.5,-130.0,115.0,fanatics,draftkings,2025-04-22 18:05:38+00:00,2025-04-22 22:10:00+00:00,2025-04-22,5,5.610187543301902,Tanner Bibee,CLE,NYY,0.48250135719080095,0.5485770363101079,0.030333670374115274,0.0,-0.14634375266242916,0.11262208203977786,under,0.11262208203977786,True,2.15,1.15
776153,671096,Andrew Abbott,4,4.5,110.0,-122.0,betmgm,fanduel,2025-09-27 19:10:39+00:00,2025-09-27 23:15:00+00:00,2025-09-27,4,4.888360808076255,Andrew Abbott,CIN,MIL,0.529818851642979,0.46424090338770385,0.025740025740025763,0.0,0.1126195884502561,-0.14442446774378148,over,0.1126195884502561,False,2.1,-1.0
777832,686613,Hunter Brown,4,6.5,-129.0,110.0,betrivers,fanduel,2025-05-21 13:10:38+00:00,2025-05-21 17:10:00+00:00,2025-05-21,4,6.522412435393844,Hunter Brown,HOU,TB,0.4702273864548747,0.5419083816763353,0.039509253483052564,0.0,-0.16525525970413713,0.11252248844476309,under,0.11252248844476309,True,2.1,1.1
776851,624133,Ranger Suarez,3,6.5,123.0,-133.0,betrivers,mybookieag,2025-08-06 12:35:38+00:00,2025-08-06 16:35:00+00:00,2025-08-06,3,5.809612472586889,Ranger Suarez,PHI,BAL,0.3650064232536849,0.4399629902377311,0.019245943917319375,0.0,-0.18603567614428274,0.11243235625482262,under,0.11243235625482262,True,1.7518796992481203,0.7518796992481203
776645,666214,Joey Wentz,3,4.5,100.0,-107.0,fanatics,betrivers,2025-08-22 19:15:39+00:00,2025-08-22 23:15:00+00:00,2025-08-22,3,4.293082089363134,Joey Wentz,ATL,NYM,0.42499496772358114,0.4916864608076009,0.01690821256038655,0.0,-0.15001006455283772,0.1123929129085861,under,0.1123929129085861,True,1.9345794392523366,0.9345794392523366
778309,605488,Jeffrey Springs,4,5.5,-105.0,100.0,bovada,draftkings,2025-04-15 18:00:38+00:00,2025-04-15 23:40:00+00:00,2025-04-15,4,5.36756744004763,Jeffrey Springs,ATH,CWS,0.44380845494025484,0.5060240963855421,0.012195121951219523,0.0,-0.13351682606902626,0.11238309011949044,under,0.11238309011949044,True,2.0,1.0
776516,669432,Trevor Rogers,5,5.5,102.0,-116.0,betrivers,betonlineag,2025-08-30 19:15:38+00:00,2025-08-30 23:15:00+00:00,2025-08-30,5,6.056273133881858,Trevor Rogers,BAL,SF,0.5506219894625686,0.47965890922011006,0.03208654198753225,0.0,0.11225641871438863,-0.1632271527923691,over,0.11225641871438863,False,2.02,-1.0
777415,608718,Brent Suter,2,1.5,-110.0,-115.0,fanatics,betmgm,2025-06-21 14:15:37+00:00,2025-06-21 18:15:00+00:00,2025-06-21,2,1.9839989951228785,Brent Suter,CIN,STL,0.5825969958057806,0.4947698744769875,0.058693244739756345,1.0,0.11223062835649023,-0.2196378617238508,over,0.11223062835649023,True,1.9090909090909092,0.9090909090909092
777265,669022,MacKenzie Gore,2,6.5,-138.0,115.0,fanduel,fanatics,2025-07-02 18:40:38+00:00,2025-07-02 22:45:00+00:00,2025-07-02,2,6.6095922852587865,MacKenzie Gore,WSH,DET,0.48276639842694374,0.554890592855807,0.044948211842876784,0.0,-0.16740287807527088,0.11205224338207098,under,0.11205224338207098,True,2.15,1.15
776313,680573,Simeon Woods Richardson,11,4.5,-110.0,110.0,draftkings,betmgm,2025-09-15 19:35:39+00:00,2025-09-15 23:40:00+00:00,2025-09-15,11,4.545488731817968,Simeon Woods Richardson,MIN,NYY,0.4704745667018026,0.5238095238095238,0.0,1.0,-0.10182128175110405,0.11200340992621438,under,0.11200340992621438,False,2.1,-1.0
777293,657746,Joe Ryan,4,6.5,-109.0,100.0,betrivers,bovada,2025-07-01 18:35:37+00:00,2025-07-01 22:40:00+00:00,2025-07-01,4,6.343109355838219,Joe Ryan,MIN,MIA,0.4441360659103325,0.5105386416861827,0.021531100478468845,0.0,-0.14839965343798633,0.111727868179335,under,0.111727868179335,True,2.0,1.0
777960,642547,Freddy Peralta,4,5.5,117.0,-113.0,betrivers,fanduel,2025-05-12 18:05:38+00:00,2025-05-12 22:10:00+00:00,2025-05-12,4,5.160896606895747,Freddy Peralta,MIL,CLE,0.41021388396349967,0.46485236027149124,-0.008654074987559768,0.0,-0.10983587179920573,0.11172073199800514,under,0.11172073199800514,True,1.8849557522123894,0.8849557522123894
776801,641793,Zack Littell,3,4.5,115.0,-130.0,bovada,fanatics,2025-08-10 13:35:39+00:00,2025-08-10 17:35:00+00:00,2025-08-10,3,4.812982905686708,Zack Littell,CIN,PIT,0.5170562076077356,0.45142296368989204,0.030333670374115274,0.0,0.1116708463566316,-0.14556098269060924,over,0.1116708463566316,False,2.15,-1.0
777400,677944,Slade Cecconi,3,5.5,126.0,-160.0,fanduel,draftkings,2025-06-22 16:05:37+00:00,2025-06-22 20:05:00+00:00,2025-06-22,3,4.587312220685321,Slade Cecconi,CLE,ATH,0.3158956588209132,0.41827541827541825,0.05786249149081013,0.0,-0.28607581106473623,0.111669554416016,under,0.111669554416016,True,1.625,0.625
776830,681343,Shane Smith,8,4.5,-124.0,110.0,betrivers,draftkings,2025-08-07 16:10:39+00:00,2025-08-07 20:10:00+00:00,2025-08-07,8,4.54640568931474,Shane Smith,CWS,SEA,0.4706373652402073,0.5375722543352602,0.029761904761904656,1.0,-0.14981637246930302,0.1116615329955648,under,0.1116615329955648,False,2.1,-1.0
776642,434378,Justin Verlander,4,3.5,-130.0,110.0,draftkings,betrivers,2025-08-21 16:10:39+00:00,2025-08-21 20:10:00+00:00,2025-08-21,4,3.559811518882571,Justin Verlander,SF,SD,0.47066863936635517,0.5427435387673957,0.04140786749482395,1.0,-0.16727856112106398,0.11159585733065414,under,0.11159585733065414,False,2.1,-1.0
778033,680732,Sean Burke,2,3.5,100.0,-113.0,betonlineag,fanduel,2025-05-06 19:35:38+00:00,2025-05-06 23:40:00+00:00,2025-05-06,2,3.995715116902297,Sean Burke,CWS,KC,0.5556954331247406,0.4851936218678816,0.030516431924882514,0.0,0.11139086624948114,-0.16250555093424546,over,0.11139086624948114,False,2.0,-1.0
777668,642547,Freddy Peralta,9,5.5,-142.0,120.0,fanduel,draftkings,2025-06-03 19:05:37+00:00,2025-06-03 23:10:00+00:00,2025-06-03,9,5.689020347420903,Freddy Peralta,MIL,CIN,0.49485225652012177,0.5634920634920635,0.04132231404958686,1.0,-0.1566602388882432,0.11132503565573226,under,0.11132503565573226,False,2.2,-1.0
777230,671737,Taj Bradley,5,4.5,-157.0,125.0,betrivers,bovada,2025-07-05 14:10:37+00:00,2025-07-05 18:10:00+00:00,2025-07-05,5,4.749025221872102,Taj Bradley,TB,MIN,0.5060951842786956,0.5788611224907825,0.055339386078685715,1.0,-0.17155119516162576,0.1112858353729349,under,0.1112858353729349,False,2.25,-1.0
776416,543243,Sonny Gray,6,5.5,-110.0,107.0,betmgm,betrivers,2025-09-07 14:15:38+00:00,2025-09-07 18:15:00+00:00,2025-09-07,6,6.273826015054216,Sonny Gray,STL,SF,0.5820817451007217,0.5202193283070596,0.0069013112491373985,1.0,0.11124696791955979,-0.13490921235849385,over,0.11124696791955979,True,1.9090909090909092,0.9090909090909092
776843,542881,Tyler Anderson,5,4.5,130.0,-155.0,mybookieag,betmgm,2025-08-06 16:05:38+00:00,2025-08-06 20:07:00+00:00,2025-08-06,5,4.617011702298311,Tyler Anderson,LAA,TB,0.4831125571187414,0.4170073589533933,0.04262574595055413,1.0,0.11115888137310503,-0.14963678751792941,over,0.11115888137310503,True,2.3,1.2999999999999998
777423,690953,Mick Abel,1,4.5,135.0,-148.0,bovada,fanduel,2025-06-21 19:15:37+00:00,2025-06-21 23:15:00+00:00,2025-06-21,1,4.558717639850295,Mick Abel,PHI,NYM,0.47282135000099407,0.4162470627727425,0.022306108442004202,0.0,0.11113017250233614,-0.11661955946112534,over,0.11113017250233614,False,2.35,-1.0
777405,656849,David Peterson,4,4.5,-113.0,100.0,fanduel,betrivers,2025-06-22 19:10:37+00:00,2025-06-22 23:10:00+00:00,2025-06-22,4,5.25625453700528,David Peterson,NYM,PHI,0.5894517932784975,0.5148063781321185,0.030516431924882514,0.0,0.11109054839221222,-0.178903586556995,over,0.11109054839221222,False,1.8849557522123894,-1.0
776794,685299,Tanner Gordon,6,3.5,120.0,-142.0,fanatics,fanduel,2025-08-10 16:10:38+00:00,2025-08-10 20:10:00+00:00,2025-08-10,6,2.9785787646565867,Tanner Gordon,COL,AZ,0.34803825380180353,0.43650793650793646,0.04132231404958686,1.0,-0.23431584163603214,0.11108973647861653,under,0.11108973647861653,False,1.704225352112676,-1.0
776492,801403,Chase Dollander,2,3.5,-135.0,115.0,betmgm,draftkings,2025-09-01 16:10:38+00:00,2025-09-01 20:10:00+00:00,2025-09-01,2,4.469891450431073,Chase Dollander,COL,SF,0.6382840337262699,0.552594002855783,0.03958436417615041,0.0,0.11108702167165485,-0.22231067251148018,over,0.11108702167165485,False,1.7407407407407407,-1.0
777083,656550,Grant Holmes,2,5.5,-177.0,128.0,betrivers,betrivers,2025-07-20 13:35:38+00:00,2025-07-20 17:35:00+00:00,2025-07-20,2,5.804731377860407,Grant Holmes,ATL,NYY,0.5127532664692558,0.5929822499118372,0.07758566090316044,0.0,-0.19755562253116465,0.11092255245009697,under,0.11092255245009697,True,2.2800000000000002,1.2800000000000002
777819,657277,Logan Webb,5,4.5,-190.0,140.0,betrivers,betrivers,2025-05-21 15:45:38+00:00,2025-05-21 19:45:00+00:00,2025-05-21,5,4.9320944115442575,Logan Webb,SF,KC,0.5371433834219986,0.6112600536193029,0.07183908045977017,1.0,-0.1801495726716864,0.11085587978720324,under,0.11085587978720324,False,2.4,-1.0
777916,593958,Eduardo Rodriguez,4,5.5,130.0,-160.0,draftkings,fanduel,2025-05-14 15:40:38+00:00,2025-05-14 19:45:00+00:00,2025-05-14,4,5.613229268584283,Eduardo Rodriguez,AZ,SF,0.4829801100390584,0.4140127388535032,0.050167224080267525,0.0,0.11085425308983421,-0.15984267881346992,over,0.11085425308983421,False,2.3,-1.0
776685,669373,Tarik Skubal,10,6.5,-177.0,128.0,betrivers,betrivers,2025-08-19 18:40:39+00:00,2025-08-19 22:40:00+00:00,2025-08-19,10,6.821638773059465,Tarik Skubal,DET,HOU,0.5127862904658734,0.5929822499118372,0.07758566090316044,1.0,-0.19750394090933932,0.11084725773780879,under,0.11084725773780879,False,2.2800000000000002,-1.0
776469,805673,Zebby Matthews,5,5.5,125.0,-127.0,draftkings,betrivers,2025-09-03 19:40:39+00:00,2025-09-03 23:40:00+00:00,2025-09-03,5,5.681200190553735,Zebby Matthews,MIN,CWS,0.4936324705514327,0.4427108727450025,0.003915810083210847,0.0,0.11067305874072364,-0.09491788043445071,over,0.11067305874072364,False,2.25,-1.0
776187,684007,Shota Imanaga,3,4.5,-141.0,120.0,draftkings,bovada,2025-09-25 19:40:41+00:00,2025-09-25 23:40:00+00:00,2025-09-25,3,4.686084908568913,Shota Imanaga,CHC,NYM,0.4951958416370301,0.5627721335268505,0.03960769520935492,0.0,-0.1536014337977002,0.11056914839853382,under,0.11056914839853382,True,2.2,1.2000000000000002
778088,608331,Max Fried,6,5.5,-110.0,-105.0,bovada,betmgm,2025-05-02 19:00:39+00:00,2025-05-02 23:05:00+00:00,2025-05-02,6,6.271055164370206,Max Fried,NYY,TB,0.5816891319541976,0.5056053811659194,0.03600464576074325,1.0,0.11049743373074095,-0.1832978290534334,over,0.11049743373074095,True,1.9090909090909092,0.9090909090909092
776921,663903,Brady Singer,10,4.5,-190.0,138.0,betrivers,betrivers,2025-08-01 12:40:38+00:00,2025-08-01 16:40:00+00:00,2025-08-01,10,4.909796226289846,Brady Singer,CIN,ATL,0.5334163741932129,0.6092697386149285,0.07534048101999424,1.0,-0.18583816570509626,0.11046902942015335,under,0.11046902942015335,False,2.38,-1.0
777229,669461,Matthew Liberatore,4,4.5,130.0,-162.0,betmgm,fanduel,2025-07-05 14:20:37+00:00,2025-07-05 18:20:00+00:00,2025-07-05,4,4.615181675468703,Matthew Liberatore,STL,CHC,0.4827907565856761,0.4128584935392373,0.05310321938267504,0.0,0.11041874014705488,-0.16352579151510582,over,0.11041874014705488,False,2.3,-1.0
776750,688138,Logan Evans,1,4.5,136.0,-165.0,fanduel,draftkings,2025-08-14 13:05:39+00:00,2025-08-14 17:05:00+00:00,2025-08-14,1,4.5456498032225365,Logan Evans,SEA,BAL,0.47050316507002937,0.4049511002444988,0.04637032299328414,0.0,0.11038746956526957,-0.1495959923851986,over,0.11038746956526957,False,2.3600000000000003,-1.0
778402,594902,Ben Lively,4,4.5,111.0,-115.0,betonlineag,fanatics,2025-04-08 16:05:39+00:00,2025-04-08 20:10:00+00:00,2025-04-08,4,4.190274755117027,Ben Lively,CLE,CWS,0.4061571899084581,0.4697913252485524,0.008817370219332155,0.0,-0.1430083292931532,0.11022786234505633,under,0.11022786234505633,True,1.8695652173913042,0.8695652173913042
777484,621107,Zach Eflin,2,4.5,110.0,-120.0,fanatics,draftkings,2025-06-16 19:35:37+00:00,2025-06-16 23:35:00+00:00,2025-06-16,2,4.880969897254707,Zach Eflin,BAL,TB,0.5285751168837528,0.4661016949152542,0.02164502164502169,0.0,0.11000774545588099,-0.13572104762021342,over,0.11000774545588099,False,2.1,-1.0
777157,665795,Edward Cabrera,6,5.5,-115.0,-103.0,fanduel,betonlineag,2025-07-11 19:05:38+00:00,2025-07-11 23:05:00+00:00,2025-07-11,6,5.324385055753608,Edward Cabrera,MIA,BAL,0.43682963704755023,0.5131897120246207,0.04227288349180891,1.0,-0.18331850465023225,0.10993770562473126,under,0.10993770562473126,False,1.970873786407767,-1.0
776844,592662,Robbie Ray,8,6.5,-125.0,108.0,fanatics,fanduel,2025-08-06 12:35:38+00:00,2025-08-06 16:35:00+00:00,2025-08-06,8,6.496321354817648,Robbie Ray,SF,PIT,0.4664548125814935,0.5360824742268041,0.03632478632478642,1.0,-0.16038133735331161,0.10977398983049347,under,0.10977398983049347,False,2.08,-1.0
776160,663623,Jake Irvin,6,3.5,-175.0,125.0,betrivers,betrivers,2025-09-27 16:00:39+00:00,2025-09-27 20:05:00+00:00,2025-09-27,6,3.7405679625981603,Jake Irvin,WSH,CWS,0.5068666270308116,0.5887850467289719,0.08080808080808088,1.0,-0.20349530038015318,0.10955008918067377,under,0.10955008918067377,False,2.25,-1.0
777858,686752,Ryan Pepiot,2,4.5,-180.0,135.0,betrivers,betrivers,2025-05-19 19:00:37+00:00,2025-05-19 23:05:00+00:00,2025-05-19,2,4.876723043564736,Ryan Pepiot,TB,HOU,0.5278596973335886,0.6017069701280228,0.06838905775075999,0.0,-0.1788849152588622,0.1095297112660667,under,0.1095297112660667,True,2.35,1.35
778440,681293,Spencer Arrighetti,3,5.5,-122.0,110.0,fanduel,bovada,2025-04-05 14:05:39+00:00,2025-04-05 18:10:00+00:00,2025-04-05,3,5.541956445551528,Spencer Arrighetti,HOU,MIN,0.47171798358245676,0.5357590966122961,0.025740025740025763,0.0,-0.1416279315138902,0.10939223447684077,under,0.10939223447684077,True,2.1,1.1
776330,701542,Will Warren,2,4.5,-135.0,125.0,draftkings,bovada,2025-09-14 19:05:38+00:00,2025-09-14 23:10:00+00:00,2025-09-14,2,5.575403908954149,Will Warren,NYY,BOS,0.6372481158356538,0.5638051044083527,0.01891252955082745,0.0,0.10928375719539729,-0.18380826063022093,over,0.10928375719539729,False,1.7407407407407407,-1.0
776165,676917,Cade Cavalli,6,4.5,-108.0,-105.0,draftkings,betmgm,2025-09-26 18:45:40+00:00,2025-09-26 22:45:00+00:00,2025-09-26,6,4.330613946941378,Cade Cavalli,WSH,CWS,0.4318329758046959,0.5034106412005458,0.031425891181988685,1.0,-0.1683216762279931,0.10927847580987926,under,0.10927847580987926,False,1.9523809523809523,-1.0
777127,694738,Landen Roupp,8,3.5,-140.0,136.0,fanduel,betonlineag,2025-07-12 16:05:37+00:00,2025-07-12 20:05:00+00:00,2025-07-12,8,4.524542255162396,Landen Roupp,SF,LAD,0.6470734499449015,0.5792426367461432,0.007062146892655274,1.0,0.10926877133411694,-0.16709334186996738,over,0.10926877133411694,True,1.7142857142857144,0.7142857142857144
776465,700249,Cade Povich,3,4.5,110.0,-140.0,betonlineag,fanduel,2025-09-03 16:10:38+00:00,2025-09-03 20:10:00+00:00,2025-09-03,3,4.878640321165825,Cade Povich,BAL,SD,0.5281827483285094,0.449438202247191,0.059523809523809534,0.0,0.1091837714898698,-0.19117042570601606,over,0.1091837714898698,False,2.1,-1.0
776261,676979,Garrett Crochet,9,7.5,-135.0,116.0,betmgm,fanduel,2025-09-19 19:35:39+00:00,2025-09-19 23:35:00+00:00,2025-09-19,9,7.636483580593432,Garrett Crochet,BOS,TB,0.48652433205686296,0.5537409798708697,0.03743104806934605,1.0,-0.15308727382694232,0.1091074427571761,under,0.1091074427571761,False,2.16,-1.0
777219,571510,Matthew Boyd,9,4.5,-182.0,132.0,betrivers,betrivers,2025-07-06 18:10:37+00:00,2025-07-06 22:10:00+00:00,2025-07-06,9,4.842385938036484,Matthew Boyd,CHC,STL,0.5220550379902438,0.5995683289787572,0.07642455368060652,1.0,-0.19110153454258927,0.10883231186263465,under,0.10883231186263465,False,2.3200000000000003,-1.0
777436,669923,George Kirby,3,4.5,-160.0,129.0,fanatics,betonlineag,2025-06-20 14:20:37+00:00,2025-06-20 18:20:00+00:00,2025-06-20,3,4.805903158347878,George Kirby,SEA,CHC,0.5158487383668395,0.5849297573435503,0.05206583809203913,0.0,-0.16174580015388573,0.10870638913993758,under,0.10870638913993758,True,2.29,1.29
777818,543135,Nathan Eovaldi,6,5.5,-130.0,105.0,fanduel,draftkings,2025-05-22 12:30:37+00:00,2025-05-22 16:35:00+00:00,2025-05-22,6,5.463177241705126,Nathan Eovaldi,TEX,NYY,0.4591682442932487,0.5367573011077543,0.05302226935312815,1.0,-0.18762541394271381,0.10870509919883986,under,0.10870509919883986,False,2.05,-1.0
778346,656849,David Peterson,5,4.5,-140.0,115.0,draftkings,fanatics,2025-04-12 16:00:38+00:00,2025-04-12 20:05:00+00:00,2025-04-12,5,4.623925514189605,David Peterson,NYM,ATH,0.4843275536957437,0.5563770794824399,0.04844961240310086,1.0,-0.16972419366443925,0.10869575955415112,under,0.10869575955415112,False,2.15,-1.0
777788,805673,Zebby Matthews,9,4.5,107.0,-118.0,betonlineag,fanduel,2025-05-24 14:10:38+00:00,2025-05-24 18:10:00+00:00,2025-05-24,9,4.156565835195,Zebby Matthews,MIN,KC,0.3999511075117519,0.4715960714749275,0.024376191109338308,1.0,-0.17210120745067348,0.10856490307150923,under,0.10856490307150923,False,1.847457627118644,-1.0
776452,681343,Shane Smith,6,4.5,-140.0,128.0,fanatics,betonlineag,2025-09-05 18:35:38+00:00,2025-09-05 22:40:00+00:00,2025-09-05,6,4.7941691736627545,Shane Smith,CWS,DET,0.5138442337214978,0.5708154506437769,0.021929824561403466,1.0,-0.11912417076314663,0.10843514711498514,under,0.10843514711498514,False,2.2800000000000002,-1.0
776188,676083,Janson Junk,4,3.5,-105.0,100.0,betmgm,betrivers,2025-09-25 18:05:40+00:00,2025-09-25 22:05:00+00:00,2025-09-25,4,4.061014424433719,Janson Junk,MIA,PHI,0.5677219417072306,0.5060240963855421,0.012195121951219523,1.0,0.10840950523792636,-0.13544388341446112,over,0.10840950523792636,True,1.9523809523809523,0.9523809523809523
777851,621111,Walker Buehler,4,4.5,139.0,-145.0,betonlineag,draftkings,2025-05-20 18:45:37+00:00,2025-05-20 22:45:00+00:00,2025-05-20,4,4.5077986108666055,Walker Buehler,BOS,NYM,0.46376630471181124,0.41416617361169805,0.010246776534881707,0.0,0.10840146826122865,-0.09394996313375004,over,0.10840146826122865,False,2.3899999999999997,-1.0
778274,645261,Sandy Alcantara,1,4.5,-115.0,106.0,bovada,betrivers,2025-04-18 18:40:38+00:00,2025-04-18 22:45:00+00:00,2025-04-18,1,5.277924643444638,Sandy Alcantara,MIA,PHI,0.5928172889587989,0.5242310245629564,0.0203206141341159,0.0,0.10831058370558044,-0.16120361525512572,over,0.10831058370558044,False,1.8695652173913042,-1.0
776136,694297,Brandon Pfaadt,5,3.5,-110.0,-106.0,fanatics,draftkings,2025-09-28 15:05:38+00:00,2025-09-28 19:10:00+00:00,2025-09-28,5,4.131861097639254,Brandon Pfaadt,AZ,SD,0.5805412422924978,0.5044523597506678,0.038372630605640445,1.0,0.10830600801295032,-0.18482543313447686,over,0.10830600801295032,True,1.9090909090909092,0.9090909090909092
777345,678394,Brayan Bello,1,3.5,-125.0,105.0,bovada,betmgm,2025-06-27 19:10:37+00:00,2025-06-27 23:10:00+00:00,2025-06-27,1,4.332734935074635,Brayan Bello,BOS,TOR,0.6155497611135881,0.5324675324675325,0.04336043360433606,0.0,0.10798957000445863,-0.21187701028285555,over,0.10798957000445863,False,1.8,-1.0
777220,657746,Joe Ryan,8,5.5,-120.0,120.0,fanatics,bovada,2025-07-06 14:10:37+00:00,2025-07-06 18:10:00+00:00,2025-07-06,8,6.43318985491381,Joe Ryan,MIN,TB,0.6042968319643416,0.5454545454545454,0.0,1.0,0.10787752526795957,-0.12945303032155142,over,0.10787752526795957,True,1.8333333333333335,0.8333333333333335
776457,592332,Kevin Gausman,5,5.5,-139.0,120.0,betrivers,draftkings,2025-09-05 19:05:39+00:00,2025-09-05 23:05:00+00:00,2025-09-05,5,5.699471583935237,Kevin Gausman,TOR,NYY,0.4964805243208345,0.5613069016152716,0.03613541270445042,0.0,-0.1463392423548241,0.1077428464941641,under,0.1077428464941641,True,2.2,1.2000000000000002
778488,547179,Michael Lorenzen,7,3.5,-160.0,132.0,fanatics,betrivers,2025-04-01 19:35:39+00:00,2025-04-01 23:40:00+00:00,2025-04-01,7,3.821024619126919,Michael Lorenzen,KC,MIL,0.5225672689675119,0.58808618504436,0.04641909814323597,1.0,-0.15082818792779307,0.10764393599537248,under,0.10764393599537248,False,2.3200000000000003,-1.0
778473,579328,Yusei Kikuchi,6,5.5,102.0,-110.0,fanduel,draftkings,2025-04-02 13:10:38+00:00,2025-04-02 17:15:00+00:00,2025-04-02,6,6.040617206806251,Yusei Kikuchi,LAA,STL,0.5483100153916861,0.48588616381304955,0.01885902876001877,1.0,0.10758623109120591,-0.13768275665685525,over,0.10758623109120591,True,2.02,1.02
778418,669160,Dustin May,1,4.5,-140.0,113.0,draftkings,betonlineag,2025-04-07 18:40:39+00:00,2025-04-07 22:45:00+00:00,2025-04-07,1,4.599463976574672,Dustin May,LAD,WSH,0.4800234403667846,0.5540691192865106,0.052816901408450745,0.0,-0.17710267365694055,0.10755007201874855,under,0.10755007201874855,True,2.13,1.13
778314,656605,Mitch Keller,3,4.5,-147.0,120.0,betonlineag,betmgm,2025-04-15 18:00:38+00:00,2025-04-15 22:40:00+00:00,2025-04-15,3,4.694270375757258,Mitch Keller,PIT,WSH,0.49661944174646194,0.5669705469845722,0.04968715495031284,0.0,-0.16554420332397213,0.10743722815778378,under,0.10743722815778378,True,2.2,1.2000000000000002
778100,607067,Colin Rea,2,4.5,110.0,-139.0,fanduel,betonlineag,2025-05-01 12:30:39+00:00,2025-05-01 16:35:00+00:00,2025-05-01,2,4.873692032082132,Colin Rea,CHC,PIT,0.5273487572648391,0.45017894142022974,0.05778043434947211,0.0,0.10743239025616225,-0.1873118919877449,over,0.10743239025616225,False,2.1,-1.0
776721,682990,Quinn Priester,5,3.5,-159.0,130.0,betrivers,draftkings,2025-08-16 18:40:38+00:00,2025-08-16 22:40:00+00:00,2025-08-16,5,4.737487351937396,Quinn Priester,MIL,CIN,0.6798461239137298,0.5854009924763887,0.04868222259526611,1.0,0.10742230247582385,-0.2636460850015786,over,0.10742230247582385,True,1.6289308176100628,0.6289308176100628
777474,666157,Nick Lodolo,4,5.5,125.0,-130.0,draftkings,bovada,2025-06-18 19:10:37+00:00,2025-06-18 23:10:00+00:00,2025-06-18,4,4.941094625426261,Nick Lodolo,CIN,MIN,0.3741006347000566,0.4401913875598086,0.009661835748792313,0.0,-0.15827357192487268,0.1073604155306691,under,0.1073604155306691,True,1.7692307692307692,0.7692307692307692
777048,656876,Drew Rasmussen,5,4.5,135.0,-157.0,bovada,betrivers,2025-07-22 19:35:38+00:00,2025-07-22 23:05:00+00:00,2025-07-22,5,4.5496401506908875,Drew Rasmussen,TB,CWS,0.47121146176518897,0.41057592459461617,0.036426856527858265,1.0,0.10734693514819416,-0.13440347562836685,over,0.10734693514819416,True,2.35,1.35
778334,543135,Nathan Eovaldi,3,6.5,125.0,-150.0,draftkings,fanduel,2025-04-13 16:05:38+00:00,2025-04-13 20:10:00+00:00,2025-04-13,3,6.675189455819474,Nathan Eovaldi,TEX,SEA,0.49212911216407657,0.4255319148936171,0.04444444444444429,0.0,0.10729050236917237,-0.1535485202734609,over,0.10729050236917237,False,2.25,-1.0
777770,672456,Keider Montero,3,3.5,-138.0,108.0,fanduel,fanduel,2025-05-26 13:10:37+00:00,2025-05-26 17:10:00+00:00,2025-05-26,3,4.492850539100127,Keider Montero,DET,SF,0.6419952859150068,0.5467012037178121,0.06060116354234002,0.0,0.10720926121573626,-0.2553501947032141,over,0.10720926121573626,False,1.7246376811594204,-1.0
776537,668909,Gavin Williams,8,5.5,-110.0,100.0,fanduel,draftkings,2025-08-30 19:15:38+00:00,2025-08-30 23:15:00+00:00,2025-08-30,8,5.384621694809681,Gavin Williams,CLE,SEA,0.44655782389135446,0.5116279069767442,0.023809523809523725,1.0,-0.14748051802559603,0.10688435221729109,under,0.10688435221729109,False,2.0,-1.0
776281,669372,J.T. Ginn,3,4.5,-115.0,-105.0,fanatics,betmgm,2025-09-18 13:35:39+00:00,2025-09-18 17:35:00+00:00,2025-09-18,3,5.272416559584474,J.T. Ginn,ATH,BOS,0.5919634708613416,0.5108342361863488,0.04707884288145214,0.0,0.10671431508859519,-0.2033572526340479,over,0.10671431508859519,False,1.8695652173913042,-1.0
776600,675911,Spencer Strider,3,5.5,-150.0,120.0,fanatics,draftkings,2025-08-25 18:35:40+00:00,2025-08-25 22:40:00+00:00,2025-08-25,3,5.702521967359922,Spencer Strider,ATL,MIA,0.4969553486444861,0.5689655172413793,0.05454545454545445,0.0,-0.1717410855925232,0.10669823298213066,under,0.10669823298213066,True,2.2,1.2000000000000002
778384,680885,Spencer Schwellenbach,5,5.5,-141.0,120.0,betrivers,draftkings,2025-04-10 19:10:39+00:00,2025-04-10 23:15:00+00:00,2025-04-10,5,5.70349485786705,Spencer Schwellenbach,ATL,PHI,0.497106749672617,0.5627721335268505,0.03960769520935492,0.0,-0.15033527183616524,0.10636515072024277,under,0.10636515072024277,True,2.2,1.2000000000000002
776965,571510,Matthew Boyd,2,4.5,-130.0,106.0,fanatics,fanduel,2025-07-28 19:35:38+00:00,2025-07-28 23:40:00+00:00,2025-07-28,2,5.492775809393262,Matthew Boyd,CHC,MIL,0.6252432477663196,0.5379670550421856,0.050654284508231395,0.0,0.10619959220194986,-0.22800109039861827,over,0.10619959220194986,False,1.7692307692307692,-1.0
777795,669358,Shane Baz,4,4.5,-125.0,115.0,betonlineag,draftkings,2025-05-24 19:05:38+00:00,2025-05-24 23:05:00+00:00,2025-05-24,4,4.630544915823838,Shane Baz,TB,TOR,0.48548967927924364,0.5443037974683544,0.02067183462532296,0.0,-0.12611857729736142,0.10619718954962631,under,0.10619718954962631,True,2.15,1.15
777923,686752,Ryan Pepiot,7,4.5,114.0,-125.0,betrivers,draftkings,2025-05-14 19:05:38+00:00,2025-05-14 23:07:00+00:00,2025-05-14,7,4.8119388683779425,Ryan Pepiot,TB,TOR,0.5168782372962742,0.45685279187817257,0.022845275181723856,1.0,0.10611942781402672,-0.13038082713329358,over,0.10611942781402672,True,2.1399999999999997,1.1399999999999997
776522,694462,Hurston Waldrep,9,4.5,138.0,-190.0,betrivers,betrivers,2025-08-31 19:10:37+00:00,2025-08-31 23:10:00+00:00,2025-08-31,9,4.513247336836681,Hurston Waldrep,ATL,PHI,0.4647380812412705,0.3907302613850714,0.07534048101999424,1.0,0.10607663335422357,-0.1830212818945708,over,0.10607663335422357,True,2.38,1.38
778233,680885,Spencer Schwellenbach,5,5.5,-110.0,105.0,draftkings,bovada,2025-04-21 19:10:38+00:00,2025-04-21 23:15:00+00:00,2025-04-21,5,5.47169989253948,Spencer Schwellenbach,ATL,STL,0.46053077740515036,0.5177956371986223,0.011614401858304202,0.0,-0.12080487949925833,0.10591190631944158,under,0.10591190631944158,True,2.05,1.0499999999999998
778179,594902,Ben Lively,4,4.5,105.0,-126.0,bovada,fanduel,2025-04-26 13:05:38+00:00,2025-04-26 17:10:00+00:00,2025-04-26,4,4.0674074952024615,Ben Lively,CLE,BOS,0.38348139568528977,0.466652901094363,0.045327001942585765,0.0,-0.21386313884515606,0.10581908392955941,under,0.10581908392955941,True,1.7936507936507935,0.7936507936507935
776338,656876,Drew Rasmussen,5,4.5,108.0,-120.0,betrivers,betmgm,2025-09-13 14:15:40+00:00,2025-09-13 18:20:00+00:00,2025-09-13,5,4.140342702594354,Drew Rasmussen,TB,CHC,0.39695986213894136,0.4684838160136286,0.02622377622377625,1.0,-0.17432348675100195,0.10557358607860756,under,0.10557358607860756,False,1.8333333333333335,-1.0
778286,547179,Michael Lorenzen,3,4.5,115.0,-130.0,betmgm,draftkings,2025-04-17 18:35:39+00:00,2025-04-17 22:40:00+00:00,2025-04-17,3,4.022850286653877,Michael Lorenzen,KC,DET,0.37522714907213195,0.45142296368989204,0.030333670374115274,0.0,-0.19326162949491632,0.1053673516416127,under,0.1053673516416127,True,1.7692307692307692,0.7692307692307692
778183,673540,Kodai Senga,5,4.5,-165.0,140.0,draftkings,bovada,2025-04-25 18:40:39+00:00,2025-04-25 22:45:00+00:00,2025-04-25,5,4.946123364262904,Kodai Senga,NYM,WSH,0.5394801506930876,0.5990922844175491,0.03930817610062887,1.0,-0.13356218222019267,0.10524763833658968,under,0.10524763833658968,False,2.4,-1.0
776298,693645,Cam Schlittler,6,5.5,-107.0,-105.0,draftkings,betmgm,2025-09-16 19:40:39+00:00,2025-09-16 23:40:00+00:00,2025-09-16,6,5.306914914677101,Cam Schlittler,NYY,MIN,0.4339995341953721,0.5022899015342339,0.02910333451160607,1.0,-0.16039342450054173,0.1050485284757019,under,0.1050485284757019,False,1.9523809523809523,-1.0
777633,656302,Dylan Cease,7,6.5,123.0,-146.0,betrivers,fanduel,2025-06-05 15:45:37+00:00,2025-06-05 19:45:00+00:00,2025-06-05,7,6.698639050078537,Dylan Cease,SD,SF,0.49546016413467664,0.4303859477238532,0.041926428232892166,1.0,0.10487616602032879,-0.14988493408993453,over,0.10487616602032879,True,2.23,1.23
776974,673540,Kodai Senga,3,4.5,-130.0,120.0,fanatics,draftkings,2025-07-27 19:10:38+00:00,2025-07-27 23:10:00+00:00,2025-07-27,3,5.487288962013181,Kodai Senga,NYM,SF,0.6244368037338759,0.5542635658914729,0.019762845849802257,0.0,0.10477280660608801,-0.1737609682145269,over,0.10477280660608801,False,1.7692307692307692,-1.0
777820,700363,AJ Smith-Shawver,1,4.5,-145.0,116.0,bovada,fanduel,2025-05-22 18:40:37+00:00,2025-05-22 22:45:00+00:00,2025-05-22,1,4.647900966039033,AJ Smith-Shawver,ATL,WSH,0.4885314533323657,0.5610892153350053,0.05479969765684056,0.0,-0.17455030299014074,0.10477206080209012,under,0.10477206080209012,True,2.16,1.1600000000000001
776792,592836,Taijuan Walker,2,3.5,125.0,-148.0,draftkings,betrivers,2025-08-11 18:10:39+00:00,2025-08-11 22:10:00+00:00,2025-08-11,2,3.6604716015534926,Taijuan Walker,PHI,CIN,0.49097780733129703,0.4268502581755593,0.04121863799283165,0.0,0.1047000664954183,-0.14704389336595725,over,0.1047000664954183,False,2.25,-1.0
777163,434378,Justin Verlander,7,4.5,108.0,-129.0,fanduel,betrivers,2025-07-09 15:45:38+00:00,2025-07-09 19:45:00+00:00,2025-07-09,7,4.03679352261293,Justin Verlander,SF,PHI,0.37781148222679667,0.46046810906458624,0.04408800806180713,1.0,-0.21415211696826286,0.10450519821754711,under,0.10450519821754711,False,1.7751937984496124,-1.0
777549,666157,Nick Lodolo,6,4.5,-167.0,136.0,betrivers,fanduel,2025-06-11 13:10:37+00:00,2025-06-11 17:10:00+00:00,2025-06-11,6,4.901383412161053,Nick Lodolo,CIN,CLE,0.5320061553918073,0.5961398838334947,0.04919697835332948,1.0,-0.1494272844933381,0.10446547327533495,under,0.10446547327533495,False,2.3600000000000003,-1.0
776849,681293,Spencer Arrighetti,5,4.5,-130.0,110.0,fanduel,bovada,2025-08-06 16:35:39+00:00,2025-08-06 20:40:00+00:00,2025-08-06,5,5.486006997189532,Spencer Arrighetti,HOU,MIA,0.6242482178857865,0.5427435387673957,0.04140786749482395,1.0,0.10443915472100684,-0.21092125756015168,over,0.10443915472100684,True,1.7692307692307692,0.7692307692307692
777476,543294,Kyle Hendricks,9,3.5,112.0,-136.0,betrivers,fanduel,2025-06-17 19:05:37+00:00,2025-06-17 23:05:00+00:00,2025-06-17,9,3.8126831389546645,Kyle Hendricks,LAA,NYY,0.5209520018305385,0.4501068050045774,0.04796929964822505,1.0,0.1044182438807415,-0.1687108267059344,over,0.1044182438807415,True,2.12,1.12
778104,542881,Tyler Anderson,5,4.5,-145.0,130.0,fanatics,bovada,2025-04-30 16:05:38+00:00,2025-04-30 20:10:00+00:00,2025-04-30,5,4.829431483740882,Tyler Anderson,LAA,SEA,0.5198558236244353,0.5764909248055315,0.02661934338952965,1.0,-0.12162291870354036,0.10433160566379884,under,0.10433160566379884,False,2.3,-1.0
776285,669330,Tyler Wells,4,4.5,-135.0,128.0,bovada,betrivers,2025-09-17 14:05:39+00:00,2025-09-17 18:10:00+00:00,2025-09-17,4,4.804994843386772,Tyler Wells,BAL,CWS,0.5156937160384614,0.5670596904937362,0.013064576334453237,0.0,-0.10231093874786357,0.1042183274323083,under,0.1042183274323083,True,2.2800000000000002,1.2800000000000002
777128,607259,Nick Martinez,3,4.5,-135.0,112.0,betmgm,fanduel,2025-07-13 13:35:37+00:00,2025-07-13 17:40:00+00:00,2025-07-13,3,5.555073638425191,Nick Martinez,CIN,COL,0.6343187385526521,0.54911742133538,0.046166198313930096,0.0,0.10418447081387572,-0.2247557257316224,over,0.10418447081387572,False,1.7407407407407407,-1.0
778026,682847,Luis Ortiz,4,4.5,-118.0,105.0,fanduel,draftkings,2025-05-06 15:35:38+00:00,2025-05-06 19:35:00+00:00,2025-05-06,4,4.495200796953463,Luis Ortiz,CLE,WSH,0.46151697462964536,0.5259839095455533,0.029089281718505333,0.0,-0.1473669451757399,0.10389020200922694,under,0.10389020200922694,True,2.05,1.0499999999999998
776920,592332,Kevin Gausman,5,4.5,-175.0,125.0,betrivers,betrivers,2025-08-01 19:05:38+00:00,2025-08-01 23:07:00+00:00,2025-08-01,5,4.768407017679275,Kevin Gausman,TOR,KC,0.5094292676865672,0.5887850467289719,0.08080808080808088,1.0,-0.19946829363539453,0.10378414770522393,under,0.10378414770522393,False,2.25,-1.0
777183,645261,Sandy Alcantara,4,4.5,-135.0,120.0,bovada,draftkings,2025-07-09 19:10:38+00:00,2025-07-09 23:10:00+00:00,2025-07-09,4,4.7038886006987015,Sandy Alcantara,MIA,CIN,0.498289912714304,0.5582706766917294,0.029013539651837617,0.0,-0.13260644823806345,0.10376219202853121,under,0.10376219202853121,True,2.2,1.2000000000000002
777789,664062,Tony Gonsolin,4,4.5,-120.0,106.0,betonlineag,betrivers,2025-05-24 19:15:38+00:00,2025-05-24 23:15:00+00:00,2025-05-24,4,5.336806500368517,Tony Gonsolin,LAD,NYM,0.6018751809358052,0.5291095890410958,0.030891438658428916,0.0,0.1034378317156428,-0.17986287272775858,over,0.1034378317156428,False,1.8333333333333335,-1.0
777552,615698,Cal Quantrill,6,3.5,108.0,-125.0,fanduel,draftkings,2025-06-11 12:35:37+00:00,2025-06-11 16:35:00+00:00,2025-06-11,6,3.86187323760402,Cal Quantrill,MIA,PIT,0.5304344122293614,0.46391752577319584,0.03632478632478642,1.0,0.10330357743707164,-0.15478194201285045,over,0.10330357743707164,True,2.08,1.08
776349,687075,Brandon Sproat,3,4.5,-104.0,-115.0,betrivers,bovada,2025-09-13 16:05:40+00:00,2025-09-13 20:10:00+00:00,2025-09-13,3,5.085943820994288,Brandon Sproat,NYM,TEX,0.5624178251382723,0.48799650807507633,0.044687642498860036,0.0,0.10320419546353432,-0.18191158612807434,over,0.10320419546353432,False,1.9615384615384617,-1.0
778145,663559,Bailey Falter,2,3.5,125.0,-148.0,draftkings,fanduel,2025-04-27 16:05:37+00:00,2025-04-27 20:10:00+00:00,2025-04-27,2,3.657038451559952,Bailey Falter,PIT,LAD,0.49029123986577655,0.4268502581755593,0.04121863799283165,0.0,0.10315528969799725,-0.14589342896427437,over,0.10315528969799725,False,2.25,-1.0
777766,543243,Sonny Gray,5,5.5,-130.0,115.0,betmgm,draftkings,2025-05-25 14:15:38+00:00,2025-05-25 18:15:00+00:00,2025-05-25,5,5.638387597497361,Sonny Gray,STL,AZ,0.48693325222612993,0.5485770363101079,0.030333670374115274,0.0,-0.138502707599924,0.10309350771382064,under,0.10309350771382064,True,2.15,1.15
776421,656876,Drew Rasmussen,2,4.5,-105.0,100.0,draftkings,betmgm,2025-09-07 12:10:38+00:00,2025-09-07 16:10:00+00:00,2025-09-07,2,4.422729845897273,Drew Rasmussen,TB,CLE,0.4485117025687002,0.5060240963855421,0.012195121951219523,0.0,-0.12433429498491866,0.10297659486259958,under,0.10297659486259958,True,2.0,1.0
777363,657746,Joe Ryan,8,6.5,-137.0,120.0,betonlineag,betmgm,2025-06-25 19:40:37+00:00,2025-06-25 23:40:00+00:00,2025-06-25,8,6.7215871607967586,Joe Ryan,MIN,SEA,0.4987115807264249,0.5598068350668648,0.03260452627541244,1.0,-0.13726536764844743,0.10283452240186541,under,0.10283452240186541,False,2.2,-1.0
777877,669358,Shane Baz,2,5.5,-115.0,104.0,draftkings,fanduel,2025-05-18 13:35:37+00:00,2025-05-18 17:40:00+00:00,2025-05-18,2,5.464882166901541,Shane Baz,TB,MIA,0.4594409051097303,0.521797153024911,0.025079799361604982,0.0,-0.14104526436006948,0.10274055357615008,under,0.10274055357615008,True,2.04,1.04
778474,680732,Sean Burke,1,5.5,120.0,-144.0,draftkings,fanduel,2025-04-02 14:05:39+00:00,2025-04-02 18:10:00+00:00,2025-04-02,1,4.7914896847880595,Sean Burke,CWS,MIN,0.34944156390415976,0.43509272467902993,0.04470938897168408,0.0,-0.23122855941084852,0.10233512782906273,under,0.10233512782906273,True,1.6944444444444444,0.6944444444444444
778240,608331,Max Fried,2,6.5,124.0,-155.0,fanduel,draftkings,2025-04-20 13:35:38+00:00,2025-04-20 17:40:00+00:00,2025-04-20,2,6.674907657316756,Max Fried,NYY,TB,0.4920890302170451,0.42344735968116903,0.05427170868347342,0.0,0.10227942768618115,-0.16440453358288065,over,0.10227942768618115,False,2.24,-1.0
776861,663978,Chris Paddack,0,4.5,100.0,-115.0,fanatics,betmgm,2025-08-05 18:40:38+00:00,2025-08-05 22:40:00+00:00,2025-08-05,0,4.213869365654109,Chris Paddack,DET,MIN,0.4104931296247421,0.4831460674157303,0.03488372093023262,0.0,-0.1790137407505158,0.10212154026678655,under,0.10212154026678655,True,1.8695652173913042,0.8695652173913042
776619,663436,Davis Martin,6,4.5,100.0,-110.0,bovada,betmgm,2025-08-23 19:10:39+00:00,2025-08-23 23:10:00+00:00,2025-08-23,6,4.280735646718868,Davis Martin,CWS,MIN,0.4227406540573986,0.48837209302325585,0.023809523809523725,1.0,-0.15451869188520284,0.10204056952678453,under,0.10204056952678453,False,1.9090909090909092,-1.0
777038,608337,Lucas Giolito,2,5.5,130.0,-139.0,bovada,betonlineag,2025-07-23 19:05:38+00:00,2025-07-23 23:10:00+00:00,2025-07-23,2,4.849892104667407,Lucas Giolito,BOS,PHI,0.35906733090040477,0.4277787721496331,0.01637256685464794,0.0,-0.17414513892906913,0.10203530873959177,under,0.10203530873959177,True,1.7194244604316546,0.7194244604316546
777542,543294,Kyle Hendricks,3,3.5,-120.0,120.0,bovada,fanduel,2025-06-11 16:05:37+00:00,2025-06-11 20:07:00+00:00,2025-06-11,3,3.701232860170132,Kyle Hendricks,LAA,ATH,0.4990949545634703,0.5454545454545454,0.0,0.0,-0.08499258330030435,0.10199109996036548,under,0.10199109996036548,True,2.2,1.2000000000000002
776555,607536,Kyle Freeland,6,3.5,-115.0,115.0,fanatics,betrivers,2025-08-28 14:10:39+00:00,2025-08-28 18:10:00+00:00,2025-08-28,6,3.642935514517342,Kyle Freeland,COL,HOU,0.4874662698143001,0.5348837209302325,0.0,1.0,-0.08865001730369992,0.10194751989925477,under,0.10194751989925477,False,2.15,-1.0
776654,608337,Lucas Giolito,4,5.5,116.0,-125.0,fanduel,draftkings,2025-08-21 19:15:39+00:00,2025-08-21 23:15:00+00:00,2025-08-21,4,5.024419892901529,Lucas Giolito,BOS,NYY,0.38782001795806254,0.45454545454545453,0.0185185185185186,0.0,-0.1623087612105849,0.1019239676754875,under,0.1019239676754875,True,1.8,0.8
776363,608337,Lucas Giolito,6,5.5,110.0,-120.0,bovada,betmgm,2025-09-12 19:10:40+00:00,2025-09-12 23:10:00+00:00,2025-09-12,6,5.092638677629697,Lucas Giolito,BOS,NYY,0.39902895271655164,0.4661016949152542,0.02164502164502169,1.0,-0.16203919929524147,0.10178025335298879,under,0.10178025335298879,False,1.8333333333333335,-1.0
778152,663460,Kris Bubic,4,4.5,-140.0,120.0,betmgm,bovada,2025-04-27 14:05:37+00:00,2025-04-27 18:10:00+00:00,2025-04-27,4,5.6130859266330235,Kris Bubic,KC,HOU,0.6426354210458493,0.562043795620438,0.037878787878787845,0.0,0.10166072179288443,-0.21379792630086825,over,0.10166072179288443,False,1.7142857142857144,-1.0
776260,547179,Michael Lorenzen,4,3.5,115.0,-120.0,bovada,betonlineag,2025-09-19 19:40:41+00:00,2025-09-19 23:40:00+00:00,2025-09-19,4,3.7686296959940884,Michael Lorenzen,KC,TOR,0.5123730254557536,0.46025104602510464,0.010570824524312794,1.0,0.10160200472987024,-0.10601721333554814,over,0.10160200472987024,True,2.15,1.15
776701,622608,Antonio Senzatela,2,2.5,116.0,-130.0,fanduel,bovada,2025-08-17 15:10:38+00:00,2025-08-17 19:10:00+00:00,2025-08-17,2,2.7413267918245876,Antonio Senzatela,COL,AZ,0.5099960160805371,0.4502740798747064,0.028180354267310692,0.0,0.10159139473396017,-0.1330698746040273,over,0.10159139473396017,False,2.16,-1.0
778224,682243,Bryce Miller,4,5.5,115.0,-124.0,bovada,betrivers,2025-04-22 18:40:39+00:00,2025-04-22 22:45:00+00:00,2025-04-22,4,5.802094428129648,Bryce Miller,SEA,BOS,0.5123484986783553,0.4565837749694252,0.018687707641195983,0.0,0.10154927215846388,-0.11908115890283544,over,0.10154927215846388,False,2.15,-1.0
778456,674370,Osvaldo Bido,5,5.5,115.0,-135.0,fanatics,draftkings,2025-04-04 16:05:39+00:00,2025-04-04 20:10:00+00:00,2025-04-04,5,5.801865971514331,Osvaldo Bido,ATH,COL,0.5123134237493249,0.447405997144217,0.03958436417615041,0.0,0.10147386106104839,-0.151064108008084,over,0.10147386106104839,False,2.15,-1.0
776795,543243,Sonny Gray,7,5.5,-110.0,-104.0,fanatics,fanduel,2025-08-10 19:10:38+00:00,2025-08-10 23:10:00+00:00,2025-08-10,7,5.334653927745718,Sonny Gray,STL,CHC,0.43849139262832953,0.5067750677506776,0.03361344537815114,1.0,-0.16288006861864357,0.10142072984443051,under,0.10142072984443051,False,1.9615384615384617,-1.0
777938,680573,Simeon Woods Richardson,4,4.5,100.0,-128.0,fanduel,fanduel,2025-05-14 15:45:38+00:00,2025-05-14 16:10:00+00:00,2025-05-14,4,4.05846199965651,Simeon Woods Richardson,MIN,BAL,0.3818252853278364,0.4710743801652893,0.06140350877192979,0.0,-0.23634942934432723,0.10112371050979152,under,0.10112371050979152,True,1.78125,0.78125
777263,701581,David Festa,7,4.5,-115.0,100.0,fanatics,fanduel,2025-07-03 12:10:37+00:00,2025-07-03 16:10:00+00:00,2025-07-03,7,5.252862345742416,David Festa,MIN,MIA,0.5889234217450406,0.5168539325842696,0.03488372093023262,1.0,0.1010307450015977,-0.17784684349008129,over,0.1010307450015977,True,1.8695652173913042,0.8695652173913042
777900,681343,Shane Smith,5,4.5,125.0,-150.0,betmgm,betrivers,2025-05-16 14:15:39+00:00,2025-05-16 18:20:00+00:00,2025-05-16,5,4.6520798532488135,Shane Smith,CWS,CHC,0.48926267377192434,0.4255319148936171,0.04444444444444429,1.0,0.10084101598682982,-0.14877112295320727,over,0.10084101598682982,True,2.25,1.25
776606,686752,Ryan Pepiot,3,5.5,100.0,-115.0,fanatics,draftkings,2025-08-24 12:10:39+00:00,2025-08-24 16:10:00+00:00,2025-08-24,3,5.167060593503586,Ryan Pepiot,TB,STL,0.411222137575696,0.4831460674157303,0.03488372093023262,0.0,-0.17755572484860804,0.10075861235848138,under,0.10075861235848138,True,1.8695652173913042,0.8695652173913042
776647,608331,Max Fried,7,6.5,120.0,-130.0,draftkings,bovada,2025-08-22 19:05:39+00:00,2025-08-22 23:05:00+00:00,2025-08-22,7,5.895713719217485,Max Fried,NYY,BOS,0.3778494732732496,0.44573643410852715,0.019762845849802257,1.0,-0.1687311587988508,0.10072785497809678,under,0.10072785497809678,False,1.7692307692307692,-1.0
777310,621111,Walker Buehler,3,3.5,108.0,-110.0,fanduel,draftkings,2025-06-29 13:35:37+00:00,2025-06-29 17:35:00+00:00,2025-06-29,3,3.855300371244449,Walker Buehler,BOS,TOR,0.5291733759930717,0.4785779398359162,0.0045787545787545625,0.0,0.10068062206558914,-0.10114917235040954,over,0.10068062206558914,False,2.08,-1.0
778037,543135,Nathan Eovaldi,7,5.5,-110.0,110.0,bovada,betrivers,2025-05-06 18:40:38+00:00,2025-05-06 22:45:00+00:00,2025-05-06,7,6.234095268253155,Nathan Eovaldi,TEX,BOS,0.57643177485266,0.5238095238095238,0.0,1.0,0.10046066108235086,-0.11050672719058585,over,0.10046066108235086,True,1.9090909090909092,0.9090909090909092
778283,663436,Davis Martin,3,4.5,125.0,-140.0,bovada,draftkings,2025-04-17 14:05:39+00:00,2025-04-17 18:10:00+00:00,2025-04-17,3,3.9306225046633516,Davis Martin,CWS,ATH,0.3581114666636273,0.43243243243243246,0.02777777777777768,0.0,-0.19424920000683854,0.10038034286235309,under,0.10038034286235309,True,1.7142857142857144,0.7142857142857144
777093,615698,Cal Quantrill,3,3.5,123.0,-122.0,betrivers,fanduel,2025-07-19 16:10:38+00:00,2025-07-19 20:10:00+00:00,2025-07-19,3,3.198824748198109,Cal Quantrill,MIA,KC,0.3952891517933088,0.4493381370683722,-0.0020199571769077274,0.0,-0.11850519150092131,0.1003754778843069,under,0.1003754778843069,True,1.819672131147541,0.819672131147541
778392,689017,Landon Knack,2,4.5,155.0,-150.0,betrivers,fanduel,2025-04-09 16:00:39+00:00,2025-04-09 20:05:00+00:00,2025-04-09,2,4.328752806567166,Landon Knack,LAD,WSH,0.43149443553039635,0.3952569169960474,-0.007843137254901933,0.0,0.10031081060251057,-0.05249072588399395,over,0.10031081060251057,False,2.55,-1.0
776933,681347,Mike Burrows,7,4.5,106.0,-125.0,fanduel,draftkings,2025-07-30 15:45:38+00:00,2025-07-30 19:45:00+00:00,2025-07-30,7,4.913975390699291,Mike Burrows,PIT,SF,0.5341160914583667,0.46632124352331605,0.04099244875943908,1.0,0.10027914840423535,-0.16140896462506005,over,0.10027914840423535,True,2.06,1.06
776604,608372,Tomoyuki Sugano,6,3.5,-105.0,-112.0,fanatics,fanduel,2025-08-25 18:35:40+00:00,2025-08-25 22:35:00+00:00,2025-08-25,6,4.038073084867215,Tomoyuki Sugano,BAL,BOS,0.5635195257175434,0.4922600619195047,0.040497008743672236,1.0,0.1002047883056798,-0.1738048165367786,over,0.1002047883056798,True,1.9523809523809523,0.9523809523809523
776375,642547,Freddy Peralta,9,5.5,-155.0,123.0,betrivers,draftkings,2025-09-10 14:35:39+00:00,2025-09-10 18:35:00+00:00,2025-09-10,9,5.765106416457281,Freddy Peralta,MIL,TEX,0.5066549546223733,0.5754599184217097,0.056273630528444585,1.0,-0.16647088110512787,0.10015945119210756,under,0.10015945119210756,False,2.23,-1.0
776703,686752,Ryan Pepiot,8,5.5,120.0,-135.0,fanduel,betonlineag,2025-08-17 16:05:39+00:00,2025-08-17 20:05:00+00:00,2025-08-17,8,5.722203529388439,Ryan Pepiot,TB,SF,0.5000144367966392,0.44172932330827064,0.029013539651837617,1.0,0.10003176095260624,-0.12965476034970524,over,0.10003176095260624,True,2.2,1.2000000000000002
778164,543243,Sonny Gray,4,5.5,-130.0,115.0,fanatics,bovada,2025-04-26 14:10:38+00:00,2025-04-26 18:15:00+00:00,2025-04-26,4,6.562302212570767,Sonny Gray,STL,MIL,0.6217534265062741,0.5485770363101079,0.030333670374115274,0.0,0.10002529304956176,-0.1867698669884893,over,0.10002529304956176,False,1.7692307692307692,-1.0
776829,656605,Mitch Keller,3,4.5,-150.0,128.0,fanatics,fanduel,2025-08-08 18:40:39+00:00,2025-08-08 22:40:00+00:00,2025-08-08,3,4.81599366291183,Mitch Keller,PIT,CIN,0.5175692514900644,0.5777027027027027,0.03859649122807007,0.0,-0.1373845808498928,0.09994210660265335,under,0.09994210660265335,True,2.2800000000000002,1.2800000000000002
776869,642547,Freddy Peralta,7,5.5,-125.0,108.0,betmgm,fanduel,2025-08-05 19:15:39+00:00,2025-08-05 23:15:00+00:00,2025-08-05,7,5.538806213989699,Freddy Peralta,MIL,ATL,0.4712181291342217,0.5360824742268041,0.03632478632478642,1.0,-0.15180736755840096,0.09986629140081904,under,0.09986629140081904,False,2.08,-1.0
776352,669358,Shane Baz,5,5.5,-105.0,-118.0,betonlineag,draftkings,2025-09-12 14:20:40+00:00,2025-09-12 18:20:00+00:00,2025-09-12,5,5.1270651737231026,Shane Baz,TB,CHC,0.4046745206344224,0.4861937128292268,0.05347952562094438,0.0,-0.20992117399946109,0.0998385974719993,under,0.0998385974719993,True,1.847457627118644,0.847457627118644
776508,594798,Jacob deGrom,6,6.5,-103.0,-120.0,betonlineag,draftkings,2025-08-31 16:05:38+00:00,2025-08-31 20:05:00+00:00,2025-08-31,6,6.045109825150767,Jacob deGrom,TEX,ATH,0.4001042761624739,0.4819225861335602,0.052843708016121926,0.0,-0.21144497028172615,0.09980882703546468,under,0.09980882703546468,True,1.8333333333333335,0.8333333333333335
778393,592836,Taijuan Walker,5,3.5,100.0,-110.0,betonlineag,draftkings,2025-04-09 19:10:39+00:00,2025-04-09 23:15:00+00:00,2025-04-09,5,3.9639351013732966,Taijuan Walker,PHI,ATL,0.5497706213419346,0.48837209302325585,0.023809523809523725,1.0,0.0995412426838691,-0.14047118619823862,over,0.0995412426838691,True,2.0,1.0
777081,543243,Sonny Gray,5,5.5,-120.0,110.0,betmgm,draftkings,2025-07-19 19:15:38+00:00,2025-07-19 23:15:00+00:00,2025-07-19,5,5.572308298788953,Sonny Gray,STL,AZ,0.47652512876156145,0.5338983050847457,0.02164502164502169,0.0,-0.12637059727047062,0.09929722960072085,under,0.09929722960072085,True,2.1,1.1
778153,656731,Tylor Megill,9,5.5,126.0,-122.0,betonlineag,betrivers,2025-04-27 13:30:37+00:00,2025-04-27 17:35:00+00:00,2025-04-27,9,5.073568691950591,Tylor Megill,NYM,WSH,0.39589827731655525,0.44603391465080766,-0.00797257434425569,1.0,-0.10526989326458525,0.09926706914528483,under,0.09926706914528483,False,1.819672131147541,-1.0
777246,607067,Colin Rea,4,3.5,-114.0,-105.0,betrivers,fanatics,2025-07-04 14:20:38+00:00,2025-07-04 18:20:00+00:00,2025-07-04,4,4.1601200409084,Colin Rea,CHC,STL,0.58558688399279,0.5098167539267016,0.04490540232505125,1.0,0.0992595892496233,-0.19090772589068528,over,0.0992595892496233,True,1.8771929824561404,0.8771929824561404
778076,680885,Spencer Schwellenbach,4,5.5,128.0,-160.0,betrivers,draftkings,2025-05-03 19:10:38+00:00,2025-05-03 23:15:00+00:00,2025-05-03,4,5.607648543186962,Spencer Schwellenbach,ATL,LAD,0.4821015992728627,0.4161331626120358,0.053981106612685625,0.0,0.09919164634212718,-0.158415098818402,over,0.09919164634212718,False,2.2800000000000002,-1.0
778066,686613,Hunter Brown,9,6.5,110.0,-112.0,betonlineag,betrivers,2025-05-03 14:05:38+00:00,2025-05-03 18:10:00+00:00,2025-05-03,9,6.175790529243838,Hunter Brown,HOU,CWS,0.4194928333379209,0.4740608228980322,0.004492362982928988,1.0,-0.11906504999036605,0.0988171368960784,under,0.0988171368960784,False,1.8928571428571428,-1.0
777168,615698,Cal Quantrill,5,3.5,-145.0,125.0,fanatics,betmgm,2025-07-10 17:10:38+00:00,2025-07-10 21:10:00+00:00,2025-07-10,5,3.764934725958066,Cal Quantrill,MIA,CIN,0.5116498151488849,0.5711159737417943,0.03628117913832196,1.0,-0.13548824336912557,0.09878791591500913,under,0.09878791591500913,False,2.25,-1.0
776880,678394,Brayan Bello,5,3.5,-139.0,125.0,betrivers,bovada,2025-08-04 19:10:38+00:00,2025-08-04 23:10:00+00:00,2025-08-04,5,4.474523482430135,Brayan Bello,BOS,KC,0.639034972305035,0.5668328047122791,0.026034402603440254,1.0,0.09877236245254228,-0.18782868768632888,over,0.09877236245254228,True,1.7194244604316546,0.7194244604316546
776835,686613,Hunter Brown,5,6.5,-120.0,110.0,draftkings,bovada,2025-08-08 19:05:39+00:00,2025-08-08 23:05:00+00:00,2025-08-08,5,6.568225694490051,Hunter Brown,HOU,NYY,0.47682979487992333,0.5338983050847457,0.02164502164502169,0.0,-0.12581204272014046,0.09865743075216105,under,0.09865743075216105,True,2.1,1.1
776726,693433,Bryan Woo,8,5.5,110.0,-115.0,betonlineag,draftkings,2025-08-16 16:10:38+00:00,2025-08-16 20:10:00+00:00,2025-08-16,8,5.872633212374415,Bryan Woo,SEA,NYM,0.5231226372291513,0.4709748083242059,0.011074197120708673,1.0,0.09855753818121782,-0.1084466696023264,over,0.09855753818121782,True,2.1,1.1
776244,571945,Miles Mikolas,3,2.5,-128.0,108.0,fanduel,draftkings,2025-09-20 19:15:39+00:00,2025-09-20 23:15:00+00:00,2025-09-20,3,3.235364264305982,Miles Mikolas,STL,MIL,0.61672395278272,0.5386856587892521,0.04217273954116063,1.0,0.09853954089422001,-0.20278582178805749,over,0.09853954089422001,True,1.78125,0.78125
778060,693821,Bryce Elder,6,3.5,-133.0,120.0,betonlineag,draftkings,2025-05-04 19:05:38+00:00,2025-05-04 23:10:00+00:00,2025-05-04,6,4.40141681019676,Bryce Elder,ATL,LAD,0.6270543514255154,0.556697108066971,0.025360905189231397,1.0,0.09852378858755695,-0.17951957313613376,over,0.09852378858755695,True,1.7518796992481203,0.7518796992481203
777126,554430,Zack Wheeler,6,6.5,102.0,-114.0,betrivers,betonlineag,2025-07-12 19:35:38+00:00,2025-07-12 23:35:00+00:00,2025-07-12,6,6.144131562535188,Zack Wheeler,PHI,SD,0.4148050953628745,0.48167822094174845,0.02775978532432677,0.0,-0.16209370736699347,0.0985237683539022,under,0.0985237683539022,True,1.8771929824561404,0.8771929824561404
776371,656849,David Peterson,8,4.5,-190.0,135.0,betrivers,betrivers,2025-09-11 19:15:39+00:00,2025-09-11 23:15:00+00:00,2025-09-11,8,4.904684135266966,David Peterson,NYM,PHI,0.5325597115055961,0.606245756958588,0.0807043286867204,1.0,-0.18714570349145865,0.09848467796184912,under,0.09848467796184912,False,2.35,-1.0
776452,656427,Jack Flaherty,2,6.5,108.0,-120.0,fanduel,betonlineag,2025-09-05 18:35:38+00:00,2025-09-05 22:40:00+00:00,2025-09-05,2,6.050115737944411,Jack Flaherty,DET,CWS,0.40084866494994686,0.4684838160136286,0.02622377622377625,0.0,-0.16623477690411048,0.09844411425843091,under,0.09844411425843091,True,1.8333333333333335,0.8333333333333335
778161,622608,Antonio Senzatela,4,2.5,-140.0,135.0,fanduel,betmgm,2025-04-26 15:05:38+00:00,2025-04-26 19:10:00+00:00,2025-04-26,4,3.3594569076114302,Antonio Senzatela,COL,CIN,0.6407343358998767,0.578207381370826,0.00886524822695045,1.0,0.09840171868550307,-0.1557256893647102,over,0.09840171868550307,True,1.7142857142857144,0.7142857142857144
778031,694477,Chad Patrick,6,4.5,110.0,-129.0,fanduel,betrivers,2025-05-06 19:35:38+00:00,2025-05-06 23:40:00+00:00,2025-05-06,6,4.055535834092401,Chad Patrick,MIL,HOU,0.3812834323909012,0.45809161832366474,0.039509253483052564,1.0,-0.19930479197910744,0.0983418138177028,under,0.0983418138177028,False,1.7751937984496124,-1.0
778323,641302,Tyler Alexander,2,4.5,-128.0,120.0,fanduel,bovada,2025-04-14 19:35:38+00:00,2025-04-14 23:40:00+00:00,2025-04-14,2,4.7183694296660965,Tyler Alexander,MIL,DET,0.5008001556231362,0.5525902668759811,0.01594896331738438,0.0,-0.10794972279628867,0.09823965762910047,under,0.09823965762910047,True,2.2,1.2000000000000002
777960,594902,Ben Lively,1,3.5,100.0,-120.0,betmgm,bovada,2025-05-12 18:05:38+00:00,2025-05-12 22:10:00+00:00,2025-05-12,1,3.96017881734666,Ben Lively,CLE,MIL,0.5490672688322744,0.4782608695652174,0.045454545454545414,0.0,0.09813453766454883,-0.17328999285916968,over,0.09813453766454883,False,2.0,-1.0
776378,680732,Sean Burke,5,4.5,107.0,-132.0,betonlineag,draftkings,2025-09-10 19:40:39+00:00,2025-09-10 23:40:00+00:00,2025-09-10,5,4.891976326622355,Sean Burke,CWS,TB,0.5304266507698194,0.45918771277016857,0.0520573046809929,1.0,0.09798316709352628,-0.17468926498937964,over,0.09798316709352628,True,2.0700000000000003,1.0700000000000003
777324,663554,Casey Mize,5,4.5,-135.0,112.0,draftkings,fanduel,2025-06-28 13:10:37+00:00,2025-06-28 17:10:00+00:00,2025-06-28,5,4.6111850801582825,Casey Mize,DET,MIN,0.48208768468860647,0.54911742133538,0.046166198313930096,1.0,-0.16081032665316652,0.09797410846015442,under,0.09797410846015442,False,2.12,-1.0
777465,624133,Ranger Suarez,8,4.5,-150.0,135.0,fanatics,betrivers,2025-06-18 18:35:37+00:00,2025-06-18 22:40:00+00:00,2025-06-18,8,4.906845628696515,Ranger Suarez,PHI,MIA,0.5329220254478246,0.5850622406639003,0.025531914893617058,1.0,-0.11179662425362569,0.0976332401976121,under,0.0976332401976121,False,2.35,-1.0
777789,656849,David Peterson,7,4.5,-116.0,115.0,fanduel,bovada,2025-05-24 19:15:38+00:00,2025-05-24 23:15:00+00:00,2025-05-24,7,4.653397142441828,David Peterson,NYM,LAD,0.4894930786507804,0.5358831113021058,0.0021533161068045814,1.0,-0.08853012940889171,0.09758988090082199,under,0.09758988090082199,False,2.15,-1.0
776581,694462,Hurston Waldrep,0,4.5,105.0,-130.0,draftkings,betonlineag,2025-08-26 18:40:40+00:00,2025-08-26 22:40:00+00:00,2025-08-26,0,4.921478120228722,Hurston Waldrep,ATL,MIA,0.5353708928963533,0.4632426988922458,0.05302226935312815,0.0,0.09751033043752422,-0.17796388743200975,over,0.09751033043752422,False,2.05,-1.0
777140,663903,Brady Singer,9,5.5,-152.0,125.0,fanduel,draftkings,2025-07-12 16:10:37+00:00,2025-07-12 20:10:00+00:00,2025-07-12,9,5.8013049468266225,Brady Singer,CIN,COL,0.5122272848091537,0.5757575757575758,0.04761904761904745,1.0,-0.150781080447982,0.09748860917940427,under,0.09748860917940427,False,2.25,-1.0
777144,676979,Garrett Crochet,9,7.5,110.0,-136.0,betmgm,fanduel,2025-07-12 16:10:37+00:00,2025-07-12 20:10:00+00:00,2025-07-12,9,7.914504197041582,Garrett Crochet,BOS,TB,0.5225925135992607,0.4524539877300614,0.05246166263115404,1.0,0.0974442785584475,-0.1715575971281289,over,0.0974442785584475,True,2.1,1.1
776264,656302,Dylan Cease,6,6.5,115.0,-117.0,bovada,draftkings,2025-09-19 19:40:41+00:00,2025-09-19 23:40:00+00:00,2025-09-19,6,6.100276348423613,Dylan Cease,SD,CWS,0.4083009502868234,0.4631309358659695,0.004286785982209773,0.0,-0.12215295688332972,0.09742473322871237,under,0.09742473322871237,True,1.8547008547008548,0.8547008547008548
776137,685326,McCade Brown,2,4.5,-103.0,-120.0,betonlineag,betmgm,2025-09-28 15:05:38+00:00,2025-09-28 19:05:00+00:00,2025-09-28,2,4.165140699288911,McCade Brown,COL,SF,0.4015310223288355,0.4819225861335602,0.052843708016121926,0.0,-0.20863303366258634,0.09719312573046834,under,0.09719312573046834,True,1.8333333333333335,0.8333333333333335
776552,693821,Bryce Elder,3,3.5,-135.0,114.0,betonlineag,betrivers,2025-08-29 18:45:39+00:00,2025-08-29 22:45:00+00:00,2025-08-29,3,4.420910040283604,Bryce Elder,ATL,PHI,0.630275696236775,0.551441114716549,0.04175780473255131,0.0,0.09714658233808993,-0.20878998994669873,over,0.09714658233808993,False,1.7407407407407407,-1.0
776623,683004,Jack Leiter,10,4.5,-132.0,110.0,fanduel,bovada,2025-08-23 19:05:41+00:00,2025-08-23 23:05:00+00:00,2025-08-23,10,4.5856898711832805,Jack Leiter,TEX,CLE,0.4775933047909159,0.5443833464257659,0.0451559934318555,1.0,-0.16059358551899627,0.09705405993907679,under,0.09705405993907679,False,2.1,-1.0
776181,690986,Kyle Harrison,6,4.5,-103.0,-110.0,betrivers,betonlineag,2025-09-26 19:10:40+00:00,2025-09-26 23:10:00+00:00,2025-09-26,6,5.0501490743863275,Kyle Harrison,BOS,DET,0.5566077246151612,0.49203821656050956,0.031198686371100237,1.0,0.09700357375609436,-0.15352383790167123,over,0.09700357375609436,True,1.970873786407767,0.970873786407767
778227,657376,Clarke Schmidt,7,4.5,105.0,-110.0,bovada,betrivers,2025-04-21 18:05:38+00:00,2025-04-21 22:10:00+00:00,2025-04-21,7,4.919836118669126,Clarke Schmidt,NYY,CLE,0.535096426540384,0.48220436280137774,0.011614401858304202,1.0,0.09694767440778707,-0.11245681430436949,over,0.09694767440778707,True,2.05,1.0499999999999998
778498,686730,Carson Spiers,5,3.5,-130.0,110.0,betonlineag,draftkings,2025-04-01 18:35:39+00:00,2025-04-01 22:40:00+00:00,2025-04-01,5,4.358668636166945,Carson Spiers,CIN,TEX,0.6199220240072127,0.5427435387673957,0.04140786749482395,1.0,0.09678511939737633,-0.20183625041514675,over,0.09678511939737633,True,1.7692307692307692,0.7692307692307692
776621,642547,Freddy Peralta,6,6.5,102.0,-115.0,fanduel,draftkings,2025-08-23 19:10:39+00:00,2025-08-23 23:10:00+00:00,2025-08-23,6,6.1345762000434405,Freddy Peralta,MIL,SF,0.4133889399109781,0.48066174826738206,0.029933225880727665,0.0,-0.16495434137982423,0.09670763407947569,under,0.09670763407947569,True,1.8695652173913042,0.8695652173913042
778452,680730,Mitchell Parker,2,3.5,-126.0,105.0,fanduel,draftkings,2025-04-05 16:00:38+00:00,2025-04-05 20:05:00+00:00,2025-04-05,2,4.3085295076959955,Mitchell Parker,WSH,AZ,0.6114381117745535,0.533347098905637,0.045327001942585765,0.0,0.09670645445277049,-0.20344812913783483,over,0.09670645445277049,False,1.7936507936507935,-1.0
777582,477132,Clayton Kershaw,7,3.5,104.0,-113.0,betonlineag,betrivers,2025-06-08 14:15:37+00:00,2025-06-08 18:15:00+00:00,2025-06-08,7,3.306788414114228,Clayton Kershaw,LAD,STL,0.41818077726921904,0.48024891774891776,0.0207125103562551,1.0,-0.14691121437079313,0.09670349063412709,under,0.09670349063412709,False,1.8849557522123894,-1.0
777275,680573,Simeon Woods Richardson,3,4.5,128.0,-140.0,betonlineag,fanduel,2025-07-02 18:35:38+00:00,2025-07-02 22:40:00+00:00,2025-07-02,3,4.604832522539399,Simeon Woods Richardson,MIN,MIA,0.480969336951909,0.4291845493562232,0.021929824561403466,0.0,0.09661008825035267,-0.11023314906041537,over,0.09661008825035267,False,2.2800000000000002,-1.0
776138,666142,Cole Ragans,8,6.5,-127.0,105.0,draftkings,fanatics,2025-09-28 15:00:38+00:00,2025-09-28 19:05:00+00:00,2025-09-28,8,6.486794738923802,Cole Ragans,KC,ATH,0.46507515853585873,0.5342156560993125,0.047276243687547126,1.0,-0.16872392923118162,0.09659592500148939,under,0.09659592500148939,False,2.05,-1.0
777191,663623,Jake Irvin,3,3.5,-104.0,-115.0,fanduel,bovada,2025-07-08 19:40:37+00:00,2025-07-08 23:45:00+00:00,2025-07-08,3,4.012920342488208,Jake Irvin,WSH,STL,0.558883568398342,0.48799650807507633,0.044687642498860036,0.0,0.09627161493520942,-0.17530406265776988,over,0.09627161493520942,False,1.9615384615384617,-1.0
777090,681347,Mike Burrows,6,4.5,120.0,-135.0,betrivers,bovada,2025-07-19 18:40:38+00:00,2025-07-19 22:40:00+00:00,2025-07-19,6,4.703898228701666,Mike Burrows,PIT,CWS,0.4982915836258622,0.44172932330827064,0.029013539651837617,1.0,0.0962414839768968,-0.12665571964501932,over,0.0962414839768968,True,2.2,1.2000000000000002
776882,607200,Erick Fedde,0,3.5,-125.0,110.0,bovada,betonlineag,2025-08-04 19:10:38+00:00,2025-08-04 23:15:00+00:00,2025-08-04,0,3.5971187916646348,Erick Fedde,ATL,MIL,0.47823815952864945,0.5384615384615385,0.03174603174603163,0.0,-0.13917131284843098,0.09569986498983618,under,0.09569986498983618,True,2.1,1.1
776609,668678,Zac Gallen,7,4.5,-150.0,125.0,betmgm,draftkings,2025-08-24 16:10:38+00:00,2025-08-24 20:10:00+00:00,2025-08-24,7,5.718435479400173,Zac Gallen,AZ,CIN,0.6574038875261745,0.574468085106383,0.04444444444444429,1.0,0.09567314587695752,-0.2291587469338927,over,0.09567314587695752,True,1.6666666666666665,0.6666666666666665
777660,547179,Michael Lorenzen,2,3.5,-115.0,105.0,betmgm,draftkings,2025-06-03 19:40:37+00:00,2025-06-03 23:45:00+00:00,2025-06-03,2,4.162471689997936,Michael Lorenzen,KC,STL,0.5860050154893224,0.5230171935662784,0.022688598979013097,0.0,0.09557459417568959,-0.1513102817531109,over,0.09557459417568959,False,1.8695652173913042,-1.0
777548,693433,Bryan Woo,3,4.5,110.0,-124.0,betonlineag,betrivers,2025-06-11 15:40:37+00:00,2025-06-11 19:40:00+00:00,2025-06-11,3,4.840056338168176,Bryan Woo,SEA,AZ,0.5216599249912831,0.46242774566473993,0.029761904761904656,0.0,0.09548584248169467,-0.13590179998425334,over,0.09548584248169467,False,2.1,-1.0
777545,669461,Matthew Liberatore,4,3.5,-135.0,112.0,bovada,fanduel,2025-06-11 14:15:37+00:00,2025-06-11 18:15:00+00:00,2025-06-11,4,4.41500746140095,Matthew Liberatore,STL,TOR,0.6293023228692551,0.54911742133538,0.046166198313930096,1.0,0.09545219166129604,-0.21412092448282083,over,0.09545219166129604,True,1.7407407407407407,0.7407407407407407
776705,665152,Dean Kremer,7,4.5,-139.0,110.0,betonlineag,fanduel,2025-08-17 14:10:38+00:00,2025-08-17 18:10:00+00:00,2025-08-17,7,4.590334893499275,Dean Kremer,BAL,HOU,0.47841333508698114,0.5498210585797701,0.05778043434947211,1.0,-0.1774044094547591,0.09533199631733957,under,0.09533199631733957,False,2.1,-1.0
776833,676440,Tanner Bibee,7,5.5,-115.0,100.0,bovada,draftkings,2025-08-08 19:40:39+00:00,2025-08-08 23:40:00+00:00,2025-08-08,7,5.420739055709949,Tanner Bibee,CLE,CWS,0.4523669717446997,0.5168539325842696,0.03488372093023262,1.0,-0.15427044412947455,0.09526605651060072,under,0.09526605651060072,False,2.0,-1.0
778158,592791,Jameson Taillon,2,4.5,-124.0,100.0,fanduel,draftkings,2025-04-27 19:05:37+00:00,2025-04-27 23:10:00+00:00,2025-04-27,2,4.444283700949952,Jameson Taillon,CHC,PHI,0.45239099602577715,0.5254237288135594,0.0535714285714286,0.0,-0.18277755556633812,0.0952180079484457,under,0.0952180079484457,True,2.0,1.0
777005,571945,Miles Mikolas,1,2.5,-140.0,135.0,draftkings,betmgm,2025-07-25 19:15:38+00:00,2025-07-25 23:15:00+00:00,2025-07-25,1,3.349629081306912,Miles Mikolas,STL,SD,0.6388747196142807,0.578207381370826,0.00886524822695045,0.0,0.09521380505305266,-0.15135559109355956,over,0.09521380505305266,False,1.7142857142857144,-1.0
777630,664285,Framber Valdez,11,6.5,128.0,-167.0,betrivers,betrivers,2025-06-05 18:40:37+00:00,2025-06-05 22:40:00+00:00,2025-06-05,11,6.591903356917111,Framber Valdez,HOU,PIT,0.480230798388026,0.4121896998888477,0.06406465602207767,1.0,0.09492622032469944,-0.1689917555066046,over,0.09492622032469944,True,2.2800000000000002,1.2800000000000002
777449,542881,Tyler Anderson,4,4.5,120.0,-148.0,fanatics,fanduel,2025-06-19 13:05:37+00:00,2025-06-19 17:05:00+00:00,2025-06-19,4,4.700404374444965,Tyler Anderson,LAA,NYY,0.4976850700656677,0.43235704323570434,0.0513196480938416,0.0,0.09490715414446904,-0.15828309038030797,over,0.09490715414446904,False,2.2,-1.0
777829,663978,Chris Paddack,2,3.5,-182.0,135.0,betrivers,betrivers,2025-05-21 15:30:38+00:00,2025-05-21 19:55:00+00:00,2025-05-21,2,3.88100510730003,Chris Paddack,MIN,CLE,0.5340942489720213,0.6026490066225165,0.07092198581560294,0.0,-0.172447372471923,0.09487851491575006,under,0.09487851491575006,True,2.35,1.35
776249,696149,Bubba Chandler,6,4.5,-132.0,118.0,fanduel,draftkings,2025-09-20 18:35:39+00:00,2025-09-20 22:40:00+00:00,2025-09-20,6,4.700881150312461,Bubba Chandler,PIT,ATH,0.49776785522317446,0.5536401416038171,0.027681113571654592,1.0,-0.12513528475926916,0.0948660756134796,under,0.0948660756134796,False,2.1799999999999997,-1.0
777432,594798,Jacob deGrom,7,6.5,105.0,-125.0,fanatics,draftkings,2025-06-20 18:40:37+00:00,2025-06-20 22:40:00+00:00,2025-06-20,7,5.988947830621428,Jacob deGrom,TEX,PIT,0.3917458922792457,0.4675324675324675,0.04336043360433606,1.0,-0.1969209208275463,0.09485739389735781,under,0.09485739389735781,False,1.8,-1.0
776997,680730,Mitchell Parker,4,3.5,-110.0,-106.0,draftkings,fanduel,2025-07-26 19:05:38+00:00,2025-07-26 23:10:00+00:00,2025-07-26,4,4.092640004735647,Mitchell Parker,WSH,MIN,0.5734741679803821,0.5044523597506678,0.038372630605640445,1.0,0.09481432068982043,-0.17109130758451607,over,0.09481432068982043,True,1.9090909090909092,0.9090909090909092
776565,687473,Ryan Gusto,2,4.5,100.0,-115.0,fanatics,bovada,2025-08-27 13:10:39+00:00,2025-08-27 17:10:00+00:00,2025-08-27,2,4.993843035298402,Ryan Gusto,MIA,ATL,0.5473812232896088,0.4831460674157303,0.03488372093023262,0.0,0.09476244657921762,-0.15379967832405128,over,0.09476244657921762,False,2.0,-1.0
777179,608337,Lucas Giolito,6,6.5,120.0,-130.0,betmgm,draftkings,2025-07-09 19:10:38+00:00,2025-07-09 23:10:00+00:00,2025-07-09,6,5.918572591238393,Lucas Giolito,BOS,COL,0.38125822083521993,0.44573643410852715,0.019762845849802257,0.0,-0.16123191416251603,0.09469699390691844,under,0.09469699390691844,True,1.7692307692307692,0.7692307692307692
776517,656605,Mitch Keller,7,4.5,-160.0,128.0,fanatics,betrivers,2025-08-31 13:35:38+00:00,2025-08-31 17:35:00+00:00,2025-08-31,7,4.8296128496875665,Mitch Keller,PIT,BOS,0.5198866479515413,0.5838668373879642,0.053981106612685625,1.0,-0.15518419707874542,0.09465844267048595,under,0.09465844267048595,False,2.2800000000000002,-1.0
776278,700249,Cade Povich,5,5.5,128.0,-135.0,draftkings,betmgm,2025-09-18 19:15:40+00:00,2025-09-18 23:15:00+00:00,2025-09-18,5,5.594888894160947,Cade Povich,BAL,NYY,0.4800908296896979,0.4329403095062638,0.013064576334453237,0.0,0.09460709169251125,-0.09497292575614091,over,0.09460709169251125,False,2.2800000000000002,-1.0
778249,657746,Joe Ryan,5,5.5,-137.0,130.0,betrivers,bovada,2025-04-20 13:30:38+00:00,2025-04-20 17:35:00+00:00,2025-04-20,5,5.879024497707933,Joe Ryan,MIN,ATL,0.5240932643457143,0.5707299402282195,0.012841680425609958,0.0,-0.09335690766471316,0.094585492004857,under,0.094585492004857,True,2.3,1.2999999999999998
776716,663554,Casey Mize,10,4.5,-115.0,100.0,fanatics,betmgm,2025-08-16 19:15:38+00:00,2025-08-16 23:15:00+00:00,2025-08-16,10,4.446253229902549,Casey Mize,DET,MIN,0.45274500675471097,0.5168539325842696,0.03488372093023262,1.0,-0.1535636830238013,0.09450998649057807,under,0.09450998649057807,False,2.0,-1.0
778244,605280,Clay Holmes,6,5.5,108.0,105.0,williamhill_us,bovada,2025-04-20 13:35:38+00:00,2025-04-20 17:40:00+00:00,2025-04-20,6,5.506951466118033,Clay Holmes,NYM,STL,0.4661542008094365,0.49636803874092006,-0.031425891181988685,1.0,-0.030399262316372133,0.09438388834065514,under,0.09438388834065514,False,2.05,-1.0
776600,665795,Edward Cabrera,10,5.5,105.0,-110.0,draftkings,bovada,2025-08-25 18:35:40+00:00,2025-08-25 22:40:00+00:00,2025-08-25,10,5.943204884814289,Edward Cabrera,MIA,ATL,0.5337871540952414,0.48220436280137774,0.011614401858304202,1.0,0.09426366589524471,-0.10995729418182432,over,0.09426366589524471,True,2.05,1.0499999999999998
777082,676083,Janson Junk,1,3.5,114.0,-128.0,betrivers,fanduel,2025-07-20 13:40:37+00:00,2025-07-20 17:40:00+00:00,2025-07-20,1,3.763164830658162,Janson Junk,MIA,KC,0.5113031985353859,0.45425565827223463,0.02869322839809807,0.0,0.09418884486572554,-0.12950882239115602,over,0.09418884486572554,False,2.1399999999999997,-1.0
777569,677944,Slade Cecconi,8,4.5,-130.0,120.0,betrivers,draftkings,2025-06-10 18:40:37+00:00,2025-06-10 22:40:00+00:00,2025-06-10,8,4.729636100965652,Slade Cecconi,CLE,CIN,0.502749235757743,0.5542635658914729,0.019762845849802257,1.0,-0.11052058289014699,0.0939516813329655,under,0.0939516813329655,False,2.2,-1.0
777557,680573,Simeon Woods Richardson,4,4.5,102.0,-125.0,fanduel,bovada,2025-06-10 19:40:37+00:00,2025-06-10 23:40:00+00:00,2025-06-10,4,4.115557442369243,Simeon Woods Richardson,MIN,TEX,0.39238482816030673,0.4712041884816754,0.050605060506050625,0.0,-0.20738264711618037,0.093707309311448,under,0.093707309311448,True,1.8,0.8
778182,607067,Colin Rea,7,4.5,143.0,-152.0,betrivers,fanduel,2025-04-25 14:15:38+00:00,2025-04-25 18:20:00+00:00,2025-04-25,7,4.431187830067718,Colin Rea,CHC,PHI,0.45003509288493354,0.40556199304750873,0.014697236919459122,1.0,0.09358527571038833,-0.08821607504607387,over,0.09358527571038833,True,2.4299999999999997,1.4299999999999997
777142,571510,Matthew Boyd,6,5.5,100.0,-110.0,fanduel,draftkings,2025-07-12 13:05:38+00:00,2025-07-12 17:05:00+00:00,2025-07-12,6,5.2648506040731196,Matthew Boyd,CHC,NYY,0.42717042874290456,0.48837209302325585,0.023809523809523725,1.0,-0.14565914251419088,0.0935837269453641,under,0.0935837269453641,False,1.9090909090909092,-1.0
776320,681347,Mike Burrows,6,4.5,-128.0,107.0,draftkings,betrivers,2025-09-14 11:30:38+00:00,2025-09-14 15:35:00+00:00,2025-09-14,6,4.553342859357487,Mike Burrows,PIT,WSH,0.47186836902063256,0.5374878286270691,0.044495296211543245,1.0,-0.1594844676819982,0.09323247612729069,under,0.09323247612729069,False,2.0700000000000003,-1.0
776312,669461,Matthew Liberatore,6,3.5,-105.0,-102.0,betmgm,fanduel,2025-09-15 19:45:39+00:00,2025-09-15 23:45:00+00:00,2025-09-15,6,4.018132276214811,Matthew Liberatore,STL,CIN,0.5598466230567447,0.5035612535612536,0.017145617000724478,1.0,0.09303388311078731,-0.1283237044849258,over,0.09303388311078731,True,1.9523809523809523,0.9523809523809523
776712,680732,Sean Burke,3,3.5,-125.0,115.0,bovada,draftkings,2025-08-16 19:10:38+00:00,2025-08-16 23:10:00+00:00,2025-08-16,3,4.283447064631167,Sean Burke,CWS,KC,0.6071462781058814,0.5443037974683544,0.02067183462532296,0.0,0.09286330059058656,-0.15536449792764506,over,0.09286330059058656,False,1.8,-1.0
777354,676440,Tanner Bibee,7,4.5,112.0,-130.0,fanduel,draftkings,2025-06-26 13:05:37+00:00,2025-06-26 17:10:00+00:00,2025-06-26,7,4.803694658115695,Tanner Bibee,CLE,TOR,0.5154717709122558,0.4549050632911393,0.03691550451189496,1.0,0.09280015433398248,-0.14275774853706802,over,0.09280015433398248,True,2.12,1.12
778161,668881,Hunter Greene,8,7.5,118.0,-130.0,fanduel,draftkings,2025-04-26 15:05:38+00:00,2025-04-26 19:10:00+00:00,2025-04-26,8,6.864281854514673,Hunter Greene,CIN,COL,0.3823582074693097,0.4479937670432412,0.023932987634623037,1.0,-0.16645910771690497,0.09275086370814423,under,0.09275086370814423,False,1.7692307692307692,-1.0
777444,665795,Edward Cabrera,5,5.5,120.0,-142.0,betrivers,fanduel,2025-06-19 18:40:37+00:00,2025-06-19 22:40:00+00:00,2025-06-19,5,4.8486762820966645,Edward Cabrera,MIA,PHI,0.35886690086874823,0.43650793650793646,0.04132231404958686,0.0,-0.21049281808875386,0.0926352816180489,under,0.0926352816180489,True,1.704225352112676,0.704225352112676
778081,605135,Chris Bassitt,4,5.5,102.0,-122.0,betrivers,fanduel,2025-05-02 19:05:39+00:00,2025-05-02 23:07:00+00:00,2025-05-02,4,5.095934510182251,Chris Bassitt,TOR,CLE,0.3995697861947745,0.4739134147382802,0.044599054500044755,0.0,-0.19286903188655546,0.09258612676032851,under,0.09258612676032851,True,1.819672131147541,0.819672131147541
777370,680732,Sean Burke,7,4.5,110.0,-120.0,fanatics,draftkings,2025-06-25 14:10:37+00:00,2025-06-25 18:10:00+00:00,2025-06-25,7,4.179450919134257,Sean Burke,CWS,AZ,0.4041658516138353,0.4661016949152542,0.02164502164502169,1.0,-0.15125171161094586,0.09236260537463536,under,0.09236260537463536,False,1.8333333333333335,-1.0
776418,664285,Framber Valdez,5,5.5,-130.0,118.0,fanatics,fanduel,2025-09-07 14:35:38+00:00,2025-09-07 18:35:00+00:00,2025-09-07,5,5.7153895136242925,Framber Valdez,HOU,TEX,0.49895623683904794,0.5520062329567589,0.023932987634623037,0.0,-0.11723127328476135,0.0922754036908755,under,0.0922754036908755,True,2.1799999999999997,1.1799999999999997
776247,605288,Adrian Houser,2,4.5,125.0,-141.0,fanatics,betrivers,2025-09-20 19:05:39+00:00,2025-09-20 23:05:00+00:00,2025-09-20,2,4.630159335608721,Adrian Houser,TB,BOS,0.4854220159805692,0.4317062248096731,0.029506685108344755,0.0,0.09219953595628083,-0.12047309114409344,over,0.09219953595628083,False,2.25,-1.0
776342,686701,Ryan Bergert,5,4.5,123.0,-150.0,draftkings,bovada,2025-09-13 18:00:39+00:00,2025-09-13 22:05:00+00:00,2025-09-13,5,4.654721597146298,Ryan Bergert,KC,PHI,0.48972469131805335,0.42771599657827203,0.04843049327354265,1.0,0.09208606163925892,-0.14954115219675557,over,0.09208606163925892,True,2.23,1.23
776547,671106,Logan Allen,5,4.5,-120.0,110.0,fanduel,bovada,2025-08-29 19:10:39+00:00,2025-08-29 23:10:00+00:00,2025-08-29,5,4.599112269228342,Logan Allen,CLE,SEA,0.47996144736533003,0.5338983050847457,0.02164502164502169,1.0,-0.12007067983022823,0.09208096053280701,under,0.09208096053280701,False,2.1,-1.0
776242,683004,Jack Leiter,4,4.5,-125.0,108.0,fanatics,draftkings,2025-09-20 19:00:39+00:00,2025-09-20 23:05:00+00:00,2025-09-20,4,4.571197652542353,Jack Leiter,TEX,MIA,0.4750314935302614,0.5360824742268041,0.03632478632478642,0.0,-0.14494331164552943,0.09193449345705629,under,0.09193449345705629,True,2.08,1.08
777257,656849,David Peterson,4,5.5,135.0,-186.0,betrivers,betrivers,2025-07-03 19:10:37+00:00,2025-07-03 23:10:00+00:00,2025-07-03,4,5.497517325121971,David Peterson,NYM,MIL,0.4646512152232309,0.39551929193749136,0.07588156524326739,0.0,0.09193035577459252,-0.17682928792389274,over,0.09193035577459252,False,2.35,-1.0
778064,668909,Gavin Williams,9,4.5,-105.0,-115.0,betmgm,draftkings,2025-05-03 15:05:38+00:00,2025-05-03 19:07:00+00:00,2025-05-03,9,4.244460126211937,Gavin Williams,CLE,TOR,0.4161040305237532,0.4891657638136511,0.04707884288145214,1.0,-0.1876064165964818,0.09163159510776553,under,0.09163159510776553,False,1.8695652173913042,-1.0
777568,656550,Grant Holmes,9,5.5,115.0,-142.0,betonlineag,fanduel,2025-06-10 19:40:37+00:00,2025-06-10 23:40:00+00:00,2025-06-10,9,5.771678975495065,Grant Holmes,ATL,MIL,0.5076688212052582,0.44217065594737803,0.051893138573899655,1.0,0.09148796559130523,-0.16095672346248235,over,0.09148796559130523,True,2.15,1.15
778157,671106,Logan Allen,2,5.5,136.0,-165.0,fanduel,draftkings,2025-04-27 13:35:38+00:00,2025-04-27 17:40:00+00:00,2025-04-27,2,4.615644030455903,Logan Allen,CLE,BOS,0.32053426303608995,0.4049511002444988,0.04637032299328414,0.0,-0.24353913923482762,0.0912631533056738,under,0.0912631533056738,True,1.606060606060606,0.606060606060606
776887,593423,Frankie Montas,3,5.5,125.0,-135.0,draftkings,bovada,2025-08-03 13:40:38+00:00,2025-08-03 17:40:00+00:00,2025-08-03,3,5.625909083068968,Frankie Montas,NYM,SF,0.48497398882520354,0.4361948955916473,0.01891252955082745,0.0,0.09119147485670798,-0.10347323980683587,over,0.09119147485670798,False,2.25,-1.0
776485,656876,Drew Rasmussen,2,4.5,-134.0,105.0,fanduel,draftkings,2025-09-02 19:30:38+00:00,2025-09-02 23:35:00+00:00,2025-09-02,2,4.529987256669971,Drew Rasmussen,TB,SEA,0.4677194594805551,0.5400039315903282,0.06045445069835309,0.0,-0.18323616777276197,0.09117510806486173,under,0.09117510806486173,True,2.05,1.0499999999999998
776739,554430,Zack Wheeler,6,7.5,105.0,-110.0,bovada,draftkings,2025-08-15 18:45:39+00:00,2025-08-15 22:45:00+00:00,2025-08-15,6,7.202691638536616,Zack Wheeler,PHI,WSH,0.42849628157381714,0.48220436280137774,0.011614401858304202,0.0,-0.12158262277367493,0.09105255335907647,under,0.09105255335907647,True,1.9090909090909092,0.9090909090909092
777037,645261,Sandy Alcantara,4,3.5,-120.0,108.0,draftkings,fanduel,2025-07-23 12:10:38+00:00,2025-07-23 16:10:00+00:00,2025-07-23,4,3.583489163893678,Sandy Alcantara,MIA,SD,0.47547839771957806,0.5315161839863713,0.02622377622377625,1.0,-0.1282896041807735,0.09100493274327781,under,0.09100493274327781,False,2.08,-1.0
777170,621111,Walker Buehler,2,3.5,-135.0,115.0,bovada,draftkings,2025-07-10 19:10:37+00:00,2025-07-10 23:10:00+00:00,2025-07-10,2,4.399408756183243,Walker Buehler,BOS,TB,0.6267214061945096,0.552594002855783,0.03958436417615041,0.0,0.09095948485710914,-0.19745102331819553,over,0.09095948485710914,False,1.7407407407407407,-1.0
776926,656849,David Peterson,4,4.5,-136.0,124.0,betrivers,fanduel,2025-08-01 19:10:39+00:00,2025-08-01 23:10:00+00:00,2025-08-01,4,5.514959134062079,David Peterson,NYM,SF,0.628491965620381,0.5634803196211897,0.022699757869249382,0.0,0.09061841092948475,-0.16782200298965333,over,0.09061841092948475,False,1.7352941176470589,-1.0
777908,676979,Garrett Crochet,8,7.5,118.0,-157.0,betrivers,betrivers,2025-05-16 19:05:38+00:00,2025-05-16 23:10:00+00:00,2025-05-16,8,7.741538891753135,Garrett Crochet,BOS,ATL,0.5002756851846628,0.4288622634582652,0.06961053796451644,1.0,0.09060099370256469,-0.18197994326406597,over,0.09060099370256469,True,2.1799999999999997,1.1799999999999997
776487,684007,Shota Imanaga,2,5.5,125.0,-125.0,betrivers,bovada,2025-09-02 19:35:38+00:00,2025-09-02 23:40:00+00:00,2025-09-02,2,5.0631425067075195,Shota Imanaga,CHC,ATL,0.3941856975047692,0.4444444444444444,0.0,0.0,-0.11308218061426933,0.09046574449141542,under,0.09046574449141542,True,1.8,0.8
778165,605488,Jeffrey Springs,4,5.5,105.0,-120.0,draftkings,fanduel,2025-04-26 16:00:38+00:00,2025-04-26 20:05:00+00:00,2025-04-26,4,5.131271492125005,Jeffrey Springs,ATH,CWS,0.4053637256159632,0.4721030042918455,0.03325942350332589,0.0,-0.16900436248727557,0.09016650303740081,under,0.09016650303740081,True,1.8333333333333335,0.8333333333333335
777803,656550,Grant Holmes,6,4.5,105.0,-118.0,betmgm,fanduel,2025-05-24 16:10:38+00:00,2025-05-24 20:10:00+00:00,2025-05-24,6,4.21077875472015,Grant Holmes,ATL,SD,0.40992557018154413,0.4740160904544466,0.029089281718505333,1.0,-0.15965258112783465,0.0901375059357914,under,0.0901375059357914,False,1.847457627118644,-1.0
778004,663554,Casey Mize,8,4.5,-113.0,-105.0,fanduel,betmgm,2025-05-08 15:05:38+00:00,2025-05-08 19:10:00+00:00,2025-05-08,8,5.184491440292099,Casey Mize,DET,COL,0.5781855903442489,0.5087854162090929,0.04271155387610204,1.0,0.08985425436570815,-0.17645758114829546,over,0.08985425436570815,True,1.8849557522123894,0.8849557522123894
777059,669358,Shane Baz,4,5.5,-137.0,122.0,betrivers,fanduel,2025-07-21 19:30:38+00:00,2025-07-21 23:35:00+00:00,2025-07-21,4,5.780808420593881,Shane Baz,TB,CWS,0.5090755687994096,0.5620357024060317,0.028509522180408364,0.0,-0.1193364247776636,0.08985223726531055,under,0.08985223726531055,True,2.2199999999999998,1.2199999999999998
777247,641793,Zack Littell,5,4.5,125.0,-146.0,betmgm,fanduel,2025-07-04 16:10:38+00:00,2025-07-04 20:10:00+00:00,2025-07-04,5,4.624081550491223,Zack Littell,TB,MIN,0.4843549607651343,0.4281984334203655,0.03794037940379402,1.0,0.08979866172155226,-0.13117342704262347,over,0.08979866172155226,True,2.25,1.25
776707,605280,Clay Holmes,4,4.5,135.0,-160.0,betrivers,fanduel,2025-08-17 19:10:38+00:00,2025-08-17 23:10:00+00:00,2025-08-17,4,4.507537743988018,Clay Holmes,NYM,SEA,0.463719762696966,0.4088050314465409,0.04091653027823239,0.0,0.08974144233787018,-0.1285446143825698,over,0.08974144233787018,False,2.35,-1.0
776471,500779,Jose Quintana,6,4.5,128.0,-135.0,betrivers,betmgm,2025-09-03 19:40:39+00:00,2025-09-03 23:40:00+00:00,2025-09-03,6,4.016493170033104,Jose Quintana,MIL,PHI,0.3740485173392285,0.4329403095062638,0.013064576334453237,1.0,-0.14716938046655892,0.08961924759467621,under,0.08961924759467621,False,1.7407407407407407,-1.0
777827,669467,Andre Pallante,3,3.5,-152.0,121.0,fanduel,betonlineag,2025-05-21 13:15:38+00:00,2025-05-21 17:15:00+00:00,2025-05-21,3,4.5889266934840585,Andre Pallante,STL,DET,0.6572302217424023,0.5713702544563886,0.05566329095740863,0.0,0.08961852552029859,-0.24247879005070916,over,0.08961852552029859,False,1.6578947368421053,-1.0
776231,669461,Matthew Liberatore,6,3.5,115.0,-143.0,fanatics,draftkings,2025-09-21 14:15:38+00:00,2025-09-21 18:15:00+00:00,2025-09-21,6,3.7401968971553394,Matthew Liberatore,STL,MIL,0.506793601339634,0.44145698973567077,0.05359364532491151,1.0,0.08960624288021313,-0.16189402185686064,over,0.08960624288021313,True,2.15,1.15
777860,665152,Dean Kremer,6,4.5,120.0,-145.0,bovada,betmgm,2025-05-19 19:35:37+00:00,2025-05-19 23:40:00+00:00,2025-05-19,6,4.6860872805180955,Dean Kremer,BAL,MIL,0.4951962544223671,0.43439716312056736,0.04638218923933213,1.0,0.08943175972920758,-0.14705574023089618,over,0.08943175972920758,True,2.2,1.2000000000000002
777816,670102,Bowden Francis,4,3.5,-125.0,110.0,betmgm,draftkings,2025-05-22 13:05:37+00:00,2025-05-22 17:07:00+00:00,2025-05-22,4,3.6119764357008606,Bowden Francis,TOR,SD,0.48123903870792256,0.5384615384615385,0.03174603174603163,1.0,-0.13376973032573936,0.0893980187133625,under,0.0893980187133625,False,2.1,-1.0
776973,593958,Eduardo Rodriguez,5,5.5,132.0,-182.0,betrivers,betrivers,2025-07-28 18:35:38+00:00,2025-07-28 22:40:00+00:00,2025-07-28,5,5.528395052324612,Eduardo Rodriguez,AZ,DET,0.46956495786677127,0.4004316710212427,0.07642455368060652,0.0,0.0893907022509095,-0.17811713251884342,over,0.0893907022509095,False,2.3200000000000003,-1.0
777166,663978,Chris Paddack,2,3.5,-165.0,132.0,draftkings,betrivers,2025-07-10 13:10:37+00:00,2025-07-10 17:10:00+00:00,2025-07-10,2,3.8621620553455824,Chris Paddack,MIN,CHC,0.5304897803205768,0.5909231244211176,0.0536759921925829,0.0,-0.14800126190937668,0.08926370965626185,under,0.08926370965626185,True,2.3200000000000003,1.3200000000000003
777597,500779,Jose Quintana,4,3.5,-130.0,118.0,draftkings,fanduel,2025-06-07 19:35:37+00:00,2025-06-07 23:35:00+00:00,2025-06-07,4,3.70751186195309,Jose Quintana,MIL,SD,0.5003396344467635,0.5520062329567589,0.023932987634623037,1.0,-0.11478372367111067,0.08925959690605523,under,0.08925959690605523,False,2.1799999999999997,-1.0
777238,694477,Chad Patrick,2,5.5,140.0,-160.0,betmgm,fanduel,2025-07-05 16:10:37+00:00,2025-07-05 20:10:00+00:00,2025-07-05,2,5.429828171925469,Chad Patrick,MIL,MIA,0.45382590113578836,0.40372670807453415,0.03205128205128216,0.0,0.08918216272589197,-0.11246708934565608,over,0.08918216272589197,False,2.4,-1.0
777046,693645,Cam Schlittler,3,3.5,-135.0,118.0,betmgm,fanduel,2025-07-22 19:05:39+00:00,2025-07-22 23:07:00+00:00,2025-07-22,3,4.3928513108304905,Cam Schlittler,NYY,TOR,0.6256327132912674,0.5560173814471944,0.0331836814366584,0.0,0.08906435276628022,-0.1838793149749629,over,0.08906435276628022,False,1.7407407407407407,-1.0
777513,571510,Matthew Boyd,3,5.5,-180.0,133.0,betrivers,betrivers,2025-06-14 14:20:37+00:00,2025-06-14 18:20:00+00:00,2025-06-14,3,5.936084060541519,Matthew Boyd,CHC,PIT,0.5327164329507061,0.5996568487274806,0.0720416922133662,0.0,-0.1713299931877904,0.0887707112248548,under,0.0887707112248548,True,2.33,1.33
778072,608372,Tomoyuki Sugano,4,3.5,140.0,-166.0,bovada,fanduel,2025-05-03 19:10:38+00:00,2025-05-03 23:15:00+00:00,2025-05-03,4,3.4759059054890002,Tomoyuki Sugano,BAL,KC,0.4534734660575507,0.4003612281757977,0.0407268170426065,1.0,0.08833631853812163,-0.12424061428499089,over,0.08833631853812163,True,2.4,1.4
777129,687064,Brandon Young,4,3.5,-145.0,126.0,fanatics,fanduel,2025-07-13 13:35:37+00:00,2025-07-13 17:35:00+00:00,2025-07-13,4,4.50603865199731,Brandon Young,BAL,MIA,0.6441148015976423,0.572201850881788,0.034314610800072254,1.0,0.08833190614774056,-0.19569945161067182,over,0.08833190614774056,True,1.6896551724137931,0.6896551724137931
777584,678394,Brayan Bello,4,4.5,100.0,-120.0,fanduel,betmgm,2025-06-09 19:10:38+00:00,2025-06-09 23:10:00+00:00,2025-06-09,4,4.974215705817419,Brayan Bello,BOS,TB,0.5441404220032919,0.4782608695652174,0.045454545454545414,0.0,0.08828084400658387,-0.1642574403393685,over,0.08828084400658387,False,2.0,-1.0
776685,686613,Hunter Brown,6,6.5,120.0,-140.0,betrivers,draftkings,2025-08-19 18:40:39+00:00,2025-08-19 22:40:00+00:00,2025-08-19,6,6.6921981496154785,Hunter Brown,HOU,DET,0.4945460807064113,0.43795620437956206,0.037878787878787845,0.0,0.08800137755410509,-0.13350756692527643,over,0.08800137755410509,False,2.2,-1.0
777733,702070,Noah Cameron,2,4.5,-113.0,-110.0,betrivers,fanduel,2025-05-28 19:35:38+00:00,2025-05-28 23:40:00+00:00,2025-05-28,2,5.1781667719986055,Noah Cameron,KC,CIN,0.5771838509981224,0.5031806615776081,0.05432595573440646,0.0,0.08796602002300946,-0.19280553372368825,over,0.08796602002300946,False,1.8849557522123894,-1.0
777347,806185,Hayden Birdsong,1,5.5,135.0,-145.0,bovada,betmgm,2025-06-26 15:40:37+00:00,2025-06-26 19:45:00+00:00,2025-06-26,1,5.486921265146737,Hayden Birdsong,SF,MIA,0.4629613894774452,0.41826717883055914,0.01736864958749451,0.0,0.08795926527199627,-0.09258993394464865,over,0.08795926527199627,False,2.35,-1.0
776529,681343,Shane Smith,7,4.5,-124.0,106.0,betrivers,fanduel,2025-08-30 19:10:38+00:00,2025-08-30 23:10:00+00:00,2025-08-30,7,4.553361316567411,Shane Smith,CWS,NYY,0.47187164275777405,0.5327882529617888,0.039008321775312105,1.0,-0.14758670985692435,0.0879444159189855,under,0.0879444159189855,False,2.06,-1.0
777113,656605,Mitch Keller,3,4.5,-140.0,125.0,draftkings,bovada,2025-07-13 14:10:37+00:00,2025-07-13 18:10:00+00:00,2025-07-13,3,4.809782191732545,Mitch Keller,PIT,MIN,0.5165105006110235,0.5675675675675677,0.02777777777777768,0.0,-0.11455342752395958,0.08785137362519713,under,0.08785137362519713,True,2.25,1.25
777787,664285,Framber Valdez,5,6.5,125.0,-132.0,betrivers,fanduel,2025-05-24 16:10:38+00:00,2025-05-24 20:10:00+00:00,2025-05-24,5,6.61462578822999,Framber Valdez,HOU,SEA,0.48348709497056563,0.43856332703213613,0.013409961685823646,0.0,0.08784596368377273,-0.09218943964523663,over,0.08784596368377273,False,2.25,-1.0
776627,701542,Will Warren,3,5.5,100.0,-110.0,fanatics,betmgm,2025-08-23 13:05:39+00:00,2025-08-23 17:05:00+00:00,2025-08-23,3,6.010817856223686,Will Warren,NYY,BOS,0.5438923073124501,0.48837209302325585,0.023809523809523725,0.0,0.08778461462490017,-0.12924895032376826,over,0.08778461462490017,False,2.0,-1.0
778391,671106,Logan Allen,4,4.5,100.0,-122.0,betonlineag,fanduel,2025-04-09 18:05:39+00:00,2025-04-09 22:10:00+00:00,2025-04-09,4,4.168917698529879,Logan Allen,CLE,CWS,0.4022266761806803,0.47639484978540764,0.04954954954954971,0.0,-0.19554664763863938,0.08775145809745055,under,0.08775145809745055,True,1.819672131147541,0.819672131147541
776856,669160,Dustin May,4,4.5,130.0,-150.0,fanduel,bovada,2025-08-06 19:05:38+00:00,2025-08-06 23:10:00+00:00,2025-08-06,4,4.559053502922809,Dustin May,BOS,KC,0.4728808779453614,0.42016806722689076,0.034782608695652195,0.0,0.087626019274331,-0.12146812990893574,over,0.087626019274331,False,2.3,-1.0
778204,592866,Trevor Williams,5,4.5,135.0,-160.0,bovada,fanduel,2025-04-23 18:40:39+00:00,2025-04-23 22:45:00+00:00,2025-04-23,5,4.502419055283248,Trevor Williams,WSH,BAL,0.46280621737637234,0.4088050314465409,0.04091653027823239,1.0,0.08759461083447495,-0.127060103236605,over,0.08759461083447495,True,2.35,1.35
778429,592866,Trevor Williams,6,3.5,-110.0,-105.0,fanduel,betmgm,2025-04-06 13:30:38+00:00,2025-04-06 17:35:00+00:00,2025-04-06,6,4.0717327214947145,Trevor Williams,WSH,AZ,0.5696767832246683,0.5056053811659194,0.03600464576074325,1.0,0.08756476797436674,-0.15984514820054285,over,0.08756476797436674,True,1.9090909090909092,0.9090909090909092
777996,571578,Patrick Corbin,3,4.5,120.0,-132.0,betmgm,fanduel,2025-05-09 18:35:38+00:00,2025-05-09 22:40:00+00:00,2025-05-09,3,4.681017678102625,Patrick Corbin,TEX,DET,0.49431365847922576,0.444104134762634,0.023510971786833812,0.0,0.08749004865429666,-0.111217945205912,over,0.08749004865429666,False,2.2,-1.0
778435,656849,David Peterson,3,3.5,-160.0,160.0,draftkings,betrivers,2025-04-06 13:35:38+00:00,2025-04-06 17:40:00+00:00,2025-04-06,3,4.666609952635867,David Peterson,NYM,TOR,0.6691989592692212,0.6153846153846154,0.0,0.0,0.08744830881248444,-0.13991729409997522,over,0.08744830881248444,False,1.625,-1.0
776754,681343,Shane Smith,5,4.5,-122.0,125.0,fanduel,draftkings,2025-08-13 14:10:38+00:00,2025-08-13 18:10:00+00:00,2025-08-13,5,4.810939628614681,Shane Smith,CWS,DET,0.516707873181039,0.5528700906344411,-0.006006006006005982,1.0,-0.05976108322794549,0.0874072853426624,under,0.0874072853426624,False,2.25,-1.0
776454,665152,Dean Kremer,4,4.5,115.0,-125.0,fanatics,bovada,2025-09-05 19:05:39+00:00,2025-09-05 23:05:00+00:00,2025-09-05,4,4.747024098165187,Dean Kremer,BAL,LAD,0.5057503418460901,0.45569620253164556,0.02067183462532296,0.0,0.08736323496909382,-0.1103506153229622,over,0.08736323496909382,False,2.15,-1.0
777017,684007,Shota Imanaga,2,4.5,-160.0,135.0,fanatics,betrivers,2025-07-25 19:40:38+00:00,2025-07-25 23:40:00+00:00,2025-07-25,2,4.9330517892255505,Shota Imanaga,CHC,CWS,0.5373030508805422,0.5911949685534592,0.04091653027823239,0.0,-0.12688254231911889,0.08733783043072596,under,0.08733783043072596,True,2.35,1.35
778245,680732,Sean Burke,5,4.5,104.0,-110.0,fanduel,draftkings,2025-04-20 13:30:38+00:00,2025-04-20 17:35:00+00:00,2025-04-20,5,4.9072830268613865,Sean Burke,CWS,BOS,0.5329953252105228,0.48342541436464087,0.014005602240896309,1.0,0.08731046342946658,-0.1084456208564527,over,0.08731046342946658,True,2.04,1.04
776861,805673,Zebby Matthews,6,5.5,128.0,-160.0,betrivers,fanatics,2025-08-05 18:40:38+00:00,2025-08-05 22:40:00+00:00,2025-08-05,6,5.574336924685608,Zebby Matthews,MIN,DET,0.47684584414118986,0.4161331626120358,0.053981106612685625,1.0,0.08720852464191298,-0.14987449672943343,over,0.08720852464191298,True,2.2800000000000002,1.2800000000000002
777640,694297,Brandon Pfaadt,2,4.5,-115.0,-104.0,fanatics,fanduel,2025-06-05 12:10:37+00:00,2025-06-05 16:15:00+00:00,2025-06-05,2,5.205446829954731,Brandon Pfaadt,AZ,ATL,0.5814944787310026,0.5120034919249236,0.044687642498860036,0.0,0.08714185154056997,-0.1790853236646588,over,0.08714185154056997,False,1.8695652173913042,-1.0
777433,663903,Brady Singer,7,3.5,-130.0,128.0,fanduel,betrivers,2025-06-20 19:15:37+00:00,2025-06-20 23:15:00+00:00,2025-06-20,7,4.326233422718043,Brady Singer,CIN,STL,0.6144482959127178,0.5630699088145897,0.0038138825324178782,1.0,0.08710083123019285,-0.12094211468099636,over,0.08710083123019285,True,1.7692307692307692,0.7692307692307692
777433,669467,Andre Pallante,4,4.5,125.0,-150.0,draftkings,fanduel,2025-06-20 19:15:37+00:00,2025-06-20 23:15:00+00:00,2025-06-20,4,4.617116444107361,Andre Pallante,STL,CIN,0.4831309728674503,0.4255319148936171,0.04444444444444429,0.0,0.08704468895176332,-0.13855162144575062,over,0.08704468895176332,False,2.25,-1.0
778090,656605,Mitch Keller,3,4.5,120.0,-145.0,fanduel,betonlineag,2025-05-02 18:35:39+00:00,2025-05-02 22:40:00+00:00,2025-05-02,3,3.9231442856742587,Mitch Keller,PIT,SD,0.3567226080817226,0.43439716312056736,0.04638218923933213,0.0,-0.2152102622202101,0.08691697255157216,under,0.08691697255157216,True,1.6896551724137931,0.6896551724137931
777983,676440,Tanner Bibee,3,5.5,138.0,-160.0,betrivers,draftkings,2025-05-10 18:05:38+00:00,2025-05-10 22:10:00+00:00,2025-05-10,3,5.44762914748605,Tanner Bibee,CLE,PHI,0.4566796314382137,0.40574282147315854,0.03555268261150624,0.0,0.08689752282294849,-0.11710440108709741,over,0.08689752282294849,False,2.38,-1.0
777908,519242,Chris Sale,8,7.5,-110.0,102.0,betmgm,betrivers,2025-05-16 19:05:38+00:00,2025-05-16 23:10:00+00:00,2025-05-16,8,7.451117996893921,Chris Sale,ATL,BOS,0.4619454269459267,0.5141138361869505,0.01885902876001877,1.0,-0.11810418492141261,0.08687023756922807,under,0.08687023756922807,False,2.02,-1.0
777141,669432,Trevor Rogers,8,4.5,100.0,-116.0,draftkings,fanduel,2025-07-12 16:05:37+00:00,2025-07-12 20:05:00+00:00,2025-07-12,8,4.2456751654821945,Trevor Rogers,BAL,MIA,0.4163266283976655,0.48214285714285704,0.0370370370370372,1.0,-0.16734674320466902,0.08684007125951942,under,0.08684007125951942,False,1.8620689655172413,-1.0
776719,681347,Mike Burrows,4,4.5,-110.0,-110.0,fanatics,betmgm,2025-08-16 14:20:45+00:00,2025-08-16 18:20:00+00:00,2025-08-16,4,4.324785458356917,Mike Burrows,PIT,CHC,0.43077258356480913,0.5,0.04761904761904767,0.0,-0.17761597683081887,0.08670688592172815,under,0.08670688592172815,True,1.9090909090909092,0.9090909090909092
777997,605400,Aaron Nola,5,5.5,-115.0,-105.0,fanduel,betmgm,2025-05-09 19:05:38+00:00,2025-05-09 23:10:00+00:00,2025-05-09,5,5.365000880899962,Aaron Nola,PHI,CLE,0.44339435014772993,0.5108342361863488,0.04707884288145214,0.0,-0.17104534537598326,0.08670626875919374,under,0.08670626875919374,True,1.9523809523809523,0.9523809523809523
778028,700249,Cade Povich,4,4.5,132.0,-135.0,betrivers,draftkings,2025-05-06 19:35:38+00:00,2025-05-06 23:40:00+00:00,2025-05-06,4,4.025546910164526,Cade Povich,BAL,MIN,0.3757270461188438,0.42867566581539573,0.005502567865003805,0.0,-0.1283132530042823,0.08669736416349405,under,0.08669736416349405,True,1.7407407407407407,0.7407407407407407
776381,519242,Chris Sale,9,6.5,-132.0,117.0,betrivers,draftkings,2025-09-10 19:15:39+00:00,2025-09-10 23:15:00+00:00,2025-09-10,9,6.725473508409874,Chris Sale,ATL,CHC,0.499261385421985,0.5525036648406759,0.029795010328936833,1.0,-0.12251029228863242,0.08660279363429257,under,0.08660279363429257,False,2.17,-1.0
777002,571760,Andrew Heaney,4,3.5,-145.0,125.0,draftkings,bovada,2025-07-26 18:35:38+00:00,2025-07-26 22:40:00+00:00,2025-07-26,4,3.793071933553502,Andrew Heaney,PIT,AZ,0.5171428925480628,0.5711159737417943,0.03628117913832196,1.0,-0.12620683672913524,0.08642849176685874,under,0.08642849176685874,False,2.25,-1.0
776254,641793,Zack Littell,4,3.5,-155.0,135.0,draftkings,bovada,2025-09-20 18:40:39+00:00,2025-09-20 22:40:00+00:00,2025-09-20,4,3.900370249402272,Zack Littell,CIN,CHC,0.5377823500653656,0.5882115462252725,0.03337505214851899,1.0,-0.11526129505375349,0.0862114773463909,under,0.0862114773463909,False,2.35,-1.0
776200,693821,Bryce Elder,7,4.5,-150.0,128.0,draftkings,fanduel,2025-09-24 12:15:39+00:00,2025-09-24 16:15:00+00:00,2025-09-24,7,4.851980605023739,Bryce Elder,ATL,WSH,0.5236806196141676,0.5777027027027027,0.03859649122807007,1.0,-0.1271989673097208,0.08600818727969806,under,0.08600818727969806,False,2.2800000000000002,-1.0
778446,605135,Chris Bassitt,9,5.5,100.0,-109.0,bovada,williamhill_us,2025-04-05 19:05:38+00:00,2025-04-05 23:10:00+00:00,2025-04-05,9,5.305024682996078,Chris Bassitt,TOR,NYM,0.4336931005174863,0.4894613583138174,0.021531100478468845,1.0,-0.13261379896502745,0.08585451368665487,under,0.08585451368665487,False,1.9174311926605505,-1.0
777111,666157,Nick Lodolo,7,4.5,-162.0,140.0,betrivers,bovada,2025-07-18 19:10:38+00:00,2025-07-18 23:10:00+00:00,2025-07-18,7,4.9952145154469445,Nick Lodolo,CIN,NYM,0.547607206460481,0.5974185617701291,0.03498727735368967,1.0,-0.11436365374909863,0.08574270449484556,under,0.08574270449484556,False,2.4,-1.0
777830,681343,Shane Smith,6,4.5,-130.0,114.0,betonlineag,fanduel,2025-05-21 14:05:38+00:00,2025-05-21 18:10:00+00:00,2025-05-21,6,5.4147914657684915,Shane Smith,CWS,SEA,0.6136737996707375,0.5474222746950019,0.03250711093051595,1.0,0.08573056864822792,-0.17326193129537848,over,0.08573056864822792,True,1.7692307692307692,0.7692307692307692
777119,808967,Yoshinobu Yamamoto,7,5.5,-115.0,120.0,bovada,draftkings,2025-07-13 16:05:38+00:00,2025-07-13 20:05:00+00:00,2025-07-13,7,6.264263156605538,Yoshinobu Yamamoto,LAD,SF,0.5807258410858551,0.5405982905982906,-0.010570824524313016,1.0,0.0857048333344248,-0.0775968503888812,over,0.0857048333344248,True,1.8695652173913042,0.8695652173913042
778257,668678,Zac Gallen,5,5.5,-115.0,-108.0,fanduel,betrivers,2025-04-19 14:15:39+00:00,2025-04-19 18:20:00+00:00,2025-04-19,5,5.321047567714005,Zac Gallen,AZ,CHC,0.4362892654068794,0.5074246924056003,0.05411449016100178,0.0,-0.1843287646740951,0.08566511847563985,under,0.08566511847563985,True,1.925925925925926,0.925925925925926
776453,682990,Quinn Priester,6,4.5,110.0,-125.0,betmgm,bovada,2025-09-05 18:40:38+00:00,2025-09-05 22:40:00+00:00,2025-09-05,6,4.812011041026454,Quinn Priester,MIL,PIT,0.5168905411386581,0.46153846153846156,0.03174603174603163,1.0,0.08547013639118206,-0.13040297404958445,over,0.08547013639118206,True,2.1,1.1
777667,678394,Brayan Bello,4,5.5,110.0,-130.0,fanduel,betrivers,2025-06-03 19:05:37+00:00,2025-06-03 23:10:00+00:00,2025-06-03,4,5.016823470172531,Brayan Bello,BOS,LAA,0.3865703611724659,0.4572564612326044,0.04140786749482395,0.0,-0.1882022415378216,0.085298591771791,under,0.085298591771791,True,1.7692307692307692,0.7692307692307692
776935,805673,Zebby Matthews,4,5.5,-130.0,105.0,fanatics,draftkings,2025-07-30 13:10:38+00:00,2025-07-30 17:10:00+00:00,2025-07-30,4,5.534846215774719,Zebby Matthews,MIN,BOS,0.47058954555662214,0.5367573011077543,0.05302226935312815,0.0,-0.1674184963228993,0.0852914316089246,under,0.0852914316089246,True,2.05,1.0499999999999998
776423,453286,Max Scherzer,8,5.5,105.0,-125.0,fanatics,fanduel,2025-09-07 13:35:38+00:00,2025-09-07 17:35:00+00:00,2025-09-07,8,5.080746726079035,Max Scherzer,TOR,NYY,0.39707694558922385,0.4675324675324675,0.04336043360433606,1.0,-0.18599226154209114,0.0852614979393973,under,0.0852614979393973,False,1.8,-1.0
777015,592836,Taijuan Walker,3,3.5,-127.0,110.0,betrivers,draftkings,2025-07-25 19:05:38+00:00,2025-07-25 23:05:00+00:00,2025-07-25,3,3.62195417630553,Taijuan Walker,PHI,NYY,0.48324983002556066,0.5402066032003241,0.0356618418292427,0.0,-0.1362384927889585,0.08517535694632272,under,0.08517535694632272,True,2.1,1.1
776645,690997,Nolan McLean,7,4.5,-120.0,100.0,betonlineag,draftkings,2025-08-22 19:15:39+00:00,2025-08-22 23:15:00+00:00,2025-08-22,7,5.2720609788544985,Nolan McLean,NYM,ATL,0.5919083136497196,0.5217391304347826,0.045454545454545414,1.0,0.0851652416911528,-0.18381662729943926,over,0.0851652416911528,True,1.8333333333333335,0.8333333333333335
776637,677952,Braxton Ashcraft,6,3.5,-145.0,121.0,fanatics,betonlineag,2025-08-22 18:40:39+00:00,2025-08-22 22:40:00+00:00,2025-08-22,6,4.494076659483809,Braxton Ashcraft,PIT,COL,0.64219271921266,0.5667167742505969,0.04432542247668292,1.0,0.08508424970414974,-0.20924590945997856,over,0.08508424970414974,True,1.6896551724137931,0.6896551724137931
778252,615698,Cal Quantrill,0,3.5,115.0,-140.0,bovada,draftkings,2025-04-19 13:00:38+00:00,2025-04-19 17:05:00+00:00,2025-04-19,0,3.729489445920259,Cal Quantrill,MIA,PHI,0.5046839956415538,0.44362292051756,0.04844961240310086,0.0,0.08507059062934053,-0.1508868496712349,over,0.08507059062934053,False,2.15,-1.0
778449,573186,Marcus Stroman,3,3.5,-115.0,100.0,betrivers,draftkings,2025-04-05 16:00:38+00:00,2025-04-05 20:05:00+00:00,2025-04-05,3,4.130717735087726,Marcus Stroman,NYY,PIT,0.5803362769257369,0.5168539325842696,0.03488372093023262,0.0,0.08497651773072534,-0.16067255385147372,over,0.08497651773072534,False,1.8695652173913042,-1.0
777177,663460,Kris Bubic,6,6.5,120.0,-143.0,draftkings,betonlineag,2025-07-09 19:40:37+00:00,2025-07-09 23:40:00+00:00,2025-07-09,6,6.681717756106096,Kris Bubic,KC,PIT,0.49305732867550783,0.43579626972740315,0.043022820800598494,0.0,0.08472612308611738,-0.13855196411292592,over,0.08472612308611738,False,2.2,-1.0
778392,663623,Jake Irvin,7,4.5,120.0,-114.0,bovada,betrivers,2025-04-09 16:00:39+00:00,2025-04-09 20:05:00+00:00,2025-04-09,7,4.277777114324502,Jake Irvin,WSH,LAD,0.4222001151396463,0.4604130808950086,-0.01274426508071369,1.0,-0.07115974669277814,0.08464188912382187,under,0.08464188912382187,False,1.8771929824561404,-1.0
777782,608331,Max Fried,7,6.5,104.0,-115.0,betonlineag,fanduel,2025-05-24 16:10:38+00:00,2025-05-24 20:10:00+00:00,2025-05-24,7,6.957852279289034,Max Fried,NYY,COL,0.5316656135552325,0.478202846975089,0.025079799361604982,1.0,0.0845978516526742,-0.12441832099456507,over,0.0845978516526742,True,2.04,1.04
777368,453286,Max Scherzer,4,4.5,110.0,-125.0,draftkings,betonlineag,2025-06-25 18:40:37+00:00,2025-06-25 22:40:00+00:00,2025-06-25,4,4.1432374321857655,Max Scherzer,TOR,CLE,0.3974937966885196,0.46153846153846156,0.03174603174603163,0.0,-0.16526302695410888,0.08451116596066477,under,0.08451116596066477,True,1.8,0.8
778372,450203,Charlie Morton,2,4.5,117.0,-126.0,betrivers,fanduel,2025-07-29 12:35:39+00:00,2025-07-29 16:35:00+00:00,2025-07-29,2,4.712043516922597,Charlie Morton,BAL,TOR,0.49970426871387247,0.45252492891754437,0.018351616981362895,0.0,0.08435826310910333,-0.10264416451853309,over,0.08435826310910333,False,2.17,-1.0
777845,605135,Chris Bassitt,6,4.5,-118.0,-110.0,betmgm,draftkings,2025-05-20 19:05:38+00:00,2025-05-20 23:07:00+00:00,2025-05-20,6,4.331968124011058,Chris Bassitt,TOR,SD,0.4320792631073215,0.5082034454470877,0.06509392747924858,1.0,-0.20175186985257565,0.08421231588602263,under,0.08421231588602263,False,1.9090909090909092,-1.0
778373,641927,Bailey Ober,4,4.5,102.0,-109.0,betrivers,betonlineag,2025-04-10 14:05:40+00:00,2025-04-10 18:10:00+00:00,2025-04-10,4,4.929066162493523,Bailey Ober,MIN,KC,0.5366381528825828,0.4869751619367165,0.01658060542896389,0.0,0.08400906882281722,-0.11153554084825501,over,0.08400906882281722,False,2.02,-1.0
776798,663436,Davis Martin,2,4.5,145.0,-160.0,betrivers,bovada,2025-08-10 14:10:38+00:00,2025-08-10 18:10:00+00:00,2025-08-10,2,4.388916730866071,Davis Martin,CWS,CLE,0.4424076031571739,0.3987730061349693,0.023547880690737877,0.0,0.08389862773507617,-0.09391235513040774,over,0.08389862773507617,False,2.45,-1.0
777717,690986,Kyle Harrison,5,4.5,-105.0,-115.0,draftkings,fanduel,2025-05-30 19:10:37+00:00,2025-05-30 23:10:00+00:00,2025-05-30,5,5.041130492437213,Kyle Harrison,SF,MIA,0.5551370214796905,0.4891657638136511,0.04707884288145214,1.0,0.08383894669844327,-0.16829964885333437,over,0.08383894669844327,True,1.9523809523809523,0.9523809523809523
778070,571578,Patrick Corbin,2,4.5,-104.0,-110.0,betrivers,fanduel,2025-05-03 19:00:38+00:00,2025-05-03 23:05:00+00:00,2025-05-03,2,5.025188220847998,Patrick Corbin,TEX,SEA,0.5525305708323212,0.4932249322493225,0.03361344537815114,0.0,0.08380996586339928,-0.1457401806798858,over,0.08380996586339928,False,1.9615384615384617,-1.0
776159,702056,Trey Yesavage,5,4.5,-105.0,-103.0,betmgm,draftkings,2025-09-27 15:05:39+00:00,2025-09-27 19:07:00+00:00,2025-09-27,5,5.040855255963355,Trey Yesavage,TOR,TB,0.5550920943902822,0.5023568230025924,0.019584284512796035,1.0,0.08375123190483658,-0.123142671468226,over,0.08375123190483658,True,1.9523809523809523,0.9523809523809523
776677,669358,Shane Baz,3,5.5,-160.0,123.0,draftkings,betrivers,2025-08-19 19:30:39+00:00,2025-08-19 23:35:00+00:00,2025-08-19,3,5.81294933134057,Shane Baz,TB,NYY,0.5140137282187661,0.5784695201037614,0.06381510865815798,0.0,-0.16472769164450507,0.08374938607215165,under,0.08374938607215165,True,2.23,1.23
776648,676917,Cade Cavalli,4,4.5,115.0,-140.0,fanatics,betmgm,2025-08-22 18:45:39+00:00,2025-08-22 22:45:00+00:00,2025-08-22,4,4.737078257307384,Cade Cavalli,WSH,PHI,0.504034760536396,0.44362292051756,0.04844961240310086,0.0,0.08367473515325119,-0.1497738752052501,over,0.08367473515325119,False,2.15,-1.0
777955,601713,Nick Pivetta,5,6.5,-108.0,105.0,betonlineag,draftkings,2025-05-11 15:05:37+00:00,2025-05-11 19:10:00+00:00,2025-05-11,5,7.187360004809356,Nick Pivetta,SD,COL,0.5626633082100647,0.5156031672100606,0.007035647279549639,0.0,0.08364785284901366,-0.10345978183063276,over,0.08364785284901366,False,1.925925925925926,-1.0
776844,571760,Andrew Heaney,1,3.5,-135.0,110.0,betmgm,draftkings,2025-08-06 12:35:38+00:00,2025-08-06 16:35:00+00:00,2025-08-06,1,4.3734089024015566,Andrew Heaney,PIT,SF,0.6223918969239011,0.5467695274831245,0.050658561296859084,0.0,0.08342293168234627,-0.20702298354019222,over,0.08342293168234627,False,1.7407407407407407,-1.0
778425,542881,Tyler Anderson,5,4.5,117.0,-142.0,betonlineag,fanduel,2025-04-06 16:05:38+00:00,2025-04-06 20:07:00+00:00,2025-04-06,5,3.963870451981216,Tyler Anderson,LAA,CLE,0.36428495896806423,0.4398880285018359,0.04760635259168988,1.0,-0.20950163903930064,0.08340168964597505,under,0.08340168964597505,False,1.704225352112676,-1.0
777572,608331,Max Fried,4,4.5,-145.0,126.0,bovada,betonlineag,2025-06-10 19:40:37+00:00,2025-06-10 23:40:00+00:00,2025-06-10,4,4.834120460244937,Max Fried,NYY,KC,0.5206524296274758,0.572201850881788,0.034314610800072254,0.0,-0.12027692925012701,0.0833255090419045,under,0.0833255090419045,True,2.26,1.2599999999999998
778428,701542,Will Warren,5,4.5,-133.0,125.0,betonlineag,betmgm,2025-04-06 13:30:38+00:00,2025-04-06 17:35:00+00:00,2025-04-06,5,5.44593191362833,Will Warren,NYY,PIT,0.6183213406060453,0.5622357914513856,0.015259895088221231,1.0,0.0832246042196132,-0.1412230163636019,over,0.0832246042196132,True,1.7518796992481203,0.7518796992481203
776310,813349,Connelly Early,7,5.5,-118.0,112.0,betrivers,draftkings,2025-09-16 18:45:39+00:00,2025-09-16 22:45:00+00:00,2025-09-16,7,5.651933148366552,Connelly Early,BOS,ATH,0.4890566843319326,0.5343472317156528,0.012982516877271921,1.0,-0.09648849843761609,0.08319982921630298,under,0.08319982921630298,False,2.12,-1.0
778304,682243,Bryce Miller,8,5.5,125.0,-130.0,bovada,fanduel,2025-04-16 18:35:39+00:00,2025-04-16 22:40:00+00:00,2025-04-16,8,5.602902914242819,Bryce Miller,SEA,CIN,0.4813540944075416,0.4401913875598086,0.009661835748792313,1.0,0.0830467124169687,-0.08239570549026598,over,0.0830467124169687,True,2.25,1.25
776447,682243,Bryce Miller,3,3.5,-140.0,130.0,draftkings,bovada,2025-09-06 19:15:39+00:00,2025-09-06 23:15:00+00:00,2025-09-06,3,4.429998968504276,Bryce Miller,SEA,ATL,0.6317710257966076,0.5729537366548043,0.018115942028985588,0.0,0.08303604422275601,-0.15307335933219757,over,0.08303604422275601,False,1.7142857142857144,-1.0
778012,608379,Michael Wacha,5,4.5,-105.0,-108.0,draftkings,fanduel,2025-05-07 19:35:38+00:00,2025-05-07 23:40:00+00:00,2025-05-07,5,5.0385464998088665,Michael Wacha,KC,CWS,0.5547151340772147,0.4965893587994543,0.031425891181988685,1.0,0.08301526176980012,-0.14241433229685796,over,0.08301526176980012,True,1.9523809523809523,0.9523809523809523
777318,645261,Sandy Alcantara,4,4.5,132.0,-150.0,fanduel,bovada,2025-06-28 16:10:38+00:00,2025-06-28 20:10:00+00:00,2025-06-28,4,3.8882892394935364,Sandy Alcantara,MIA,AZ,0.3502486670839358,0.4180602006688963,0.03103448275862064,0.0,-0.18742309236526877,0.0829188881934404,under,0.0829188881934404,True,1.6666666666666665,0.6666666666666665
777718,607536,Kyle Freeland,4,3.5,-132.0,115.0,fanduel,betmgm,2025-05-30 19:10:37+00:00,2025-05-30 23:10:00+00:00,2025-05-30,4,4.33624207274067,Kyle Freeland,COL,NYM,0.616143039484029,0.550213260953858,0.03408179631114683,1.0,0.08291806939617219,-0.17470753489066249,over,0.08291806939617219,True,1.7575757575757576,0.7575757575757576
778193,700249,Cade Povich,5,3.5,-156.0,145.0,fanduel,betrivers,2025-04-24 18:40:38+00:00,2025-04-24 22:45:00+00:00,2025-04-24,5,4.008259550226712,Cade Povich,BAL,WSH,0.5580212804592715,0.5988718270134754,0.017538265306122458,1.0,-0.08427277052837512,0.08284786287478507,under,0.08284786287478507,False,2.45,-1.0
776661,605135,Chris Bassitt,10,4.5,-118.0,118.0,betmgm,fanduel,2025-08-20 12:30:39+00:00,2025-08-20 16:35:00+00:00,2025-08-20,10,5.2348854385972485,Chris Bassitt,TOR,PIT,0.5861163697534406,0.5412844036697247,0.0,1.0,0.08282515768008514,-0.09773368606250066,over,0.08282515768008514,True,1.847457627118644,0.847457627118644
777012,678394,Brayan Bello,5,4.5,115.0,-135.0,bovada,draftkings,2025-07-25 19:10:38+00:00,2025-07-25 23:10:00+00:00,2025-07-25,5,4.73357350706241,Brayan Bello,BOS,LAD,0.5034295579846241,0.447405997144217,0.03958436417615041,1.0,0.08237354966694177,-0.1355996009361975,over,0.08237354966694177,True,2.15,1.15
778134,663903,Brady Singer,4,5.5,125.0,-136.0,draftkings,fanduel,2025-04-30 12:40:38+00:00,2025-04-30 16:40:00+00:00,2025-04-30,4,4.954308179928777,Brady Singer,CIN,STL,0.3762776911264701,0.4354243542435424,0.020715630885122405,0.0,-0.15337519496544227,0.08234165363347845,under,0.08234165363347845,True,1.7352941176470589,0.7352941176470589
776529,693645,Cam Schlittler,8,5.5,110.0,-105.0,betonlineag,betmgm,2025-08-30 19:10:38+00:00,2025-08-30 23:10:00+00:00,2025-08-30,8,5.379988885015025,Cam Schlittler,NYY,CWS,0.4458113483274706,0.481786133960047,-0.011614401858304313,1.0,-0.06379616851231174,0.0819873675511289,under,0.0819873675511289,False,1.9523809523809523,-1.0
778435,670102,Bowden Francis,6,4.5,-105.0,-103.0,draftkings,betonlineag,2025-04-06 13:35:38+00:00,2025-04-06 17:40:00+00:00,2025-04-06,6,5.03489462747268,Bowden Francis,TOR,NYM,0.5541185128864099,0.5023568230025924,0.019584284512796035,1.0,0.08185042992108604,-0.12122386520331274,over,0.08185042992108604,True,1.9523809523809523,0.9523809523809523
776260,453286,Max Scherzer,2,4.5,-110.0,-101.0,bovada,draftkings,2025-09-19 19:40:41+00:00,2025-09-19 23:40:00+00:00,2025-09-19,2,4.466892319102435,Max Scherzer,TOR,KC,0.45644994194380795,0.5103878116343491,0.026297085998578495,0.0,-0.12859556538000294,0.08171843236925347,under,0.08171843236925347,True,1.99009900990099,0.9900990099009901
776250,506433,Yu Darvish,4,4.5,-157.0,128.0,betrivers,draftkings,2025-09-20 19:10:39+00:00,2025-09-20 23:10:00+00:00,2025-09-20,4,4.8632846834672305,Yu Darvish,SD,CWS,0.525592235766899,0.5820866397814493,0.0494914328623115,0.0,-0.13963563954080882,0.08164970245147041,under,0.08164970245147041,True,2.2800000000000002,1.2800000000000002
777957,622663,Luis Severino,2,4.5,-144.0,130.0,fanduel,betrivers,2025-05-11 16:00:37+00:00,2025-05-11 20:05:00+00:00,2025-05-11,2,4.887857853203749,Luis Severino,ATH,NYY,0.5297342685539306,0.5757997218358832,0.024946543121881604,0.0,-0.10239471161695102,0.08161118232595954,under,0.08161118232595954,True,2.3,1.2999999999999998
776478,605280,Clay Holmes,6,3.5,-144.0,130.0,fanduel,betmgm,2025-09-03 13:10:38+00:00,2025-09-03 17:10:00+00:00,2025-09-03,6,4.469941498959809,Clay Holmes,NYM,DET,0.6382921534302208,0.5757997218358832,0.024946543121881604,1.0,0.08155059331231862,-0.16807195288950794,over,0.08155059331231862,True,1.6944444444444444,0.6944444444444444
777257,500779,Jose Quintana,3,3.5,-135.0,120.0,betonlineag,betmgm,2025-07-03 19:10:37+00:00,2025-07-03 23:10:00+00:00,2025-07-03,3,4.366964645530006,Jose Quintana,MIL,NYM,0.6213134615137117,0.5582706766917294,0.029013539651837617,0.0,0.08154565522757218,-0.16688961533016566,over,0.08154565522757218,False,1.7407407407407407,-1.0
776230,593958,Eduardo Rodriguez,5,4.5,-140.0,123.0,betmgm,betrivers,2025-09-21 16:10:38+00:00,2025-09-21 20:10:00+00:00,2025-09-21,5,4.801154995409494,Eduardo Rodriguez,AZ,PHI,0.515038100491671,0.565374864179645,0.031763826606876044,1.0,-0.11707754201427822,0.08146503590357379,under,0.08146503590357379,False,2.23,-1.0
776868,665152,Dean Kremer,6,4.5,-134.0,116.0,betrivers,fanduel,2025-08-05 18:45:39+00:00,2025-08-05 22:45:00+00:00,2025-08-05,6,4.710130773160984,Dean Kremer,BAL,PHI,0.49937269317905225,0.5529573590096286,0.035612535612535634,1.0,-0.12796111788135656,0.08135498273324715,under,0.08135498273324715,False,2.16,-1.0
777532,694819,Jacob Misiorowski,5,4.5,-105.0,103.0,draftkings,betonlineag,2025-06-12 19:40:37+00:00,2025-06-12 23:40:00+00:00,2025-06-12,5,4.5278810198119,Jacob Misiorowski,MIL,STL,0.46734468817666525,0.509745306708119,0.004805959389643233,1.0,-0.08756513260746313,0.08129028300136976,under,0.08129028300136976,False,2.0300000000000002,-1.0
777554,694477,Chad Patrick,8,4.5,-115.0,-102.0,draftkings,fanduel,2025-06-11 14:10:37+00:00,2025-06-11 18:10:00+00:00,2025-06-11,8,5.185244652444231,Chad Patrick,MIL,ATL,0.5783047941800794,0.5143932683790965,0.039834215979737575,1.0,0.0811785282497135,-0.1648781218076082,over,0.0811785282497135,True,1.8695652173913042,0.8695652173913042
778012,686563,Jonathan Cannon,1,3.5,-120.0,110.0,bovada,betonlineag,2025-05-07 19:35:38+00:00,2025-05-07 23:40:00+00:00,2025-05-07,1,3.6314659574680195,Jonathan Cannon,CWS,KC,0.48516333883435664,0.5338983050847457,0.02164502164502169,0.0,-0.11053387880367938,0.08115698844785113,under,0.08115698844785113,True,2.1,1.1
777277,607259,Nick Martinez,2,4.5,-115.0,-111.0,fanduel,fanduel,2025-07-02 19:05:38+00:00,2025-07-02 23:10:00+00:00,2025-07-02,2,5.184828996796278,Nick Martinez,CIN,BOS,0.578239014740302,0.5041554124246831,0.060950071641133086,0.0,0.08105554929708636,-0.19827416315498847,over,0.08105554929708636,False,1.8695652173913042,-1.0
777022,663978,Chris Paddack,8,3.5,-108.0,-105.0,fanduel,draftkings,2025-07-23 16:10:38+00:00,2025-07-23 20:10:00+00:00,2025-07-23,8,4.025930705517367,Chris Paddack,MIN,LAD,0.5612852369190267,0.5034106412005458,0.031425891181988685,1.0,0.08099378962182913,-0.14346165303238534,over,0.08099378962182913,True,1.925925925925926,0.925925925925926
778271,682847,Luis Ortiz,8,4.5,-113.0,-105.0,williamhill_us,draftkings,2025-04-18 18:35:39+00:00,2025-04-18 22:40:00+00:00,2025-04-18,8,5.154624174391333,Luis Ortiz,CLE,PIT,0.5734426137978254,0.5087854162090929,0.04271155387610204,1.0,0.08091395344191854,-0.16719748408146862,over,0.08091395344191854,True,1.8849557522123894,0.8849557522123894
776565,666214,Joey Wentz,5,4.5,110.0,-120.0,fanduel,betmgm,2025-08-27 13:10:39+00:00,2025-08-27 17:10:00+00:00,2025-08-27,5,4.213993527815362,Joey Wentz,ATL,MIA,0.41051592819471094,0.4661016949152542,0.02164502164502169,1.0,-0.13791655079110698,0.0807207983096967,under,0.0807207983096967,False,1.8333333333333335,-1.0
776794,694297,Brandon Pfaadt,2,5.5,-117.0,103.0,betrivers,betonlineag,2025-08-10 16:10:38+00:00,2025-08-10 20:10:00+00:00,2025-08-10,2,6.2778143237776085,Brandon Pfaadt,AZ,COL,0.5826464892657847,0.5225627598952718,0.0317813443508661,0.0,0.0806349416297032,-0.15277237320954273,over,0.0806349416297032,False,1.8547008547008548,-1.0
776569,686701,Ryan Bergert,3,4.5,110.0,-120.0,betonlineag,betmgm,2025-08-27 19:40:39+00:00,2025-08-27 23:40:00+00:00,2025-08-27,3,4.797884290307936,Ryan Bergert,KC,CWS,0.5144793194377087,0.4661016949152542,0.02164502164502169,0.0,0.08040657081918834,-0.10987875230246602,over,0.08040657081918834,False,2.1,-1.0
777272,543243,Sonny Gray,6,5.5,-138.0,128.0,fanduel,betonlineag,2025-07-02 12:35:37+00:00,2025-07-02 16:35:00+00:00,2025-07-02,6,6.597598855787105,Sonny Gray,STL,PIT,0.6264391966590797,0.5693398957730169,0.01842842400117939,1.0,0.08038064351348528,-0.14828136838270156,over,0.08038064351348528,True,1.7246376811594204,0.7246376811594204
778354,645261,Sandy Alcantara,1,5.5,120.0,-142.0,draftkings,fanduel,2025-04-12 16:05:39+00:00,2025-04-12 20:10:00+00:00,2025-04-12,1,5.6646921407094375,Sandy Alcantara,MIA,WSH,0.49105356719711035,0.43650793650793646,0.04132231404958686,0.0,0.08031784783364282,-0.13264058635000497,over,0.08031784783364282,False,2.2,-1.0
776689,669302,Logan Gilbert,1,6.5,100.0,-114.0,betmgm,betonlineag,2025-08-18 18:45:38+00:00,2025-08-18 22:45:00+00:00,2025-08-18,1,7.019919354972444,Logan Gilbert,SEA,PHI,0.5401527975439832,0.4841628959276018,0.032710280373831724,0.0,0.08030559508796631,-0.13677805854747715,over,0.08030559508796631,False,2.0,-1.0
778440,641927,Bailey Ober,5,5.5,106.0,-115.0,betrivers,betmgm,2025-04-05 14:05:39+00:00,2025-04-05 18:10:00+00:00,2025-04-05,5,5.235660188972827,Bailey Ober,MIN,HOU,0.4224198199886984,0.47576897543704366,0.0203206141341159,0.0,-0.1298151708232813,0.07982381480373779,under,0.07982381480373779,True,1.8695652173913042,0.8695652173913042
778207,676106,Emerson Hancock,7,3.5,-106.0,-105.0,fanduel,draftkings,2025-04-23 18:40:39+00:00,2025-04-23 22:45:00+00:00,2025-04-23,7,3.995370342178677,Emerson Hancock,SEA,BOS,0.5556314058508315,0.5011531365313653,0.02675822874733602,1.0,0.07981197740821977,-0.13242322094686154,over,0.07981197740821977,True,1.9433962264150944,0.9433962264150944
778388,657746,Joe Ryan,4,4.5,-155.0,143.0,draftkings,betrivers,2025-04-09 19:35:39+00:00,2025-04-09 23:40:00+00:00,2025-04-09,4,5.044764914084138,Joe Ryan,MIN,KC,0.555730032809852,0.5962954167656138,0.019365770999757892,0.0,-0.08573446215153391,0.07957602027205946,under,0.07957602027205946,True,2.4299999999999997,1.4299999999999997
778068,656731,Tylor Megill,6,4.5,-136.0,106.0,fanduel,fanduel,2025-05-04 18:10:37+00:00,2025-05-04 22:15:00+00:00,2025-05-04,6,5.471573817906576,Tylor Megill,NYM,STL,0.6221206729894879,0.5427774333539988,0.06170807964456149,1.0,0.07956234430528797,-0.2215685863583451,over,0.07956234430528797,True,1.7352941176470589,0.7352941176470589
777530,665795,Edward Cabrera,5,4.5,-130.0,110.0,draftkings,bovada,2025-06-13 18:45:37+00:00,2025-06-13 22:45:00+00:00,2025-06-13,5,4.63351330847406,Edward Cabrera,MIA,WSH,0.48601045892904843,0.5427435387673957,0.04140786749482395,1.0,-0.1401353418947605,0.07937803624899842,under,0.07937803624899842,False,2.1,-1.0
777668,668881,Hunter Greene,7,6.5,102.0,-115.0,betrivers,bovada,2025-06-03 19:05:37+00:00,2025-06-03 23:10:00+00:00,2025-06-03,7,6.19726510636048,Hunter Greene,CIN,MIL,0.4226685866123108,0.48066174826738206,0.029933225880727665,1.0,-0.1462094550431321,0.07935872937698418,under,0.07935872937698418,False,1.8695652173913042,-1.0
777692,676979,Garrett Crochet,12,7.5,108.0,-118.0,fanduel,betrivers,2025-06-01 13:35:37+00:00,2025-06-01 17:35:00+00:00,2025-06-01,12,7.884899683823955,Garrett Crochet,BOS,ATL,0.5188032143561587,0.4703953046780598,0.02205363443895547,1.0,0.07911068586081016,-0.11100932821731024,over,0.07911068586081016,True,2.08,1.08
776382,671106,Logan Allen,2,3.5,-150.0,130.0,fanatics,bovada,2025-09-10 18:35:39+00:00,2025-09-10 22:40:00+00:00,2025-09-10,2,3.8638925924235465,Logan Allen,CLE,KC,0.530821458716763,0.5798319327731092,0.034782608695652195,0.0,-0.1152975688053951,0.07911064495144493,under,0.07911064495144493,True,2.3,1.2999999999999998
776455,665871,Javier Assad,4,3.5,-121.0,105.0,betrivers,fanatics,2025-09-05 14:20:38+00:00,2025-09-05 18:20:00+00:00,2025-09-05,4,4.189514928800628,Javier Assad,CHC,WSH,0.590793906959842,0.5288348790107664,0.0353161902659751,1.0,0.07905333419938088,-0.16112750926767616,over,0.07905333419938088,True,1.8264462809917354,0.8264462809917354
776388,605288,Adrian Houser,9,3.5,-160.0,130.0,draftkings,betmgm,2025-09-09 19:40:39+00:00,2025-09-09 23:40:00+00:00,2025-09-09,9,4.632600345552977,Adrian Houser,TB,CWS,0.6639975765483641,0.5859872611464969,0.050167224080267525,1.0,0.07899606189109165,-0.22719442606123752,over,0.07899606189109165,True,1.625,0.625
777105,677944,Slade Cecconi,2,5.5,-105.0,-110.0,betmgm,draftkings,2025-07-18 19:05:38+00:00,2025-07-18 23:10:00+00:00,2025-07-18,2,5.311968853516291,Slade Cecconi,CLE,ATH,0.43481863842256624,0.49439461883408076,0.03600464576074325,0.0,-0.1510683726035612,0.07898259937510077,under,0.07898259937510077,True,1.9090909090909092,0.9090909090909092
776327,806960,Luis Morales,2,4.5,-155.0,140.0,betmgm,betrivers,2025-09-14 16:00:38+00:00,2025-09-14 20:05:00+00:00,2025-09-14,2,5.012351709307883,Luis Morales,ATH,CIN,0.550425734879461,0.5933014354066986,0.02450980392156854,0.0,-0.09446088777895134,0.07897823628929346,under,0.07897823628929346,True,2.4,1.4
777699,665152,Dean Kremer,7,4.5,-103.0,-120.0,betrivers,draftkings,2025-05-31 16:05:37+00:00,2025-05-31 20:05:00+00:00,2025-05-31,7,4.994012424631592,Dean Kremer,BAL,CWS,0.5474091374541944,0.4819225861335602,0.052843708016121926,1.0,0.07887431944855794,-0.1702500853326897,over,0.07887431944855794,True,1.970873786407767,0.970873786407767
776975,702070,Noah Cameron,6,5.5,155.0,-150.0,betrivers,bovada,2025-07-27 14:05:38+00:00,2025-07-27 18:10:00+00:00,2025-07-27,6,4.811477794437074,Noah Cameron,KC,CLE,0.352735365145382,0.3952569169960474,-0.007843137254901933,1.0,-0.10052481887927589,0.07877439142436327,under,0.07877439142436327,False,1.6666666666666665,-1.0
777499,554430,Zack Wheeler,9,6.5,-105.0,-112.0,fanatics,fanduel,2025-06-15 13:35:37+00:00,2025-06-15 17:35:00+00:00,2025-06-15,9,6.248016726204379,Zack Wheeler,PHI,TOR,0.43015993407746905,0.4922600619195047,0.040497008743672236,1.0,-0.16016393822970332,0.07862583906764775,under,0.07862583906764775,False,1.8928571428571428,-1.0
776484,680573,Simeon Woods Richardson,7,3.5,-120.0,125.0,mybookieag,bovada,2025-09-02 19:35:38+00:00,2025-09-02 23:40:00+00:00,2025-09-02,7,4.1754971763341695,Simeon Woods Richardson,MIN,CWS,0.5883160875878697,0.5510204081632653,-0.010101010101010166,1.0,0.07857949391109442,-0.07371119707270679,over,0.07857949391109442,True,1.8333333333333335,0.8333333333333335
776201,677960,Ryan Weathers,8,4.5,-106.0,-116.0,fanduel,draftkings,2025-09-24 18:45:40+00:00,2025-09-24 22:45:00+00:00,2025-09-24,8,4.269980172414959,Ryan Weathers,MIA,PHI,0.420774944274158,0.4893144127201231,0.05160014383315348,1.0,-0.1822675611275797,0.07855700031708523,under,0.07855700031708523,False,1.8620689655172413,-1.0
776218,668909,Gavin Williams,12,5.5,-122.0,115.0,draftkings,fanatics,2025-09-23 18:40:39+00:00,2025-09-23 22:40:00+00:00,2025-09-23,12,5.711752065000198,Gavin Williams,CLE,DET,0.4983909601978629,0.5416064422878382,0.01466582861931709,1.0,-0.09309185931208552,0.07845943557459467,under,0.07845943557459467,False,2.15,-1.0
777533,571578,Patrick Corbin,6,4.5,150.0,-160.0,bovada,draftkings,2025-06-12 13:10:37+00:00,2025-06-12 17:10:00+00:00,2025-06-12,6,4.328142175940935,Patrick Corbin,TEX,MIN,0.4313833495225817,0.393939393939394,0.01538461538461533,1.0,0.07845837380645437,-0.07599794297419527,over,0.07845837380645437,True,2.5,1.5
776404,624133,Ranger Suarez,12,5.5,110.0,-120.0,bovada,betmgm,2025-09-09 18:45:39+00:00,2025-09-09 22:45:00+00:00,2025-09-09,12,5.170487451090512,Ranger Suarez,PHI,NYM,0.4117825345635185,0.4661016949152542,0.02164502164502169,1.0,-0.13525667741661118,0.07839868663354954,under,0.07839868663354954,False,1.8333333333333335,-1.0
776470,605488,Jeffrey Springs,4,4.5,115.0,-125.0,fanatics,betrivers,2025-09-03 19:45:38+00:00,2025-09-03 23:45:00+00:00,2025-09-03,4,4.161793440822646,Jeffrey Springs,ATH,STL,0.4009143869233412,0.45569620253164556,0.02067183462532296,0.0,-0.13803406811481644,0.078354103537986,under,0.078354103537986,True,1.8,0.8
776530,671737,Taj Bradley,6,3.5,-130.0,120.0,draftkings,betmgm,2025-08-30 19:10:38+00:00,2025-08-30 23:10:00+00:00,2025-08-30,6,3.755752961964162,Taj Bradley,MIN,SD,0.5098502680539069,0.5542635658914729,0.019762845849802257,1.0,-0.09795721805847246,0.07832941028140494,under,0.07832941028140494,False,2.2,-1.0
776238,663554,Casey Mize,5,4.5,122.0,-143.0,betonlineag,draftkings,2025-09-21 13:40:39+00:00,2025-09-21 17:10:00+00:00,2025-09-21,5,4.631761305926262,Casey Mize,DET,ATL,0.48570311190953935,0.4335724226528209,0.03892781670559442,1.0,0.07826090843917721,-0.12605493841970694,over,0.07826090843917721,True,2.2199999999999998,1.2199999999999998
777712,671096,Andrew Abbott,8,4.5,123.0,-150.0,betrivers,betmgm,2025-05-30 14:20:37+00:00,2025-05-30 18:20:00+00:00,2025-05-30,8,4.619270466414647,Andrew Abbott,CIN,CHC,0.4835096328069923,0.42771599657827203,0.04843049327354265,1.0,0.07822648115959274,-0.13918272134498733,over,0.07822648115959274,True,2.23,1.23
778480,683004,Jack Leiter,6,4.5,107.0,-110.0,betrivers,draftkings,2025-04-02 12:35:39+00:00,2025-04-02 16:40:00+00:00,2025-04-02,6,4.349232603230417,Jack Leiter,TEX,CIN,0.43521645131875136,0.4797806716929403,0.0069013112491373985,1.0,-0.09910194577018461,0.07822313839147488,under,0.07822313839147488,False,1.9090909090909092,-1.0
777785,621111,Walker Buehler,3,4.5,100.0,100.0,bovada,draftkings,2025-05-25 13:35:38+00:00,2025-05-25 17:35:00+00:00,2025-05-25,3,4.491794002983592,Walker Buehler,BOS,BAL,0.46090809560339324,0.5,0.0,0.0,-0.07818380879321352,0.0781838087932134,under,0.0781838087932134,True,2.0,1.0
776217,592332,Kevin Gausman,7,5.5,-152.0,125.0,betonlineag,draftkings,2025-09-23 19:05:40+00:00,2025-09-23 23:07:00+00:00,2025-09-23,7,5.858020794860129,Kevin Gausman,TOR,BOS,0.5208999611904999,0.5757575757575758,0.04761904761904745,1.0,-0.1364026959210134,0.07797508732137537,under,0.07797508732137537,False,2.25,-1.0
776398,701542,Will Warren,5,5.5,112.0,-140.0,betonlineag,draftkings,2025-09-09 19:05:39+00:00,2025-09-09 23:05:00+00:00,2025-09-09,5,5.776678124561848,Will Warren,NYY,DET,0.5084393575427789,0.4470938897168405,0.055031446540880546,0.0,0.07789143799069143,-0.15732461293047806,over,0.07789143799069143,False,2.12,-1.0
776602,682052,Jacob Lopez,2,6.5,105.0,-115.0,draftkings,fanatics,2025-08-24 16:10:38+00:00,2025-08-24 20:10:00+00:00,2025-08-24,2,6.202794350876767,Jacob Lopez,ATH,SEA,0.42348572557358793,0.47698280643372154,0.022688598979013097,0.0,-0.1318542625741448,0.07783103479720488,under,0.07783103479720488,True,1.8695652173913042,0.8695652173913042
778049,700363,AJ Smith-Shawver,5,4.5,-145.0,140.0,betmgm,betonlineag,2025-05-05 19:10:38+00:00,2025-05-05 23:15:00+00:00,2025-05-05,5,5.015267021705714,AJ Smith-Shawver,ATL,CIN,0.5509042462171339,0.5868465430016863,0.008503401360544283,1.0,-0.06916179087449792,0.07782980907887871,under,0.07782980907887871,False,2.4,-1.0
778044,571510,Matthew Boyd,7,5.5,-122.0,112.0,betrivers,fanduel,2025-05-05 19:35:38+00:00,2025-05-05 23:40:00+00:00,2025-05-05,7,5.668218374926255,Matthew Boyd,CHC,SF,0.49160488992262885,0.5381158455392809,0.021247662757096775,1.0,-0.10544028227193769,0.0777976333640269,under,0.0777976333640269,False,2.12,-1.0
778498,543135,Nathan Eovaldi,8,5.5,-116.0,105.0,betonlineag,fanatics,2025-04-01 18:35:39+00:00,2025-04-01 22:40:00+00:00,2025-04-01,8,6.2506084807130815,Nathan Eovaldi,TEX,CIN,0.57878536395758,0.5240193918025562,0.02484191508581768,1.0,0.07773826392101091,-0.13650999611303893,over,0.07773826392101091,True,1.8620689655172413,0.8620689655172413
777240,663554,Casey Mize,4,4.5,120.0,-140.0,fanatics,draftkings,2025-07-05 19:15:37+00:00,2025-07-05 23:15:00+00:00,2025-07-05,4,4.655543547239049,Casey Mize,DET,CLE,0.48986840602635867,0.43795620437956206,0.037878787878787845,0.0,0.07771049325798907,-0.1254886960451863,over,0.07771049325798907,False,2.2,-1.0
778446,656288,Griffin Canning,6,3.5,-130.0,126.0,fanduel,betonlineag,2025-04-05 19:05:38+00:00,2025-04-05 23:10:00+00:00,2025-04-05,6,3.8240636437110354,Griffin Canning,NYM,TOR,0.5231550212186266,0.5609011072928598,0.0076952674105426055,1.0,-0.07441803938242997,0.07766965204590393,under,0.07766965204590393,False,2.26,-1.0
777021,641778,Eric Lauer,6,4.5,-139.0,120.0,betrivers,betmgm,2025-07-24 18:35:38+00:00,2025-07-24 22:40:00+00:00,2025-07-24,6,5.501857764818079,Eric Lauer,TOR,DET,0.6265755644483313,0.5613069016152716,0.03613541270445042,1.0,0.07734935182123137,-0.17846624178632875,over,0.07734935182123137,True,1.7194244604316546,0.7194244604316546
776209,656849,David Peterson,1,4.5,125.0,-146.0,fanatics,fanduel,2025-09-23 19:40:39+00:00,2025-09-23 23:40:00+00:00,2025-09-23,1,4.59237564469263,David Peterson,NYM,CHC,0.478773441849792,0.4281984334203655,0.03794037940379402,0.0,0.0772402441620319,-0.12176894996608778,over,0.0772402441620319,False,2.25,-1.0
776530,601713,Nick Pivetta,6,6.5,110.0,-125.0,fanduel,betmgm,2025-08-30 19:10:38+00:00,2025-08-30 23:10:00+00:00,2025-08-30,6,6.055259207486753,Nick Pivetta,SD,MIN,0.40161339047584915,0.46153846153846156,0.03174603174603163,0.0,-0.1566118800007168,0.07709589714347143,under,0.07709589714347143,True,1.8,0.8
777026,647336,Michael Soroka,6,5.5,106.0,-122.0,betonlineag,fanduel,2025-07-23 12:05:38+00:00,2025-07-23 16:05:00+00:00,2025-07-23,6,5.869685019562669,Michael Soroka,WSH,CIN,0.5226745858977132,0.4690272965435646,0.03498644275343299,1.0,0.07670964694928917,-0.13142424646960926,over,0.07670964694928917,True,2.06,1.06
777692,693821,Bryce Elder,4,4.5,-116.0,-105.0,fanduel,betmgm,2025-06-01 13:35:37+00:00,2025-06-01 17:35:00+00:00,2025-06-01,4,5.184655643292853,Bryce Elder,ATL,BOS,0.5782115789311393,0.5118381403357727,0.049232158988256725,0.0,0.07666983663039728,-0.17650832077031953,over,0.07666983663039728,False,1.8620689655172413,-1.0
776217,608337,Lucas Giolito,3,4.5,118.0,-137.0,fanduel,betrivers,2025-09-23 19:05:40+00:00,2025-09-23 23:07:00+00:00,2025-09-23,3,4.035896177887188,Lucas Giolito,BOS,TOR,0.377645196610652,0.4424448344098868,0.03677466806023322,0.0,-0.17673347138877882,0.0766283825056604,under,0.0766283825056604,True,1.72992700729927,0.7299270072992701
776839,669461,Matthew Liberatore,1,3.5,-128.0,115.0,fanduel,bovada,2025-08-06 16:05:38+00:00,2025-08-06 20:10:00+00:00,2025-08-06,1,4.267565918236486,Matthew Liberatore,STL,LAD,0.6044125083136763,0.5468998410174881,0.026519787841697173,0.0,0.07660978043373601,-0.1494868928744041,over,0.07660978043373601,False,1.78125,-1.0
776583,547179,Michael Lorenzen,6,4.5,120.0,-135.0,betrivers,bovada,2025-08-26 19:40:39+00:00,2025-08-26 23:40:00+00:00,2025-08-26,6,4.65259398169066,Michael Lorenzen,KC,CWS,0.48935260449777157,0.44172932330827064,0.029013539651837617,1.0,0.07657572989509753,-0.111095274496121,over,0.07657572989509753,True,2.2,1.2000000000000002
777212,680732,Sean Burke,2,3.5,-120.0,108.0,draftkings,fanduel,2025-07-07 19:40:37+00:00,2025-07-07 23:40:00+00:00,2025-07-07,2,4.1689423463962765,Sean Burke,CWS,TOR,0.5871541237467004,0.5315161839863713,0.02622377622377625,0.0,0.07644922686895073,-0.14128057739313682,over,0.07644922686895073,False,1.8333333333333335,-1.0
777211,669358,Shane Baz,7,5.5,115.0,-130.0,draftkings,bovada,2025-07-07 18:40:38+00:00,2025-07-07 22:40:00+00:00,2025-07-07,7,5.7262976934543,Shane Baz,TB,DET,0.5006497906781291,0.45142296368989204,0.030333670374115274,1.0,0.07639704995797758,-0.11653424504592069,over,0.07639704995797758,True,2.15,1.15
778382,641793,Zack Littell,4,5.5,125.0,-152.0,betmgm,fanduel,2025-04-10 13:05:39+00:00,2025-04-10 17:10:00+00:00,2025-04-10,4,4.799771229218639,Zack Littell,TB,LAA,0.3508061623126553,0.4242424242424243,0.04761904761904745,0.0,-0.21068613479652554,0.0762950466921768,under,0.0762950466921768,True,1.6578947368421053,0.6578947368421053
777165,656849,David Peterson,6,5.5,-130.0,105.0,fanduel,fanatics,2025-07-10 12:05:37+00:00,2025-07-10 16:05:00+00:00,2025-07-10,6,5.562642133948634,David Peterson,NYM,BAL,0.4749959522939778,0.5367573011077543,0.05302226935312815,1.0,-0.159622545941424,0.07625829779734561,under,0.07625829779734561,False,2.05,-1.0
776627,676979,Garrett Crochet,11,7.5,-120.0,107.0,fanatics,betrivers,2025-08-23 13:05:39+00:00,2025-08-23 17:05:00+00:00,2025-08-23,11,7.5875842489715595,Garrett Crochet,BOS,NYY,0.4800774617846561,0.5303159692570453,0.028546332894158866,1.0,-0.11985798672813042,0.07623965410576194,under,0.07623965410576194,False,2.0700000000000003,-1.0
777299,607200,Erick Fedde,0,3.5,-154.0,122.0,betonlineag,fanduel,2025-06-30 18:40:37+00:00,2025-06-30 22:40:00+00:00,2025-06-30,0,4.55858416304463,Erick Fedde,STL,PIT,0.6524703644356314,0.5737396791300262,0.05674966304887574,0.0,0.07615241926396354,-0.22848420904710187,over,0.07615241926396354,False,1.6493506493506493,-1.0
776929,684007,Shota Imanaga,8,4.5,115.0,-130.0,fanatics,bovada,2025-07-30 14:10:38+00:00,2025-07-30 18:10:00+00:00,2025-07-30,8,4.716477523253946,Shota Imanaga,CHC,MIL,0.500472521247163,0.45142296368989204,0.030333670374115274,1.0,0.0760159206814004,-0.1162206145142115,over,0.0760159206814004,True,2.15,1.15
778493,669358,Shane Baz,10,4.5,-139.0,120.0,betrivers,bovada,2025-04-01 19:00:39+00:00,2025-04-01 23:05:00+00:00,2025-04-01,10,5.4965348567063375,Shane Baz,TB,PIT,0.6257950799256407,0.5613069016152716,0.03613541270445042,1.0,0.07600736764192884,-0.17674917583640937,over,0.07600736764192884,True,1.7194244604316546,0.7194244604316546
777321,622608,Antonio Senzatela,2,2.5,-142.0,135.0,fanduel,draftkings,2025-06-28 16:10:38+00:00,2025-06-28 20:10:00+00:00,2025-06-28,2,3.3098673187027345,Antonio Senzatela,COL,MIL,0.631277338214857,0.5796421747437902,0.012308774397749245,0.0,0.07583884399996754,-0.13350174480491384,over,0.07583884399996754,False,1.704225352112676,-1.0
777771,607200,Erick Fedde,5,3.5,-150.0,130.0,fanduel,bovada,2025-05-26 15:05:39+00:00,2025-05-26 19:05:00+00:00,2025-05-26,5,4.5143461152885465,Erick Fedde,STL,BAL,0.6454453181272322,0.5798319327731092,0.034782608695652195,1.0,0.07574219687872019,-0.184524231692634,over,0.07574219687872019,True,1.6666666666666665,0.6666666666666665
776987,656427,Jack Flaherty,7,4.5,-160.0,148.0,fanatics,betrivers,2025-07-27 13:40:38+00:00,2025-07-27 17:40:00+00:00,2025-07-27,7,5.109699259872681,Jack Flaherty,DET,TOR,0.5662495931346563,0.6041412911084043,0.018610421836228408,1.0,-0.07984441115618357,0.07570100902605237,under,0.07570100902605237,False,2.48,-1.0
777906,670102,Bowden Francis,6,4.5,106.0,-125.0,fanduel,bovada,2025-05-16 19:05:38+00:00,2025-05-16 23:07:00+00:00,2025-05-16,6,4.842915647104699,Bowden Francis,TOR,DET,0.5221448567560741,0.46632124352331605,0.04099244875943908,1.0,0.07561840491751282,-0.13986074216093347,over,0.07561840491751282,True,2.06,1.06
776602,669302,Logan Gilbert,13,6.5,-145.0,125.0,draftkings,bovada,2025-08-24 16:10:38+00:00,2025-08-24 20:10:00+00:00,2025-08-24,13,6.888352704166043,Logan Gilbert,SEA,ATH,0.5220751923871557,0.5711159737417943,0.03628117913832196,1.0,-0.1178729507941162,0.07533081712889955,under,0.07533081712889955,False,2.25,-1.0
776551,641793,Zack Littell,4,4.5,110.0,-130.0,fanatics,draftkings,2025-08-29 18:40:40+00:00,2025-08-29 22:40:00+00:00,2025-08-29,4,4.1146628070986235,Zack Littell,CIN,STL,0.3922195812700597,0.4572564612326044,0.04140786749482395,0.0,-0.17633887933287462,0.07530381775297124,under,0.07530381775297124,True,1.7692307692307692,0.7692307692307692
777198,605280,Clay Holmes,5,4.5,-115.0,105.0,betrivers,draftkings,2025-07-08 18:35:37+00:00,2025-07-08 22:35:00+00:00,2025-07-08,5,5.164926416877835,Clay Holmes,NYM,BAL,0.5750821830049084,0.5230171935662784,0.022688598979013097,1.0,0.07515364648743739,-0.12891847516006238,over,0.07515364648743739,True,1.8695652173913042,0.8695652173913042
776518,669467,Andre Pallante,6,3.5,-122.0,105.0,betrivers,fanatics,2025-08-31 12:10:37+00:00,2025-08-31 16:10:00+00:00,2025-08-31,6,4.1898180960778335,Andre Pallante,STL,CIN,0.5908473888604628,0.5297606439313705,0.03735442759833019,1.0,0.07514852727067822,-0.16123714716394888,over,0.07514852727067822,True,1.819672131147541,0.819672131147541
776549,694973,Paul Skenes,6,6.5,-120.0,105.0,bovada,draftkings,2025-08-29 19:10:39+00:00,2025-08-29 23:10:00+00:00,2025-08-29,6,6.559243869534321,Paul Skenes,PIT,BOS,0.47553762113051373,0.5278969957081545,0.03325942350332589,0.0,-0.1281810279273914,0.07514787668244671,under,0.07514787668244671,True,2.05,1.0499999999999998
778468,666157,Nick Lodolo,4,5.5,-114.0,102.0,betrivers,betonlineag,2025-04-03 19:35:39+00:00,2025-04-03 23:40:00+00:00,2025-04-03,4,5.51766262977654,Nick Lodolo,CIN,MIL,0.4678588505914121,0.5183217790582515,0.02775978532432677,0.0,-0.12173864888980535,0.07492512180534772,under,0.07492512180534772,True,2.02,1.02
777010,608379,Michael Wacha,5,4.5,135.0,-159.0,bovada,betrivers,2025-07-26 14:40:38+00:00,2025-07-26 18:40:00+00:00,2025-07-26,5,4.4722132772811705,Michael Wacha,KC,CLE,0.45740366630088747,0.40938907768908556,0.039431528793230974,1.0,0.07489861580708568,-0.11614811051528218,over,0.07489861580708568,True,2.35,1.35
776479,677952,Braxton Ashcraft,4,4.5,125.0,-145.0,betmgm,draftkings,2025-09-03 18:40:39+00:00,2025-09-03 22:40:00+00:00,2025-09-03,4,3.9620649118597977,Braxton Ashcraft,PIT,LAD,0.3639497772860126,0.42888402625820565,0.03628117913832196,0.0,-0.18111300110647166,0.07470554872363411,under,0.07470554872363411,True,1.6896551724137931,0.6896551724137931
778481,605280,Clay Holmes,6,5.5,125.0,-160.0,fanatics,fanduel,2025-04-02 16:35:39+00:00,2025-04-02 20:40:00+00:00,2025-04-02,6,5.579194388299314,Clay Holmes,NYM,MIA,0.47761348503652884,0.4193548387096774,0.05982905982905984,1.0,0.07463034133218982,-0.1511219131843593,over,0.07463034133218982,True,2.25,1.25
777467,669461,Matthew Liberatore,4,4.5,-120.0,105.0,bovada,betonlineag,2025-06-17 19:40:37+00:00,2025-06-17 23:40:00+00:00,2025-06-17,4,5.235060770260728,Matthew Liberatore,STL,CWS,0.5861438037224154,0.5278969957081545,0.03325942350332589,0.0,0.07459697349109495,-0.15159479763095163,over,0.07459697349109495,False,1.8333333333333335,-1.0
776366,645261,Sandy Alcantara,8,4.5,-195.0,140.0,betrivers,betrivers,2025-09-12 19:10:40+00:00,2025-09-12 23:10:00+00:00,2025-09-12,8,5.023501656589742,Sandy Alcantara,MIA,DET,0.5522543330349743,0.6133682830930537,0.07768361581920913,1.0,-0.16453831669067998,0.07458960071606158,under,0.07458960071606158,False,2.4,-1.0
777415,543243,Sonny Gray,5,5.5,-143.0,128.0,betrivers,fanduel,2025-06-21 14:15:37+00:00,2025-06-21 18:15:00+00:00,2025-06-21,5,6.642146451742747,Sonny Gray,STL,CIN,0.6322993388895704,0.5729649936735555,0.027073857483214114,0.0,0.07446670874241668,-0.16164249266822028,over,0.07446670874241668,False,1.6993006993006992,-1.0
776936,666214,Joey Wentz,7,3.5,-110.0,-105.0,draftkings,bovada,2025-07-30 14:10:38+00:00,2025-07-30 18:10:00+00:00,2025-07-30,7,4.034071316285269,Joey Wentz,ATL,KC,0.5627839352930135,0.5056053811659194,0.03600464576074325,1.0,0.07440569465029867,-0.1463876831911216,over,0.07440569465029867,True,1.9090909090909092,0.9090909090909092
777030,671737,Taj Bradley,0,5.5,106.0,-130.0,fanduel,bovada,2025-07-23 19:35:38+00:00,2025-07-23 23:35:00+00:00,2025-07-23,0,5.0545159304657625,Taj Bradley,TB,CWS,0.39276824518499603,0.4620329449578144,0.050654284508231395,0.0,-0.1908974149189081,0.07433310467269916,under,0.07433310467269916,True,1.7692307692307692,0.7692307692307692
777208,676083,Janson Junk,3,4.5,125.0,-150.0,betrivers,betmgm,2025-07-07 19:10:38+00:00,2025-07-07 23:10:00+00:00,2025-07-07,3,4.584941075059324,Janson Junk,MIA,CIN,0.4774610634496393,0.4255319148936171,0.04444444444444429,0.0,0.0742873927616885,-0.12910177241606546,over,0.0742873927616885,False,2.25,-1.0
777323,605135,Chris Bassitt,3,5.5,-110.0,-110.0,draftkings,betmgm,2025-06-28 16:10:38+00:00,2025-06-28 20:10:00+00:00,2025-06-28,3,6.138910420257398,Chris Bassitt,TOR,BOS,0.5627206136811179,0.5,0.04761904761904767,0.0,0.0742848079366798,-0.16519389884577051,over,0.0742848079366798,False,1.9090909090909092,-1.0
778464,676974,Max Meyer,8,4.5,-105.0,-105.0,betrivers,betmgm,2025-04-04 19:10:39+00:00,2025-04-04 23:15:00+00:00,2025-04-04,8,5.0109260563925675,Max Meyer,MIA,ATL,0.5501916296563704,0.5,0.024390243902439046,1.0,0.0741836579005326,-0.12180270551958028,over,0.0741836579005326,True,1.9523809523809523,0.9523809523809523
777574,681347,Mike Burrows,6,3.5,-150.0,125.0,betrivers,draftkings,2025-06-09 18:40:37+00:00,2025-06-09 22:40:00+00:00,2025-06-09,6,4.508081178635606,Mike Burrows,PIT,MIA,0.6444422614413379,0.574468085106383,0.04444444444444429,1.0,0.07407043573556304,-0.19999508824301016,over,0.07407043573556304,True,1.6666666666666665,0.6666666666666665
776702,686701,Ryan Bergert,7,4.5,116.0,-138.0,betrivers,fanduel,2025-08-17 14:10:38+00:00,2025-08-17 18:10:00+00:00,2025-08-17,7,4.6977044506859205,Ryan Bergert,KC,CWS,0.49721615152302195,0.44396358752425014,0.0427948957360722,1.0,0.07398688728972758,-0.13288002943825528,over,0.07398688728972758,True,2.16,1.1600000000000001
777260,657376,Clarke Schmidt,1,4.5,110.0,-129.0,draftkings,betrivers,2025-07-03 19:05:37+00:00,2025-07-03 23:07:00+00:00,2025-07-03,1,4.779927011670473,Clarke Schmidt,NYY,TOR,0.5114058665810948,0.45809161832366474,0.039509253483052564,0.0,0.07395231982029915,-0.13265072439589687,over,0.07395231982029915,False,2.1,-1.0
778201,701581,David Festa,5,5.5,-113.0,-103.0,betrivers,williamhill_us,2025-04-23 19:35:39+00:00,2025-04-23 23:40:00+00:00,2025-04-23,5,5.4379410618634365,David Festa,MIN,CWS,0.4551270957176729,0.5111413164579527,0.03790559448645903,0.0,-0.1421055629392537,0.07387572397390674,under,0.07387572397390674,True,1.970873786407767,0.970873786407767
777079,592662,Robbie Ray,3,5.5,-125.0,105.0,fanatics,draftkings,2025-07-20 12:05:37+00:00,2025-07-20 16:05:00+00:00,2025-07-20,3,5.570972069457558,Robbie Ray,SF,TOR,0.4763138376322759,0.5324675324675325,0.04336043360433606,0.0,-0.1426350922619033,0.07355663285383418,under,0.07355663285383418,True,2.05,1.0499999999999998
777940,678394,Brayan Bello,4,4.5,-110.0,-110.0,betmgm,draftkings,2025-05-13 18:35:38+00:00,2025-05-13 22:40:00+00:00,2025-05-13,4,5.085436797215729,Brayan Bello,BOS,DET,0.5623358308773179,0.5,0.04761904761904767,0.0,0.07355022258397059,-0.1644593134930613,over,0.07355022258397059,False,1.9090909090909092,-1.0
778036,669387,Carmen Mlodzinski,2,3.5,110.0,-125.0,bovada,fanduel,2025-05-05 19:40:39+00:00,2025-05-05 23:45:00+00:00,2025-05-05,2,3.238086129309105,Carmen Mlodzinski,PIT,STL,0.4036409704583693,0.46153846153846156,0.03174603174603163,0.0,-0.15235396203742446,0.07344625317493536,under,0.07344625317493536,True,1.8,0.8
778319,686752,Ryan Pepiot,8,6.5,118.0,-140.0,betonlineag,draftkings,2025-04-15 18:00:38+00:00,2025-04-15 23:05:00+00:00,2025-04-15,8,5.868736844604301,Ryan Pepiot,TB,BOS,0.37382584425200627,0.4402054292002935,0.042048929663608625,1.0,-0.18505965953062642,0.07344140985370373,under,0.07344140985370373,False,1.7142857142857144,-1.0
776289,666142,Cole Ragans,4,5.5,-130.0,108.0,fanatics,fanduel,2025-09-17 19:35:39+00:00,2025-09-17 23:40:00+00:00,2025-09-17,4,6.450733453545266,Cole Ragans,KC,SEA,0.6066976831992418,0.5403677058353318,0.04598662207357851,0.0,0.07338820873712004,-0.18193118105442285,over,0.07338820873712004,False,1.7692307692307692,-1.0
777594,656427,Jack Flaherty,9,5.5,-122.0,102.0,betrivers,fanduel,2025-06-08 13:40:37+00:00,2025-06-08 17:40:00+00:00,2025-06-08,9,5.522476494480392,Jack Flaherty,DET,CHC,0.468624338954106,0.5260865852617197,0.044599054500044755,1.0,-0.14725735042777433,0.07337883531270584,under,0.07337883531270584,False,2.02,-1.0
776976,669372,J.T. Ginn,4,4.5,-125.0,104.0,fanatics,fanduel,2025-07-27 14:05:38+00:00,2025-07-27 18:10:00+00:00,2025-07-27,4,4.564607167290371,J.T. Ginn,ATH,HOU,0.47386481526948054,0.53125,0.045751633986928164,0.0,-0.14704333251493495,0.0733157768502597,under,0.0733157768502597,True,2.04,1.04
777109,645261,Sandy Alcantara,2,3.5,-155.0,130.0,betmgm,draftkings,2025-07-18 19:10:38+00:00,2025-07-18 23:10:00+00:00,2025-07-18,2,3.877537785580718,Sandy Alcantara,MIA,KC,0.5334321537088624,0.5829926410466066,0.04262574595055413,0.0,-0.12241806970477476,0.07310604646961627,under,0.07310604646961627,True,2.3,1.2999999999999998
776615,656427,Jack Flaherty,3,5.5,-112.0,100.0,betonlineag,betmgm,2025-08-24 13:40:38+00:00,2025-08-24 17:40:00+00:00,2025-08-24,3,5.490101804842332,Jack Flaherty,DET,KC,0.4634688027265927,0.5137614678899083,0.028301886792452713,0.0,-0.12271976626752101,0.07306239454681451,under,0.07306239454681451,True,2.0,1.0
777440,657277,Logan Webb,9,5.5,-136.0,115.0,fanduel,fanatics,2025-06-19 16:05:37+00:00,2025-06-19 20:05:00+00:00,2025-06-19,9,5.728082223274149,Logan Webb,SF,CLE,0.5009266150031875,0.5533686601059804,0.041387465510445365,1.0,-0.13074499161211584,0.07300777774314682,under,0.07300777774314682,False,2.15,-1.0
777092,607259,Nick Martinez,5,3.5,-150.0,130.0,betrivers,fanatics,2025-07-19 16:05:38+00:00,2025-07-19 20:10:00+00:00,2025-07-19,5,4.50348366100119,Nick Martinez,CIN,NYM,0.6437048797004952,0.5798319327731092,0.034782608695652195,1.0,0.07284146616749188,-0.18052122331113896,over,0.07284146616749188,True,1.6666666666666665,0.6666666666666665
776305,686752,Ryan Pepiot,3,4.5,130.0,-135.0,betmgm,draftkings,2025-09-16 19:35:39+00:00,2025-09-16 23:35:00+00:00,2025-09-16,3,4.5222661146869365,Ryan Pepiot,TB,TOR,0.46634511213060725,0.4307974335472044,0.009250693802035137,0.0,0.07259375790039657,-0.07104519519031638,over,0.07259375790039657,False,2.3,-1.0
776993,677958,Kumar Rocker,5,4.5,-117.0,108.0,betrivers,fanduel,2025-07-26 19:00:38+00:00,2025-07-26 23:05:00+00:00,2025-07-26,5,4.624447656570315,Kumar Rocker,TEX,ATL,0.48441926322084344,0.5286297680076462,0.01993973768167323,1.0,-0.10154717847074335,0.07240793250064548,under,0.07240793250064548,False,2.08,-1.0
777834,571760,Andrew Heaney,4,4.5,-122.0,105.0,fanduel,bovada,2025-05-21 12:35:37+00:00,2025-05-21 16:35:00+00:00,2025-05-21,4,5.255519670333163,Andrew Heaney,PIT,CIN,0.5893373650111116,0.5297606439313705,0.03735442759833019,0.0,0.0724007789546457,-0.15814159827277874,over,0.0724007789546457,False,1.819672131147541,-1.0
777480,622608,Antonio Senzatela,0,2.5,-110.0,-104.0,fanatics,fanduel,2025-06-17 18:45:37+00:00,2025-06-17 22:45:00+00:00,2025-06-17,0,2.9707277922701043,Antonio Senzatela,COL,WSH,0.5617127780923609,0.5067750677506776,0.03361344537815114,0.0,0.07236075817632526,-0.14028275702732318,over,0.07236075817632526,False,1.9090909090909092,-1.0
778035,615698,Cal Quantrill,6,3.5,128.0,-135.0,betonlineag,draftkings,2025-05-06 18:35:39+00:00,2025-05-06 22:40:00+00:00,2025-05-06,6,3.5581176943333213,Cal Quantrill,MIA,LAD,0.47032382299136705,0.4329403095062638,0.013064576334453237,1.0,0.07233831642031707,-0.07797109928126866,over,0.07233831642031707,True,2.2800000000000002,1.2800000000000002
776320,676917,Cade Cavalli,2,4.5,-155.0,126.0,draftkings,fanduel,2025-09-14 11:30:38+00:00,2025-09-14 15:35:00+00:00,2025-09-14,2,4.863181232371582,Cade Cavalli,WSH,PIT,0.5255747589566303,0.5787212952255081,0.05032101336109651,0.0,-0.13534475139393087,0.07220104475801548,under,0.07220104475801548,True,2.26,1.2599999999999998
777395,592662,Robbie Ray,7,6.5,-160.0,143.0,fanatics,betrivers,2025-06-22 16:05:37+00:00,2025-06-22 20:05:00+00:00,2025-06-22,7,7.158815653832071,Robbie Ray,SF,BOS,0.5588669611654676,0.5992601726263872,0.02690724912947129,1.0,-0.09184118810611508,0.0719532843679136,under,0.0719532843679136,False,2.4299999999999997,-1.0
777447,607200,Erick Fedde,4,4.5,115.0,-125.0,fanatics,bovada,2025-06-19 14:10:37+00:00,2025-06-19 18:10:00+00:00,2025-06-19,4,4.705420352981697,Erick Fedde,STL,CWS,0.4985557120802333,0.45569620253164556,0.02067183462532296,0.0,0.07189478097250146,-0.09740028174441995,over,0.07189478097250146,False,2.15,-1.0
776591,608337,Lucas Giolito,8,4.5,-160.0,148.0,fanduel,betrivers,2025-08-26 18:35:39+00:00,2025-08-26 22:35:00+00:00,2025-08-26,8,5.119362154323273,Lucas Giolito,BOS,BAL,0.5678026610450373,0.6041412911084043,0.018610421836228408,1.0,-0.07732067580181434,0.07184940060830747,under,0.07184940060830747,False,2.48,-1.0
777495,682847,Luis Ortiz,5,5.5,128.0,-145.0,betrivers,draftkings,2025-06-15 16:10:37+00:00,2025-06-15 20:10:00+00:00,2025-06-15,5,5.531782223201882,Luis Ortiz,CLE,SEA,0.47010300397992766,0.42564280750521194,0.03043322592194775,0.0,0.0718348490742351,-0.10465679982815357,over,0.0718348490742351,False,2.2800000000000002,-1.0
777407,671096,Andrew Abbott,3,4.5,115.0,-125.0,fanatics,fanduel,2025-06-22 14:15:37+00:00,2025-06-22 18:15:00+00:00,2025-06-22,3,4.705075566587859,Andrew Abbott,CIN,STL,0.4984958881312122,0.45569620253164556,0.02067183462532296,0.0,0.07176615948210618,-0.097292598636182,over,0.07176615948210618,False,2.15,-1.0
776994,690990,Cade Horton,3,4.5,130.0,-155.0,fanatics,draftkings,2025-07-26 19:05:38+00:00,2025-07-26 23:10:00+00:00,2025-07-26,3,4.5200842476847045,Cade Horton,CHC,CWS,0.46595649931681016,0.4170073589533933,0.04262574595055413,0.0,0.07169994842866334,-0.12141230532765546,over,0.07169994842866334,False,2.3,-1.0
778174,676962,Ben Brown,5,5.5,-105.0,-107.0,bovada,betrivers,2025-04-26 16:00:38+00:00,2025-04-26 20:05:00+00:00,2025-04-26,5,5.381415780988794,Ben Brown,CHC,PHI,0.4460412928387333,0.4977100984657659,0.02910333451160607,0.0,-0.12915747588628268,0.07167712506899271,under,0.07167712506899271,True,1.9345794392523366,0.9345794392523366
777777,663436,Davis Martin,2,3.5,-135.0,126.0,bovada,fanduel,2025-05-25 14:10:38+00:00,2025-05-25 18:10:00+00:00,2025-05-25,2,4.3331373868331635,Davis Martin,CWS,TEX,0.6156178727869503,0.5648953897426403,0.016945961212577743,0.0,0.071631111888395,-0.13129639249850789,over,0.071631111888395,False,1.7407407407407407,-1.0
778423,683155,Joey Estes,3,4.5,115.0,-145.0,draftkings,betmgm,2025-04-06 15:05:38+00:00,2025-04-06 19:10:00+00:00,2025-04-06,3,4.70467938291287,Joey Estes,ATH,COL,0.49842714223322626,0.4400538841490795,0.05695301376364492,0.0,0.0716183558014365,-0.152514826532003,over,0.0716183558014365,False,2.15,-1.0
778140,608372,Tomoyuki Sugano,8,3.5,130.0,-140.0,betmgm,draftkings,2025-04-28 18:35:38+00:00,2025-04-28 22:35:00+00:00,2025-04-28,8,3.536520230798763,Tomoyuki Sugano,BAL,NYY,0.4659186394013155,0.4270462633451957,0.018115942028985588,1.0,0.07161287062302568,-0.0844319532593979,over,0.07161287062302568,True,2.3,1.2999999999999998
778030,669461,Matthew Liberatore,8,4.5,-145.0,125.0,betmgm,draftkings,2025-05-06 19:40:38+00:00,2025-05-06 23:45:00+00:00,2025-05-06,8,4.8524865914403,Matthew Liberatore,STL,PIT,0.5237662692891694,0.5711159737417943,0.03628117913832196,1.0,-0.1150156139596793,0.07152589409936905,under,0.07152589409936905,False,2.25,-1.0
776417,656302,Dylan Cease,5,6.5,-141.0,115.0,betonlineag,bovada,2025-09-07 15:10:38+00:00,2025-09-07 19:10:00+00:00,2025-09-07,5,6.7422071961007735,Dylan Cease,SD,COL,0.5016259173851453,0.5571074152347698,0.05017851973366794,0.0,-0.14261102063957432,0.07150427762193767,under,0.07150427762193767,True,2.15,1.15
776901,656876,Drew Rasmussen,6,4.5,110.0,-130.0,fanatics,draftkings,2025-08-02 13:10:38+00:00,2025-08-02 17:10:00+00:00,2025-08-02,6,4.1263539224392645,Drew Rasmussen,TB,LAD,0.39437844430380486,0.4572564612326044,0.04140786749482395,1.0,-0.1718052669620097,0.0714842908471145,under,0.0714842908471145,False,1.7692307692307692,-1.0
777851,605280,Clay Holmes,5,5.5,118.0,-145.0,fanduel,draftkings,2025-05-20 18:45:37+00:00,2025-05-20 22:45:00+00:00,2025-05-20,5,5.667450861903776,Clay Holmes,NYM,BOS,0.49148491090534163,0.43664230974870794,0.050552331024152686,0.0,0.0714371057736447,-0.14078484946074965,over,0.0714371057736447,False,2.1799999999999997,-1.0
776756,656849,David Peterson,5,4.5,-118.0,100.0,fanduel,betmgm,2025-08-13 19:05:39+00:00,2025-08-13 23:10:00+00:00,2025-08-13,5,5.194832163714784,David Peterson,NYM,ATL,0.579820359635379,0.5198237885462554,0.041284403669724856,1.0,0.07119354576705605,-0.15964071927075807,over,0.07119354576705605,True,1.847457627118644,0.847457627118644
776316,671212,Joe Boyle,5,3.5,-154.0,125.0,betonlineag,bovada,2025-09-15 19:35:39+00:00,2025-09-15 23:35:00+00:00,2025-09-15,5,3.8280622748058932,Joe Boyle,TB,TOR,0.5239277647990954,0.5770191507077436,0.05074365704286965,1.0,-0.13585940091577764,0.07116252920203525,under,0.07116252920203525,False,2.25,-1.0
777380,450203,Charlie Morton,3,5.5,120.0,-128.0,fanatics,fanduel,2025-06-24 18:35:37+00:00,2025-06-24 22:35:00+00:00,2025-06-24,3,5.0909385155294355,Charlie Morton,BAL,TEX,0.39874993480131904,0.4474097331240188,0.01594896331738438,0.0,-0.122750143437098,0.07097667863515045,under,0.07097667863515045,True,1.78125,0.78125
778135,684007,Shota Imanaga,3,5.5,-105.0,100.0,betmgm,williamhill_us,2025-04-29 18:40:38+00:00,2025-04-29 22:40:00+00:00,2025-04-29,3,6.042009934990843,Shota Imanaga,CHC,PIT,0.5485159375218153,0.5060240963855421,0.012195121951219523,0.0,0.07091206849497267,-0.09703187504363053,over,0.07091206849497267,False,1.9523809523809523,-1.0
778387,656427,Jack Flaherty,9,6.5,115.0,-120.0,betmgm,bovada,2025-04-09 13:05:38+00:00,2025-04-09 17:10:00+00:00,2025-04-09,9,6.151728144689924,Jack Flaherty,DET,NYY,0.4159305311596009,0.46025104602510464,0.010570824524312794,1.0,-0.10574935800685814,0.0707940262073985,under,0.0707940262073985,False,1.8333333333333335,-1.0
777549,671106,Logan Allen,6,3.5,-128.0,115.0,fanduel,bovada,2025-06-11 13:10:37+00:00,2025-06-11 17:10:00+00:00,2025-06-11,6,4.248446349950949,Logan Allen,CLE,CIN,0.6011045112478095,0.5468998410174881,0.026519787841697173,1.0,0.07071741066016068,-0.14237469918279044,over,0.07071741066016068,True,1.78125,0.78125
777045,690916,Richard Fitts,4,3.5,-114.0,-103.0,betrivers,betonlineag,2025-07-22 18:45:38+00:00,2025-07-22 22:45:00+00:00,2025-07-22,4,3.4917804715784144,Richard Fitts,BOS,PHI,0.4567441404593087,0.5121724504249292,0.040099442935408014,1.0,-0.14260310475182392,0.07068873288116828,under,0.07068873288116828,False,1.970873786407767,-1.0
777715,592836,Taijuan Walker,6,3.5,-103.0,-110.0,betonlineag,draftkings,2025-05-30 18:45:37+00:00,2025-05-30 22:45:00+00:00,2025-05-30,6,3.92910161646371,Taijuan Walker,PHI,MIL,0.5432235768158148,0.49203821656050956,0.031198686371100237,1.0,0.07062510770495534,-0.12797228301201002,over,0.07062510770495534,True,1.970873786407767,0.970873786407767
776151,663978,Chris Paddack,5,3.5,100.0,-125.0,fanatics,draftkings,2025-09-28 15:05:38+00:00,2025-09-28 19:05:00+00:00,2025-09-28,5,3.8873286398976896,Chris Paddack,DET,BOS,0.5353003867853596,0.47368421052631576,0.05555555555555558,1.0,0.07060077357071926,-0.1635406962136473,over,0.07060077357071926,True,2.0,1.0
777417,694738,Landen Roupp,7,4.5,-160.0,148.0,fanatics,betrivers,2025-06-21 16:05:37+00:00,2025-06-21 20:05:00+00:00,2025-06-21,7,5.1228789987512995,Landen Roupp,SF,BOS,0.5683671031913303,0.6041412911084043,0.018610421836228408,1.0,-0.07640345731408826,0.07044958408550084,under,0.07044958408550084,False,2.48,-1.0
777687,592791,Jameson Taillon,2,5.5,128.0,-145.0,betonlineag,draftkings,2025-06-01 14:20:37+00:00,2025-06-01 18:20:00+00:00,2025-06-01,2,4.895649403574977,Jameson Taillon,CHC,CIN,0.36661058406671154,0.42564280750521194,0.03043322592194775,0.0,-0.1641278683278976,0.0702097027838322,under,0.0702097027838322,True,1.6896551724137931,0.6896551724137931
776690,608379,Michael Wacha,3,3.5,-145.0,130.0,draftkings,fanduel,2025-08-18 19:35:38+00:00,2025-08-18 23:40:00+00:00,2025-08-18,3,4.439797772436354,Michael Wacha,KC,TEX,0.633378396539559,0.5764909248055315,0.02661934338952965,0.0,0.07019108380822026,-0.15677031204098568,over,0.07019108380822026,False,1.6896551724137931,-1.0
777421,677958,Kumar Rocker,4,4.5,125.0,-150.0,bovada,fanduel,2025-06-21 16:05:37+00:00,2025-06-21 20:05:00+00:00,2025-06-21,4,4.574546890852834,Kumar Rocker,TEX,PIT,0.47562399313819503,0.4255319148936171,0.04444444444444429,0.0,0.07015398456093891,-0.1260399885636585,over,0.07015398456093891,False,2.25,-1.0
777237,665152,Dean Kremer,3,4.5,-102.0,-115.0,fanduel,draftkings,2025-07-05 16:10:37+00:00,2025-07-05 20:10:00+00:00,2025-07-05,3,4.951289071585233,Dean Kremer,BAL,ATL,0.5403390039024426,0.48560673162090345,0.039834215979737575,0.0,0.07008312537542549,-0.14063378990456665,over,0.07008312537542549,False,1.9803921568627452,-1.0
777238,615698,Cal Quantrill,6,3.5,120.0,-136.0,draftkings,fanduel,2025-07-05 16:10:37+00:00,2025-07-05 20:10:00+00:00,2025-07-05,6,3.6375890425406263,Cal Quantrill,MIA,MIL,0.4863933763265904,0.4409566517189835,0.03081664098613257,1.0,0.0700654279184989,-0.1087414471549657,over,0.0700654279184989,True,2.2,1.2000000000000002
777863,665795,Edward Cabrera,7,4.5,-125.0,110.0,betonlineag,draftkings,2025-05-19 18:35:37+00:00,2025-05-19 22:40:00+00:00,2025-05-19,7,4.659107024675125,Edward Cabrera,MIA,CHC,0.49049126201450416,0.5384615384615385,0.03174603174603163,1.0,-0.1171157283738925,0.06996834976954136,under,0.06996834976954136,False,2.1,-1.0
777465,800049,Adam Mazur,5,3.5,-140.0,122.0,betmgm,fanduel,2025-06-18 18:35:37+00:00,2025-06-18 22:40:00+00:00,2025-06-18,5,3.7977020743430008,Adam Mazur,MIA,PHI,0.5180436639840691,0.5642701525054467,0.03378378378378377,1.0,-0.11192514745588145,0.06994306595536659,under,0.06994306595536659,False,2.2199999999999998,-1.0
776982,663903,Brady Singer,8,4.5,-104.0,-114.0,betrivers,betonlineag,2025-07-27 13:40:38+00:00,2025-07-27 17:40:00+00:00,2025-07-27,8,4.98216874285966,Brady Singer,CIN,TB,0.5454551176598629,0.48901388644753035,0.04251420194245914,1.0,0.06993119233280809,-0.1467315366597426,over,0.06993119233280809,True,1.9615384615384617,0.9615384615384617
777109,607625,Seth Lugo,5,4.5,-140.0,124.0,betmgm,fanduel,2025-07-18 19:10:38+00:00,2025-07-18 23:10:00+00:00,2025-07-18,5,4.844243753594579,Seth Lugo,KC,MIA,0.5223700165393473,0.5664739884393063,0.029761904761904878,1.0,-0.10450854307540447,0.06989116295186215,under,0.06989116295186215,False,2.24,-1.0
777773,689017,Landon Knack,5,4.5,124.0,-134.0,fanduel,betrivers,2025-05-25 19:10:37+00:00,2025-05-25 23:10:00+00:00,2025-05-25,5,4.58576484616441,Landon Knack,LAD,NYM,0.4776065450167193,0.43807098996555344,0.01907814407814401,1.0,0.06983866083745127,-0.08776068308889784,over,0.06983866083745127,True,2.24,1.2400000000000002
777775,686752,Ryan Pepiot,5,4.5,100.0,-110.0,bovada,betmgm,2025-05-25 13:40:38+00:00,2025-05-25 17:40:00+00:00,2025-05-25,5,4.918527311697649,Ryan Pepiot,TB,TOR,0.534877593854426,0.48837209302325585,0.023809523809523725,1.0,0.06975518770885203,-0.11203904281299504,over,0.06975518770885203,True,2.0,1.0
776657,547179,Michael Lorenzen,6,4.5,130.0,-160.0,bovada,fanatics,2025-08-21 14:10:38+00:00,2025-08-21 18:10:00+00:00,2025-08-21,6,4.515234061882955,Michael Lorenzen,KC,TEX,0.4650922472550138,0.4140127388535032,0.050167224080267525,1.0,0.06971216868653163,-0.13077490178939755,over,0.06971216868653163,True,2.3,1.2999999999999998
777660,669467,Andre Pallante,2,3.5,100.0,-118.0,draftkings,fanduel,2025-06-03 19:40:37+00:00,2025-06-03 23:45:00+00:00,2025-06-03,2,3.883975041654633,Andre Pallante,STL,KC,0.5346609471616905,0.48017621145374445,0.041284403669724856,0.0,0.0693218943233811,-0.14030581763769945,over,0.0693218943233811,False,2.0,-1.0
778208,663903,Brady Singer,8,5.5,-103.0,-105.0,betrivers,bovada,2025-04-23 13:05:39+00:00,2025-04-23 17:10:00+00:00,2025-04-23,8,5.420461506948232,Brady Singer,CIN,MIA,0.4523224021642371,0.49764317699740745,0.019584284512796035,1.0,-0.10852963456951337,0.06927531006029897,under,0.06927531006029897,False,1.9523809523809523,-1.0
776905,676440,Tanner Bibee,5,5.5,-108.0,-115.0,fanduel,fanatics,2025-08-02 16:10:38+00:00,2025-08-02 20:10:00+00:00,2025-08-02,5,5.270385796637417,Tanner Bibee,CLE,MIN,0.42807021603885564,0.4925753075943997,0.05411449016100178,0.0,-0.17556847281405574,0.06926003088387844,under,0.06926003088387844,True,1.8695652173913042,0.8695652173913042
777346,607259,Nick Martinez,6,3.5,115.0,-138.0,betmgm,fanduel,2025-06-27 19:10:37+00:00,2025-06-27 23:10:00+00:00,2025-06-27,6,3.692172741759428,Nick Martinez,CIN,SD,0.49729626589692394,0.44510940714419295,0.044948211842876784,1.0,0.06918697167838639,-0.1330181977062892,over,0.06918697167838639,True,2.15,1.15
776735,594798,Jacob deGrom,5,5.5,110.0,-128.0,fanatics,fanduel,2025-08-15 19:05:39+00:00,2025-08-15 23:07:00+00:00,2025-08-15,5,5.097213947310458,Jacob deGrom,TEX,TOR,0.39977971756763386,0.4589371980676328,0.03759398496240607,0.0,-0.16046259310796884,0.06914237808265211,under,0.06914237808265211,True,1.78125,0.78125
777252,450203,Charlie Morton,7,4.5,-125.0,110.0,betmgm,betonlineag,2025-07-04 19:15:38+00:00,2025-07-04 23:15:00+00:00,2025-07-04,7,5.285165965763369,Charlie Morton,BAL,ATL,0.5939380950509122,0.5384615384615385,0.03174603174603163,1.0,0.06908857109164201,-0.14726999960691567,over,0.06908857109164201,True,1.8,0.8
778279,663855,Jordan Hicks,5,4.5,-103.0,-110.0,betrivers,draftkings,2025-04-17 16:00:39+00:00,2025-04-17 20:05:00+00:00,2025-04-17,5,4.375659022628196,Jordan Hicks,SF,PHI,0.44000835693313456,0.49203821656050956,0.031198686371100237,1.0,-0.13279906352013282,0.06907495494583404,under,0.06907495494583404,False,1.9090909090909092,-1.0
777108,605135,Chris Bassitt,5,5.5,110.0,-128.0,betrivers,fanduel,2025-07-18 19:05:38+00:00,2025-07-18 23:07:00+00:00,2025-07-18,5,5.780626663442522,Chris Bassitt,TOR,SF,0.509047579527486,0.4589371980676328,0.03759398496240607,0.0,0.06899991700772068,-0.12549100103333444,over,0.06899991700772068,False,2.1,-1.0
778292,608372,Tomoyuki Sugano,3,3.5,130.0,-150.0,draftkings,bovada,2025-04-17 18:30:39+00:00,2025-04-17 22:35:00+00:00,2025-04-17,3,3.5309482079292263,Tomoyuki Sugano,BAL,CLE,0.4647795874720186,0.42016806722689076,0.034782608695652195,0.0,0.0689930511856427,-0.10796597912003114,over,0.0689930511856427,False,2.3,-1.0
777349,682847,Luis Ortiz,5,4.5,-121.0,120.0,betrivers,bovada,2025-06-27 19:10:37+00:00,2025-06-27 23:10:00+00:00,2025-06-27,5,4.795659705351145,Luis Ortiz,CLE,STL,0.5140990831332083,0.5463875205254516,0.002056766762649209,1.0,-0.061025641550090715,0.06898201710694174,under,0.06898201710694174,False,2.2,-1.0
776419,694819,Jacob Misiorowski,8,5.5,-160.0,123.0,fanatics,betrivers,2025-09-07 13:35:38+00:00,2025-09-07 17:35:00+00:00,2025-09-07,8,5.856517424790498,Jacob Misiorowski,MIL,PIT,0.5206710083735456,0.5784695201037614,0.06381510865815798,1.0,-0.1539096113929883,0.06890365132699316,under,0.06890365132699316,False,2.23,-1.0
777876,680885,Spencer Schwellenbach,3,5.5,-115.0,-105.0,fanduel,betmgm,2025-05-18 13:30:37+00:00,2025-05-18 17:35:00+00:00,2025-05-18,3,6.2008184897210015,Spencer Schwellenbach,ATL,BOS,0.5716661927264719,0.5108342361863488,0.04707884288145214,0.0,0.06876722987992556,-0.16372923341834988,over,0.06876722987992556,False,1.8695652173913042,-1.0
776418,571578,Patrick Corbin,5,4.5,148.0,-150.0,betrivers,bovada,2025-09-07 14:35:38+00:00,2025-09-07 18:35:00+00:00,2025-09-07,5,3.9341860999395895,Patrick Corbin,TEX,HOU,0.35877326903535345,0.40192926045016075,0.003225806451612856,1.0,-0.11024229279232345,0.06871121827441073,under,0.06871121827441073,False,1.6666666666666665,-1.0
778236,518876,Merrill Kelly,5,4.5,-118.0,100.0,fanduel,draftkings,2025-04-20 14:15:38+00:00,2025-04-20 18:20:00+00:00,2025-04-20,5,4.518593422613158,Merrill Kelly,AZ,CHC,0.46569090633976173,0.5198237885462554,0.041284403669724856,1.0,-0.13965578320281313,0.06861818732047653,under,0.06861818732047653,False,2.0,-1.0
776370,663568,Stephen Kolek,4,3.5,-128.0,110.0,fanduel,draftkings,2025-09-11 19:15:39+00:00,2025-09-11 23:15:00+00:00,2025-09-11,4,4.239799653490227,Stephen Kolek,KC,CLE,0.5996024934618385,0.5410628019323671,0.03759398496240607,1.0,0.06804194147889975,-0.1591652362698608,over,0.06804194147889975,True,1.78125,0.78125
777850,592791,Jameson Taillon,2,5.5,160.0,-155.0,betrivers,draftkings,2025-05-20 18:40:38+00:00,2025-05-20 22:40:00+00:00,2025-05-20,2,4.800665277545431,Jameson Taillon,CHC,MIA,0.35095348888700145,0.38753799392097266,-0.007541478129713397,0.0,-0.08752092889379615,0.06778619570202982,under,0.06778619570202982,True,1.6451612903225805,0.6451612903225805
777316,624133,Ranger Suarez,8,5.5,130.0,-164.0,betrivers,fanduel,2025-06-29 13:35:37+00:00,2025-06-29 17:35:00+00:00,2025-06-29,8,5.49494988145726,Ranger Suarez,PHI,ATL,0.4642419347594721,0.41172800998128506,0.05599472990777343,1.0,0.06775644994678576,-0.13756018766158928,over,0.06775644994678576,True,2.3,1.2999999999999998
776849,676083,Janson Junk,2,3.5,-136.0,120.0,mybookieag,draftkings,2025-08-06 16:35:39+00:00,2025-08-06 20:40:00+00:00,2025-08-06,2,3.780484447380063,Janson Junk,MIA,HOU,0.5146895483780324,0.5590433482810164,0.03081664098613257,0.0,-0.10686225428517904,0.06768299356832874,under,0.06768299356832874,True,2.2,1.2000000000000002
777082,663460,Kris Bubic,2,5.5,-115.0,100.0,betmgm,draftkings,2025-07-20 13:40:37+00:00,2025-07-20 17:40:00+00:00,2025-07-20,2,6.196680209714608,Kris Bubic,KC,MIA,0.5710714383281275,0.5168539325842696,0.03488372093023262,0.0,0.06765529774389045,-0.1421428766562549,over,0.06765529774389045,False,1.8695652173913042,-1.0
778308,607200,Erick Fedde,5,3.5,-160.0,135.0,betmgm,bovada,2025-04-15 18:00:38+00:00,2025-04-15 23:45:00+00:00,2025-04-15,5,3.942212004939502,Erick Fedde,STL,HOU,0.5456941584408594,0.5911949685534592,0.04091653027823239,1.0,-0.11324699253360337,0.06761872766398036,under,0.06761872766398036,False,2.35,-1.0
777859,656605,Mitch Keller,5,5.5,-110.0,-104.0,betmgm,betrivers,2025-05-19 18:35:37+00:00,2025-05-19 22:40:00+00:00,2025-05-19,5,5.441686718644108,Mitch Keller,PIT,CIN,0.4557275134771848,0.5067750677506776,0.03361344537815114,0.0,-0.12997474699810163,0.06761141587167607,under,0.06761141587167607,True,1.9615384615384617,0.9615384615384617
777786,669461,Matthew Liberatore,4,4.5,128.0,-160.0,fanduel,fanduel,2025-05-24 14:15:38+00:00,2025-05-24 18:15:00+00:00,2025-05-24,4,4.5329450380757,Matthew Liberatore,STL,AZ,0.4682455784795303,0.4161331626120358,0.053981106612685625,0.0,0.06759991893332917,-0.13589906502923677,over,0.06759991893332917,False,2.2800000000000002,-1.0
777631,689017,Landon Knack,1,4.5,110.0,-130.0,betonlineag,fanduel,2025-06-05 16:10:37+00:00,2025-06-05 20:10:00+00:00,2025-06-05,1,4.761811479883541,Landon Knack,LAD,NYM,0.5082958936423628,0.4572564612326044,0.04140786749482395,0.0,0.06742137664896197,-0.13006196567494965,over,0.06742137664896197,False,2.1,-1.0
777634,663554,Casey Mize,3,4.5,-103.0,-105.0,betonlineag,draftkings,2025-06-05 14:05:37+00:00,2025-06-05 18:10:00+00:00,2025-06-05,3,4.958758128085137,Casey Mize,DET,CWS,0.541579296894702,0.49764317699740745,0.019584284512796035,0.0,0.06738443951091755,-0.10498815108013249,over,0.06738443951091755,False,1.970873786407767,-1.0
776951,671106,Logan Allen,3,4.5,-110.0,-104.0,betonlineag,betrivers,2025-07-29 18:35:39+00:00,2025-07-29 22:40:00+00:00,2025-07-29,3,5.0651561481795975,Logan Allen,CLE,COL,0.5590489220173065,0.5067750677506776,0.03361344537815114,0.0,0.0672752147603124,-0.13505750088010116,over,0.0672752147603124,False,1.9090909090909092,-1.0
777906,656427,Jack Flaherty,6,5.5,128.0,-165.0,betrivers,betmgm,2025-05-16 19:05:38+00:00,2025-05-16 23:07:00+00:00,2025-05-16,6,5.519180269743212,Jack Flaherty,DET,TOR,0.4681002237574158,0.41328758577666874,0.06123800066203233,1.0,0.06726851016690816,-0.1457367230043345,over,0.06726851016690816,True,2.2800000000000002,1.2800000000000002
776553,500779,Jose Quintana,2,3.5,-115.0,-102.0,fanatics,fanduel,2025-08-28 14:05:39+00:00,2025-08-28 18:10:00+00:00,2025-08-28,2,4.07796928090458,Jose Quintana,MIL,AZ,0.5708117129993406,0.5143932683790965,0.039834215979737575,0.0,0.06716972430311507,-0.1500388826065373,over,0.06716972430311507,False,1.8695652173913042,-1.0
778173,605280,Clay Holmes,2,4.5,-122.0,115.0,betrivers,bovada,2025-04-26 16:00:38+00:00,2025-04-26 20:05:00+00:00,2025-04-26,2,5.236425564604654,Clay Holmes,NYM,WSH,0.5863573138399969,0.5416064422878382,0.01466582861931709,0.0,0.06697806288917474,-0.11066822475599336,over,0.06697806288917474,False,1.819672131147541,-1.0
776409,676917,Cade Cavalli,1,4.5,120.0,-145.0,betonlineag,draftkings,2025-09-08 18:40:38+00:00,2025-09-08 22:40:00+00:00,2025-09-08,1,4.627410834852358,Cade Cavalli,WSH,MIA,0.4849395875426137,0.43439716312056736,0.04638218923933213,0.0,0.06686709259375023,-0.12972550998579546,over,0.06686709259375023,False,2.2,-1.0
778007,641927,Bailey Ober,6,5.5,-138.0,117.0,fanduel,betrivers,2025-05-08 13:05:38+00:00,2025-05-08 17:10:00+00:00,2025-05-08,6,5.776257956368952,Bailey Ober,MIN,BAL,0.5083746162262592,0.5571763480072937,0.04066142586066679,1.0,-0.12323798071123404,0.06682708278901739,under,0.06682708278901739,False,2.17,-1.0
776519,645261,Sandy Alcantara,6,4.5,-115.0,100.0,fanatics,betmgm,2025-08-31 13:40:38+00:00,2025-08-31 17:40:00+00:00,2025-08-31,6,4.524405669509272,Sandy Alcantara,MIA,NYM,0.46672608411671773,0.5168539325842696,0.03488372093023262,1.0,-0.1274251470861365,0.06654783176656442,under,0.06654783176656442,False,2.0,-1.0
777833,690990,Cade Horton,3,4.5,100.0,-110.0,betmgm,draftkings,2025-05-21 13:10:38+00:00,2025-05-21 17:10:00+00:00,2025-05-21,3,4.9075186301097755,Cade Horton,CHC,MIA,0.5330348054286351,0.48837209302325585,0.023809523809523725,0.0,0.06606961085727026,-0.10852099218193978,over,0.06606961085727026,False,2.0,-1.0
777273,601713,Nick Pivetta,6,5.5,-114.0,104.0,betrivers,fanduel,2025-07-02 13:00:38+00:00,2025-07-02 17:05:00+00:00,2025-07-02,6,6.174059179752609,Nick Pivetta,SD,PHI,0.5678121543753514,0.5207810820494446,0.022906358805204308,1.0,0.06589299154671235,-0.1183367949257168,over,0.06589299154671235,True,1.8771929824561404,0.8771929824561404
777161,622491,Luis Castillo,6,5.5,130.0,-150.0,betonlineag,fanduel,2025-07-11 19:10:37+00:00,2025-07-11 23:10:00+00:00,2025-07-11,6,5.489722298694414,Luis Castillo,SEA,DET,0.46340826609283403,0.42016806722689076,0.034782608695652195,1.0,0.06583901201351816,-0.10568044348805683,over,0.06583901201351816,True,2.3,1.2999999999999998
777208,663903,Brady Singer,3,4.5,-136.0,120.0,betrivers,bovada,2025-07-07 19:10:38+00:00,2025-07-07 23:10:00+00:00,2025-07-07,3,4.804047201564263,Brady Singer,CIN,MIA,0.5155319559357552,0.5590433482810164,0.03081664098613257,0.0,-0.10540042940560124,0.06582969694133878,under,0.06582969694133878,True,2.2,1.2000000000000002
776164,700241,Michael McGreevy,3,3.5,115.0,-135.0,draftkings,betmgm,2025-09-27 14:20:39+00:00,2025-09-27 18:20:00+00:00,2025-09-27,3,3.6841004449499537,Michael McGreevy,STL,CHC,0.4956910066060245,0.447405997144217,0.03958436417615041,0.0,0.06573566420295274,-0.12212878927715376,over,0.06573566420295274,False,2.15,-1.0
776628,605400,Aaron Nola,6,5.5,-125.0,106.0,betonlineag,fanduel,2025-08-23 18:05:39+00:00,2025-08-23 22:05:00+00:00,2025-08-23,6,5.611222378506808,Aaron Nola,PHI,WSH,0.4826642545561589,0.533678756476684,0.04099244875943908,1.0,-0.13120434179891394,0.06571163561431259,under,0.06571163561431259,False,2.06,-1.0
778294,674370,Osvaldo Bido,0,5.5,139.0,-150.0,betonlineag,draftkings,2025-04-16 19:35:39+00:00,2025-04-16 23:40:00+00:00,2025-04-16,0,5.379827518323159,Osvaldo Bido,ATH,CWS,0.44578534229614336,0.4108463434675431,0.018410041841004254,0.0,0.06542696808778259,-0.07630890382690558,over,0.06542696808778259,False,2.3899999999999997,-1.0
777863,676962,Ben Brown,8,5.5,-145.0,125.0,betonlineag,betrivers,2025-05-19 18:35:37+00:00,2025-05-19 22:40:00+00:00,2025-05-19,8,5.89486024122286,Ben Brown,CHC,MIA,0.5264941174276566,0.5711159737417943,0.03628117913832196,1.0,-0.11040649124292501,0.06538823578777264,under,0.06538823578777264,False,2.25,-1.0
776902,608372,Tomoyuki Sugano,5,3.5,-125.0,100.0,betmgm,fanduel,2025-08-02 14:15:38+00:00,2025-08-02 18:20:00+00:00,2025-08-02,5,3.543676203029627,Tomoyuki Sugano,BAL,CHC,0.4673799681182438,0.5263157894736842,0.05555555555555558,1.0,-0.1587160573871612,0.06524006376351243,under,0.06524006376351243,False,2.0,-1.0
776759,663623,Jake Irvin,3,3.5,135.0,-160.0,betrivers,draftkings,2025-08-13 14:05:39+00:00,2025-08-13 18:10:00+00:00,2025-08-13,3,3.4740581840667484,Jake Irvin,WSH,KC,0.4530922661173832,0.4088050314465409,0.04091653027823239,0.0,0.06476682537585043,-0.11127493244074771,over,0.06476682537585043,False,2.35,-1.0
777309,669461,Matthew Liberatore,5,4.5,115.0,-130.0,draftkings,fanduel,2025-06-29 12:05:37+00:00,2025-06-29 16:05:00+00:00,2025-06-29,5,4.68584675907312,Matthew Liberatore,STL,CLE,0.49515439621269525,0.45142296368989204,0.030333670374115274,1.0,0.06458195185729476,-0.10681162406861455,over,0.06458195185729476,True,2.15,1.15
777686,605280,Clay Holmes,3,6.5,-103.0,-112.0,betrivers,fanduel,2025-06-01 13:40:37+00:00,2025-06-01 17:40:00+00:00,2025-06-01,3,6.29844226940028,Clay Holmes,NYM,COL,0.43758166579689006,0.48990397559005655,0.035691049354029225,0.0,-0.13758176546826517,0.06457756117017244,under,0.06457756117017244,True,1.8928571428571428,0.8928571428571428
777772,663460,Kris Bubic,9,5.5,108.0,-115.0,fanduel,draftkings,2025-05-25 14:10:38+00:00,2025-05-25 18:10:00+00:00,2025-05-25,9,5.7973333438946115,Kris Bubic,KC,MIN,0.511617293314017,0.4733597534125936,0.015652951699463236,1.0,0.06416397009315533,-0.08693667880446654,over,0.06416397009315533,True,2.08,1.08
778490,681343,Shane Smith,3,4.5,118.0,-130.0,fanduel,bovada,2025-04-01 19:35:39+00:00,2025-04-01 23:40:00+00:00,2025-04-01,3,4.6457048604454085,Shane Smith,CWS,MIN,0.4881469981123225,0.4479937670432412,0.023932987634623037,0.0,0.06416045588486297,-0.09441391973718605,over,0.06416045588486297,False,2.1799999999999997,-1.0
778063,676979,Garrett Crochet,6,6.5,-115.0,100.0,betrivers,bovada,2025-05-04 13:30:37+00:00,2025-05-04 17:35:00+00:00,2025-05-04,6,6.506738826334348,Garrett Crochet,BOS,MIN,0.46796215685984965,0.5168539325842696,0.03488372093023262,0.0,-0.12511422847941156,0.06407568628030069,under,0.06407568628030069,True,2.0,1.0
778253,694477,Chad Patrick,7,3.5,-182.0,135.0,betrivers,betrivers,2025-04-19 19:05:38+00:00,2025-04-19 23:10:00+00:00,2025-04-19,7,3.950648258686125,Chad Patrick,MIL,ATH,0.5472798164080419,0.6026490066225165,0.07092198581560294,1.0,-0.1520169877633636,0.06389243144110157,under,0.06389243144110157,False,2.35,-1.0
777890,502043,Kyle Gibson,1,3.5,-140.0,115.0,fanduel,betmgm,2025-05-17 16:00:38+00:00,2025-05-17 20:05:00+00:00,2025-05-17,1,4.362417891694173,Kyle Gibson,BAL,WSH,0.6205512970229903,0.5563770794824399,0.04844961240310086,0.0,0.06380222346798337,-0.18418528859942918,over,0.06380222346798337,False,1.7142857142857144,-1.0
776370,668909,Gavin Williams,6,4.5,-110.0,106.0,bovada,draftkings,2025-09-11 19:15:39+00:00,2025-09-11 23:15:00+00:00,2025-09-11,6,4.619944109780069,Gavin Williams,CLE,KC,0.4836280299677521,0.5190105359596885,0.009246417013407449,1.0,-0.07671012460701865,0.06372625826643064,under,0.06372625826643064,False,2.06,-1.0
777764,694477,Chad Patrick,6,4.5,-180.0,133.0,betrivers,betrivers,2025-05-26 14:10:37+00:00,2025-05-26 18:10:00+00:00,2025-05-26,6,4.970280133489317,Chad Patrick,MIL,BOS,0.5434890819778508,0.5996568487274806,0.0720416922133662,1.0,-0.15457253914556535,0.06367043899160763,under,0.06367043899160763,False,2.33,-1.0
777653,682847,Luis Ortiz,7,4.5,-134.0,124.0,betrivers,fanduel,2025-06-04 19:05:37+00:00,2025-06-04 23:05:00+00:00,2025-06-04,7,4.860766593053192,Luis Ortiz,CLE,NYY,0.5251667420718581,0.5619290100344466,0.01907814407814401,1.0,-0.08291777877003892,0.06362649775903795,under,0.06362649775903795,False,2.24,-1.0
776791,693433,Bryan Woo,9,5.5,-112.0,100.0,betrivers,betonlineag,2025-08-10 16:10:38+00:00,2025-08-10 20:10:00+00:00,2025-08-10,9,6.133296707743301,Bryan Woo,SEA,TB,0.5619043853503477,0.5137614678899083,0.028301886792452713,1.0,0.06360472941315809,-0.1238087707006954,over,0.06360472941315809,True,1.8928571428571428,0.8928571428571428
778141,607259,Nick Martinez,3,4.5,120.0,-124.0,bovada,betrivers,2025-04-28 18:35:38+00:00,2025-04-28 22:40:00+00:00,2025-04-28,3,4.618654112479252,Nick Martinez,CIN,STL,0.4834012946224587,0.4508856682769726,0.008116883116883189,0.0,0.06348284816940919,-0.0667894354470221,over,0.06348284816940919,False,2.2,-1.0
777081,669194,Ryne Nelson,4,3.5,-141.0,136.0,betrivers,fanduel,2025-07-19 19:15:38+00:00,2025-07-19 23:15:00+00:00,2025-07-19,4,4.372234963610777,Ryne Nelson,AZ,STL,0.6221955979388565,0.5799637479085332,0.00879105422322235,1.0,0.06346907165435756,-0.10838161113570122,over,0.06346907165435756,True,1.7092198581560285,0.7092198581560285
776496,477132,Clayton Kershaw,3,4.5,116.0,-125.0,fanduel,betmgm,2025-09-02 18:35:38+00:00,2025-09-02 22:40:00+00:00,2025-09-02,3,4.206864945402891,Clayton Kershaw,LAD,PIT,0.40920666435195413,0.45454545454545453,0.0185185185185186,0.0,-0.11611360499977907,0.06342800416648275,under,0.06342800416648275,True,1.8,0.8
776759,607625,Seth Lugo,2,4.5,-148.0,120.0,fanduel,fanatics,2025-08-13 14:05:39+00:00,2025-08-13 18:10:00+00:00,2025-08-13,2,4.8105273636141215,Seth Lugo,KC,WSH,0.5166375759939759,0.5676429567642958,0.0513196480938416,0.0,-0.1342829807668513,0.0633973328132531,under,0.0633973328132531,True,2.2,1.2000000000000002
776140,680694,Kyle Bradish,8,5.5,-116.0,100.0,betonlineag,betmgm,2025-09-28 15:05:38+00:00,2025-09-28 19:05:00+00:00,2025-09-28,8,6.196345551818562,Kyle Bradish,BAL,NYY,0.5710233209322987,0.5178571428571428,0.0370370370370372,1.0,0.06328480449462504,-0.14204664186459737,over,0.06328480449462504,True,1.8620689655172413,0.8620689655172413
777397,687473,Ryan Gusto,7,5.5,130.0,-140.0,betonlineag,draftkings,2025-06-22 16:05:37+00:00,2025-06-22 20:07:00+00:00,2025-06-22,7,5.4827249299910825,Ryan Gusto,HOU,LAA,0.46229167040841934,0.4270462633451957,0.018115942028985588,1.0,0.06327084193936439,-0.07821429212871878,over,0.06327084193936439,True,2.3,1.2999999999999998
777688,624133,Ranger Suarez,2,5.5,125.0,-140.0,bovada,betmgm,2025-06-01 13:35:37+00:00,2025-06-01 17:35:00+00:00,2025-06-01,2,4.975643837036253,Ranger Suarez,PHI,MIL,0.37979194974828884,0.43243243243243246,0.02777777777777768,0.0,-0.1454681130663501,0.06321380043150482,under,0.06321380043150482,True,1.7142857142857144,0.7142857142857144
778088,686752,Ryan Pepiot,1,5.5,100.0,-120.0,betonlineag,draftkings,2025-05-02 19:00:39+00:00,2025-05-02 23:05:00+00:00,2025-05-02,1,5.221261982230416,Ryan Pepiot,TB,NYY,0.4200733076286615,0.4782608695652174,0.045454545454545414,0.0,-0.15985338474267696,0.06319893601412052,under,0.06319893601412052,True,1.8333333333333335,0.8333333333333335
776903,605540,Brandon Woodruff,8,5.5,-117.0,110.0,betrivers,betonlineag,2025-08-02 16:05:38+00:00,2025-08-02 20:05:00+00:00,2025-08-02,8,5.681736095876199,Brandon Woodruff,MIL,WSH,0.4937160998258456,0.5310136157337368,0.015360983102918446,1.0,-0.08430432767343166,0.06319619036572433,under,0.06319619036572433,False,2.1,-1.0
777518,656876,Drew Rasmussen,3,4.5,-108.0,-112.0,fanduel,betrivers,2025-06-14 16:10:37+00:00,2025-06-14 20:10:00+00:00,2025-06-14,3,5.022175092356647,Drew Rasmussen,TB,NYM,0.5520369921440909,0.4956702459300312,0.0475326560232221,0.0,0.06318235524047133,-0.15207002084417198,over,0.06318235524047133,False,1.925925925925926,-1.0
777649,608337,Lucas Giolito,1,5.5,104.0,-120.0,fanduel,draftkings,2025-06-04 13:35:37+00:00,2025-06-04 17:35:00+00:00,2025-06-04,1,5.221441453370997,Lucas Giolito,BOS,LAA,0.4201025693249526,0.4733218588640275,0.035650623885918,0.0,-0.14299075857709664,0.06314528957092036,under,0.06314528957092036,True,1.8333333333333335,0.8333333333333335
777413,702070,Noah Cameron,2,3.5,-135.0,128.0,bovada,betrivers,2025-06-21 19:15:37+00:00,2025-06-21 23:15:00+00:00,2025-06-21,2,3.8791172119472903,Noah Cameron,KC,SD,0.5337338151820381,0.5670596904937362,0.013064576334453237,0.0,-0.07090780320163736,0.06308690138495332,under,0.06308690138495332,True,2.2800000000000002,1.2800000000000002
778316,666157,Nick Lodolo,6,5.5,100.0,-125.0,draftkings,fanatics,2025-04-15 18:00:38+00:00,2025-04-15 22:40:00+00:00,2025-04-15,6,5.927628005958349,Nick Lodolo,CIN,SEA,0.531443363275036,0.47368421052631576,0.05555555555555558,1.0,0.0628867265500721,-0.15659805389506487,over,0.0628867265500721,True,2.0,1.0
776818,669467,Andre Pallante,0,3.5,-115.0,110.0,draftkings,bovada,2025-08-09 19:15:38+00:00,2025-08-09 23:15:00+00:00,2025-08-09,0,3.675332514133098,Andre Pallante,STL,CHC,0.4939445709403665,0.5290251916757941,0.011074197120708673,0.0,-0.0765384108506193,0.06271640102523035,under,0.06271640102523035,True,2.1,1.1
776432,686613,Hunter Brown,8,5.5,-124.0,125.0,betrivers,betmgm,2025-09-06 19:15:39+00:00,2025-09-06 23:15:00+00:00,2025-09-06,8,6.317638747600214,Hunter Brown,HOU,TEX,0.5882611915968118,0.5546719681908548,-0.001984126984126977,1.0,0.06266537836843411,-0.07358768109282654,over,0.06266537836843411,True,1.8064516129032258,0.8064516129032258
777120,650644,Aaron Civale,3,3.5,-165.0,132.0,fanatics,betrivers,2025-07-13 14:10:37+00:00,2025-07-13 18:10:00+00:00,2025-07-13,3,3.922538131892291,Aaron Civale,CWS,CLE,0.5419838179806531,0.5909231244211176,0.0536759921925829,0.0,-0.12954114081895118,0.06259754228488501,under,0.06259754228488501,True,2.3200000000000003,1.3200000000000003
778469,669373,Tarik Skubal,8,7.5,125.0,-135.0,draftkings,bovada,2025-04-02 16:05:39+00:00,2025-04-02 20:10:00+00:00,2025-04-02,8,7.528139513855058,Tarik Skubal,DET,SEA,0.472203529703128,0.4361948955916473,0.01891252955082745,1.0,0.06245794183203812,-0.08124318133507458,over,0.06245794183203812,True,2.25,1.25
776344,678394,Brayan Bello,4,4.5,-130.0,115.0,betonlineag,bovada,2025-09-13 16:05:40+00:00,2025-09-13 20:10:00+00:00,2025-09-13,4,4.74785495636031,Brayan Bello,BOS,NYY,0.5058935326883187,0.5485770363101079,0.030333670374115274,0.0,-0.10495759601297461,0.062328904720114764,under,0.062328904720114764,True,2.15,1.15
776300,671096,Andrew Abbott,7,5.5,155.0,-155.0,betrivers,betmgm,2025-09-16 19:45:39+00:00,2025-09-16 23:45:00+00:00,2025-09-16,7,5.199969153983694,Andrew Abbott,CIN,STL,0.416599409932884,0.39215686274509803,0.0,1.0,0.062328495328854094,-0.040211932470228584,over,0.062328495328854094,True,2.55,1.5499999999999998
778094,680732,Sean Burke,5,4.5,120.0,-145.0,fanduel,draftkings,2025-05-01 14:05:38+00:00,2025-05-01 18:10:00+00:00,2025-05-01,5,4.615388136227479,Sean Burke,CWS,MIL,0.4828270658231958,0.43439716312056736,0.04638218923933213,1.0,0.06221954481103076,-0.12615607673574458,over,0.06221954481103076,True,2.2,1.2000000000000002
776326,571945,Miles Mikolas,5,2.5,-140.0,112.0,fanduel,draftkings,2025-09-14 14:05:38+00:00,2025-09-14 18:10:00+00:00,2025-09-14,5,3.2497431721268604,Miles Mikolas,STL,MIL,0.6195649677566688,0.5529061102831595,0.055031446540880546,1.0,0.062111373297146555,-0.19347773164413784,over,0.062111373297146555,True,1.7142857142857144,0.7142857142857144
777754,608372,Tomoyuki Sugano,3,3.5,120.0,-136.0,betmgm,fanduel,2025-05-27 18:35:38+00:00,2025-05-27 22:35:00+00:00,2025-05-27,3,3.619095212582573,Tomoyuki Sugano,BAL,STL,0.48267403908285433,0.4409566517189835,0.03081664098613257,0.0,0.061882885982279534,-0.10228730311436485,over,0.061882885982279534,False,2.2,-1.0
776274,579328,Yusei Kikuchi,2,4.5,-104.0,-110.0,betrivers,betmgm,2025-09-18 19:40:39+00:00,2025-09-18 23:40:00+00:00,2025-09-18,2,4.957062631074712,Yusei Kikuchi,LAA,MIL,0.541297904451552,0.4932249322493225,0.03361344537815114,0.0,0.061776658731890643,-0.12429599940750835,over,0.061776658731890643,False,1.9615384615384617,-1.0
778097,607625,Seth Lugo,5,4.5,-140.0,125.0,draftkings,betrivers,2025-05-01 13:05:38+00:00,2025-05-01 17:10:00+00:00,2025-05-01,5,5.4527179545948306,Seth Lugo,KC,TB,0.6193292501931171,0.5675675675675677,0.02777777777777768,1.0,0.06170728604534381,-0.1434908129345136,over,0.06170728604534381,True,1.7142857142857144,0.7142857142857144
777412,680573,Simeon Woods Richardson,3,3.5,-141.0,115.0,betrivers,draftkings,2025-06-21 14:10:37+00:00,2025-06-21 18:10:00+00:00,2025-06-21,3,4.365943517696994,Simeon Woods Richardson,MIN,MIL,0.6211423832949001,0.5571074152347698,0.05017851973366794,0.0,0.06166889627000671,-0.18545612408403533,over,0.06166889627000671,False,1.7092198581560285,-1.0
777644,608331,Max Fried,7,5.5,-105.0,-120.0,betonlineag,fanduel,2025-06-05 19:05:37+00:00,2025-06-05 23:05:00+00:00,2025-06-05,7,5.226838787596078,Max Fried,NYY,CLE,0.4209824222014831,0.48427672955974843,0.05764966740576494,1.0,-0.17808193760662827,0.061532225963947695,under,0.061532225963947695,False,1.8333333333333335,-1.0
777466,686799,Jack Kochanowicz,8,3.5,110.0,-125.0,fanduel,betrivers,2025-06-18 19:05:37+00:00,2025-06-18 23:05:00+00:00,2025-06-18,8,3.2693214077276265,Jack Kochanowicz,LAA,NYY,0.4102639724989129,0.46153846153846156,0.03174603174603163,1.0,-0.1384456577522829,0.06152484950195691,under,0.06152484950195691,False,1.8,-1.0
777488,687223,Carson Palmquist,2,3.5,-135.0,116.0,bovada,fanduel,2025-06-16 18:45:37+00:00,2025-06-16 22:45:00+00:00,2025-06-16,2,3.749519239932549,Carson Palmquist,COL,WSH,0.5086265570835842,0.5537409798708697,0.03743104806934605,0.0,-0.11461303026190905,0.0613666366994583,under,0.0613666366994583,True,2.16,1.1600000000000001
776910,693645,Cam Schlittler,6,4.5,-145.0,125.0,fanatics,bovada,2025-08-02 16:10:38+00:00,2025-08-02 20:10:00+00:00,2025-08-02,6,4.879495597178528,Cam Schlittler,NYY,MIA,0.5283268212034903,0.5711159737417943,0.03628117913832196,1.0,-0.10730985382858538,0.06126465229214695,under,0.06126465229214695,False,2.25,-1.0
776912,554430,Zack Wheeler,10,7.5,-140.0,126.0,fanatics,fanduel,2025-08-02 16:05:38+00:00,2025-08-02 20:05:00+00:00,2025-08-02,10,7.976158399550344,Zack Wheeler,PHI,DET,0.530441579949757,0.5686556434219986,0.02581120943952797,1.0,-0.09067157722898789,0.0612020293135489,under,0.0612020293135489,False,2.26,-1.0
777012,686218,Emmet Sheehan,5,4.5,100.0,-110.0,betmgm,draftkings,2025-07-25 19:10:38+00:00,2025-07-25 23:10:00+00:00,2025-07-25,5,4.892536324510687,Emmet Sheehan,LAD,BOS,0.5305207548208184,0.48837209302325585,0.023809523809523725,1.0,0.06104150964163679,-0.10372144102156233,over,0.06104150964163679,True,2.0,1.0
776675,607625,Seth Lugo,5,4.5,-110.0,-108.0,bovada,fanduel,2025-08-19 19:35:39+00:00,2025-08-19 23:40:00+00:00,2025-08-19,5,5.044981133864922,Seth Lugo,KC,TEX,0.5557652983831101,0.5021949078138718,0.04304029304029311,1.0,0.06100647873139198,-0.14443687096006375,over,0.06100647873139198,True,1.9090909090909092,0.9090909090909092
776863,605280,Clay Holmes,6,3.5,-144.0,125.0,fanduel,betmgm,2025-08-05 19:10:39+00:00,2025-08-05 23:10:00+00:00,2025-08-05,6,4.395728113106794,Clay Holmes,NYM,CLE,0.6261106020231251,0.5704225352112676,0.03460837887067392,1.0,0.0609096312058508,-0.15874885455203147,over,0.0609096312058508,True,1.6944444444444444,0.6944444444444444
776344,608331,Max Fried,6,5.5,105.0,-118.0,bovada,betrivers,2025-09-13 16:05:40+00:00,2025-09-13 20:10:00+00:00,2025-09-13,6,5.835763877342092,Max Fried,NYY,BOS,0.5175051469935241,0.4740160904544466,0.029089281718505333,1.0,0.06088555133672435,-0.10861120376769717,over,0.06088555133672435,True,2.05,1.0499999999999998
777348,669467,Andre Pallante,2,3.5,-110.0,-104.0,betmgm,betrivers,2025-06-26 14:10:37+00:00,2025-06-26 18:15:00+00:00,2025-06-26,2,3.995723838801536,Andre Pallante,STL,CHC,0.5556970527760341,0.5067750677506776,0.03361344537815114,0.0,0.0608761916633378,-0.12848268044529754,over,0.0608761916633378,False,1.9090909090909092,-1.0
776298,805673,Zebby Matthews,2,5.5,104.0,-120.0,betrivers,fanatics,2025-09-16 19:40:39+00:00,2025-09-16 23:40:00+00:00,2025-09-16,2,5.852100180815307,Zebby Matthews,MIN,NYY,0.5199979950163788,0.4733218588640275,0.035650623885918,0.0,0.060795909833412765,-0.11999632419669437,over,0.060795909833412765,False,2.04,-1.0
778078,605400,Aaron Nola,8,5.5,105.0,-120.0,bovada,draftkings,2025-05-03 18:00:38+00:00,2025-05-03 22:05:00+00:00,2025-05-03,8,5.229739952297255,Aaron Nola,PHI,AZ,0.4214552380326984,0.4721030042918455,0.03325942350332589,1.0,-0.1360167620329683,0.06066539694005302,under,0.06066539694005302,False,1.8333333333333335,-1.0
777401,682990,Quinn Priester,4,3.5,-150.0,120.0,fanduel,fanatics,2025-06-22 14:10:37+00:00,2025-06-22 18:10:00+00:00,2025-06-22,4,3.7970803643225124,Quinn Priester,MIL,MIN,0.5179227653566925,0.5689655172413793,0.05454545454545445,1.0,-0.1367953910721793,0.06056991621527663,under,0.06056991621527663,False,2.2,-1.0
778092,656550,Grant Holmes,9,4.5,-135.0,125.0,draftkings,bovada,2025-05-02 19:10:39+00:00,2025-05-02 23:15:00+00:00,2025-05-02,9,4.881357945164163,Grant Holmes,ATL,LAD,0.528640459195874,0.5638051044083527,0.01891252955082745,1.0,-0.07977401547384899,0.06055896680928363,under,0.06055896680928363,False,2.25,-1.0
776485,693433,Bryan Woo,3,5.5,-125.0,110.0,betmgm,draftkings,2025-09-02 19:30:38+00:00,2025-09-02 23:35:00+00:00,2025-09-02,3,6.324079792201246,Bryan Woo,SEA,TB,0.5891650961894909,0.5384615384615385,0.03174603174603163,0.0,0.06049717314108349,-0.13724670199793076,over,0.06049717314108349,False,1.8,-1.0
777477,665152,Dean Kremer,4,4.5,-115.0,100.0,bovada,draftkings,2025-06-17 19:35:37+00:00,2025-06-17 23:35:00+00:00,2025-06-17,4,5.115810710087616,Dean Kremer,BAL,TB,0.5672322308512192,0.5168539325842696,0.03488372093023262,0.0,0.06047764898271413,-0.13446446170243842,over,0.06047764898271413,False,1.8695652173913042,-1.0
777390,666157,Nick Lodolo,6,5.5,110.0,-134.0,draftkings,fanduel,2025-06-23 19:10:37+00:00,2025-06-23 23:10:00+00:00,2025-06-23,6,5.054550144113079,Nick Lodolo,CIN,NYY,0.39277386772512446,0.45401629802095467,0.04884004884004867,1.0,-0.1751748777772386,0.06037996233075282,under,0.06037996233075282,False,1.7462686567164178,-1.0
777014,681347,Mike Burrows,5,4.5,120.0,-135.0,fanatics,betmgm,2025-07-25 18:40:38+00:00,2025-07-25 22:40:00+00:00,2025-07-25,5,4.1076977166321935,Mike Burrows,PIT,AZ,0.39093282051346684,0.44172932330827064,0.029013539651837617,1.0,-0.1399477948703729,0.060228053180261476,under,0.060228053180261476,False,1.7407407407407407,-1.0
777991,669060,Bryse Wilson,1,3.5,-115.0,105.0,bovada,betmgm,2025-05-09 19:35:38+00:00,2025-05-09 23:40:00+00:00,2025-05-09,1,4.057601824755367,Bryse Wilson,CWS,MIA,0.56709839459322,0.5230171935662784,0.022688598979013097,0.0,0.06022743336993286,-0.112551708916101,over,0.06022743336993286,False,1.8695652173913042,-1.0
776818,607067,Colin Rea,6,3.5,110.0,-110.0,fanatics,betmgm,2025-08-09 19:15:38+00:00,2025-08-09 23:15:00+00:00,2025-08-09,6,3.7302325920966957,Colin Rea,CHC,STL,0.5048305600731005,0.47619047619047616,0.0,1.0,0.060144176153511086,-0.05467652377591903,over,0.060144176153511086,True,2.1,1.1
777447,680732,Sean Burke,7,3.5,-123.0,100.0,betonlineag,fanatics,2025-06-19 14:10:37+00:00,2025-06-19 18:10:00+00:00,2025-06-19,7,4.1551035542209265,Sean Burke,CWS,STL,0.5846940313916577,0.5245202558635395,0.05156950672645744,1.0,0.06005503252308664,-0.1693880627833153,over,0.06005503252308664,True,1.8130081300813008,0.8130081300813008
776295,702674,Caden Dana,4,3.5,-152.0,130.0,betrivers,bovada,2025-09-16 19:40:39+00:00,2025-09-16 23:40:00+00:00,2025-09-16,4,4.476620035643742,Caden Dana,LAA,MIL,0.6393744992093267,0.5811170212765957,0.03795721187025536,1.0,0.06001561711019954,-0.1705613481814514,over,0.06001561711019954,True,1.6578947368421053,0.6578947368421053
776186,678394,Brayan Bello,3,3.5,-114.0,100.0,fanduel,draftkings,2025-09-25 19:05:39+00:00,2025-09-25 23:07:00+00:00,2025-09-25,3,3.556553520847716,Brayan Bello,BOS,TOR,0.47000531296873177,0.5158371040723981,0.032710280373831724,0.0,-0.11770932477799467,0.05998937406253635,under,0.05998937406253635,True,2.0,1.0
777572,702070,Noah Cameron,6,4.5,138.0,-148.0,betrivers,fanduel,2025-06-10 19:40:37+00:00,2025-06-10 23:40:00+00:00,2025-06-10,6,4.4051233098679825,Noah Cameron,KC,NYY,0.44533603220582396,0.4131680661068906,0.01694226077527783,1.0,0.059899756649860914,-0.07056308099354291,over,0.059899756649860914,True,2.38,1.38
777289,642547,Freddy Peralta,6,5.5,100.0,-106.0,draftkings,fanduel,2025-07-02 13:05:38+00:00,2025-07-02 17:10:00+00:00,2025-07-02,6,5.434899717971767,Freddy Peralta,MIL,NYM,0.45463942190936535,0.49282296650717705,0.014563106796116498,1.0,-0.0907211561812693,0.05985168949689368,under,0.05985168949689368,False,1.9433962264150944,-1.0
777299,571760,Andrew Heaney,7,3.5,-132.0,115.0,betrivers,bovada,2025-06-30 18:40:37+00:00,2025-06-30 22:40:00+00:00,2025-06-30,7,4.259420449861825,Andrew Heaney,PIT,STL,0.6030054457181394,0.550213260953858,0.03408179631114683,1.0,0.05982775308036614,-0.14646170829399974,over,0.05982775308036614,True,1.7575757575757576,0.7575757575757576
778293,680730,Mitchell Parker,6,4.5,-114.0,-106.0,betonlineag,fanduel,2025-04-16 18:35:39+00:00,2025-04-16 22:40:00+00:00,2025-04-16,6,5.099048752459734,Mitchell Parker,WSH,PIT,0.5645340574845765,0.5086640097036909,0.04727338716994822,1.0,0.05973937106753846,-0.15371713058323366,over,0.05973937106753846,True,1.8771929824561404,0.8771929824561404
778220,669160,Dustin May,5,4.5,128.0,-136.0,betonlineag,betrivers,2025-04-22 19:35:39+00:00,2025-04-22 23:40:00+00:00,2025-04-22,5,4.513332864575841,Dustin May,LAD,CHC,0.4647533297709398,0.43217111046000584,0.014867677668748192,1.0,0.05963759187774298,-0.07118960166133681,over,0.05963759187774298,True,2.2800000000000002,1.2800000000000002
776229,608379,Michael Wacha,4,2.5,-137.0,125.0,draftkings,bovada,2025-09-21 14:10:39+00:00,2025-09-21 18:10:00+00:00,2025-09-21,4,3.213876792659669,Michael Wacha,KC,TOR,0.6124497167099865,0.5653370013755159,0.02250351617440227,1.0,0.059493305549392694,-0.12801186259746955,over,0.059493305549392694,True,1.72992700729927,0.7299270072992701
778237,656302,Dylan Cease,6,5.5,-125.0,116.0,draftkings,fanduel,2025-04-20 19:05:38+00:00,2025-04-20 23:10:00+00:00,2025-04-20,6,5.7835541148248995,Dylan Cease,SD,HOU,0.5094982987950002,0.5454545454545454,0.0185185185185186,1.0,-0.08290306216899967,0.059483674602799574,under,0.059483674602799574,False,2.16,-1.0
776753,621111,Walker Buehler,3,4.5,130.0,-155.0,fanatics,betmgm,2025-08-13 19:05:39+00:00,2025-08-13 23:10:00+00:00,2025-08-13,3,3.919342656926762,Walker Buehler,BOS,HOU,0.3560165392428371,0.4170073589533933,0.04262574595055413,0.0,-0.18116195974147475,0.05945666124565485,under,0.05945666124565485,True,1.6451612903225805,0.6451612903225805
777925,668909,Gavin Williams,6,5.5,-105.0,-116.0,betmgm,fanduel,2025-05-14 13:10:38+00:00,2025-05-14 17:10:00+00:00,2025-05-14,6,5.289147003306212,Gavin Williams,CLE,MIL,0.4311174242458217,0.4881618596642272,0.049232158988256725,1.0,-0.15829455266291947,0.05929858933536636,under,0.05929858933536636,False,1.8620689655172413,-1.0
776709,500779,Jose Quintana,4,3.5,-148.0,130.0,betrivers,betmgm,2025-08-17 13:40:38+00:00,2025-08-17 17:40:00+00:00,2025-08-17,4,4.432189637938103,Jose Quintana,MIL,CIN,0.6321308054407864,0.5785180149558123,0.03155680224403934,1.0,0.059246214522398866,-0.1539008525138087,over,0.059246214522398866,True,1.6756756756756757,0.6756756756756757
778374,663903,Brady Singer,3,5.5,-152.0,120.0,fanduel,fanduel,2025-04-11 18:35:39+00:00,2025-04-11 22:40:00+00:00,2025-04-11,3,5.842962561433062,Brady Singer,CIN,PIT,0.5186043774821734,0.5702592087312415,0.057720057720057616,0.0,-0.1402085320690284,0.05907036953921874,under,0.05907036953921874,True,2.2,1.2000000000000002
776649,686701,Ryan Bergert,5,4.5,-112.0,100.0,fanduel,draftkings,2025-08-22 19:10:41+00:00,2025-08-22 23:10:00+00:00,2025-08-22,5,5.067942895427641,Ryan Bergert,KC,DET,0.5595014024987495,0.5137614678899083,0.028301886792452713,1.0,0.05905622615834716,-0.11900280499749893,over,0.05905622615834716,True,1.8928571428571428,0.8928571428571428
777450,592791,Jameson Taillon,2,4.5,105.0,-124.0,fanatics,fanduel,2025-06-19 14:20:37+00:00,2025-06-19 18:20:00+00:00,2025-06-19,2,4.810250389199813,Jameson Taillon,CHC,MIL,0.5165903450057086,0.46842325386867417,0.04137630662020908,0.0,0.059010207261702474,-0.1267438490425703,over,0.059010207261702474,False,2.05,-1.0
776882,682990,Quinn Priester,4,4.5,115.0,-135.0,bovada,draftkings,2025-08-04 19:10:38+00:00,2025-08-04 23:15:00+00:00,2025-08-04,4,4.670817880006921,Quinn Priester,MIL,ATL,0.49253584326081407,0.447405997144217,0.03958436417615041,0.0,0.05895206301075029,-0.11663646789845405,over,0.05895206301075029,False,2.15,-1.0
777705,592662,Robbie Ray,9,6.5,-125.0,104.0,draftkings,fanduel,2025-05-31 16:10:37+00:00,2025-05-31 20:10:00+00:00,2025-05-31,9,6.596654798450709,Robbie Ray,SF,MIA,0.48091232944916545,0.53125,0.045751633986928164,1.0,-0.13435780699150213,0.0589388479237023,under,0.0589388479237023,False,2.04,-1.0
776245,702070,Noah Cameron,5,3.5,-139.0,128.0,draftkings,betonlineag,2025-09-20 19:10:39+00:00,2025-09-20 23:10:00+00:00,2025-09-20,5,3.88866449968207,Noah Cameron,KC,TOR,0.5355549608970265,0.5700820261908188,0.02018644938706604,1.0,-0.0791537003281344,0.05893468915477973,under,0.05893468915477973,False,2.2800000000000002,-1.0
776819,645261,Sandy Alcantara,4,4.5,-113.0,-105.0,fanduel,draftkings,2025-08-09 19:15:38+00:00,2025-08-09 23:15:00+00:00,2025-08-09,4,4.473433323501556,Sandy Alcantara,MIA,ATL,0.45762226194735034,0.5087854162090929,0.04271155387610204,0.0,-0.1374022850018971,0.05892796476945894,under,0.05892796476945894,True,1.9523809523809523,0.9523809523809523
777395,608337,Lucas Giolito,5,5.5,110.0,-124.0,betonlineag,betrivers,2025-06-22 16:05:37+00:00,2025-06-22 20:05:00+00:00,2025-06-22,5,5.18301623273272,Lucas Giolito,BOS,SF,0.41383050720205455,0.46242774566473993,0.029761904761904656,0.0,-0.13095593487568535,0.05888682569951453,under,0.05888682569951453,True,1.8064516129032258,0.8064516129032258
777980,669467,Andre Pallante,7,3.5,102.0,100.0,fanduel,betmgm,2025-05-10 16:00:38+00:00,2025-05-10 20:05:00+00:00,2025-05-10,7,3.8292966459304436,Andre Pallante,STL,WSH,0.524166172007892,0.4975124378109453,-0.004950495049504955,1.0,0.05881566745594169,-0.0483323440157839,over,0.05881566745594169,True,2.02,1.02
777592,656876,Drew Rasmussen,3,4.5,-130.0,110.0,fanduel,draftkings,2025-06-08 12:10:37+00:00,2025-06-08 16:10:00+00:00,2025-06-08,3,5.314029003418979,Drew Rasmussen,TB,MIA,0.5983864090131463,0.5427435387673957,0.04140786749482395,0.0,0.05868364671556647,-0.1566114589276072,over,0.05868364671556647,False,1.7692307692307692,-1.0
777056,687064,Brandon Young,3,3.5,-140.0,120.0,fanduel,betmgm,2025-07-22 18:40:38+00:00,2025-07-22 22:40:00+00:00,2025-07-22,3,4.344495244925662,Brandon Young,BAL,CLE,0.6175367099033033,0.562043795620438,0.037878787878787845,0.0,0.05863435983423426,-0.15858076178726732,over,0.05863435983423426,False,1.7142857142857144,-1.0
777320,607067,Colin Rea,2,3.5,-140.0,128.0,draftkings,fanduel,2025-06-28 19:15:37+00:00,2025-06-28 23:15:00+00:00,2025-06-28,2,4.344457092211392,Colin Rea,CHC,HOU,0.6175302752070339,0.5708154506437769,0.021929824561403466,0.0,0.05862332892634381,-0.1279690274720371,over,0.05862332892634381,False,1.7142857142857144,-1.0
778216,641927,Bailey Ober,6,5.5,-150.0,140.0,bovada,betrivers,2025-04-22 19:35:39+00:00,2025-04-22 23:40:00+00:00,2025-04-22,6,6.113183873276286,Bailey Ober,MIN,CWS,0.5589731753524787,0.5901639344262295,0.016666666666666607,1.0,-0.0683780410792022,0.058464379154051116,under,0.058464379154051116,False,2.4,-1.0
776723,571578,Patrick Corbin,2,3.5,105.0,-110.0,betmgm,bovada,2025-08-16 15:05:38+00:00,2025-08-16 19:07:00+00:00,2025-08-16,2,3.7887481943094934,Patrick Corbin,TEX,TOR,0.5163009230193489,0.48220436280137774,0.011614401858304202,0.0,0.05841689218966528,-0.07657448940057521,over,0.05841689218966528,False,2.05,-1.0
776347,676083,Janson Junk,4,3.5,-148.0,131.0,betrivers,draftkings,2025-09-13 16:05:40+00:00,2025-09-13 20:10:00+00:00,2025-09-13,4,4.428946910728055,Janson Junk,MIA,DET,0.6315981559238657,0.5795755068827559,0.029674626448819907,1.0,0.058353666683234495,-0.14899174018412975,over,0.058353666683234495,True,1.6756756756756757,0.6756756756756757
778151,663855,Jordan Hicks,3,4.5,-115.0,106.0,fanatics,fanduel,2025-04-27 16:00:38+00:00,2025-04-27 20:05:00+00:00,2025-04-27,3,4.635058502864893,Jordan Hicks,SF,TEX,0.4862814613548787,0.5242310245629564,0.0203206141341159,0.0,-0.09086509398870513,0.05826018960894985,under,0.05826018960894985,True,2.06,1.06
778337,615698,Cal Quantrill,2,3.5,100.0,-105.0,betmgm,bovada,2025-04-13 13:35:38+00:00,2025-04-13 17:40:00+00:00,2025-04-13,2,3.4978099212717146,Cal Quantrill,MIA,WSH,0.4579843258371619,0.4939759036144578,0.012195121951219523,0.0,-0.08403134832567616,0.058221078127445924,under,0.058221078127445924,True,1.9523809523809523,0.9523809523809523
777596,592866,Trevor Williams,2,3.5,-152.0,125.0,fanduel,betmgm,2025-06-08 13:35:37+00:00,2025-06-08 17:35:00+00:00,2025-06-08,2,4.469302953226165,Trevor Williams,WSH,TEX,0.6381885482541615,0.5757575757575758,0.04761904761904745,0.0,0.05804943526347839,-0.18592423357186338,over,0.05804943526347839,False,1.6578947368421053,-1.0
777368,668909,Gavin Williams,2,4.5,-116.0,100.0,betonlineag,betmgm,2025-06-25 18:40:37+00:00,2025-06-25 22:40:00+00:00,2025-06-25,2,4.548627934381617,Gavin Williams,CLE,TOR,0.47103182598759163,0.5178571428571428,0.0370370370370372,0.0,-0.12290625505758801,0.05793634802481673,under,0.05793634802481673,True,2.0,1.0
777491,518876,Merrill Kelly,7,4.5,110.0,-124.0,betonlineag,fanduel,2025-06-15 16:10:37+00:00,2025-06-15 20:10:00+00:00,2025-06-15,7,4.235136685575611,Merrill Kelly,AZ,SD,0.4143952762128789,0.46242774566473993,0.029761904761904656,1.0,-0.12976991995295428,0.05786659780899295,under,0.05786659780899295,False,1.8064516129032258,-1.0
776458,671106,Logan Allen,4,4.5,-121.0,105.0,betrivers,bovada,2025-09-04 19:30:39+00:00,2025-09-04 23:35:00+00:00,2025-09-04,4,4.622258329177996,Logan Allen,CLE,TB,0.4840346817765717,0.5288348790107664,0.0353161902659751,0.0,-0.11593665559816246,0.057728902358027856,under,0.057728902358027856,True,2.05,1.0499999999999998
778444,434378,Justin Verlander,2,5.5,105.0,-122.0,draftkings,fanduel,2025-04-04 16:30:39+00:00,2025-04-04 20:35:00+00:00,2025-04-04,2,5.213497836901771,Justin Verlander,SF,SEA,0.41880710588477027,0.47023935606862943,0.03735442759833019,0.0,-0.14144543293622103,0.0575805122424673,under,0.0575805122424673,True,1.819672131147541,0.819672131147541
776881,593958,Eduardo Rodriguez,5,5.5,105.0,-120.0,fanatics,betmgm,2025-08-03 16:05:38+00:00,2025-08-03 20:05:00+00:00,2025-08-03,5,5.240254298688413,Eduardo Rodriguez,AZ,ATH,0.4231680882106448,0.4721030042918455,0.03325942350332589,0.0,-0.13250541916817826,0.057525171613818094,under,0.057525171613818094,True,1.8333333333333335,0.8333333333333335
778093,665152,Dean Kremer,2,3.5,-130.0,114.0,betmgm,fanduel,2025-05-02 19:00:39+00:00,2025-05-02 23:05:00+00:00,2025-05-02,2,4.228250080241171,Dean Kremer,BAL,KC,0.5975904049880472,0.5474222746950019,0.03250711093051595,0.0,0.05727533190192946,-0.13884346667442105,over,0.05727533190192946,False,1.7692307692307692,-1.0
777632,663623,Jake Irvin,3,3.5,-143.0,125.0,betonlineag,draftkings,2025-06-05 18:45:37+00:00,2025-06-05 22:45:00+00:00,2025-06-05,3,4.372123839045494,Jake Irvin,WSH,CHC,0.6221770127172739,0.5697211155378487,0.03292181069958833,0.0,0.057265832799283434,-0.1498982786138663,over,0.057265832799283434,False,1.6993006993006992,-1.0
778049,663903,Brady Singer,2,5.5,135.0,-182.0,betrivers,betrivers,2025-05-05 19:10:38+00:00,2025-05-05 23:15:00+00:00,2025-05-05,2,5.40537996696812,Brady Singer,CIN,ATL,0.4498988796561588,0.3973509933774834,0.07092198581560294,0.0,0.057262367191973196,-0.14764551682987248,over,0.057262367191973196,False,2.35,-1.0
778017,678368,Valente Bellozo,7,3.5,123.0,-150.0,betrivers,fanduel,2025-05-07 16:35:38+00:00,2025-05-07 20:40:00+00:00,2025-05-07,7,3.5765067343557746,Valente Bellozo,MIA,LAD,0.4740620460145653,0.42771599657827203,0.04843049327354265,1.0,0.05715836261248053,-0.12343674335760879,over,0.05715836261248053,True,2.23,1.23
777172,641778,Eric Lauer,7,4.5,-110.0,-112.0,draftkings,betonlineag,2025-07-09 14:10:37+00:00,2025-07-09 18:10:00+00:00,2025-07-09,7,5.03243554734816,Eric Lauer,TOR,CWS,0.5537165115673558,0.49786507258753204,0.05211141060197666,1.0,0.05709515844677027,-0.15524911118106632,over,0.05709515844677027,True,1.9090909090909092,0.9090909090909092
777659,592866,Trevor Williams,4,3.5,-135.0,125.0,betonlineag,draftkings,2025-06-03 18:40:37+00:00,2025-06-03 22:45:00+00:00,2025-06-03,4,4.284024104235453,Trevor Williams,WSH,CHC,0.6072453708143029,0.5638051044083527,0.01891252955082745,1.0,0.057056756602675396,-0.11630208433218137,over,0.057056756602675396,True,1.7407407407407407,0.7407407407407407
777138,680732,Sean Burke,5,3.5,-165.0,130.0,draftkings,draftkings,2025-07-12 16:10:37+00:00,2025-07-12 20:10:00+00:00,2025-07-12,5,4.594750683284201,Sean Burke,CWS,CLE,0.658138379124183,0.5888285492629945,0.057424118129614454,1.0,0.05701012404793038,-0.2137182719856211,over,0.05701012404793038,True,1.606060606060606,0.606060606060606
778015,664285,Framber Valdez,7,5.5,100.0,-120.0,draftkings,bovada,2025-05-07 13:05:38+00:00,2025-05-07 17:10:00+00:00,2025-05-07,7,5.908074062807135,Framber Valdez,HOU,MIL,0.5284929806905372,0.4782608695652174,0.045454545454545414,1.0,0.05698596138107437,-0.1355704645993181,over,0.05698596138107437,True,2.0,1.0
776299,608337,Lucas Giolito,5,5.5,126.0,-140.0,fanduel,betmgm,2025-09-17 18:40:39+00:00,2025-09-17 22:45:00+00:00,2025-09-17,5,4.998033632150992,Lucas Giolito,BOS,ATH,0.3834782516282834,0.43134435657800146,0.02581120943952797,0.0,-0.13333915132007956,0.05689442578008563,under,0.05689442578008563,True,1.7142857142857144,0.7142857142857144
776144,663903,Brady Singer,5,4.5,110.0,-118.0,betmgm,fanduel,2025-09-28 15:10:38+00:00,2025-09-28 19:10:00+00:00,2025-09-28,5,4.732256724634405,Brady Singer,CIN,MIL,0.5032020865948748,0.46801202232717903,0.01747487986020091,1.0,0.056724381849237115,-0.08218690574307375,over,0.056724381849237115,True,2.1,1.1
777532,543243,Sonny Gray,4,6.5,123.0,-165.0,betrivers,betrivers,2025-06-12 19:40:37+00:00,2025-06-12 23:40:00+00:00,2025-06-12,4,6.547178736817092,Sonny Gray,STL,MIL,0.473800124306225,0.4186744608578877,0.07107200270750491,0.0,0.05657427720288166,-0.15489110873424017,over,0.05657427720288166,False,2.23,-1.0
777991,676974,Max Meyer,5,5.5,-120.0,105.0,fanduel,draftkings,2025-05-09 19:35:38+00:00,2025-05-09 23:40:00+00:00,2025-05-09,5,5.623587869949987,Max Meyer,MIA,CWS,0.48460920778619504,0.5278969957081545,0.03325942350332589,0.0,-0.11154978572530905,0.056551124038300093,under,0.056551124038300093,True,2.05,1.0499999999999998
776624,656849,David Peterson,8,4.5,-115.0,-105.0,fanatics,betmgm,2025-08-24 13:35:39+00:00,2025-08-24 17:35:00+00:00,2025-08-24,8,5.102756268186448,David Peterson,NYM,ATL,0.5651316906626025,0.5108342361863488,0.04707884288145214,1.0,0.05655055210834381,-0.15097139605555732,over,0.05655055210834381,True,1.8695652173913042,0.8695652173913042
777924,665152,Dean Kremer,4,4.5,110.0,-122.0,draftkings,betrivers,2025-05-14 12:05:38+00:00,2025-05-14 16:05:00+00:00,2025-05-14,4,4.262399992972186,Dean Kremer,BAL,MIN,0.41938853118993874,0.46424090338770385,0.025740025740025763,0.0,-0.1192840845011286,0.056522508818308115,under,0.056522508818308115,True,1.819672131147541,0.819672131147541
776176,657746,Joe Ryan,9,5.5,-125.0,105.0,bovada,fanatics,2025-09-26 18:45:40+00:00,2025-09-26 22:45:00+00:00,2025-09-26,9,5.62406386287177,Joe Ryan,MIN,PHI,0.4846840188395107,0.5324675324675325,0.04336043360433606,1.0,-0.1275687660888808,0.056397761379002986,under,0.056397761379002986,False,2.05,-1.0
777375,663978,Chris Paddack,4,4.5,115.0,-128.0,draftkings,fanduel,2025-06-24 19:40:37+00:00,2025-06-24 23:40:00+00:00,2025-06-24,4,4.664005342193538,Chris Paddack,MIN,SEA,0.49134689080794763,0.45310015898251194,0.026519787841697173,0.0,0.056395815237087366,-0.09396164925165684,over,0.056395815237087366,False,2.15,-1.0
777094,641778,Eric Lauer,7,4.5,-134.0,110.0,betrivers,draftkings,2025-07-19 15:05:38+00:00,2025-07-19 19:07:00+00:00,2025-07-19,7,5.356886662481578,Eric Lauer,TOR,SF,0.60493487444598,0.5459837019790454,0.04884004884004867,1.0,0.056378810599696516,-0.17036323633655803,over,0.056378810599696516,True,1.7462686567164178,0.7462686567164178
778328,669358,Shane Baz,11,5.5,-167.0,125.0,betrivers,betrivers,2025-04-14 19:00:38+00:00,2025-04-14 23:05:00+00:00,2025-04-14,11,5.921449217999826,Shane Baz,TB,BOS,0.530512061007593,0.5845974329054843,0.06991260923845188,1.0,-0.1518160461734892,0.05634786273291592,under,0.05634786273291592,False,2.25,-1.0
776315,680730,Mitchell Parker,1,3.5,115.0,-136.0,draftkings,fanduel,2025-09-15 18:45:39+00:00,2025-09-15 22:45:00+00:00,2025-09-15,1,3.662040161370574,Mitchell Parker,WSH,ATL,0.4912913427224476,0.4466313398940197,0.041387465510445365,0.0,0.056276386853262306,-0.11724085943012974,over,0.056276386853262306,False,2.15,-1.0
776289,682243,Bryce Miller,4,3.5,-107.0,100.0,draftkings,bovada,2025-09-17 19:35:39+00:00,2025-09-17 23:40:00+00:00,2025-09-17,4,3.9438001826895492,Bryce Miller,SEA,KC,0.5459929148783272,0.508313539192399,0.01690821256038655,1.0,0.056266667101062984,-0.09198582975665448,over,0.056266667101062984,True,1.9345794392523366,0.9345794392523366
776425,663436,Davis Martin,3,3.5,-158.0,128.0,fanduel,betrivers,2025-09-07 13:40:38+00:00,2025-09-07 17:40:00+00:00,2025-09-07,3,4.523065534605805,Davis Martin,CWS,DET,0.6468379781647332,0.5826863354037267,0.05099959200326398,0.0,0.056229103585450524,-0.19479059021559164,over,0.056229103585450524,False,1.6329113924050633,-1.0
778322,656550,Grant Holmes,4,4.5,130.0,-148.0,bovada,fanduel,2025-04-14 19:05:38+00:00,2025-04-14 23:07:00+00:00,2025-04-14,4,4.482282551825072,Grant Holmes,ATL,TOR,0.4592068280808879,0.4214819850441876,0.03155680224403934,0.0,0.05617570458604204,-0.09380603624364992,over,0.05617570458604204,False,2.3,-1.0
777500,608331,Max Fried,9,6.5,125.0,-135.0,bovada,draftkings,2025-06-15 13:35:37+00:00,2025-06-15 17:35:00+00:00,2025-06-15,9,5.999400900552906,Max Fried,NYY,BOS,0.39330247161877013,0.4361948955916473,0.01891252955082745,1.0,-0.11506943885776721,0.05610310495991877,under,0.05610310495991877,False,1.7407407407407407,-1.0
777848,641793,Zack Littell,6,3.5,-120.0,100.0,betmgm,draftkings,2025-05-20 19:05:38+00:00,2025-05-20 23:05:00+00:00,2025-05-20,6,4.106660984936927,Zack Littell,TB,HOU,0.5760090635331945,0.5217391304347826,0.045454545454545414,1.0,0.05601661647752332,-0.15201812706638895,over,0.05601661647752332,True,1.8333333333333335,0.8333333333333335
777629,683004,Jack Leiter,6,4.5,-111.0,110.0,betonlineag,draftkings,2025-06-05 19:35:37+00:00,2025-06-05 23:35:00+00:00,2025-06-05,6,4.697280887549642,Jack Leiter,TEX,TB,0.49714256982341753,0.5248817833821211,0.0022568269013767406,1.0,-0.05498124114647651,0.05600060337082313,under,0.05600060337082313,False,2.1,-1.0
778483,621107,Zach Eflin,5,4.5,-130.0,125.0,fanatics,bovada,2025-04-02 18:30:39+00:00,2025-04-02 22:35:00+00:00,2025-04-02,5,5.303732065930135,Zach Eflin,BAL,BOS,0.5968029744614246,0.5598086124401913,0.009661835748792313,1.0,0.05588218558559732,-0.0928066925382054,over,0.05588218558559732,True,1.7692307692307692,0.7692307692307692
778439,663903,Brady Singer,7,5.5,100.0,-103.0,betmgm,betonlineag,2025-04-05 19:05:38+00:00,2025-04-05 23:10:00+00:00,2025-04-05,7,5.4950865014083305,Brady Singer,CIN,MIL,0.4642637162769075,0.4963325183374082,0.007389162561576512,1.0,-0.07147256744618502,0.05586859801735722,under,0.05586859801735722,False,1.970873786407767,-1.0
776185,808967,Yoshinobu Yamamoto,7,6.5,135.0,-153.0,betrivers,draftkings,2025-09-25 15:40:39+00:00,2025-09-25 19:40:00+00:00,2025-09-25,7,6.377851282768161,Yoshinobu Yamamoto,LAD,AZ,0.44922013168025954,0.413027507958534,0.0302749978975696,1.0,0.05566730944860998,-0.08923328964121358,over,0.05566730944860998,True,2.35,1.35
777817,624133,Ranger Suarez,6,5.5,-112.0,-103.0,betrivers,betonlineag,2025-05-22 15:05:37+00:00,2025-05-22 19:10:00+00:00,2025-05-22,6,5.496011855018399,Ranger Suarez,PHI,COL,0.46441123875262486,0.5100960244099434,0.035691049354029225,1.0,-0.12093586950396007,0.0555778498370596,under,0.0555778498370596,False,1.970873786407767,-1.0
776921,693821,Bryce Elder,5,4.5,105.0,-125.0,draftkings,betrivers,2025-08-01 12:40:38+00:00,2025-08-01 16:40:00+00:00,2025-08-01,5,4.800251233762891,Bryce Elder,ATL,CIN,0.5148837293662554,0.4675324675324675,0.04336043360433606,1.0,0.05551164520082352,-0.1267907128592597,over,0.05551164520082352,True,2.05,1.0499999999999998
776343,608372,Tomoyuki Sugano,4,3.5,140.0,-156.0,bovada,draftkings,2025-09-13 15:05:39+00:00,2025-09-13 19:07:00+00:00,2025-09-13,4,3.0195651117022138,Tomoyuki Sugano,BAL,TOR,0.3568665284022762,0.40609137055837563,0.02604166666666674,1.0,-0.14352033183453716,0.055398517493700616,under,0.055398517493700616,False,1.641025641025641,-1.0
778179,656557,Tanner Houck,6,4.5,130.0,-156.0,fanatics,fanduel,2025-04-26 13:05:38+00:00,2025-04-26 17:10:00+00:00,2025-04-26,6,3.924156431063538,Tanner Houck,BOS,CLE,0.35691058880043836,0.41639557579700714,0.044157608695652106,1.0,-0.1791056457589918,0.05532621325056275,under,0.05532621325056275,False,1.641025641025641,-1.0
777573,700249,Cade Povich,6,5.5,-105.0,-118.0,fanatics,betmgm,2025-06-10 18:35:37+00:00,2025-06-10 22:35:00+00:00,2025-06-10,6,5.274765093876216,Cade Povich,BAL,DET,0.4287818618293337,0.4861937128292268,0.05347952562094438,1.0,-0.16285446023796757,0.055301306111908755,under,0.055301306111908755,False,1.847457627118644,-1.0
776758,596295,Austin Gomber,2,3.5,135.0,-154.0,draftkings,fanduel,2025-08-13 14:10:38+00:00,2025-08-13 18:15:00+00:00,2025-08-13,2,3.454539116933198,Austin Gomber,COL,STL,0.44905894194387996,0.4124046111381718,0.0318311274920422,0.0,0.055288513568118036,-0.09130500814120457,over,0.055288513568118036,False,2.35,-1.0
778403,471911,Carlos Carrasco,3,4.5,120.0,-140.0,williamhill_us,draftkings,2025-04-08 13:05:39+00:00,2025-04-08 17:10:00+00:00,2025-04-08,3,4.5971161269091825,Carlos Carrasco,NYY,DET,0.47960954350389134,0.43795620437956206,0.037878787878787845,0.0,0.055140995708561125,-0.10790207457809953,over,0.055140995708561125,False,2.2,-1.0
776349,571578,Patrick Corbin,5,4.5,120.0,-140.0,fanatics,betmgm,2025-09-13 16:05:40+00:00,2025-09-13 20:10:00+00:00,2025-09-13,5,4.073014868149228,Patrick Corbin,TEX,NYM,0.38451921221528307,0.43795620437956206,0.037878787878787845,1.0,-0.15405773312637716,0.055109921916657756,under,0.055109921916657756,False,1.7142857142857144,-1.0
776324,641927,Bailey Ober,9,4.5,-118.0,100.0,betmgm,draftkings,2025-09-14 14:05:38+00:00,2025-09-14 18:10:00+00:00,2025-09-14,9,4.557621748843827,Bailey Ober,MIN,AZ,0.47262709715041246,0.5198237885462554,0.041284403669724856,1.0,-0.12684146458652612,0.054745805699174976,under,0.054745805699174976,False,2.0,-1.0
776427,608372,Tomoyuki Sugano,1,3.5,105.0,-125.0,draftkings,fanatics,2025-09-07 13:35:38+00:00,2025-09-07 17:35:00+00:00,2025-09-07,1,3.7794831955177997,Tomoyuki Sugano,BAL,LAD,0.5144941189620134,0.4675324675324675,0.04336043360433606,0.0,0.05471294387212722,-0.126089414131624,over,0.05471294387212722,False,2.05,-1.0
777488,663623,Jake Irvin,5,5.5,120.0,-135.0,betrivers,draftkings,2025-06-16 18:45:37+00:00,2025-06-16 22:45:00+00:00,2025-06-16,5,5.590538527831571,Jake Irvin,WSH,COL,0.47940458130039737,0.44172932330827064,0.029013539651837617,0.0,0.0546900788608744,-0.09377834522661754,over,0.0546900788608744,False,2.2,-1.0
776927,573186,Marcus Stroman,3,3.5,110.0,-115.0,draftkings,bovada,2025-07-31 13:05:38+00:00,2025-07-31 17:05:00+00:00,2025-07-31,3,3.7168651500841374,Marcus Stroman,NYY,TB,0.5021908562152899,0.4709748083242059,0.011074197120708673,0.0,0.05460079805210882,-0.0693133398807595,over,0.05460079805210882,False,2.1,-1.0
776922,681867,Cooper Criswell,4,2.5,-135.0,125.0,bovada,betmgm,2025-08-01 19:10:39+00:00,2025-08-01 23:10:00+00:00,2025-08-01,4,3.1807861561241135,Cooper Criswell,BOS,HOU,0.6058002786064003,0.5638051044083527,0.01891252955082745,1.0,0.054541225722252396,-0.1130506268644007,over,0.054541225722252396,True,1.7407407407407407,0.7407407407407407
776235,650633,Michael King,4,4.5,-155.0,148.0,betmgm,betrivers,2025-09-21 14:10:39+00:00,2025-09-21 18:10:00+00:00,2025-09-21,4,5.163106526547841,Michael King,SD,CWS,0.5747928247643177,0.6011886143259305,0.011068943706514789,0.0,-0.054373094742574235,0.054513794584492015,under,0.054513794584492015,True,2.48,1.48
778421,686730,Carson Spiers,3,4.5,102.0,-120.0,fanduel,draftkings,2025-04-06 14:05:38+00:00,2025-04-06 18:10:00+00:00,2025-04-06,3,4.841768413277849,Carson Spiers,CIN,MIL,0.521950318304812,0.4757785467128028,0.04050405040504046,0.0,0.05433964297572014,-0.12357558355882192,over,0.05433964297572014,False,2.02,-1.0
776874,663554,Casey Mize,4,4.5,-118.0,-105.0,fanduel,fanatics,2025-08-04 18:40:38+00:00,2025-08-04 22:40:00+00:00,2025-08-04,4,4.486834900889806,Casey Mize,DET,MIN,0.46002132907546417,0.513806287170773,0.05347952562094438,0.0,-0.15013008696227803,0.05424407180504609,under,0.05424407180504609,True,1.9523809523809523,0.9523809523809523
778390,676974,Max Meyer,4,5.5,122.0,-150.0,fanduel,fanatics,2025-04-09 13:05:38+00:00,2025-04-09 17:10:00+00:00,2025-04-09,4,4.900841189240025,Max Meyer,MIA,NYM,0.36746641011232706,0.42881646655231564,0.05045045045045038,0.0,-0.18422456955063404,0.05422264981278824,under,0.05422264981278824,True,1.6666666666666665,0.6666666666666665
776403,702070,Noah Cameron,8,4.5,110.0,-120.0,bovada,draftkings,2025-09-09 18:40:39+00:00,2025-09-09 22:40:00+00:00,2025-09-09,8,4.725326363251606,Noah Cameron,KC,CLE,0.5020040866443625,0.4661016949152542,0.02164502164502169,1.0,0.05420858195316125,-0.08700749218133108,over,0.05420858195316125,True,2.1,1.1
776497,543243,Sonny Gray,5,5.5,-186.0,135.0,betrivers,betrivers,2025-09-01 14:15:37+00:00,2025-09-01 18:15:00+00:00,2025-09-01,5,6.061610617746159,Sonny Gray,STL,ATH,0.5514087694685568,0.6044807080625086,0.07588156524326739,0.0,-0.15213490286017617,0.05418939174889159,under,0.05418939174889159,True,2.35,1.35
776897,622491,Luis Castillo,4,5.5,105.0,-112.0,betmgm,fanduel,2025-08-02 16:10:38+00:00,2025-08-02 20:10:00+00:00,2025-08-02,4,5.3634083305139,Luis Castillo,SEA,TEX,0.4431373536229895,0.48007246376811596,0.01610676484123319,0.0,-0.09156842507287155,0.05406143778505568,under,0.05406143778505568,True,1.8928571428571428,0.8928571428571428
778059,593958,Eduardo Rodriguez,10,5.5,120.0,-140.0,draftkings,fanduel,2025-05-04 14:00:37+00:00,2025-05-04 18:05:00+00:00,2025-05-04,10,5.008193995659531,Eduardo Rodriguez,AZ,PHI,0.38515045244933,0.43795620437956206,0.037878787878787845,1.0,-0.15266900461147392,0.05402779580114858,under,0.05402779580114858,False,1.7142857142857144,-1.0
776351,695418,Brad Lord,4,4.5,-124.0,110.0,betrivers,betmgm,2025-09-12 18:40:40+00:00,2025-09-12 22:45:00+00:00,2025-09-12,4,4.70320856013878,Brad Lord,WSH,PIT,0.49817188729891326,0.5375722543352602,0.029761904761904656,0.0,-0.10007659068583408,0.05383903667228229,under,0.05383903667228229,True,2.1,1.1
776545,680730,Mitchell Parker,7,4.5,134.0,-150.0,fanduel,betrivers,2025-08-29 18:45:39+00:00,2025-08-29 22:45:00+00:00,2025-08-29,7,3.9822561186985865,Mitchell Parker,WSH,TB,0.36769748115575307,0.415973377703827,0.027350427350427253,1.0,-0.13958789409553785,0.05383753140707803,under,0.05383753140707803,False,1.6666666666666665,-1.0
776187,690997,Nolan McLean,11,5.5,136.0,-159.0,betonlineag,draftkings,2025-09-25 19:40:41+00:00,2025-09-25 23:40:00+00:00,2025-09-25,11,5.384101817726551,Nolan McLean,NYM,CHC,0.44647407188885135,0.40836276488395556,0.03762842745893602,1.0,0.05367880965768923,-0.09834455735353786,over,0.05367880965768923,True,2.3600000000000003,1.3600000000000003
776961,680573,Simeon Woods Richardson,5,4.5,130.0,-155.0,fanduel,draftkings,2025-07-28 19:35:38+00:00,2025-07-28 23:40:00+00:00,2025-07-28,5,4.4754973993244915,Simeon Woods Richardson,MIN,BOS,0.4579920103146749,0.4170073589533933,0.04262574595055413,1.0,0.0533816237237521,-0.10830943632414258,over,0.0533816237237521,True,2.3,1.2999999999999998
777995,680730,Mitchell Parker,5,3.5,-130.0,115.0,betmgm,betonlineag,2025-05-09 18:40:39+00:00,2025-05-09 22:45:00+00:00,2025-05-09,5,4.215619741388825,Mitchell Parker,WSH,STL,0.5953824413660838,0.5485770363101079,0.030333670374115274,1.0,0.053368934724609796,-0.13007224893708014,over,0.053368934724609796,True,1.7692307692307692,0.7692307692307692
776384,605280,Clay Holmes,5,4.5,120.0,-138.0,bovada,draftkings,2025-09-10 18:45:39+00:00,2025-09-10 22:45:00+00:00,2025-09-10,5,4.098518271850286,Clay Holmes,NYM,PHI,0.38923631490318084,0.43943870014771047,0.03437738731856377,1.0,-0.14368010721300206,0.053346065601760806,under,0.053346065601760806,False,1.7246376811594204,-1.0
777478,701581,David Festa,4,5.5,130.0,-164.0,betrivers,fanduel,2025-06-17 19:10:37+00:00,2025-06-17 23:10:00+00:00,2025-06-17,4,5.4556011507444255,David Festa,MIN,CIN,0.45795608836511004,0.41172800998128506,0.05599472990777343,0.0,0.053299003239752896,-0.12744150809993315,over,0.053299003239752896,False,2.3,-1.0
776225,676282,Joey Cantillo,5,5.5,-112.0,105.0,betonlineag,bovada,2025-09-21 14:10:39+00:00,2025-09-21 18:10:00+00:00,2025-09-21,5,5.634166776997268,Joey Cantillo,CLE,MIN,0.48627086824721133,0.5199275362318841,0.01610676484123319,0.0,-0.0795587136749214,0.05314472009321669,under,0.05314472009321669,True,2.05,1.0499999999999998
777071,571945,Miles Mikolas,3,3.5,115.0,-136.0,fanatics,fanduel,2025-07-20 16:10:38+00:00,2025-07-20 20:10:00+00:00,2025-07-20,3,3.6545241646127775,Miles Mikolas,STL,AZ,0.48978814679345356,0.4466313398940197,0.041387465510445365,0.0,0.05304451560592516,-0.11463237237687518,over,0.05304451560592516,False,2.15,-1.0
778047,645261,Sandy Alcantara,4,4.5,120.0,-120.0,bovada,betrivers,2025-05-05 18:35:38+00:00,2025-05-05 22:40:00+00:00,2025-05-05,4,4.296562944493785,Sandy Alcantara,MIA,LAD,0.4256301035791296,0.45454545454545453,0.0,0.0,-0.06361377212591479,0.05301147677159568,under,0.05301147677159568,True,1.8333333333333335,0.8333333333333335
776547,669923,George Kirby,6,5.5,-120.0,100.0,betonlineag,fanduel,2025-08-29 19:10:39+00:00,2025-08-29 23:10:00+00:00,2025-08-29,6,5.553713079255913,George Kirby,SEA,CLE,0.47358192063069426,0.5217391304347826,0.045454545454545414,1.0,-0.13176647884372716,0.05283615873861147,under,0.05283615873861147,False,2.0,-1.0
778273,693433,Bryan Woo,4,4.5,120.0,-140.0,bovada,fanatics,2025-04-18 19:05:38+00:00,2025-04-18 23:07:00+00:00,2025-04-18,4,4.590803829733602,Bryan Woo,SEA,TOR,0.4784960916277415,0.43795620437956206,0.037878787878787845,0.0,0.05269140158103136,-0.105993299933271,over,0.05269140158103136,False,2.2,-1.0
778433,695549,Jackson Jobe,4,4.5,-110.0,105.0,fanatics,draftkings,2025-04-06 13:35:38+00:00,2025-04-06 17:40:00+00:00,2025-04-06,4,4.6363871677465545,Jackson Jobe,DET,CWS,0.48651443914392656,0.5177956371986223,0.011614401858304202,0.0,-0.07119970708886747,0.05264539975495053,under,0.05264539975495053,True,2.05,1.0499999999999998
777805,641816,Tyler Mahle,3,4.5,-108.0,100.0,betonlineag,draftkings,2025-05-23 19:40:38+00:00,2025-05-23 23:40:00+00:00,2025-05-23,3,4.563703259039576,Tyler Mahle,TEX,CWS,0.47370472055565294,0.509433962264151,0.019230769230769162,0.0,-0.08767979744837207,0.05259055888869413,under,0.05259055888869413,True,2.0,1.0
777956,694738,Landen Roupp,3,4.5,-142.0,117.0,fanduel,betrivers,2025-05-11 14:05:37+00:00,2025-05-11 18:10:00+00:00,2025-05-11,3,4.800591514907537,Landen Roupp,SF,MIN,0.5149418554470837,0.5601119714981642,0.04760635259168988,0.0,-0.12242303508313901,0.05257617367982825,under,0.05257617367982825,True,2.17,1.17
777412,500779,Jose Quintana,1,4.5,140.0,-165.0,betrivers,draftkings,2025-06-21 14:10:37+00:00,2025-06-21 18:10:00+00:00,2025-06-21,1,4.367424436078113,Jose Quintana,MIL,MIN,0.4385165211622405,0.40090771558245086,0.03930817610062887,0.0,0.05243965078937718,-0.09822350368481059,over,0.05243965078937718,False,2.4,-1.0
776156,696149,Bubba Chandler,6,4.5,116.0,-144.0,fanduel,draftkings,2025-09-27 19:10:39+00:00,2025-09-27 23:15:00+00:00,2025-09-27,6,4.640447085650286,Bubba Chandler,PIT,ATL,0.48722605443325934,0.43960795618333814,0.05312689738919252,1.0,0.05240827757584032,-0.13113303667857845,over,0.05240827757584032,True,2.16,1.1600000000000001
776831,608372,Tomoyuki Sugano,4,3.5,-120.0,135.0,draftkings,bovada,2025-08-08 19:05:39+00:00,2025-08-08 23:05:00+00:00,2025-08-08,4,3.9769776889813313,Tomoyuki Sugano,BAL,ATH,0.5522077944788621,0.5617529880478088,-0.029013539651837617,1.0,0.012380956544580712,0.05231168297467392,under,0.05231168297467392,False,2.35,-1.0
777445,592866,Trevor Williams,6,4.5,-126.0,120.0,fanduel,bovada,2025-06-19 13:00:37+00:00,2025-06-19 17:05:00+00:00,2025-06-19,6,5.238486003299929,Trevor Williams,WSH,COL,0.5866795241898608,0.5508744038155803,0.012067578439259874,1.0,0.052298194181813695,-0.09069495321769372,over,0.052298194181813695,True,1.7936507936507935,0.7936507936507935
776647,678394,Brayan Bello,5,4.5,-104.0,-115.0,fanduel,draftkings,2025-08-22 19:05:39+00:00,2025-08-22 23:05:00+00:00,2025-08-22,5,4.92771249081115,Brayan Bello,BOS,NYY,0.5364122132669287,0.48799650807507633,0.044687642498860036,1.0,0.05219318756205249,-0.13329239871643195,over,0.05219318756205249,True,1.9615384615384617,0.9615384615384617
777758,605280,Clay Holmes,3,5.5,122.0,-145.0,fanduel,draftkings,2025-05-26 16:10:37+00:00,2025-05-26 20:10:00+00:00,2025-05-26,3,5.555606023298901,Clay Holmes,NYM,CWS,0.47388180967706967,0.4321749867701534,0.042287185144328054,0.0,0.052017617483094636,-0.11104167841987622,over,0.052017617483094636,False,2.2199999999999998,-1.0
776834,665795,Edward Cabrera,11,5.5,118.0,-127.0,fanduel,betrivers,2025-08-08 19:15:39+00:00,2025-08-08 23:15:00+00:00,2025-08-08,11,5.169591109684803,Edward Cabrera,MIA,ATL,0.4116359648148285,0.45052197038860003,0.018186961969041793,1.0,-0.102633596703674,0.05164280304751134,under,0.05164280304751134,False,1.7874015748031495,-1.0
776678,663623,Jake Irvin,3,3.5,-104.0,-115.0,fanduel,draftkings,2025-08-19 18:45:39+00:00,2025-08-19 22:45:00+00:00,2025-08-19,3,3.891660935369755,Jake Irvin,WSH,NYM,0.5361257040085441,0.48799650807507633,0.044687642498860036,0.0,0.05163118863214433,-0.1327567509724955,over,0.05163118863214433,False,1.9615384615384617,-1.0
776937,687473,Ryan Gusto,5,4.5,-105.0,-105.0,draftkings,betmgm,2025-07-30 14:10:38+00:00,2025-07-30 18:10:00+00:00,2025-07-30,5,4.494617049310253,Ryan Gusto,HOU,WSH,0.4614126623593299,0.5,0.024390243902439046,1.0,-0.09914670682226079,0.051527659203213005,under,0.051527659203213005,False,1.9523809523809523,-1.0
776413,677944,Slade Cecconi,3,3.5,-140.0,116.0,draftkings,betrivers,2025-09-08 18:40:38+00:00,2025-09-08 22:40:00+00:00,2025-09-08,3,4.319756600127885,Slade Cecconi,CLE,KC,0.6133488851767857,0.5575221238938054,0.04629629629629628,0.0,0.05145523173163258,-0.164833591981857,over,0.05145523173163258,False,1.7142857142857144,-1.0
778051,571760,Andrew Heaney,3,3.5,-130.0,120.0,draftkings,fanduel,2025-05-04 13:30:37+00:00,2025-05-04 17:35:00+00:00,2025-05-04,3,4.209379199573728,Andrew Heaney,PIT,SD,0.5942885847929062,0.5542635658914729,0.019762845849802257,0.0,0.051433650018218646,-0.1074348865443937,over,0.051433650018218646,False,1.7692307692307692,-1.0
776561,506433,Yu Darvish,3,4.5,-160.0,120.0,fanduel,fanduel,2025-08-27 16:10:39+00:00,2025-08-27 20:10:00+00:00,2025-08-27,3,4.842948965904669,Yu Darvish,SD,SEA,0.5221505060905535,0.5751633986928104,0.06993006993007,0.0,-0.15150542760285057,0.05126888660078244,under,0.05126888660078244,True,2.2,1.2000000000000002
777467,681343,Shane Smith,2,4.5,125.0,-142.0,draftkings,fanduel,2025-06-17 19:40:37+00:00,2025-06-17 23:40:00+00:00,2025-06-17,2,4.526919976574736,Shane Smith,CWS,STL,0.4671736522475335,0.43098842386464825,0.031221303948576695,0.0,0.051140717556950266,-0.09194382988664163,over,0.051140717556950266,False,2.25,-1.0
776162,608372,Tomoyuki Sugano,3,3.5,-140.0,119.0,fanduel,draftkings,2025-09-27 13:05:40+00:00,2025-09-27 17:05:00+00:00,2025-09-27,3,3.8082100904345118,Tomoyuki Sugano,BAL,NYY,0.5200846178159901,0.5609220636663008,0.03995433789954328,0.0,-0.10842636945830253,0.051014686982981505,under,0.051014686982981505,True,2.19,1.19
777971,682847,Luis Ortiz,9,4.5,-125.0,110.0,bovada,draftkings,2025-05-11 19:05:37+00:00,2025-05-11 23:10:00+00:00,2025-05-11,9,4.7112077742884635,Luis Ortiz,CLE,PHI,0.4995594044340208,0.5384615384615385,0.03174603174603163,1.0,-0.10079307201876253,0.05092525068855647,under,0.05092525068855647,False,2.1,-1.0
776503,605135,Chris Bassitt,6,4.5,-135.0,110.0,draftkings,betmgm,2025-09-01 13:10:38+00:00,2025-09-01 17:10:00+00:00,2025-09-01,6,5.348589507641323,Chris Bassitt,TOR,CIN,0.6036724194044194,0.5467695274831245,0.050658561296859084,1.0,0.050837174518804096,-0.16771208074928068,over,0.050837174518804096,True,1.7407407407407407,0.7407407407407407
777119,592662,Robbie Ray,6,5.5,-125.0,105.0,betonlineag,draftkings,2025-07-13 16:05:38+00:00,2025-07-13 20:05:00+00:00,2025-07-13,6,6.285616430603243,Robbie Ray,SF,LAD,0.5837499832182346,0.5324675324675325,0.04336043360433606,1.0,0.0507499697928222,-0.146687465597381,over,0.0507499697928222,True,1.8,0.8
776189,800048,Parker Messick,7,4.5,-140.0,125.0,fanduel,draftkings,2025-09-25 18:40:39+00:00,2025-09-25 22:40:00+00:00,2025-09-25,7,5.40925510288618,Parker Messick,CLE,DET,0.6128436963629387,0.5675675675675677,0.02777777777777768,1.0,0.05058919376503779,-0.128898316816612,over,0.05058919376503779,True,1.7142857142857144,0.7142857142857144
777695,682243,Bryce Miller,2,4.5,-122.0,115.0,betrivers,draftkings,2025-05-31 19:15:37+00:00,2025-05-31 23:15:00+00:00,2025-05-31,2,4.779734969734476,Bryce Miller,SEA,MIN,0.5113729473736749,0.5416064422878382,0.01466582861931709,0.0,-0.06946889904134568,0.050548163146598935,under,0.050548163146598935,True,2.15,1.15
776612,669432,Trevor Rogers,9,4.5,-125.0,117.0,fanatics,betrivers,2025-08-24 13:35:39+00:00,2025-08-24 17:35:00+00:00,2025-08-24,9,5.218919574695359,Trevor Rogers,BAL,HOU,0.5836135710282856,0.5465994962216625,0.016385048643113187,1.0,0.050504427850914135,-0.09644144913137975,over,0.050504427850914135,True,1.8,0.8
777864,608379,Michael Wacha,6,3.5,-150.0,130.0,draftkings,fanduel,2025-05-18 14:05:37+00:00,2025-05-18 18:10:00+00:00,2025-05-18,6,4.42040972201923,Michael Wacha,KC,STL,0.6301932597979132,0.5798319327731092,0.034782608695652195,1.0,0.05032209966318857,-0.1494444975352004,over,0.05032209966318857,True,1.6666666666666665,0.6666666666666665
776924,657746,Joe Ryan,4,5.5,-115.0,100.0,fanatics,draftkings,2025-08-01 19:05:38+00:00,2025-08-01 23:10:00+00:00,2025-08-01,4,6.132489405760161,Joe Ryan,MIN,CLE,0.561786935883457,0.5168539325842696,0.03488372093023262,0.0,0.05029731491254985,-0.12357387176691392,over,0.05029731491254985,False,1.8695652173913042,-1.0
776287,571510,Matthew Boyd,5,4.5,-145.0,125.0,betmgm,betrivers,2025-09-17 12:35:39+00:00,2025-09-17 16:35:00+00:00,2025-09-17,5,5.4679511101843525,Matthew Boyd,CHC,PIT,0.6215854163161603,0.5711159737417943,0.03628117913832196,1.0,0.050265013775581124,-0.1485671867113606,over,0.050265013775581124,True,1.6896551724137931,0.6896551724137931
778296,605400,Aaron Nola,8,5.5,-150.0,135.0,fanatics,betrivers,2025-04-16 18:40:38+00:00,2025-04-16 22:45:00+00:00,2025-04-16,8,6.073536604857095,Aaron Nola,PHI,SF,0.5531641006287327,0.5850622406639003,0.025531914893617058,1.0,-0.07805983228544566,0.05006436352247823,under,0.05006436352247823,False,2.35,-1.0
776915,669432,Trevor Rogers,8,4.5,120.0,-135.0,fanatics,bovada,2025-08-01 14:20:38+00:00,2025-08-01 18:20:00+00:00,2025-08-01,8,4.139360520522194,Trevor Rogers,BAL,CHC,0.39677867876118283,0.44172932330827064,0.029013539651837617,1.0,-0.12708690672539769,0.05005192956386684,under,0.05005192956386684,False,1.7407407407407407,-1.0
